#include "../pdf-private.h"

static pdf_code_range_map_t code_range_map_KSC_JOHAB_H[] = {
    {1, 0x00, 0x80},
    {2, 0x8441, 0xd3fe},
    {2, 0xd831, 0xdefe},
    {2, 0xe031, 0xf9fe},
};

static pdf_char_range_map_t not_def_range_KSC_JOHAB_H[] = {
    {0x00, 0x1f, 0x1},
};

static pdf_char_range_map_t char_range_map_KSC_JOHAB_H[] = {
    {0x20, 0x7e, 0x1},
    {0x8442, 0x8448, 0x166},
    {0x8449, 0x8451, 0x16e},
    {0x8453, 0x8453, 0x177},
    {0x8454, 0x8458, 0x179},
    {0x8459, 0x845d, 0x17f},
    {0x8461, 0x8461, 0x184},
    {0x8481, 0x8481, 0x185},
    {0x84a1, 0x84a1, 0x186},
    {0x84c1, 0x84c1, 0x187},
    {0x84e1, 0x84e1, 0x188},
    {0x8541, 0x8541, 0x189},
    {0x8561, 0x8561, 0x18a},
    {0x8581, 0x8581, 0x18b},
    {0x85a1, 0x85a1, 0x18c},
    {0x85c1, 0x85c1, 0x18d},
    {0x85e1, 0x85e1, 0x18e},
    {0x8641, 0x8641, 0x18f},
    {0x8661, 0x8661, 0x190},
    {0x8681, 0x8681, 0x191},
    {0x86a1, 0x86a1, 0x192},
    {0x86c1, 0x86c1, 0x193},
    {0x86e1, 0x86e1, 0x194},
    {0x8741, 0x8741, 0x195},
    {0x8761, 0x8761, 0x196},
    {0x8781, 0x8781, 0x197},
    {0x87a1, 0x87a1, 0x198},
    {0x8841, 0x8841, 0x166},
    {0x8861, 0x8862, 0x43e},
    {0x8863, 0x8864, 0x2475},
    {0x8865, 0x8865, 0x440},
    {0x8866, 0x8867, 0x2477},
    {0x8868, 0x886b, 0x441},
    {0x886c, 0x8870, 0x2479},
    {0x8871, 0x8871, 0x445},
    {0x8873, 0x8879, 0x446},
    {0x887a, 0x887a, 0x247e},
    {0x887b, 0x887d, 0x44d},
    {0x8881, 0x8882, 0x450},
    {0x8883, 0x8884, 0x247f},
    {0x8885, 0x8885, 0x452},
    {0x8886, 0x8888, 0x2481},
    {0x8889, 0x8889, 0x453},
    {0x888a, 0x8890, 0x2484},
    {0x8891, 0x8891, 0x454},
    {0x8893, 0x8893, 0x455},
    {0x8894, 0x8894, 0x248b},
    {0x8895, 0x8897, 0x456},
    {0x8898, 0x889d, 0x248c},
    {0x88a1, 0x88a2, 0x459},
    {0x88a3, 0x88a4, 0x2492},
    {0x88a5, 0x88a5, 0x45b},
    {0x88a6, 0x88a8, 0x2494},
    {0x88a9, 0x88a9, 0x45c},
    {0x88aa, 0x88b1, 0x2497},
    {0x88b3, 0x88b4, 0x249f},
    {0x88b5, 0x88b5, 0x45d},
    {0x88b6, 0x88b6, 0x24a1},
    {0x88b7, 0x88b7, 0x45e},
    {0x88b8, 0x88bd, 0x24a2},
    {0x88c1, 0x88c1, 0x45f},
    {0x88c2, 0x88c4, 0x24a8},
    {0x88c5, 0x88c5, 0x460},
    {0x88c6, 0x88c8, 0x24ab},
    {0x88c9, 0x88c9, 0x461},
    {0x88ca, 0x88d1, 0x24ae},
    {0x88d3, 0x88dd, 0x24b6},
    {0x88e1, 0x88e2, 0x462},
    {0x88e3, 0x88e4, 0x24c1},
    {0x88e5, 0x88e5, 0x464},
    {0x88e6, 0x88e7, 0x24c3},
    {0x88e8, 0x88e9, 0x465},
    {0x88ea, 0x88ea, 0x24c5},
    {0x88eb, 0x88eb, 0x467},
    {0x88ec, 0x88f0, 0x24c6},
    {0x88f1, 0x88f1, 0x468},
    {0x88f3, 0x88f3, 0x469},
    {0x88f4, 0x88f4, 0x24cb},
    {0x88f5, 0x88f8, 0x46a},
    {0x88f9, 0x88fa, 0x24cc},
    {0x88fb, 0x88fd, 0x46e},
    {0x8941, 0x8941, 0x471},
    {0x8942, 0x8944, 0x24ce},
    {0x8945, 0x8945, 0x472},
    {0x8946, 0x8948, 0x24d1},
    {0x8949, 0x8949, 0x473},
    {0x894a, 0x8950, 0x24d4},
    {0x8951, 0x8951, 0x474},
    {0x8953, 0x8953, 0x475},
    {0x8954, 0x8954, 0x24db},
    {0x8955, 0x8957, 0x476},
    {0x8958, 0x895d, 0x24dc},
    {0x8961, 0x8963, 0x479},
    {0x8964, 0x8964, 0x24e2},
    {0x8965, 0x8965, 0x47c},
    {0x8966, 0x8967, 0x24e3},
    {0x8968, 0x8969, 0x47d},
    {0x896a, 0x8970, 0x24e5},
    {0x8971, 0x8971, 0x47f},
    {0x8973, 0x8973, 0x480},
    {0x8974, 0x8974, 0x24ec},
    {0x8975, 0x8977, 0x481},
    {0x8978, 0x897a, 0x24ed},
    {0x897b, 0x897b, 0x484},
    {0x897c, 0x897d, 0x24f0},
    {0x8981, 0x8981, 0x485},
    {0x8982, 0x8984, 0x24f2},
    {0x8985, 0x8985, 0x486},
    {0x8986, 0x8988, 0x24f5},
    {0x8989, 0x8989, 0x487},
    {0x898a, 0x8991, 0x24f8},
    {0x8993, 0x8993, 0x488},
    {0x8994, 0x8994, 0x2500},
    {0x8995, 0x8995, 0x489},
    {0x8996, 0x899d, 0x2501},
    {0x89a1, 0x89a2, 0x48a},
    {0x89a3, 0x89a4, 0x2509},
    {0x89a5, 0x89a5, 0x48c},
    {0x89a6, 0x89a7, 0x250b},
    {0x89a8, 0x89a9, 0x48d},
    {0x89aa, 0x89aa, 0x250d},
    {0x89ab, 0x89ab, 0x48f},
    {0x89ac, 0x89ac, 0x250e},
    {0x89ad, 0x89ad, 0x490},
    {0x89ae, 0x89af, 0x250f},
    {0x89b0, 0x89b1, 0x491},
    {0x89b3, 0x89b3, 0x493},
    {0x89b4, 0x89b4, 0x2511},
    {0x89b5, 0x89b5, 0x494},
    {0x89b6, 0x89b6, 0x2512},
    {0x89b7, 0x89b8, 0x495},
    {0x89b9, 0x89bd, 0x2513},
    {0x89c1, 0x89c2, 0x497},
    {0x89c3, 0x89c4, 0x2518},
    {0x89c5, 0x89c5, 0x499},
    {0x89c6, 0x89c8, 0x251a},
    {0x89c9, 0x89c9, 0x49a},
    {0x89ca, 0x89ca, 0x251d},
    {0x89cb, 0x89cb, 0x49b},
    {0x89cc, 0x89d0, 0x251e},
    {0x89d1, 0x89d1, 0x49c},
    {0x89d3, 0x89d3, 0x49d},
    {0x89d4, 0x89d4, 0x2523},
    {0x89d5, 0x89d5, 0x49e},
    {0x89d6, 0x89d6, 0x2524},
    {0x89d7, 0x89d7, 0x49f},
    {0x89d8, 0x89dd, 0x2525},
    {0x89e1, 0x89e1, 0x4a0},
    {0x89e2, 0x89e4, 0x252b},
    {0x89e5, 0x89e5, 0x4a1},
    {0x89e6, 0x89e8, 0x252e},
    {0x89e9, 0x89e9, 0x4a2},
    {0x89ea, 0x89f1, 0x2531},
    {0x89f3, 0x89f3, 0x4a3},
    {0x89f4, 0x89f5, 0x2539},
    {0x89f6, 0x89f7, 0x4a4},
    {0x89f8, 0x89fd, 0x253b},
    {0x8a41, 0x8a42, 0x4a6},
    {0x8a43, 0x8a44, 0x2541},
    {0x8a45, 0x8a45, 0x4a8},
    {0x8a46, 0x8a48, 0x2543},
    {0x8a49, 0x8a49, 0x4a9},
    {0x8a4a, 0x8a50, 0x2546},
    {0x8a51, 0x8a51, 0x4aa},
    {0x8a53, 0x8a53, 0x4ab},
    {0x8a54, 0x8a54, 0x254d},
    {0x8a55, 0x8a55, 0x4ac},
    {0x8a56, 0x8a56, 0x254e},
    {0x8a57, 0x8a57, 0x4ad},
    {0x8a58, 0x8a5d, 0x254f},
    {0x8a61, 0x8a61, 0x4ae},
    {0x8a62, 0x8a64, 0x2555},
    {0x8a65, 0x8a65, 0x4af},
    {0x8a66, 0x8a68, 0x2558},
    {0x8a69, 0x8a69, 0x4b0},
    {0x8a6a, 0x8a71, 0x255b},
    {0x8a73, 0x8a73, 0x4b1},
    {0x8a74, 0x8a74, 0x2563},
    {0x8a75, 0x8a75, 0x4b2},
    {0x8a76, 0x8a7d, 0x2564},
    {0x8a81, 0x8a82, 0x4b3},
    {0x8a83, 0x8a84, 0x256c},
    {0x8a85, 0x8a85, 0x4b5},
    {0x8a86, 0x8a87, 0x256e},
    {0x8a88, 0x8a8b, 0x4b6},
    {0x8a8c, 0x8a8f, 0x2570},
    {0x8a90, 0x8a91, 0x4ba},
    {0x8a93, 0x8a93, 0x4bc},
    {0x8a94, 0x8a94, 0x2574},
    {0x8a95, 0x8a95, 0x4bd},
    {0x8a96, 0x8a96, 0x2575},
    {0x8a97, 0x8a98, 0x4be},
    {0x8a99, 0x8a9d, 0x2576},
    {0x8aa1, 0x8aa2, 0x4c0},
    {0x8aa3, 0x8aa4, 0x257b},
    {0x8aa5, 0x8aa5, 0x4c2},
    {0x8aa6, 0x8aa8, 0x257d},
    {0x8aa9, 0x8aa9, 0x4c3},
    {0x8aaa, 0x8ab1, 0x2580},
    {0x8ab3, 0x8ab5, 0x2588},
    {0x8ab6, 0x8ab7, 0x4c4},
    {0x8ab8, 0x8abd, 0x258b},
    {0x8ac1, 0x8ac1, 0x4c6},
    {0x8ac2, 0x8ad1, 0x2591},
    {0x8ad3, 0x8ad4, 0x25a1},
    {0x8ad5, 0x8ad5, 0x4c7},
    {0x8ad6, 0x8add, 0x25a3},
    {0x8ae1, 0x8ae2, 0x4c8},
    {0x8ae3, 0x8ae4, 0x25ab},
    {0x8ae5, 0x8ae5, 0x4ca},
    {0x8ae6, 0x8ae8, 0x25ad},
    {0x8ae9, 0x8ae9, 0x4cb},
    {0x8aea, 0x8af0, 0x25b0},
    {0x8af1, 0x8af1, 0x4cc},
    {0x8af3, 0x8af3, 0x4cd},
    {0x8af4, 0x8af4, 0x25b7},
    {0x8af5, 0x8af5, 0x4ce},
    {0x8af6, 0x8afd, 0x25b8},
    {0x8b41, 0x8b41, 0x4cf},
    {0x8b42, 0x8b44, 0x25c0},
    {0x8b45, 0x8b45, 0x4d0},
    {0x8b46, 0x8b48, 0x25c3},
    {0x8b49, 0x8b49, 0x4d1},
    {0x8b4a, 0x8b51, 0x25c6},
    {0x8b53, 0x8b5d, 0x25ce},
    {0x8b61, 0x8b62, 0x4d2},
    {0x8b63, 0x8b64, 0x25d9},
    {0x8b65, 0x8b65, 0x4d4},
    {0x8b66, 0x8b67, 0x25db},
    {0x8b68, 0x8b6a, 0x4d5},
    {0x8b6b, 0x8b70, 0x25dd},
    {0x8b71, 0x8b71, 0x4d8},
    {0x8b73, 0x8b73, 0x4d9},
    {0x8b74, 0x8b74, 0x25e3},
    {0x8b75, 0x8b75, 0x4da},
    {0x8b76, 0x8b76, 0x25e4},
    {0x8b77, 0x8b77, 0x4db},
    {0x8b78, 0x8b7d, 0x25e5},
    {0x8b81, 0x8b81, 0x4dc},
    {0x8b82, 0x8b91, 0x25eb},
    {0x8b93, 0x8b9d, 0x25fb},
    {0x8ba1, 0x8ba2, 0x4dd},
    {0x8ba3, 0x8ba4, 0x2606},
    {0x8ba5, 0x8ba5, 0x4df},
    {0x8ba6, 0x8ba7, 0x2608},
    {0x8ba8, 0x8ba9, 0x4e0},
    {0x8baa, 0x8baa, 0x260a},
    {0x8bab, 0x8bab, 0x4e2},
    {0x8bac, 0x8bb0, 0x260b},
    {0x8bb1, 0x8bb1, 0x4e3},
    {0x8bb3, 0x8bb3, 0x4e4},
    {0x8bb4, 0x8bb4, 0x2610},
    {0x8bb5, 0x8bb5, 0x4e5},
    {0x8bb6, 0x8bb6, 0x2611},
    {0x8bb7, 0x8bb8, 0x4e6},
    {0x8bb9, 0x8bbb, 0x2612},
    {0x8bbc, 0x8bbc, 0x4e8},
    {0x8bbd, 0x8bbd, 0x2615},
    {0x8c41, 0x8c41, 0x167},
    {0x8c61, 0x8c63, 0x4e9},
    {0x8c64, 0x8c64, 0x2616},
    {0x8c65, 0x8c65, 0x4ec},
    {0x8c66, 0x8c68, 0x2617},
    {0x8c69, 0x8c69, 0x4ed},
    {0x8c6a, 0x8c6a, 0x261a},
    {0x8c6b, 0x8c6b, 0x4ee},
    {0x8c6c, 0x8c70, 0x261b},
    {0x8c71, 0x8c71, 0x4ef},
    {0x8c73, 0x8c73, 0x4f0},
    {0x8c74, 0x8c74, 0x2620},
    {0x8c75, 0x8c77, 0x4f1},
    {0x8c78, 0x8c7a, 0x2621},
    {0x8c7b, 0x8c7b, 0x4f4},
    {0x8c7c, 0x8c7d, 0x2624},
    {0x8c81, 0x8c82, 0x4f5},
    {0x8c83, 0x8c84, 0x2626},
    {0x8c85, 0x8c85, 0x4f7},
    {0x8c86, 0x8c88, 0x2628},
    {0x8c89, 0x8c89, 0x4f8},
    {0x8c8a, 0x8c90, 0x262b},
    {0x8c91, 0x8c91, 0x4f9},
    {0x8c93, 0x8c93, 0x4fa},
    {0x8c94, 0x8c94, 0x2632},
    {0x8c95, 0x8c97, 0x4fb},
    {0x8c98, 0x8c9d, 0x2633},
    {0x8ca1, 0x8ca2, 0x4fe},
    {0x8ca3, 0x8ca8, 0x2639},
    {0x8ca9, 0x8ca9, 0x500},
    {0x8caa, 0x8cb1, 0x263f},
    {0x8cb3, 0x8cbd, 0x2647},
    {0x8cc1, 0x8cd1, 0x2652},
    {0x8cd3, 0x8cdd, 0x2663},
    {0x8ce1, 0x8ce3, 0x501},
    {0x8ce4, 0x8ce4, 0x266e},
    {0x8ce5, 0x8ce5, 0x504},
    {0x8ce6, 0x8ce8, 0x266f},
    {0x8ce9, 0x8ce9, 0x505},
    {0x8cea, 0x8cf0, 0x2672},
    {0x8cf1, 0x8cf1, 0x506},
    {0x8cf3, 0x8cf3, 0x507},
    {0x8cf4, 0x8cf4, 0x2679},
    {0x8cf5, 0x8cf7, 0x508},
    {0x8cf8, 0x8cfd, 0x267a},
    {0x8d41, 0x8d42, 0x50b},
    {0x8d43, 0x8d44, 0x2680},
    {0x8d45, 0x8d45, 0x50d},
    {0x8d46, 0x8d50, 0x2682},
    {0x8d51, 0x8d51, 0x50e},
    {0x8d53, 0x8d54, 0x268d},
    {0x8d55, 0x8d55, 0x50f},
    {0x8d56, 0x8d56, 0x268f},
    {0x8d57, 0x8d57, 0x510},
    {0x8d58, 0x8d5d, 0x2690},
    {0x8d61, 0x8d61, 0x511},
    {0x8d62, 0x8d64, 0x2696},
    {0x8d65, 0x8d65, 0x512},
    {0x8d66, 0x8d68, 0x2699},
    {0x8d69, 0x8d69, 0x513},
    {0x8d6a, 0x8d71, 0x269c},
    {0x8d73, 0x8d74, 0x26a4},
    {0x8d75, 0x8d76, 0x514},
    {0x8d77, 0x8d7a, 0x26a6},
    {0x8d7b, 0x8d7b, 0x516},
    {0x8d7c, 0x8d7d, 0x26aa},
    {0x8d81, 0x8d81, 0x517},
    {0x8d82, 0x8d91, 0x26ac},
    {0x8d93, 0x8d9d, 0x26bc},
    {0x8da1, 0x8da2, 0x518},
    {0x8da3, 0x8da4, 0x26c7},
    {0x8da5, 0x8da5, 0x51a},
    {0x8da6, 0x8da6, 0x26c9},
    {0x8da7, 0x8da7, 0x51b},
    {0x8da8, 0x8da8, 0x26ca},
    {0x8da9, 0x8da9, 0x51c},
    {0x8daa, 0x8db0, 0x26cb},
    {0x8db1, 0x8db1, 0x51d},
    {0x8db3, 0x8db3, 0x51e},
    {0x8db4, 0x8db4, 0x26d2},
    {0x8db5, 0x8db5, 0x51f},
    {0x8db6, 0x8db6, 0x26d3},
    {0x8db7, 0x8db9, 0x520},
    {0x8dba, 0x8dbd, 0x26d4},
    {0x8dc1, 0x8dc2, 0x523},
    {0x8dc3, 0x8dc8, 0x26d8},
    {0x8dc9, 0x8dc9, 0x525},
    {0x8dca, 0x8dd1, 0x26de},
    {0x8dd3, 0x8dd5, 0x26e6},
    {0x8dd6, 0x8dd7, 0x526},
    {0x8dd8, 0x8ddd, 0x26e9},
    {0x8de1, 0x8de2, 0x528},
    {0x8de3, 0x8df1, 0x26ef},
    {0x8df3, 0x8df6, 0x26fe},
    {0x8df7, 0x8df7, 0x52a},
    {0x8df8, 0x8dfd, 0x2702},
    {0x8e41, 0x8e41, 0x52b},
    {0x8e42, 0x8e44, 0x2708},
    {0x8e45, 0x8e45, 0x52c},
    {0x8e46, 0x8e48, 0x270b},
    {0x8e49, 0x8e49, 0x52d},
    {0x8e4a, 0x8e50, 0x270e},
    {0x8e51, 0x8e51, 0x52e},
    {0x8e53, 0x8e53, 0x52f},
    {0x8e54, 0x8e56, 0x2715},
    {0x8e57, 0x8e57, 0x530},
    {0x8e58, 0x8e5d, 0x2718},
    {0x8e61, 0x8e61, 0x531},
    {0x8e62, 0x8e71, 0x271e},
    {0x8e73, 0x8e7d, 0x272e},
    {0x8e81, 0x8e82, 0x532},
    {0x8e83, 0x8e84, 0x2739},
    {0x8e85, 0x8e85, 0x534},
    {0x8e86, 0x8e88, 0x273b},
    {0x8e89, 0x8e89, 0x535},
    {0x8e8a, 0x8e8f, 0x273e},
    {0x8e90, 0x8e91, 0x536},
    {0x8e93, 0x8e93, 0x538},
    {0x8e94, 0x8e94, 0x2744},
    {0x8e95, 0x8e95, 0x539},
    {0x8e96, 0x8e96, 0x2745},
    {0x8e97, 0x8e98, 0x53a},
    {0x8e99, 0x8e9d, 0x2746},
    {0x8ea1, 0x8ea1, 0x53c},
    {0x8ea2, 0x8ea8, 0x274b},
    {0x8ea9, 0x8ea9, 0x53d},
    {0x8eaa, 0x8eb1, 0x2752},
    {0x8eb3, 0x8eb5, 0x275a},
    {0x8eb6, 0x8eb7, 0x53e},
    {0x8eb8, 0x8ebd, 0x275d},
    {0x8ec1, 0x8ec2, 0x540},
    {0x8ec3, 0x8ec4, 0x2763},
    {0x8ec5, 0x8ec5, 0x542},
    {0x8ec6, 0x8ec8, 0x2765},
    {0x8ec9, 0x8ec9, 0x543},
    {0x8eca, 0x8ed0, 0x2768},
    {0x8ed1, 0x8ed1, 0x544},
    {0x8ed3, 0x8ed3, 0x545},
    {0x8ed4, 0x8ed5, 0x276f},
    {0x8ed6, 0x8ed6, 0x546},
    {0x8ed7, 0x8edd, 0x2771},
    {0x8ee1, 0x8ee1, 0x547},
    {0x8ee2, 0x8ee4, 0x2778},
    {0x8ee5, 0x8ee5, 0x548},
    {0x8ee6, 0x8ee8, 0x277b},
    {0x8ee9, 0x8ee9, 0x549},
    {0x8eea, 0x8ef0, 0x277e},
    {0x8ef1, 0x8ef1, 0x54a},
    {0x8ef3, 0x8ef3, 0x54b},
    {0x8ef4, 0x8efd, 0x2785},
    {0x8f41, 0x8f41, 0x54c},
    {0x8f42, 0x8f51, 0x278f},
    {0x8f53, 0x8f5d, 0x279f},
    {0x8f61, 0x8f62, 0x54d},
    {0x8f63, 0x8f64, 0x27aa},
    {0x8f65, 0x8f65, 0x54f},
    {0x8f66, 0x8f66, 0x27ac},
    {0x8f67, 0x8f67, 0x550},
    {0x8f68, 0x8f68, 0x27ad},
    {0x8f69, 0x8f69, 0x551},
    {0x8f6a, 0x8f6a, 0x27ae},
    {0x8f6b, 0x8f6b, 0x552},
    {0x8f6c, 0x8f6f, 0x27af},
    {0x8f70, 0x8f71, 0x553},
    {0x8f73, 0x8f73, 0x555},
    {0x8f74, 0x8f74, 0x27b3},
    {0x8f75, 0x8f75, 0x556},
    {0x8f76, 0x8f76, 0x27b4},
    {0x8f77, 0x8f77, 0x557},
    {0x8f78, 0x8f7a, 0x27b5},
    {0x8f7b, 0x8f7b, 0x558},
    {0x8f7c, 0x8f7d, 0x27b8},
    {0x8f81, 0x8f91, 0x27ba},
    {0x8f93, 0x8f9d, 0x27cb},
    {0x8fa1, 0x8fa2, 0x559},
    {0x8fa3, 0x8fa4, 0x27d6},
    {0x8fa5, 0x8fa5, 0x55b},
    {0x8fa6, 0x8fa8, 0x27d8},
    {0x8fa9, 0x8fa9, 0x55c},
    {0x8faa, 0x8fb0, 0x27db},
    {0x8fb1, 0x8fb1, 0x55d},
    {0x8fb3, 0x8fb3, 0x55e},
    {0x8fb4, 0x8fb4, 0x27e2},
    {0x8fb5, 0x8fb5, 0x55f},
    {0x8fb6, 0x8fb6, 0x27e3},
    {0x8fb7, 0x8fb7, 0x560},
    {0x8fb8, 0x8fbd, 0x27e4},
    {0x9041, 0x9041, 0x169},
    {0x9061, 0x9063, 0x561},
    {0x9064, 0x9064, 0x27ea},
    {0x9065, 0x9065, 0x564},
    {0x9066, 0x9067, 0x27eb},
    {0x9068, 0x906b, 0x565},
    {0x906c, 0x9070, 0x27ed},
    {0x9071, 0x9071, 0x569},
    {0x9073, 0x9073, 0x56a},
    {0x9074, 0x9074, 0x27f2},
    {0x9075, 0x9079, 0x56b},
    {0x907a, 0x907a, 0x27f3},
    {0x907b, 0x907b, 0x570},
    {0x907c, 0x907c, 0x27f4},
    {0x907d, 0x907d, 0x571},
    {0x9081, 0x9082, 0x572},
    {0x9083, 0x9084, 0x27f5},
    {0x9085, 0x9085, 0x574},
    {0x9086, 0x9088, 0x27f7},
    {0x9089, 0x9089, 0x575},
    {0x908a, 0x9090, 0x27fa},
    {0x9091, 0x9091, 0x576},
    {0x9093, 0x9093, 0x577},
    {0x9094, 0x9094, 0x2801},
    {0x9095, 0x9097, 0x578},
    {0x9098, 0x909d, 0x2802},
    {0x90a1, 0x90a2, 0x57b},
    {0x90a3, 0x90a4, 0x2808},
    {0x90a5, 0x90a5, 0x57d},
    {0x90a6, 0x90a8, 0x280a},
    {0x90a9, 0x90a9, 0x57e},
    {0x90aa, 0x90b0, 0x280d},
    {0x90b1, 0x90b1, 0x57f},
    {0x90b3, 0x90b6, 0x2814},
    {0x90b7, 0x90b7, 0x580},
    {0x90b8, 0x90bd, 0x2818},
    {0x90c1, 0x90d1, 0x281e},
    {0x90d3, 0x90dd, 0x282f},
    {0x90e1, 0x90e2, 0x581},
    {0x90e3, 0x90e3, 0x283a},
    {0x90e4, 0x90e5, 0x583},
    {0x90e6, 0x90e8, 0x283b},
    {0x90e9, 0x90e9, 0x585},
    {0x90ea, 0x90ea, 0x283e},
    {0x90eb, 0x90ec, 0x586},
    {0x90ed, 0x90f0, 0x283f},
    {0x90f1, 0x90f1, 0x588},
    {0x90f3, 0x90f3, 0x589},
    {0x90f4, 0x90f4, 0x2843},
    {0x90f5, 0x90f7, 0x58a},
    {0x90f8, 0x90fc, 0x2844},
    {0x90fd, 0x90fd, 0x58d},
    {0x9141, 0x9142, 0x58e},
    {0x9143, 0x9144, 0x2849},
    {0x9145, 0x9145, 0x590},
    {0x9146, 0x9148, 0x284b},
    {0x9149, 0x9149, 0x591},
    {0x914a, 0x9150, 0x284e},
    {0x9151, 0x9151, 0x592},
    {0x9153, 0x9153, 0x593},
    {0x9154, 0x9154, 0x2855},
    {0x9155, 0x9157, 0x594},
    {0x9158, 0x915d, 0x2856},
    {0x9161, 0x9162, 0x597},
    {0x9163, 0x9164, 0x285c},
    {0x9165, 0x9165, 0x599},
    {0x9166, 0x9168, 0x285e},
    {0x9169, 0x9169, 0x59a},
    {0x916a, 0x9170, 0x2861},
    {0x9171, 0x9171, 0x59b},
    {0x9173, 0x9173, 0x59c},
    {0x9174, 0x9175, 0x2868},
    {0x9176, 0x9177, 0x59d},
    {0x9178, 0x9179, 0x286a},
    {0x917a, 0x917a, 0x59f},
    {0x917b, 0x917d, 0x286c},
    {0x9181, 0x9181, 0x5a0},
    {0x9182, 0x9184, 0x286f},
    {0x9185, 0x9185, 0x5a1},
    {0x9186, 0x9191, 0x2872},
    {0x9193, 0x919d, 0x287e},
    {0x91a1, 0x91a2, 0x5a2},
    {0x91a3, 0x91a4, 0x2889},
    {0x91a5, 0x91a5, 0x5a4},
    {0x91a6, 0x91a8, 0x288b},
    {0x91a9, 0x91a9, 0x5a5},
    {0x91aa, 0x91aa, 0x288e},
    {0x91ab, 0x91ab, 0x5a6},
    {0x91ac, 0x91b0, 0x288f},
    {0x91b1, 0x91b1, 0x5a7},
    {0x91b3, 0x91b3, 0x5a8},
    {0x91b4, 0x91b4, 0x2894},
    {0x91b5, 0x91b5, 0x5a9},
    {0x91b6, 0x91b6, 0x2895},
    {0x91b7, 0x91b7, 0x5aa},
    {0x91b8, 0x91bb, 0x2896},
    {0x91bc, 0x91bd, 0x5ab},
    {0x91c1, 0x91c1, 0x5ad},
    {0x91c2, 0x91c4, 0x289a},
    {0x91c5, 0x91c5, 0x5ae},
    {0x91c6, 0x91c8, 0x289d},
    {0x91c9, 0x91c9, 0x5af},
    {0x91ca, 0x91d1, 0x28a0},
    {0x91d3, 0x91d5, 0x28a8},
    {0x91d6, 0x91d6, 0x5b0},
    {0x91d7, 0x91dd, 0x28ab},
    {0x91e1, 0x91f1, 0x28b2},
    {0x91f3, 0x91fd, 0x28c3},
    {0x9241, 0x9241, 0x5b1},
    {0x9242, 0x9244, 0x28ce},
    {0x9245, 0x9245, 0x5b2},
    {0x9246, 0x9248, 0x28d1},
    {0x9249, 0x9249, 0x5b3},
    {0x924a, 0x9250, 0x28d4},
    {0x9251, 0x9251, 0x5b4},
    {0x9253, 0x9253, 0x5b5},
    {0x9254, 0x9254, 0x28db},
    {0x9255, 0x9255, 0x5b6},
    {0x9256, 0x925d, 0x28dc},
    {0x9261, 0x9262, 0x5b7},
    {0x9263, 0x9264, 0x28e4},
    {0x9265, 0x9265, 0x5b9},
    {0x9266, 0x9268, 0x28e6},
    {0x9269, 0x9269, 0x5ba},
    {0x926a, 0x9271, 0x28e9},
    {0x9273, 0x9273, 0x5bb},
    {0x9274, 0x9274, 0x28f1},
    {0x9275, 0x9275, 0x5bc},
    {0x9276, 0x9276, 0x28f2},
    {0x9277, 0x9277, 0x5bd},
    {0x9278, 0x927d, 0x28f3},
    {0x9281, 0x9282, 0x5be},
    {0x9283, 0x9284, 0x28f9},
    {0x9285, 0x9285, 0x5c0},
    {0x9286, 0x9287, 0x28fb},
    {0x9288, 0x9289, 0x5c1},
    {0x928a, 0x9290, 0x28fd},
    {0x9291, 0x9291, 0x5c3},
    {0x9293, 0x9293, 0x5c4},
    {0x9294, 0x9294, 0x2904},
    {0x9295, 0x9295, 0x5c5},
    {0x9296, 0x9296, 0x2905},
    {0x9297, 0x9297, 0x5c6},
    {0x9298, 0x929d, 0x2906},
    {0x92a1, 0x92a1, 0x5c7},
    {0x92a2, 0x92b1, 0x290c},
    {0x92b3, 0x92b5, 0x291c},
    {0x92b6, 0x92b6, 0x5c8},
    {0x92b7, 0x92bd, 0x291f},
    {0x92c1, 0x92c1, 0x5c9},
    {0x92c2, 0x92d1, 0x2926},
    {0x92d3, 0x92dd, 0x2936},
    {0x92e1, 0x92e1, 0x5ca},
    {0x92e2, 0x92e4, 0x2941},
    {0x92e5, 0x92e5, 0x5cb},
    {0x92e6, 0x92e8, 0x2944},
    {0x92e9, 0x92e9, 0x5cc},
    {0x92ea, 0x92f0, 0x2947},
    {0x92f1, 0x92f1, 0x5cd},
    {0x92f3, 0x92f3, 0x5ce},
    {0x92f4, 0x92fd, 0x294e},
    {0x9341, 0x9342, 0x5cf},
    {0x9343, 0x9348, 0x2958},
    {0x9349, 0x9349, 0x5d1},
    {0x934a, 0x9350, 0x295e},
    {0x9351, 0x9351, 0x5d2},
    {0x9353, 0x9353, 0x5d3},
    {0x9354, 0x9356, 0x2965},
    {0x9357, 0x9357, 0x5d4},
    {0x9358, 0x935d, 0x2968},
    {0x9361, 0x9362, 0x5d5},
    {0x9363, 0x9364, 0x296e},
    {0x9365, 0x9365, 0x5d7},
    {0x9366, 0x9368, 0x2970},
    {0x9369, 0x936b, 0x5d8},
    {0x936c, 0x9370, 0x2973},
    {0x9371, 0x9371, 0x5db},
    {0x9373, 0x9373, 0x5dc},
    {0x9374, 0x9374, 0x2978},
    {0x9375, 0x9375, 0x5dd},
    {0x9376, 0x9376, 0x2979},
    {0x9377, 0x9378, 0x5de},
    {0x9379, 0x937b, 0x297a},
    {0x937c, 0x937c, 0x5e0},
    {0x937d, 0x937d, 0x297d},
    {0x9381, 0x9381, 0x5e1},
    {0x9382, 0x9384, 0x297e},
    {0x9385, 0x9385, 0x5e2},
    {0x9386, 0x9388, 0x2981},
    {0x9389, 0x9389, 0x5e3},
    {0x938a, 0x9391, 0x2984},
    {0x9393, 0x939d, 0x298c},
    {0x93a1, 0x93a2, 0x5e4},
    {0x93a3, 0x93a4, 0x2997},
    {0x93a5, 0x93a5, 0x5e6},
    {0x93a6, 0x93a8, 0x2999},
    {0x93a9, 0x93a9, 0x5e7},
    {0x93aa, 0x93aa, 0x299c},
    {0x93ab, 0x93ab, 0x5e8},
    {0x93ac, 0x93b0, 0x299d},
    {0x93b1, 0x93b1, 0x5e9},
    {0x93b3, 0x93b3, 0x5ea},
    {0x93b4, 0x93b4, 0x29a2},
    {0x93b5, 0x93b5, 0x5eb},
    {0x93b6, 0x93b6, 0x29a3},
    {0x93b7, 0x93b7, 0x5ec},
    {0x93b8, 0x93bb, 0x29a4},
    {0x93bc, 0x93bc, 0x5ed},
    {0x93bd, 0x93bd, 0x29a8},
    {0x9441, 0x9441, 0x16c},
    {0x9461, 0x9463, 0x5ee},
    {0x9464, 0x9464, 0x29a9},
    {0x9465, 0x9465, 0x5f1},
    {0x9466, 0x9467, 0x29aa},
    {0x9468, 0x946c, 0x5f2},
    {0x946d, 0x946f, 0x29ac},
    {0x9470, 0x9471, 0x5f7},
    {0x9473, 0x9473, 0x5f9},
    {0x9474, 0x9474, 0x29af},
    {0x9475, 0x9479, 0x5fa},
    {0x947a, 0x947c, 0x29b0},
    {0x947d, 0x947d, 0x5ff},
    {0x9481, 0x9482, 0x600},
    {0x9483, 0x9484, 0x29b3},
    {0x9485, 0x9485, 0x602},
    {0x9486, 0x9488, 0x29b5},
    {0x9489, 0x9489, 0x603},
    {0x948a, 0x9490, 0x29b8},
    {0x9491, 0x9491, 0x604},
    {0x9493, 0x9493, 0x605},
    {0x9494, 0x9494, 0x29bf},
    {0x9495, 0x9497, 0x606},
    {0x9498, 0x949d, 0x29c0},
    {0x94a1, 0x94a1, 0x609},
    {0x94a2, 0x94b1, 0x29c6},
    {0x94b3, 0x94bd, 0x29d6},
    {0x94c1, 0x94d1, 0x29e1},
    {0x94d3, 0x94dd, 0x29f2},
    {0x94e1, 0x94e3, 0x60a},
    {0x94e4, 0x94e4, 0x29fd},
    {0x94e5, 0x94e5, 0x60d},
    {0x94e6, 0x94e7, 0x29fe},
    {0x94e8, 0x94e9, 0x60e},
    {0x94ea, 0x94ea, 0x2a00},
    {0x94eb, 0x94ec, 0x610},
    {0x94ed, 0x94f0, 0x2a01},
    {0x94f1, 0x94f1, 0x612},
    {0x94f3, 0x94f3, 0x613},
    {0x94f4, 0x94f4, 0x2a05},
    {0x94f5, 0x94f5, 0x614},
    {0x94f6, 0x94f6, 0x2a06},
    {0x94f7, 0x94f7, 0x615},
    {0x94f8, 0x94f8, 0x2a07},
    {0x94f9, 0x94f9, 0x616},
    {0x94fa, 0x94fb, 0x2a08},
    {0x94fc, 0x94fc, 0x617},
    {0x94fd, 0x94fd, 0x2a0a},
    {0x9541, 0x9542, 0x618},
    {0x9543, 0x9544, 0x2a0b},
    {0x9545, 0x9545, 0x61a},
    {0x9546, 0x9548, 0x2a0d},
    {0x9549, 0x9549, 0x61b},
    {0x954a, 0x9550, 0x2a10},
    {0x9551, 0x9551, 0x61c},
    {0x9553, 0x9553, 0x61d},
    {0x9554, 0x9554, 0x2a17},
    {0x9555, 0x9557, 0x61e},
    {0x9558, 0x955d, 0x2a18},
    {0x9561, 0x9561, 0x621},
    {0x9562, 0x9564, 0x2a1e},
    {0x9565, 0x9565, 0x622},
    {0x9566, 0x9568, 0x2a21},
    {0x9569, 0x9569, 0x623},
    {0x956a, 0x9571, 0x2a24},
    {0x9573, 0x9575, 0x2a2c},
    {0x9576, 0x9577, 0x624},
    {0x9578, 0x957d, 0x2a2f},
    {0x9581, 0x9581, 0x626},
    {0x9582, 0x9584, 0x2a35},
    {0x9585, 0x9585, 0x627},
    {0x9586, 0x9591, 0x2a38},
    {0x9593, 0x959d, 0x2a44},
    {0x95a1, 0x95a2, 0x628},
    {0x95a3, 0x95a4, 0x2a4f},
    {0x95a5, 0x95a5, 0x62a},
    {0x95a6, 0x95a7, 0x2a51},
    {0x95a8, 0x95a9, 0x62b},
    {0x95aa, 0x95aa, 0x2a53},
    {0x95ab, 0x95ab, 0x62d},
    {0x95ac, 0x95ac, 0x2a54},
    {0x95ad, 0x95ad, 0x62e},
    {0x95ae, 0x95b0, 0x2a55},
    {0x95b1, 0x95b1, 0x62f},
    {0x95b3, 0x95b3, 0x630},
    {0x95b4, 0x95b4, 0x2a58},
    {0x95b5, 0x95b5, 0x631},
    {0x95b6, 0x95b6, 0x2a59},
    {0x95b7, 0x95b7, 0x632},
    {0x95b8, 0x95b8, 0x2a5a},
    {0x95b9, 0x95b9, 0x633},
    {0x95ba, 0x95ba, 0x2a5b},
    {0x95bb, 0x95bb, 0x634},
    {0x95bc, 0x95bd, 0x2a5c},
    {0x95c1, 0x95c1, 0x635},
    {0x95c2, 0x95c4, 0x2a5e},
    {0x95c5, 0x95c5, 0x636},
    {0x95c6, 0x95c8, 0x2a61},
    {0x95c9, 0x95c9, 0x637},
    {0x95ca, 0x95d1, 0x2a64},
    {0x95d3, 0x95dd, 0x2a6c},
    {0x95e1, 0x95e1, 0x638},
    {0x95e2, 0x95f1, 0x2a77},
    {0x95f3, 0x95f5, 0x2a87},
    {0x95f6, 0x95f6, 0x639},
    {0x95f7, 0x95fd, 0x2a8a},
    {0x9641, 0x9641, 0x63a},
    {0x9642, 0x9644, 0x2a91},
    {0x9645, 0x9645, 0x63b},
    {0x9646, 0x9648, 0x2a94},
    {0x9649, 0x9649, 0x63c},
    {0x964a, 0x9650, 0x2a97},
    {0x9651, 0x9651, 0x63d},
    {0x9653, 0x9653, 0x63e},
    {0x9654, 0x9654, 0x2a9e},
    {0x9655, 0x9655, 0x63f},
    {0x9656, 0x965d, 0x2a9f},
    {0x9661, 0x9661, 0x640},
    {0x9662, 0x9671, 0x2aa7},
    {0x9673, 0x967d, 0x2ab7},
    {0x9681, 0x9682, 0x641},
    {0x9683, 0x9684, 0x2ac2},
    {0x9685, 0x9685, 0x643},
    {0x9686, 0x9688, 0x2ac4},
    {0x9689, 0x9689, 0x644},
    {0x968a, 0x9690, 0x2ac7},
    {0x9691, 0x9691, 0x645},
    {0x9693, 0x9693, 0x646},
    {0x9694, 0x9694, 0x2ace},
    {0x9695, 0x9695, 0x647},
    {0x9696, 0x9696, 0x2acf},
    {0x9697, 0x9697, 0x648},
    {0x9698, 0x969d, 0x2ad0},
    {0x96a1, 0x96a1, 0x649},
    {0x96a2, 0x96b1, 0x2ad6},
    {0x96b3, 0x96b5, 0x2ae6},
    {0x96b6, 0x96b6, 0x64a},
    {0x96b7, 0x96bd, 0x2ae9},
    {0x96c1, 0x96c1, 0x64b},
    {0x96c2, 0x96d1, 0x2af0},
    {0x96d3, 0x96d6, 0x2b00},
    {0x96d7, 0x96d7, 0x64c},
    {0x96d8, 0x96dd, 0x2b04},
    {0x96e1, 0x96e1, 0x64d},
    {0x96e2, 0x96e4, 0x2b0a},
    {0x96e5, 0x96e5, 0x64e},
    {0x96e6, 0x96e8, 0x2b0d},
    {0x96e9, 0x96e9, 0x64f},
    {0x96ea, 0x96f1, 0x2b10},
    {0x96f3, 0x96f3, 0x650},
    {0x96f4, 0x96f4, 0x2b18},
    {0x96f5, 0x96f5, 0x651},
    {0x96f6, 0x96f6, 0x2b19},
    {0x96f7, 0x96f7, 0x652},
    {0x96f8, 0x96fd, 0x2b1a},
    {0x9741, 0x9741, 0x653},
    {0x9742, 0x9744, 0x2b20},
    {0x9745, 0x9745, 0x654},
    {0x9746, 0x9748, 0x2b23},
    {0x9749, 0x9749, 0x655},
    {0x974a, 0x9750, 0x2b26},
    {0x9751, 0x9751, 0x656},
    {0x9753, 0x9756, 0x2b2d},
    {0x9757, 0x9757, 0x657},
    {0x9758, 0x975d, 0x2b31},
    {0x9761, 0x9762, 0x658},
    {0x9763, 0x9764, 0x2b37},
    {0x9765, 0x9765, 0x65a},
    {0x9766, 0x9767, 0x2b39},
    {0x9768, 0x9769, 0x65b},
    {0x976a, 0x976a, 0x2b3b},
    {0x976b, 0x976b, 0x65d},
    {0x976c, 0x9770, 0x2b3c},
    {0x9771, 0x9771, 0x65e},
    {0x9773, 0x9773, 0x65f},
    {0x9774, 0x9774, 0x2b41},
    {0x9775, 0x9775, 0x660},
    {0x9776, 0x9776, 0x2b42},
    {0x9777, 0x9777, 0x661},
    {0x9778, 0x977d, 0x2b43},
    {0x9781, 0x9781, 0x662},
    {0x9782, 0x9791, 0x2b49},
    {0x9793, 0x979d, 0x2b59},
    {0x97a1, 0x97a2, 0x663},
    {0x97a3, 0x97a4, 0x2b64},
    {0x97a5, 0x97a5, 0x665},
    {0x97a6, 0x97a7, 0x2b66},
    {0x97a8, 0x97a9, 0x666},
    {0x97aa, 0x97b0, 0x2b68},
    {0x97b1, 0x97b1, 0x668},
    {0x97b3, 0x97b3, 0x669},
    {0x97b4, 0x97b4, 0x2b6f},
    {0x97b5, 0x97b8, 0x66a},
    {0x97b9, 0x97bd, 0x2b70},
    {0x9841, 0x9841, 0x16d},
    {0x9861, 0x9862, 0x66e},
    {0x9863, 0x9864, 0x2b75},
    {0x9865, 0x9865, 0x670},
    {0x9866, 0x9868, 0x2b77},
    {0x9869, 0x9869, 0x671},
    {0x986a, 0x9870, 0x2b7a},
    {0x9871, 0x9871, 0x672},
    {0x9873, 0x9873, 0x673},
    {0x9874, 0x9874, 0x2b81},
    {0x9875, 0x9877, 0x674},
    {0x9878, 0x987c, 0x2b82},
    {0x987d, 0x987d, 0x677},
    {0x9881, 0x9882, 0x678},
    {0x9883, 0x9884, 0x2b87},
    {0x9885, 0x9885, 0x67a},
    {0x9886, 0x9888, 0x2b89},
    {0x9889, 0x9889, 0x67b},
    {0x988a, 0x9890, 0x2b8c},
    {0x9891, 0x9891, 0x67c},
    {0x9893, 0x9893, 0x67d},
    {0x9894, 0x9894, 0x2b93},
    {0x9895, 0x9897, 0x67e},
    {0x9898, 0x989d, 0x2b94},
    {0x98a1, 0x98b1, 0x2b9a},
    {0x98b3, 0x98bd, 0x2bab},
    {0x98c1, 0x98d1, 0x2bb6},
    {0x98d3, 0x98dd, 0x2bc7},
    {0x98e1, 0x98e2, 0x681},
    {0x98e3, 0x98e4, 0x2bd2},
    {0x98e5, 0x98e5, 0x683},
    {0x98e6, 0x98e8, 0x2bd4},
    {0x98e9, 0x98e9, 0x684},
    {0x98ea, 0x98ea, 0x2bd7},
    {0x98eb, 0x98ec, 0x685},
    {0x98ed, 0x98f0, 0x2bd8},
    {0x98f1, 0x98f1, 0x687},
    {0x98f3, 0x98f3, 0x688},
    {0x98f4, 0x98f4, 0x2bdc},
    {0x98f5, 0x98f7, 0x689},
    {0x98f8, 0x98fc, 0x2bdd},
    {0x98fd, 0x98fd, 0x68c},
    {0x9941, 0x9942, 0x68d},
    {0x9943, 0x9944, 0x2be2},
    {0x9945, 0x9945, 0x68f},
    {0x9946, 0x9948, 0x2be4},
    {0x9949, 0x9949, 0x690},
    {0x994a, 0x9950, 0x2be7},
    {0x9951, 0x9951, 0x691},
    {0x9953, 0x9953, 0x692},
    {0x9954, 0x9954, 0x2bee},
    {0x9955, 0x9957, 0x693},
    {0x9958, 0x995d, 0x2bef},
    {0x9961, 0x9961, 0x696},
    {0x9962, 0x9971, 0x2bf5},
    {0x9973, 0x9975, 0x2c05},
    {0x9976, 0x9976, 0x697},
    {0x9977, 0x997d, 0x2c08},
    {0x9981, 0x9991, 0x2c0f},
    {0x9993, 0x999d, 0x2c20},
    {0x99a1, 0x99a2, 0x698},
    {0x99a3, 0x99a4, 0x2c2b},
    {0x99a5, 0x99a5, 0x69a},
    {0x99a6, 0x99a8, 0x2c2d},
    {0x99a9, 0x99a9, 0x69b},
    {0x99aa, 0x99b1, 0x2c30},
    {0x99b3, 0x99b6, 0x2c38},
    {0x99b7, 0x99b7, 0x69c},
    {0x99b8, 0x99bd, 0x2c3c},
    {0x99c1, 0x99c1, 0x69d},
    {0x99c2, 0x99c8, 0x2c42},
    {0x99c9, 0x99c9, 0x69e},
    {0x99ca, 0x99d1, 0x2c49},
    {0x99d3, 0x99dd, 0x2c51},
    {0x99e1, 0x99e1, 0x69f},
    {0x99e2, 0x99f1, 0x2c5c},
    {0x99f3, 0x99fd, 0x2c6c},
    {0x9a41, 0x9a41, 0x6a0},
    {0x9a42, 0x9a44, 0x2c77},
    {0x9a45, 0x9a45, 0x6a1},
    {0x9a46, 0x9a51, 0x2c7a},
    {0x9a53, 0x9a5d, 0x2c86},
    {0x9a61, 0x9a71, 0x2c91},
    {0x9a73, 0x9a7d, 0x2ca2},
    {0x9a81, 0x9a82, 0x6a2},
    {0x9a83, 0x9a84, 0x2cad},
    {0x9a85, 0x9a85, 0x6a4},
    {0x9a86, 0x9a88, 0x2caf},
    {0x9a89, 0x9a89, 0x6a5},
    {0x9a8a, 0x9a8f, 0x2cb2},
    {0x9a90, 0x9a91, 0x6a6},
    {0x9a93, 0x9a96, 0x2cb8},
    {0x9a97, 0x9a97, 0x6a8},
    {0x9a98, 0x9a9d, 0x2cbc},
    {0x9aa1, 0x9ab1, 0x2cc2},
    {0x9ab3, 0x9abd, 0x2cd3},
    {0x9ac1, 0x9ac1, 0x6a9},
    {0x9ac2, 0x9ad1, 0x2cde},
    {0x9ad3, 0x9add, 0x2cee},
    {0x9ae1, 0x9ae1, 0x6aa},
    {0x9ae2, 0x9ae4, 0x2cf9},
    {0x9ae5, 0x9ae5, 0x6ab},
    {0x9ae6, 0x9ae8, 0x2cfc},
    {0x9ae9, 0x9ae9, 0x6ac},
    {0x9aea, 0x9af0, 0x2cff},
    {0x9af1, 0x9af1, 0x6ad},
    {0x9af3, 0x9af3, 0x6ae},
    {0x9af4, 0x9af6, 0x2d06},
    {0x9af7, 0x9af7, 0x6af},
    {0x9af8, 0x9afd, 0x2d09},
    {0x9b41, 0x9b51, 0x2d0f},
    {0x9b53, 0x9b5d, 0x2d20},
    {0x9b61, 0x9b62, 0x6b0},
    {0x9b63, 0x9b64, 0x2d2b},
    {0x9b65, 0x9b65, 0x6b2},
    {0x9b66, 0x9b67, 0x2d2d},
    {0x9b68, 0x9b69, 0x6b3},
    {0x9b6a, 0x9b70, 0x2d2f},
    {0x9b71, 0x9b71, 0x6b5},
    {0x9b73, 0x9b73, 0x6b6},
    {0x9b74, 0x9b74, 0x2d36},
    {0x9b75, 0x9b75, 0x6b7},
    {0x9b76, 0x9b7d, 0x2d37},
    {0x9b81, 0x9b81, 0x6b8},
    {0x9b82, 0x9b84, 0x2d3f},
    {0x9b85, 0x9b85, 0x6b9},
    {0x9b86, 0x9b88, 0x2d42},
    {0x9b89, 0x9b89, 0x6ba},
    {0x9b8a, 0x9b90, 0x2d45},
    {0x9b91, 0x9b91, 0x6bb},
    {0x9b93, 0x9b93, 0x6bc},
    {0x9b94, 0x9b9d, 0x2d4c},
    {0x9ba1, 0x9ba1, 0x6bd},
    {0x9ba2, 0x9ba4, 0x2d56},
    {0x9ba5, 0x9ba5, 0x6be},
    {0x9ba6, 0x9ba8, 0x2d59},
    {0x9ba9, 0x9ba9, 0x6bf},
    {0x9baa, 0x9bb0, 0x2d5c},
    {0x9bb1, 0x9bb1, 0x6c0},
    {0x9bb3, 0x9bb3, 0x6c1},
    {0x9bb4, 0x9bb4, 0x2d63},
    {0x9bb5, 0x9bb5, 0x6c2},
    {0x9bb6, 0x9bb6, 0x2d64},
    {0x9bb7, 0x9bb7, 0x6c3},
    {0x9bb8, 0x9bbd, 0x2d65},
    {0x9c41, 0x9c41, 0x16e},
    {0x9c61, 0x9c62, 0x6c4},
    {0x9c63, 0x9c64, 0x2d6b},
    {0x9c65, 0x9c65, 0x6c6},
    {0x9c66, 0x9c68, 0x2d6d},
    {0x9c69, 0x9c69, 0x6c7},
    {0x9c6a, 0x9c70, 0x2d70},
    {0x9c71, 0x9c71, 0x6c8},
    {0x9c73, 0x9c73, 0x6c9},
    {0x9c74, 0x9c74, 0x2d77},
    {0x9c75, 0x9c78, 0x6ca},
    {0x9c79, 0x9c7b, 0x2d78},
    {0x9c7c, 0x9c7d, 0x6ce},
    {0x9c81, 0x9c82, 0x6d0},
    {0x9c83, 0x9c84, 0x2d7b},
    {0x9c85, 0x9c85, 0x6d2},
    {0x9c86, 0x9c88, 0x2d7d},
    {0x9c89, 0x9c89, 0x6d3},
    {0x9c8a, 0x9c90, 0x2d80},
    {0x9c91, 0x9c91, 0x6d4},
    {0x9c93, 0x9c93, 0x6d5},
    {0x9c94, 0x9c94, 0x2d87},
    {0x9c95, 0x9c97, 0x6d6},
    {0x9c98, 0x9c9d, 0x2d88},
    {0x9ca1, 0x9ca2, 0x6d9},
    {0x9ca3, 0x9ca4, 0x2d8e},
    {0x9ca5, 0x9ca5, 0x6db},
    {0x9ca6, 0x9cb1, 0x2d90},
    {0x9cb3, 0x9cb4, 0x2d9c},
    {0x9cb5, 0x9cb5, 0x6dc},
    {0x9cb6, 0x9cb6, 0x2d9e},
    {0x9cb7, 0x9cb7, 0x6dd},
    {0x9cb8, 0x9cbd, 0x2d9f},
    {0x9cc1, 0x9cd1, 0x2da5},
    {0x9cd3, 0x9cdd, 0x2db6},
    {0x9ce1, 0x9ce2, 0x6de},
    {0x9ce3, 0x9ce4, 0x2dc1},
    {0x9ce5, 0x9ce5, 0x6e0},
    {0x9ce6, 0x9ce8, 0x2dc3},
    {0x9ce9, 0x9ce9, 0x6e1},
    {0x9cea, 0x9cf0, 0x2dc6},
    {0x9cf1, 0x9cf1, 0x6e2},
    {0x9cf3, 0x9cf3, 0x6e3},
    {0x9cf4, 0x9cf4, 0x2dcd},
    {0x9cf5, 0x9cf7, 0x6e4},
    {0x9cf8, 0x9cfc, 0x2dce},
    {0x9cfd, 0x9cfd, 0x6e7},
    {0x9d41, 0x9d42, 0x6e8},
    {0x9d43, 0x9d44, 0x2dd3},
    {0x9d45, 0x9d45, 0x6ea},
    {0x9d46, 0x9d48, 0x2dd5},
    {0x9d49, 0x9d49, 0x6eb},
    {0x9d4a, 0x9d50, 0x2dd8},
    {0x9d51, 0x9d51, 0x6ec},
    {0x9d53, 0x9d53, 0x6ed},
    {0x9d54, 0x9d54, 0x2ddf},
    {0x9d55, 0x9d55, 0x6ee},
    {0x9d56, 0x9d56, 0x2de0},
    {0x9d57, 0x9d57, 0x6ef},
    {0x9d58, 0x9d5d, 0x2de1},
    {0x9d61, 0x9d62, 0x6f0},
    {0x9d63, 0x9d64, 0x2de7},
    {0x9d65, 0x9d65, 0x6f2},
    {0x9d66, 0x9d68, 0x2de9},
    {0x9d69, 0x9d69, 0x6f3},
    {0x9d6a, 0x9d70, 0x2dec},
    {0x9d71, 0x9d71, 0x6f4},
    {0x9d73, 0x9d73, 0x6f5},
    {0x9d74, 0x9d74, 0x2df3},
    {0x9d75, 0x9d77, 0x6f6},
    {0x9d78, 0x9d7d, 0x2df4},
    {0x9d81, 0x9d81, 0x6f9},
    {0x9d82, 0x9d84, 0x2dfa},
    {0x9d85, 0x9d85, 0x6fa},
    {0x9d86, 0x9d91, 0x2dfd},
    {0x9d93, 0x9d93, 0x6fb},
    {0x9d94, 0x9d94, 0x2e09},
    {0x9d95, 0x9d95, 0x6fc},
    {0x9d96, 0x9d9d, 0x2e0a},
    {0x9da1, 0x9da2, 0x6fd},
    {0x9da3, 0x9da4, 0x2e12},
    {0x9da5, 0x9da5, 0x6ff},
    {0x9da6, 0x9da8, 0x2e14},
    {0x9da9, 0x9da9, 0x700},
    {0x9daa, 0x9db0, 0x2e17},
    {0x9db1, 0x9db1, 0x701},
    {0x9db3, 0x9db3, 0x702},
    {0x9db4, 0x9db4, 0x2e1e},
    {0x9db5, 0x9db5, 0x703},
    {0x9db6, 0x9db6, 0x2e1f},
    {0x9db7, 0x9db7, 0x704},
    {0x9db8, 0x9dbd, 0x2e20},
    {0x9dc1, 0x9dc1, 0x705},
    {0x9dc2, 0x9dc4, 0x2e26},
    {0x9dc5, 0x9dc5, 0x706},
    {0x9dc6, 0x9dd1, 0x2e29},
    {0x9dd3, 0x9dd6, 0x2e35},
    {0x9dd7, 0x9dd7, 0x707},
    {0x9dd8, 0x9ddd, 0x2e39},
    {0x9de1, 0x9df1, 0x2e3f},
    {0x9df3, 0x9df5, 0x2e50},
    {0x9df6, 0x9df6, 0x708},
    {0x9df7, 0x9dfd, 0x2e53},
    {0x9e41, 0x9e41, 0x709},
    {0x9e42, 0x9e44, 0x2e5a},
    {0x9e45, 0x9e45, 0x70a},
    {0x9e46, 0x9e48, 0x2e5d},
    {0x9e49, 0x9e49, 0x70b},
    {0x9e4a, 0x9e50, 0x2e60},
    {0x9e51, 0x9e51, 0x70c},
    {0x9e53, 0x9e53, 0x70d},
    {0x9e54, 0x9e54, 0x2e67},
    {0x9e55, 0x9e55, 0x70e},
    {0x9e56, 0x9e56, 0x2e68},
    {0x9e57, 0x9e57, 0x70f},
    {0x9e58, 0x9e5d, 0x2e69},
    {0x9e61, 0x9e61, 0x710},
    {0x9e62, 0x9e64, 0x2e6f},
    {0x9e65, 0x9e65, 0x711},
    {0x9e66, 0x9e68, 0x2e72},
    {0x9e69, 0x9e69, 0x712},
    {0x9e6a, 0x9e71, 0x2e75},
    {0x9e73, 0x9e73, 0x713},
    {0x9e74, 0x9e74, 0x2e7d},
    {0x9e75, 0x9e75, 0x714},
    {0x9e76, 0x9e76, 0x2e7e},
    {0x9e77, 0x9e77, 0x715},
    {0x9e78, 0x9e7d, 0x2e7f},
    {0x9e81, 0x9e82, 0x716},
    {0x9e83, 0x9e84, 0x2e85},
    {0x9e85, 0x9e85, 0x718},
    {0x9e86, 0x9e88, 0x2e87},
    {0x9e89, 0x9e89, 0x719},
    {0x9e8a, 0x9e90, 0x2e8a},
    {0x9e91, 0x9e91, 0x71a},
    {0x9e93, 0x9e93, 0x71b},
    {0x9e94, 0x9e94, 0x2e91},
    {0x9e95, 0x9e95, 0x71c},
    {0x9e96, 0x9e96, 0x2e92},
    {0x9e97, 0x9e97, 0x71d},
    {0x9e98, 0x9e9d, 0x2e93},
    {0x9ea1, 0x9ea1, 0x71e},
    {0x9ea2, 0x9eb1, 0x2e99},
    {0x9eb3, 0x9eb5, 0x2ea9},
    {0x9eb6, 0x9eb6, 0x71f},
    {0x9eb7, 0x9ebd, 0x2eac},
    {0x9ec1, 0x9ec1, 0x720},
    {0x9ec2, 0x9ed1, 0x2eb3},
    {0x9ed3, 0x9edd, 0x2ec3},
    {0x9ee1, 0x9ee2, 0x721},
    {0x9ee3, 0x9ee4, 0x2ece},
    {0x9ee5, 0x9ee5, 0x723},
    {0x9ee6, 0x9ee8, 0x2ed0},
    {0x9ee9, 0x9ee9, 0x724},
    {0x9eea, 0x9ef0, 0x2ed3},
    {0x9ef1, 0x9ef1, 0x725},
    {0x9ef3, 0x9ef4, 0x2eda},
    {0x9ef5, 0x9ef5, 0x726},
    {0x9ef6, 0x9ef6, 0x2edc},
    {0x9ef7, 0x9ef7, 0x727},
    {0x9ef8, 0x9efd, 0x2edd},
    {0x9f41, 0x9f42, 0x728},
    {0x9f43, 0x9f44, 0x2ee3},
    {0x9f45, 0x9f45, 0x72a},
    {0x9f46, 0x9f48, 0x2ee5},
    {0x9f49, 0x9f49, 0x72b},
    {0x9f4a, 0x9f50, 0x2ee8},
    {0x9f51, 0x9f51, 0x72c},
    {0x9f53, 0x9f53, 0x72d},
    {0x9f54, 0x9f54, 0x2eef},
    {0x9f55, 0x9f55, 0x72e},
    {0x9f56, 0x9f56, 0x2ef0},
    {0x9f57, 0x9f57, 0x72f},
    {0x9f58, 0x9f5d, 0x2ef1},
    {0x9f61, 0x9f62, 0x730},
    {0x9f63, 0x9f64, 0x2ef7},
    {0x9f65, 0x9f65, 0x732},
    {0x9f66, 0x9f68, 0x2ef9},
    {0x9f69, 0x9f69, 0x733},
    {0x9f6a, 0x9f70, 0x2efc},
    {0x9f71, 0x9f71, 0x734},
    {0x9f73, 0x9f73, 0x735},
    {0x9f74, 0x9f74, 0x2f03},
    {0x9f75, 0x9f75, 0x736},
    {0x9f76, 0x9f76, 0x2f04},
    {0x9f77, 0x9f78, 0x737},
    {0x9f79, 0x9f7a, 0x2f05},
    {0x9f7b, 0x9f7c, 0x739},
    {0x9f7d, 0x9f7d, 0x2f07},
    {0x9f81, 0x9f91, 0x2f08},
    {0x9f93, 0x9f9d, 0x2f19},
    {0x9fa1, 0x9fa2, 0x73b},
    {0x9fa3, 0x9fa4, 0x2f24},
    {0x9fa5, 0x9fa5, 0x73d},
    {0x9fa6, 0x9fa8, 0x2f26},
    {0x9fa9, 0x9fa9, 0x73e},
    {0x9faa, 0x9fb0, 0x2f29},
    {0x9fb1, 0x9fb1, 0x73f},
    {0x9fb3, 0x9fb3, 0x740},
    {0x9fb4, 0x9fb4, 0x2f30},
    {0x9fb5, 0x9fb5, 0x741},
    {0x9fb6, 0x9fb6, 0x2f31},
    {0x9fb7, 0x9fb7, 0x742},
    {0x9fb8, 0x9fbd, 0x2f32},
    {0xa041, 0xa041, 0x176},
    {0xa061, 0xa062, 0x743},
    {0xa063, 0xa064, 0x2f38},
    {0xa065, 0xa065, 0x745},
    {0xa066, 0xa066, 0x2f3a},
    {0xa067, 0xa06b, 0x746},
    {0xa06c, 0xa070, 0x2f3b},
    {0xa071, 0xa071, 0x74b},
    {0xa073, 0xa073, 0x74c},
    {0xa074, 0xa074, 0x2f40},
    {0xa075, 0xa075, 0x74d},
    {0xa076, 0xa076, 0x2f41},
    {0xa077, 0xa078, 0x74e},
    {0xa079, 0xa07a, 0x2f42},
    {0xa07b, 0xa07b, 0x750},
    {0xa07c, 0xa07c, 0x2f44},
    {0xa07d, 0xa07d, 0x751},
    {0xa081, 0xa082, 0x752},
    {0xa083, 0xa084, 0x2f45},
    {0xa085, 0xa085, 0x754},
    {0xa086, 0xa088, 0x2f47},
    {0xa089, 0xa089, 0x755},
    {0xa08a, 0xa090, 0x2f4a},
    {0xa091, 0xa091, 0x756},
    {0xa093, 0xa093, 0x757},
    {0xa094, 0xa094, 0x2f51},
    {0xa095, 0xa098, 0x758},
    {0xa099, 0xa09d, 0x2f52},
    {0xa0a1, 0xa0a2, 0x75c},
    {0xa0a3, 0xa0a8, 0x2f57},
    {0xa0a9, 0xa0a9, 0x75e},
    {0xa0aa, 0xa0b1, 0x2f5d},
    {0xa0b3, 0xa0b6, 0x2f65},
    {0xa0b7, 0xa0b7, 0x75f},
    {0xa0b8, 0xa0bd, 0x2f69},
    {0xa0c1, 0xa0d1, 0x2f6f},
    {0xa0d3, 0xa0dd, 0x2f80},
    {0xa0e1, 0xa0e2, 0x760},
    {0xa0e3, 0xa0e4, 0x2f8b},
    {0xa0e5, 0xa0e5, 0x762},
    {0xa0e6, 0xa0e8, 0x2f8d},
    {0xa0e9, 0xa0e9, 0x763},
    {0xa0ea, 0xa0ea, 0x2f90},
    {0xa0eb, 0xa0eb, 0x764},
    {0xa0ec, 0xa0f0, 0x2f91},
    {0xa0f1, 0xa0f1, 0x765},
    {0xa0f3, 0xa0f3, 0x766},
    {0xa0f4, 0xa0f4, 0x2f96},
    {0xa0f5, 0xa0f5, 0x767},
    {0xa0f6, 0xa0f6, 0x2f97},
    {0xa0f7, 0xa0f8, 0x768},
    {0xa0f9, 0xa0fc, 0x2f98},
    {0xa0fd, 0xa0fd, 0x76a},
    {0xa141, 0xa142, 0x76b},
    {0xa143, 0xa144, 0x2f9c},
    {0xa145, 0xa145, 0x76d},
    {0xa146, 0xa148, 0x2f9e},
    {0xa149, 0xa149, 0x76e},
    {0xa14a, 0xa150, 0x2fa1},
    {0xa151, 0xa151, 0x76f},
    {0xa153, 0xa153, 0x770},
    {0xa154, 0xa154, 0x2fa8},
    {0xa155, 0xa157, 0x771},
    {0xa158, 0xa15d, 0x2fa9},
    {0xa161, 0xa162, 0x774},
    {0xa163, 0xa164, 0x2faf},
    {0xa165, 0xa165, 0x776},
    {0xa166, 0xa168, 0x2fb1},
    {0xa169, 0xa169, 0x777},
    {0xa16a, 0xa171, 0x2fb4},
    {0xa173, 0xa174, 0x2fbc},
    {0xa175, 0xa177, 0x778},
    {0xa178, 0xa178, 0x2fbe},
    {0xa179, 0xa179, 0x77b},
    {0xa17a, 0xa17d, 0x2fbf},
    {0xa181, 0xa181, 0x77c},
    {0xa182, 0xa191, 0x2fc3},
    {0xa193, 0xa19d, 0x2fd3},
    {0xa1a1, 0xa1a2, 0x77d},
    {0xa1a3, 0xa1a3, 0x2fde},
    {0xa1a4, 0xa1a5, 0x77f},
    {0xa1a6, 0xa1a8, 0x2fdf},
    {0xa1a9, 0xa1a9, 0x781},
    {0xa1aa, 0xa1aa, 0x2fe2},
    {0xa1ab, 0xa1ab, 0x782},
    {0xa1ac, 0xa1b0, 0x2fe3},
    {0xa1b1, 0xa1b1, 0x783},
    {0xa1b3, 0xa1b3, 0x784},
    {0xa1b4, 0xa1b4, 0x2fe8},
    {0xa1b5, 0xa1b5, 0x785},
    {0xa1b6, 0xa1b6, 0x2fe9},
    {0xa1b7, 0xa1b7, 0x786},
    {0xa1b8, 0xa1bd, 0x2fea},
    {0xa1c1, 0xa1c1, 0x787},
    {0xa1c2, 0xa1c4, 0x2ff0},
    {0xa1c5, 0xa1c5, 0x788},
    {0xa1c6, 0xa1d1, 0x2ff3},
    {0xa1d3, 0xa1d5, 0x2fff},
    {0xa1d6, 0xa1d7, 0x789},
    {0xa1d8, 0xa1dd, 0x3002},
    {0xa1e1, 0xa1f1, 0x3008},
    {0xa1f3, 0xa1fd, 0x3019},
    {0xa241, 0xa241, 0x78b},
    {0xa242, 0xa244, 0x3024},
    {0xa245, 0xa245, 0x78c},
    {0xa246, 0xa248, 0x3027},
    {0xa249, 0xa249, 0x78d},
    {0xa24a, 0xa251, 0x302a},
    {0xa253, 0xa253, 0x78e},
    {0xa254, 0xa254, 0x3032},
    {0xa255, 0xa255, 0x78f},
    {0xa256, 0xa256, 0x3033},
    {0xa257, 0xa257, 0x790},
    {0xa258, 0xa25d, 0x3034},
    {0xa261, 0xa261, 0x791},
    {0xa262, 0xa264, 0x303a},
    {0xa265, 0xa265, 0x792},
    {0xa266, 0xa268, 0x303d},
    {0xa269, 0xa269, 0x793},
    {0xa26a, 0xa271, 0x3040},
    {0xa273, 0xa273, 0x794},
    {0xa274, 0xa274, 0x3048},
    {0xa275, 0xa275, 0x795},
    {0xa276, 0xa27d, 0x3049},
    {0xa281, 0xa283, 0x796},
    {0xa284, 0xa284, 0x3051},
    {0xa285, 0xa285, 0x799},
    {0xa286, 0xa287, 0x3052},
    {0xa288, 0xa28b, 0x79a},
    {0xa28c, 0xa290, 0x3054},
    {0xa291, 0xa291, 0x79e},
    {0xa293, 0xa293, 0x79f},
    {0xa294, 0xa294, 0x3059},
    {0xa295, 0xa295, 0x7a0},
    {0xa296, 0xa296, 0x305a},
    {0xa297, 0xa297, 0x7a1},
    {0xa298, 0xa29a, 0x305b},
    {0xa29b, 0xa29b, 0x7a2},
    {0xa29c, 0xa29c, 0x305e},
    {0xa29d, 0xa29d, 0x7a3},
    {0xa2a1, 0xa2a1, 0x7a4},
    {0xa2a2, 0xa2a4, 0x305f},
    {0xa2a5, 0xa2a5, 0x7a5},
    {0xa2a6, 0xa2a8, 0x3062},
    {0xa2a9, 0xa2a9, 0x7a6},
    {0xa2aa, 0xa2b1, 0x3065},
    {0xa2b3, 0xa2b3, 0x7a7},
    {0xa2b4, 0xa2b4, 0x306d},
    {0xa2b5, 0xa2b5, 0x7a8},
    {0xa2b6, 0xa2bd, 0x306e},
    {0xa2c1, 0xa2c1, 0x7a9},
    {0xa2c2, 0xa2d1, 0x3076},
    {0xa2d3, 0xa2dd, 0x3086},
    {0xa2e1, 0xa2e1, 0x7aa},
    {0xa2e2, 0xa2e4, 0x3091},
    {0xa2e5, 0xa2e5, 0x7ab},
    {0xa2e6, 0xa2e8, 0x3094},
    {0xa2e9, 0xa2e9, 0x7ac},
    {0xa2ea, 0xa2f1, 0x3097},
    {0xa2f3, 0xa2fd, 0x309f},
    {0xa341, 0xa341, 0x7ad},
    {0xa342, 0xa344, 0x30aa},
    {0xa345, 0xa345, 0x7ae},
    {0xa346, 0xa348, 0x30ad},
    {0xa349, 0xa349, 0x7af},
    {0xa34a, 0xa350, 0x30b0},
    {0xa351, 0xa351, 0x7b0},
    {0xa353, 0xa354, 0x30b7},
    {0xa355, 0xa355, 0x7b1},
    {0xa356, 0xa35d, 0x30b9},
    {0xa361, 0xa361, 0x7b2},
    {0xa362, 0xa364, 0x30c1},
    {0xa365, 0xa365, 0x7b3},
    {0xa366, 0xa368, 0x30c4},
    {0xa369, 0xa369, 0x7b4},
    {0xa36a, 0xa370, 0x30c7},
    {0xa371, 0xa371, 0x7b5},
    {0xa373, 0xa374, 0x30ce},
    {0xa375, 0xa375, 0x7b6},
    {0xa376, 0xa37d, 0x30d0},
    {0xa381, 0xa391, 0x30d8},
    {0xa393, 0xa39d, 0x30e9},
    {0xa3a1, 0xa3a2, 0x7b7},
    {0xa3a3, 0xa3a4, 0x30f4},
    {0xa3a5, 0xa3a5, 0x7b9},
    {0xa3a6, 0xa3a7, 0x30f6},
    {0xa3a8, 0xa3a9, 0x7ba},
    {0xa3aa, 0xa3aa, 0x30f8},
    {0xa3ab, 0xa3ab, 0x7bc},
    {0xa3ac, 0xa3b0, 0x30f9},
    {0xa3b1, 0xa3b1, 0x7bd},
    {0xa3b3, 0xa3b3, 0x7be},
    {0xa3b4, 0xa3b4, 0x30fe},
    {0xa3b5, 0xa3b7, 0x7bf},
    {0xa3b8, 0xa3b8, 0x30ff},
    {0xa3b9, 0xa3b9, 0x7c2},
    {0xa3ba, 0xa3ba, 0x3100},
    {0xa3bb, 0xa3bb, 0x7c3},
    {0xa3bc, 0xa3bd, 0x3101},
    {0xa441, 0xa441, 0x177},
    {0xa461, 0xa465, 0x7c4},
    {0xa466, 0xa467, 0x3103},
    {0xa468, 0xa46c, 0x7c9},
    {0xa46d, 0xa470, 0x3105},
    {0xa471, 0xa471, 0x7ce},
    {0xa473, 0xa473, 0x7cf},
    {0xa474, 0xa474, 0x3109},
    {0xa475, 0xa475, 0x7d0},
    {0xa476, 0xa476, 0x310a},
    {0xa477, 0xa477, 0x7d1},
    {0xa478, 0xa47a, 0x310b},
    {0xa47b, 0xa47b, 0x7d2},
    {0xa47c, 0xa47d, 0x310e},
    {0xa481, 0xa482, 0x7d3},
    {0xa483, 0xa484, 0x3110},
    {0xa485, 0xa485, 0x7d5},
    {0xa486, 0xa488, 0x3112},
    {0xa489, 0xa489, 0x7d6},
    {0xa48a, 0xa490, 0x3115},
    {0xa491, 0xa491, 0x7d7},
    {0xa493, 0xa493, 0x7d8},
    {0xa494, 0xa494, 0x311c},
    {0xa495, 0xa497, 0x7d9},
    {0xa498, 0xa49a, 0x311d},
    {0xa49b, 0xa49b, 0x7dc},
    {0xa49c, 0xa49d, 0x3120},
    {0xa4a1, 0xa4a2, 0x7dd},
    {0xa4a3, 0xa4a4, 0x3122},
    {0xa4a5, 0xa4a5, 0x7df},
    {0xa4a6, 0xa4b1, 0x3124},
    {0xa4b3, 0xa4b3, 0x7e0},
    {0xa4b4, 0xa4bd, 0x3130},
    {0xa4c1, 0xa4d1, 0x313a},
    {0xa4d3, 0xa4dd, 0x314b},
    {0xa4e1, 0xa4e2, 0x7e1},
    {0xa4e3, 0xa4e4, 0x3156},
    {0xa4e5, 0xa4e5, 0x7e3},
    {0xa4e6, 0xa4e7, 0x3158},
    {0xa4e8, 0xa4e9, 0x7e4},
    {0xa4ea, 0xa4ea, 0x315a},
    {0xa4eb, 0xa4eb, 0x7e6},
    {0xa4ec, 0xa4f0, 0x315b},
    {0xa4f1, 0xa4f1, 0x7e7},
    {0xa4f3, 0xa4f3, 0x7e8},
    {0xa4f4, 0xa4f4, 0x3160},
    {0xa4f5, 0xa4f5, 0x7e9},
    {0xa4f6, 0xa4f6, 0x3161},
    {0xa4f7, 0xa4f8, 0x7ea},
    {0xa4f9, 0xa4fd, 0x3162},
    {0xa541, 0xa542, 0x7ec},
    {0xa543, 0xa544, 0x3167},
    {0xa545, 0xa545, 0x7ee},
    {0xa546, 0xa547, 0x3169},
    {0xa548, 0xa549, 0x7ef},
    {0xa54a, 0xa550, 0x316b},
    {0xa551, 0xa551, 0x7f1},
    {0xa553, 0xa553, 0x7f2},
    {0xa554, 0xa554, 0x3172},
    {0xa555, 0xa557, 0x7f3},
    {0xa558, 0xa55d, 0x3173},
    {0xa561, 0xa562, 0x7f6},
    {0xa563, 0xa564, 0x3179},
    {0xa565, 0xa565, 0x7f8},
    {0xa566, 0xa568, 0x317b},
    {0xa569, 0xa569, 0x7f9},
    {0xa56a, 0xa571, 0x317e},
    {0xa573, 0xa573, 0x7fa},
    {0xa574, 0xa574, 0x3186},
    {0xa575, 0xa577, 0x7fb},
    {0xa578, 0xa57a, 0x3187},
    {0xa57b, 0xa57b, 0x7fe},
    {0xa57c, 0xa57d, 0x318a},
    {0xa581, 0xa581, 0x7ff},
    {0xa582, 0xa584, 0x318c},
    {0xa585, 0xa585, 0x800},
    {0xa586, 0xa591, 0x318f},
    {0xa593, 0xa59d, 0x319b},
    {0xa5a1, 0xa5a3, 0x801},
    {0xa5a4, 0xa5a4, 0x31a6},
    {0xa5a5, 0xa5a5, 0x804},
    {0xa5a6, 0xa5a8, 0x31a7},
    {0xa5a9, 0xa5a9, 0x805},
    {0xa5aa, 0xa5b0, 0x31aa},
    {0xa5b1, 0xa5b1, 0x806},
    {0xa5b3, 0xa5b3, 0x807},
    {0xa5b4, 0xa5b4, 0x31b1},
    {0xa5b5, 0xa5b5, 0x808},
    {0xa5b6, 0xa5b6, 0x31b2},
    {0xa5b7, 0xa5b7, 0x809},
    {0xa5b8, 0xa5bd, 0x31b3},
    {0xa5c1, 0xa5c1, 0x80a},
    {0xa5c2, 0xa5c4, 0x31b9},
    {0xa5c5, 0xa5c5, 0x80b},
    {0xa5c6, 0xa5d1, 0x31bc},
    {0xa5d3, 0xa5d5, 0x31c8},
    {0xa5d6, 0xa5d6, 0x80c},
    {0xa5d7, 0xa5dd, 0x31cb},
    {0xa5e1, 0xa5e1, 0x80d},
    {0xa5e2, 0xa5f1, 0x31d2},
    {0xa5f3, 0xa5f5, 0x31e2},
    {0xa5f6, 0xa5f6, 0x80e},
    {0xa5f7, 0xa5fd, 0x31e5},
    {0xa641, 0xa642, 0x80f},
    {0xa643, 0xa644, 0x31ec},
    {0xa645, 0xa645, 0x811},
    {0xa646, 0xa648, 0x31ee},
    {0xa649, 0xa649, 0x812},
    {0xa64a, 0xa650, 0x31f1},
    {0xa651, 0xa651, 0x813},
    {0xa653, 0xa653, 0x814},
    {0xa654, 0xa65d, 0x31f8},
    {0xa661, 0xa661, 0x815},
    {0xa662, 0xa664, 0x3202},
    {0xa665, 0xa665, 0x816},
    {0xa666, 0xa671, 0x3205},
    {0xa673, 0xa67d, 0x3211},
    {0xa681, 0xa682, 0x817},
    {0xa683, 0xa684, 0x321c},
    {0xa685, 0xa685, 0x819},
    {0xa686, 0xa687, 0x321e},
    {0xa688, 0xa68b, 0x81a},
    {0xa68c, 0xa690, 0x3220},
    {0xa691, 0xa691, 0x81e},
    {0xa693, 0xa693, 0x81f},
    {0xa694, 0xa694, 0x3225},
    {0xa695, 0xa695, 0x820},
    {0xa696, 0xa696, 0x3226},
    {0xa697, 0xa697, 0x821},
    {0xa698, 0xa69a, 0x3227},
    {0xa69b, 0xa69c, 0x822},
    {0xa69d, 0xa69d, 0x322a},
    {0xa6a1, 0xa6a1, 0x824},
    {0xa6a2, 0xa6a8, 0x322b},
    {0xa6a9, 0xa6a9, 0x825},
    {0xa6aa, 0xa6b1, 0x3232},
    {0xa6b3, 0xa6b5, 0x323a},
    {0xa6b6, 0xa6b6, 0x826},
    {0xa6b7, 0xa6bd, 0x323d},
    {0xa6c1, 0xa6c1, 0x827},
    {0xa6c2, 0xa6d1, 0x3244},
    {0xa6d3, 0xa6dd, 0x3254},
    {0xa6e1, 0xa6e2, 0x828},
    {0xa6e3, 0xa6e4, 0x325f},
    {0xa6e5, 0xa6e5, 0x82a},
    {0xa6e6, 0xa6e8, 0x3261},
    {0xa6e9, 0xa6e9, 0x82b},
    {0xa6ea, 0xa6f1, 0x3264},
    {0xa6f3, 0xa6f6, 0x326c},
    {0xa6f7, 0xa6f7, 0x82c},
    {0xa6f8, 0xa6fd, 0x3270},
    {0xa741, 0xa741, 0x82d},
    {0xa742, 0xa744, 0x3276},
    {0xa745, 0xa745, 0x82e},
    {0xa746, 0xa748, 0x3279},
    {0xa749, 0xa749, 0x82f},
    {0xa74a, 0xa750, 0x327c},
    {0xa751, 0xa751, 0x830},
    {0xa753, 0xa754, 0x3283},
    {0xa755, 0xa755, 0x831},
    {0xa756, 0xa756, 0x3285},
    {0xa757, 0xa757, 0x832},
    {0xa758, 0xa75d, 0x3286},
    {0xa761, 0xa762, 0x833},
    {0xa763, 0xa764, 0x328c},
    {0xa765, 0xa765, 0x835},
    {0xa766, 0xa768, 0x328e},
    {0xa769, 0xa769, 0x836},
    {0xa76a, 0xa770, 0x3291},
    {0xa771, 0xa771, 0x837},
    {0xa773, 0xa773, 0x838},
    {0xa774, 0xa774, 0x3298},
    {0xa775, 0xa775, 0x839},
    {0xa776, 0xa77d, 0x3299},
    {0xa781, 0xa791, 0x32a1},
    {0xa793, 0xa79d, 0x32b2},
    {0xa7a1, 0xa7a2, 0x83a},
    {0xa7a3, 0xa7a4, 0x32bd},
    {0xa7a5, 0xa7a5, 0x83c},
    {0xa7a6, 0xa7a8, 0x32bf},
    {0xa7a9, 0xa7a9, 0x83d},
    {0xa7aa, 0xa7aa, 0x32c2},
    {0xa7ab, 0xa7ab, 0x83e},
    {0xa7ac, 0xa7b0, 0x32c3},
    {0xa7b1, 0xa7b1, 0x83f},
    {0xa7b3, 0xa7b3, 0x840},
    {0xa7b4, 0xa7b4, 0x32c8},
    {0xa7b5, 0xa7b5, 0x841},
    {0xa7b6, 0xa7b6, 0x32c9},
    {0xa7b7, 0xa7b9, 0x842},
    {0xa7ba, 0xa7bd, 0x32ca},
    {0xa841, 0xa841, 0x178},
    {0xa861, 0xa862, 0x845},
    {0xa863, 0xa864, 0x32ce},
    {0xa865, 0xa865, 0x847},
    {0xa866, 0xa868, 0x32d0},
    {0xa869, 0xa869, 0x848},
    {0xa86a, 0xa86a, 0x32d3},
    {0xa86b, 0xa86b, 0x849},
    {0xa86c, 0xa870, 0x32d4},
    {0xa871, 0xa871, 0x84a},
    {0xa873, 0xa873, 0x84b},
    {0xa874, 0xa874, 0x32d9},
    {0xa875, 0xa877, 0x84c},
    {0xa878, 0xa87c, 0x32da},
    {0xa87d, 0xa87d, 0x84f},
    {0xa881, 0xa882, 0x850},
    {0xa883, 0xa884, 0x32df},
    {0xa885, 0xa885, 0x852},
    {0xa886, 0xa888, 0x32e1},
    {0xa889, 0xa889, 0x853},
    {0xa88a, 0xa890, 0x32e4},
    {0xa891, 0xa891, 0x854},
    {0xa893, 0xa893, 0x855},
    {0xa894, 0xa894, 0x32eb},
    {0xa895, 0xa897, 0x856},
    {0xa898, 0xa89d, 0x32ec},
    {0xa8a1, 0xa8a2, 0x859},
    {0xa8a3, 0xa8b0, 0x32f2},
    {0xa8b1, 0xa8b1, 0x85b},
    {0xa8b3, 0xa8bd, 0x3300},
    {0xa8c1, 0xa8d1, 0x330b},
    {0xa8d3, 0xa8dd, 0x331c},
    {0xa8e1, 0xa8e2, 0x85c},
    {0xa8e3, 0xa8e4, 0x3327},
    {0xa8e5, 0xa8e5, 0x85e},
    {0xa8e6, 0xa8e7, 0x3329},
    {0xa8e8, 0xa8e9, 0x85f},
    {0xa8ea, 0xa8f0, 0x332b},
    {0xa8f1, 0xa8f1, 0x861},
    {0xa8f3, 0xa8f4, 0x3332},
    {0xa8f5, 0xa8f7, 0x862},
    {0xa8f8, 0xa8fd, 0x3334},
    {0xa941, 0xa941, 0x865},
    {0xa942, 0xa951, 0x333a},
    {0xa953, 0xa956, 0x334a},
    {0xa957, 0xa957, 0x866},
    {0xa958, 0xa95d, 0x334e},
    {0xa961, 0xa962, 0x867},
    {0xa963, 0xa970, 0x3354},
    {0xa971, 0xa971, 0x869},
    {0xa973, 0xa973, 0x86a},
    {0xa974, 0xa974, 0x3362},
    {0xa975, 0xa977, 0x86b},
    {0xa978, 0xa97d, 0x3363},
    {0xa981, 0xa991, 0x3369},
    {0xa993, 0xa99d, 0x337a},
    {0xa9a1, 0xa9a2, 0x86e},
    {0xa9a3, 0xa9a4, 0x3385},
    {0xa9a5, 0xa9a5, 0x870},
    {0xa9a6, 0xa9a8, 0x3387},
    {0xa9a9, 0xa9a9, 0x871},
    {0xa9aa, 0xa9b0, 0x338a},
    {0xa9b1, 0xa9b1, 0x872},
    {0xa9b3, 0xa9b3, 0x873},
    {0xa9b4, 0xa9b6, 0x3391},
    {0xa9b7, 0xa9b7, 0x874},
    {0xa9b8, 0xa9bd, 0x3394},
    {0xa9c1, 0xa9d1, 0x339a},
    {0xa9d3, 0xa9dd, 0x33ab},
    {0xa9e1, 0xa9f1, 0x33b6},
    {0xa9f3, 0xa9fd, 0x33c7},
    {0xaa41, 0xaa41, 0x875},
    {0xaa42, 0xaa51, 0x33d2},
    {0xaa53, 0xaa5d, 0x33e2},
    {0xaa61, 0xaa61, 0x876},
    {0xaa62, 0xaa71, 0x33ed},
    {0xaa73, 0xaa76, 0x33fd},
    {0xaa77, 0xaa77, 0x877},
    {0xaa78, 0xaa7d, 0x3401},
    {0xaa81, 0xaa82, 0x878},
    {0xaa83, 0xaa84, 0x3407},
    {0xaa85, 0xaa85, 0x87a},
    {0xaa86, 0xaa88, 0x3409},
    {0xaa89, 0xaa89, 0x87b},
    {0xaa8a, 0xaa90, 0x340c},
    {0xaa91, 0xaa91, 0x87c},
    {0xaa93, 0xaa94, 0x3413},
    {0xaa95, 0xaa95, 0x87d},
    {0xaa96, 0xaa96, 0x3415},
    {0xaa97, 0xaa97, 0x87e},
    {0xaa98, 0xaa9d, 0x3416},
    {0xaaa1, 0xaab1, 0x341c},
    {0xaab3, 0xaabd, 0x342d},
    {0xaac1, 0xaad1, 0x3438},
    {0xaad3, 0xaadd, 0x3449},
    {0xaae1, 0xaaf1, 0x3454},
    {0xaaf3, 0xaafd, 0x3465},
    {0xab41, 0xab41, 0x87f},
    {0xab42, 0xab51, 0x3470},
    {0xab53, 0xab56, 0x3480},
    {0xab57, 0xab57, 0x880},
    {0xab58, 0xab5d, 0x3484},
    {0xab61, 0xab61, 0x881},
    {0xab62, 0xab64, 0x348a},
    {0xab65, 0xab65, 0x882},
    {0xab66, 0xab68, 0x348d},
    {0xab69, 0xab69, 0x883},
    {0xab6a, 0xab70, 0x3490},
    {0xab71, 0xab71, 0x884},
    {0xab73, 0xab73, 0x885},
    {0xab74, 0xab7d, 0x3497},
    {0xab81, 0xab91, 0x34a1},
    {0xab93, 0xab9d, 0x34b2},
    {0xaba1, 0xaba2, 0x886},
    {0xaba3, 0xaba4, 0x34bd},
    {0xaba5, 0xaba5, 0x888},
    {0xaba6, 0xaba8, 0x34bf},
    {0xaba9, 0xaba9, 0x889},
    {0xabaa, 0xabb0, 0x34c2},
    {0xabb1, 0xabb1, 0x88a},
    {0xabb3, 0xabb3, 0x88b},
    {0xabb4, 0xabb4, 0x34c9},
    {0xabb5, 0xabb5, 0x88c},
    {0xabb6, 0xabb6, 0x34ca},
    {0xabb7, 0xabb7, 0x88d},
    {0xabb8, 0xabbd, 0x34cb},
    {0xac41, 0xac41, 0x17a},
    {0xac61, 0xac62, 0x88e},
    {0xac63, 0xac63, 0x34d1},
    {0xac64, 0xac65, 0x890},
    {0xac66, 0xac67, 0x34d2},
    {0xac68, 0xac6b, 0x892},
    {0xac6c, 0xac70, 0x34d4},
    {0xac71, 0xac71, 0x896},
    {0xac73, 0xac73, 0x897},
    {0xac74, 0xac74, 0x34d9},
    {0xac75, 0xac77, 0x898},
    {0xac78, 0xac7a, 0x34da},
    {0xac7b, 0xac7b, 0x89b},
    {0xac7c, 0xac7d, 0x34dd},
    {0xac81, 0xac82, 0x89c},
    {0xac83, 0xac84, 0x34df},
    {0xac85, 0xac85, 0x89e},
    {0xac86, 0xac88, 0x34e1},
    {0xac89, 0xac89, 0x89f},
    {0xac8a, 0xac90, 0x34e4},
    {0xac91, 0xac91, 0x8a0},
    {0xac93, 0xac93, 0x8a1},
    {0xac94, 0xac94, 0x34eb},
    {0xac95, 0xac97, 0x8a2},
    {0xac98, 0xac9d, 0x34ec},
    {0xaca1, 0xaca2, 0x8a5},
    {0xaca3, 0xaca4, 0x34f2},
    {0xaca5, 0xaca5, 0x8a7},
    {0xaca6, 0xaca8, 0x34f4},
    {0xaca9, 0xaca9, 0x8a8},
    {0xacaa, 0xacb0, 0x34f7},
    {0xacb1, 0xacb1, 0x8a9},
    {0xacb3, 0xacb3, 0x8aa},
    {0xacb4, 0xacb4, 0x34fe},
    {0xacb5, 0xacb5, 0x8ab},
    {0xacb6, 0xacb6, 0x34ff},
    {0xacb7, 0xacb7, 0x8ac},
    {0xacb8, 0xacbd, 0x3500},
    {0xacc1, 0xacc1, 0x8ad},
    {0xacc2, 0xacc4, 0x3506},
    {0xacc5, 0xacc5, 0x8ae},
    {0xacc6, 0xacc8, 0x3509},
    {0xacc9, 0xacc9, 0x8af},
    {0xacca, 0xacd0, 0x350c},
    {0xacd1, 0xacd1, 0x8b0},
    {0xacd3, 0xacd6, 0x3513},
    {0xacd7, 0xacd7, 0x8b1},
    {0xacd8, 0xacdd, 0x3517},
    {0xace1, 0xace5, 0x8b2},
    {0xace6, 0xace7, 0x351d},
    {0xace8, 0xace9, 0x8b7},
    {0xacea, 0xacea, 0x351f},
    {0xaceb, 0xacec, 0x8b9},
    {0xaced, 0xacf0, 0x3520},
    {0xacf1, 0xacf1, 0x8bb},
    {0xacf3, 0xacf3, 0x8bc},
    {0xacf4, 0xacf4, 0x3524},
    {0xacf5, 0xacf7, 0x8bd},
    {0xacf8, 0xacfb, 0x3525},
    {0xacfc, 0xacfc, 0x8c0},
    {0xacfd, 0xacfd, 0x3529},
    {0xad41, 0xad42, 0x8c1},
    {0xad43, 0xad44, 0x352a},
    {0xad45, 0xad45, 0x8c3},
    {0xad46, 0xad48, 0x352c},
    {0xad49, 0xad49, 0x8c4},
    {0xad4a, 0xad50, 0x352f},
    {0xad51, 0xad51, 0x8c5},
    {0xad53, 0xad53, 0x8c6},
    {0xad54, 0xad54, 0x3536},
    {0xad55, 0xad57, 0x8c7},
    {0xad58, 0xad5d, 0x3537},
    {0xad61, 0xad62, 0x8ca},
    {0xad63, 0xad64, 0x353d},
    {0xad65, 0xad65, 0x8cc},
    {0xad66, 0xad68, 0x353f},
    {0xad69, 0xad69, 0x8cd},
    {0xad6a, 0xad70, 0x3542},
    {0xad71, 0xad71, 0x8ce},
    {0xad73, 0xad73, 0x8cf},
    {0xad74, 0xad74, 0x3549},
    {0xad75, 0xad77, 0x8d0},
    {0xad78, 0xad7d, 0x354a},
    {0xad81, 0xad81, 0x8d3},
    {0xad82, 0xad84, 0x3550},
    {0xad85, 0xad85, 0x8d4},
    {0xad86, 0xad88, 0x3553},
    {0xad89, 0xad89, 0x8d5},
    {0xad8a, 0xad91, 0x3556},
    {0xad93, 0xad96, 0x355e},
    {0xad97, 0xad97, 0x8d6},
    {0xad98, 0xad9d, 0x3562},
    {0xada1, 0xada3, 0x8d7},
    {0xada4, 0xada4, 0x3568},
    {0xada5, 0xada5, 0x8da},
    {0xada6, 0xada8, 0x3569},
    {0xada9, 0xada9, 0x8db},
    {0xadaa, 0xadaa, 0x356c},
    {0xadab, 0xadab, 0x8dc},
    {0xadac, 0xadb0, 0x356d},
    {0xadb1, 0xadb1, 0x8dd},
    {0xadb3, 0xadb3, 0x8de},
    {0xadb4, 0xadb4, 0x3572},
    {0xadb5, 0xadb5, 0x8df},
    {0xadb6, 0xadb6, 0x3573},
    {0xadb7, 0xadb7, 0x8e0},
    {0xadb8, 0xadba, 0x3574},
    {0xadbb, 0xadbb, 0x8e1},
    {0xadbc, 0xadbd, 0x3577},
    {0xadc1, 0xadc2, 0x8e2},
    {0xadc3, 0xadc4, 0x3579},
    {0xadc5, 0xadc5, 0x8e4},
    {0xadc6, 0xadc8, 0x357b},
    {0xadc9, 0xadc9, 0x8e5},
    {0xadca, 0xadd1, 0x357e},
    {0xadd3, 0xadd6, 0x3586},
    {0xadd7, 0xadd7, 0x8e6},
    {0xadd8, 0xaddd, 0x358a},
    {0xade1, 0xade1, 0x8e7},
    {0xade2, 0xade4, 0x3590},
    {0xade5, 0xade5, 0x8e8},
    {0xade6, 0xade8, 0x3593},
    {0xade9, 0xade9, 0x8e9},
    {0xadea, 0xadf0, 0x3596},
    {0xadf1, 0xadf1, 0x8ea},
    {0xadf3, 0xadf4, 0x359d},
    {0xadf5, 0xadf6, 0x8eb},
    {0xadf7, 0xadfd, 0x359f},
    {0xae41, 0xae41, 0x8ed},
    {0xae42, 0xae44, 0x35a6},
    {0xae45, 0xae45, 0x8ee},
    {0xae46, 0xae48, 0x35a9},
    {0xae49, 0xae49, 0x8ef},
    {0xae4a, 0xae50, 0x35ac},
    {0xae51, 0xae51, 0x8f0},
    {0xae53, 0xae53, 0x8f1},
    {0xae54, 0xae54, 0x35b3},
    {0xae55, 0xae55, 0x8f2},
    {0xae56, 0xae5d, 0x35b4},
    {0xae61, 0xae62, 0x8f3},
    {0xae63, 0xae64, 0x35bc},
    {0xae65, 0xae65, 0x8f5},
    {0xae66, 0xae68, 0x35be},
    {0xae69, 0xae69, 0x8f6},
    {0xae6a, 0xae70, 0x35c1},
    {0xae71, 0xae71, 0x8f7},
    {0xae73, 0xae73, 0x8f8},
    {0xae74, 0xae74, 0x35c8},
    {0xae75, 0xae75, 0x8f9},
    {0xae76, 0xae76, 0x35c9},
    {0xae77, 0xae77, 0x8fa},
    {0xae78, 0xae7d, 0x35ca},
    {0xae81, 0xae82, 0x8fb},
    {0xae83, 0xae84, 0x35d0},
    {0xae85, 0xae85, 0x8fd},
    {0xae86, 0xae87, 0x35d2},
    {0xae88, 0xae89, 0x8fe},
    {0xae8a, 0xae90, 0x35d4},
    {0xae91, 0xae91, 0x900},
    {0xae93, 0xae93, 0x901},
    {0xae94, 0xae94, 0x35db},
    {0xae95, 0xae95, 0x902},
    {0xae96, 0xae96, 0x35dc},
    {0xae97, 0xae97, 0x903},
    {0xae98, 0xae98, 0x35dd},
    {0xae99, 0xae99, 0x904},
    {0xae9a, 0xae9a, 0x35de},
    {0xae9b, 0xae9c, 0x905},
    {0xae9d, 0xae9d, 0x35df},
    {0xaea1, 0xaea1, 0x907},
    {0xaea2, 0xaeb1, 0x35e0},
    {0xaeb3, 0xaeb5, 0x35f0},
    {0xaeb6, 0xaeb6, 0x908},
    {0xaeb7, 0xaebd, 0x35f3},
    {0xaec1, 0xaec2, 0x909},
    {0xaec3, 0xaec4, 0x35fa},
    {0xaec5, 0xaec5, 0x90b},
    {0xaec6, 0xaec8, 0x35fc},
    {0xaec9, 0xaec9, 0x90c},
    {0xaeca, 0xaed0, 0x35ff},
    {0xaed1, 0xaed1, 0x90d},
    {0xaed3, 0xaed6, 0x3606},
    {0xaed7, 0xaed7, 0x90e},
    {0xaed8, 0xaedd, 0x360a},
    {0xaee1, 0xaee2, 0x90f},
    {0xaee3, 0xaee4, 0x3610},
    {0xaee5, 0xaee5, 0x911},
    {0xaee6, 0xaee8, 0x3612},
    {0xaee9, 0xaee9, 0x912},
    {0xaeea, 0xaef0, 0x3615},
    {0xaef1, 0xaef1, 0x913},
    {0xaef3, 0xaef3, 0x914},
    {0xaef4, 0xaef4, 0x361c},
    {0xaef5, 0xaef5, 0x915},
    {0xaef6, 0xaef6, 0x361d},
    {0xaef7, 0xaef7, 0x916},
    {0xaef8, 0xaefd, 0x361e},
    {0xaf41, 0xaf42, 0x917},
    {0xaf43, 0xaf48, 0x3624},
    {0xaf49, 0xaf49, 0x919},
    {0xaf4a, 0xaf50, 0x362a},
    {0xaf51, 0xaf51, 0x91a},
    {0xaf53, 0xaf54, 0x3631},
    {0xaf55, 0xaf55, 0x91b},
    {0xaf56, 0xaf56, 0x3633},
    {0xaf57, 0xaf57, 0x91c},
    {0xaf58, 0xaf5d, 0x3634},
    {0xaf61, 0xaf62, 0x91d},
    {0xaf63, 0xaf64, 0x363a},
    {0xaf65, 0xaf65, 0x91f},
    {0xaf66, 0xaf68, 0x363c},
    {0xaf69, 0xaf6a, 0x920},
    {0xaf6b, 0xaf70, 0x363f},
    {0xaf71, 0xaf71, 0x922},
    {0xaf73, 0xaf73, 0x923},
    {0xaf74, 0xaf74, 0x3645},
    {0xaf75, 0xaf75, 0x924},
    {0xaf76, 0xaf76, 0x3646},
    {0xaf77, 0xaf77, 0x925},
    {0xaf78, 0xaf7d, 0x3647},
    {0xaf81, 0xaf91, 0x364d},
    {0xaf93, 0xaf9d, 0x365e},
    {0xafa1, 0xafa2, 0x926},
    {0xafa3, 0xafa4, 0x3669},
    {0xafa5, 0xafa5, 0x928},
    {0xafa6, 0xafa7, 0x366b},
    {0xafa8, 0xafa9, 0x929},
    {0xafaa, 0xafaf, 0x366d},
    {0xafb0, 0xafb1, 0x92b},
    {0xafb3, 0xafb3, 0x92d},
    {0xafb4, 0xafb4, 0x3673},
    {0xafb5, 0xafb5, 0x92e},
    {0xafb6, 0xafb6, 0x3674},
    {0xafb7, 0xafb7, 0x92f},
    {0xafb8, 0xafbb, 0x3675},
    {0xafbc, 0xafbc, 0x930},
    {0xafbd, 0xafbd, 0x3679},
    {0xb041, 0xb041, 0x17b},
    {0xb061, 0xb062, 0x931},
    {0xb063, 0xb063, 0x367a},
    {0xb064, 0xb065, 0x933},
    {0xb066, 0xb068, 0x367b},
    {0xb069, 0xb069, 0x935},
    {0xb06a, 0xb070, 0x367e},
    {0xb071, 0xb071, 0x936},
    {0xb073, 0xb073, 0x937},
    {0xb074, 0xb075, 0x3685},
    {0xb076, 0xb077, 0x938},
    {0xb078, 0xb07c, 0x3687},
    {0xb07d, 0xb07d, 0x93a},
    {0xb081, 0xb082, 0x93b},
    {0xb083, 0xb084, 0x368c},
    {0xb085, 0xb085, 0x93d},
    {0xb086, 0xb088, 0x368e},
    {0xb089, 0xb089, 0x93e},
    {0xb08a, 0xb090, 0x3691},
    {0xb091, 0xb091, 0x93f},
    {0xb093, 0xb093, 0x940},
    {0xb094, 0xb095, 0x3698},
    {0xb096, 0xb097, 0x941},
    {0xb098, 0xb09d, 0x369a},
    {0xb0a1, 0xb0b1, 0x36a0},
    {0xb0b3, 0xb0b6, 0x36b1},
    {0xb0b7, 0xb0b7, 0x943},
    {0xb0b8, 0xb0bd, 0x36b5},
    {0xb0c1, 0xb0d1, 0x36bb},
    {0xb0d3, 0xb0dd, 0x36cc},
    {0xb0e1, 0xb0e2, 0x944},
    {0xb0e3, 0xb0e4, 0x36d7},
    {0xb0e5, 0xb0e5, 0x946},
    {0xb0e6, 0xb0e8, 0x36d9},
    {0xb0e9, 0xb0e9, 0x947},
    {0xb0ea, 0xb0ea, 0x36dc},
    {0xb0eb, 0xb0eb, 0x948},
    {0xb0ec, 0xb0f0, 0x36dd},
    {0xb0f1, 0xb0f1, 0x949},
    {0xb0f3, 0xb0f3, 0x94a},
    {0xb0f4, 0xb0f5, 0x36e2},
    {0xb0f6, 0xb0f7, 0x94b},
    {0xb0f8, 0xb0fd, 0x36e4},
    {0xb141, 0xb141, 0x94d},
    {0xb142, 0xb144, 0x36ea},
    {0xb145, 0xb145, 0x94e},
    {0xb146, 0xb148, 0x36ed},
    {0xb149, 0xb149, 0x94f},
    {0xb14a, 0xb151, 0x36f0},
    {0xb153, 0xb15d, 0x36f8},
    {0xb161, 0xb171, 0x3703},
    {0xb173, 0xb17d, 0x3714},
    {0xb181, 0xb184, 0x371f},
    {0xb185, 0xb185, 0x950},
    {0xb186, 0xb191, 0x3723},
    {0xb193, 0xb19d, 0x372f},
    {0xb1a1, 0xb1a2, 0x951},
    {0xb1a3, 0xb1a4, 0x373a},
    {0xb1a5, 0xb1a5, 0x953},
    {0xb1a6, 0xb1a7, 0x373c},
    {0xb1a8, 0xb1a9, 0x954},
    {0xb1aa, 0xb1aa, 0x373e},
    {0xb1ab, 0xb1ab, 0x956},
    {0xb1ac, 0xb1b0, 0x373f},
    {0xb1b1, 0xb1b1, 0x957},
    {0xb1b3, 0xb1b3, 0x958},
    {0xb1b4, 0xb1b6, 0x3744},
    {0xb1b7, 0xb1b7, 0x959},
    {0xb1b8, 0xb1bd, 0x3747},
    {0xb1c1, 0xb1c2, 0x95a},
    {0xb1c3, 0xb1c4, 0x374d},
    {0xb1c5, 0xb1c5, 0x95c},
    {0xb1c6, 0xb1d1, 0x374f},
    {0xb1d3, 0xb1d5, 0x375b},
    {0xb1d6, 0xb1d6, 0x95d},
    {0xb1d7, 0xb1dd, 0x375e},
    {0xb1e1, 0xb1e1, 0x95e},
    {0xb1e2, 0xb1f1, 0x3765},
    {0xb1f3, 0xb1f5, 0x3775},
    {0xb1f6, 0xb1f6, 0x95f},
    {0xb1f7, 0xb1fd, 0x3778},
    {0xb241, 0xb241, 0x960},
    {0xb242, 0xb244, 0x377f},
    {0xb245, 0xb245, 0x961},
    {0xb246, 0xb248, 0x3782},
    {0xb249, 0xb249, 0x962},
    {0xb24a, 0xb250, 0x3785},
    {0xb251, 0xb251, 0x963},
    {0xb253, 0xb253, 0x964},
    {0xb254, 0xb25d, 0x378c},
    {0xb261, 0xb261, 0x965},
    {0xb262, 0xb271, 0x3796},
    {0xb273, 0xb27d, 0x37a6},
    {0xb281, 0xb282, 0x966},
    {0xb283, 0xb284, 0x37b1},
    {0xb285, 0xb285, 0x968},
    {0xb286, 0xb288, 0x37b3},
    {0xb289, 0xb289, 0x969},
    {0xb28a, 0xb290, 0x37b6},
    {0xb291, 0xb291, 0x96a},
    {0xb293, 0xb293, 0x96b},
    {0xb294, 0xb296, 0x37bd},
    {0xb297, 0xb297, 0x96c},
    {0xb298, 0xb29d, 0x37c0},
    {0xb2a1, 0xb2a1, 0x96d},
    {0xb2a2, 0xb2b1, 0x37c6},
    {0xb2b3, 0xb2b5, 0x37d6},
    {0xb2b6, 0xb2b6, 0x96e},
    {0xb2b7, 0xb2bd, 0x37d9},
    {0xb2c1, 0xb2c1, 0x96f},
    {0xb2c2, 0xb2d1, 0x37e0},
    {0xb2d3, 0xb2dd, 0x37f0},
    {0xb2e1, 0xb2e1, 0x970},
    {0xb2e2, 0xb2e4, 0x37fb},
    {0xb2e5, 0xb2e5, 0x971},
    {0xb2e6, 0xb2f1, 0x37fe},
    {0xb2f3, 0xb2fd, 0x380a},
    {0xb341, 0xb351, 0x3815},
    {0xb353, 0xb356, 0x3826},
    {0xb357, 0xb357, 0x972},
    {0xb358, 0xb35d, 0x382a},
    {0xb361, 0xb362, 0x973},
    {0xb363, 0xb364, 0x3830},
    {0xb365, 0xb365, 0x975},
    {0xb366, 0xb368, 0x3832},
    {0xb369, 0xb369, 0x976},
    {0xb36a, 0xb36a, 0x3835},
    {0xb36b, 0xb36b, 0x977},
    {0xb36c, 0xb36f, 0x3836},
    {0xb370, 0xb371, 0x978},
    {0xb373, 0xb373, 0x97a},
    {0xb374, 0xb37d, 0x383a},
    {0xb381, 0xb381, 0x97b},
    {0xb382, 0xb384, 0x3844},
    {0xb385, 0xb385, 0x97c},
    {0xb386, 0xb388, 0x3847},
    {0xb389, 0xb389, 0x97d},
    {0xb38a, 0xb390, 0x384a},
    {0xb391, 0xb391, 0x97e},
    {0xb393, 0xb39d, 0x3851},
    {0xb3a1, 0xb3a2, 0x97f},
    {0xb3a3, 0xb3a4, 0x385c},
    {0xb3a5, 0xb3a5, 0x981},
    {0xb3a6, 0xb3a8, 0x385e},
    {0xb3a9, 0xb3a9, 0x982},
    {0xb3aa, 0xb3b0, 0x3861},
    {0xb3b1, 0xb3b1, 0x983},
    {0xb3b3, 0xb3b3, 0x984},
    {0xb3b4, 0xb3b4, 0x3868},
    {0xb3b5, 0xb3b5, 0x985},
    {0xb3b6, 0xb3b6, 0x3869},
    {0xb3b7, 0xb3b7, 0x986},
    {0xb3b8, 0xb3bd, 0x386a},
    {0xb441, 0xb441, 0x17c},
    {0xb461, 0xb462, 0x987},
    {0xb463, 0xb464, 0x3870},
    {0xb465, 0xb467, 0x989},
    {0xb468, 0xb468, 0x3872},
    {0xb469, 0xb46b, 0x98c},
    {0xb46c, 0xb46f, 0x3873},
    {0xb470, 0xb471, 0x98f},
    {0xb473, 0xb473, 0x991},
    {0xb474, 0xb474, 0x3877},
    {0xb475, 0xb477, 0x992},
    {0xb478, 0xb47a, 0x3878},
    {0xb47b, 0xb47c, 0x995},
    {0xb47d, 0xb47d, 0x387b},
    {0xb481, 0xb482, 0x997},
    {0xb483, 0xb484, 0x387c},
    {0xb485, 0xb485, 0x999},
    {0xb486, 0xb488, 0x387e},
    {0xb489, 0xb489, 0x99a},
    {0xb48a, 0xb490, 0x3881},
    {0xb491, 0xb491, 0x99b},
    {0xb493, 0xb493, 0x99c},
    {0xb494, 0xb494, 0x3888},
    {0xb495, 0xb497, 0x99d},
    {0xb498, 0xb49d, 0x3889},
    {0xb4a1, 0xb4a2, 0x9a0},
    {0xb4a3, 0xb4a4, 0x388f},
    {0xb4a5, 0xb4a5, 0x9a2},
    {0xb4a6, 0xb4a8, 0x3891},
    {0xb4a9, 0xb4a9, 0x9a3},
    {0xb4aa, 0xb4ab, 0x3894},
    {0xb4ac, 0xb4ac, 0x9a4},
    {0xb4ad, 0xb4b0, 0x3896},
    {0xb4b1, 0xb4b1, 0x9a5},
    {0xb4b3, 0xb4b3, 0x9a6},
    {0xb4b4, 0xb4b4, 0x389a},
    {0xb4b5, 0xb4b5, 0x9a7},
    {0xb4b6, 0xb4b6, 0x389b},
    {0xb4b7, 0xb4b7, 0x9a8},
    {0xb4b8, 0xb4ba, 0x389c},
    {0xb4bb, 0xb4bb, 0x9a9},
    {0xb4bc, 0xb4bc, 0x389f},
    {0xb4bd, 0xb4bd, 0x9aa},
    {0xb4c1, 0xb4c1, 0x9ab},
    {0xb4c2, 0xb4c4, 0x38a0},
    {0xb4c5, 0xb4c5, 0x9ac},
    {0xb4c6, 0xb4c8, 0x38a3},
    {0xb4c9, 0xb4c9, 0x9ad},
    {0xb4ca, 0xb4d1, 0x38a6},
    {0xb4d3, 0xb4d3, 0x9ae},
    {0xb4d4, 0xb4dd, 0x38ae},
    {0xb4e1, 0xb4e2, 0x9af},
    {0xb4e3, 0xb4e4, 0x38b8},
    {0xb4e5, 0xb4e6, 0x9b1},
    {0xb4e7, 0xb4e7, 0x38ba},
    {0xb4e8, 0xb4eb, 0x9b3},
    {0xb4ec, 0xb4f0, 0x38bb},
    {0xb4f1, 0xb4f1, 0x9b7},
    {0xb4f3, 0xb4f8, 0x9b8},
    {0xb4f9, 0xb4f9, 0x38c0},
    {0xb4fa, 0xb4fa, 0x9be},
    {0xb4fb, 0xb4fb, 0x38c1},
    {0xb4fc, 0xb4fc, 0x9bf},
    {0xb4fd, 0xb4fd, 0x38c2},
    {0xb541, 0xb542, 0x9c0},
    {0xb543, 0xb544, 0x38c3},
    {0xb545, 0xb545, 0x9c2},
    {0xb546, 0xb548, 0x38c5},
    {0xb549, 0xb549, 0x9c3},
    {0xb54a, 0xb550, 0x38c8},
    {0xb551, 0xb551, 0x9c4},
    {0xb553, 0xb553, 0x9c5},
    {0xb554, 0xb554, 0x38cf},
    {0xb555, 0xb555, 0x9c6},
    {0xb556, 0xb556, 0x38d0},
    {0xb557, 0xb557, 0x9c7},
    {0xb558, 0xb55d, 0x38d1},
    {0xb561, 0xb563, 0x9c8},
    {0xb564, 0xb564, 0x38d7},
    {0xb565, 0xb565, 0x9cb},
    {0xb566, 0xb568, 0x38d8},
    {0xb569, 0xb569, 0x9cc},
    {0xb56a, 0xb56a, 0x38db},
    {0xb56b, 0xb56c, 0x9cd},
    {0xb56d, 0xb570, 0x38dc},
    {0xb571, 0xb571, 0x9cf},
    {0xb573, 0xb577, 0x9d0},
    {0xb578, 0xb57a, 0x38e0},
    {0xb57b, 0xb57d, 0x9d5},
    {0xb581, 0xb581, 0x9d8},
    {0xb582, 0xb584, 0x38e3},
    {0xb585, 0xb585, 0x9d9},
    {0xb586, 0xb588, 0x38e6},
    {0xb589, 0xb589, 0x9da},
    {0xb58a, 0xb590, 0x38e9},
    {0xb591, 0xb591, 0x9db},
    {0xb593, 0xb593, 0x9dc},
    {0xb594, 0xb594, 0x38f0},
    {0xb595, 0xb596, 0x9dd},
    {0xb597, 0xb59d, 0x38f1},
    {0xb5a1, 0xb5a2, 0x9df},
    {0xb5a3, 0xb5a4, 0x38f8},
    {0xb5a5, 0xb5a5, 0x9e1},
    {0xb5a6, 0xb5a8, 0x38fa},
    {0xb5a9, 0xb5ab, 0x9e2},
    {0xb5ac, 0xb5ac, 0x38fd},
    {0xb5ad, 0xb5ad, 0x9e5},
    {0xb5ae, 0xb5af, 0x38fe},
    {0xb5b0, 0xb5b1, 0x9e6},
    {0xb5b3, 0xb5b3, 0x9e8},
    {0xb5b4, 0xb5b4, 0x3900},
    {0xb5b5, 0xb5b5, 0x9e9},
    {0xb5b6, 0xb5b6, 0x3901},
    {0xb5b7, 0xb5b7, 0x9ea},
    {0xb5b8, 0xb5b8, 0x3902},
    {0xb5b9, 0xb5b9, 0x9eb},
    {0xb5ba, 0xb5bd, 0x3903},
    {0xb5c1, 0xb5c2, 0x9ec},
    {0xb5c3, 0xb5c4, 0x3907},
    {0xb5c5, 0xb5c5, 0x9ee},
    {0xb5c6, 0xb5c8, 0x3909},
    {0xb5c9, 0xb5c9, 0x9ef},
    {0xb5ca, 0xb5d0, 0x390c},
    {0xb5d1, 0xb5d1, 0x9f0},
    {0xb5d3, 0xb5d3, 0x9f1},
    {0xb5d4, 0xb5d4, 0x3913},
    {0xb5d5, 0xb5d7, 0x9f2},
    {0xb5d8, 0xb5dd, 0x3914},
    {0xb5e1, 0xb5e2, 0x9f5},
    {0xb5e3, 0xb5e4, 0x391a},
    {0xb5e5, 0xb5e5, 0x9f7},
    {0xb5e6, 0xb5f0, 0x391c},
    {0xb5f1, 0xb5f1, 0x9f8},
    {0xb5f3, 0xb5f4, 0x3927},
    {0xb5f5, 0xb5f5, 0x9f9},
    {0xb5f6, 0xb5f6, 0x3929},
    {0xb5f7, 0xb5f7, 0x9fa},
    {0xb5f8, 0xb5fd, 0x392a},
    {0xb641, 0xb642, 0x9fb},
    {0xb643, 0xb644, 0x3930},
    {0xb645, 0xb645, 0x9fd},
    {0xb646, 0xb648, 0x3932},
    {0xb649, 0xb649, 0x9fe},
    {0xb64a, 0xb650, 0x3935},
    {0xb651, 0xb651, 0x9ff},
    {0xb653, 0xb653, 0xa00},
    {0xb654, 0xb654, 0x393c},
    {0xb655, 0xb655, 0xa01},
    {0xb656, 0xb656, 0x393d},
    {0xb657, 0xb657, 0xa02},
    {0xb658, 0xb65d, 0x393e},
    {0xb661, 0xb662, 0xa03},
    {0xb663, 0xb664, 0x3944},
    {0xb665, 0xb665, 0xa05},
    {0xb666, 0xb668, 0x3946},
    {0xb669, 0xb669, 0xa06},
    {0xb66a, 0xb670, 0x3949},
    {0xb671, 0xb671, 0xa07},
    {0xb673, 0xb673, 0xa08},
    {0xb674, 0xb674, 0x3950},
    {0xb675, 0xb675, 0xa09},
    {0xb676, 0xb676, 0x3951},
    {0xb677, 0xb677, 0xa0a},
    {0xb678, 0xb67d, 0x3952},
    {0xb681, 0xb682, 0xa0b},
    {0xb683, 0xb684, 0x3958},
    {0xb685, 0xb685, 0xa0d},
    {0xb686, 0xb688, 0x395a},
    {0xb689, 0xb68b, 0xa0e},
    {0xb68c, 0xb690, 0x395d},
    {0xb691, 0xb691, 0xa11},
    {0xb693, 0xb693, 0xa12},
    {0xb694, 0xb694, 0x3962},
    {0xb695, 0xb695, 0xa13},
    {0xb696, 0xb696, 0x3963},
    {0xb697, 0xb697, 0xa14},
    {0xb698, 0xb69d, 0x3964},
    {0xb6a1, 0xb6a2, 0xa15},
    {0xb6a3, 0xb6a4, 0x396a},
    {0xb6a5, 0xb6a5, 0xa17},
    {0xb6a6, 0xb6a8, 0x396c},
    {0xb6a9, 0xb6a9, 0xa18},
    {0xb6aa, 0xb6b0, 0x396f},
    {0xb6b1, 0xb6b1, 0xa19},
    {0xb6b3, 0xb6b3, 0xa1a},
    {0xb6b4, 0xb6b5, 0x3976},
    {0xb6b6, 0xb6b7, 0xa1b},
    {0xb6b8, 0xb6bd, 0x3978},
    {0xb6c1, 0xb6c2, 0xa1d},
    {0xb6c3, 0xb6c4, 0x397e},
    {0xb6c5, 0xb6c5, 0xa1f},
    {0xb6c6, 0xb6c8, 0x3980},
    {0xb6c9, 0xb6c9, 0xa20},
    {0xb6ca, 0xb6d0, 0x3983},
    {0xb6d1, 0xb6d1, 0xa21},
    {0xb6d3, 0xb6d3, 0xa22},
    {0xb6d4, 0xb6d6, 0x398a},
    {0xb6d7, 0xb6d7, 0xa23},
    {0xb6d8, 0xb6dd, 0x398d},
    {0xb6e1, 0xb6e2, 0xa24},
    {0xb6e3, 0xb6e4, 0x3993},
    {0xb6e5, 0xb6e5, 0xa26},
    {0xb6e6, 0xb6e8, 0x3995},
    {0xb6e9, 0xb6e9, 0xa27},
    {0xb6ea, 0xb6f0, 0x3998},
    {0xb6f1, 0xb6f1, 0xa28},
    {0xb6f3, 0xb6f3, 0xa29},
    {0xb6f4, 0xb6f4, 0x399f},
    {0xb6f5, 0xb6f5, 0xa2a},
    {0xb6f6, 0xb6f6, 0x39a0},
    {0xb6f7, 0xb6f7, 0xa2b},
    {0xb6f8, 0xb6fd, 0x39a1},
    {0xb741, 0xb742, 0xa2c},
    {0xb743, 0xb744, 0x39a7},
    {0xb745, 0xb745, 0xa2e},
    {0xb746, 0xb748, 0x39a9},
    {0xb749, 0xb749, 0xa2f},
    {0xb74a, 0xb750, 0x39ac},
    {0xb751, 0xb751, 0xa30},
    {0xb753, 0xb753, 0xa31},
    {0xb754, 0xb754, 0x39b3},
    {0xb755, 0xb755, 0xa32},
    {0xb756, 0xb756, 0x39b4},
    {0xb757, 0xb757, 0xa33},
    {0xb758, 0xb758, 0x39b5},
    {0xb759, 0xb759, 0xa34},
    {0xb75a, 0xb75d, 0x39b6},
    {0xb761, 0xb762, 0xa35},
    {0xb763, 0xb764, 0x39ba},
    {0xb765, 0xb765, 0xa37},
    {0xb766, 0xb768, 0x39bc},
    {0xb769, 0xb769, 0xa38},
    {0xb76a, 0xb76e, 0x39bf},
    {0xb76f, 0xb76f, 0xa39},
    {0xb770, 0xb770, 0x39c4},
    {0xb771, 0xb771, 0xa3a},
    {0xb773, 0xb773, 0xa3b},
    {0xb774, 0xb774, 0x39c5},
    {0xb775, 0xb775, 0xa3c},
    {0xb776, 0xb776, 0x39c6},
    {0xb777, 0xb77d, 0xa3d},
    {0xb781, 0xb781, 0xa44},
    {0xb782, 0xb784, 0x39c7},
    {0xb785, 0xb785, 0xa45},
    {0xb786, 0xb788, 0x39ca},
    {0xb789, 0xb789, 0xa46},
    {0xb78a, 0xb790, 0x39cd},
    {0xb791, 0xb791, 0xa47},
    {0xb793, 0xb794, 0x39d4},
    {0xb795, 0xb795, 0xa48},
    {0xb796, 0xb79d, 0x39d6},
    {0xb7a1, 0xb7a2, 0xa49},
    {0xb7a3, 0xb7a4, 0x39de},
    {0xb7a5, 0xb7a5, 0xa4b},
    {0xb7a6, 0xb7a8, 0x39e0},
    {0xb7a9, 0xb7ab, 0xa4c},
    {0xb7ac, 0xb7af, 0x39e3},
    {0xb7b0, 0xb7b1, 0xa4f},
    {0xb7b3, 0xb7b3, 0xa51},
    {0xb7b4, 0xb7b4, 0x39e7},
    {0xb7b5, 0xb7b8, 0xa52},
    {0xb7b9, 0xb7bb, 0x39e8},
    {0xb7bc, 0xb7bc, 0xa56},
    {0xb7bd, 0xb7bd, 0x39eb},
    {0xb841, 0xb841, 0x17d},
    {0xb861, 0xb862, 0xa57},
    {0xb863, 0xb864, 0x39ec},
    {0xb865, 0xb865, 0xa59},
    {0xb866, 0xb866, 0x39ee},
    {0xb867, 0xb869, 0xa5a},
    {0xb86a, 0xb86a, 0x39ef},
    {0xb86b, 0xb86b, 0xa5d},
    {0xb86c, 0xb870, 0x39f0},
    {0xb871, 0xb871, 0xa5e},
    {0xb873, 0xb873, 0xa5f},
    {0xb874, 0xb874, 0x39f5},
    {0xb875, 0xb878, 0xa60},
    {0xb879, 0xb87d, 0x39f6},
    {0xb881, 0xb882, 0xa64},
    {0xb883, 0xb884, 0x39fb},
    {0xb885, 0xb885, 0xa66},
    {0xb886, 0xb888, 0x39fd},
    {0xb889, 0xb889, 0xa67},
    {0xb88a, 0xb890, 0x3a00},
    {0xb891, 0xb891, 0xa68},
    {0xb893, 0xb893, 0xa69},
    {0xb894, 0xb894, 0x3a07},
    {0xb895, 0xb897, 0xa6a},
    {0xb898, 0xb89d, 0x3a08},
    {0xb8a1, 0xb8a2, 0xa6d},
    {0xb8a3, 0xb8a4, 0x3a0e},
    {0xb8a5, 0xb8a5, 0xa6f},
    {0xb8a6, 0xb8a6, 0x3a10},
    {0xb8a7, 0xb8a7, 0xa70},
    {0xb8a8, 0xb8a8, 0x3a11},
    {0xb8a9, 0xb8a9, 0xa71},
    {0xb8aa, 0xb8b0, 0x3a12},
    {0xb8b1, 0xb8b1, 0xa72},
    {0xb8b3, 0xb8b6, 0x3a19},
    {0xb8b7, 0xb8b7, 0xa73},
    {0xb8b8, 0xb8bd, 0x3a1d},
    {0xb8c1, 0xb8c1, 0xa74},
    {0xb8c2, 0xb8c4, 0x3a23},
    {0xb8c5, 0xb8c5, 0xa75},
    {0xb8c6, 0xb8c8, 0x3a26},
    {0xb8c9, 0xb8c9, 0xa76},
    {0xb8ca, 0xb8d1, 0x3a29},
    {0xb8d3, 0xb8dd, 0x3a31},
    {0xb8e1, 0xb8e2, 0xa77},
    {0xb8e3, 0xb8e4, 0x3a3c},
    {0xb8e5, 0xb8e5, 0xa79},
    {0xb8e6, 0xb8e8, 0x3a3e},
    {0xb8e9, 0xb8e9, 0xa7a},
    {0xb8ea, 0xb8ea, 0x3a41},
    {0xb8eb, 0xb8eb, 0xa7b},
    {0xb8ec, 0xb8f0, 0x3a42},
    {0xb8f1, 0xb8f1, 0xa7c},
    {0xb8f3, 0xb8f3, 0xa7d},
    {0xb8f4, 0xb8f4, 0x3a47},
    {0xb8f5, 0xb8f5, 0xa7e},
    {0xb8f6, 0xb8f6, 0x3a48},
    {0xb8f7, 0xb8f8, 0xa7f},
    {0xb8f9, 0xb8fd, 0x3a49},
    {0xb941, 0xb942, 0xa81},
    {0xb943, 0xb944, 0x3a4e},
    {0xb945, 0xb945, 0xa83},
    {0xb946, 0xb948, 0x3a50},
    {0xb949, 0xb949, 0xa84},
    {0xb94a, 0xb950, 0x3a53},
    {0xb951, 0xb951, 0xa85},
    {0xb953, 0xb953, 0xa86},
    {0xb954, 0xb954, 0x3a5a},
    {0xb955, 0xb955, 0xa87},
    {0xb956, 0xb956, 0x3a5b},
    {0xb957, 0xb957, 0xa88},
    {0xb958, 0xb95d, 0x3a5c},
    {0xb961, 0xb961, 0xa89},
    {0xb962, 0xb964, 0x3a62},
    {0xb965, 0xb965, 0xa8a},
    {0xb966, 0xb968, 0x3a65},
    {0xb969, 0xb969, 0xa8b},
    {0xb96a, 0xb970, 0x3a68},
    {0xb971, 0xb971, 0xa8c},
    {0xb973, 0xb973, 0xa8d},
    {0xb974, 0xb975, 0x3a6f},
    {0xb976, 0xb977, 0xa8e},
    {0xb978, 0xb97d, 0x3a71},
    {0xb981, 0xb981, 0xa90},
    {0xb982, 0xb991, 0x3a77},
    {0xb993, 0xb99d, 0x3a87},
    {0xb9a1, 0xb9a2, 0xa91},
    {0xb9a3, 0xb9a4, 0x3a92},
    {0xb9a5, 0xb9a5, 0xa93},
    {0xb9a6, 0xb9a8, 0x3a94},
    {0xb9a9, 0xb9a9, 0xa94},
    {0xb9aa, 0xb9aa, 0x3a97},
    {0xb9ab, 0xb9ab, 0xa95},
    {0xb9ac, 0xb9b0, 0x3a98},
    {0xb9b1, 0xb9b1, 0xa96},
    {0xb9b3, 0xb9b3, 0xa97},
    {0xb9b4, 0xb9b4, 0x3a9d},
    {0xb9b5, 0xb9b5, 0xa98},
    {0xb9b6, 0xb9b6, 0x3a9e},
    {0xb9b7, 0xb9b9, 0xa99},
    {0xb9ba, 0xb9bc, 0x3a9f},
    {0xb9bd, 0xb9bd, 0xa9c},
    {0xb9c1, 0xb9c2, 0xa9d},
    {0xb9c3, 0xb9c8, 0x3aa2},
    {0xb9c9, 0xb9c9, 0xa9f},
    {0xb9ca, 0xb9d1, 0x3aa8},
    {0xb9d3, 0xb9d3, 0xaa0},
    {0xb9d4, 0xb9d4, 0x3ab0},
    {0xb9d5, 0xb9d5, 0xaa1},
    {0xb9d6, 0xb9d6, 0x3ab1},
    {0xb9d7, 0xb9d7, 0xaa2},
    {0xb9d8, 0xb9dd, 0x3ab2},
    {0xb9e1, 0xb9e1, 0xaa3},
    {0xb9e2, 0xb9f1, 0x3ab8},
    {0xb9f3, 0xb9f5, 0x3ac8},
    {0xb9f6, 0xb9f7, 0xaa4},
    {0xb9f8, 0xb9fd, 0x3acb},
    {0xba41, 0xba41, 0xaa6},
    {0xba42, 0xba44, 0x3ad1},
    {0xba45, 0xba45, 0xaa7},
    {0xba46, 0xba48, 0x3ad4},
    {0xba49, 0xba49, 0xaa8},
    {0xba4a, 0xba50, 0x3ad7},
    {0xba51, 0xba51, 0xaa9},
    {0xba53, 0xba53, 0xaaa},
    {0xba54, 0xba54, 0x3ade},
    {0xba55, 0xba55, 0xaab},
    {0xba56, 0xba56, 0x3adf},
    {0xba57, 0xba57, 0xaac},
    {0xba58, 0xba5d, 0x3ae0},
    {0xba61, 0xba62, 0xaad},
    {0xba63, 0xba64, 0x3ae6},
    {0xba65, 0xba65, 0xaaf},
    {0xba66, 0xba71, 0x3ae8},
    {0xba73, 0xba76, 0x3af4},
    {0xba77, 0xba77, 0xab0},
    {0xba78, 0xba7d, 0x3af8},
    {0xba81, 0xba82, 0xab1},
    {0xba83, 0xba84, 0x3afe},
    {0xba85, 0xba85, 0xab3},
    {0xba86, 0xba88, 0x3b00},
    {0xba89, 0xba8b, 0xab4},
    {0xba8c, 0xba90, 0x3b03},
    {0xba91, 0xba91, 0xab7},
    {0xba93, 0xba93, 0xab8},
    {0xba94, 0xba94, 0x3b08},
    {0xba95, 0xba95, 0xab9},
    {0xba96, 0xba96, 0x3b09},
    {0xba97, 0xba97, 0xaba},
    {0xba98, 0xba9d, 0x3b0a},
    {0xbaa1, 0xbaa1, 0xabb},
    {0xbaa2, 0xbab1, 0x3b10},
    {0xbab3, 0xbab5, 0x3b20},
    {0xbab6, 0xbab6, 0xabc},
    {0xbab7, 0xbabd, 0x3b23},
    {0xbac1, 0xbac1, 0xabd},
    {0xbac2, 0xbad1, 0x3b2a},
    {0xbad3, 0xbadd, 0x3b3a},
    {0xbae1, 0xbae2, 0xabe},
    {0xbae3, 0xbae4, 0x3b45},
    {0xbae5, 0xbae5, 0xac0},
    {0xbae6, 0xbae8, 0x3b47},
    {0xbae9, 0xbae9, 0xac1},
    {0xbaea, 0xbaf0, 0x3b4a},
    {0xbaf1, 0xbaf1, 0xac2},
    {0xbaf3, 0xbaf3, 0xac3},
    {0xbaf4, 0xbaf4, 0x3b51},
    {0xbaf5, 0xbaf5, 0xac4},
    {0xbaf6, 0xbafd, 0x3b52},
    {0xbb41, 0xbb41, 0xac5},
    {0xbb42, 0xbb44, 0x3b5a},
    {0xbb45, 0xbb45, 0xac6},
    {0xbb46, 0xbb48, 0x3b5d},
    {0xbb49, 0xbb49, 0xac7},
    {0xbb4a, 0xbb50, 0x3b60},
    {0xbb51, 0xbb51, 0xac8},
    {0xbb53, 0xbb5d, 0x3b67},
    {0xbb61, 0xbb62, 0xac9},
    {0xbb63, 0xbb64, 0x3b72},
    {0xbb65, 0xbb65, 0xacb},
    {0xbb66, 0xbb68, 0x3b74},
    {0xbb69, 0xbb69, 0xacc},
    {0xbb6a, 0xbb70, 0x3b77},
    {0xbb71, 0xbb71, 0xacd},
    {0xbb73, 0xbb73, 0xace},
    {0xbb74, 0xbb74, 0x3b7e},
    {0xbb75, 0xbb75, 0xacf},
    {0xbb76, 0xbb76, 0x3b7f},
    {0xbb77, 0xbb77, 0xad0},
    {0xbb78, 0xbb7d, 0x3b80},
    {0xbb81, 0xbb91, 0x3b86},
    {0xbb93, 0xbb9d, 0x3b97},
    {0xbba1, 0xbba2, 0xad1},
    {0xbba3, 0xbba4, 0x3ba2},
    {0xbba5, 0xbba5, 0xad3},
    {0xbba6, 0xbba7, 0x3ba4},
    {0xbba8, 0xbba9, 0xad4},
    {0xbbaa, 0xbbaa, 0x3ba6},
    {0xbbab, 0xbbab, 0xad6},
    {0xbbac, 0xbbb0, 0x3ba7},
    {0xbbb1, 0xbbb1, 0xad7},
    {0xbbb3, 0xbbb3, 0xad8},
    {0xbbb4, 0xbbb4, 0x3bac},
    {0xbbb5, 0xbbb5, 0xad9},
    {0xbbb6, 0xbbb6, 0x3bad},
    {0xbbb7, 0xbbb8, 0xada},
    {0xbbb9, 0xbbba, 0x3bae},
    {0xbbbb, 0xbbbc, 0xadc},
    {0xbbbd, 0xbbbd, 0x3bb0},
    {0xbc41, 0xbc41, 0x17e},
    {0xbc61, 0xbc62, 0xade},
    {0xbc63, 0xbc64, 0x3bb1},
    {0xbc65, 0xbc65, 0xae0},
    {0xbc66, 0xbc66, 0x3bb3},
    {0xbc67, 0xbc67, 0xae1},
    {0xbc68, 0xbc68, 0x3bb4},
    {0xbc69, 0xbc69, 0xae2},
    {0xbc6a, 0xbc6b, 0x3bb5},
    {0xbc6c, 0xbc6c, 0xae3},
    {0xbc6d, 0xbc70, 0x3bb7},
    {0xbc71, 0xbc71, 0xae4},
    {0xbc73, 0xbc73, 0xae5},
    {0xbc74, 0xbc74, 0x3bbb},
    {0xbc75, 0xbc77, 0xae6},
    {0xbc78, 0xbc7d, 0x3bbc},
    {0xbc81, 0xbc82, 0xae9},
    {0xbc83, 0xbc84, 0x3bc2},
    {0xbc85, 0xbc85, 0xaeb},
    {0xbc86, 0xbc88, 0x3bc4},
    {0xbc89, 0xbc89, 0xaec},
    {0xbc8a, 0xbc90, 0x3bc7},
    {0xbc91, 0xbc91, 0xaed},
    {0xbc93, 0xbc93, 0xaee},
    {0xbc94, 0xbc94, 0x3bce},
    {0xbc95, 0xbc97, 0xaef},
    {0xbc98, 0xbc9d, 0x3bcf},
    {0xbca1, 0xbca1, 0xaf2},
    {0xbca2, 0xbca4, 0x3bd5},
    {0xbca5, 0xbca5, 0xaf3},
    {0xbca6, 0xbcb1, 0x3bd8},
    {0xbcb3, 0xbcb6, 0x3be4},
    {0xbcb7, 0xbcb7, 0xaf4},
    {0xbcb8, 0xbcbd, 0x3be8},
    {0xbcc1, 0xbcd1, 0x3bee},
    {0xbcd3, 0xbcdd, 0x3bff},
    {0xbce1, 0xbce2, 0xaf5},
    {0xbce3, 0xbce4, 0x3c0a},
    {0xbce5, 0xbce5, 0xaf7},
    {0xbce6, 0xbce8, 0x3c0c},
    {0xbce9, 0xbce9, 0xaf8},
    {0xbcea, 0xbcf0, 0x3c0f},
    {0xbcf1, 0xbcf1, 0xaf9},
    {0xbcf3, 0xbcf3, 0xafa},
    {0xbcf4, 0xbcf4, 0x3c16},
    {0xbcf5, 0xbcf7, 0xafb},
    {0xbcf8, 0xbcfd, 0x3c17},
    {0xbd41, 0xbd41, 0xafe},
    {0xbd42, 0xbd51, 0x3c1d},
    {0xbd53, 0xbd56, 0x3c2d},
    {0xbd57, 0xbd57, 0xaff},
    {0xbd58, 0xbd5d, 0x3c31},
    {0xbd61, 0xbd61, 0xb00},
    {0xbd62, 0xbd71, 0x3c37},
    {0xbd73, 0xbd75, 0x3c47},
    {0xbd76, 0xbd76, 0xb01},
    {0xbd77, 0xbd7d, 0x3c4a},
    {0xbd81, 0xbd91, 0x3c51},
    {0xbd93, 0xbd9d, 0x3c62},
    {0xbda1, 0xbda2, 0xb02},
    {0xbda3, 0xbda4, 0x3c6d},
    {0xbda5, 0xbda5, 0xb04},
    {0xbda6, 0xbda8, 0x3c6f},
    {0xbda9, 0xbda9, 0xb05},
    {0xbdaa, 0xbdb0, 0x3c72},
    {0xbdb1, 0xbdb1, 0xb06},
    {0xbdb3, 0xbdb3, 0xb07},
    {0xbdb4, 0xbdb4, 0x3c79},
    {0xbdb5, 0xbdb5, 0xb08},
    {0xbdb6, 0xbdb6, 0x3c7a},
    {0xbdb7, 0xbdb7, 0xb09},
    {0xbdb8, 0xbdb8, 0x3c7b},
    {0xbdb9, 0xbdb9, 0xb0a},
    {0xbdba, 0xbdbd, 0x3c7c},
    {0xbdc1, 0xbdc2, 0xb0b},
    {0xbdc3, 0xbdc8, 0x3c80},
    {0xbdc9, 0xbdc9, 0xb0d},
    {0xbdca, 0xbdd1, 0x3c86},
    {0xbdd3, 0xbdd5, 0x3c8e},
    {0xbdd6, 0xbdd6, 0xb0e},
    {0xbdd7, 0xbddd, 0x3c91},
    {0xbde1, 0xbde1, 0xb0f},
    {0xbde2, 0xbdf1, 0x3c98},
    {0xbdf3, 0xbdf5, 0x3ca8},
    {0xbdf6, 0xbdf6, 0xb10},
    {0xbdf7, 0xbdfd, 0x3cab},
    {0xbe41, 0xbe41, 0xb11},
    {0xbe42, 0xbe44, 0x3cb2},
    {0xbe45, 0xbe45, 0xb12},
    {0xbe46, 0xbe48, 0x3cb5},
    {0xbe49, 0xbe49, 0xb13},
    {0xbe4a, 0xbe50, 0x3cb8},
    {0xbe51, 0xbe51, 0xb14},
    {0xbe53, 0xbe53, 0xb15},
    {0xbe54, 0xbe5d, 0x3cbf},
    {0xbe61, 0xbe71, 0x3cc9},
    {0xbe73, 0xbe76, 0x3cda},
    {0xbe77, 0xbe77, 0xb16},
    {0xbe78, 0xbe7d, 0x3cde},
    {0xbe81, 0xbe82, 0xb17},
    {0xbe83, 0xbe84, 0x3ce4},
    {0xbe85, 0xbe85, 0xb19},
    {0xbe86, 0xbe88, 0x3ce6},
    {0xbe89, 0xbe89, 0xb1a},
    {0xbe8a, 0xbe90, 0x3ce9},
    {0xbe91, 0xbe91, 0xb1b},
    {0xbe93, 0xbe93, 0xb1c},
    {0xbe94, 0xbe96, 0x3cf0},
    {0xbe97, 0xbe97, 0xb1d},
    {0xbe98, 0xbe9d, 0x3cf3},
    {0xbea1, 0xbea1, 0xb1e},
    {0xbea2, 0xbeb1, 0x3cf9},
    {0xbeb3, 0xbeb5, 0x3d09},
    {0xbeb6, 0xbeb7, 0xb1f},
    {0xbeb8, 0xbebd, 0x3d0c},
    {0xbec1, 0xbed1, 0x3d12},
    {0xbed3, 0xbedd, 0x3d23},
    {0xbee1, 0xbee1, 0xb21},
    {0xbee2, 0xbef1, 0x3d2e},
    {0xbef3, 0xbefd, 0x3d3e},
    {0xbf41, 0xbf41, 0xb22},
    {0xbf42, 0xbf51, 0x3d49},
    {0xbf53, 0xbf5d, 0x3d59},
    {0xbf61, 0xbf61, 0xb23},
    {0xbf62, 0xbf70, 0x3d64},
    {0xbf71, 0xbf71, 0xb24},
    {0xbf73, 0xbf74, 0x3d73},
    {0xbf75, 0xbf75, 0xb25},
    {0xbf76, 0xbf76, 0x3d75},
    {0xbf77, 0xbf77, 0xb26},
    {0xbf78, 0xbf7d, 0x3d76},
    {0xbf81, 0xbf91, 0x3d7c},
    {0xbf93, 0xbf9d, 0x3d8d},
    {0xbfa1, 0xbfa2, 0xb27},
    {0xbfa3, 0xbfa4, 0x3d98},
    {0xbfa5, 0xbfa5, 0xb29},
    {0xbfa6, 0xbfa8, 0x3d9a},
    {0xbfa9, 0xbfa9, 0xb2a},
    {0xbfaa, 0xbfb0, 0x3d9d},
    {0xbfb1, 0xbfb1, 0xb2b},
    {0xbfb3, 0xbfb3, 0xb2c},
    {0xbfb4, 0xbfb6, 0x3da4},
    {0xbfb7, 0xbfb8, 0xb2d},
    {0xbfb9, 0xbfbc, 0x3da7},
    {0xbfbd, 0xbfbd, 0xb2f},
    {0xc041, 0xc041, 0x17f},
    {0xc061, 0xc062, 0xb30},
    {0xc063, 0xc064, 0x3dab},
    {0xc065, 0xc065, 0xb32},
    {0xc066, 0xc066, 0x3dad},
    {0xc067, 0xc067, 0xb33},
    {0xc068, 0xc068, 0x3dae},
    {0xc069, 0xc069, 0xb34},
    {0xc06a, 0xc070, 0x3daf},
    {0xc071, 0xc071, 0xb35},
    {0xc073, 0xc073, 0xb36},
    {0xc074, 0xc074, 0x3db6},
    {0xc075, 0xc078, 0xb37},
    {0xc079, 0xc07d, 0x3db7},
    {0xc081, 0xc082, 0xb3b},
    {0xc083, 0xc084, 0x3dbc},
    {0xc085, 0xc085, 0xb3d},
    {0xc086, 0xc088, 0x3dbe},
    {0xc089, 0xc089, 0xb3e},
    {0xc08a, 0xc090, 0x3dc1},
    {0xc091, 0xc091, 0xb3f},
    {0xc093, 0xc093, 0xb40},
    {0xc094, 0xc094, 0x3dc8},
    {0xc095, 0xc097, 0xb41},
    {0xc098, 0xc09d, 0x3dc9},
    {0xc0a1, 0xc0a1, 0xb44},
    {0xc0a2, 0xc0a4, 0x3dcf},
    {0xc0a5, 0xc0a5, 0xb45},
    {0xc0a6, 0xc0a6, 0x3dd2},
    {0xc0a7, 0xc0a7, 0xb46},
    {0xc0a8, 0xc0a8, 0x3dd3},
    {0xc0a9, 0xc0a9, 0xb47},
    {0xc0aa, 0xc0b0, 0x3dd4},
    {0xc0b1, 0xc0b1, 0xb48},
    {0xc0b3, 0xc0b6, 0x3ddb},
    {0xc0b7, 0xc0b7, 0xb49},
    {0xc0b8, 0xc0bd, 0x3ddf},
    {0xc0c1, 0xc0d1, 0x3de5},
    {0xc0d3, 0xc0dd, 0x3df6},
    {0xc0e1, 0xc0e2, 0xb4a},
    {0xc0e3, 0xc0e4, 0x3e01},
    {0xc0e5, 0xc0e5, 0xb4c},
    {0xc0e6, 0xc0e8, 0x3e03},
    {0xc0e9, 0xc0e9, 0xb4d},
    {0xc0ea, 0xc0f0, 0x3e06},
    {0xc0f1, 0xc0f1, 0xb4e},
    {0xc0f3, 0xc0f3, 0xb4f},
    {0xc0f4, 0xc0f4, 0x3e0d},
    {0xc0f5, 0xc0f7, 0xb50},
    {0xc0f8, 0xc0fd, 0x3e0e},
    {0xc141, 0xc142, 0xb53},
    {0xc143, 0xc144, 0x3e14},
    {0xc145, 0xc145, 0xb55},
    {0xc146, 0xc148, 0x3e16},
    {0xc149, 0xc149, 0xb56},
    {0xc14a, 0xc150, 0x3e19},
    {0xc151, 0xc151, 0xb57},
    {0xc153, 0xc153, 0xb58},
    {0xc154, 0xc154, 0x3e20},
    {0xc155, 0xc155, 0xb59},
    {0xc156, 0xc156, 0x3e21},
    {0xc157, 0xc157, 0xb5a},
    {0xc158, 0xc15d, 0x3e22},
    {0xc161, 0xc161, 0xb5b},
    {0xc162, 0xc164, 0x3e28},
    {0xc165, 0xc165, 0xb5c},
    {0xc166, 0xc171, 0x3e2b},
    {0xc173, 0xc175, 0x3e37},
    {0xc176, 0xc176, 0xb5d},
    {0xc177, 0xc17d, 0x3e3a},
    {0xc181, 0xc181, 0xb5e},
    {0xc182, 0xc184, 0x3e41},
    {0xc185, 0xc185, 0xb5f},
    {0xc186, 0xc191, 0x3e44},
    {0xc193, 0xc196, 0x3e50},
    {0xc197, 0xc197, 0xb60},
    {0xc198, 0xc19d, 0x3e54},
    {0xc1a1, 0xc1a2, 0xb61},
    {0xc1a3, 0xc1a4, 0x3e5a},
    {0xc1a5, 0xc1a5, 0xb63},
    {0xc1a6, 0xc1a8, 0x3e5c},
    {0xc1a9, 0xc1a9, 0xb64},
    {0xc1aa, 0xc1b0, 0x3e5f},
    {0xc1b1, 0xc1b1, 0xb65},
    {0xc1b3, 0xc1b3, 0xb66},
    {0xc1b4, 0xc1b4, 0x3e66},
    {0xc1b5, 0xc1b5, 0xb67},
    {0xc1b6, 0xc1b6, 0x3e67},
    {0xc1b7, 0xc1b7, 0xb68},
    {0xc1b8, 0xc1bd, 0x3e68},
    {0xc1c1, 0xc1c1, 0xb69},
    {0xc1c2, 0xc1c4, 0x3e6e},
    {0xc1c5, 0xc1c5, 0xb6a},
    {0xc1c6, 0xc1c8, 0x3e71},
    {0xc1c9, 0xc1c9, 0xb6b},
    {0xc1ca, 0xc1d1, 0x3e74},
    {0xc1d3, 0xc1d6, 0x3e7c},
    {0xc1d7, 0xc1d7, 0xb6c},
    {0xc1d8, 0xc1dd, 0x3e80},
    {0xc1e1, 0xc1f1, 0x3e86},
    {0xc1f3, 0xc1fd, 0x3e97},
    {0xc241, 0xc241, 0xb6d},
    {0xc242, 0xc244, 0x3ea2},
    {0xc245, 0xc245, 0xb6e},
    {0xc246, 0xc248, 0x3ea5},
    {0xc249, 0xc249, 0xb6f},
    {0xc24a, 0xc250, 0x3ea8},
    {0xc251, 0xc251, 0xb70},
    {0xc253, 0xc253, 0xb71},
    {0xc254, 0xc254, 0x3eaf},
    {0xc255, 0xc255, 0xb72},
    {0xc256, 0xc256, 0x3eb0},
    {0xc257, 0xc257, 0xb73},
    {0xc258, 0xc25d, 0x3eb1},
    {0xc261, 0xc261, 0xb74},
    {0xc262, 0xc270, 0x3eb7},
    {0xc271, 0xc271, 0xb75},
    {0xc273, 0xc27d, 0x3ec6},
    {0xc281, 0xc282, 0xb76},
    {0xc283, 0xc284, 0x3ed1},
    {0xc285, 0xc285, 0xb78},
    {0xc286, 0xc288, 0x3ed3},
    {0xc289, 0xc289, 0xb79},
    {0xc28a, 0xc290, 0x3ed6},
    {0xc291, 0xc291, 0xb7a},
    {0xc293, 0xc293, 0xb7b},
    {0xc294, 0xc294, 0x3edd},
    {0xc295, 0xc295, 0xb7c},
    {0xc296, 0xc296, 0x3ede},
    {0xc297, 0xc297, 0xb7d},
    {0xc298, 0xc29d, 0x3edf},
    {0xc2a1, 0xc2a1, 0xb7e},
    {0xc2a2, 0xc2b1, 0x3ee5},
    {0xc2b3, 0xc2b5, 0x3ef5},
    {0xc2b6, 0xc2b6, 0xb7f},
    {0xc2b7, 0xc2bd, 0x3ef8},
    {0xc2c1, 0xc2c1, 0xb80},
    {0xc2c2, 0xc2c4, 0x3eff},
    {0xc2c5, 0xc2c5, 0xb81},
    {0xc2c6, 0xc2d1, 0x3f02},
    {0xc2d3, 0xc2dd, 0x3f0e},
    {0xc2e1, 0xc2e1, 0xb82},
    {0xc2e2, 0xc2e4, 0x3f19},
    {0xc2e5, 0xc2e5, 0xb83},
    {0xc2e6, 0xc2e8, 0x3f1c},
    {0xc2e9, 0xc2e9, 0xb84},
    {0xc2ea, 0xc2f0, 0x3f1f},
    {0xc2f1, 0xc2f1, 0xb85},
    {0xc2f3, 0xc2f3, 0xb86},
    {0xc2f4, 0xc2f4, 0x3f26},
    {0xc2f5, 0xc2f5, 0xb87},
    {0xc2f6, 0xc2f6, 0x3f27},
    {0xc2f7, 0xc2f7, 0xb88},
    {0xc2f8, 0xc2fd, 0x3f28},
    {0xc341, 0xc341, 0xb89},
    {0xc342, 0xc344, 0x3f2e},
    {0xc345, 0xc345, 0xb8a},
    {0xc346, 0xc348, 0x3f31},
    {0xc349, 0xc349, 0xb8b},
    {0xc34a, 0xc350, 0x3f34},
    {0xc351, 0xc351, 0xb8c},
    {0xc353, 0xc356, 0x3f3b},
    {0xc357, 0xc357, 0xb8d},
    {0xc358, 0xc35d, 0x3f3f},
    {0xc361, 0xc362, 0xb8e},
    {0xc363, 0xc364, 0x3f45},
    {0xc365, 0xc365, 0xb90},
    {0xc366, 0xc368, 0x3f47},
    {0xc369, 0xc369, 0xb91},
    {0xc36a, 0xc370, 0x3f4a},
    {0xc371, 0xc371, 0xb92},
    {0xc373, 0xc373, 0xb93},
    {0xc374, 0xc374, 0x3f51},
    {0xc375, 0xc375, 0xb94},
    {0xc376, 0xc376, 0x3f52},
    {0xc377, 0xc377, 0xb95},
    {0xc378, 0xc37d, 0x3f53},
    {0xc381, 0xc391, 0x3f59},
    {0xc393, 0xc39d, 0x3f6a},
    {0xc3a1, 0xc3a2, 0xb96},
    {0xc3a3, 0xc3a4, 0x3f75},
    {0xc3a5, 0xc3a5, 0xb98},
    {0xc3a6, 0xc3a7, 0x3f77},
    {0xc3a8, 0xc3aa, 0xb99},
    {0xc3ab, 0xc3b0, 0x3f79},
    {0xc3b1, 0xc3b1, 0xb9c},
    {0xc3b3, 0xc3b3, 0xb9d},
    {0xc3b4, 0xc3b4, 0x3f7f},
    {0xc3b5, 0xc3b5, 0xb9e},
    {0xc3b6, 0xc3b6, 0x3f80},
    {0xc3b7, 0xc3b7, 0xb9f},
    {0xc3b8, 0xc3bd, 0x3f81},
    {0xc441, 0xc441, 0x180},
    {0xc461, 0xc462, 0xba0},
    {0xc463, 0xc464, 0x3f87},
    {0xc465, 0xc465, 0xba2},
    {0xc466, 0xc468, 0x3f89},
    {0xc469, 0xc469, 0xba3},
    {0xc46a, 0xc470, 0x3f8c},
    {0xc471, 0xc471, 0xba4},
    {0xc473, 0xc473, 0xba5},
    {0xc474, 0xc474, 0x3f93},
    {0xc475, 0xc475, 0xba6},
    {0xc476, 0xc476, 0x3f94},
    {0xc477, 0xc477, 0xba7},
    {0xc478, 0xc47d, 0x3f95},
    {0xc481, 0xc482, 0xba8},
    {0xc483, 0xc484, 0x3f9b},
    {0xc485, 0xc485, 0xbaa},
    {0xc486, 0xc488, 0x3f9d},
    {0xc489, 0xc489, 0xbab},
    {0xc48a, 0xc490, 0x3fa0},
    {0xc491, 0xc491, 0xbac},
    {0xc493, 0xc493, 0xbad},
    {0xc494, 0xc494, 0x3fa7},
    {0xc495, 0xc497, 0xbae},
    {0xc498, 0xc49d, 0x3fa8},
    {0xc4a1, 0xc4a2, 0xbb1},
    {0xc4a3, 0xc4b1, 0x3fae},
    {0xc4b3, 0xc4b6, 0x3fbd},
    {0xc4b7, 0xc4b7, 0xbb3},
    {0xc4b8, 0xc4bd, 0x3fc1},
    {0xc4c1, 0xc4d1, 0x3fc7},
    {0xc4d3, 0xc4dd, 0x3fd8},
    {0xc4e1, 0xc4e2, 0xbb4},
    {0xc4e3, 0xc4e4, 0x3fe3},
    {0xc4e5, 0xc4e5, 0xbb6},
    {0xc4e6, 0xc4e7, 0x3fe5},
    {0xc4e8, 0xc4e9, 0xbb7},
    {0xc4ea, 0xc4f0, 0x3fe7},
    {0xc4f1, 0xc4f1, 0xbb9},
    {0xc4f3, 0xc4f3, 0xbba},
    {0xc4f4, 0xc4f4, 0x3fee},
    {0xc4f5, 0xc4f7, 0xbbb},
    {0xc4f8, 0xc4fd, 0x3fef},
    {0xc541, 0xc542, 0xbbe},
    {0xc543, 0xc544, 0x3ff5},
    {0xc545, 0xc545, 0xbc0},
    {0xc546, 0xc548, 0x3ff7},
    {0xc549, 0xc549, 0xbc1},
    {0xc54a, 0xc550, 0x3ffa},
    {0xc551, 0xc551, 0xbc2},
    {0xc553, 0xc553, 0xbc3},
    {0xc554, 0xc554, 0x4001},
    {0xc555, 0xc555, 0xbc4},
    {0xc556, 0xc556, 0x4002},
    {0xc557, 0xc557, 0xbc5},
    {0xc558, 0xc55d, 0x4003},
    {0xc561, 0xc561, 0xbc6},
    {0xc562, 0xc564, 0x4009},
    {0xc565, 0xc565, 0xbc7},
    {0xc566, 0xc568, 0x400c},
    {0xc569, 0xc569, 0xbc8},
    {0xc56a, 0xc570, 0x400f},
    {0xc571, 0xc571, 0xbc9},
    {0xc573, 0xc573, 0xbca},
    {0xc574, 0xc574, 0x4016},
    {0xc575, 0xc577, 0xbcb},
    {0xc578, 0xc57d, 0x4017},
    {0xc581, 0xc581, 0xbce},
    {0xc582, 0xc591, 0x401d},
    {0xc593, 0xc59d, 0x402d},
    {0xc5a1, 0xc5a2, 0xbcf},
    {0xc5a3, 0xc5a4, 0x4038},
    {0xc5a5, 0xc5a5, 0xbd1},
    {0xc5a6, 0xc5a8, 0x403a},
    {0xc5a9, 0xc5a9, 0xbd2},
    {0xc5aa, 0xc5b0, 0x403d},
    {0xc5b1, 0xc5b1, 0xbd3},
    {0xc5b3, 0xc5b3, 0xbd4},
    {0xc5b4, 0xc5b4, 0x4044},
    {0xc5b5, 0xc5b5, 0xbd5},
    {0xc5b6, 0xc5b6, 0x4045},
    {0xc5b7, 0xc5b7, 0xbd6},
    {0xc5b8, 0xc5bd, 0x4046},
    {0xc5c1, 0xc5c2, 0xbd7},
    {0xc5c3, 0xc5c4, 0x404c},
    {0xc5c5, 0xc5c5, 0xbd9},
    {0xc5c6, 0xc5c8, 0x404e},
    {0xc5c9, 0xc5c9, 0xbda},
    {0xc5ca, 0xc5d0, 0x4051},
    {0xc5d1, 0xc5d1, 0xbdb},
    {0xc5d3, 0xc5d6, 0x4058},
    {0xc5d7, 0xc5d7, 0xbdc},
    {0xc5d8, 0xc5dd, 0x405c},
    {0xc5e1, 0xc5e1, 0xbdd},
    {0xc5e2, 0xc5f1, 0x4062},
    {0xc5f3, 0xc5f6, 0x4072},
    {0xc5f7, 0xc5f7, 0xbde},
    {0xc5f8, 0xc5fd, 0x4076},
    {0xc641, 0xc641, 0xbdf},
    {0xc642, 0xc648, 0x407c},
    {0xc649, 0xc649, 0xbe0},
    {0xc64a, 0xc651, 0x4083},
    {0xc653, 0xc65d, 0x408b},
    {0xc661, 0xc661, 0xbe1},
    {0xc662, 0xc671, 0x4096},
    {0xc673, 0xc67d, 0x40a6},
    {0xc681, 0xc682, 0xbe2},
    {0xc683, 0xc684, 0x40b1},
    {0xc685, 0xc685, 0xbe4},
    {0xc686, 0xc688, 0x40b3},
    {0xc689, 0xc689, 0xbe5},
    {0xc68a, 0xc690, 0x40b6},
    {0xc691, 0xc691, 0xbe6},
    {0xc693, 0xc693, 0xbe7},
    {0xc694, 0xc694, 0x40bd},
    {0xc695, 0xc695, 0xbe8},
    {0xc696, 0xc696, 0x40be},
    {0xc697, 0xc697, 0xbe9},
    {0xc698, 0xc69d, 0x40bf},
    {0xc6a1, 0xc6a1, 0xbea},
    {0xc6a2, 0xc6a4, 0x40c5},
    {0xc6a5, 0xc6a5, 0xbeb},
    {0xc6a6, 0xc6a8, 0x40c8},
    {0xc6a9, 0xc6a9, 0xbec},
    {0xc6aa, 0xc6b1, 0x40cb},
    {0xc6b3, 0xc6b6, 0x40d3},
    {0xc6b7, 0xc6b7, 0xbed},
    {0xc6b8, 0xc6bd, 0x40d7},
    {0xc6c1, 0xc6c1, 0xbee},
    {0xc6c2, 0xc6d1, 0x40dd},
    {0xc6d3, 0xc6d6, 0x40ed},
    {0xc6d7, 0xc6d7, 0xbef},
    {0xc6d8, 0xc6dd, 0x40f1},
    {0xc6e1, 0xc6e2, 0xbf0},
    {0xc6e3, 0xc6e4, 0x40f7},
    {0xc6e5, 0xc6e5, 0xbf2},
    {0xc6e6, 0xc6e8, 0x40f9},
    {0xc6e9, 0xc6e9, 0xbf3},
    {0xc6ea, 0xc6f0, 0x40fc},
    {0xc6f1, 0xc6f1, 0xbf4},
    {0xc6f3, 0xc6f3, 0xbf5},
    {0xc6f4, 0xc6f4, 0x4103},
    {0xc6f5, 0xc6f5, 0xbf6},
    {0xc6f6, 0xc6f6, 0x4104},
    {0xc6f7, 0xc6f7, 0xbf7},
    {0xc6f8, 0xc6fd, 0x4105},
    {0xc741, 0xc741, 0xbf8},
    {0xc742, 0xc744, 0x410b},
    {0xc745, 0xc745, 0xbf9},
    {0xc746, 0xc748, 0x410e},
    {0xc749, 0xc749, 0xbfa},
    {0xc74a, 0xc750, 0x4111},
    {0xc751, 0xc751, 0xbfb},
    {0xc753, 0xc75d, 0x4118},
    {0xc761, 0xc762, 0xbfc},
    {0xc763, 0xc764, 0x4123},
    {0xc765, 0xc765, 0xbfe},
    {0xc766, 0xc768, 0x4125},
    {0xc769, 0xc769, 0xbff},
    {0xc76a, 0xc770, 0x4128},
    {0xc771, 0xc771, 0xc00},
    {0xc773, 0xc773, 0xc01},
    {0xc774, 0xc776, 0x412f},
    {0xc777, 0xc777, 0xc02},
    {0xc778, 0xc77d, 0x4132},
    {0xc781, 0xc791, 0x4138},
    {0xc793, 0xc79d, 0x4149},
    {0xc7a1, 0xc7a2, 0xc03},
    {0xc7a3, 0xc7a4, 0x4154},
    {0xc7a5, 0xc7a5, 0xc05},
    {0xc7a6, 0xc7a8, 0x4156},
    {0xc7a9, 0xc7a9, 0xc06},
    {0xc7aa, 0xc7b0, 0x4159},
    {0xc7b1, 0xc7b1, 0xc07},
    {0xc7b3, 0xc7b3, 0xc08},
    {0xc7b4, 0xc7b4, 0x4160},
    {0xc7b5, 0xc7b5, 0xc09},
    {0xc7b6, 0xc7b6, 0x4161},
    {0xc7b7, 0xc7b7, 0xc0a},
    {0xc7b8, 0xc7bd, 0x4162},
    {0xc841, 0xc841, 0x181},
    {0xc861, 0xc862, 0xc0b},
    {0xc863, 0xc864, 0x4168},
    {0xc865, 0xc865, 0xc0d},
    {0xc866, 0xc868, 0x416a},
    {0xc869, 0xc86a, 0xc0e},
    {0xc86b, 0xc870, 0x416d},
    {0xc871, 0xc871, 0xc10},
    {0xc873, 0xc873, 0xc11},
    {0xc874, 0xc874, 0x4173},
    {0xc875, 0xc877, 0xc12},
    {0xc878, 0xc87d, 0x4174},
    {0xc881, 0xc882, 0xc15},
    {0xc883, 0xc884, 0x417a},
    {0xc885, 0xc885, 0xc17},
    {0xc886, 0xc888, 0x417c},
    {0xc889, 0xc889, 0xc18},
    {0xc88a, 0xc890, 0x417f},
    {0xc891, 0xc891, 0xc19},
    {0xc893, 0xc893, 0xc1a},
    {0xc894, 0xc894, 0x4186},
    {0xc895, 0xc897, 0xc1b},
    {0xc898, 0xc89d, 0x4187},
    {0xc8a1, 0xc8a1, 0xc1e},
    {0xc8a2, 0xc8b1, 0x418d},
    {0xc8b3, 0xc8b6, 0x419d},
    {0xc8b7, 0xc8b7, 0xc1f},
    {0xc8b8, 0xc8bd, 0x41a1},
    {0xc8c1, 0xc8d1, 0x41a7},
    {0xc8d3, 0xc8dd, 0x41b8},
    {0xc8e1, 0xc8e2, 0xc20},
    {0xc8e3, 0xc8e4, 0x41c3},
    {0xc8e5, 0xc8e5, 0xc22},
    {0xc8e6, 0xc8e8, 0x41c5},
    {0xc8e9, 0xc8e9, 0xc23},
    {0xc8ea, 0xc8ea, 0x41c8},
    {0xc8eb, 0xc8eb, 0xc24},
    {0xc8ec, 0xc8f0, 0x41c9},
    {0xc8f1, 0xc8f1, 0xc25},
    {0xc8f3, 0xc8f3, 0xc26},
    {0xc8f4, 0xc8f4, 0x41ce},
    {0xc8f5, 0xc8f7, 0xc27},
    {0xc8f8, 0xc8fd, 0x41cf},
    {0xc941, 0xc942, 0xc2a},
    {0xc943, 0xc944, 0x41d5},
    {0xc945, 0xc945, 0xc2c},
    {0xc946, 0xc948, 0x41d7},
    {0xc949, 0xc949, 0xc2d},
    {0xc94a, 0xc950, 0x41da},
    {0xc951, 0xc951, 0xc2e},
    {0xc953, 0xc953, 0xc2f},
    {0xc954, 0xc954, 0x41e1},
    {0xc955, 0xc955, 0xc30},
    {0xc956, 0xc956, 0x41e2},
    {0xc957, 0xc957, 0xc31},
    {0xc958, 0xc95d, 0x41e3},
    {0xc961, 0xc961, 0xc32},
    {0xc962, 0xc964, 0x41e9},
    {0xc965, 0xc965, 0xc33},
    {0xc966, 0xc971, 0x41ec},
    {0xc973, 0xc975, 0x41f8},
    {0xc976, 0xc976, 0xc34},
    {0xc977, 0xc97d, 0x41fb},
    {0xc981, 0xc981, 0xc35},
    {0xc982, 0xc984, 0x4202},
    {0xc985, 0xc985, 0xc36},
    {0xc986, 0xc991, 0x4205},
    {0xc993, 0xc99d, 0x4211},
    {0xc9a1, 0xc9a2, 0xc37},
    {0xc9a3, 0xc9a4, 0x421c},
    {0xc9a5, 0xc9a5, 0xc39},
    {0xc9a6, 0xc9a8, 0x421e},
    {0xc9a9, 0xc9a9, 0xc3a},
    {0xc9aa, 0xc9b0, 0x4221},
    {0xc9b1, 0xc9b1, 0xc3b},
    {0xc9b3, 0xc9b3, 0xc3c},
    {0xc9b4, 0xc9b4, 0x4228},
    {0xc9b5, 0xc9b5, 0xc3d},
    {0xc9b6, 0xc9b6, 0x4229},
    {0xc9b7, 0xc9b7, 0xc3e},
    {0xc9b8, 0xc9bb, 0x422a},
    {0xc9bc, 0xc9bc, 0xc3f},
    {0xc9bd, 0xc9bd, 0x422e},
    {0xc9c1, 0xc9c1, 0xc40},
    {0xc9c2, 0xc9c4, 0x422f},
    {0xc9c5, 0xc9c5, 0xc41},
    {0xc9c6, 0xc9d1, 0x4232},
    {0xc9d3, 0xc9dd, 0x423e},
    {0xc9e1, 0xc9e1, 0xc42},
    {0xc9e2, 0xc9f1, 0x4249},
    {0xc9f3, 0xc9fd, 0x4259},
    {0xca41, 0xca41, 0xc43},
    {0xca42, 0xca44, 0x4264},
    {0xca45, 0xca45, 0xc44},
    {0xca46, 0xca51, 0x4267},
    {0xca53, 0xca54, 0x4273},
    {0xca55, 0xca55, 0xc45},
    {0xca56, 0xca56, 0x4275},
    {0xca57, 0xca57, 0xc46},
    {0xca58, 0xca5d, 0x4276},
    {0xca61, 0xca61, 0xc47},
    {0xca62, 0xca71, 0x427c},
    {0xca73, 0xca7d, 0x428c},
    {0xca81, 0xca82, 0xc48},
    {0xca83, 0xca84, 0x4297},
    {0xca85, 0xca85, 0xc4a},
    {0xca86, 0xca88, 0x4299},
    {0xca89, 0xca89, 0xc4b},
    {0xca8a, 0xca90, 0x429c},
    {0xca91, 0xca91, 0xc4c},
    {0xca93, 0xca93, 0xc4d},
    {0xca94, 0xca94, 0x42a3},
    {0xca95, 0xca95, 0xc4e},
    {0xca96, 0xca96, 0x42a4},
    {0xca97, 0xca97, 0xc4f},
    {0xca98, 0xca9d, 0x42a5},
    {0xcaa1, 0xcaa1, 0xc50},
    {0xcaa2, 0xcab1, 0x42ab},
    {0xcab3, 0xcab5, 0x42bb},
    {0xcab6, 0xcab6, 0xc51},
    {0xcab7, 0xcabd, 0x42be},
    {0xcac1, 0xcac1, 0xc52},
    {0xcac2, 0xcad1, 0x42c5},
    {0xcad3, 0xcadd, 0x42d5},
    {0xcae1, 0xcae2, 0xc53},
    {0xcae3, 0xcae4, 0x42e0},
    {0xcae5, 0xcae5, 0xc55},
    {0xcae6, 0xcae8, 0x42e2},
    {0xcae9, 0xcae9, 0xc56},
    {0xcaea, 0xcaf0, 0x42e5},
    {0xcaf1, 0xcaf1, 0xc57},
    {0xcaf3, 0xcaf3, 0xc58},
    {0xcaf4, 0xcaf6, 0x42ec},
    {0xcaf7, 0xcaf7, 0xc59},
    {0xcaf8, 0xcafd, 0x42ef},
    {0xcb41, 0xcb41, 0xc5a},
    {0xcb42, 0xcb44, 0x42f5},
    {0xcb45, 0xcb45, 0xc5b},
    {0xcb46, 0xcb48, 0x42f8},
    {0xcb49, 0xcb49, 0xc5c},
    {0xcb4a, 0xcb50, 0x42fb},
    {0xcb51, 0xcb51, 0xc5d},
    {0xcb53, 0xcb56, 0x4302},
    {0xcb57, 0xcb57, 0xc5e},
    {0xcb58, 0xcb5d, 0x4306},
    {0xcb61, 0xcb62, 0xc5f},
    {0xcb63, 0xcb64, 0x430c},
    {0xcb65, 0xcb65, 0xc61},
    {0xcb66, 0xcb67, 0x430e},
    {0xcb68, 0xcb69, 0xc62},
    {0xcb6a, 0xcb6a, 0x4310},
    {0xcb6b, 0xcb6b, 0xc64},
    {0xcb6c, 0xcb70, 0x4311},
    {0xcb71, 0xcb71, 0xc65},
    {0xcb73, 0xcb73, 0xc66},
    {0xcb74, 0xcb74, 0x4316},
    {0xcb75, 0xcb75, 0xc67},
    {0xcb76, 0xcb7d, 0x4317},
    {0xcb81, 0xcb81, 0xc68},
    {0xcb82, 0xcb84, 0x431f},
    {0xcb85, 0xcb85, 0xc69},
    {0xcb86, 0xcb88, 0x4322},
    {0xcb89, 0xcb89, 0xc6a},
    {0xcb8a, 0xcb90, 0x4325},
    {0xcb91, 0xcb91, 0xc6b},
    {0xcb93, 0xcb93, 0xc6c},
    {0xcb94, 0xcb9d, 0x432c},
    {0xcba1, 0xcba2, 0xc6d},
    {0xcba3, 0xcba4, 0x4336},
    {0xcba5, 0xcba5, 0xc6f},
    {0xcba6, 0xcba8, 0x4338},
    {0xcba9, 0xcba9, 0xc70},
    {0xcbaa, 0xcbb0, 0x433b},
    {0xcbb1, 0xcbb1, 0xc71},
    {0xcbb3, 0xcbb3, 0xc72},
    {0xcbb4, 0xcbb4, 0x4342},
    {0xcbb5, 0xcbb5, 0xc73},
    {0xcbb6, 0xcbb6, 0x4343},
    {0xcbb7, 0xcbb7, 0xc74},
    {0xcbb8, 0xcbbd, 0x4344},
    {0xcc41, 0xcc41, 0x182},
    {0xcc61, 0xcc63, 0xc75},
    {0xcc64, 0xcc64, 0x434a},
    {0xcc65, 0xcc65, 0xc78},
    {0xcc66, 0xcc68, 0x434b},
    {0xcc69, 0xcc69, 0xc79},
    {0xcc6a, 0xcc6a, 0x434e},
    {0xcc6b, 0xcc6b, 0xc7a},
    {0xcc6c, 0xcc70, 0x434f},
    {0xcc71, 0xcc71, 0xc7b},
    {0xcc73, 0xcc73, 0xc7c},
    {0xcc74, 0xcc74, 0x4354},
    {0xcc75, 0xcc77, 0xc7d},
    {0xcc78, 0xcc7a, 0x4355},
    {0xcc7b, 0xcc7b, 0xc80},
    {0xcc7c, 0xcc7d, 0x4358},
    {0xcc81, 0xcc82, 0xc81},
    {0xcc83, 0xcc84, 0x435a},
    {0xcc85, 0xcc85, 0xc83},
    {0xcc86, 0xcc88, 0x435c},
    {0xcc89, 0xcc89, 0xc84},
    {0xcc8a, 0xcc90, 0x435f},
    {0xcc91, 0xcc91, 0xc85},
    {0xcc93, 0xcc93, 0xc86},
    {0xcc94, 0xcc94, 0x4366},
    {0xcc95, 0xcc97, 0xc87},
    {0xcc98, 0xcc9d, 0x4367},
    {0xcca1, 0xcca2, 0xc8a},
    {0xcca3, 0xccb1, 0x436d},
    {0xccb3, 0xccbd, 0x437c},
    {0xccc1, 0xccd1, 0x4387},
    {0xccd3, 0xccdd, 0x4398},
    {0xcce1, 0xcce2, 0xc8c},
    {0xcce3, 0xcce4, 0x43a3},
    {0xcce5, 0xcce5, 0xc8e},
    {0xcce6, 0xcce8, 0x43a5},
    {0xcce9, 0xcce9, 0xc8f},
    {0xccea, 0xccf0, 0x43a8},
    {0xccf1, 0xccf1, 0xc90},
    {0xccf3, 0xccf3, 0xc91},
    {0xccf4, 0xccf4, 0x43af},
    {0xccf5, 0xccf7, 0xc92},
    {0xccf8, 0xccfd, 0x43b0},
    {0xcd41, 0xcd42, 0xc95},
    {0xcd43, 0xcd44, 0x43b6},
    {0xcd45, 0xcd45, 0xc97},
    {0xcd46, 0xcd48, 0x43b8},
    {0xcd49, 0xcd49, 0xc98},
    {0xcd4a, 0xcd50, 0x43bb},
    {0xcd51, 0xcd51, 0xc99},
    {0xcd53, 0xcd53, 0xc9a},
    {0xcd54, 0xcd54, 0x43c2},
    {0xcd55, 0xcd55, 0xc9b},
    {0xcd56, 0xcd56, 0x43c3},
    {0xcd57, 0xcd57, 0xc9c},
    {0xcd58, 0xcd5d, 0x43c4},
    {0xcd61, 0xcd61, 0xc9d},
    {0xcd62, 0xcd64, 0x43ca},
    {0xcd65, 0xcd65, 0xc9e},
    {0xcd66, 0xcd68, 0x43cd},
    {0xcd69, 0xcd69, 0xc9f},
    {0xcd6a, 0xcd70, 0x43d0},
    {0xcd71, 0xcd71, 0xca0},
    {0xcd73, 0xcd73, 0xca1},
    {0xcd74, 0xcd75, 0x43d7},
    {0xcd76, 0xcd77, 0xca2},
    {0xcd78, 0xcd7d, 0x43d9},
    {0xcd81, 0xcd81, 0xca4},
    {0xcd82, 0xcd88, 0x43df},
    {0xcd89, 0xcd89, 0xca5},
    {0xcd8a, 0xcd91, 0x43e6},
    {0xcd93, 0xcd93, 0xca6},
    {0xcd94, 0xcd94, 0x43ee},
    {0xcd95, 0xcd95, 0xca7},
    {0xcd96, 0xcd9d, 0x43ef},
    {0xcda1, 0xcda2, 0xca8},
    {0xcda3, 0xcda4, 0x43f7},
    {0xcda5, 0xcda5, 0xcaa},
    {0xcda6, 0xcda8, 0x43f9},
    {0xcda9, 0xcda9, 0xcab},
    {0xcdaa, 0xcdb0, 0x43fc},
    {0xcdb1, 0xcdb1, 0xcac},
    {0xcdb3, 0xcdb3, 0xcad},
    {0xcdb4, 0xcdb4, 0x4403},
    {0xcdb5, 0xcdb5, 0xcae},
    {0xcdb6, 0xcdb6, 0x4404},
    {0xcdb7, 0xcdb7, 0xcaf},
    {0xcdb8, 0xcdbd, 0x4405},
    {0xcdc1, 0xcdc1, 0xcb0},
    {0xcdc2, 0xcdd1, 0x440b},
    {0xcdd3, 0xcdd6, 0x441b},
    {0xcdd7, 0xcdd7, 0xcb1},
    {0xcdd8, 0xcddd, 0x441f},
    {0xcde1, 0xcdf1, 0x4425},
    {0xcdf3, 0xcdfd, 0x4436},
    {0xce41, 0xce41, 0xcb2},
    {0xce42, 0xce44, 0x4441},
    {0xce45, 0xce45, 0xcb3},
    {0xce46, 0xce51, 0x4444},
    {0xce53, 0xce5d, 0x4450},
    {0xce61, 0xce61, 0xcb4},
    {0xce62, 0xce64, 0x445b},
    {0xce65, 0xce65, 0xcb5},
    {0xce66, 0xce68, 0x445e},
    {0xce69, 0xce69, 0xcb6},
    {0xce6a, 0xce71, 0x4461},
    {0xce73, 0xce73, 0xcb7},
    {0xce74, 0xce74, 0x4469},
    {0xce75, 0xce75, 0xcb8},
    {0xce76, 0xce7d, 0x446a},
    {0xce81, 0xce82, 0xcb9},
    {0xce83, 0xce84, 0x4472},
    {0xce85, 0xce85, 0xcbb},
    {0xce86, 0xce87, 0x4474},
    {0xce88, 0xce89, 0xcbc},
    {0xce8a, 0xce8a, 0x4476},
    {0xce8b, 0xce8b, 0xcbe},
    {0xce8c, 0xce90, 0x4477},
    {0xce91, 0xce91, 0xcbf},
    {0xce93, 0xce93, 0xcc0},
    {0xce94, 0xce94, 0x447c},
    {0xce95, 0xce95, 0xcc1},
    {0xce96, 0xce96, 0x447d},
    {0xce97, 0xce97, 0xcc2},
    {0xce98, 0xce9d, 0x447e},
    {0xcea1, 0xcea1, 0xcc3},
    {0xcea2, 0xceb1, 0x4484},
    {0xceb3, 0xceb6, 0x4494},
    {0xceb7, 0xceb7, 0xcc4},
    {0xceb8, 0xcebd, 0x4498},
    {0xcec1, 0xced1, 0x449e},
    {0xced3, 0xcedd, 0x44af},
    {0xcee1, 0xcee1, 0xcc5},
    {0xcee2, 0xcee4, 0x44ba},
    {0xcee5, 0xcee5, 0xcc6},
    {0xcee6, 0xcee8, 0x44bd},
    {0xcee9, 0xcee9, 0xcc7},
    {0xceea, 0xcef0, 0x44c0},
    {0xcef1, 0xcef1, 0xcc8},
    {0xcef3, 0xcef4, 0x44c7},
    {0xcef5, 0xcef5, 0xcc9},
    {0xcef6, 0xcefd, 0x44c9},
    {0xcf41, 0xcf41, 0xcca},
    {0xcf42, 0xcf44, 0x44d1},
    {0xcf45, 0xcf45, 0xccb},
    {0xcf46, 0xcf48, 0x44d4},
    {0xcf49, 0xcf49, 0xccc},
    {0xcf4a, 0xcf50, 0x44d7},
    {0xcf51, 0xcf51, 0xccd},
    {0xcf53, 0xcf54, 0x44de},
    {0xcf55, 0xcf55, 0xcce},
    {0xcf56, 0xcf56, 0x44e0},
    {0xcf57, 0xcf57, 0xccf},
    {0xcf58, 0xcf5d, 0x44e1},
    {0xcf61, 0xcf61, 0xcd0},
    {0xcf62, 0xcf64, 0x44e7},
    {0xcf65, 0xcf65, 0xcd1},
    {0xcf66, 0xcf68, 0x44ea},
    {0xcf69, 0xcf69, 0xcd2},
    {0xcf6a, 0xcf70, 0x44ed},
    {0xcf71, 0xcf71, 0xcd3},
    {0xcf73, 0xcf73, 0xcd4},
    {0xcf74, 0xcf74, 0x44f4},
    {0xcf75, 0xcf75, 0xcd5},
    {0xcf76, 0xcf7d, 0x44f5},
    {0xcf81, 0xcf91, 0x44fd},
    {0xcf93, 0xcf9d, 0x450e},
    {0xcfa1, 0xcfa2, 0xcd6},
    {0xcfa3, 0xcfa4, 0x4519},
    {0xcfa5, 0xcfa5, 0xcd8},
    {0xcfa6, 0xcfa8, 0x451b},
    {0xcfa9, 0xcfa9, 0xcd9},
    {0xcfaa, 0xcfb0, 0x451e},
    {0xcfb1, 0xcfb1, 0xcda},
    {0xcfb3, 0xcfb3, 0xcdb},
    {0xcfb4, 0xcfb4, 0x4525},
    {0xcfb5, 0xcfb5, 0xcdc},
    {0xcfb6, 0xcfb6, 0x4526},
    {0xcfb7, 0xcfb7, 0xcdd},
    {0xcfb8, 0xcfbd, 0x4527},
    {0xd041, 0xd041, 0x183},
    {0xd061, 0xd062, 0xcde},
    {0xd063, 0xd064, 0x452d},
    {0xd065, 0xd065, 0xce0},
    {0xd066, 0xd068, 0x452f},
    {0xd069, 0xd069, 0xce1},
    {0xd06a, 0xd06d, 0x4532},
    {0xd06e, 0xd06e, 0xce2},
    {0xd06f, 0xd070, 0x4536},
    {0xd071, 0xd071, 0xce3},
    {0xd073, 0xd073, 0xce4},
    {0xd074, 0xd074, 0x4538},
    {0xd075, 0xd075, 0xce5},
    {0xd076, 0xd076, 0x4539},
    {0xd077, 0xd077, 0xce6},
    {0xd078, 0xd07d, 0x453a},
    {0xd081, 0xd082, 0xce7},
    {0xd083, 0xd084, 0x4540},
    {0xd085, 0xd085, 0xce9},
    {0xd086, 0xd088, 0x4542},
    {0xd089, 0xd089, 0xcea},
    {0xd08a, 0xd090, 0x4545},
    {0xd091, 0xd091, 0xceb},
    {0xd093, 0xd093, 0xcec},
    {0xd094, 0xd094, 0x454c},
    {0xd095, 0xd097, 0xced},
    {0xd098, 0xd09d, 0x454d},
    {0xd0a1, 0xd0a1, 0xcf0},
    {0xd0a2, 0xd0b1, 0x4553},
    {0xd0b3, 0xd0b6, 0x4563},
    {0xd0b7, 0xd0b7, 0xcf1},
    {0xd0b8, 0xd0bd, 0x4567},
    {0xd0c1, 0xd0d1, 0x456d},
    {0xd0d3, 0xd0dd, 0x457e},
    {0xd0e1, 0xd0e2, 0xcf2},
    {0xd0e3, 0xd0e4, 0x4589},
    {0xd0e5, 0xd0e5, 0xcf4},
    {0xd0e6, 0xd0e8, 0x458b},
    {0xd0e9, 0xd0e9, 0xcf5},
    {0xd0ea, 0xd0ea, 0x458e},
    {0xd0eb, 0xd0eb, 0xcf6},
    {0xd0ec, 0xd0f0, 0x458f},
    {0xd0f1, 0xd0f1, 0xcf7},
    {0xd0f3, 0xd0f3, 0xcf8},
    {0xd0f4, 0xd0f4, 0x4594},
    {0xd0f5, 0xd0f5, 0xcf9},
    {0xd0f6, 0xd0f6, 0x4595},
    {0xd0f7, 0xd0f7, 0xcfa},
    {0xd0f8, 0xd0fd, 0x4596},
    {0xd141, 0xd142, 0xcfb},
    {0xd143, 0xd144, 0x459c},
    {0xd145, 0xd145, 0xcfd},
    {0xd146, 0xd148, 0x459e},
    {0xd149, 0xd149, 0xcfe},
    {0xd14a, 0xd150, 0x45a1},
    {0xd151, 0xd151, 0xcff},
    {0xd153, 0xd153, 0xd00},
    {0xd154, 0xd154, 0x45a8},
    {0xd155, 0xd155, 0xd01},
    {0xd156, 0xd156, 0x45a9},
    {0xd157, 0xd157, 0xd02},
    {0xd158, 0xd15d, 0x45aa},
    {0xd161, 0xd162, 0xd03},
    {0xd163, 0xd164, 0x45b0},
    {0xd165, 0xd165, 0xd05},
    {0xd166, 0xd168, 0x45b2},
    {0xd169, 0xd169, 0xd06},
    {0xd16a, 0xd170, 0x45b5},
    {0xd171, 0xd171, 0xd07},
    {0xd173, 0xd173, 0xd08},
    {0xd174, 0xd174, 0x45bc},
    {0xd175, 0xd177, 0xd09},
    {0xd178, 0xd17d, 0x45bd},
    {0xd181, 0xd181, 0xd0c},
    {0xd182, 0xd184, 0x45c3},
    {0xd185, 0xd185, 0xd0d},
    {0xd186, 0xd188, 0x45c6},
    {0xd189, 0xd189, 0xd0e},
    {0xd18a, 0xd191, 0x45c9},
    {0xd193, 0xd193, 0xd0f},
    {0xd194, 0xd19d, 0x45d1},
    {0xd1a1, 0xd1a2, 0xd10},
    {0xd1a3, 0xd1a4, 0x45db},
    {0xd1a5, 0xd1a5, 0xd12},
    {0xd1a6, 0xd1a8, 0x45dd},
    {0xd1a9, 0xd1a9, 0xd13},
    {0xd1aa, 0xd1ad, 0x45e0},
    {0xd1ae, 0xd1ae, 0xd14},
    {0xd1af, 0xd1b0, 0x45e4},
    {0xd1b1, 0xd1b1, 0xd15},
    {0xd1b3, 0xd1b3, 0xd16},
    {0xd1b4, 0xd1b4, 0x45e6},
    {0xd1b5, 0xd1b5, 0xd17},
    {0xd1b6, 0xd1b6, 0x45e7},
    {0xd1b7, 0xd1b7, 0xd18},
    {0xd1b8, 0xd1ba, 0x45e8},
    {0xd1bb, 0xd1bb, 0xd19},
    {0xd1bc, 0xd1bd, 0x45eb},
    {0xd1c1, 0xd1c2, 0xd1a},
    {0xd1c3, 0xd1c4, 0x45ed},
    {0xd1c5, 0xd1c5, 0xd1c},
    {0xd1c6, 0xd1c8, 0x45ef},
    {0xd1c9, 0xd1c9, 0xd1d},
    {0xd1ca, 0xd1d1, 0x45f2},
    {0xd1d3, 0xd1d4, 0x45fa},
    {0xd1d5, 0xd1d5, 0xd1e},
    {0xd1d6, 0xd1d6, 0x45fc},
    {0xd1d7, 0xd1d7, 0xd1f},
    {0xd1d8, 0xd1dd, 0x45fd},
    {0xd1e1, 0xd1e2, 0xd20},
    {0xd1e3, 0xd1e4, 0x4603},
    {0xd1e5, 0xd1e5, 0xd22},
    {0xd1e6, 0xd1f1, 0x4605},
    {0xd1f3, 0xd1f4, 0x4611},
    {0xd1f5, 0xd1f5, 0xd23},
    {0xd1f6, 0xd1f6, 0x4613},
    {0xd1f7, 0xd1f7, 0xd24},
    {0xd1f8, 0xd1fd, 0x4614},
    {0xd241, 0xd242, 0xd25},
    {0xd243, 0xd244, 0x461a},
    {0xd245, 0xd245, 0xd27},
    {0xd246, 0xd248, 0x461c},
    {0xd249, 0xd249, 0xd28},
    {0xd24a, 0xd251, 0x461f},
    {0xd253, 0xd253, 0xd29},
    {0xd254, 0xd254, 0x4627},
    {0xd255, 0xd255, 0xd2a},
    {0xd256, 0xd256, 0x4628},
    {0xd257, 0xd257, 0xd2b},
    {0xd258, 0xd25d, 0x4629},
    {0xd261, 0xd261, 0xd2c},
    {0xd262, 0xd264, 0x462f},
    {0xd265, 0xd265, 0xd2d},
    {0xd266, 0xd268, 0x4632},
    {0xd269, 0xd269, 0xd2e},
    {0xd26a, 0xd271, 0x4635},
    {0xd273, 0xd273, 0xd2f},
    {0xd274, 0xd274, 0x463d},
    {0xd275, 0xd275, 0xd30},
    {0xd276, 0xd27d, 0x463e},
    {0xd281, 0xd282, 0xd31},
    {0xd283, 0xd284, 0x4646},
    {0xd285, 0xd285, 0xd33},
    {0xd286, 0xd288, 0x4648},
    {0xd289, 0xd289, 0xd34},
    {0xd28a, 0xd28d, 0x464b},
    {0xd28e, 0xd28e, 0xd35},
    {0xd28f, 0xd290, 0x464f},
    {0xd291, 0xd291, 0xd36},
    {0xd293, 0xd294, 0x4651},
    {0xd295, 0xd295, 0xd37},
    {0xd296, 0xd296, 0x4653},
    {0xd297, 0xd297, 0xd38},
    {0xd298, 0xd29d, 0x4654},
    {0xd2a1, 0xd2a1, 0xd39},
    {0xd2a2, 0xd2a4, 0x465a},
    {0xd2a5, 0xd2a5, 0xd3a},
    {0xd2a6, 0xd2a8, 0x465d},
    {0xd2a9, 0xd2a9, 0xd3b},
    {0xd2aa, 0xd2b0, 0x4660},
    {0xd2b1, 0xd2b1, 0xd3c},
    {0xd2b3, 0xd2b6, 0x4667},
    {0xd2b7, 0xd2b7, 0xd3d},
    {0xd2b8, 0xd2bd, 0x466b},
    {0xd2c1, 0xd2c2, 0xd3e},
    {0xd2c3, 0xd2c4, 0x4671},
    {0xd2c5, 0xd2c5, 0xd40},
    {0xd2c6, 0xd2c8, 0x4673},
    {0xd2c9, 0xd2c9, 0xd41},
    {0xd2ca, 0xd2d1, 0x4676},
    {0xd2d3, 0xd2d6, 0x467e},
    {0xd2d7, 0xd2d7, 0xd42},
    {0xd2d8, 0xd2dd, 0x4682},
    {0xd2e1, 0xd2e2, 0xd43},
    {0xd2e3, 0xd2e4, 0x4688},
    {0xd2e5, 0xd2e5, 0xd45},
    {0xd2e6, 0xd2e8, 0x468a},
    {0xd2e9, 0xd2e9, 0xd46},
    {0xd2ea, 0xd2f0, 0x468d},
    {0xd2f1, 0xd2f1, 0xd47},
    {0xd2f3, 0xd2f3, 0xd48},
    {0xd2f4, 0xd2f4, 0x4694},
    {0xd2f5, 0xd2f5, 0xd49},
    {0xd2f6, 0xd2f6, 0x4695},
    {0xd2f7, 0xd2f7, 0xd4a},
    {0xd2f8, 0xd2fd, 0x4696},
    {0xd341, 0xd342, 0xd4b},
    {0xd343, 0xd344, 0x469c},
    {0xd345, 0xd345, 0xd4d},
    {0xd346, 0xd348, 0x469e},
    {0xd349, 0xd349, 0xd4e},
    {0xd34a, 0xd350, 0x46a1},
    {0xd351, 0xd351, 0xd4f},
    {0xd353, 0xd354, 0x46a8},
    {0xd355, 0xd355, 0xd50},
    {0xd356, 0xd356, 0x46aa},
    {0xd357, 0xd357, 0xd51},
    {0xd358, 0xd35d, 0x46ab},
    {0xd361, 0xd362, 0xd52},
    {0xd363, 0xd364, 0x46b1},
    {0xd365, 0xd365, 0xd54},
    {0xd366, 0xd366, 0x46b3},
    {0xd367, 0xd36a, 0xd55},
    {0xd36b, 0xd370, 0x46b4},
    {0xd371, 0xd371, 0xd59},
    {0xd373, 0xd373, 0xd5a},
    {0xd374, 0xd374, 0x46ba},
    {0xd375, 0xd375, 0xd5b},
    {0xd376, 0xd376, 0x46bb},
    {0xd377, 0xd377, 0xd5c},
    {0xd378, 0xd37a, 0x46bc},
    {0xd37b, 0xd37b, 0xd5d},
    {0xd37c, 0xd37d, 0x46bf},
    {0xd381, 0xd381, 0xd5e},
    {0xd382, 0xd384, 0x46c1},
    {0xd385, 0xd385, 0xd5f},
    {0xd386, 0xd388, 0x46c4},
    {0xd389, 0xd389, 0xd60},
    {0xd38a, 0xd390, 0x46c7},
    {0xd391, 0xd391, 0xd61},
    {0xd393, 0xd393, 0xd62},
    {0xd394, 0xd396, 0x46ce},
    {0xd397, 0xd397, 0xd63},
    {0xd398, 0xd39d, 0x46d1},
    {0xd3a1, 0xd3a2, 0xd64},
    {0xd3a3, 0xd3a4, 0x46d7},
    {0xd3a5, 0xd3a5, 0xd66},
    {0xd3a6, 0xd3a8, 0x46d9},
    {0xd3a9, 0xd3a9, 0xd67},
    {0xd3aa, 0xd3b0, 0x46dc},
    {0xd3b1, 0xd3b1, 0xd68},
    {0xd3b3, 0xd3b3, 0xd69},
    {0xd3b4, 0xd3b4, 0x46e3},
    {0xd3b5, 0xd3b5, 0xd6a},
    {0xd3b6, 0xd3b6, 0x46e4},
    {0xd3b7, 0xd3b7, 0xd6b},
    {0xd3b8, 0xd3bd, 0x46e5},
    {0xd931, 0xd97e, 0x65},
    {0xd991, 0xd9e5, 0xb3},
    {0xda31, 0xda7e, 0x108},
    {0xda91, 0xdaa0, 0x156},
    {0xdad5, 0xdafe, 0x199},
    {0xdb31, 0xdb3a, 0x1c3},
    {0xdb40, 0xdb49, 0x1cd},
    {0xdb51, 0xdb68, 0x1d7},
    {0xdb71, 0xdb7e, 0x1ef},
    {0xdb91, 0xdb9a, 0x1fd},
    {0xdba1, 0xdbe4, 0x207},
    {0xdc31, 0xdc7e, 0x24b},
    {0xdc91, 0xdc91, 0x299},
    {0xdca1, 0xdca4, 0x29a},
    {0xdca6, 0xdca6, 0x29e},
    {0xdca8, 0xdcaf, 0x29f},
    {0xdcb1, 0xdcfe, 0x2a7},
    {0xdd31, 0xdd7e, 0x2f5},
    {0xdd91, 0xddf3, 0x343},
    {0xde31, 0xde7e, 0x3a6},
    {0xde91, 0xde98, 0x3f4},
    {0xdea1, 0xdec1, 0x3fc},
    {0xded1, 0xdef1, 0x41d},
    {0xe031, 0xe07e, 0xd6c},
    {0xe091, 0xe0cf, 0xdba},
    {0xe0d0, 0xe0d0, 0x1014},
    {0xe0d1, 0xe0d5, 0xdf9},
    {0xe0d6, 0xe0d6, 0xe5e},
    {0xe0d7, 0xe0e6, 0xdfe},
    {0xe0e7, 0xe0e7, 0x1b8d},
    {0xe0e8, 0xe0fe, 0xe0e},
    {0xe131, 0xe17e, 0xe25},
    {0xe191, 0xe1ce, 0xe73},
    {0xe1cf, 0xe1cf, 0xd84},
    {0xe1d0, 0xe1e7, 0xeb1},
    {0xe1e8, 0xe1e8, 0x1edc},
    {0xe1e9, 0xe1fe, 0xec9},
    {0xe231, 0xe23c, 0xedf},
    {0xe23d, 0xe23d, 0xeda},
    {0xe23e, 0xe27e, 0xeeb},
    {0xe291, 0xe2fa, 0xf2c},
    {0xe2fb, 0xe2fb, 0xf3e},
    {0xe2fc, 0xe2fe, 0xf96},
    {0xe331, 0xe331, 0xf99},
    {0xe332, 0xe332, 0xf6a},
    {0xe333, 0xe347, 0xf9a},
    {0xe348, 0xe348, 0xf6a},
    {0xe349, 0xe35f, 0xfaf},
    {0xe360, 0xe360, 0xe7c},
    {0xe361, 0xe36c, 0xfc6},
    {0xe36d, 0xe36d, 0x1023},
    {0xe36e, 0xe37e, 0xfd2},
    {0xe391, 0xe3d3, 0xfe3},
    {0xe3d4, 0xe3d4, 0x1116},
    {0xe3d5, 0xe3d5, 0x103c},
    {0xe3d6, 0xe3d7, 0x1026},
    {0xe3d8, 0xe3d8, 0x1117},
    {0xe3d9, 0xe3da, 0x1028},
    {0xe3db, 0xe3e0, 0x1118},
    {0xe3e1, 0xe3e1, 0x102a},
    {0xe3e2, 0xe3e2, 0x16a8},
    {0xe3e3, 0xe3e5, 0x111e},
    {0xe3e6, 0xe3e6, 0x1122},
    {0xe3e7, 0xe3e7, 0x102b},
    {0xe3e8, 0xe3eb, 0x1123},
    {0xe3ec, 0xe3ec, 0x102c},
    {0xe3ed, 0xe3ed, 0x1127},
    {0xe3ee, 0xe3ee, 0x102d},
    {0xe3ef, 0xe3f0, 0x112a},
    {0xe3f1, 0xe3f1, 0x102e},
    {0xe3f2, 0xe3f2, 0x112c},
    {0xe3f3, 0xe3f5, 0x102f},
    {0xe3f6, 0xe3f6, 0x112f},
    {0xe3f7, 0xe3f9, 0x1032},
    {0xe3fa, 0xe3fa, 0x1133},
    {0xe3fb, 0xe3fb, 0x1035},
    {0xe3fc, 0xe3fd, 0x1136},
    {0xe3fe, 0xe3fe, 0x1139},
    {0xe431, 0xe431, 0x1036},
    {0xe432, 0xe433, 0x113a},
    {0xe434, 0xe436, 0x1037},
    {0xe437, 0xe43a, 0x113c},
    {0xe43b, 0xe43b, 0x1143},
    {0xe43c, 0xe43c, 0x103a},
    {0xe43d, 0xe43d, 0x1144},
    {0xe43e, 0xe441, 0x103b},
    {0xe442, 0xe442, 0x1148},
    {0xe443, 0xe44d, 0x103f},
    {0xe44e, 0xe44e, 0x119f},
    {0xe44f, 0xe451, 0x104a},
    {0xe452, 0xe453, 0x11a1},
    {0xe454, 0xe454, 0x11a5},
    {0xe455, 0xe455, 0x104d},
    {0xe456, 0xe45a, 0x11a6},
    {0xe45b, 0xe45b, 0x11ac},
    {0xe45c, 0xe45c, 0x104e},
    {0xe45d, 0xe45e, 0x11ad},
    {0xe45f, 0xe464, 0x11b0},
    {0xe465, 0xe467, 0x11b7},
    {0xe468, 0xe468, 0x104f},
    {0xe469, 0xe46a, 0x11bd},
    {0xe46b, 0xe46d, 0x1050},
    {0xe46e, 0xe46f, 0x11c1},
    {0xe470, 0xe470, 0x1053},
    {0xe471, 0xe471, 0x11c3},
    {0xe472, 0xe472, 0x11c6},
    {0xe473, 0xe473, 0x1054},
    {0xe474, 0xe474, 0x11d4},
    {0xe475, 0xe478, 0x11d6},
    {0xe479, 0xe47a, 0x11db},
    {0xe47b, 0xe47b, 0x11e0},
    {0xe47c, 0xe47e, 0x1055},
    {0xe491, 0xe491, 0x1058},
    {0xe492, 0xe495, 0x11fc},
    {0xe496, 0xe497, 0x1201},
    {0xe498, 0xe498, 0x1059},
    {0xe499, 0xe49a, 0x1203},
    {0xe49b, 0xe4fe, 0x105a},
    {0xe531, 0xe575, 0x10be},
    {0xe576, 0xe576, 0x10de},
    {0xe577, 0xe57e, 0x1103},
    {0xe591, 0xe59d, 0x110b},
    {0xe59e, 0xe59e, 0x1028},
    {0xe59f, 0xe5a4, 0x1118},
    {0xe5a5, 0xe5a5, 0x16a8},
    {0xe5a6, 0xe5aa, 0x111e},
    {0xe5ab, 0xe5ab, 0x102b},
    {0xe5ac, 0xe5ad, 0x1123},
    {0xe5ae, 0xe5ae, 0x1060},
    {0xe5af, 0xe5fe, 0x1125},
    {0xe631, 0xe647, 0x1175},
    {0xe648, 0xe648, 0x1047},
    {0xe649, 0xe65c, 0x118c},
    {0xe65d, 0xe65d, 0x104c},
    {0xe65e, 0xe67e, 0x11a0},
    {0xe691, 0xe6ca, 0x11c1},
    {0xe6cb, 0xe6cb, 0x15b0},
    {0xe6cc, 0xe6e3, 0x11fb},
    {0xe6e4, 0xe6e4, 0x1918},
    {0xe6e5, 0xe6fe, 0x1213},
    {0xe731, 0xe77e, 0x122d},
    {0xe791, 0xe7fe, 0x127b},
    {0xe831, 0xe87e, 0x12e9},
    {0xe891, 0xe8c4, 0x1337},
    {0xe8c5, 0xe8c5, 0x141f},
    {0xe8c6, 0xe8e3, 0x136b},
    {0xe8e4, 0xe8e4, 0x133a},
    {0xe8e5, 0xe8fe, 0x1389},
    {0xe931, 0xe934, 0x13a3},
    {0xe935, 0xe935, 0x1d5e},
    {0xe936, 0xe97e, 0x13a7},
    {0xe991, 0xe9a4, 0x13f0},
    {0xe9a5, 0xe9a5, 0x13d7},
    {0xe9a6, 0xe9d4, 0x1404},
    {0xe9d5, 0xe9d5, 0x13f5},
    {0xe9d6, 0xe9f3, 0x1433},
    {0xe9f4, 0xe9f4, 0x1db7},
    {0xe9f5, 0xe9fe, 0x1451},
    {0xea31, 0xea7e, 0x145b},
    {0xea91, 0xea9d, 0x14a9},
    {0xea9e, 0xea9e, 0x15d0},
    {0xea9f, 0xea9f, 0x14b6},
    {0xeaa0, 0xeaa0, 0x14f7},
    {0xeaa1, 0xeab2, 0x14b7},
    {0xeab3, 0xeab3, 0x1bab},
    {0xeab4, 0xeae0, 0x14c9},
    {0xeae1, 0xeae1, 0x14f2},
    {0xeae2, 0xeae7, 0x14f6},
    {0xeae8, 0xeae8, 0x156d},
    {0xeae9, 0xeafe, 0x14fc},
    {0xeb31, 0xeb7e, 0x1512},
    {0xeb91, 0xeb92, 0x1560},
    {0xeb93, 0xeb93, 0x1771},
    {0xeb94, 0xebac, 0x1562},
    {0xebad, 0xebad, 0x1554},
    {0xebae, 0xebec, 0x157b},
    {0xebed, 0xebed, 0x14c5},
    {0xebee, 0xebfe, 0x15ba},
    {0xec31, 0xec7e, 0x15cb},
    {0xec91, 0xecf4, 0x1619},
    {0xecf5, 0xecf5, 0x1b61},
    {0xecf6, 0xecfe, 0x167d},
    {0xed31, 0xed31, 0x1cca},
    {0xed32, 0xed38, 0x1686},
    {0xed39, 0xed39, 0x162e},
    {0xed3a, 0xed7e, 0x168d},
    {0xed91, 0xedad, 0x16d2},
    {0xedae, 0xedae, 0x16f2},
    {0xedaf, 0xedb0, 0x16ef},
    {0xedb1, 0xedb2, 0x1149},
    {0xedb3, 0xedb8, 0x16f1},
    {0xedb9, 0xedb9, 0x114b},
    {0xedba, 0xedba, 0x16f7},
    {0xedbb, 0xedbc, 0x114d},
    {0xedbd, 0xedc3, 0x16f8},
    {0xedc4, 0xedc4, 0x114f},
    {0xedc5, 0xedcd, 0x16ff},
    {0xedce, 0xedce, 0x1153},
    {0xedcf, 0xedcf, 0x1708},
    {0xedd0, 0xedd0, 0x1154},
    {0xedd1, 0xedd1, 0x1709},
    {0xedd2, 0xedd2, 0x1155},
    {0xedd3, 0xedd5, 0x170a},
    {0xedd6, 0xedd6, 0x1157},
    {0xedd7, 0xedf9, 0x170d},
    {0xedfa, 0xedfb, 0x115a},
    {0xedfc, 0xedfc, 0x103f},
    {0xedfd, 0xedfd, 0x1730},
    {0xedfe, 0xedfe, 0x115c},
    {0xee31, 0xee31, 0x115f},
    {0xee32, 0xee33, 0x1731},
    {0xee34, 0xee34, 0x1161},
    {0xee35, 0xee36, 0x1733},
    {0xee37, 0xee37, 0x1162},
    {0xee38, 0xee3c, 0x1735},
    {0xee3d, 0xee3d, 0x1165},
    {0xee3e, 0xee3e, 0x173a},
    {0xee3f, 0xee41, 0x1167},
    {0xee42, 0xee42, 0x173b},
    {0xee43, 0xee43, 0x116a},
    {0xee44, 0xee46, 0x173c},
    {0xee47, 0xee48, 0x116b},
    {0xee49, 0xee4b, 0x173f},
    {0xee4c, 0xee4c, 0x116f},
    {0xee4d, 0xee53, 0x1742},
    {0xee54, 0xee54, 0x1040},
    {0xee55, 0xee55, 0x1749},
    {0xee56, 0xee57, 0x1171},
    {0xee58, 0xee59, 0x174a},
    {0xee5a, 0xee5a, 0x1041},
    {0xee5b, 0xee61, 0x174c},
    {0xee62, 0xee62, 0x1174},
    {0xee63, 0xee65, 0x1753},
    {0xee66, 0xee66, 0x1175},
    {0xee67, 0xee68, 0x1756},
    {0xee69, 0xee69, 0x1176},
    {0xee6a, 0xee6b, 0x1758},
    {0xee6c, 0xee6c, 0x1042},
    {0xee6d, 0xee6e, 0x175a},
    {0xee6f, 0xee6f, 0x1177},
    {0xee70, 0xee70, 0x175c},
    {0xee71, 0xee71, 0x1178},
    {0xee72, 0xee73, 0x175d},
    {0xee74, 0xee74, 0x117a},
    {0xee75, 0xee75, 0x1179},
    {0xee76, 0xee76, 0x117b},
    {0xee77, 0xee77, 0x175f},
    {0xee78, 0xee78, 0x117c},
    {0xee79, 0xee79, 0x1760},
    {0xee7a, 0xee7b, 0x117e},
    {0xee7c, 0xee7c, 0x192f},
    {0xee7d, 0xee7e, 0x1761},
    {0xee91, 0xee91, 0x1181},
    {0xee92, 0xee92, 0x1763},
    {0xee93, 0xee93, 0x1182},
    {0xee94, 0xee94, 0x1554},
    {0xee95, 0xee96, 0x1764},
    {0xee97, 0xee97, 0x1183},
    {0xee98, 0xee98, 0x1043},
    {0xee99, 0xee99, 0x1046},
    {0xee9a, 0xee9a, 0x1766},
    {0xee9b, 0xee9b, 0x1185},
    {0xee9c, 0xeea0, 0x1767},
    {0xeea1, 0xeea1, 0x1187},
    {0xeea2, 0xeea5, 0x176c},
    {0xeea6, 0xeea6, 0x1188},
    {0xeea7, 0xeea8, 0x1770},
    {0xeea9, 0xeea9, 0x1189},
    {0xeeaa, 0xeeaa, 0x118b},
    {0xeeab, 0xeeab, 0x1772},
    {0xeeac, 0xeeac, 0x1047},
    {0xeead, 0xeead, 0x118d},
    {0xeeae, 0xeeaf, 0x1773},
    {0xeeb0, 0xeeb0, 0x118e},
    {0xeeb1, 0xeebe, 0x1775},
    {0xeebf, 0xeebf, 0x118f},
    {0xeec0, 0xeec0, 0x1783},
    {0xeec1, 0xeec1, 0x1e67},
    {0xeec2, 0xeec5, 0x1784},
    {0xeec6, 0xeec6, 0x1191},
    {0xeec7, 0xeec7, 0x1193},
    {0xeec8, 0xeeca, 0x1788},
    {0xeecb, 0xeecb, 0x1195},
    {0xeecc, 0xeecc, 0x178b},
    {0xeecd, 0xeecd, 0x1196},
    {0xeece, 0xeece, 0x178c},
    {0xeecf, 0xeed0, 0x1197},
    {0xeed1, 0xeed2, 0x178d},
    {0xeed3, 0xeed3, 0x119a},
    {0xeed4, 0xeede, 0x178f},
    {0xeedf, 0xeedf, 0x119c},
    {0xeee0, 0xeee3, 0x179a},
    {0xeee4, 0xeee4, 0x119d},
    {0xeee5, 0xeee5, 0x179e},
    {0xeee6, 0xeee6, 0x119e},
    {0xeee7, 0xeef6, 0x179f},
    {0xeef7, 0xeef7, 0x16a5},
    {0xeef8, 0xeefe, 0x17af},
    {0xef31, 0xef76, 0x17b6},
    {0xef77, 0xef78, 0x11c7},
    {0xef79, 0xef7e, 0x17fc},
    {0xef91, 0xef91, 0x1802},
    {0xef92, 0xef92, 0x11c9},
    {0xef93, 0xef93, 0x1054},
    {0xef94, 0xef98, 0x1803},
    {0xef99, 0xef99, 0x11cb},
    {0xef9a, 0xef9a, 0x1808},
    {0xef9b, 0xef9b, 0x16a8},
    {0xef9c, 0xef9c, 0x1809},
    {0xef9d, 0xef9d, 0x11cc},
    {0xef9e, 0xef9f, 0x180a},
    {0xefa0, 0xefa0, 0x11cd},
    {0xefa1, 0xefa6, 0x180c},
    {0xefa7, 0xefa7, 0x11d0},
    {0xefa8, 0xefab, 0x1812},
    {0xefac, 0xefac, 0x11d1},
    {0xefad, 0xefcb, 0x1816},
    {0xefcc, 0xefcc, 0x11d3},
    {0xefcd, 0xeff6, 0x1835},
    {0xeff7, 0xeff7, 0x1f34},
    {0xeff8, 0xeffe, 0x185f},
    {0xf031, 0xf050, 0x1866},
    {0xf051, 0xf051, 0x17eb},
    {0xf052, 0xf074, 0x1886},
    {0xf075, 0xf075, 0x11e1},
    {0xf076, 0xf07e, 0x18a9},
    {0xf091, 0xf095, 0x18b2},
    {0xf096, 0xf096, 0x1057},
    {0xf097, 0xf098, 0x18b7},
    {0xf099, 0xf099, 0x11e3},
    {0xf09a, 0xf09d, 0x18b9},
    {0xf09e, 0xf09e, 0x11e5},
    {0xf09f, 0xf09f, 0x18bd},
    {0xf0a0, 0xf0a0, 0x11e6},
    {0xf0a1, 0xf0a3, 0x18be},
    {0xf0a4, 0xf0a4, 0x11e8},
    {0xf0a5, 0xf0a6, 0x18c1},
    {0xf0a7, 0xf0a7, 0x11ea},
    {0xf0a8, 0xf0a8, 0x18c3},
    {0xf0a9, 0xf0a9, 0x11ec},
    {0xf0aa, 0xf0aa, 0x1058},
    {0xf0ab, 0xf0b9, 0x18c4},
    {0xf0ba, 0xf0bb, 0x11ee},
    {0xf0bc, 0xf0bc, 0x18d3},
    {0xf0bd, 0xf0bd, 0x11f0},
    {0xf0be, 0xf0c0, 0x18d4},
    {0xf0c1, 0xf0c1, 0x11f1},
    {0xf0c2, 0xf0c2, 0x11f3},
    {0xf0c3, 0xf0c5, 0x18d7},
    {0xf0c6, 0xf0c7, 0x11f4},
    {0xf0c8, 0xf0cb, 0x18da},
    {0xf0cc, 0xf0cc, 0x11f7},
    {0xf0cd, 0xf0ce, 0x18de},
    {0xf0cf, 0xf0d1, 0x11f8},
    {0xf0d2, 0xf0d2, 0x15b0},
    {0xf0d3, 0xf0d7, 0x18e0},
    {0xf0d8, 0xf0d8, 0x11fb},
    {0xf0d9, 0xf0fe, 0x18e5},
    {0xf131, 0xf135, 0x190b},
    {0xf136, 0xf136, 0x1206},
    {0xf137, 0xf137, 0x1208},
    {0xf138, 0xf139, 0x1910},
    {0xf13a, 0xf13a, 0x120a},
    {0xf13b, 0xf13e, 0x1912},
    {0xf13f, 0xf13f, 0x173e},
    {0xf140, 0xf141, 0x120c},
    {0xf142, 0xf142, 0x105b},
    {0xf143, 0xf144, 0x1916},
    {0xf145, 0xf145, 0x1211},
    {0xf146, 0xf147, 0x1918},
    {0xf148, 0xf148, 0x1213},
    {0xf149, 0xf149, 0x191a},
    {0xf14a, 0xf14a, 0x1215},
    {0xf14b, 0xf14f, 0x191b},
    {0xf150, 0xf151, 0x1218},
    {0xf152, 0xf154, 0x1920},
    {0xf155, 0xf155, 0x121a},
    {0xf156, 0xf156, 0x121c},
    {0xf157, 0xf158, 0x1923},
    {0xf159, 0xf15a, 0x105c},
    {0xf15b, 0xf164, 0x1925},
    {0xf165, 0xf165, 0x121e},
    {0xf166, 0xf16c, 0x192f},
    {0xf16d, 0xf16e, 0x1220},
    {0xf16f, 0xf170, 0x1936},
    {0xf171, 0xf171, 0x1222},
    {0xf172, 0xf173, 0x1938},
    {0xf174, 0xf174, 0x1224},
    {0xf175, 0xf176, 0x193a},
    {0xf177, 0xf178, 0x1225},
    {0xf179, 0xf17e, 0x193c},
    {0xf191, 0xf198, 0x1942},
    {0xf199, 0xf19a, 0x1227},
    {0xf19b, 0xf19b, 0x194a},
    {0xf19c, 0xf19c, 0x122a},
    {0xf19d, 0xf1a0, 0x194b},
    {0xf1a1, 0xf1a3, 0x122d},
    {0xf1a4, 0xf1ed, 0x194f},
    {0xf1ee, 0xf1ee, 0x14e7},
    {0xf1ef, 0xf1fe, 0x1999},
    {0xf231, 0xf26a, 0x19a9},
    {0xf26b, 0xf26b, 0x195e},
    {0xf26c, 0xf27e, 0x19e3},
    {0xf291, 0xf2fe, 0x19f6},
    {0xf331, 0xf37e, 0x1a64},
    {0xf391, 0xf3fe, 0x1ab2},
    {0xf431, 0xf44c, 0x1b20},
    {0xf44d, 0xf44d, 0x1663},
    {0xf44e, 0xf47e, 0x1b3c},
    {0xf491, 0xf49b, 0x1b6d},
    {0xf49c, 0xf49c, 0x168b},
    {0xf49d, 0xf4b0, 0x1b78},
    {0xf4b1, 0xf4b1, 0x105f},
    {0xf4b2, 0xf4fe, 0x1b8c},
    {0xf531, 0xf536, 0x1bd9},
    {0xf537, 0xf537, 0x1954},
    {0xf538, 0xf57d, 0x1bdf},
    {0xf57e, 0xf57e, 0x1a1c},
    {0xf591, 0xf5fe, 0x1c25},
    {0xf631, 0xf67e, 0x1c93},
    {0xf691, 0xf695, 0x1ce1},
    {0xf696, 0xf696, 0x10b7},
    {0xf697, 0xf697, 0x1ce6},
    {0xf698, 0xf698, 0x1be3},
    {0xf699, 0xf6b7, 0x1ce7},
    {0xf6b8, 0xf6b8, 0x1097},
    {0xf6b9, 0xf6c7, 0x1d06},
    {0xf6c8, 0xf6c8, 0x10aa},
    {0xf6c9, 0xf6d2, 0x1d15},
    {0xf6d3, 0xf6d3, 0x10f4},
    {0xf6d4, 0xf6fe, 0x1d1f},
    {0xf731, 0xf76a, 0x1d4a},
    {0xf76b, 0xf76b, 0x1d94},
    {0xf76c, 0xf77e, 0x1d84},
    {0xf791, 0xf791, 0x1d97},
    {0xf792, 0xf792, 0x13e0},
    {0xf793, 0xf7fe, 0x1d98},
    {0xf831, 0xf831, 0x1e1d},
    {0xf832, 0xf832, 0xde6},
    {0xf833, 0xf875, 0x1e04},
    {0xf876, 0xf876, 0xe3c},
    {0xf877, 0xf87e, 0x1e47},
    {0xf891, 0xf8fe, 0x1e4f},
    {0xf931, 0xf938, 0x1ebd},
    {0xf939, 0xf939, 0xee7},
    {0xf93a, 0xf97e, 0x1ec5},
    {0xf991, 0xf9fe, 0x1f0a},
};

pdf_cmap_t cmap_KSC_JOHAB_H = {
    "KSC-Johab-H",    //name
    true,        //worldwide
    0,      //unicode_map_len
    NULL,      //unicode_map
    4137,   //char_range_map_len
    char_range_map_KSC_JOHAB_H,   //char_range_map
    1,       //not_def_range_len
    not_def_range_KSC_JOHAB_H,       //not_def_range
    4,    //code_range_map_len
    code_range_map_KSC_JOHAB_H,    //code_range_map
     NULL//next
};

