#include "../pdf-private.h"

static pdf_code_range_map_t code_range_map_UNIAKR_UTF16_H[] = {
    {2, 0x0000, 0xd7ff},
    {4, 0xd800dc00, 0xdbffdfff},
    {2, 0xe000, 0xffff},
};

static pdf_char_range_map_t not_def_range_UNIAKR_UTF16_H[] = {
    {0x0000, 0x001f, 0x1},
};

static pdf_unicode_map_t unicode_map_UNIAKR_UTF16_H[] = {
    {0x1, 0x00a0},
    {0x57d0, 0x00a1},
    {0x64, 0x00a9},
    {0x57d4, 0x00aa},
    {0xe, 0x00ad},
    {0x65, 0x00ae},
    {0x57d5, 0x00af},
    {0x57d8, 0x00b8},
    {0x2e6a, 0x00b9},
    {0x57d9, 0x00ba},
    {0x6a, 0x00d7},
    {0x6b, 0x00f7},
    {0x5819, 0x0111},
    {0x581f, 0x0138},
    {0x2e6f, 0x02c7},
    {0x2e70, 0x02d0},
    {0x5860, 0x0401},
    {0x58a1, 0x0451},
    {0xe, 0x2010},
    {0xe, 0x2011},
    {0x2e77, 0x2016},
    {0x2e78, 0x2030},
    {0x84, 0x203b},
    {0x2e79, 0x203c},
    {0x2e7a, 0x203e},
    {0x2e7b, 0x2044},
    {0x2e7f, 0x2070},
    {0x85, 0x20a9},
    {0x86, 0x20ac},
    {0x87, 0x2103},
    {0x88, 0x2109},
    {0x2e91, 0x2113},
    {0x2e92, 0x2116},
    {0x2e93, 0x2121},
    {0x89, 0x2122},
    {0x2e94, 0x2126},
    {0x2e95, 0x212b},
    {0x2eb0, 0x21d2},
    {0x2eb1, 0x21d4},
    {0x2eb2, 0x2200},
    {0x2eb7, 0x220b},
    {0x2eb8, 0x220f},
    {0x2eb9, 0x2211},
    {0x94, 0x2212},
    {0x2eba, 0x221a},
    {0x2ebd, 0x2220},
    {0x2ebe, 0x2225},
    {0x2ec5, 0x222e},
    {0x2ecb, 0x2252},
    {0x95, 0x2260},
    {0x2ecc, 0x2261},
    {0x2ed5, 0x2299},
    {0x2ed6, 0x22a5},
    {0x2ed7, 0x22ef},
    {0x2ed8, 0x2312},
    {0x2d50, 0x24ff},
    {0x2f1d, 0x2592},
    {0x2f1e, 0x25a0},
    {0x98, 0x25a1},
    {0x99, 0x25cb},
    {0x9a, 0x25e6},
    {0x2f3a, 0x261c},
    {0x2f3b, 0x261e},
    {0x2f3c, 0x2640},
    {0x2f3d, 0x2642},
    {0x9b, 0x274c},
    {0x379e, 0x2f00},
    {0x37bc, 0x2f04},
    {0x37ca, 0x2f06},
    {0x37df, 0x2f08},
    {0x4aac, 0x2f09},
    {0x38a4, 0x2f0a},
    {0x38a9, 0x2f0b},
    {0x4ab5, 0x2f0c},
    {0x4aca, 0x2f0f},
    {0x38d2, 0x2f11},
    {0x3901, 0x2f12},
    {0x3928, 0x2f14},
    {0x4afa, 0x2f16},
    {0x3934, 0x2f17},
    {0x3942, 0x2f18},
    {0x395a, 0x2f1c},
    {0x3965, 0x2f1d},
    {0x3a01, 0x2f1f},
    {0x3a66, 0x2f20},
    {0x3a6f, 0x2f23},
    {0x3a75, 0x2f24},
    {0x3a92, 0x2f25},
    {0x3ade, 0x2f26},
    {0x3b2e, 0x2f28},
    {0x3b39, 0x2f29},
    {0x3b40, 0x2f2b},
    {0x3b57, 0x2f2d},
    {0x3b91, 0x2f2f},
    {0x3b97, 0x2f30},
    {0x3b9d, 0x2f31},
    {0x3bb9, 0x2f32},
    {0x4d14, 0x2f37},
    {0x3bed, 0x2f38},
    {0x3c29, 0x2f3c},
    {0x3cc9, 0x2f3d},
    {0x3cda, 0x2f3e},
    {0x3ce2, 0x2f3f},
    {0x3d88, 0x2f40},
    {0x3da7, 0x2f42},
    {0x3dab, 0x2f43},
    {0x3db1, 0x2f44},
    {0x3db9, 0x2f45},
    {0x3dc3, 0x2f46},
    {0x3dc5, 0x2f47},
    {0x3e26, 0x2f48},
    {0x3e33, 0x2f49},
    {0x3e40, 0x2f4a},
    {0x3f25, 0x2f4b},
    {0x3f33, 0x2f4c},
    {0x4f46, 0x2f4e},
    {0x3f51, 0x2f4f},
    {0x3f56, 0x2f50},
    {0x3f5a, 0x2f51},
    {0x3f5e, 0x2f52},
    {0x3f62, 0x2f54},
    {0x4096, 0x2f55},
    {0x40f7, 0x2f56},
    {0x40fd, 0x2f57},
    {0x40ff, 0x2f58},
    {0x4104, 0x2f5a},
    {0x4118, 0x2f5d},
    {0x4141, 0x2f5e},
    {0x4144, 0x2f5f},
    {0x41b5, 0x2f60},
    {0x41b9, 0x2f61},
    {0x41c0, 0x2f62},
    {0x41c3, 0x2f63},
    {0x41c7, 0x2f64},
    {0x41ca, 0x2f65},
    {0x41e9, 0x2f66},
    {0x4221, 0x2f69},
    {0x4229, 0x2f6a},
    {0x422b, 0x2f6b},
    {0x423b, 0x2f6c},
    {0x4263, 0x2f6d},
    {0x4265, 0x2f6e},
    {0x426c, 0x2f6f},
    {0x429a, 0x2f70},
    {0x42bc, 0x2f72},
    {0x42ec, 0x2f73},
    {0x4303, 0x2f74},
    {0x430f, 0x2f75},
    {0x4353, 0x2f76},
    {0x523e, 0x2f77},
    {0x43e6, 0x2f78},
    {0x43f7, 0x2f7a},
    {0x4403, 0x2f7b},
    {0x4415, 0x2f7c},
    {0x441a, 0x2f7d},
    {0x52bd, 0x2f7e},
    {0x4420, 0x2f7f},
    {0x4432, 0x2f80},
    {0x4437, 0x2f81},
    {0x4489, 0x2f82},
    {0x448d, 0x2f83},
    {0x448f, 0x2f84},
    {0x4493, 0x2f85},
    {0x4499, 0x2f86},
    {0x449c, 0x2f87},
    {0x449f, 0x2f88},
    {0x44ae, 0x2f89},
    {0x44b1, 0x2f8a},
    {0x44b3, 0x2f8b},
    {0x53b4, 0x2f8d},
    {0x45bd, 0x2f8e},
    {0x45bf, 0x2f8f},
    {0x45c9, 0x2f90},
    {0x4602, 0x2f92},
    {0x460d, 0x2f93},
    {0x4611, 0x2f94},
    {0x468f, 0x2f95},
    {0x4692, 0x2f96},
    {0x4696, 0x2f97},
    {0x5489, 0x2f98},
    {0x46a0, 0x2f99},
    {0x46d6, 0x2f9a},
    {0x46d9, 0x2f9b},
    {0x46e2, 0x2f9c},
    {0x4707, 0x2f9d},
    {0x470a, 0x2f9e},
    {0x4733, 0x2f9f},
    {0x473a, 0x2fa0},
    {0x4792, 0x2fa2},
    {0x47ae, 0x2fa3},
    {0x5546, 0x2fa4},
    {0x47cd, 0x2fa5},
    {0x47d2, 0x2fa6},
    {0x4850, 0x2fa9},
    {0x55ea, 0x2faa},
    {0x55ec, 0x2fab},
    {0x4893, 0x2fac},
    {0x48ae, 0x2fad},
    {0x48b1, 0x2fae},
    {0x48c1, 0x2fb1},
    {0x5626, 0x2fb2},
    {0x48c4, 0x2fb3},
    {0x48c9, 0x2fb4},
    {0x48e8, 0x2fb5},
    {0x48ed, 0x2fb6},
    {0x48ef, 0x2fb7},
    {0x4911, 0x2fba},
    {0x4939, 0x2fbb},
    {0x493d, 0x2fbc},
    {0x56ac, 0x2fbd},
    {0x4944, 0x2fc1},
    {0x494c, 0x2fc2},
    {0x4961, 0x2fc3},
    {0x497d, 0x2fc4},
    {0x4980, 0x2fc5},
    {0x4986, 0x2fc6},
    {0x4989, 0x2fc7},
    {0x498e, 0x2fca},
    {0x575e, 0x2fcc},
    {0x499f, 0x2fd2},
    {0x49a6, 0x2fd3},
    {0x49a9, 0x2fd4},
    {0x577f, 0x2fd5},
    {0x2f49, 0x3000},
    {0x2f4a, 0x3003},
    {0x2f4b, 0x3013},
    {0x2fc1, 0x33d3},
    {0x2fc2, 0x33d6},
    {0x2fc3, 0x33d8},
    {0x49aa, 0x349a},
    {0x49ab, 0x34d7},
    {0x49ac, 0x3515},
    {0x49ad, 0x3521},
    {0x49ae, 0x35ff},
    {0x49af, 0x366f},
    {0x49b3, 0x36e6},
    {0x49b4, 0x3723},
    {0x49b5, 0x372f},
    {0x49b6, 0x373a},
    {0x49b7, 0x37bc},
    {0x49b8, 0x380c},
    {0x49b9, 0x3818},
    {0x49ba, 0x3883},
    {0x49bb, 0x38ba},
    {0x49bc, 0x38e7},
    {0x49bd, 0x38fd},
    {0x49be, 0x3960},
    {0x49bf, 0x3965},
    {0x49c0, 0x3983},
    {0x49c1, 0x3990},
    {0x49c2, 0x39a5},
    {0x49c3, 0x39b6},
    {0x49c4, 0x3a39},
    {0x49c5, 0x3aa4},
    {0x49c6, 0x3adc},
    {0x49c7, 0x3af6},
    {0x49c8, 0x3b03},
    {0x49c9, 0x3b23},
    {0x49ca, 0x3b79},
    {0x49cb, 0x3bf3},
    {0x49cc, 0x3c14},
    {0x49cd, 0x3c24},
    {0x49ce, 0x3c2d},
    {0x49d1, 0x3cfc},
    {0x49d2, 0x3d17},
    {0x49d3, 0x3d5f},
    {0x49d4, 0x3dbc},
    {0x49d5, 0x3dc2},
    {0x49d6, 0x3ec4},
    {0x49d7, 0x3ed0},
    {0x49d8, 0x3eed},
    {0x49d9, 0x3efd},
    {0x49da, 0x3f04},
    {0x49db, 0x402f},
    {0x49dc, 0x4034},
    {0x49dd, 0x4062},
    {0x49de, 0x40a9},
    {0x49df, 0x40c9},
    {0x49e0, 0x4137},
    {0x49e1, 0x41ac},
    {0x49e2, 0x4259},
    {0x49e3, 0x43bb},
    {0x49e4, 0x43c7},
    {0x49e5, 0x43e7},
    {0x49e6, 0x43ea},
    {0x49e7, 0x4450},
    {0x49e8, 0x4512},
    {0x49e9, 0x45f2},
    {0x49ea, 0x4618},
    {0x49eb, 0x46b7},
    {0x49ec, 0x46be},
    {0x49ed, 0x46d4},
    {0x49ee, 0x46d8},
    {0x49ef, 0x46dd},
    {0x49f0, 0x472d},
    {0x49f1, 0x476c},
    {0x49f2, 0x477d},
    {0x49f3, 0x479f},
    {0x49f4, 0x4863},
    {0x49f5, 0x4883},
    {0x49f6, 0x4896},
    {0x49f7, 0x48a6},
    {0x49f8, 0x4925},
    {0x49f9, 0x499e},
    {0x49fa, 0x49a5},
    {0x49fb, 0x49cb},
    {0x49fc, 0x4a12},
    {0x49fd, 0x4a2d},
    {0x49fe, 0x4ab8},
    {0x49ff, 0x4adf},
    {0x4a00, 0x4ae8},
    {0x4a01, 0x4afb},
    {0x4a02, 0x4b53},
    {0x4a03, 0x4b71},
    {0x4a06, 0x4d1b},
    {0x37a0, 0x4e03},
    {0x4a07, 0x4e06},
    {0x37a6, 0x4e0d},
    {0x37a7, 0x4e11},
    {0x37ad, 0x4e1e},
    {0x4a08, 0x4e1f},
    {0x4a09, 0x4e26},
    {0x4a0a, 0x4e2b},
    {0x37ae, 0x4e2d},
    {0x37af, 0x4e32},
    {0x4a0d, 0x4e37},
    {0x37b2, 0x4e3b},
    {0x4a0e, 0x4e41},
    {0x37b5, 0x4e45},
    {0x4a0f, 0x4e4a},
    {0x37b6, 0x4e4b},
    {0x37ba, 0x4e56},
    {0x4a10, 0x4e5b},
    {0x4a13, 0x4e67},
    {0x37c0, 0x4e6b},
    {0x4a14, 0x4e6c},
    {0x37c1, 0x4e6d},
    {0x4a17, 0x4e72},
    {0x37c2, 0x4e73},
    {0x37c5, 0x4e7e},
    {0x37c6, 0x4e82},
    {0x37c7, 0x4e86},
    {0x4a1c, 0x4e87},
    {0x37c8, 0x4e88},
    {0x37cb, 0x4e8e},
    {0x4a1d, 0x4e8f},
    {0x37d1, 0x4e98},
    {0x4a1e, 0x4e99},
    {0x37d2, 0x4e9b},
    {0x4a1f, 0x4e9c},
    {0x37d3, 0x4e9e},
    {0x4a20, 0x4e9f},
    {0x37d9, 0x4ea8},
    {0x4a21, 0x4eaa},
    {0x4a22, 0x4eb0},
    {0x37de, 0x4eb6},
    {0x4a25, 0x4eb9},
    {0x37df, 0x4eba},
    {0x4a26, 0x4ebd},
    {0x37e2, 0x4ec4},
    {0x4a27, 0x4ec6},
    {0x37e3, 0x4ec7},
    {0x37e6, 0x4ecd},
    {0x4a28, 0x4ed2},
    {0x37ed, 0x4edd},
    {0x4a29, 0x4ede},
    {0x37ee, 0x4edf},
    {0x4a2a, 0x4ee1},
    {0x4a2b, 0x4eee},
    {0x37f2, 0x4ef0},
    {0x37f3, 0x4ef2},
    {0x4a2c, 0x4ef3},
    {0x4a2d, 0x4ef5},
    {0x37f6, 0x4efb},
    {0x4a2e, 0x4efd},
    {0x4a2f, 0x4eff},
    {0x4a30, 0x4f00},
    {0x37f7, 0x4f01},
    {0x4a31, 0x4f1a},
    {0x3800, 0x4f2f},
    {0x4a32, 0x4f30},
    {0x3801, 0x4f34},
    {0x3802, 0x4f36},
    {0x3803, 0x4f38},
    {0x3804, 0x4f3a},
    {0x4a33, 0x4f3e},
    {0x4a34, 0x4f42},
    {0x3807, 0x4f43},
    {0x4a35, 0x4f49},
    {0x4a36, 0x4f4b},
    {0x3810, 0x4f55},
    {0x3815, 0x4f69},
    {0x4a3e, 0x4f6a},
    {0x3818, 0x4f73},
    {0x4a3f, 0x4f74},
    {0x3819, 0x4f76},
    {0x381a, 0x4f7a},
    {0x4a45, 0x4f80},
    {0x381d, 0x4f81},
    {0x3820, 0x4f86},
    {0x3821, 0x4f88},
    {0x4a46, 0x4f89},
    {0x3824, 0x4f8d},
    {0x4a47, 0x4f8e},
    {0x3825, 0x4f8f},
    {0x4a48, 0x4f90},
    {0x3826, 0x4f91},
    {0x4a49, 0x4f92},
    {0x4a4a, 0x4f94},
    {0x3827, 0x4f96},
    {0x4a4b, 0x4f97},
    {0x3828, 0x4f98},
    {0x4a4c, 0x4f9a},
    {0x3829, 0x4f9b},
    {0x4a4d, 0x4f9c},
    {0x382a, 0x4f9d},
    {0x4a4e, 0x4fa4},
    {0x4a4f, 0x4fb2},
    {0x4a50, 0x4fb9},
    {0x4a51, 0x4fbb},
    {0x382f, 0x4fbf},
    {0x4a52, 0x4fc1},
    {0x4a53, 0x4fc5},
    {0x3835, 0x4fce},
    {0x3836, 0x4fd1},
    {0x4a58, 0x4fd2},
    {0x3839, 0x4fd7},
    {0x383a, 0x4fda},
    {0x4a5b, 0x4fdb},
    {0x383b, 0x4fdd},
    {0x4a5c, 0x4fde},
    {0x4a5d, 0x4fe3},
    {0x4a5e, 0x4ff0},
    {0x3841, 0x4ff1},
    {0x3842, 0x4ff3},
    {0x4a5f, 0x4ff4},
    {0x3843, 0x4ff5},
    {0x4a60, 0x4ff6},
    {0x3844, 0x4ff8},
    {0x3845, 0x4ffa},
    {0x4a61, 0x4ffe},
    {0x4a62, 0x5000},
    {0x3846, 0x5002},
    {0x4a63, 0x5005},
    {0x3847, 0x5006},
    {0x4a64, 0x5007},
    {0x3848, 0x5009},
    {0x3849, 0x500b},
    {0x384a, 0x500d},
    {0x4a65, 0x500f},
    {0x384d, 0x5016},
    {0x4a68, 0x5018},
    {0x3850, 0x501c},
    {0x3853, 0x5021},
    {0x4a69, 0x5022},
    {0x4a6a, 0x5025},
    {0x4a6b, 0x5029},
    {0x4a6c, 0x502e},
    {0x4a6d, 0x5030},
    {0x385d, 0x503b},
    {0x385e, 0x5043},
    {0x4a6e, 0x5044},
    {0x4a6f, 0x504a},
    {0x4a70, 0x504e},
    {0x3862, 0x504f},
    {0x4a71, 0x5053},
    {0x3863, 0x5055},
    {0x4a72, 0x5056},
    {0x3864, 0x505a},
    {0x3865, 0x505c},
    {0x4a75, 0x5060},
    {0x4a76, 0x5062},
    {0x3866, 0x5065},
    {0x4a77, 0x5066},
    {0x4a78, 0x506a},
    {0x4a79, 0x5070},
    {0x4a7a, 0x5072},
    {0x386a, 0x5078},
    {0x386b, 0x5080},
    {0x4a7b, 0x5083},
    {0x386c, 0x5085},
    {0x4a7c, 0x508b},
    {0x386d, 0x508d},
    {0x386e, 0x5091},
    {0x4a7d, 0x5092},
    {0x4a7e, 0x5094},
    {0x4a7f, 0x5096},
    {0x4a84, 0x50a2},
    {0x4a85, 0x50ae},
    {0x4a86, 0x50b4},
    {0x3875, 0x50b5},
    {0x3876, 0x50b7},
    {0x4a87, 0x50bd},
    {0x3877, 0x50be},
    {0x4a88, 0x50bf},
    {0x4a89, 0x50c2},
    {0x4a8a, 0x50c4},
    {0x3878, 0x50c5},
    {0x387b, 0x50cf},
    {0x387c, 0x50d1},
    {0x4a8b, 0x50d4},
    {0x387f, 0x50da},
    {0x4a8c, 0x50db},
    {0x3880, 0x50de},
    {0x4a8d, 0x50e2},
    {0x3881, 0x50e5},
    {0x4a8e, 0x50e6},
    {0x3882, 0x50e7},
    {0x4a8f, 0x50e9},
    {0x4a90, 0x50ec},
    {0x3883, 0x50ed},
    {0x4a91, 0x50ee},
    {0x4a92, 0x50f5},
    {0x3884, 0x50f9},
    {0x3885, 0x50fb},
    {0x4a93, 0x50fe},
    {0x3886, 0x50ff},
    {0x3889, 0x5104},
    {0x388a, 0x5106},
    {0x4a96, 0x5107},
    {0x388b, 0x5109},
    {0x4a97, 0x510b},
    {0x4a98, 0x5110},
    {0x388c, 0x5112},
    {0x388d, 0x511f},
    {0x388e, 0x5121},
    {0x4aa1, 0x5122},
    {0x4aa4, 0x5127},
    {0x388f, 0x512a},
    {0x4aa5, 0x512b},
    {0x4aa6, 0x5131},
    {0x3890, 0x5132},
    {0x4aa7, 0x5133},
    {0x4aa8, 0x5135},
    {0x3891, 0x5137},
    {0x3892, 0x513a},
    {0x4aab, 0x513b},
    {0x3893, 0x513c},
    {0x4aac, 0x513f},
    {0x4aad, 0x5150},
    {0x38a1, 0x5152},
    {0x4ab2, 0x515a},
    {0x38a2, 0x515c},
    {0x38a3, 0x5162},
    {0x38a4, 0x5165},
    {0x4ab3, 0x516f},
    {0x38ad, 0x5171},
    {0x4ab4, 0x517a},
    {0x38b2, 0x517c},
    {0x38b3, 0x5180},
    {0x4ab5, 0x5182},
    {0x38b4, 0x5186},
    {0x4ab6, 0x5189},
    {0x38b5, 0x518a},
    {0x4ab7, 0x518c},
    {0x38b6, 0x518d},
    {0x4ab8, 0x518f},
    {0x4ab9, 0x5191},
    {0x38b7, 0x5192},
    {0x4aba, 0x5193},
    {0x38b8, 0x5195},
    {0x38b9, 0x5197},
    {0x4abb, 0x5198},
    {0x4abc, 0x519e},
    {0x38ba, 0x51a0},
    {0x38bb, 0x51a5},
    {0x38bc, 0x51aa},
    {0x38bd, 0x51ac},
    {0x38c0, 0x51bd},
    {0x4ac3, 0x51be},
    {0x38c1, 0x51c4},
    {0x4ac4, 0x51c5},
    {0x38c2, 0x51c6},
    {0x38c3, 0x51c9},
    {0x4ac5, 0x51ca},
    {0x4ac6, 0x51d2},
    {0x4ac7, 0x51d4},
    {0x4ac8, 0x51d6},
    {0x4ac9, 0x51db},
    {0x4aca, 0x51e0},
    {0x38ca, 0x51e1},
    {0x4acb, 0x51e9},
    {0x4acc, 0x51ed},
    {0x38cd, 0x51f6},
    {0x38d1, 0x51fd},
    {0x38d2, 0x5200},
    {0x4acf, 0x5201},
    {0x38d3, 0x5203},
    {0x38d7, 0x520a},
    {0x38d8, 0x520e},
    {0x38d9, 0x5211},
    {0x4ad0, 0x5213},
    {0x4ad1, 0x5216},
    {0x38da, 0x5217},
    {0x38db, 0x521d},
    {0x38e0, 0x522e},
    {0x38e1, 0x5230},
    {0x38e8, 0x5243},
    {0x4ad7, 0x5244},
    {0x4ad8, 0x5246},
    {0x38e9, 0x5247},
    {0x4ad9, 0x5249},
    {0x38ee, 0x5254},
    {0x4ada, 0x5255},
    {0x38ef, 0x5256},
    {0x4adb, 0x5257},
    {0x4adc, 0x525a},
    {0x38f0, 0x525b},
    {0x38f1, 0x525d},
    {0x38f2, 0x5261},
    {0x38f5, 0x526f},
    {0x38f6, 0x5272},
    {0x4adf, 0x5274},
    {0x38f7, 0x5275},
    {0x4ae0, 0x5277},
    {0x4ae1, 0x527a},
    {0x38f8, 0x527d},
    {0x38f9, 0x527f},
    {0x4ae2, 0x5282},
    {0x38fa, 0x5283},
    {0x38fe, 0x528d},
    {0x4ae3, 0x5293},
    {0x3901, 0x529b},
    {0x4ae6, 0x52a7},
    {0x4aea, 0x52b9},
    {0x3909, 0x52be},
    {0x390a, 0x52c1},
    {0x390b, 0x52c3},
    {0x390c, 0x52c5},
    {0x390d, 0x52c7},
    {0x390e, 0x52c9},
    {0x4aeb, 0x52cc},
    {0x390f, 0x52cd},
    {0x3910, 0x52d2},
    {0x3915, 0x52db},
    {0x4aee, 0x52e6},
    {0x4aef, 0x52ed},
    {0x4af0, 0x52f2},
    {0x391c, 0x52f3},
    {0x391d, 0x52f5},
    {0x391e, 0x52f8},
    {0x3923, 0x5305},
    {0x3924, 0x5308},
    {0x4af5, 0x530a},
    {0x4af6, 0x530c},
    {0x3925, 0x530d},
    {0x392b, 0x5319},
    {0x392e, 0x5323},
    {0x4af7, 0x5327},
    {0x392f, 0x532a},
    {0x3930, 0x532f},
    {0x4af8, 0x5331},
    {0x4af9, 0x5336},
    {0x4afa, 0x5338},
    {0x3931, 0x5339},
    {0x4afd, 0x5345},
    {0x393b, 0x534d},
    {0x3940, 0x5357},
    {0x3941, 0x535a},
    {0x3942, 0x535c},
    {0x3943, 0x535e},
    {0x3944, 0x5360},
    {0x4afe, 0x5361},
    {0x3945, 0x5366},
    {0x3946, 0x5368},
    {0x4aff, 0x536a},
    {0x4b00, 0x536c},
    {0x4b01, 0x536e},
    {0x394c, 0x5377},
    {0x394d, 0x537d},
    {0x4b08, 0x537e},
    {0x394e, 0x537f},
    {0x4b09, 0x5381},
    {0x394f, 0x5384},
    {0x4b0a, 0x538e},
    {0x4b0b, 0x5391},
    {0x3950, 0x5393},
    {0x4b0c, 0x5396},
    {0x3951, 0x5398},
    {0x3952, 0x539a},
    {0x4b0d, 0x539d},
    {0x4b0e, 0x53aa},
    {0x3957, 0x53ad},
    {0x4b0f, 0x53ae},
    {0x4b12, 0x53b9},
    {0x3958, 0x53bb},
    {0x4b13, 0x53bc},
    {0x3959, 0x53c3},
    {0x4b14, 0x53c5},
    {0x4b15, 0x53cc},
    {0x395e, 0x53cd},
    {0x395f, 0x53d4},
    {0x4b16, 0x53d9},
    {0x3962, 0x53db},
    {0x4b17, 0x53df},
    {0x4b18, 0x53e6},
    {0x4b19, 0x53e8},
    {0x4b1a, 0x53ee},
    {0x3972, 0x53f8},
    {0x4b1f, 0x5401},
    {0x4b20, 0x540b},
    {0x397e, 0x541b},
    {0x397f, 0x541d},
    {0x3982, 0x5426},
    {0x3983, 0x5429},
    {0x3984, 0x542b},
    {0x4b21, 0x542c},
    {0x4b22, 0x542e},
    {0x4b23, 0x5431},
    {0x3985, 0x5433},
    {0x4b24, 0x5436},
    {0x4b25, 0x543d},
    {0x398a, 0x543e},
    {0x4b26, 0x5440},
    {0x398b, 0x5442},
    {0x4b27, 0x5446},
    {0x398c, 0x5448},
    {0x398d, 0x544a},
    {0x4b28, 0x544e},
    {0x398e, 0x5451},
    {0x4b29, 0x545d},
    {0x4b2a, 0x545f},
    {0x4b2b, 0x5462},
    {0x4b2c, 0x5464},
    {0x4b2d, 0x5466},
    {0x398f, 0x5468},
    {0x3990, 0x546a},
    {0x4b2e, 0x546b},
    {0x4b2f, 0x5470},
    {0x3991, 0x5471},
    {0x3992, 0x5473},
    {0x3993, 0x5475},
    {0x4b30, 0x5476},
    {0x4b31, 0x547f},
    {0x3997, 0x5480},
    {0x4b32, 0x5484},
    {0x3998, 0x5486},
    {0x4b33, 0x5487},
    {0x4b34, 0x548b},
    {0x3999, 0x548c},
    {0x4b35, 0x548d},
    {0x399a, 0x548e},
    {0x4b36, 0x548f},
    {0x399b, 0x5490},
    {0x4b37, 0x5496},
    {0x4b38, 0x54a0},
    {0x4b39, 0x54a2},
    {0x399c, 0x54a4},
    {0x4b3a, 0x54a5},
    {0x399d, 0x54a8},
    {0x4b3b, 0x54af},
    {0x4b3c, 0x54b2},
    {0x39a0, 0x54b3},
    {0x39a1, 0x54b8},
    {0x39a2, 0x54bd},
    {0x4b3f, 0x54bf},
    {0x39a5, 0x54c4},
    {0x4b44, 0x54db},
    {0x39a8, 0x54e1},
    {0x39a9, 0x54e5},
    {0x4b45, 0x54e6},
    {0x39aa, 0x54e8},
    {0x4b46, 0x54e9},
    {0x4b47, 0x54f1},
    {0x39ad, 0x54f2},
    {0x39ae, 0x54fa},
    {0x4b48, 0x54fd},
    {0x4b49, 0x54ff},
    {0x39af, 0x5504},
    {0x4b4a, 0x5509},
    {0x39b2, 0x550e},
    {0x4b4b, 0x550f},
    {0x39b3, 0x5510},
    {0x4b4c, 0x5514},
    {0x39b4, 0x551c},
    {0x4b4d, 0x551f},
    {0x4b4e, 0x552b},
    {0x4b4f, 0x552e},
    {0x39b5, 0x552f},
    {0x39b6, 0x5531},
    {0x4b50, 0x5533},
    {0x39b7, 0x5535},
    {0x4b51, 0x5539},
    {0x4b52, 0x553c},
    {0x39b8, 0x553e},
    {0x4b53, 0x5540},
    {0x4b54, 0x5542},
    {0x39b9, 0x5544},
    {0x39ba, 0x5546},
    {0x4b55, 0x554a},
    {0x39bb, 0x554f},
    {0x39bc, 0x5553},
    {0x39bd, 0x5556},
    {0x4b56, 0x5557},
    {0x4b57, 0x555c},
    {0x39be, 0x555e},
    {0x39bf, 0x5563},
    {0x4b58, 0x557b},
    {0x39c0, 0x557c},
    {0x39c1, 0x5580},
    {0x39c2, 0x5584},
    {0x4b5f, 0x558b},
    {0x4b60, 0x5591},
    {0x39cc, 0x55a7},
    {0x4b67, 0x55a8},
    {0x39d1, 0x55ae},
    {0x4b68, 0x55b0},
    {0x4b69, 0x55b8},
    {0x4b6a, 0x55c3},
    {0x39d2, 0x55c5},
    {0x39d3, 0x55c7},
    {0x4b6b, 0x55c9},
    {0x4b6c, 0x55d1},
    {0x39d4, 0x55d4},
    {0x39d5, 0x55da},
    {0x4b6d, 0x55db},
    {0x39d6, 0x55dc},
    {0x39d7, 0x55df},
    {0x4b6e, 0x55e0},
    {0x4b6f, 0x55e2},
    {0x4b70, 0x55ed},
    {0x4b71, 0x55f7},
    {0x4b72, 0x55ff},
    {0x4b73, 0x5604},
    {0x39dc, 0x5606},
    {0x4b74, 0x5608},
    {0x39dd, 0x5609},
    {0x4b7a, 0x5612},
    {0x39de, 0x5614},
    {0x4b7b, 0x5616},
    {0x39df, 0x5617},
    {0x4b7c, 0x5629},
    {0x4b7d, 0x562c},
    {0x39e0, 0x562f},
    {0x39e1, 0x5632},
    {0x39e2, 0x5634},
    {0x39e3, 0x5636},
    {0x4b81, 0x563b},
    {0x4b82, 0x563f},
    {0x4b85, 0x5649},
    {0x4b86, 0x564b},
    {0x39e4, 0x5653},
    {0x4b8a, 0x5655},
    {0x39e5, 0x5668},
    {0x39e6, 0x566b},
    {0x4b91, 0x566f},
    {0x4b92, 0x5672},
    {0x39e7, 0x5674},
    {0x4b93, 0x5676},
    {0x4b94, 0x5678},
    {0x4b95, 0x567a},
    {0x4b96, 0x5680},
    {0x4b97, 0x5684},
    {0x39e8, 0x5686},
    {0x4b98, 0x5687},
    {0x4b99, 0x568f},
    {0x39e9, 0x56a5},
    {0x4b9c, 0x56a7},
    {0x39ea, 0x56ac},
    {0x39eb, 0x56ae},
    {0x4b9d, 0x56b3},
    {0x39ec, 0x56b4},
    {0x4b9e, 0x56b6},
    {0x39ed, 0x56bc},
    {0x39ee, 0x56ca},
    {0x39ef, 0x56cd},
    {0x39f0, 0x56d1},
    {0x4ba5, 0x56d5},
    {0x39f3, 0x56de},
    {0x4ba6, 0x56df},
    {0x39f4, 0x56e0},
    {0x4ba9, 0x56eb},
    {0x4baa, 0x56ee},
    {0x39f5, 0x56f0},
    {0x4bab, 0x56f7},
    {0x4bac, 0x56fd},
    {0x4bad, 0x56ff},
    {0x4bb0, 0x5707},
    {0x39fa, 0x5708},
    {0x39fb, 0x570b},
    {0x39fc, 0x570d},
    {0x39ff, 0x5716},
    {0x3a00, 0x5718},
    {0x4bb3, 0x571c},
    {0x3a01, 0x571f},
    {0x4bb4, 0x5725},
    {0x3a02, 0x5728},
    {0x4bb7, 0x572c},
    {0x3a03, 0x572d},
    {0x4bb8, 0x572e},
    {0x3a04, 0x5730},
    {0x3a05, 0x573b},
    {0x4bb9, 0x573e},
    {0x3a06, 0x5740},
    {0x4bba, 0x5741},
    {0x3a07, 0x5742},
    {0x3a08, 0x5747},
    {0x3a09, 0x574a},
    {0x4bbb, 0x574c},
    {0x4bbc, 0x574f},
    {0x3a0e, 0x5761},
    {0x3a0f, 0x5764},
    {0x3a10, 0x5766},
    {0x3a11, 0x576a},
    {0x3a12, 0x576e},
    {0x4bc0, 0x576f},
    {0x3a13, 0x5770},
    {0x4bc1, 0x5771},
    {0x4bc2, 0x5773},
    {0x3a14, 0x5775},
    {0x4bc5, 0x577b},
    {0x3a15, 0x577c},
    {0x3a16, 0x5782},
    {0x3a17, 0x5788},
    {0x3a18, 0x578b},
    {0x4bc6, 0x578c},
    {0x3a19, 0x5793},
    {0x4bc7, 0x5795},
    {0x4bc8, 0x579e},
    {0x3a1a, 0x57a0},
    {0x4bc9, 0x57a4},
    {0x4bca, 0x57b8},
    {0x4bcb, 0x57bd},
    {0x3a1d, 0x57c3},
    {0x4bcc, 0x57c6},
    {0x4bcd, 0x57c9},
    {0x3a20, 0x57cb},
    {0x3a21, 0x57ce},
    {0x4bce, 0x57cf},
    {0x4bd1, 0x57dc},
    {0x4bd2, 0x57e4},
    {0x4bd3, 0x57e9},
    {0x3a24, 0x57f0},
    {0x4bd6, 0x57f3},
    {0x3a25, 0x57f4},
    {0x4bd7, 0x57f6},
    {0x3a26, 0x57f7},
    {0x4bd8, 0x57fb},
    {0x3a29, 0x57fc},
    {0x4bd9, 0x57fd},
    {0x3a2a, 0x5800},
    {0x3a2b, 0x5802},
    {0x4bdc, 0x580b},
    {0x4bdd, 0x5817},
    {0x4bde, 0x5819},
    {0x4bdf, 0x581d},
    {0x3a31, 0x581e},
    {0x4be0, 0x5820},
    {0x3a32, 0x5821},
    {0x4be1, 0x5823},
    {0x3a33, 0x5824},
    {0x4be2, 0x5826},
    {0x3a34, 0x5827},
    {0x3a35, 0x582a},
    {0x4be3, 0x582d},
    {0x3a3b, 0x583a},
    {0x4be4, 0x5840},
    {0x4be5, 0x5849},
    {0x3a3e, 0x584f},
    {0x4be8, 0x5850},
    {0x3a3f, 0x5851},
    {0x4be9, 0x5852},
    {0x3a40, 0x5854},
    {0x4bea, 0x5859},
    {0x3a43, 0x585a},
    {0x3a44, 0x585e},
    {0x3a47, 0x5864},
    {0x4beb, 0x5869},
    {0x3a48, 0x5875},
    {0x3a49, 0x5879},
    {0x3a4a, 0x587c},
    {0x4bec, 0x587d},
    {0x3a4b, 0x587e},
    {0x3a4c, 0x5883},
    {0x3a4d, 0x5885},
    {0x3a4e, 0x5889},
    {0x4bef, 0x588a},
    {0x4bf2, 0x5890},
    {0x3a4f, 0x5893},
    {0x3a50, 0x589c},
    {0x4bf3, 0x589d},
    {0x4bf4, 0x58a1},
    {0x4bf5, 0x58a3},
    {0x4bf6, 0x58ab},
    {0x3a55, 0x58ae},
    {0x3a56, 0x58b3},
    {0x3a59, 0x58be},
    {0x3a5a, 0x58c1},
    {0x4bf9, 0x58c3},
    {0x3a5b, 0x58c5},
    {0x3a5c, 0x58c7},
    {0x3a5d, 0x58ce},
    {0x3a5e, 0x58d1},
    {0x3a5f, 0x58d3},
    {0x4bfa, 0x58d4},
    {0x3a60, 0x58d5},
    {0x4bfb, 0x58da},
    {0x4bfe, 0x58e1},
    {0x3a65, 0x58e4},
    {0x3a68, 0x58ef},
    {0x3a6c, 0x58fd},
    {0x4c01, 0x5906},
    {0x4c02, 0x5908},
    {0x3a6d, 0x590f},
    {0x4c03, 0x5910},
    {0x4c04, 0x591b},
    {0x3a73, 0x591c},
    {0x4c05, 0x591e},
    {0x3a74, 0x5922},
    {0x3a75, 0x5927},
    {0x4c08, 0x592c},
    {0x4c09, 0x592f},
    {0x3a7b, 0x5931},
    {0x4c0a, 0x5932},
    {0x3a7c, 0x5937},
    {0x4c0b, 0x5938},
    {0x4c0c, 0x593b},
    {0x4c0d, 0x593d},
    {0x3a7d, 0x593e},
    {0x3a7e, 0x5944},
    {0x4c0e, 0x594c},
    {0x4c0f, 0x5953},
    {0x3a88, 0x5957},
    {0x4c10, 0x5958},
    {0x3a89, 0x595a},
    {0x4c11, 0x595c},
    {0x3a8a, 0x5960},
    {0x3a8b, 0x5962},
    {0x3a8c, 0x5967},
    {0x4c12, 0x5969},
    {0x4c13, 0x5972},
    {0x4c14, 0x5976},
    {0x3a94, 0x5978},
    {0x3a95, 0x597d},
    {0x3a99, 0x598a},
    {0x3a9a, 0x5993},
    {0x3a9d, 0x5999},
    {0x4c19, 0x599d},
    {0x3a9e, 0x59a5},
    {0x4c1c, 0x59a7},
    {0x3a9f, 0x59a8},
    {0x3aa0, 0x59ac},
    {0x4c1d, 0x59af},
    {0x4c1e, 0x59b2},
    {0x4c21, 0x59b8},
    {0x3aa1, 0x59b9},
    {0x3aa2, 0x59bb},
    {0x3aa3, 0x59be},
    {0x4c22, 0x59bf},
    {0x4c23, 0x59c1},
    {0x3aa4, 0x59c3},
    {0x3aa5, 0x59c6},
    {0x4c24, 0x59c8},
    {0x3aa6, 0x59c9},
    {0x4c25, 0x59ca},
    {0x3aa7, 0x59cb},
    {0x4c26, 0x59cd},
    {0x4c27, 0x59d2},
    {0x4c28, 0x59de},
    {0x3ab0, 0x59e6},
    {0x3ab1, 0x59e8},
    {0x3ab2, 0x59ea},
    {0x4c2d, 0x59eb},
    {0x3ab3, 0x59ec},
    {0x3ab4, 0x59ee},
    {0x4c2e, 0x59f0},
    {0x4c2f, 0x59f2},
    {0x4c30, 0x59f7},
    {0x3ab5, 0x59f8},
    {0x3ab6, 0x59fb},
    {0x4c33, 0x59fc},
    {0x3ab7, 0x59ff},
    {0x3ab8, 0x5a01},
    {0x3ab9, 0x5a03},
    {0x4c36, 0x5a0d},
    {0x3aba, 0x5a11},
    {0x4c37, 0x5a13},
    {0x3abb, 0x5a18},
    {0x4c3a, 0x5a23},
    {0x3ac0, 0x5a25},
    {0x4c3b, 0x5a27},
    {0x3ac1, 0x5a29},
    {0x4c3c, 0x5a2b},
    {0x4c3d, 0x5a2d},
    {0x4c3e, 0x5a35},
    {0x3ac2, 0x5a36},
    {0x3ac3, 0x5a3c},
    {0x3ac4, 0x5a41},
    {0x3ac5, 0x5a46},
    {0x4c41, 0x5a47},
    {0x3ac6, 0x5a49},
    {0x3ac7, 0x5a5a},
    {0x4c46, 0x5a60},
    {0x3ac8, 0x5a62},
    {0x4c47, 0x5a63},
    {0x3ac9, 0x5a66},
    {0x4c48, 0x5a67},
    {0x4c4b, 0x5a6d},
    {0x4c4c, 0x5a72},
    {0x4c4d, 0x5a77},
    {0x4c4e, 0x5a7f},
    {0x4c4f, 0x5a84},
    {0x4c50, 0x5a8d},
    {0x4c51, 0x5a90},
    {0x3aca, 0x5a92},
    {0x4c52, 0x5a93},
    {0x4c53, 0x5a95},
    {0x4c56, 0x5aa2},
    {0x3acd, 0x5aa4},
    {0x4c57, 0x5aa7},
    {0x4c58, 0x5aaa},
    {0x4c59, 0x5ab3},
    {0x4c5a, 0x5ab5},
    {0x3ad0, 0x5ac4},
    {0x4c61, 0x5ac8},
    {0x3ad1, 0x5ac9},
    {0x4c62, 0x5acb},
    {0x3ad2, 0x5acc},
    {0x4c69, 0x5add},
    {0x4c6a, 0x5ae0},
    {0x3ad3, 0x5ae1},
    {0x3ad4, 0x5ae6},
    {0x3ad5, 0x5ae9},
    {0x4c6f, 0x5aeb},
    {0x4c73, 0x5af6},
    {0x4c76, 0x5afd},
    {0x4c77, 0x5b00},
    {0x3ad6, 0x5b05},
    {0x4c78, 0x5b08},
    {0x3ad7, 0x5b09},
    {0x3ada, 0x5b16},
    {0x4c79, 0x5b19},
    {0x4c7a, 0x5b1b},
    {0x4c7b, 0x5b25},
    {0x4c7c, 0x5b28},
    {0x3adb, 0x5b2a},
    {0x4c7d, 0x5b2d},
    {0x4c7e, 0x5b30},
    {0x4c7f, 0x5b32},
    {0x4c80, 0x5b34},
    {0x3adc, 0x5b40},
    {0x3add, 0x5b43},
    {0x4c83, 0x5b45},
    {0x4c84, 0x5b4c},
    {0x4c85, 0x5b56},
    {0x3ae4, 0x5b5a},
    {0x4c86, 0x5b5b},
    {0x3ae7, 0x5b5f},
    {0x4c87, 0x5b61},
    {0x3aea, 0x5b69},
    {0x3aeb, 0x5b6b},
    {0x3aee, 0x5b75},
    {0x4c8a, 0x5b76},
    {0x3aef, 0x5b78},
    {0x3af0, 0x5b7a},
    {0x3af1, 0x5b7c},
    {0x4c8b, 0x5b7f},
    {0x3af2, 0x5b85},
    {0x4c8e, 0x5b8a},
    {0x3af8, 0x5b8f},
    {0x3af9, 0x5b93},
    {0x4c8f, 0x5b9d},
    {0x4c90, 0x5b9f},
    {0x3b07, 0x5bac},
    {0x3b08, 0x5bae},
    {0x3b09, 0x5bb0},
    {0x3b18, 0x5bcc},
    {0x3b19, 0x5bd0},
    {0x4c91, 0x5bd6},
    {0x3b1d, 0x5bd7},
    {0x4c92, 0x5bd8},
    {0x4c93, 0x5bdb},
    {0x4c94, 0x5bed},
    {0x4c95, 0x5bf0},
    {0x3b2e, 0x5bf8},
    {0x3b2f, 0x5bfa},
    {0x4c96, 0x5bff},
    {0x3b30, 0x5c01},
    {0x3b31, 0x5c04},
    {0x4c99, 0x5c0c},
    {0x3b3a, 0x5c11},
    {0x4c9a, 0x5c14},
    {0x3b3b, 0x5c16},
    {0x3b3c, 0x5c19},
    {0x3b3d, 0x5c24},
    {0x3b3e, 0x5c28},
    {0x4c9d, 0x5c2b},
    {0x3b3f, 0x5c31},
    {0x4c9e, 0x5c3d},
    {0x4c9f, 0x5c41},
    {0x4ca0, 0x5c47},
    {0x3b4a, 0x5c48},
    {0x3b4b, 0x5c4b},
    {0x4ca1, 0x5c50},
    {0x3b4e, 0x5c51},
    {0x3b4f, 0x5c55},
    {0x3b50, 0x5c5b},
    {0x3b51, 0x5c60},
    {0x3b52, 0x5c62},
    {0x4ca2, 0x5c68},
    {0x3b55, 0x5c6c},
    {0x3b56, 0x5c6f},
    {0x3b57, 0x5c71},
    {0x4ca3, 0x5c73},
    {0x3b58, 0x5c79},
    {0x4ca4, 0x5c7a},
    {0x4ca5, 0x5c88},
    {0x4ca6, 0x5c8a},
    {0x4ca7, 0x5c8c},
    {0x4ca8, 0x5c8f},
    {0x4ca9, 0x5c92},
    {0x4caa, 0x5c94},
    {0x4cab, 0x5c9d},
    {0x3b5b, 0x5ca1},
    {0x4cac, 0x5ca3},
    {0x3b5c, 0x5ca9},
    {0x4cb1, 0x5caa},
    {0x4cb2, 0x5cad},
    {0x3b5f, 0x5cb1},
    {0x3b60, 0x5cb3},
    {0x3b61, 0x5cb5},
    {0x3b64, 0x5cba},
    {0x3b65, 0x5cbe},
    {0x3b66, 0x5cc0},
    {0x4cb3, 0x5ccb},
    {0x4cb4, 0x5cd2},
    {0x3b67, 0x5cd9},
    {0x3b68, 0x5ce0},
    {0x3b69, 0x5ce8},
    {0x4cb5, 0x5ce9},
    {0x4cb6, 0x5ced},
    {0x4cb7, 0x5cf1},
    {0x3b6c, 0x5cf4},
    {0x3b6d, 0x5cf6},
    {0x3b6e, 0x5cfb},
    {0x3b6f, 0x5cfd},
    {0x4cb8, 0x5d06},
    {0x3b70, 0x5d07},
    {0x4cb9, 0x5d10},
    {0x3b73, 0x5d11},
    {0x3b74, 0x5d14},
    {0x4cba, 0x5d15},
    {0x4cbb, 0x5d18},
    {0x3b77, 0x5d19},
    {0x4cbc, 0x5d1b},
    {0x4cbd, 0x5d1f},
    {0x4cbe, 0x5d22},
    {0x4cbf, 0x5d24},
    {0x4cc0, 0x5d26},
    {0x3b78, 0x5d27},
    {0x3b79, 0x5d29},
    {0x4cc1, 0x5d34},
    {0x4cc2, 0x5d3d},
    {0x4cc5, 0x5d44},
    {0x4cc6, 0x5d4e},
    {0x3b7c, 0x5d50},
    {0x3b7d, 0x5d69},
    {0x3b7e, 0x5d6c},
    {0x3b7f, 0x5d6f},
    {0x4cc9, 0x5d71},
    {0x4ccc, 0x5d84},
    {0x4ccd, 0x5d86},
    {0x3b80, 0x5d87},
    {0x3b81, 0x5d8b},
    {0x4cce, 0x5d92},
    {0x4cd1, 0x5d99},
    {0x3b82, 0x5d9d},
    {0x3b83, 0x5da0},
    {0x3b84, 0x5da2},
    {0x4cd2, 0x5da7},
    {0x3b85, 0x5daa},
    {0x4cd3, 0x5dab},
    {0x4cd4, 0x5dae},
    {0x4cd5, 0x5db0},
    {0x4cd6, 0x5db7},
    {0x3b86, 0x5db8},
    {0x3b87, 0x5dba},
    {0x4cd7, 0x5dbe},
    {0x4cd8, 0x5dc9},
    {0x4cd9, 0x5dcb},
    {0x3b8a, 0x5dcd},
    {0x4cda, 0x5dd1},
    {0x3b8b, 0x5dd2},
    {0x4cdb, 0x5dd3},
    {0x3b8c, 0x5dd6},
    {0x4cdc, 0x5dda},
    {0x4cdd, 0x5de0},
    {0x4cde, 0x5dea},
    {0x3b95, 0x5deb},
    {0x3b96, 0x5dee},
    {0x4ce1, 0x5df5},
    {0x3b9b, 0x5df7},
    {0x4ce4, 0x5dfc},
    {0x3ba0, 0x5e06},
    {0x4ce5, 0x5e09},
    {0x3ba1, 0x5e0c},
    {0x3ba2, 0x5e11},
    {0x4ce6, 0x5e15},
    {0x3ba3, 0x5e16},
    {0x3ba4, 0x5e19},
    {0x4ce7, 0x5e1a},
    {0x3ba5, 0x5e1b},
    {0x3ba6, 0x5e1d},
    {0x4ce8, 0x5e20},
    {0x3ba7, 0x5e25},
    {0x4ce9, 0x5e28},
    {0x3ba8, 0x5e2b},
    {0x3ba9, 0x5e2d},
    {0x3baa, 0x5e33},
    {0x3bab, 0x5e36},
    {0x4cea, 0x5e37},
    {0x3bac, 0x5e38},
    {0x3bad, 0x5e3d},
    {0x4ceb, 0x5e43},
    {0x3bb2, 0x5e47},
    {0x3bb3, 0x5e4c},
    {0x4cec, 0x5e4e},
    {0x4ced, 0x5e54},
    {0x3bb4, 0x5e55},
    {0x4cee, 0x5e58},
    {0x4cef, 0x5e5e},
    {0x3bb5, 0x5e5f},
    {0x4cf0, 0x5e68},
    {0x4cf6, 0x5e76},
    {0x4cf7, 0x5e7a},
    {0x4cfa, 0x5e83},
    {0x3bc3, 0x5e84},
    {0x3bc4, 0x5e87},
    {0x3bc5, 0x5e8a},
    {0x4cfb, 0x5e8b},
    {0x3bc6, 0x5e8f},
    {0x3bc7, 0x5e95},
    {0x4cfc, 0x5e96},
    {0x3bc8, 0x5e97},
    {0x3bc9, 0x5e9a},
    {0x3bca, 0x5e9c},
    {0x3bcb, 0x5ea0},
    {0x4cfd, 0x5ea5},
    {0x4cfe, 0x5ea8},
    {0x3bce, 0x5eab},
    {0x3bcf, 0x5ead},
    {0x4cff, 0x5eb3},
    {0x4d00, 0x5ebd},
    {0x3bd4, 0x5ebe},
    {0x4d01, 0x5ec1},
    {0x3bd5, 0x5ec2},
    {0x4d02, 0x5ecb},
    {0x4d03, 0x5ecf},
    {0x3bd9, 0x5ed0},
    {0x4d04, 0x5ed1},
    {0x3bda, 0x5ed3},
    {0x4d05, 0x5ed5},
    {0x3bdb, 0x5ed6},
    {0x4d06, 0x5ed9},
    {0x4d09, 0x5ee1},
    {0x3be2, 0x5eec},
    {0x4d0f, 0x5ef1},
    {0x3be3, 0x5ef3},
    {0x4d10, 0x5eff},
    {0x3be8, 0x5f01},
    {0x4d11, 0x5f03},
    {0x3be9, 0x5f04},
    {0x3bea, 0x5f0a},
    {0x4d14, 0x5f0b},
    {0x3beb, 0x5f0f},
    {0x3bec, 0x5f11},
    {0x4d15, 0x5f12},
    {0x3bf2, 0x5f1b},
    {0x3bf3, 0x5f1f},
    {0x4d16, 0x5f22},
    {0x4d17, 0x5f25},
    {0x3bf6, 0x5f29},
    {0x4d18, 0x5f2d},
    {0x3bf7, 0x5f31},
    {0x4d19, 0x5f34},
    {0x3bf8, 0x5f35},
    {0x4d1a, 0x5f37},
    {0x3bf9, 0x5f3a},
    {0x3bfa, 0x5f3c},
    {0x4d1b, 0x5f40},
    {0x4d1c, 0x5f46},
    {0x3bfb, 0x5f48},
    {0x3bfc, 0x5f4a},
    {0x3bfd, 0x5f4c},
    {0x3bfe, 0x5f4e},
    {0x4d1d, 0x5f54},
    {0x4d1e, 0x5f58},
    {0x3c01, 0x5f59},
    {0x3c02, 0x5f5b},
    {0x4d1f, 0x5f5d},
    {0x3c03, 0x5f62},
    {0x3c0d, 0x5f77},
    {0x3c0e, 0x5f79},
    {0x3c0f, 0x5f7c},
    {0x4d22, 0x5f82},
    {0x3c13, 0x5f85},
    {0x3c14, 0x5f87},
    {0x4d25, 0x5f9c},
    {0x3c1e, 0x5f9e},
    {0x4d26, 0x5fa3},
    {0x4d27, 0x5fa7},
    {0x3c24, 0x5fae},
    {0x4d2a, 0x5faf},
    {0x4d2b, 0x5fb3},
    {0x3c25, 0x5fb5},
    {0x3c26, 0x5fb7},
    {0x3c27, 0x5fb9},
    {0x4d2c, 0x5fbc},
    {0x3c28, 0x5fbd},
    {0x3c29, 0x5fc3},
    {0x3c2a, 0x5fc5},
    {0x4d2f, 0x5fce},
    {0x4d30, 0x5fd0},
    {0x4d33, 0x5fd5},
    {0x3c31, 0x5fe0},
    {0x4d37, 0x5fe1},
    {0x4d38, 0x5fe4},
    {0x4d39, 0x5fe8},
    {0x3c32, 0x5feb},
    {0x4d3d, 0x5ff1},
    {0x3c33, 0x5ff5},
    {0x4d3e, 0x5ff8},
    {0x3c34, 0x5ffd},
    {0x3c35, 0x5fff},
    {0x4d41, 0x600a},
    {0x4d42, 0x600d},
    {0x3c36, 0x600f},
    {0x3c37, 0x6012},
    {0x3c38, 0x6016},
    {0x4d45, 0x6017},
    {0x4d46, 0x6019},
    {0x4d47, 0x601b},
    {0x3c3d, 0x6025},
    {0x4d48, 0x6026},
    {0x4d49, 0x6029},
    {0x3c40, 0x602a},
    {0x3c41, 0x602f},
    {0x4d4a, 0x6030},
    {0x4d4b, 0x6033},
    {0x4d4c, 0x603e},
    {0x4d50, 0x604a},
    {0x3c45, 0x604d},
    {0x3c46, 0x6050},
    {0x3c47, 0x6052},
    {0x3c48, 0x6055},
    {0x3c49, 0x6059},
    {0x4d51, 0x605a},
    {0x3c4a, 0x605d},
    {0x4d54, 0x606b},
    {0x4d55, 0x6075},
    {0x4d56, 0x6081},
    {0x3c56, 0x6085},
    {0x4d59, 0x6086},
    {0x3c57, 0x6089},
    {0x4d5c, 0x608f},
    {0x4d5d, 0x6092},
    {0x3c5a, 0x6094},
    {0x4d5e, 0x6095},
    {0x3c5b, 0x6096},
    {0x4d5f, 0x6097},
    {0x4d60, 0x60a2},
    {0x3c62, 0x60a7},
    {0x3c63, 0x60b0},
    {0x4d61, 0x60b1},
    {0x4d62, 0x60b5},
    {0x3c67, 0x60b6},
    {0x3c68, 0x60b8},
    {0x4d63, 0x60bb},
    {0x4d64, 0x60be},
    {0x4d65, 0x60c4},
    {0x3c6b, 0x60c5},
    {0x4d66, 0x60c6},
    {0x3c6c, 0x60c7},
    {0x4d67, 0x60c9},
    {0x4d68, 0x60cb},
    {0x4d69, 0x60cf},
    {0x3c6d, 0x60d1},
    {0x4d6a, 0x60d3},
    {0x4d6b, 0x60d5},
    {0x3c6e, 0x60da},
    {0x4d6f, 0x60db},
    {0x3c6f, 0x60dc},
    {0x4d72, 0x60e2},
    {0x4d73, 0x60f2},
    {0x3c75, 0x60f3},
    {0x4d74, 0x60f4},
    {0x3c76, 0x60f6},
    {0x4d77, 0x60fc},
    {0x4d78, 0x6100},
    {0x3c7a, 0x6101},
    {0x4d79, 0x6103},
    {0x3c7b, 0x6106},
    {0x4d7a, 0x6114},
    {0x3c81, 0x6115},
    {0x4d7b, 0x6116},
    {0x4d7c, 0x611c},
    {0x4d7d, 0x611e},
    {0x3c84, 0x611f},
    {0x4d7e, 0x6122},
    {0x3c85, 0x6127},
    {0x4d7f, 0x6128},
    {0x3c86, 0x6130},
    {0x3c87, 0x6134},
    {0x3c88, 0x6137},
    {0x3c89, 0x613c},
    {0x3c8c, 0x6142},
    {0x3c8d, 0x6144},
    {0x4d83, 0x6146},
    {0x4d84, 0x614d},
    {0x4d85, 0x614f},
    {0x4d86, 0x6152},
    {0x3c93, 0x6153},
    {0x4d87, 0x6154},
    {0x3c94, 0x6155},
    {0x4d88, 0x615a},
    {0x4d89, 0x615c},
    {0x3c97, 0x615d},
    {0x3c98, 0x615f},
    {0x4d8c, 0x616a},
    {0x3c9e, 0x616b},
    {0x3c9f, 0x616e},
    {0x3ca0, 0x6170},
    {0x4d8d, 0x6171},
    {0x4d91, 0x617a},
    {0x4d92, 0x617c},
    {0x4d93, 0x6183},
    {0x3ca7, 0x618a},
    {0x4d94, 0x618d},
    {0x3ca8, 0x618e},
    {0x3cab, 0x6194},
    {0x4d97, 0x6196},
    {0x3caf, 0x61a4},
    {0x3cb0, 0x61a7},
    {0x4d98, 0x61a8},
    {0x3cb1, 0x61a9},
    {0x3cb4, 0x61ae},
    {0x4d99, 0x61af},
    {0x3cb5, 0x61b2},
    {0x3cb6, 0x61b6},
    {0x4d9a, 0x61b8},
    {0x3cb7, 0x61ba},
    {0x3cb8, 0x61be},
    {0x3cb9, 0x61c3},
    {0x4d9e, 0x61c6},
    {0x4d9f, 0x61cc},
    {0x4da0, 0x61cf},
    {0x4da1, 0x61d5},
    {0x4da2, 0x61d7},
    {0x4da5, 0x61e3},
    {0x3cbf, 0x61e6},
    {0x3cc0, 0x61f2},
    {0x3cc4, 0x61fa},
    {0x3cc5, 0x61fc},
    {0x3cc6, 0x61ff},
    {0x3cc7, 0x6200},
    {0x3cca, 0x620a},
    {0x3cd1, 0x6216},
    {0x3cd2, 0x621a},
    {0x4daa, 0x621e},
    {0x3cd3, 0x621f},
    {0x3cd4, 0x6221},
    {0x4dab, 0x6222},
    {0x4dac, 0x6227},
    {0x4dad, 0x6229},
    {0x3cd5, 0x622a},
    {0x4dae, 0x622d},
    {0x3cd6, 0x622e},
    {0x3cd9, 0x6234},
    {0x4db1, 0x6235},
    {0x3cda, 0x6236},
    {0x4db2, 0x6239},
    {0x4db3, 0x6243},
    {0x4db4, 0x624a},
    {0x3ce2, 0x624b},
    {0x3ce3, 0x624d},
    {0x4db5, 0x624e},
    {0x3ce4, 0x6253},
    {0x4db8, 0x6257},
    {0x3ce5, 0x6258},
    {0x4dbb, 0x625e},
    {0x4dbc, 0x6263},
    {0x4dbd, 0x6268},
    {0x3ce6, 0x626e},
    {0x3ce7, 0x6271},
    {0x4dbe, 0x6273},
    {0x3ce8, 0x6276},
    {0x3ce9, 0x6279},
    {0x4dbf, 0x627a},
    {0x3cea, 0x627c},
    {0x4dc0, 0x627e},
    {0x4dc1, 0x6283},
    {0x3ced, 0x6284},
    {0x4dc2, 0x6286},
    {0x4dc3, 0x628f},
    {0x4dc4, 0x6294},
    {0x3cf2, 0x6295},
    {0x4dc5, 0x6296},
    {0x3cf5, 0x629b},
    {0x4dc6, 0x62a6},
    {0x4dc7, 0x62a8},
    {0x3cf6, 0x62ab},
    {0x4dc8, 0x62ac},
    {0x4dc9, 0x62ae},
    {0x3cf7, 0x62b1},
    {0x4dca, 0x62b2},
    {0x3cf8, 0x62b5},
    {0x3cf9, 0x62b9},
    {0x3cfc, 0x62c2},
    {0x4dd0, 0x62d1},
    {0x4dd1, 0x62d5},
    {0x3d11, 0x62f1},
    {0x3d12, 0x62f3},
    {0x3d13, 0x62f7},
    {0x4dd4, 0x62fd},
    {0x3d16, 0x6301},
    {0x4dd5, 0x6302},
    {0x3d17, 0x6307},
    {0x3d18, 0x6309},
    {0x4dd6, 0x630c},
    {0x4dd7, 0x6310},
    {0x3d19, 0x6311},
    {0x4dd8, 0x6312},
    {0x4dd9, 0x6328},
    {0x4dda, 0x632a},
    {0x3d1a, 0x632b},
    {0x3d1b, 0x632f},
    {0x4ddb, 0x6339},
    {0x4ddf, 0x6346},
    {0x3d20, 0x6349},
    {0x3d21, 0x634c},
    {0x4de2, 0x6353},
    {0x3d24, 0x6355},
    {0x4de3, 0x6357},
    {0x4de4, 0x635a},
    {0x4de5, 0x6369},
    {0x4de6, 0x636b},
    {0x3d27, 0x636e},
    {0x4de7, 0x6371},
    {0x3d28, 0x6372},
    {0x4de8, 0x6376},
    {0x3d29, 0x6377},
    {0x3d2c, 0x637f},
    {0x4de9, 0x6380},
    {0x3d2d, 0x6383},
    {0x4dea, 0x6384},
    {0x4deb, 0x6387},
    {0x4dec, 0x638a},
    {0x3d30, 0x638c},
    {0x3d31, 0x6392},
    {0x3d32, 0x6396},
    {0x3d33, 0x6398},
    {0x3d34, 0x639b},
    {0x4def, 0x639c},
    {0x4df0, 0x639f},
    {0x3d38, 0x63a5},
    {0x4df1, 0x63ac},
    {0x4df2, 0x63be},
    {0x3d3d, 0x63c0},
    {0x4df3, 0x63c3},
    {0x3d3e, 0x63c4},
    {0x3d3f, 0x63c6},
    {0x4df4, 0x63c9},
    {0x4df5, 0x63d2},
    {0x3d42, 0x63d6},
    {0x3d45, 0x63e1},
    {0x4df8, 0x63e3},
    {0x4df9, 0x63e9},
    {0x4dfa, 0x63eb},
    {0x4dfb, 0x63f2},
    {0x3d48, 0x63f4},
    {0x4dfc, 0x63f5},
    {0x4dfd, 0x6406},
    {0x4dfe, 0x6409},
    {0x3d4b, 0x640d},
    {0x3d4c, 0x640f},
    {0x4dff, 0x6412},
    {0x3d4d, 0x6414},
    {0x4e00, 0x6418},
    {0x3d50, 0x641c},
    {0x4e01, 0x6420},
    {0x3d51, 0x6422},
    {0x4e04, 0x6428},
    {0x4e09, 0x6434},
    {0x4e0a, 0x6436},
    {0x3d54, 0x643a},
    {0x3d55, 0x643e},
    {0x3d56, 0x6458},
    {0x4e0b, 0x645b},
    {0x4e0c, 0x645e},
    {0x3d57, 0x6460},
    {0x4e0d, 0x6467},
    {0x3d58, 0x6469},
    {0x4e0e, 0x646d},
    {0x3d59, 0x646f},
    {0x4e0f, 0x6473},
    {0x4e10, 0x647b},
    {0x4e11, 0x647d},
    {0x4e12, 0x6485},
    {0x3d5d, 0x6488},
    {0x4e13, 0x6490},
    {0x4e14, 0x6495},
    {0x4e15, 0x6499},
    {0x3d61, 0x649a},
    {0x4e16, 0x649b},
    {0x4e17, 0x649d},
    {0x3d62, 0x649e},
    {0x4e18, 0x649f},
    {0x4e19, 0x64a9},
    {0x3d65, 0x64ab},
    {0x3d68, 0x64b0},
    {0x3d69, 0x64b2},
    {0x3d6a, 0x64bb},
    {0x4e1a, 0x64bc},
    {0x3d6b, 0x64c1},
    {0x3d6e, 0x64c7},
    {0x4e1d, 0x64c9},
    {0x3d6f, 0x64ca},
    {0x4e1e, 0x64d0},
    {0x3d72, 0x64d2},
    {0x3d73, 0x64d4},
    {0x4e1f, 0x64d5},
    {0x4e20, 0x64d7},
    {0x3d74, 0x64d8},
    {0x3d75, 0x64da},
    {0x4e21, 0x64e0},
    {0x4e22, 0x64e3},
    {0x3d7b, 0x64ec},
    {0x4e23, 0x64ed},
    {0x4e24, 0x64ef},
    {0x4e25, 0x64f1},
    {0x3d7c, 0x64f2},
    {0x3d7d, 0x64f4},
    {0x3d7e, 0x64fa},
    {0x3d7f, 0x64fe},
    {0x3d80, 0x6500},
    {0x4e26, 0x6502},
    {0x3d81, 0x6504},
    {0x4e27, 0x6507},
    {0x4e28, 0x650a},
    {0x4e29, 0x650f},
    {0x4e2a, 0x6514},
    {0x3d82, 0x6518},
    {0x4e2b, 0x6519},
    {0x3d83, 0x651d},
    {0x4e2c, 0x6522},
    {0x3d84, 0x6523},
    {0x4e2d, 0x6524},
    {0x3d88, 0x652f},
    {0x4e2e, 0x6532},
    {0x3d8d, 0x653b},
    {0x4e2f, 0x653d},
    {0x4e30, 0x6543},
    {0x3d90, 0x6545},
    {0x3d91, 0x6548},
    {0x4e31, 0x6549},
    {0x3d95, 0x6551},
    {0x4e32, 0x6552},
    {0x4e37, 0x655d},
    {0x3d98, 0x655e},
    {0x3d9b, 0x6566},
    {0x3d9e, 0x6572},
    {0x3da3, 0x657e},
    {0x4e38, 0x6581},
    {0x3da6, 0x6585},
    {0x3da7, 0x6587},
    {0x3da8, 0x658c},
    {0x3dab, 0x6597},
    {0x3dac, 0x6599},
    {0x4e39, 0x659d},
    {0x3daf, 0x659f},
    {0x3db0, 0x65a1},
    {0x3db3, 0x65a7},
    {0x3db8, 0x65b7},
    {0x3db9, 0x65b9},
    {0x3dbc, 0x65c1},
    {0x3dbd, 0x65c5},
    {0x4e41, 0x65c6},
    {0x4e42, 0x65ca},
    {0x3dc0, 0x65cf},
    {0x3dc1, 0x65d2},
    {0x4e43, 0x65d5},
    {0x3dc2, 0x65d7},
    {0x3dc3, 0x65e0},
    {0x3dc4, 0x65e3},
    {0x3dcb, 0x65f1},
    {0x4e44, 0x65f2},
    {0x3dcc, 0x65f4},
    {0x3dd1, 0x65ff},
    {0x4e45, 0x6600},
    {0x3dd6, 0x660c},
    {0x4e48, 0x660d},
    {0x4e4b, 0x6621},
    {0x3de1, 0x6625},
    {0x4e4e, 0x662b},
    {0x3de4, 0x662d},
    {0x3de8, 0x6634},
    {0x4e4f, 0x6635},
    {0x3de9, 0x6636},
    {0x4e50, 0x6637},
    {0x4e51, 0x6648},
    {0x3df0, 0x6649},
    {0x3df1, 0x664b},
    {0x4e52, 0x664c},
    {0x4e53, 0x664e},
    {0x3df2, 0x664f},
    {0x4e56, 0x6657},
    {0x3df3, 0x6659},
    {0x4e57, 0x665a},
    {0x3df4, 0x665b},
    {0x3dfe, 0x666b},
    {0x4e5d, 0x6670},
    {0x4e5e, 0x6679},
    {0x3e06, 0x667a},
    {0x4e5f, 0x667b},
    {0x4e60, 0x667d},
    {0x4e61, 0x667f},
    {0x3e07, 0x6684},
    {0x3e0b, 0x668e},
    {0x4e64, 0x669a},
    {0x3e11, 0x669d},
    {0x4e65, 0x669e},
    {0x3e12, 0x66a0},
    {0x3e13, 0x66a2},
    {0x4e66, 0x66a3},
    {0x3e14, 0x66ab},
    {0x4e67, 0x66ac},
    {0x3e15, 0x66ae},
    {0x4e68, 0x66b1},
    {0x4e69, 0x66b5},
    {0x4e6a, 0x66b8},
    {0x3e19, 0x66b9},
    {0x4e6b, 0x66ba},
    {0x3e1a, 0x66bb},
    {0x3e1b, 0x66be},
    {0x3e1c, 0x66c4},
    {0x4e6f, 0x66c5},
    {0x4e70, 0x66c8},
    {0x3e1f, 0x66c9},
    {0x3e20, 0x66d6},
    {0x4e73, 0x66d8},
    {0x3e21, 0x66d9},
    {0x4e76, 0x66de},
    {0x3e24, 0x66e0},
    {0x4e77, 0x66e3},
    {0x3e25, 0x66e6},
    {0x4e7b, 0x66ec},
    {0x3e26, 0x66f0},
    {0x3e2e, 0x66fc},
    {0x3e31, 0x6700},
    {0x3e32, 0x6703},
    {0x4e80, 0x670a},
    {0x3e35, 0x670b},
    {0x4e81, 0x670c},
    {0x3e36, 0x670d},
    {0x3e39, 0x6717},
    {0x3e3a, 0x671b},
    {0x4e82, 0x6720},
    {0x4e85, 0x6729},
    {0x4e86, 0x6730},
    {0x3e46, 0x6731},
    {0x4e87, 0x6733},
    {0x3e47, 0x6734},
    {0x3e48, 0x6736},
    {0x3e49, 0x673a},
    {0x3e4a, 0x673d},
    {0x4e88, 0x673e},
    {0x4e89, 0x6745},
    {0x3e4b, 0x6746},
    {0x3e4c, 0x6749},
    {0x3e51, 0x6753},
    {0x3e52, 0x6756},
    {0x3e53, 0x675c},
    {0x4e8c, 0x675d},
    {0x4e8d, 0x6760},
    {0x4e8e, 0x6765},
    {0x4e8f, 0x676a},
    {0x4e90, 0x676c},
    {0x3e56, 0x676d},
    {0x4e91, 0x676e},
    {0x4e92, 0x6772},
    {0x3e5a, 0x6773},
    {0x3e5b, 0x6775},
    {0x3e5c, 0x6777},
    {0x3e5d, 0x677b},
    {0x4e93, 0x677c},
    {0x4e94, 0x6783},
    {0x3e60, 0x6787},
    {0x3e61, 0x6789},
    {0x3e62, 0x678b},
    {0x4e95, 0x678c},
    {0x4e96, 0x6792},
    {0x3e65, 0x6793},
    {0x3e66, 0x6795},
    {0x3e67, 0x6797},
    {0x3e68, 0x679a},
    {0x4e99, 0x67b2},
    {0x3e6d, 0x67b3},
    {0x3e71, 0x67be},
    {0x4e9a, 0x67c1},
    {0x3e72, 0x67c4},
    {0x4e9b, 0x67c5},
    {0x4e9c, 0x67ca},
    {0x3e79, 0x67da},
    {0x3e7a, 0x67dd},
    {0x4ea3, 0x67e2},
    {0x3e7b, 0x67e9},
    {0x3e7c, 0x67ec},
    {0x4ea4, 0x67f9},
    {0x3e84, 0x67fb},
    {0x3e85, 0x67fe},
    {0x4ea5, 0x67ff},
    {0x4ea8, 0x680d},
    {0x4ea9, 0x6810},
    {0x3e8c, 0x682a},
    {0x4eac, 0x682e},
    {0x3e8d, 0x682f},
    {0x4eaf, 0x6834},
    {0x4eb0, 0x683b},
    {0x4eb1, 0x6844},
    {0x4eb2, 0x6846},
    {0x3e96, 0x6848},
    {0x4eb3, 0x6849},
    {0x3e97, 0x684e},
    {0x3e9c, 0x686d},
    {0x4eb4, 0x686f},
    {0x4eb5, 0x6874},
    {0x3e9d, 0x6876},
    {0x4eb6, 0x6877},
    {0x4eb7, 0x687e},
    {0x3e9e, 0x687f},
    {0x3e9f, 0x6881},
    {0x4eb8, 0x6883},
    {0x3ea0, 0x6885},
    {0x4eb9, 0x6886},
    {0x3ea1, 0x688f},
    {0x3ea4, 0x6897},
    {0x4eba, 0x689b},
    {0x3ea5, 0x689d},
    {0x3ea6, 0x689f},
    {0x4ebb, 0x68a0},
    {0x4ebc, 0x68a3},
    {0x3eab, 0x68ad},
    {0x3eaf, 0x68b3},
    {0x3eb4, 0x68c9},
    {0x4ebd, 0x68ca},
    {0x3eb5, 0x68cb},
    {0x4ebe, 0x68cc},
    {0x3eb6, 0x68cd},
    {0x4ebf, 0x68d0},
    {0x3eb7, 0x68d2},
    {0x3eb8, 0x68d5},
    {0x4ec0, 0x68d6},
    {0x3ebb, 0x68da},
    {0x4ec1, 0x68e3},
    {0x4ec2, 0x68ec},
    {0x3ec0, 0x68ee},
    {0x3ec1, 0x68f2},
    {0x3ec4, 0x6900},
    {0x4ec6, 0x6901},
    {0x4ec7, 0x6904},
    {0x3ec5, 0x6905},
    {0x4ec8, 0x6906},
    {0x4ec9, 0x690b},
    {0x4eca, 0x690f},
    {0x4ecb, 0x6911},
    {0x3ec8, 0x6912},
    {0x4ecc, 0x6919},
    {0x3ec9, 0x6927},
    {0x3eca, 0x6930},
    {0x4ecd, 0x6934},
    {0x4ece, 0x6936},
    {0x3ecb, 0x693d},
    {0x3ecc, 0x693f},
    {0x4ed1, 0x6942},
    {0x3ecd, 0x694a},
    {0x4ed2, 0x694f},
    {0x3ed1, 0x6957},
    {0x4ed3, 0x695d},
    {0x3ed4, 0x695e},
    {0x4ed4, 0x6965},
    {0x3ed9, 0x6968},
    {0x4ed5, 0x696a},
    {0x3eda, 0x696b},
    {0x4ed6, 0x696c},
    {0x4ed7, 0x6973},
    {0x3ede, 0x6975},
    {0x4ed8, 0x697b},
    {0x4edb, 0x698e},
    {0x4edc, 0x6991},
    {0x4edd, 0x6994},
    {0x3ee2, 0x6995},
    {0x4ede, 0x6998},
    {0x4edf, 0x699f},
    {0x4ee0, 0x69a4},
    {0x3ee5, 0x69a5},
    {0x4ee1, 0x69a6},
    {0x3ee6, 0x69a7},
    {0x4ee2, 0x69ad},
    {0x3ee7, 0x69ae},
    {0x3ee8, 0x69b4},
    {0x4ee6, 0x69b7},
    {0x4ee7, 0x69ba},
    {0x3ee9, 0x69bb},
    {0x4ee8, 0x69bc},
    {0x3eea, 0x69c1},
    {0x3eeb, 0x69c3},
    {0x4eec, 0x69c7},
    {0x4eed, 0x69ca},
    {0x3eef, 0x69d0},
    {0x4ef0, 0x69d3},
    {0x4ef1, 0x69d6},
    {0x4ef2, 0x69e2},
    {0x3ef0, 0x69e8},
    {0x4ef6, 0x69e9},
    {0x3ef1, 0x69ea},
    {0x4ef7, 0x69ed},
    {0x4ef8, 0x69f2},
    {0x4ef9, 0x69f9},
    {0x3ef2, 0x69fb},
    {0x3ef3, 0x69fd},
    {0x3ef4, 0x69ff},
    {0x4efa, 0x6a00},
    {0x3ef5, 0x6a02},
    {0x4efb, 0x6a05},
    {0x3ef6, 0x6a0a},
    {0x4efc, 0x6a0b},
    {0x3ef7, 0x6a11},
    {0x4efd, 0x6a12},
    {0x3ef8, 0x6a13},
    {0x4efe, 0x6a14},
    {0x3ef9, 0x6a17},
    {0x3efa, 0x6a19},
    {0x4eff, 0x6a1b},
    {0x3efd, 0x6a21},
    {0x3efe, 0x6a23},
    {0x4f00, 0x6a29},
    {0x4f01, 0x6a2b},
    {0x3eff, 0x6a35},
    {0x4f02, 0x6a3b},
    {0x3f03, 0x6a3d},
    {0x4f03, 0x6a43},
    {0x3f04, 0x6a44},
    {0x4f04, 0x6a45},
    {0x4f05, 0x6a47},
    {0x3f05, 0x6a48},
    {0x3f06, 0x6a4b},
    {0x4f0a, 0x6a50},
    {0x4f0b, 0x6a5a},
    {0x3f0b, 0x6a5f},
    {0x3f0c, 0x6a61},
    {0x4f0c, 0x6a62},
    {0x4f0d, 0x6a64},
    {0x4f0e, 0x6a66},
    {0x3f0d, 0x6a6b},
    {0x4f0f, 0x6a72},
    {0x4f12, 0x6a7b},
    {0x4f13, 0x6a7d},
    {0x4f14, 0x6a7f},
    {0x3f0e, 0x6a80},
    {0x4f15, 0x6a83},
    {0x3f0f, 0x6a84},
    {0x3f10, 0x6a89},
    {0x4f16, 0x6a90},
    {0x4f17, 0x6a94},
    {0x3f13, 0x6a97},
    {0x3f14, 0x6a9c},
    {0x4f18, 0x6a9d},
    {0x4f1b, 0x6aae},
    {0x3f17, 0x6ab3},
    {0x4f1c, 0x6ab6},
    {0x3f18, 0x6abb},
    {0x4f1d, 0x6abc},
    {0x4f1e, 0x6abf},
    {0x3f1b, 0x6ad3},
    {0x4f23, 0x6ae8},
    {0x4f24, 0x6aea},
    {0x4f25, 0x6aec},
    {0x4f26, 0x6af1},
    {0x3f1e, 0x6af6},
    {0x4f27, 0x6af7},
    {0x3f1f, 0x6afb},
    {0x4f28, 0x6afc},
    {0x3f20, 0x6b04},
    {0x3f21, 0x6b0a},
    {0x3f22, 0x6b0c},
    {0x4f2b, 0x6b11},
    {0x3f23, 0x6b12},
    {0x4f2c, 0x6b15},
    {0x3f24, 0x6b16},
    {0x4f2d, 0x6b1e},
    {0x3f27, 0x6b23},
    {0x4f2e, 0x6b2c},
    {0x3f28, 0x6b32},
    {0x3f29, 0x6b3a},
    {0x4f32, 0x6b3b},
    {0x4f33, 0x6b3f},
    {0x4f34, 0x6b43},
    {0x3f2e, 0x6b4c},
    {0x3f2f, 0x6b4e},
    {0x3f30, 0x6b50},
    {0x4f37, 0x6b54},
    {0x3f31, 0x6b5f},
    {0x4f3b, 0x6b60},
    {0x4f3c, 0x6b67},
    {0x4f3d, 0x6b69},
    {0x3f38, 0x6b6a},
    {0x3f39, 0x6b72},
    {0x3f3c, 0x6b7b},
    {0x3f3d, 0x6b7f},
    {0x4f3e, 0x6b80},
    {0x4f3f, 0x6b82},
    {0x3f40, 0x6b86},
    {0x4f40, 0x6b8d},
    {0x4f41, 0x6b91},
    {0x3f43, 0x6b96},
    {0x3f44, 0x6b98},
    {0x3f45, 0x6b9e},
    {0x4f42, 0x6ba2},
    {0x4f43, 0x6ba4},
    {0x4f44, 0x6bab},
    {0x4f45, 0x6bad},
    {0x3f48, 0x6bb2},
    {0x4f46, 0x6bb3},
    {0x3f49, 0x6bb5},
    {0x3f4a, 0x6bb7},
    {0x3f4b, 0x6bba},
    {0x3f4c, 0x6bbc},
    {0x4f47, 0x6bbd},
    {0x3f4d, 0x6bbf},
    {0x4f48, 0x6bc0},
    {0x3f4e, 0x6bc1},
    {0x4f49, 0x6bc4},
    {0x3f51, 0x6bcb},
    {0x3f52, 0x6bcd},
    {0x3f53, 0x6bcf},
    {0x4f4a, 0x6bda},
    {0x3f5a, 0x6bdb},
    {0x4f4b, 0x6bef},
    {0x4f4c, 0x6bf3},
    {0x4f4d, 0x6bf8},
    {0x4f4e, 0x6bff},
    {0x4f4f, 0x6c05},
    {0x3f5d, 0x6c08},
    {0x3f5e, 0x6c0f},
    {0x4f50, 0x6c10},
    {0x3f5f, 0x6c11},
    {0x3f60, 0x6c13},
    {0x4f51, 0x6c1b},
    {0x3f61, 0x6c23},
    {0x4f52, 0x6c24},
    {0x4f53, 0x6c33},
    {0x3f62, 0x6c34},
    {0x4f54, 0x6c36},
    {0x3f65, 0x6c3e},
    {0x4f55, 0x6c3f},
    {0x4f56, 0x6c43},
    {0x4f57, 0x6c4b},
    {0x3f69, 0x6c4e},
    {0x4f58, 0x6c4f},
    {0x3f6a, 0x6c50},
    {0x3f6b, 0x6c55},
    {0x3f6c, 0x6c57},
    {0x4f5c, 0x6c59},
    {0x3f6d, 0x6c5a},
    {0x4f5f, 0x6c66},
    {0x3f72, 0x6c68},
    {0x4f60, 0x6c69},
    {0x3f73, 0x6c6a},
    {0x3f74, 0x6c6d},
    {0x3f75, 0x6c70},
    {0x3f76, 0x6c72},
    {0x4f61, 0x6c74},
    {0x3f77, 0x6c76},
    {0x3f78, 0x6c7a},
    {0x4f62, 0x6c84},
    {0x4f63, 0x6c89},
    {0x3f82, 0x6c8c},
    {0x4f64, 0x6c8d},
    {0x3f83, 0x6c90},
    {0x4f65, 0x6c98},
    {0x3f8c, 0x6cab},
    {0x4f66, 0x6cac},
    {0x3f8d, 0x6cae},
    {0x3f8e, 0x6cb3},
    {0x4f69, 0x6cb6},
    {0x3f98, 0x6cc4},
    {0x3f9b, 0x6ccc},
    {0x3f9c, 0x6cd3},
    {0x4f6e, 0x6cd4},
    {0x3f9d, 0x6cd5},
    {0x3f9e, 0x6cd7},
    {0x3f9f, 0x6cdb},
    {0x4f73, 0x6ce0},
    {0x3fa3, 0x6ce5},
    {0x3fa4, 0x6ce8},
    {0x3fa5, 0x6ceb},
    {0x4f74, 0x6cf1},
    {0x3fa9, 0x6cf3},
    {0x4f75, 0x6cff},
    {0x4f76, 0x6d04},
    {0x4f77, 0x6d07},
    {0x4f78, 0x6d0a},
    {0x3fac, 0x6d11},
    {0x4f79, 0x6d12},
    {0x4f7a, 0x6d14},
    {0x3fad, 0x6d17},
    {0x3fae, 0x6d19},
    {0x3faf, 0x6d1b},
    {0x3fb0, 0x6d1e},
    {0x4f7b, 0x6d1f},
    {0x4f7c, 0x6d23},
    {0x3fb1, 0x6d25},
    {0x3fb2, 0x6d27},
    {0x4f7d, 0x6d28},
    {0x4f80, 0x6d2e},
    {0x3fb5, 0x6d32},
    {0x4f81, 0x6d3a},
    {0x3fba, 0x6d3b},
    {0x4f82, 0x6d3c},
    {0x3fbd, 0x6d41},
    {0x4f83, 0x6d4c},
    {0x3fc0, 0x6d5c},
    {0x4f84, 0x6d61},
    {0x3fc1, 0x6d63},
    {0x3fc2, 0x6d66},
    {0x4f87, 0x6d67},
    {0x3fc5, 0x6d6c},
    {0x3fc6, 0x6d6e},
    {0x4f88, 0x6d6f},
    {0x4f89, 0x6d72},
    {0x3fc7, 0x6d74},
    {0x3fcb, 0x6d7f},
    {0x4f8a, 0x6d82},
    {0x3fcc, 0x6d85},
    {0x4f8b, 0x6d8f},
    {0x3fd3, 0x6d91},
    {0x3fd4, 0x6d93},
    {0x4f8c, 0x6d94},
    {0x3fd5, 0x6d95},
    {0x3fd6, 0x6daf},
    {0x3fd7, 0x6db2},
    {0x4f92, 0x6db4},
    {0x3fd8, 0x6db5},
    {0x4f95, 0x6dbc},
    {0x4f96, 0x6dbf},
    {0x3fd9, 0x6dc0},
    {0x4f97, 0x6dc8},
    {0x3fdf, 0x6dcb},
    {0x4f98, 0x6dcc},
    {0x3fe0, 0x6dcf},
    {0x4f99, 0x6dd0},
    {0x3fe1, 0x6dd1},
    {0x4f9a, 0x6dd2},
    {0x4f9b, 0x6dd6},
    {0x4f9c, 0x6ddd},
    {0x3fe5, 0x6dde},
    {0x4f9d, 0x6de0},
    {0x3fe6, 0x6de1},
    {0x3fe7, 0x6de8},
    {0x4fa3, 0x6dec},
    {0x3fea, 0x6dee},
    {0x3feb, 0x6df1},
    {0x3fec, 0x6df3},
    {0x3fed, 0x6df5},
    {0x4fa4, 0x6df6},
    {0x4fa5, 0x6dfc},
    {0x4fa6, 0x6e05},
    {0x4fa7, 0x6e08},
    {0x4fa8, 0x6e0a},
    {0x3ff3, 0x6e17},
    {0x4fa9, 0x6e1d},
    {0x4faa, 0x6e22},
    {0x4fab, 0x6e28},
    {0x4001, 0x6e2f},
    {0x4002, 0x6e32},
    {0x4003, 0x6e34},
    {0x4004, 0x6e36},
    {0x4fac, 0x6e37},
    {0x4005, 0x6e38},
    {0x4006, 0x6e3a},
    {0x4fad, 0x6e40},
    {0x4fae, 0x6e45},
    {0x400c, 0x6e4a},
    {0x400d, 0x6e4d},
    {0x4faf, 0x6e4e},
    {0x4fb0, 0x6e51},
    {0x400e, 0x6e56},
    {0x400f, 0x6e58},
    {0x4fb4, 0x6e63},
    {0x4014, 0x6e67},
    {0x4015, 0x6e6b},
    {0x4fb5, 0x6e75},
    {0x401a, 0x6e7a},
    {0x4fb6, 0x6e8f},
    {0x401b, 0x6e90},
    {0x4fb7, 0x6e95},
    {0x401c, 0x6e96},
    {0x4fb8, 0x6e98},
    {0x401f, 0x6e9f},
    {0x4020, 0x6ea2},
    {0x4021, 0x6ea5},
    {0x4024, 0x6eaf},
    {0x4025, 0x6eb1},
    {0x4fbb, 0x6eb2},
    {0x4fbc, 0x6eb5},
    {0x4026, 0x6eb6},
    {0x4fbd, 0x6eb7},
    {0x4027, 0x6eba},
    {0x4fbe, 0x6ebd},
    {0x4028, 0x6ec2},
    {0x4fbf, 0x6ec3},
    {0x4fc0, 0x6ec8},
    {0x402b, 0x6ec9},
    {0x402e, 0x6ece},
    {0x402f, 0x6ed1},
    {0x4fc1, 0x6ed5},
    {0x4fc2, 0x6ed9},
    {0x4032, 0x6eef},
    {0x4fc5, 0x6ef2},
    {0x4033, 0x6ef4},
    {0x4fc6, 0x6ef5},
    {0x4fc7, 0x6ef7},
    {0x4034, 0x6ef8},
    {0x4fc8, 0x6efc},
    {0x4fc9, 0x6f04},
    {0x4039, 0x6f06},
    {0x4fca, 0x6f09},
    {0x4fcb, 0x6f0c},
    {0x403a, 0x6f0f},
    {0x403b, 0x6f11},
    {0x4fcc, 0x6f13},
    {0x403e, 0x6f20},
    {0x4fcf, 0x6f24},
    {0x4fd3, 0x6f2a},
    {0x4fd4, 0x6f2d},
    {0x4fd5, 0x6f30},
    {0x4fd6, 0x6f33},
    {0x4045, 0x6f38},
    {0x4fd7, 0x6f3c},
    {0x4fd8, 0x6f3e},
    {0x4046, 0x6f3f},
    {0x4047, 0x6f41},
    {0x4fd9, 0x6f4f},
    {0x4048, 0x6f51},
    {0x4fda, 0x6f52},
    {0x4049, 0x6f54},
    {0x4fdb, 0x6f59},
    {0x4fde, 0x6f61},
    {0x4050, 0x6f62},
    {0x4fdf, 0x6f63},
    {0x4051, 0x6f64},
    {0x4fe0, 0x6f66},
    {0x4fe1, 0x6f6f},
    {0x4054, 0x6f70},
    {0x4fe2, 0x6f71},
    {0x4fe3, 0x6f74},
    {0x4fe4, 0x6f78},
    {0x4055, 0x6f7a},
    {0x4059, 0x6f81},
    {0x4fe5, 0x6f82},
    {0x405a, 0x6f84},
    {0x405b, 0x6f88},
    {0x4fe8, 0x6f89},
    {0x405e, 0x6f90},
    {0x4feb, 0x6f92},
    {0x405f, 0x6f94},
    {0x4060, 0x6f97},
    {0x4fee, 0x6f98},
    {0x4fef, 0x6f9f},
    {0x4ff0, 0x6fa1},
    {0x4ff1, 0x6fa5},
    {0x4063, 0x6fa7},
    {0x4ff2, 0x6fa8},
    {0x4ff3, 0x6faa},
    {0x4066, 0x6fb1},
    {0x4067, 0x6fb3},
    {0x4ff4, 0x6fb6},
    {0x4068, 0x6fb9},
    {0x4069, 0x6fbe},
    {0x4ff7, 0x6fc9},
    {0x406e, 0x6fca},
    {0x4ff8, 0x6fd4},
    {0x406f, 0x6fd5},
    {0x4ff9, 0x6fd8},
    {0x4070, 0x6fda},
    {0x4ffa, 0x6fdb},
    {0x4ffb, 0x6fde},
    {0x4074, 0x6fe4},
    {0x4075, 0x6fe9},
    {0x4ffe, 0x6fee},
    {0x4078, 0x6fef},
    {0x4079, 0x6ff1},
    {0x5001, 0x6ff6},
    {0x5002, 0x6ffa},
    {0x407a, 0x6ffe},
    {0x407b, 0x7001},
    {0x5003, 0x7007},
    {0x407e, 0x7009},
    {0x407f, 0x700b},
    {0x4080, 0x700f},
    {0x4081, 0x7011},
    {0x4082, 0x7015},
    {0x4083, 0x7018},
    {0x408a, 0x7023},
    {0x5006, 0x7026},
    {0x408d, 0x702f},
    {0x5007, 0x7030},
    {0x5008, 0x7032},
    {0x408e, 0x7037},
    {0x5009, 0x7038},
    {0x500a, 0x703c},
    {0x408f, 0x703e},
    {0x500b, 0x7044},
    {0x500c, 0x7046},
    {0x4090, 0x704c},
    {0x500d, 0x704e},
    {0x500e, 0x7053},
    {0x4093, 0x7058},
    {0x4094, 0x705d},
    {0x500f, 0x705e},
    {0x4095, 0x7063},
    {0x5010, 0x7066},
    {0x5011, 0x7069},
    {0x4096, 0x706b},
    {0x5012, 0x706f},
    {0x4097, 0x7070},
    {0x4098, 0x7078},
    {0x5013, 0x707e},
    {0x5014, 0x7081},
    {0x409b, 0x7085},
    {0x5015, 0x7086},
    {0x409c, 0x708a},
    {0x409d, 0x708e},
    {0x409e, 0x7092},
    {0x5016, 0x7095},
    {0x5017, 0x709b},
    {0x40a2, 0x70a1},
    {0x40a3, 0x70a4},
    {0x5018, 0x70a6},
    {0x5019, 0x70ae},
    {0x40a7, 0x70af},
    {0x501a, 0x70b0},
    {0x40a8, 0x70b3},
    {0x501b, 0x70ba},
    {0x40ac, 0x70c8},
    {0x501c, 0x70ca},
    {0x40ad, 0x70cb},
    {0x40ae, 0x70cf},
    {0x501f, 0x70dc},
    {0x40b1, 0x70dd},
    {0x40b2, 0x70df},
    {0x5020, 0x70ef},
    {0x40b3, 0x70f1},
    {0x40b4, 0x70f9},
    {0x5021, 0x70fa},
    {0x40b5, 0x70fd},
    {0x5022, 0x7103},
    {0x40b6, 0x7104},
    {0x5023, 0x7106},
    {0x40b7, 0x7109},
    {0x40b8, 0x710c},
    {0x5024, 0x711c},
    {0x40bb, 0x711e},
    {0x5025, 0x7120},
    {0x40bc, 0x7121},
    {0x40bd, 0x7126},
    {0x40be, 0x7130},
    {0x5029, 0x7131},
    {0x40bf, 0x7136},
    {0x502a, 0x7143},
    {0x502b, 0x7146},
    {0x40c0, 0x7147},
    {0x40c3, 0x714c},
    {0x40c4, 0x714e},
    {0x40c5, 0x7150},
    {0x502e, 0x7155},
    {0x40c6, 0x7156},
    {0x502f, 0x7157},
    {0x40c7, 0x7159},
    {0x40c8, 0x715c},
    {0x5030, 0x715d},
    {0x40c9, 0x715e},
    {0x5031, 0x7162},
    {0x5032, 0x7168},
    {0x40ce, 0x7169},
    {0x40cf, 0x716c},
    {0x40d0, 0x716e},
    {0x40d1, 0x717d},
    {0x5033, 0x7180},
    {0x40d2, 0x7184},
    {0x5034, 0x7185},
    {0x40d5, 0x718f},
    {0x40d6, 0x7192},
    {0x40d7, 0x7194},
    {0x40d8, 0x7199},
    {0x5037, 0x719b},
    {0x40d9, 0x719f},
    {0x40da, 0x71a2},
    {0x503a, 0x71a4},
    {0x40db, 0x71ac},
    {0x503d, 0x71af},
    {0x40dc, 0x71b1},
    {0x503e, 0x71b2},
    {0x40df, 0x71be},
    {0x40e0, 0x71c1},
    {0x40e1, 0x71c3},
    {0x503f, 0x71cb},
    {0x40e4, 0x71ce},
    {0x5040, 0x71cf},
    {0x40e5, 0x71d0},
    {0x40e6, 0x71d2},
    {0x5041, 0x71d6},
    {0x5042, 0x71d9},
    {0x5043, 0x71db},
    {0x40e9, 0x71df},
    {0x5044, 0x71e0},
    {0x5045, 0x71ec},
    {0x5046, 0x71f9},
    {0x5047, 0x71fd},
    {0x40f3, 0x7200},
    {0x5048, 0x7201},
    {0x40f4, 0x7206},
    {0x5049, 0x7207},
    {0x40f5, 0x7210},
    {0x504d, 0x7214},
    {0x504e, 0x7217},
    {0x504f, 0x721a},
    {0x40f6, 0x721b},
    {0x5050, 0x721f},
    {0x5051, 0x7225},
    {0x5052, 0x7228},
    {0x40f7, 0x722a},
    {0x40fa, 0x7230},
    {0x40fb, 0x7232},
    {0x5053, 0x7233},
    {0x4102, 0x7240},
    {0x5056, 0x7242},
    {0x5057, 0x724b},
    {0x4106, 0x724c},
    {0x4107, 0x7252},
    {0x505a, 0x7256},
    {0x505b, 0x725a},
    {0x410a, 0x725b},
    {0x410b, 0x725d},
    {0x410c, 0x725f},
    {0x505c, 0x7263},
    {0x410f, 0x7267},
    {0x4110, 0x7269},
    {0x505d, 0x726f},
    {0x4111, 0x7272},
    {0x505e, 0x7274},
    {0x505f, 0x7278},
    {0x4112, 0x7279},
    {0x4113, 0x727d},
    {0x5060, 0x7282},
    {0x5061, 0x7287},
    {0x5062, 0x728d},
    {0x5063, 0x7292},
    {0x5064, 0x7296},
    {0x5065, 0x729c},
    {0x4116, 0x72a2},
    {0x4117, 0x72a7},
    {0x4118, 0x72ac},
    {0x4119, 0x72af},
    {0x411a, 0x72c0},
    {0x411b, 0x72c2},
    {0x411c, 0x72c4},
    {0x5069, 0x72c9},
    {0x411d, 0x72ce},
    {0x411e, 0x72d0},
    {0x506a, 0x72d2},
    {0x411f, 0x72d7},
    {0x4120, 0x72d9},
    {0x4121, 0x72e1},
    {0x506b, 0x72e2},
    {0x506c, 0x72e5},
    {0x506d, 0x72e8},
    {0x4122, 0x72e9},
    {0x506e, 0x72f4},
    {0x506f, 0x72f7},
    {0x5072, 0x7309},
    {0x4127, 0x730a},
    {0x5073, 0x7313},
    {0x4128, 0x7316},
    {0x5077, 0x7320},
    {0x5078, 0x7322},
    {0x412c, 0x7325},
    {0x507b, 0x7331},
    {0x507c, 0x7334},
    {0x507d, 0x7343},
    {0x507e, 0x734e},
    {0x4136, 0x7350},
    {0x4137, 0x7352},
    {0x4138, 0x7357},
    {0x507f, 0x7358},
    {0x5080, 0x735c},
    {0x5081, 0x7360},
    {0x5082, 0x7364},
    {0x4139, 0x7368},
    {0x5083, 0x7369},
    {0x413a, 0x736a},
    {0x5086, 0x736f},
    {0x413b, 0x7370},
    {0x413c, 0x7372},
    {0x413d, 0x7375},
    {0x5087, 0x7377},
    {0x413e, 0x7378},
    {0x5088, 0x737c},
    {0x5089, 0x7381},
    {0x4141, 0x7384},
    {0x508a, 0x7388},
    {0x4144, 0x7389},
    {0x4145, 0x738b},
    {0x4146, 0x738e},
    {0x508b, 0x7392},
    {0x4147, 0x7394},
    {0x508c, 0x7395},
    {0x508d, 0x739e},
    {0x414b, 0x739f},
    {0x508e, 0x73a0},
    {0x508f, 0x73a6},
    {0x414c, 0x73a7},
    {0x414d, 0x73a9},
    {0x414e, 0x73ad},
    {0x5092, 0x73b4},
    {0x5093, 0x73b7},
    {0x4151, 0x73b9},
    {0x5097, 0x73bf},
    {0x4152, 0x73c0},
    {0x4153, 0x73c2},
    {0x5098, 0x73c6},
    {0x5099, 0x73c8},
    {0x4158, 0x73cf},
    {0x509a, 0x73d2},
    {0x4159, 0x73d6},
    {0x415a, 0x73d9},
    {0x415d, 0x73e0},
    {0x509d, 0x73e2},
    {0x509e, 0x73eb},
    {0x4164, 0x73ed},
    {0x509f, 0x73ee},
    {0x50a0, 0x73f5},
    {0x4165, 0x73f7},
    {0x50a1, 0x73f8},
    {0x4166, 0x73f9},
    {0x4169, 0x7401},
    {0x416a, 0x7403},
    {0x50a2, 0x7404},
    {0x416e, 0x7409},
    {0x416f, 0x7413},
    {0x4170, 0x741b},
    {0x50a5, 0x741d},
    {0x50a6, 0x741f},
    {0x50a7, 0x7424},
    {0x4176, 0x7428},
    {0x4181, 0x7438},
    {0x4182, 0x743a},
    {0x50aa, 0x7442},
    {0x4188, 0x744b},
    {0x50af, 0x744c},
    {0x50b0, 0x744e},
    {0x4189, 0x7455},
    {0x418a, 0x7457},
    {0x50b1, 0x745d},
    {0x4192, 0x7462},
    {0x50b2, 0x7463},
    {0x4198, 0x746f},
    {0x50b9, 0x747d},
    {0x4199, 0x747e},
    {0x50ba, 0x7480},
    {0x419c, 0x7487},
    {0x419d, 0x7489},
    {0x50be, 0x748a},
    {0x419e, 0x748b},
    {0x50bf, 0x748c},
    {0x50c0, 0x7490},
    {0x419f, 0x7498},
    {0x41a0, 0x749c},
    {0x50c1, 0x749d},
    {0x41a3, 0x74a1},
    {0x41a4, 0x74a3},
    {0x41a5, 0x74a5},
    {0x41a8, 0x74aa},
    {0x50c2, 0x74ab},
    {0x41a9, 0x74b0},
    {0x50c3, 0x74b1},
    {0x41aa, 0x74b2},
    {0x41ab, 0x74b5},
    {0x50c4, 0x74b6},
    {0x50c5, 0x74b8},
    {0x41ac, 0x74b9},
    {0x50c6, 0x74bc},
    {0x41ad, 0x74bd},
    {0x41ae, 0x74bf},
    {0x50c7, 0x74c0},
    {0x41af, 0x74c6},
    {0x41b0, 0x74ca},
    {0x50c8, 0x74cd},
    {0x41b1, 0x74cf},
    {0x50c9, 0x74d0},
    {0x50ca, 0x74d3},
    {0x41b2, 0x74d4},
    {0x41b3, 0x74d8},
    {0x41b4, 0x74da},
    {0x50cb, 0x74db},
    {0x41b5, 0x74dc},
    {0x41b6, 0x74e0},
    {0x41b9, 0x74e6},
    {0x50cc, 0x74e9},
    {0x41ba, 0x74ee},
    {0x41bb, 0x74f7},
    {0x41bc, 0x7501},
    {0x50cf, 0x7503},
    {0x41bd, 0x7504},
    {0x41be, 0x7511},
    {0x50d3, 0x7513},
    {0x41bf, 0x7515},
    {0x41c0, 0x7518},
    {0x50d4, 0x751c},
    {0x50d5, 0x751e},
    {0x41c3, 0x751f},
    {0x50d6, 0x7522},
    {0x41c4, 0x7523},
    {0x50d7, 0x7524},
    {0x41c7, 0x7528},
    {0x41d0, 0x753a},
    {0x50d8, 0x753b},
    {0x50d9, 0x753f},
    {0x50da, 0x7543},
    {0x41d1, 0x7547},
    {0x41d2, 0x754c},
    {0x50dd, 0x754e},
    {0x41d3, 0x754f},
    {0x41d4, 0x7551},
    {0x41d7, 0x7559},
    {0x50de, 0x755a},
    {0x50df, 0x7560},
    {0x41db, 0x7562},
    {0x50e0, 0x7564},
    {0x50e1, 0x7567},
    {0x41de, 0x756a},
    {0x50e2, 0x756b},
    {0x41e3, 0x7578},
    {0x41e4, 0x757a},
    {0x41e5, 0x757f},
    {0x50e3, 0x7588},
    {0x41ec, 0x7591},
    {0x50e4, 0x7594},
    {0x41ed, 0x759d},
    {0x50e7, 0x75a3},
    {0x41ee, 0x75a5},
    {0x50e8, 0x75a9},
    {0x41ef, 0x75ab},
    {0x50e9, 0x75b4},
    {0x41f3, 0x75b5},
    {0x50ea, 0x75c0},
    {0x41f9, 0x75c2},
    {0x50eb, 0x75c3},
    {0x41fa, 0x75c5},
    {0x41fb, 0x75c7},
    {0x50ec, 0x75ca},
    {0x41fc, 0x75cd},
    {0x50ed, 0x75ce},
    {0x41fd, 0x75d2},
    {0x50ee, 0x75d3},
    {0x4202, 0x75db},
    {0x50ef, 0x75de},
    {0x4203, 0x75e2},
    {0x50f2, 0x75e7},
    {0x4204, 0x75f0},
    {0x4205, 0x75f2},
    {0x50f3, 0x75f3},
    {0x4206, 0x75f4},
    {0x50f4, 0x75f9},
    {0x4207, 0x75fa},
    {0x4208, 0x75fc},
    {0x50f5, 0x75ff},
    {0x4209, 0x7600},
    {0x50f6, 0x7601},
    {0x50fa, 0x760b},
    {0x420a, 0x760d},
    {0x50fb, 0x7610},
    {0x50fc, 0x7615},
    {0x420b, 0x7619},
    {0x4210, 0x7624},
    {0x4211, 0x7626},
    {0x50fd, 0x7627},
    {0x4212, 0x763b},
    {0x4213, 0x7642},
    {0x5103, 0x7643},
    {0x4214, 0x764c},
    {0x4215, 0x764e},
    {0x4216, 0x7652},
    {0x5108, 0x7655},
    {0x4217, 0x7656},
    {0x5109, 0x7658},
    {0x510a, 0x765c},
    {0x4218, 0x7661},
    {0x510b, 0x7662},
    {0x4219, 0x7664},
    {0x510c, 0x7665},
    {0x421a, 0x7669},
    {0x421b, 0x766c},
    {0x421c, 0x7670},
    {0x5112, 0x7671},
    {0x421d, 0x7672},
    {0x421e, 0x7678},
    {0x5115, 0x7683},
    {0x4223, 0x7684},
    {0x5116, 0x768b},
    {0x4226, 0x768e},
    {0x4227, 0x7690},
    {0x5117, 0x7692},
    {0x4228, 0x7693},
    {0x511d, 0x769e},
    {0x511e, 0x76a4},
    {0x511f, 0x76ac},
    {0x4229, 0x76ae},
    {0x5120, 0x76b4},
    {0x5121, 0x76b6},
    {0x5122, 0x76b8},
    {0x422a, 0x76ba},
    {0x422b, 0x76bf},
    {0x422e, 0x76c6},
    {0x422f, 0x76c8},
    {0x4230, 0x76ca},
    {0x4231, 0x76d2},
    {0x4232, 0x76d6},
    {0x5128, 0x76d9},
    {0x4237, 0x76e1},
    {0x5129, 0x76e5},
    {0x423a, 0x76e7},
    {0x512a, 0x76ea},
    {0x512b, 0x76ec},
    {0x423b, 0x76ee},
    {0x512c, 0x76f1},
    {0x423c, 0x76f2},
    {0x423d, 0x76f4},
    {0x423e, 0x76f8},
    {0x512d, 0x76f9},
    {0x512e, 0x76fb},
    {0x423f, 0x76fc},
    {0x4240, 0x76fe},
    {0x512f, 0x76ff},
    {0x5130, 0x7700},
    {0x4241, 0x7701},
    {0x5131, 0x7702},
    {0x4242, 0x7704},
    {0x5132, 0x7707},
    {0x5133, 0x770a},
    {0x4245, 0x770b},
    {0x5134, 0x770c},
    {0x5135, 0x7710},
    {0x4246, 0x771e},
    {0x5138, 0x771f},
    {0x4247, 0x7720},
    {0x513b, 0x7728},
    {0x4248, 0x7729},
    {0x513c, 0x7734},
    {0x513d, 0x7739},
    {0x424b, 0x773a},
    {0x513e, 0x773b},
    {0x424c, 0x773c},
    {0x513f, 0x773e},
    {0x424d, 0x7740},
    {0x5140, 0x7743},
    {0x424e, 0x774d},
    {0x5143, 0x7752},
    {0x5144, 0x775a},
    {0x424f, 0x775b},
    {0x4250, 0x7761},
    {0x5147, 0x7762},
    {0x4251, 0x7763},
    {0x5148, 0x7765},
    {0x4252, 0x7766},
    {0x5149, 0x7768},
    {0x4253, 0x776b},
    {0x514a, 0x776c},
    {0x514b, 0x7777},
    {0x4254, 0x7779},
    {0x514c, 0x777d},
    {0x4257, 0x778b},
    {0x4258, 0x7791},
    {0x514f, 0x7796},
    {0x5150, 0x7799},
    {0x4259, 0x779e},
    {0x5151, 0x77a0},
    {0x5152, 0x77a2},
    {0x425a, 0x77a5},
    {0x5153, 0x77aa},
    {0x5154, 0x77ae},
    {0x425d, 0x77b0},
    {0x425e, 0x77b3},
    {0x5155, 0x77b9},
    {0x5156, 0x77bd},
    {0x4261, 0x77bf},
    {0x5157, 0x77c7},
    {0x5158, 0x77c9},
    {0x5159, 0x77cd},
    {0x4262, 0x77d7},
    {0x515c, 0x77de},
    {0x515d, 0x77e1},
    {0x4267, 0x77e5},
    {0x515e, 0x77e7},
    {0x4268, 0x77e9},
    {0x515f, 0x77f0},
    {0x426c, 0x77f3},
    {0x5160, 0x77f8},
    {0x426d, 0x7802},
    {0x5165, 0x7807},
    {0x5166, 0x780c},
    {0x5167, 0x780f},
    {0x5168, 0x7811},
    {0x426e, 0x7812},
    {0x5169, 0x7822},
    {0x4272, 0x782c},
    {0x516a, 0x782d},
    {0x516b, 0x7830},
    {0x4273, 0x7832},
    {0x4274, 0x7834},
    {0x516c, 0x7843},
    {0x4275, 0x7845},
    {0x4276, 0x784f},
    {0x4277, 0x785d},
    {0x516f, 0x7860},
    {0x5172, 0x786a},
    {0x5173, 0x786e},
    {0x427a, 0x786f},
    {0x5174, 0x7873},
    {0x427b, 0x787c},
    {0x427c, 0x7881},
    {0x5175, 0x7884},
    {0x427d, 0x7887},
    {0x5176, 0x788f},
    {0x4281, 0x7891},
    {0x5177, 0x7893},
    {0x4282, 0x7897},
    {0x5178, 0x789f},
    {0x4283, 0x78a3},
    {0x5179, 0x78a4},
    {0x4284, 0x78a7},
    {0x517a, 0x78a8},
    {0x4285, 0x78a9},
    {0x517d, 0x78be},
    {0x4289, 0x78c1},
    {0x428a, 0x78c5},
    {0x517e, 0x78c8},
    {0x428d, 0x78ce},
    {0x517f, 0x78cf},
    {0x428e, 0x78d0},
    {0x5180, 0x78d1},
    {0x5183, 0x78d7},
    {0x5184, 0x78da},
    {0x5185, 0x78e0},
    {0x5186, 0x78e7},
    {0x428f, 0x78e8},
    {0x5187, 0x78ea},
    {0x4290, 0x78ec},
    {0x4291, 0x78ef},
    {0x5188, 0x78f4},
    {0x4292, 0x78f5},
    {0x5189, 0x78f7},
    {0x518a, 0x78fa},
    {0x4293, 0x78fb},
    {0x4294, 0x7901},
    {0x518d, 0x790c},
    {0x4295, 0x790e},
    {0x518e, 0x790f},
    {0x4296, 0x7916},
    {0x5191, 0x7919},
    {0x5192, 0x7927},
    {0x5193, 0x792d},
    {0x5194, 0x7931},
    {0x429a, 0x793a},
    {0x5195, 0x793c},
    {0x429b, 0x793e},
    {0x5199, 0x794a},
    {0x42a1, 0x7950},
    {0x519d, 0x7958},
    {0x519e, 0x795f},
    {0x42a9, 0x7960},
    {0x519f, 0x7962},
    {0x42aa, 0x7965},
    {0x51a0, 0x7967},
    {0x42ab, 0x7968},
    {0x42ac, 0x796d},
    {0x51a1, 0x7979},
    {0x42ad, 0x797a},
    {0x51a2, 0x797c},
    {0x42ae, 0x797f},
    {0x51a3, 0x7980},
    {0x42af, 0x7981},
    {0x42b3, 0x7991},
    {0x51a6, 0x7994},
    {0x51a7, 0x799b},
    {0x51a8, 0x799d},
    {0x51a9, 0x79a8},
    {0x42b6, 0x79aa},
    {0x51aa, 0x79ab},
    {0x42b7, 0x79ae},
    {0x51ab, 0x79b0},
    {0x42b8, 0x79b1},
    {0x42b9, 0x79b3},
    {0x51ac, 0x79b4},
    {0x42ba, 0x79b9},
    {0x51b0, 0x79c4},
    {0x51b1, 0x79c6},
    {0x42c5, 0x79d5},
    {0x42c6, 0x79d8},
    {0x51b2, 0x79de},
    {0x42c7, 0x79df},
    {0x42c8, 0x79e4},
    {0x42cb, 0x79e9},
    {0x51b8, 0x79f5},
    {0x51b9, 0x79f8},
    {0x42cc, 0x79fb},
    {0x42cd, 0x7a00},
    {0x42ce, 0x7a05},
    {0x42cf, 0x7a08},
    {0x51bc, 0x7a0a},
    {0x42d0, 0x7a0b},
    {0x51bd, 0x7a0c},
    {0x42d1, 0x7a0d},
    {0x42d2, 0x7a14},
    {0x42d3, 0x7a17},
    {0x51be, 0x7a18},
    {0x42d6, 0x7a1c},
    {0x51bf, 0x7a1e},
    {0x51c0, 0x7a22},
    {0x51c1, 0x7a24},
    {0x51c2, 0x7a27},
    {0x42d9, 0x7a2e},
    {0x51c3, 0x7a30},
    {0x42da, 0x7a31},
    {0x51c4, 0x7a33},
    {0x51c5, 0x7a39},
    {0x51c6, 0x7a42},
    {0x51c7, 0x7a45},
    {0x42e2, 0x7a46},
    {0x42e3, 0x7a49},
    {0x51c8, 0x7a4c},
    {0x51c9, 0x7a52},
    {0x42e6, 0x7a57},
    {0x51ca, 0x7a60},
    {0x51cb, 0x7a66},
    {0x42e9, 0x7a69},
    {0x42ea, 0x7a6b},
    {0x42eb, 0x7a70},
    {0x42ec, 0x7a74},
    {0x51cc, 0x7a75},
    {0x42ed, 0x7a76},
    {0x42f0, 0x7a7d},
    {0x51cd, 0x7a7e},
    {0x42f1, 0x7a7f},
    {0x51ce, 0x7a80},
    {0x42f2, 0x7a81},
    {0x42f3, 0x7a84},
    {0x42f4, 0x7a88},
    {0x51d3, 0x7a8a},
    {0x42f7, 0x7a95},
    {0x42f8, 0x7a98},
    {0x51d6, 0x7a99},
    {0x51d7, 0x7a9b},
    {0x42f9, 0x7a9f},
    {0x51d8, 0x7aa0},
    {0x51d9, 0x7aa3},
    {0x51da, 0x7aac},
    {0x51db, 0x7ab3},
    {0x51dc, 0x7ab6},
    {0x51dd, 0x7ab9},
    {0x42fe, 0x7aba},
    {0x51de, 0x7abb},
    {0x4301, 0x7ac7},
    {0x51e1, 0x7ac8},
    {0x4304, 0x7ad7},
    {0x4305, 0x7ad9},
    {0x51e2, 0x7adc},
    {0x4306, 0x7add},
    {0x51e3, 0x7ae2},
    {0x4309, 0x7ae3},
    {0x430a, 0x7ae5},
    {0x51e4, 0x7ae6},
    {0x430b, 0x7aea},
    {0x430c, 0x7aed},
    {0x430d, 0x7aef},
    {0x51e5, 0x7af4},
    {0x430e, 0x7af6},
    {0x51e6, 0x7af8},
    {0x51e7, 0x7afd},
    {0x4311, 0x7aff},
    {0x51e8, 0x7b06},
    {0x51e9, 0x7b08},
    {0x51ea, 0x7b0a},
    {0x51eb, 0x7b0c},
    {0x51ec, 0x7b0e},
    {0x4312, 0x7b0f},
    {0x4313, 0x7b11},
    {0x51ed, 0x7b12},
    {0x51ee, 0x7b18},
    {0x4314, 0x7b19},
    {0x4315, 0x7b1b},
    {0x4316, 0x7b1e},
    {0x4317, 0x7b20},
    {0x51ef, 0x7b25},
    {0x4318, 0x7b26},
    {0x51f2, 0x7b2f},
    {0x51f3, 0x7b33},
    {0x51f4, 0x7b35},
    {0x431b, 0x7b39},
    {0x51f5, 0x7b45},
    {0x431c, 0x7b46},
    {0x51f6, 0x7b48},
    {0x431d, 0x7b49},
    {0x51f7, 0x7b53},
    {0x4325, 0x7b54},
    {0x4326, 0x7b56},
    {0x51f8, 0x7b5f},
    {0x4327, 0x7b60},
    {0x51fc, 0x7b69},
    {0x4328, 0x7b6c},
    {0x4329, 0x7b6e},
    {0x51fd, 0x7b71},
    {0x51fe, 0x7b73},
    {0x432a, 0x7b75},
    {0x432b, 0x7b7d},
    {0x432c, 0x7b87},
    {0x432d, 0x7b8b},
    {0x432e, 0x7b8f},
    {0x5201, 0x7b92},
    {0x4331, 0x7b97},
    {0x5202, 0x7b99},
    {0x4332, 0x7b9a},
    {0x5203, 0x7b9c},
    {0x4333, 0x7b9d},
    {0x5204, 0x7ba0},
    {0x4334, 0x7ba1},
    {0x4335, 0x7bad},
    {0x4336, 0x7bb1},
    {0x4337, 0x7bb4},
    {0x4338, 0x7bb8},
    {0x5205, 0x7bbe},
    {0x433b, 0x7bc4},
    {0x433e, 0x7bc9},
    {0x433f, 0x7bd2},
    {0x5209, 0x7bd4},
    {0x520a, 0x7bd9},
    {0x520b, 0x7bdb},
    {0x520c, 0x7bdd},
    {0x4340, 0x7be0},
    {0x520d, 0x7be1},
    {0x4341, 0x7be4},
    {0x520e, 0x7be6},
    {0x4342, 0x7be9},
    {0x520f, 0x7bea},
    {0x5210, 0x7bf3},
    {0x5211, 0x7bf7},
    {0x5212, 0x7bfe},
    {0x5213, 0x7c00},
    {0x4343, 0x7c07},
    {0x5214, 0x7c09},
    {0x5215, 0x7c0b},
    {0x5216, 0x7c0f},
    {0x4344, 0x7c12},
    {0x4345, 0x7c1e},
    {0x4346, 0x7c21},
    {0x4347, 0x7c27},
    {0x434d, 0x7c43},
    {0x521b, 0x7c50},
    {0x521c, 0x7c52},
    {0x521d, 0x7c54},
    {0x5220, 0x7c5f},
    {0x4350, 0x7c60},
    {0x4351, 0x7c64},
    {0x5221, 0x7c65},
    {0x5222, 0x7c67},
    {0x5223, 0x7c69},
    {0x4352, 0x7c6c},
    {0x5224, 0x7c72},
    {0x4353, 0x7c73},
    {0x5225, 0x7c7e},
    {0x5226, 0x7c81},
    {0x4354, 0x7c83},
    {0x4355, 0x7c89},
    {0x5227, 0x7c8d},
    {0x4356, 0x7c92},
    {0x4357, 0x7c95},
    {0x435a, 0x7c9f},
    {0x5228, 0x7ca2},
    {0x5229, 0x7ca4},
    {0x435b, 0x7ca5},
    {0x522a, 0x7ca6},
    {0x435c, 0x7ca7},
    {0x522b, 0x7ca8},
    {0x435d, 0x7cae},
    {0x4361, 0x7cb9},
    {0x4362, 0x7cbe},
    {0x4363, 0x7cca},
    {0x5230, 0x7cd5},
    {0x4364, 0x7cd6},
    {0x5231, 0x7cd7},
    {0x5236, 0x7ce2},
    {0x5237, 0x7ce5},
    {0x4368, 0x7ce7},
    {0x5238, 0x7cef},
    {0x523e, 0x7cf8},
    {0x523f, 0x7cfa},
    {0x4369, 0x7cfb},
    {0x436a, 0x7cfe},
    {0x436b, 0x7d00},
    {0x436c, 0x7d02},
    {0x5240, 0x7d03},
    {0x4374, 0x7d0d},
    {0x4375, 0x7d10},
    {0x5241, 0x7d13},
    {0x4376, 0x7d14},
    {0x5242, 0x7d15},
    {0x5243, 0x7d1c},
    {0x4384, 0x7d33},
    {0x4385, 0x7d35},
    {0x5246, 0x7d38},
    {0x5247, 0x7d41},
    {0x5248, 0x7d49},
    {0x5249, 0x7d4d},
    {0x438d, 0x7d50},
    {0x524a, 0x7d51},
    {0x524d, 0x7d59},
    {0x438e, 0x7d5e},
    {0x5250, 0x7d63},
    {0x4391, 0x7d66},
    {0x4392, 0x7d68},
    {0x5251, 0x7d69},
    {0x4393, 0x7d6a},
    {0x4394, 0x7d6e},
    {0x5252, 0x7d70},
    {0x5253, 0x7d75},
    {0x4398, 0x7d76},
    {0x4399, 0x7d79},
    {0x5254, 0x7d7a},
    {0x439a, 0x7d7f},
    {0x5255, 0x7d83},
    {0x5256, 0x7d86},
    {0x439d, 0x7d93},
    {0x5257, 0x7d98},
    {0x439e, 0x7d9c},
    {0x439f, 0x7da0},
    {0x43a0, 0x7da2},
    {0x5258, 0x7da3},
    {0x525c, 0x7da9},
    {0x525d, 0x7dab},
    {0x525e, 0x7dae},
    {0x525f, 0x7db0},
    {0x43a7, 0x7db8},
    {0x5260, 0x7dc4},
    {0x43ad, 0x7dc7},
    {0x5263, 0x7dcf},
    {0x43b0, 0x7dd6},
    {0x5264, 0x7dd7},
    {0x43b1, 0x7dd8},
    {0x43b2, 0x7dda},
    {0x5265, 0x7ddc},
    {0x43b7, 0x7de3},
    {0x5266, 0x7de6},
    {0x43ba, 0x7dec},
    {0x43bb, 0x7def},
    {0x43bc, 0x7df4},
    {0x5267, 0x7df6},
    {0x5268, 0x7df9},
    {0x43bd, 0x7dfb},
    {0x5269, 0x7e03},
    {0x526c, 0x7e0b},
    {0x43c0, 0x7e15},
    {0x43c1, 0x7e1b},
    {0x5271, 0x7e20},
    {0x43c5, 0x7e21},
    {0x5272, 0x7e22},
    {0x43c6, 0x7e23},
    {0x43c7, 0x7e2b},
    {0x43ca, 0x7e31},
    {0x5275, 0x7e35},
    {0x43cb, 0x7e37},
    {0x5276, 0x7e39},
    {0x5277, 0x7e3b},
    {0x43ce, 0x7e41},
    {0x43cf, 0x7e43},
    {0x527a, 0x7e48},
    {0x527b, 0x7e50},
    {0x43d2, 0x7e52},
    {0x43d5, 0x7e5e},
    {0x43d6, 0x7e61},
    {0x5280, 0x7e62},
    {0x43da, 0x7e6d},
    {0x5281, 0x7e6f},
    {0x43db, 0x7e70},
    {0x5282, 0x7e76},
    {0x43dc, 0x7e79},
    {0x43dd, 0x7e7c},
    {0x5285, 0x7e81},
    {0x43de, 0x7e82},
    {0x5288, 0x7e8a},
    {0x43df, 0x7e8c},
    {0x5289, 0x7e8d},
    {0x43e0, 0x7e8f},
    {0x43e1, 0x7e93},
    {0x528a, 0x7e94},
    {0x43e2, 0x7e96},
    {0x43e3, 0x7e98},
    {0x43e6, 0x7f36},
    {0x528b, 0x7f37},
    {0x43e7, 0x7f38},
    {0x43e8, 0x7f3a},
    {0x5291, 0x7f47},
    {0x5292, 0x7f4b},
    {0x43e9, 0x7f4c},
    {0x43ea, 0x7f50},
    {0x5295, 0x7f56},
    {0x5296, 0x7f58},
    {0x5297, 0x7f5d},
    {0x529b, 0x7f63},
    {0x529c, 0x7f66},
    {0x529d, 0x7f68},
    {0x43ef, 0x7f6e},
    {0x43f0, 0x7f70},
    {0x43f1, 0x7f72},
    {0x43f2, 0x7f75},
    {0x43f3, 0x7f77},
    {0x529e, 0x7f78},
    {0x43f4, 0x7f79},
    {0x52a2, 0x7f82},
    {0x43f5, 0x7f85},
    {0x43f6, 0x7f88},
    {0x43f7, 0x7f8a},
    {0x43f8, 0x7f8c},
    {0x43f9, 0x7f8e},
    {0x43fa, 0x7f94},
    {0x43fb, 0x7f9a},
    {0x52a8, 0x7f9d},
    {0x43fc, 0x7f9e},
    {0x52a9, 0x7fa1},
    {0x43fd, 0x7fa4},
    {0x52aa, 0x7fab},
    {0x52ab, 0x7faf},
    {0x4400, 0x7fb2},
    {0x52ac, 0x7fb6},
    {0x4403, 0x7fbd},
    {0x52ad, 0x7fbf},
    {0x4404, 0x7fc1},
    {0x4405, 0x7fc5},
    {0x4406, 0x7fca},
    {0x4407, 0x7fcc},
    {0x4408, 0x7fce},
    {0x4409, 0x7fd2},
    {0x52ae, 0x7fd6},
    {0x52af, 0x7fdb},
    {0x52b2, 0x7fe6},
    {0x440f, 0x7fe9},
    {0x4410, 0x7feb},
    {0x52b3, 0x7fec},
    {0x52b4, 0x7fee},
    {0x4411, 0x7ff0},
    {0x52b5, 0x7ff3},
    {0x4412, 0x7ff9},
    {0x4413, 0x7ffc},
    {0x52b8, 0x7ffe},
    {0x4416, 0x8003},
    {0x52b9, 0x8004},
    {0x4419, 0x8009},
    {0x441a, 0x800c},
    {0x441b, 0x8010},
    {0x52be, 0x8014},
    {0x441c, 0x8015},
    {0x52bf, 0x8016},
    {0x52c0, 0x8019},
    {0x52c1, 0x801e},
    {0x52c2, 0x8021},
    {0x52c3, 0x8026},
    {0x52c4, 0x8028},
    {0x52c5, 0x802c},
    {0x441f, 0x802d},
    {0x52c6, 0x8030},
    {0x4420, 0x8033},
    {0x4421, 0x8036},
    {0x4422, 0x803d},
    {0x4423, 0x803f},
    {0x4424, 0x8043},
    {0x4425, 0x8046},
    {0x52c7, 0x8048},
    {0x4426, 0x804a},
    {0x52c8, 0x8052},
    {0x52c9, 0x8055},
    {0x4427, 0x8056},
    {0x4428, 0x8058},
    {0x4429, 0x805a},
    {0x442a, 0x805e},
    {0x52ca, 0x8061},
    {0x52cb, 0x8071},
    {0x442f, 0x8077},
    {0x4437, 0x8089},
    {0x52ce, 0x8093},
    {0x443a, 0x8096},
    {0x52cf, 0x8098},
    {0x52d0, 0x809a},
    {0x443b, 0x809b},
    {0x443c, 0x809d},
    {0x443f, 0x80a5},
    {0x52d1, 0x80a6},
    {0x52d2, 0x80ab},
    {0x52d3, 0x80ad},
    {0x4442, 0x80af},
    {0x4445, 0x80b4},
    {0x52d4, 0x80b5},
    {0x4446, 0x80ba},
    {0x52d5, 0x80c6},
    {0x52d6, 0x80ca},
    {0x4449, 0x80cc},
    {0x444a, 0x80ce},
    {0x52d9, 0x80d9},
    {0x52da, 0x80dc},
    {0x444d, 0x80de},
    {0x52db, 0x80e0},
    {0x444e, 0x80e1},
    {0x52dc, 0x80ef},
    {0x4451, 0x80f1},
    {0x4452, 0x80f4},
    {0x52dd, 0x80f7},
    {0x4453, 0x80f8},
    {0x4454, 0x80fd},
    {0x52de, 0x80fe},
    {0x4455, 0x8102},
    {0x52df, 0x8109},
    {0x445a, 0x810a},
    {0x445b, 0x8118},
    {0x445e, 0x8123},
    {0x52e2, 0x8124},
    {0x52e3, 0x8127},
    {0x445f, 0x8129},
    {0x4460, 0x812b},
    {0x4461, 0x812f},
    {0x52e4, 0x8130},
    {0x4462, 0x8139},
    {0x52e5, 0x813a},
    {0x4463, 0x813e},
    {0x52e6, 0x8141},
    {0x52e7, 0x8146},
    {0x52e8, 0x814a},
    {0x4464, 0x814b},
    {0x4465, 0x814e},
    {0x52eb, 0x8160},
    {0x52ec, 0x8164},
    {0x446c, 0x816b},
    {0x52ed, 0x816d},
    {0x52ee, 0x8174},
    {0x52f4, 0x8186},
    {0x4474, 0x8188},
    {0x4475, 0x818a},
    {0x52f5, 0x818b},
    {0x4476, 0x818f},
    {0x4477, 0x819a},
    {0x52f6, 0x819e},
    {0x447a, 0x81a0},
    {0x447b, 0x81a3},
    {0x447c, 0x81a8},
    {0x52f7, 0x81a9},
    {0x52f8, 0x81b0},
    {0x447d, 0x81b3},
    {0x52f9, 0x81b4},
    {0x447e, 0x81b5},
    {0x447f, 0x81ba},
    {0x4484, 0x81c2},
    {0x4485, 0x81c6},
    {0x52fc, 0x81ca},
    {0x4486, 0x81cd},
    {0x52fd, 0x81cf},
    {0x52fe, 0x81d1},
    {0x4487, 0x81d8},
    {0x5301, 0x81dd},
    {0x4488, 0x81df},
    {0x5302, 0x81e0},
    {0x4489, 0x81e3},
    {0x448a, 0x81e5},
    {0x448d, 0x81ea},
    {0x5303, 0x81ec},
    {0x448e, 0x81ed},
    {0x5304, 0x81f6},
    {0x4494, 0x81fe},
    {0x4495, 0x8205},
    {0x4498, 0x820a},
    {0x5308, 0x8210},
    {0x449b, 0x8212},
    {0x5309, 0x8216},
    {0x530a, 0x8218},
    {0x44a0, 0x8221},
    {0x530b, 0x8233},
    {0x530c, 0x8238},
    {0x44a7, 0x8239},
    {0x530d, 0x823d},
    {0x44a8, 0x8240},
    {0x44a9, 0x8245},
    {0x44aa, 0x8247},
    {0x530e, 0x824d},
    {0x530f, 0x8251},
    {0x5310, 0x8258},
    {0x44ab, 0x8259},
    {0x5311, 0x825a},
    {0x5312, 0x825f},
    {0x44ac, 0x8264},
    {0x44ad, 0x8266},
    {0x5313, 0x8268},
    {0x5316, 0x8274},
    {0x44b2, 0x8276},
    {0x5317, 0x8277},
    {0x44b3, 0x8278},
    {0x44b4, 0x827e},
    {0x5318, 0x8283},
    {0x5319, 0x828a},
    {0x44b5, 0x828b},
    {0x531a, 0x8290},
    {0x44b8, 0x8292},
    {0x531b, 0x8294},
    {0x531c, 0x8298},
    {0x44bb, 0x829d},
    {0x44bc, 0x829f},
    {0x44bf, 0x82a9},
    {0x5324, 0x82b0},
    {0x44c4, 0x82b1},
    {0x44c5, 0x82b3},
    {0x5325, 0x82be},
    {0x44cc, 0x82bf},
    {0x5326, 0x82c5},
    {0x5327, 0x82d3},
    {0x44d1, 0x82d7},
    {0x44d2, 0x82db},
    {0x5328, 0x82dc},
    {0x5329, 0x82e0},
    {0x44d5, 0x82e1},
    {0x532a, 0x82e3},
    {0x532b, 0x82e9},
    {0x532c, 0x82eb},
    {0x44d9, 0x82f1},
    {0x5332, 0x82ff},
    {0x5333, 0x8300},
    {0x5334, 0x8308},
    {0x44e1, 0x8309},
    {0x44e2, 0x8317},
    {0x44e3, 0x8328},
    {0x533b, 0x832a},
    {0x44e4, 0x832b},
    {0x44e5, 0x832f},
    {0x44e6, 0x8331},
    {0x533e, 0x833c},
    {0x44ec, 0x8340},
    {0x533f, 0x8343},
    {0x44ed, 0x8347},
    {0x44f0, 0x834f},
    {0x5340, 0x8350},
    {0x5341, 0x8363},
    {0x44f3, 0x8373},
    {0x44f4, 0x8377},
    {0x5342, 0x837a},
    {0x44f5, 0x837b},
    {0x5343, 0x8382},
    {0x5344, 0x8385},
    {0x44f8, 0x838e},
    {0x44f9, 0x8396},
    {0x44fa, 0x8398},
    {0x5349, 0x839d},
    {0x44fb, 0x839e},
    {0x44fc, 0x83a2},
    {0x534c, 0x83a8},
    {0x534d, 0x83bb},
    {0x4500, 0x83bd},
    {0x4501, 0x83c1},
    {0x5351, 0x83c2},
    {0x4502, 0x83c5},
    {0x4505, 0x83cc},
    {0x5352, 0x83d1},
    {0x4506, 0x83d3},
    {0x5353, 0x83d4},
    {0x4507, 0x83d6},
    {0x5354, 0x83d8},
    {0x4508, 0x83dc},
    {0x4509, 0x83e9},
    {0x450a, 0x83eb},
    {0x450f, 0x83f4},
    {0x5358, 0x83f6},
    {0x4510, 0x83f9},
    {0x5359, 0x83fb},
    {0x4511, 0x83fd},
    {0x4514, 0x840a},
    {0x535c, 0x840b},
    {0x4518, 0x8429},
    {0x4519, 0x842c},
    {0x451a, 0x8431},
    {0x535d, 0x8435},
    {0x451b, 0x8438},
    {0x535e, 0x8439},
    {0x535f, 0x843c},
    {0x451c, 0x843d},
    {0x5360, 0x8446},
    {0x451d, 0x8449},
    {0x5361, 0x844a},
    {0x5362, 0x8451},
    {0x451e, 0x8457},
    {0x5363, 0x845a},
    {0x451f, 0x845b},
    {0x4520, 0x8461},
    {0x4521, 0x8463},
    {0x4522, 0x8466},
    {0x5366, 0x846d},
    {0x4525, 0x846f},
    {0x5369, 0x8473},
    {0x4526, 0x8475},
    {0x536a, 0x8477},
    {0x4527, 0x847a},
    {0x536b, 0x8482},
    {0x536c, 0x848a},
    {0x4528, 0x8490},
    {0x536d, 0x8491},
    {0x4529, 0x8494},
    {0x452a, 0x8499},
    {0x452b, 0x849c},
    {0x536e, 0x849f},
    {0x452c, 0x84a1},
    {0x536f, 0x84a8},
    {0x5370, 0x84ad},
    {0x5371, 0x84af},
    {0x452d, 0x84b2},
    {0x5372, 0x84b4},
    {0x452e, 0x84b8},
    {0x5375, 0x84bd},
    {0x5376, 0x84c1},
    {0x4533, 0x84c2},
    {0x4534, 0x84c4},
    {0x4535, 0x84c6},
    {0x4536, 0x84c9},
    {0x5377, 0x84ca},
    {0x4537, 0x84cb},
    {0x4538, 0x84cd},
    {0x4539, 0x84d1},
    {0x537a, 0x84d3},
    {0x537b, 0x84d6},
    {0x453a, 0x84da},
    {0x453b, 0x84ec},
    {0x537c, 0x84ed},
    {0x453c, 0x84ee},
    {0x537d, 0x84ef},
    {0x537e, 0x84f1},
    {0x453d, 0x84f4},
    {0x537f, 0x84fa},
    {0x453e, 0x84fc},
    {0x5380, 0x84fd},
    {0x5381, 0x8500},
    {0x5382, 0x8506},
    {0x5383, 0x850e},
    {0x453f, 0x8511},
    {0x5384, 0x8515},
    {0x4544, 0x851a},
    {0x4545, 0x851e},
    {0x5385, 0x851f},
    {0x4546, 0x8521},
    {0x4547, 0x8523},
    {0x4548, 0x8525},
    {0x5386, 0x8526},
    {0x5387, 0x852a},
    {0x454b, 0x852f},
    {0x5388, 0x8530},
    {0x454c, 0x853d},
    {0x454d, 0x853f},
    {0x454e, 0x8541},
    {0x454f, 0x8543},
    {0x5389, 0x8546},
    {0x4550, 0x8549},
    {0x4551, 0x854e},
    {0x4552, 0x8553},
    {0x4553, 0x8559},
    {0x5390, 0x855e},
    {0x5391, 0x8561},
    {0x4554, 0x8563},
    {0x5392, 0x8564},
    {0x5393, 0x856b},
    {0x4558, 0x856d},
    {0x5394, 0x8578},
    {0x5395, 0x857a},
    {0x5396, 0x857e},
    {0x5397, 0x8580},
    {0x4559, 0x8584},
    {0x5398, 0x8586},
    {0x455a, 0x8587},
    {0x539b, 0x858c},
    {0x455b, 0x858f},
    {0x455c, 0x8591},
    {0x455d, 0x8594},
    {0x539c, 0x8597},
    {0x539d, 0x8599},
    {0x455e, 0x859b},
    {0x539e, 0x859d},
    {0x455f, 0x85a6},
    {0x53a1, 0x85ab},
    {0x4565, 0x85ba},
    {0x4566, 0x85c1},
    {0x53a2, 0x85c7},
    {0x4567, 0x85c9},
    {0x53a3, 0x85d0},
    {0x456b, 0x85d5},
    {0x4572, 0x85f7},
    {0x53a4, 0x85f9},
    {0x53a5, 0x85fd},
    {0x4575, 0x85ff},
    {0x53a6, 0x8600},
    {0x4576, 0x8602},
    {0x53a7, 0x8604},
    {0x4579, 0x860a},
    {0x53a8, 0x860b},
    {0x53a9, 0x8618},
    {0x457c, 0x861a},
    {0x53aa, 0x861f},
    {0x53ab, 0x8622},
    {0x53ac, 0x8627},
    {0x457d, 0x862d},
    {0x53af, 0x862f},
    {0x53b0, 0x863c},
    {0x457e, 0x863f},
    {0x53b1, 0x8641},
    {0x53b2, 0x8644},
    {0x457f, 0x864e},
    {0x4580, 0x8650},
    {0x53b3, 0x8653},
    {0x4587, 0x8667},
    {0x53b6, 0x866f},
    {0x53b7, 0x8671},
    {0x53b8, 0x8678},
    {0x4588, 0x8679},
    {0x4589, 0x868a},
    {0x53bb, 0x868b},
    {0x458a, 0x868c},
    {0x53bc, 0x868d},
    {0x458b, 0x8693},
    {0x53bd, 0x8695},
    {0x53be, 0x86a8},
    {0x458e, 0x86a9},
    {0x53bf, 0x86aa},
    {0x53c3, 0x86b4},
    {0x53c4, 0x86c0},
    {0x458f, 0x86c7},
    {0x53c7, 0x86c9},
    {0x4590, 0x86cb},
    {0x4591, 0x86d4},
    {0x4592, 0x86d9},
    {0x4593, 0x86db},
    {0x53c8, 0x86de},
    {0x4594, 0x86df},
    {0x53c9, 0x86e3},
    {0x4595, 0x86e4},
    {0x53ca, 0x86e9},
    {0x53cb, 0x86ec},
    {0x4596, 0x86ed},
    {0x53ce, 0x86fb},
    {0x4597, 0x86fe},
    {0x4598, 0x8700},
    {0x53cf, 0x8706},
    {0x459b, 0x8708},
    {0x53d3, 0x8711},
    {0x459c, 0x8718},
    {0x459d, 0x871a},
    {0x459e, 0x871c},
    {0x53d4, 0x871d},
    {0x53d5, 0x8721},
    {0x53d6, 0x8725},
    {0x53db, 0x8737},
    {0x53e0, 0x874c},
    {0x459f, 0x874e},
    {0x45a0, 0x8755},
    {0x45a1, 0x8757},
    {0x53e1, 0x8759},
    {0x45a2, 0x875f},
    {0x53e2, 0x8760},
    {0x45a3, 0x8766},
    {0x45a4, 0x8768},
    {0x53e5, 0x876e},
    {0x45a5, 0x8774},
    {0x45a6, 0x8776},
    {0x45a7, 0x8778},
    {0x45a8, 0x8782},
    {0x53e6, 0x8783},
    {0x53e7, 0x878c},
    {0x45a9, 0x878d},
    {0x53e8, 0x8798},
    {0x53e9, 0x879e},
    {0x45aa, 0x879f},
    {0x45ab, 0x87a2},
    {0x53ea, 0x87a3},
    {0x53eb, 0x87a6},
    {0x53ec, 0x87ad},
    {0x45ac, 0x87b3},
    {0x53ed, 0x87b4},
    {0x45ad, 0x87ba},
    {0x53ee, 0x87bb},
    {0x53ef, 0x87bd},
    {0x53f0, 0x87c0},
    {0x45ae, 0x87c4},
    {0x53f1, 0x87c7},
    {0x53f4, 0x87d2},
    {0x45af, 0x87e0},
    {0x53f7, 0x87e3},
    {0x45b0, 0x87ec},
    {0x45b1, 0x87ef},
    {0x45b2, 0x87f2},
    {0x53f8, 0x87f7},
    {0x45b3, 0x87f9},
    {0x45b4, 0x87fb},
    {0x45b5, 0x87fe},
    {0x45b6, 0x8805},
    {0x53f9, 0x880d},
    {0x53fa, 0x8811},
    {0x53fb, 0x8815},
    {0x45b7, 0x881f},
    {0x53fc, 0x8821},
    {0x45ba, 0x8831},
    {0x53fd, 0x8832},
    {0x45bb, 0x8836},
    {0x53fe, 0x8839},
    {0x45bc, 0x883b},
    {0x45bd, 0x8840},
    {0x53ff, 0x8844},
    {0x45be, 0x8846},
    {0x5400, 0x884a},
    {0x5401, 0x884e},
    {0x45c3, 0x8857},
    {0x45c4, 0x8859},
    {0x45c5, 0x885b},
    {0x45c6, 0x885d},
    {0x5402, 0x885e},
    {0x45ca, 0x8868},
    {0x45cb, 0x886b},
    {0x5403, 0x886e},
    {0x45cc, 0x8870},
    {0x45cd, 0x8872},
    {0x45ce, 0x8877},
    {0x5404, 0x887d},
    {0x45d3, 0x8888},
    {0x45d4, 0x888b},
    {0x45d5, 0x888d},
    {0x45d6, 0x8892},
    {0x5405, 0x889b},
    {0x5406, 0x889d},
    {0x45d9, 0x889e},
    {0x5407, 0x88a2},
    {0x5408, 0x88aa},
    {0x45da, 0x88ab},
    {0x45db, 0x88b4},
    {0x5409, 0x88c0},
    {0x540a, 0x88c5},
    {0x540b, 0x88ca},
    {0x540c, 0x88cd},
    {0x45de, 0x88cf},
    {0x540d, 0x88d2},
    {0x540e, 0x88d8},
    {0x45e1, 0x88d9},
    {0x45e4, 0x88df},
    {0x45e5, 0x88e1},
    {0x45e6, 0x88e8},
    {0x540f, 0x88ef},
    {0x5410, 0x88f1},
    {0x45ea, 0x88f8},
    {0x5411, 0x88f9},
    {0x45eb, 0x88fd},
    {0x5412, 0x88fe},
    {0x5413, 0x8904},
    {0x45ec, 0x8907},
    {0x5414, 0x890a},
    {0x5415, 0x890c},
    {0x45ed, 0x8910},
    {0x5416, 0x8911},
    {0x5417, 0x8915},
    {0x5418, 0x891a},
    {0x45f2, 0x8925},
    {0x5419, 0x8927},
    {0x45f3, 0x892a},
    {0x541a, 0x892b},
    {0x45f4, 0x8936},
    {0x45f5, 0x8938},
    {0x541d, 0x893a},
    {0x45f6, 0x893b},
    {0x45f7, 0x8941},
    {0x45f8, 0x8944},
    {0x541e, 0x894d},
    {0x541f, 0x8952},
    {0x5420, 0x8956},
    {0x5421, 0x8958},
    {0x5422, 0x895c},
    {0x5423, 0x895e},
    {0x45f9, 0x895f},
    {0x5424, 0x8960},
    {0x45fa, 0x8964},
    {0x5425, 0x8968},
    {0x45fb, 0x896a},
    {0x5426, 0x896d},
    {0x5427, 0x896f},
    {0x45fc, 0x8972},
    {0x5428, 0x8974},
    {0x45fd, 0x897f},
    {0x45fe, 0x8981},
    {0x45ff, 0x8983},
    {0x4602, 0x898b},
    {0x4603, 0x898f},
    {0x4604, 0x8993},
    {0x4605, 0x8996},
    {0x542d, 0x89a0},
    {0x4606, 0x89a1},
    {0x542e, 0x89a8},
    {0x542f, 0x89ac},
    {0x5430, 0x89af},
    {0x4609, 0x89b2},
    {0x460a, 0x89ba},
    {0x460b, 0x89bd},
    {0x5433, 0x89bf},
    {0x460c, 0x89c0},
    {0x460d, 0x89d2},
    {0x5434, 0x89d4},
    {0x5437, 0x89da},
    {0x460e, 0x89e3},
    {0x543a, 0x89e5},
    {0x543d, 0x89f3},
    {0x460f, 0x89f4},
    {0x4610, 0x89f8},
    {0x4611, 0x8a00},
    {0x543e, 0x8a07},
    {0x4614, 0x8a08},
    {0x543f, 0x8a09},
    {0x4615, 0x8a0a},
    {0x4616, 0x8a0c},
    {0x4617, 0x8a0e},
    {0x4618, 0x8a13},
    {0x461c, 0x8a1b},
    {0x461d, 0x8a1d},
    {0x461e, 0x8a1f},
    {0x5444, 0x8a22},
    {0x461f, 0x8a23},
    {0x4620, 0x8a25},
    {0x4621, 0x8a2a},
    {0x4622, 0x8a2d},
    {0x4623, 0x8a31},
    {0x4624, 0x8a34},
    {0x4625, 0x8a36},
    {0x5445, 0x8a3c},
    {0x5446, 0x8a3e},
    {0x5447, 0x8a41},
    {0x5448, 0x8a46},
    {0x5449, 0x8a4b},
    {0x4628, 0x8a50},
    {0x544a, 0x8a51},
    {0x462b, 0x8a5b},
    {0x462c, 0x8a5e},
    {0x462d, 0x8a60},
    {0x544e, 0x8a61},
    {0x4630, 0x8a66},
    {0x4631, 0x8a69},
    {0x4638, 0x8a75},
    {0x4639, 0x8a79},
    {0x5451, 0x8a7c},
    {0x5452, 0x8a7f},
    {0x5453, 0x8a82},
    {0x5454, 0x8a84},
    {0x463a, 0x8a85},
    {0x5455, 0x8a86},
    {0x463b, 0x8a87},
    {0x5456, 0x8a91},
    {0x463e, 0x8a93},
    {0x463f, 0x8a95},
    {0x4640, 0x8a98},
    {0x5457, 0x8a9a},
    {0x4641, 0x8a9e},
    {0x5458, 0x8aa2},
    {0x5459, 0x8aa7},
    {0x4648, 0x8aa8},
    {0x4649, 0x8aaa},
    {0x464a, 0x8ab0},
    {0x464b, 0x8ab2},
    {0x464c, 0x8ab9},
    {0x464d, 0x8abc},
    {0x4650, 0x8ac2},
    {0x4651, 0x8ac4},
    {0x4652, 0x8ac7},
    {0x545a, 0x8ac9},
    {0x4653, 0x8acb},
    {0x4654, 0x8acd},
    {0x4655, 0x8acf},
    {0x4656, 0x8ad2},
    {0x4657, 0x8ad6},
    {0x465a, 0x8ae1},
    {0x545f, 0x8ae4},
    {0x5460, 0x8af0},
    {0x4661, 0x8af1},
    {0x4665, 0x8afa},
    {0x5464, 0x8afc},
    {0x4666, 0x8afe},
    {0x466a, 0x8b04},
    {0x5465, 0x8b07},
    {0x5466, 0x8b0c},
    {0x466b, 0x8b0e},
    {0x466c, 0x8b10},
    {0x5467, 0x8b11},
    {0x466d, 0x8b14},
    {0x5468, 0x8b1c},
    {0x4673, 0x8b1d},
    {0x4674, 0x8b20},
    {0x5469, 0x8b23},
    {0x546a, 0x8b26},
    {0x4675, 0x8b28},
    {0x4678, 0x8b33},
    {0x546b, 0x8b37},
    {0x4679, 0x8b39},
    {0x546c, 0x8b3c},
    {0x546d, 0x8b3e},
    {0x467a, 0x8b41},
    {0x546e, 0x8b43},
    {0x546f, 0x8b46},
    {0x467b, 0x8b49},
    {0x5470, 0x8b4c},
    {0x5473, 0x8b56},
    {0x467e, 0x8b58},
    {0x5474, 0x8b59},
    {0x467f, 0x8b5a},
    {0x4680, 0x8b5c},
    {0x4681, 0x8b66},
    {0x5477, 0x8b6b},
    {0x4682, 0x8b6c},
    {0x5478, 0x8b71},
    {0x4685, 0x8b74},
    {0x4686, 0x8b77},
    {0x4687, 0x8b7d},
    {0x5479, 0x8b7f},
    {0x4688, 0x8b80},
    {0x547a, 0x8b83},
    {0x547b, 0x8b89},
    {0x4689, 0x8b8a},
    {0x547c, 0x8b8c},
    {0x547d, 0x8b8e},
    {0x468a, 0x8b90},
    {0x468d, 0x8b96},
    {0x468e, 0x8b9a},
    {0x547e, 0x8b9c},
    {0x547f, 0x8b9e},
    {0x468f, 0x8c37},
    {0x4690, 0x8c3f},
    {0x4691, 0x8c41},
    {0x4692, 0x8c46},
    {0x5480, 0x8c47},
    {0x4693, 0x8c48},
    {0x5481, 0x8c49},
    {0x4694, 0x8c4a},
    {0x4695, 0x8c4c},
    {0x5482, 0x8c4e},
    {0x5483, 0x8c50},
    {0x4696, 0x8c55},
    {0x5484, 0x8c56},
    {0x4697, 0x8c5a},
    {0x4698, 0x8c61},
    {0x5485, 0x8c62},
    {0x5486, 0x8c68},
    {0x5487, 0x8c6c},
    {0x5488, 0x8c73},
    {0x5489, 0x8c78},
    {0x469d, 0x8c82},
    {0x548a, 0x8c83},
    {0x469e, 0x8c8a},
    {0x469f, 0x8c8c},
    {0x548b, 0x8c8d},
    {0x548e, 0x8c98},
    {0x548f, 0x8c9f},
    {0x5490, 0x8cb2},
    {0x5493, 0x8cc6},
    {0x46bd, 0x8cca},
    {0x46be, 0x8cd1},
    {0x46bf, 0x8cd3},
    {0x5494, 0x8cd9},
    {0x46c0, 0x8cda},
    {0x5495, 0x8cdb},
    {0x46c1, 0x8cdc},
    {0x46c2, 0x8cde},
    {0x46c3, 0x8ce0},
    {0x5496, 0x8ce1},
    {0x5497, 0x8ce5},
    {0x46c7, 0x8ce6},
    {0x46c8, 0x8cea},
    {0x5498, 0x8cec},
    {0x46c9, 0x8ced},
    {0x549b, 0x8cf3},
    {0x46ca, 0x8cf4},
    {0x46d2, 0x8d0a},
    {0x549c, 0x8d0b},
    {0x46d3, 0x8d0d},
    {0x46d4, 0x8d13},
    {0x549f, 0x8d14},
    {0x46d5, 0x8d16},
    {0x54a0, 0x8d1b},
    {0x46d6, 0x8d64},
    {0x46d7, 0x8d66},
    {0x54a1, 0x8d67},
    {0x46d8, 0x8d6b},
    {0x46d9, 0x8d70},
    {0x54a4, 0x8d76},
    {0x46dc, 0x8d77},
    {0x54a5, 0x8d81},
    {0x46dd, 0x8d85},
    {0x46de, 0x8d8a},
    {0x54a6, 0x8d8e},
    {0x54a7, 0x8d90},
    {0x46df, 0x8d99},
    {0x54a8, 0x8da0},
    {0x46e0, 0x8da3},
    {0x46e1, 0x8da8},
    {0x54a9, 0x8dab},
    {0x54aa, 0x8db2},
    {0x46e2, 0x8db3},
    {0x46e3, 0x8dba},
    {0x46e4, 0x8dbe},
    {0x54ab, 0x8dc2},
    {0x46e5, 0x8dc6},
    {0x54ac, 0x8dce},
    {0x46e8, 0x8dcf},
    {0x46e9, 0x8ddb},
    {0x46ea, 0x8ddd},
    {0x54b0, 0x8ddf},
    {0x46eb, 0x8de1},
    {0x46ec, 0x8de3},
    {0x46ed, 0x8de8},
    {0x46ee, 0x8def},
    {0x54b5, 0x8df1},
    {0x46ef, 0x8df3},
    {0x54b6, 0x8dfc},
    {0x54b7, 0x8e06},
    {0x46f0, 0x8e0a},
    {0x54ba, 0x8e14},
    {0x54bb, 0x8e1d},
    {0x46f3, 0x8e1e},
    {0x54bc, 0x8e1f},
    {0x46f4, 0x8e2a},
    {0x46f5, 0x8e30},
    {0x54bd, 0x8e34},
    {0x46f6, 0x8e35},
    {0x54be, 0x8e36},
    {0x54bf, 0x8e3a},
    {0x54c0, 0x8e3d},
    {0x54c1, 0x8e40},
    {0x46f7, 0x8e42},
    {0x46f8, 0x8e44},
    {0x54c2, 0x8e4c},
    {0x54c3, 0x8e4f},
    {0x54c4, 0x8e55},
    {0x46fd, 0x8e59},
    {0x54c5, 0x8e5c},
    {0x54c8, 0x8e72},
    {0x4700, 0x8e74},
    {0x4701, 0x8e76},
    {0x54c9, 0x8e7b},
    {0x4702, 0x8e81},
    {0x54ca, 0x8e85},
    {0x4703, 0x8e87},
    {0x54cb, 0x8e89},
    {0x4704, 0x8e8a},
    {0x54cc, 0x8e8b},
    {0x4705, 0x8e8d},
    {0x54d1, 0x8e99},
    {0x54d2, 0x8e9e},
    {0x54d3, 0x8ea1},
    {0x54d4, 0x8ea9},
    {0x54d5, 0x8eb1},
    {0x54d6, 0x8eb3},
    {0x54d7, 0x8ebe},
    {0x4709, 0x8ec0},
    {0x54d8, 0x8ec6},
    {0x470e, 0x8ed2},
    {0x54d9, 0x8ede},
    {0x470f, 0x8edf},
    {0x54da, 0x8ee8},
    {0x4710, 0x8eeb},
    {0x4711, 0x8ef8},
    {0x4712, 0x8efb},
    {0x54dd, 0x8efc},
    {0x4713, 0x8efe},
    {0x4714, 0x8f03},
    {0x4715, 0x8f05},
    {0x4716, 0x8f09},
    {0x54e0, 0x8f28},
    {0x54e1, 0x8f2d},
    {0x4724, 0x8f2f},
    {0x54e2, 0x8f30},
    {0x4725, 0x8f33},
    {0x4728, 0x8f3b},
    {0x54e3, 0x8f40},
    {0x54e4, 0x8f42},
    {0x54e5, 0x8f46},
    {0x472d, 0x8f49},
    {0x54e6, 0x8f52},
    {0x54e7, 0x8f54},
    {0x4730, 0x8f5d},
    {0x54ea, 0x8f5e},
    {0x4731, 0x8f5f},
    {0x54eb, 0x8f61},
    {0x4732, 0x8f62},
    {0x54ee, 0x8f9f},
    {0x54ef, 0x8fa2},
    {0x4735, 0x8fa3},
    {0x4736, 0x8fa6},
    {0x4737, 0x8fa8},
    {0x4738, 0x8fad},
    {0x54f0, 0x8fae},
    {0x54f1, 0x8fbb},
    {0x473d, 0x8fc2},
    {0x473e, 0x8fc5},
    {0x54f6, 0x8fcd},
    {0x473f, 0x8fce},
    {0x4740, 0x8fd1},
    {0x54f7, 0x8fd3},
    {0x4741, 0x8fd4},
    {0x54f8, 0x8fd5},
    {0x54f9, 0x8fe2},
    {0x4742, 0x8fe6},
    {0x54fc, 0x8fe8},
    {0x54fd, 0x8fec},
    {0x4745, 0x8fed},
    {0x4746, 0x8ff0},
    {0x4747, 0x8ff2},
    {0x54fe, 0x8ff4},
    {0x4748, 0x8ff7},
    {0x54ff, 0x8ff8},
    {0x4749, 0x8ff9},
    {0x5500, 0x8ffa},
    {0x5501, 0x8ffc},
    {0x474a, 0x8ffd},
    {0x5502, 0x8fff},
    {0x5503, 0x9007},
    {0x4751, 0x9008},
    {0x4752, 0x900b},
    {0x5504, 0x900c},
    {0x4753, 0x900d},
    {0x5505, 0x900e},
    {0x5506, 0x9016},
    {0x4759, 0x9017},
    {0x4763, 0x902e},
    {0x5507, 0x9034},
    {0x4766, 0x9035},
    {0x5508, 0x9036},
    {0x4767, 0x9038},
    {0x4768, 0x903c},
    {0x4769, 0x903e},
    {0x476c, 0x9047},
    {0x5509, 0x9049},
    {0x550a, 0x904f},
    {0x550b, 0x9052},
    {0x550c, 0x9058},
    {0x4776, 0x9059},
    {0x550d, 0x905b},
    {0x477c, 0x9063},
    {0x550e, 0x9064},
    {0x550f, 0x9068},
    {0x477d, 0x9069},
    {0x5510, 0x906c},
    {0x4781, 0x9072},
    {0x4782, 0x9075},
    {0x5511, 0x9076},
    {0x4785, 0x907a},
    {0x5512, 0x907e},
    {0x5513, 0x9085},
    {0x4790, 0x908a},
    {0x4791, 0x908f},
    {0x5516, 0x9090},
    {0x4792, 0x9091},
    {0x4793, 0x9095},
    {0x4794, 0x9099},
    {0x5519, 0x90a0},
    {0x4797, 0x90a6},
    {0x4798, 0x90a8},
    {0x4799, 0x90aa},
    {0x551a, 0x90b3},
    {0x479d, 0x90b5},
    {0x479e, 0x90b8},
    {0x479f, 0x90c1},
    {0x47a0, 0x90ca},
    {0x5520, 0x90ce},
    {0x47a1, 0x90de},
    {0x47a2, 0x90e1},
    {0x5523, 0x90e2},
    {0x47a3, 0x90e8},
    {0x47a4, 0x90ed},
    {0x5526, 0x90ef},
    {0x47a5, 0x90f5},
    {0x47a6, 0x90fd},
    {0x47a7, 0x9102},
    {0x47a8, 0x9112},
    {0x47a9, 0x9115},
    {0x47aa, 0x9119},
    {0x552b, 0x911e},
    {0x47ab, 0x9127},
    {0x47ac, 0x912d},
    {0x47ad, 0x9132},
    {0x5530, 0x9134},
    {0x5531, 0x913d},
    {0x5532, 0x9148},
    {0x47b4, 0x9152},
    {0x47b5, 0x9162},
    {0x47b8, 0x916c},
    {0x5538, 0x9172},
    {0x5539, 0x9174},
    {0x47b9, 0x9175},
    {0x553a, 0x9176},
    {0x553b, 0x9179},
    {0x553c, 0x9183},
    {0x47bc, 0x9187},
    {0x47bd, 0x9189},
    {0x47be, 0x918b},
    {0x47bf, 0x918d},
    {0x553d, 0x9190},
    {0x47c0, 0x9192},
    {0x47c1, 0x919c},
    {0x553e, 0x919e},
    {0x553f, 0x91a2},
    {0x5540, 0x91aa},
    {0x47c6, 0x91b1},
    {0x5541, 0x91b2},
    {0x5542, 0x91bc},
    {0x47c9, 0x91c0},
    {0x5543, 0x91c1},
    {0x5544, 0x91c3},
    {0x47ca, 0x91c7},
    {0x47cb, 0x91c9},
    {0x47d7, 0x91e3},
    {0x47d8, 0x91e7},
    {0x554a, 0x91e9},
    {0x47d9, 0x91ea},
    {0x554b, 0x91ed},
    {0x47da, 0x91f5},
    {0x554c, 0x91ff},
    {0x554d, 0x9207},
    {0x47db, 0x920d},
    {0x47df, 0x9217},
    {0x5550, 0x921c},
    {0x47e0, 0x921e},
    {0x5551, 0x921f},
    {0x5552, 0x9226},
    {0x5553, 0x9231},
    {0x47e1, 0x9234},
    {0x5554, 0x9235},
    {0x47e2, 0x923a},
    {0x5557, 0x9241},
    {0x5558, 0x9244},
    {0x47e5, 0x9245},
    {0x47e6, 0x9249},
    {0x5559, 0x924b},
    {0x47e7, 0x9257},
    {0x47e8, 0x925b},
    {0x47e9, 0x925e},
    {0x47ea, 0x9262},
    {0x5562, 0x927c},
    {0x5563, 0x927e},
    {0x47ee, 0x9280},
    {0x47ef, 0x9283},
    {0x47f0, 0x9285},
    {0x5564, 0x928b},
    {0x47f1, 0x9291},
    {0x47f2, 0x9293},
    {0x5565, 0x9295},
    {0x47f3, 0x9296},
    {0x47f4, 0x9298},
    {0x47f5, 0x929c},
    {0x47f6, 0x92b3},
    {0x5569, 0x92b4},
    {0x47f9, 0x92b9},
    {0x556a, 0x92c6},
    {0x47fa, 0x92cc},
    {0x47fb, 0x92cf},
    {0x556b, 0x92d1},
    {0x47fc, 0x92d2},
    {0x556c, 0x92d5},
    {0x556d, 0x92d7},
    {0x556e, 0x92df},
    {0x47fd, 0x92e4},
    {0x556f, 0x92e5},
    {0x47fe, 0x92ea},
    {0x5570, 0x92f2},
    {0x47ff, 0x92f8},
    {0x4800, 0x92fc},
    {0x5575, 0x9300},
    {0x4801, 0x9304},
    {0x5576, 0x9306},
    {0x5577, 0x930f},
    {0x4802, 0x9310},
    {0x5578, 0x9315},
    {0x4803, 0x9318},
    {0x5579, 0x9319},
    {0x4804, 0x931a},
    {0x557a, 0x9323},
    {0x480a, 0x9324},
    {0x480b, 0x9326},
    {0x557b, 0x9327},
    {0x480c, 0x9328},
    {0x557c, 0x932a},
    {0x480d, 0x932b},
    {0x557d, 0x932c},
    {0x4810, 0x9348},
    {0x557e, 0x9349},
    {0x4813, 0x934d},
    {0x557f, 0x9351},
    {0x4814, 0x9354},
    {0x5580, 0x9357},
    {0x4815, 0x935b},
    {0x4816, 0x936e},
    {0x5587, 0x9370},
    {0x4817, 0x9375},
    {0x4818, 0x937c},
    {0x4819, 0x937e},
    {0x5588, 0x938a},
    {0x481a, 0x938c},
    {0x481b, 0x9394},
    {0x481c, 0x9396},
    {0x5589, 0x9397},
    {0x481d, 0x939a},
    {0x558a, 0x939b},
    {0x481e, 0x93a3},
    {0x558e, 0x93a4},
    {0x481f, 0x93a7},
    {0x4822, 0x93b0},
    {0x558f, 0x93bb},
    {0x4823, 0x93c3},
    {0x4824, 0x93d1},
    {0x4825, 0x93de},
    {0x559a, 0x93df},
    {0x4826, 0x93e1},
    {0x559b, 0x93e2},
    {0x4827, 0x93e4},
    {0x559c, 0x93e6},
    {0x559d, 0x93e8},
    {0x4828, 0x93f6},
    {0x55a0, 0x93fb},
    {0x55a1, 0x9403},
    {0x4829, 0x9404},
    {0x482a, 0x9418},
    {0x55a6, 0x9419},
    {0x482b, 0x9425},
    {0x55a7, 0x942a},
    {0x482c, 0x942b},
    {0x482d, 0x9435},
    {0x55a8, 0x9436},
    {0x482e, 0x9438},
    {0x55a9, 0x943a},
    {0x55aa, 0x9442},
    {0x482f, 0x9444},
    {0x55ab, 0x944a},
    {0x55ac, 0x944c},
    {0x55ad, 0x9455},
    {0x4832, 0x945b},
    {0x55ae, 0x945e},
    {0x55af, 0x9460},
    {0x55b7, 0x9475},
    {0x55b8, 0x9477},
    {0x55b9, 0x947c},
    {0x4833, 0x947d},
    {0x55ba, 0x947e},
    {0x4834, 0x947f},
    {0x4835, 0x9577},
    {0x4836, 0x9580},
    {0x4837, 0x9583},
    {0x55bb, 0x9588},
    {0x4838, 0x9589},
    {0x55bc, 0x958a},
    {0x4839, 0x958b},
    {0x55bd, 0x958e},
    {0x483a, 0x958f},
    {0x483f, 0x9598},
    {0x55be, 0x959c},
    {0x4843, 0x95a8},
    {0x4844, 0x95ad},
    {0x4845, 0x95b1},
    {0x55c5, 0x95b6},
    {0x55c6, 0x95b9},
    {0x55c9, 0x95c3},
    {0x4848, 0x95c7},
    {0x55ca, 0x95c8},
    {0x4849, 0x95ca},
    {0x55ce, 0x95cf},
    {0x55cf, 0x95d3},
    {0x55d0, 0x95da},
    {0x484d, 0x95dc},
    {0x55d1, 0x95de},
    {0x55d2, 0x95e0},
    {0x55d3, 0x95e5},
    {0x4850, 0x961c},
    {0x4851, 0x9621},
    {0x55d4, 0x9624},
    {0x4852, 0x962a},
    {0x55d8, 0x962d},
    {0x4853, 0x962e},
    {0x55d9, 0x962f},
    {0x4854, 0x9632},
    {0x4855, 0x963b},
    {0x4858, 0x9642},
    {0x4859, 0x9644},
    {0x485d, 0x9650},
    {0x55da, 0x9656},
    {0x55db, 0x9658},
    {0x55dc, 0x9661},
    {0x4866, 0x966a},
    {0x55dd, 0x966c},
    {0x4867, 0x9670},
    {0x55de, 0x9672},
    {0x4868, 0x9673},
    {0x55df, 0x9674},
    {0x55e0, 0x9679},
    {0x55e1, 0x967c},
    {0x486d, 0x967d},
    {0x55e2, 0x9684},
    {0x55e3, 0x9691},
    {0x55e4, 0x9697},
    {0x487a, 0x96a3},
    {0x55e5, 0x96a4},
    {0x55e6, 0x96a9},
    {0x487d, 0x96aa},
    {0x55e7, 0x96b0},
    {0x487e, 0x96b1},
    {0x55ea, 0x96b6},
    {0x487f, 0x96b7},
    {0x4880, 0x96bb},
    {0x55ed, 0x96bc},
    {0x4887, 0x96c9},
    {0x488e, 0x96d9},
    {0x55ee, 0x96da},
    {0x4898, 0x96f2},
    {0x489b, 0x96f9},
    {0x55f1, 0x96fa},
    {0x489c, 0x96fb},
    {0x489d, 0x9700},
    {0x48a0, 0x9711},
    {0x48a1, 0x9713},
    {0x55fa, 0x9714},
    {0x48a2, 0x9716},
    {0x48a3, 0x9719},
    {0x48a4, 0x971c},
    {0x48a5, 0x971e},
    {0x55fb, 0x9723},
    {0x55fc, 0x9726},
    {0x48a6, 0x9727},
    {0x55fd, 0x972a},
    {0x48a7, 0x9730},
    {0x48a8, 0x9732},
    {0x55fe, 0x9738},
    {0x48a9, 0x9739},
    {0x48aa, 0x973d},
    {0x48ab, 0x9742},
    {0x48ac, 0x9744},
    {0x55ff, 0x9746},
    {0x48ad, 0x9748},
    {0x5600, 0x9749},
    {0x5601, 0x974c},
    {0x48ae, 0x9751},
    {0x5602, 0x9752},
    {0x5603, 0x9755},
    {0x48af, 0x9756},
    {0x48b0, 0x975c},
    {0x5608, 0x975d},
    {0x48b1, 0x975e},
    {0x5609, 0x9760},
    {0x560a, 0x9766},
    {0x560b, 0x9768},
    {0x48b4, 0x9769},
    {0x48b5, 0x976d},
    {0x560c, 0x9773},
    {0x48b6, 0x9774},
    {0x560d, 0x9775},
    {0x48b7, 0x9777},
    {0x48b8, 0x977a},
    {0x560e, 0x977c},
    {0x48b9, 0x978b},
    {0x48ba, 0x978d},
    {0x48bb, 0x978f},
    {0x5613, 0x9798},
    {0x48bc, 0x97a0},
    {0x5614, 0x97a3},
    {0x5615, 0x97a6},
    {0x48bd, 0x97a8},
    {0x48be, 0x97ab},
    {0x5616, 0x97ac},
    {0x48bf, 0x97ad},
    {0x5619, 0x97b4},
    {0x561c, 0x97c1},
    {0x561d, 0x97c3},
    {0x48c0, 0x97c6},
    {0x48c1, 0x97cb},
    {0x5620, 0x97d0},
    {0x48c2, 0x97d3},
    {0x5621, 0x97d9},
    {0x48c3, 0x97dc},
    {0x48c4, 0x97f3},
    {0x562a, 0x97f5},
    {0x48c5, 0x97f6},
    {0x562b, 0x97fa},
    {0x48c6, 0x97fb},
    {0x562c, 0x97fe},
    {0x48c7, 0x97ff},
    {0x48ce, 0x9808},
    {0x48cf, 0x980a},
    {0x48d0, 0x980c},
    {0x5630, 0x9816},
    {0x5631, 0x981e},
    {0x5632, 0x9821},
    {0x5635, 0x9826},
    {0x5636, 0x982b},
    {0x48d7, 0x982d},
    {0x5637, 0x982e},
    {0x48d8, 0x9830},
    {0x5638, 0x9832},
    {0x5639, 0x9837},
    {0x48db, 0x983b},
    {0x563a, 0x983c},
    {0x563b, 0x983f},
    {0x563c, 0x9842},
    {0x48dc, 0x9846},
    {0x563f, 0x984b},
    {0x48e0, 0x9854},
    {0x5642, 0x9855},
    {0x48e1, 0x9858},
    {0x5643, 0x9859},
    {0x48e2, 0x985a},
    {0x5644, 0x985c},
    {0x48e3, 0x985e},
    {0x48e4, 0x9865},
    {0x5645, 0x9866},
    {0x48e5, 0x9867},
    {0x48e6, 0x986b},
    {0x48e7, 0x986f},
    {0x48e8, 0x98a8},
    {0x564a, 0x98ad},
    {0x48e9, 0x98af},
    {0x48ea, 0x98b1},
    {0x564b, 0x98b2},
    {0x564c, 0x98b6},
    {0x564d, 0x98ba},
    {0x564e, 0x98bc},
    {0x564f, 0x98bf},
    {0x5650, 0x98c2},
    {0x48eb, 0x98c4},
    {0x5651, 0x98c6},
    {0x48ec, 0x98c7},
    {0x5652, 0x98c9},
    {0x5653, 0x98cb},
    {0x48ef, 0x98df},
    {0x5658, 0x98f1},
    {0x48f5, 0x98f4},
    {0x5659, 0x98fb},
    {0x48f9, 0x9903},
    {0x48fc, 0x990c},
    {0x48fd, 0x9910},
    {0x565a, 0x9912},
    {0x48fe, 0x9913},
    {0x48ff, 0x9918},
    {0x565d, 0x991a},
    {0x4900, 0x991e},
    {0x4901, 0x9920},
    {0x4902, 0x9928},
    {0x5660, 0x992a},
    {0x5661, 0x992c},
    {0x5662, 0x992e},
    {0x5665, 0x9933},
    {0x5666, 0x9939},
    {0x5669, 0x9942},
    {0x4903, 0x9945},
    {0x566a, 0x9948},
    {0x4904, 0x9949},
    {0x566b, 0x9950},
    {0x490a, 0x9954},
    {0x566c, 0x9955},
    {0x490b, 0x9957},
    {0x566d, 0x995c},
    {0x566e, 0x995e},
    {0x490c, 0x9996},
    {0x490d, 0x9999},
    {0x5671, 0x999c},
    {0x490e, 0x999d},
    {0x5672, 0x999f},
    {0x5673, 0x99a1},
    {0x5674, 0x99a3},
    {0x490f, 0x99a5},
    {0x5675, 0x99a7},
    {0x4910, 0x99a8},
    {0x5676, 0x99aa},
    {0x5677, 0x99b0},
    {0x4914, 0x99b1},
    {0x5678, 0x99b6},
    {0x4917, 0x99b9},
    {0x4918, 0x99c1},
    {0x5679, 0x99c4},
    {0x567c, 0x99cf},
    {0x491c, 0x99d5},
    {0x567d, 0x99d8},
    {0x491d, 0x99d9},
    {0x491e, 0x99dd},
    {0x5680, 0x99de},
    {0x491f, 0x99df},
    {0x5681, 0x99e2},
    {0x5682, 0x99e8},
    {0x5683, 0x99ea},
    {0x4920, 0x99ed},
    {0x5684, 0x99ee},
    {0x4921, 0x99f1},
    {0x5685, 0x99f8},
    {0x5688, 0x99fd},
    {0x4922, 0x99ff},
    {0x4923, 0x9a01},
    {0x4924, 0x9a08},
    {0x568d, 0x9a0b},
    {0x568e, 0x9a0d},
    {0x568f, 0x9a11},
    {0x5690, 0x9a16},
    {0x5691, 0x9a18},
    {0x4927, 0x9a19},
    {0x5692, 0x9a1b},
    {0x4928, 0x9a2b},
    {0x5693, 0x9a2d},
    {0x4929, 0x9a30},
    {0x5694, 0x9a35},
    {0x5695, 0x9a38},
    {0x5696, 0x9a3e},
    {0x492c, 0x9a40},
    {0x492d, 0x9a43},
    {0x5699, 0x9a44},
    {0x492e, 0x9a45},
    {0x569a, 0x9a4a},
    {0x569b, 0x9a4c},
    {0x492f, 0x9a4d},
    {0x569e, 0x9a52},
    {0x4930, 0x9a55},
    {0x4931, 0x9a57},
    {0x569f, 0x9a58},
    {0x4934, 0x9a5f},
    {0x4935, 0x9a62},
    {0x56a0, 0x9a64},
    {0x4936, 0x9a65},
    {0x4939, 0x9aa8},
    {0x56a1, 0x9aaa},
    {0x56a2, 0x9ab0},
    {0x493a, 0x9ab8},
    {0x56a3, 0x9ab9},
    {0x56a4, 0x9abc},
    {0x56a7, 0x9ac6},
    {0x56a8, 0x9acf},
    {0x56a9, 0x9ad1},
    {0x493d, 0x9ad8},
    {0x56ac, 0x9adf},
    {0x56ad, 0x9ae1},
    {0x56ae, 0x9ae3},
    {0x493e, 0x9ae5},
    {0x56af, 0x9ae6},
    {0x56b0, 0x9aeb},
    {0x56b1, 0x9aed},
    {0x493f, 0x9aee},
    {0x56b2, 0x9af0},
    {0x56b3, 0x9af2},
    {0x56b4, 0x9af4},
    {0x56b8, 0x9afd},
    {0x56b9, 0x9b02},
    {0x56be, 0x9b0d},
    {0x56bf, 0x9b10},
    {0x56c0, 0x9b12},
    {0x56c1, 0x9b16},
    {0x4940, 0x9b1a},
    {0x56c4, 0x9b1f},
    {0x4941, 0x9b27},
    {0x4942, 0x9b2a},
    {0x4943, 0x9b31},
    {0x56cb, 0x9b32},
    {0x56cc, 0x9b3a},
    {0x4944, 0x9b3c},
    {0x56cd, 0x9b48},
    {0x56ce, 0x9b4b},
    {0x494a, 0x9b4f},
    {0x56d1, 0x9b51},
    {0x494b, 0x9b54},
    {0x56d2, 0x9b58},
    {0x494c, 0x9b5a},
    {0x56d3, 0x9b66},
    {0x494d, 0x9b6f},
    {0x56d4, 0x9b74},
    {0x56d5, 0x9b80},
    {0x56d6, 0x9b83},
    {0x494e, 0x9b8e},
    {0x56d7, 0x9b90},
    {0x494f, 0x9b91},
    {0x56da, 0x9b97},
    {0x4950, 0x9b9f},
    {0x56dd, 0x9baa},
    {0x4951, 0x9bab},
    {0x56de, 0x9bad},
    {0x4952, 0x9bae},
    {0x56df, 0x9bb9},
    {0x56e0, 0x9bc1},
    {0x56e1, 0x9bc6},
    {0x4953, 0x9bc9},
    {0x56e2, 0x9bca},
    {0x56e3, 0x9bd4},
    {0x4954, 0x9bd6},
    {0x56e4, 0x9bdb},
    {0x56e5, 0x9be2},
    {0x4955, 0x9be4},
    {0x4956, 0x9be8},
    {0x56e6, 0x9bf7},
    {0x56e7, 0x9c08},
    {0x56e8, 0x9c0a},
    {0x56e9, 0x9c0c},
    {0x4957, 0x9c0d},
    {0x4958, 0x9c10},
    {0x4959, 0x9c12},
    {0x56ea, 0x9c13},
    {0x495a, 0x9c15},
    {0x56eb, 0x9c24},
    {0x495b, 0x9c25},
    {0x56ef, 0x9c31},
    {0x495c, 0x9c32},
    {0x56f0, 0x9c35},
    {0x495d, 0x9c3b},
    {0x56f3, 0x9c3e},
    {0x495e, 0x9c47},
    {0x495f, 0x9c49},
    {0x56f4, 0x9c4f},
    {0x4960, 0x9c57},
    {0x56f7, 0x9c60},
    {0x56f8, 0x9c63},
    {0x56f9, 0x9c67},
    {0x56fa, 0x9c78},
    {0x56fb, 0x9c7b},
    {0x4961, 0x9ce5},
    {0x56fc, 0x9ce6},
    {0x4962, 0x9ce7},
    {0x4963, 0x9ce9},
    {0x4966, 0x9cf6},
    {0x56fd, 0x9d03},
    {0x4967, 0x9d09},
    {0x5701, 0x9d0c},
    {0x5702, 0x9d12},
    {0x5703, 0x9d15},
    {0x4968, 0x9d1b},
    {0x5706, 0x9d1f},
    {0x5707, 0x9d23},
    {0x5708, 0x9d25},
    {0x4969, 0x9d26},
    {0x496a, 0x9d28},
    {0x570b, 0x9d36},
    {0x496b, 0x9d3b},
    {0x570e, 0x9d44},
    {0x496c, 0x9d51},
    {0x496d, 0x9d5d},
    {0x5711, 0x9d5e},
    {0x5712, 0x9d66},
    {0x5713, 0x9d69},
    {0x4970, 0x9d6c},
    {0x4971, 0x9d72},
    {0x5716, 0x9d77},
    {0x5717, 0x9d7b},
    {0x5718, 0x9d7e},
    {0x5719, 0x9d84},
    {0x571c, 0x9d96},
    {0x571d, 0x9d9a},
    {0x571e, 0x9da1},
    {0x571f, 0x9da4},
    {0x4972, 0x9da9},
    {0x5720, 0x9dac},
    {0x4973, 0x9daf},
    {0x4974, 0x9db4},
    {0x5721, 0x9db5},
    {0x5724, 0x9dbb},
    {0x5725, 0x9dbf},
    {0x4975, 0x9dc4},
    {0x5728, 0x9dc7},
    {0x5729, 0x9dd3},
    {0x572a, 0x9dd6},
    {0x4976, 0x9dd7},
    {0x572b, 0x9dd9},
    {0x572c, 0x9de6},
    {0x4977, 0x9df2},
    {0x5732, 0x9df3},
    {0x5733, 0x9dfd},
    {0x5734, 0x9dff},
    {0x5735, 0x9e07},
    {0x5736, 0x9e0f},
    {0x5737, 0x9e15},
    {0x497b, 0x9e1a},
    {0x497c, 0x9e1e},
    {0x497d, 0x9e75},
    {0x573a, 0x9e77},
    {0x497e, 0x9e79},
    {0x497f, 0x9e7d},
    {0x4980, 0x9e7f},
    {0x573d, 0x9e80},
    {0x573e, 0x9e82},
    {0x573f, 0x9e84},
    {0x5742, 0x9e8f},
    {0x5743, 0x9e91},
    {0x4983, 0x9e97},
    {0x5744, 0x9e98},
    {0x4984, 0x9e9d},
    {0x5745, 0x9e9e},
    {0x4985, 0x9e9f},
    {0x5746, 0x9ea4},
    {0x4986, 0x9ea5},
    {0x5749, 0x9eaf},
    {0x4989, 0x9ebb},
    {0x574a, 0x9ebd},
    {0x498a, 0x9ebe},
    {0x574b, 0x9ebf},
    {0x498b, 0x9ec3},
    {0x574c, 0x9ec5},
    {0x574d, 0x9ecc},
    {0x498e, 0x9ed1},
    {0x498f, 0x9ed4},
    {0x5750, 0x9ed6},
    {0x4990, 0x9ed8},
    {0x5751, 0x9eda},
    {0x5752, 0x9edd},
    {0x4993, 0x9ede},
    {0x5753, 0x9ee0},
    {0x5754, 0x9ee5},
    {0x4994, 0x9ee8},
    {0x5757, 0x9ef2},
    {0x4995, 0x9ef4},
    {0x575f, 0x9eff},
    {0x5760, 0x9f00},
    {0x5761, 0x9f02},
    {0x5762, 0x9f04},
    {0x4998, 0x9f0e},
    {0x5765, 0x9f10},
    {0x4999, 0x9f13},
    {0x5766, 0x9f14},
    {0x5767, 0x9f17},
    {0x5768, 0x9f19},
    {0x499a, 0x9f20},
    {0x5769, 0x9f22},
    {0x576c, 0x9f2f},
    {0x576d, 0x9f34},
    {0x499b, 0x9f3b},
    {0x5770, 0x9f3e},
    {0x499e, 0x9f4e},
    {0x499f, 0x9f52},
    {0x5773, 0x9f57},
    {0x49a0, 0x9f5f},
    {0x5774, 0x9f60},
    {0x49a1, 0x9f61},
    {0x5775, 0x9f66},
    {0x49a2, 0x9f67},
    {0x5776, 0x9f69},
    {0x49a3, 0x9f6a},
    {0x5777, 0x9f6b},
    {0x49a4, 0x9f6c},
    {0x5778, 0x9f72},
    {0x5779, 0x9f76},
    {0x49a5, 0x9f77},
    {0x49a6, 0x9f8d},
    {0x577a, 0x9f8e},
    {0x49a7, 0x9f90},
    {0x577d, 0x9f94},
    {0x49a8, 0x9f95},
    {0x49a9, 0x9f9c},
    {0x577e, 0x9f9d},
    {0x577f, 0x9fa0},
    {0x5780, 0x9fa2},
    {0x5781, 0x9fa5},
    {0xdf, 0xac04},
    {0xbf5, 0xac0c},
    {0x1222, 0xac18},
    {0xf2, 0xac20},
    {0x1225, 0xac21},
    {0xbf6, 0xac22},
    {0x122d, 0xac2e},
    {0xbf7, 0xac32},
    {0x1230, 0xac37},
    {0xfc, 0xac3c},
    {0xbfa, 0xac3f},
    {0xfd, 0xac40},
    {0xbfb, 0xac41},
    {0x123a, 0xac4a},
    {0xfe, 0xac4b},
    {0xbff, 0xac4c},
    {0xff, 0xac4d},
    {0x100, 0xac54},
    {0x101, 0xac58},
    {0x102, 0xac5c},
    {0xc00, 0xac64},
    {0x103, 0xac65},
    {0x1258, 0xac72},
    {0xc01, 0xac73},
    {0x106, 0xac74},
    {0xc02, 0xac75},
    {0x1259, 0xac76},
    {0xc03, 0xac79},
    {0x109, 0xac7a},
    {0xc04, 0xac87},
    {0x125f, 0xac88},
    {0x116, 0xac90},
    {0xc05, 0xac93},
    {0x117, 0xac94},
    {0x126b, 0xac9e},
    {0xc06, 0xaca5},
    {0x126f, 0xaca6},
    {0xc07, 0xaca7},
    {0x1270, 0xacab},
    {0x120, 0xacac},
    {0xc08, 0xacb1},
    {0xc09, 0xacb4},
    {0x1277, 0xacba},
    {0xc0a, 0xacbe},
    {0x129, 0xacbf},
    {0x1278, 0xacc0},
    {0x12a, 0xacc1},
    {0xc0b, 0xacc2},
    {0x1279, 0xacc3},
    {0x12b, 0xacc4},
    {0xc0c, 0xacc5},
    {0x12c, 0xacc8},
    {0xc0d, 0xaccb},
    {0x12d, 0xaccc},
    {0xc0e, 0xacd4},
    {0x12e, 0xacd5},
    {0x1285, 0xacd6},
    {0xc0f, 0xacd9},
    {0x133, 0xace4},
    {0xc10, 0xace9},
    {0x136, 0xacea},
    {0xc11, 0xaceb},
    {0x137, 0xacec},
    {0x1290, 0xaced},
    {0xc12, 0xacee},
    {0x1291, 0xacf2},
    {0x13b, 0xacf3},
    {0x1292, 0xacf4},
    {0xc13, 0xacf7},
    {0x1293, 0xacf8},
    {0x13e, 0xacf9},
    {0x141, 0xad00},
    {0xc16, 0xad03},
    {0x142, 0xad04},
    {0x1298, 0xad05},
    {0x143, 0xad06},
    {0x129e, 0xad0e},
    {0x14a, 0xad18},
    {0xc17, 0xad19},
    {0x14b, 0xad1c},
    {0xc18, 0xad1f},
    {0x14c, 0xad20},
    {0x12a8, 0xad21},
    {0x14d, 0xad22},
    {0xc19, 0xad28},
    {0x14e, 0xad29},
    {0x12ae, 0xad2a},
    {0xc1a, 0xad2b},
    {0x153, 0xad38},
    {0xc1b, 0xad3b},
    {0x154, 0xad3c},
    {0x12b9, 0xad3d},
    {0xc1c, 0xad3e},
    {0x12bf, 0xad46},
    {0x157, 0xad47},
    {0xc1d, 0xad48},
    {0x158, 0xad49},
    {0x159, 0xad50},
    {0xc1e, 0xad51},
    {0x15a, 0xad54},
    {0xc1f, 0xad57},
    {0x15b, 0xad58},
    {0x12d1, 0xad62},
    {0x15e, 0xad63},
    {0x12d2, 0xad64},
    {0x15f, 0xad65},
    {0x162, 0xad70},
    {0x12dd, 0xad77},
    {0xc20, 0xad78},
    {0x12e0, 0xad7e},
    {0x16a, 0xad7f},
    {0x12e1, 0xad80},
    {0xc21, 0xad86},
    {0x12e4, 0xad87},
    {0x170, 0xad8c},
    {0xc22, 0xad8f},
    {0x171, 0xad90},
    {0x12f0, 0xad9a},
    {0xc25, 0xad9b},
    {0x174, 0xada4},
    {0xc26, 0xada5},
    {0xc27, 0xada8},
    {0x1302, 0xadb6},
    {0xc2c, 0xadb9},
    {0x179, 0xadc4},
    {0xc2d, 0xadc7},
    {0x17a, 0xadc8},
    {0x130d, 0xadc9},
    {0xc2e, 0xadca},
    {0x1313, 0xadd2},
    {0x17d, 0xadd3},
    {0xc2f, 0xadd4},
    {0x17e, 0xadd5},
    {0x17f, 0xaddc},
    {0xc30, 0xaddd},
    {0x180, 0xade0},
    {0x181, 0xade4},
    {0xc31, 0xade8},
    {0x1325, 0xadee},
    {0xc32, 0xadef},
    {0x1326, 0xadf0},
    {0xc33, 0xadf1},
    {0x186, 0xadfc},
    {0x132f, 0xadfd},
    {0xc34, 0xadfe},
    {0x187, 0xadff},
    {0x1332, 0xae0a},
    {0x18e, 0xae0b},
    {0x1333, 0xae0c},
    {0x18f, 0xae0d},
    {0xc37, 0xae0e},
    {0x190, 0xae0f},
    {0x1334, 0xae10},
    {0x191, 0xae11},
    {0xc38, 0xae12},
    {0xc39, 0xae15},
    {0x194, 0xae18},
    {0xc3a, 0xae1c},
    {0xc3b, 0xae20},
    {0x1340, 0xae26},
    {0xc3e, 0xae27},
    {0x1341, 0xae28},
    {0x195, 0xae29},
    {0x198, 0xae34},
    {0xc3f, 0xae39},
    {0x19b, 0xae3a},
    {0x134c, 0xae3b},
    {0xc40, 0xae3c},
    {0x1350, 0xae42},
    {0xc41, 0xae47},
    {0x1351, 0xae48},
    {0xc42, 0xae49},
    {0x1a2, 0xae4a},
    {0xc43, 0xae4b},
    {0x1352, 0xae4f},
    {0x1a6, 0xae50},
    {0xc44, 0xae53},
    {0x1a7, 0xae54},
    {0x1355, 0xae55},
    {0x1a8, 0xae56},
    {0x135b, 0xae5e},
    {0x135c, 0xae64},
    {0x1ae, 0xae65},
    {0xc47, 0xae6a},
    {0x135f, 0xae6b},
    {0x1b1, 0xae6c},
    {0xc48, 0xae73},
    {0xc49, 0xae76},
    {0x1366, 0xae77},
    {0x1367, 0xae7a},
    {0xc4a, 0xae81},
    {0x136d, 0xae87},
    {0xc4b, 0xae88},
    {0xc4c, 0xae8b},
    {0xc4d, 0xae97},
    {0x1379, 0xae98},
    {0xc4e, 0xae99},
    {0x1be, 0xaea0},
    {0x1bf, 0xaea4},
    {0xc4f, 0xaeb5},
    {0x1399, 0xaebf},
    {0x1c3, 0xaec0},
    {0x139a, 0xaec1},
    {0x1c4, 0xaec4},
    {0x13a2, 0xaece},
    {0xc52, 0xaed2},
    {0x1ca, 0xaed3},
    {0x13a3, 0xaed4},
    {0x1cb, 0xaed5},
    {0xc53, 0xaeda},
    {0x13a6, 0xaedb},
    {0x1ce, 0xaedc},
    {0x1cf, 0xaee8},
    {0xc56, 0xaee9},
    {0x13b0, 0xaeea},
    {0x1d0, 0xaeeb},
    {0xc57, 0xaeec},
    {0x1d1, 0xaeed},
    {0xc58, 0xaef1},
    {0x1d2, 0xaef4},
    {0xc59, 0xaef5},
    {0x1d3, 0xaef8},
    {0xc5a, 0xaefb},
    {0x1d4, 0xaefc},
    {0x13c1, 0xaf06},
    {0x1d8, 0xaf0d},
    {0x1d9, 0xaf10},
    {0xc5d, 0xaf17},
    {0xc5e, 0xaf25},
    {0x1dc, 0xaf30},
    {0xc5f, 0xaf31},
    {0x13e2, 0xaf35},
    {0xc60, 0xaf36},
    {0x13e3, 0xaf37},
    {0xc61, 0xaf38},
    {0xc62, 0xaf3b},
    {0x13e6, 0xaf3e},
    {0x1e2, 0xaf3f},
    {0x13e7, 0xaf40},
    {0x13e8, 0xaf44},
    {0x1e6, 0xaf45},
    {0x13e9, 0xaf46},
    {0xc63, 0xaf47},
    {0x1e9, 0xaf4c},
    {0xc64, 0xaf4f},
    {0x1ea, 0xaf50},
    {0x13f5, 0xaf5a},
    {0xc67, 0xaf5b},
    {0x1ef, 0xaf68},
    {0x1f2, 0xaf80},
    {0xc6c, 0xaf81},
    {0x1f3, 0xaf84},
    {0xc6d, 0xaf87},
    {0x1f4, 0xaf88},
    {0x141a, 0xaf92},
    {0x1f7, 0xaf95},
    {0x1f8, 0xaf9c},
    {0xc70, 0xafa0},
    {0xc75, 0xafb2},
    {0x1fb, 0xafbc},
    {0xc76, 0xafbf},
    {0x1fc, 0xafc0},
    {0xc77, 0xafc1},
    {0x143f, 0xafca},
    {0x200, 0xafcb},
    {0x1440, 0xafcc},
    {0x204, 0xafd4},
    {0xc78, 0xafd5},
    {0x205, 0xafd8},
    {0xc79, 0xafdb},
    {0x206, 0xafdc},
    {0x1450, 0xafe6},
    {0xc7c, 0xafe7},
    {0x20b, 0xaff4},
    {0xc7d, 0xaff7},
    {0x20c, 0xaff8},
    {0x1462, 0xb002},
    {0xc7e, 0xb003},
    {0x20f, 0xb004},
    {0xc7f, 0xb005},
    {0x210, 0xb00c},
    {0xc80, 0xb00d},
    {0x211, 0xb010},
    {0xc81, 0xb013},
    {0x212, 0xb014},
    {0x1474, 0xb01e},
    {0xc82, 0xb01f},
    {0x1475, 0xb020},
    {0xc83, 0xb021},
    {0x215, 0xb028},
    {0xc84, 0xb02c},
    {0x216, 0xb030},
    {0x217, 0xb03c},
    {0x21a, 0xb048},
    {0x1494, 0xb049},
    {0x21b, 0xb04a},
    {0xc87, 0xb04b},
    {0x21c, 0xb04c},
    {0xc88, 0xb04d},
    {0x21d, 0xb04e},
    {0x1499, 0xb056},
    {0x221, 0xb057},
    {0x149a, 0xb058},
    {0x222, 0xb059},
    {0x149b, 0xb05a},
    {0xc89, 0xb05b},
    {0x149c, 0xb05c},
    {0x223, 0xb05d},
    {0x149d, 0xb05e},
    {0xc8a, 0xb05f},
    {0x224, 0xb060},
    {0xc8b, 0xb061},
    {0x225, 0xb064},
    {0xc8e, 0xb06b},
    {0xc8f, 0xb073},
    {0x14ab, 0xb074},
    {0xc90, 0xb075},
    {0x228, 0xb080},
    {0xc91, 0xb083},
    {0x229, 0xb084},
    {0xc92, 0xb08b},
    {0x14bc, 0xb08e},
    {0xc93, 0xb095},
    {0xc94, 0xb09b},
    {0x232, 0xb09c},
    {0x14c4, 0xb0a3},
    {0xc95, 0xb0a4},
    {0xc96, 0xb0aa},
    {0xc97, 0xb0b0},
    {0x23e, 0xb0b1},
    {0xc98, 0xb0b2},
    {0x242, 0xb0b8},
    {0x14d3, 0xb0c6},
    {0xc99, 0xb0ce},
    {0x14d8, 0xb0cf},
    {0x24c, 0xb0d4},
    {0x14e4, 0xb0e2},
    {0x251, 0xb0e3},
    {0x14e5, 0xb0e4},
    {0x252, 0xb0e5},
    {0xc9a, 0xb0e6},
    {0xc9b, 0xb0e9},
    {0x253, 0xb0ec},
    {0x14fd, 0xb100},
    {0xc9c, 0xb101},
    {0xc9d, 0xb10a},
    {0xc9e, 0xb117},
    {0x1509, 0xb11a},
    {0xc9f, 0xb11e},
    {0x150a, 0xb11f},
    {0x266, 0xb128},
    {0x1516, 0xb136},
    {0x26e, 0xb13e},
    {0xca4, 0xb13f},
    {0x1519, 0xb142},
    {0xca5, 0xb143},
    {0x271, 0xb144},
    {0xca6, 0xb14b},
    {0x1522, 0xb152},
    {0xca7, 0xb153},
    {0x278, 0xb158},
    {0x279, 0xb15c},
    {0xcab, 0xb15d},
    {0x27a, 0xb160},
    {0x1530, 0xb16e},
    {0xcb0, 0xb16f},
    {0x1531, 0xb170},
    {0x27b, 0xb171},
    {0x27e, 0xb17c},
    {0x1538, 0xb17d},
    {0x153e, 0xb18a},
    {0x284, 0xb18b},
    {0x153f, 0xb18c},
    {0x285, 0xb18d},
    {0xcb5, 0xb18e},
    {0x1540, 0xb18f},
    {0xcb6, 0xb190},
    {0xcb7, 0xb195},
    {0x28a, 0xb198},
    {0xcb8, 0xb19b},
    {0x28b, 0xb19c},
    {0xcb9, 0xb1a4},
    {0x28c, 0xb1a5},
    {0x154c, 0xb1a6},
    {0xcba, 0xb1a7},
    {0x28d, 0xb1a8},
    {0xcbb, 0xb1a9},
    {0x28e, 0xb1b0},
    {0xcbc, 0xb1b4},
    {0xcbd, 0xb1b8},
    {0x28f, 0xb1c4},
    {0x292, 0xb1d0},
    {0xcbe, 0xb1d3},
    {0x293, 0xb1d4},
    {0x1576, 0xb1de},
    {0x296, 0xb1df},
    {0xcbf, 0xb1e0},
    {0x297, 0xb1e1},
    {0xcc0, 0xb1e6},
    {0x157b, 0xb1e7},
    {0x29a, 0xb1ec},
    {0xcc1, 0xb1ef},
    {0x29b, 0xb1f0},
    {0x1587, 0xb1fa},
    {0x29e, 0xb1fb},
    {0x1588, 0xb1fc},
    {0x29f, 0xb1fd},
    {0x2a2, 0xb208},
    {0xcc2, 0xb210},
    {0xcc3, 0xb213},
    {0x1597, 0xb216},
    {0x2a8, 0xb217},
    {0x1598, 0xb218},
    {0x2a9, 0xb219},
    {0x1599, 0xb21a},
    {0xcc4, 0xb21b},
    {0x159a, 0xb21c},
    {0x2aa, 0xb21d},
    {0xcc5, 0xb21e},
    {0x159b, 0xb21f},
    {0x2ab, 0xb220},
    {0xcc6, 0xb221},
    {0xcc7, 0xb224},
    {0x15a7, 0xb232},
    {0xccc, 0xb233},
    {0x2ac, 0xb234},
    {0xccd, 0xb235},
    {0x2ad, 0xb23c},
    {0xcce, 0xb23d},
    {0xccf, 0xb240},
    {0x15b9, 0xb24e},
    {0x2ae, 0xb258},
    {0xcd7, 0xb259},
    {0x2af, 0xb25c},
    {0xcd8, 0xb25f},
    {0x2b0, 0xb260},
    {0x15cb, 0xb26a},
    {0xcd9, 0xb26b},
    {0x15cc, 0xb26c},
    {0xcda, 0xb26d},
    {0x15cd, 0xb26e},
    {0xcdb, 0xb26f},
    {0xcdc, 0xb278},
    {0x15dd, 0xb286},
    {0xcdd, 0xb287},
    {0x15de, 0xb288},
    {0x2b9, 0xb289},
    {0x2bc, 0xb294},
    {0x15e7, 0xb29b},
    {0xce0, 0xb29c},
    {0x15eb, 0xb2a2},
    {0x2c3, 0xb2a3},
    {0x15ec, 0xb2a4},
    {0xce1, 0xb2ad},
    {0x2ca, 0xb2b0},
    {0xce2, 0xb2b3},
    {0x2cb, 0xb2b4},
    {0x2cc, 0xb2bc},
    {0xce3, 0xb2bd},
    {0x15fa, 0xb2be},
    {0x2cd, 0xb2bf},
    {0xce4, 0xb2c0},
    {0x2ce, 0xb2c1},
    {0x2d1, 0xb2cc},
    {0xce5, 0xb2d1},
    {0x2d4, 0xb2d2},
    {0x1608, 0xb2da},
    {0x2d7, 0xb2db},
    {0x1609, 0xb2dc},
    {0x160a, 0xb2df},
    {0x2da, 0xb2e0},
    {0x160b, 0xb2e1},
    {0x2db, 0xb2e2},
    {0xce8, 0xb2e3},
    {0x160c, 0xb2e7},
    {0x2df, 0xb2e8},
    {0xce9, 0xb2f0},
    {0x160f, 0xb2f1},
    {0xcea, 0xb2f2},
    {0xceb, 0xb2f6},
    {0xcec, 0xb2fc},
    {0x2ed, 0xb2fd},
    {0xced, 0xb2fe},
    {0x2ee, 0xb2ff},
    {0x2f1, 0xb304},
    {0xcee, 0xb307},
    {0x2f2, 0xb308},
    {0x161b, 0xb312},
    {0xcef, 0xb319},
    {0x2f9, 0xb31c},
    {0xcf0, 0xb31d},
    {0x2fa, 0xb320},
    {0xcf1, 0xb324},
    {0xcf2, 0xb327},
    {0x162b, 0xb32e},
    {0xcf5, 0xb32f},
    {0x162c, 0xb330},
    {0x2fb, 0xb331},
    {0xcf6, 0xb338},
    {0xcf7, 0xb33c},
    {0xcf8, 0xb34d},
    {0x164c, 0xb357},
    {0x2ff, 0xb358},
    {0xcf9, 0xb359},
    {0x164d, 0xb35a},
    {0x164e, 0xb35d},
    {0xcfa, 0xb366},
    {0x306, 0xb367},
    {0xcfb, 0xb368},
    {0x307, 0xb369},
    {0xcfc, 0xb36a},
    {0x308, 0xb36b},
    {0x1653, 0xb36c},
    {0xcfd, 0xb36d},
    {0x30d, 0xb374},
    {0xcfe, 0xb377},
    {0x30e, 0xb378},
    {0x165f, 0xb382},
    {0xcff, 0xb386},
    {0xd00, 0xb38a},
    {0x1663, 0xb38b},
    {0x314, 0xb38c},
    {0xd01, 0xb38d},
    {0x1664, 0xb38e},
    {0xd02, 0xb38f},
    {0x315, 0xb390},
    {0xd03, 0xb393},
    {0x316, 0xb394},
    {0xd04, 0xb398},
    {0x166d, 0xb39e},
    {0xd07, 0xb39f},
    {0x319, 0xb3a8},
    {0xd08, 0xb3a9},
    {0x31a, 0xb3ac},
    {0xd09, 0xb3b0},
    {0x1680, 0xb3ba},
    {0xd0c, 0xb3bb},
    {0x1681, 0xb3bc},
    {0xd0d, 0xb3bd},
    {0x31d, 0xb3c8},
    {0x168a, 0xb3cd},
    {0x320, 0xb3ce},
    {0xd10, 0xb3cf},
    {0x321, 0xb3d0},
    {0xd11, 0xb3d3},
    {0x168d, 0xb3d6},
    {0x324, 0xb3d7},
    {0x168e, 0xb3d8},
    {0x325, 0xb3d9},
    {0xd12, 0xb3da},
    {0x326, 0xb3db},
    {0xd13, 0xb3dc},
    {0x327, 0xb3dd},
    {0x328, 0xb3e0},
    {0xd16, 0xb3e1},
    {0x329, 0xb3e4},
    {0x32a, 0xb3e8},
    {0x169b, 0xb3f2},
    {0x32b, 0xb3fc},
    {0xd1c, 0xb400},
    {0x16ae, 0xb40e},
    {0x32e, 0xb418},
    {0xd21, 0xb419},
    {0x32f, 0xb41c},
    {0xd22, 0xb41f},
    {0x330, 0xb420},
    {0xd23, 0xb424},
    {0x16c0, 0xb42a},
    {0x336, 0xb434},
    {0xd24, 0xb435},
    {0xd25, 0xb438},
    {0x16d2, 0xb446},
    {0xd2a, 0xb447},
    {0x16d3, 0xb448},
    {0xd2b, 0xb449},
    {0xd2c, 0xb44f},
    {0x339, 0xb454},
    {0xd2d, 0xb459},
    {0x33c, 0xb45a},
    {0xd2e, 0xb45b},
    {0x16e1, 0xb462},
    {0x33f, 0xb463},
    {0x16e2, 0xb464},
    {0x340, 0xb465},
    {0xd2f, 0xb46a},
    {0x16e7, 0xb46b},
    {0x341, 0xb46c},
    {0xd30, 0xb46d},
    {0xd31, 0xb470},
    {0x16f3, 0xb47e},
    {0xd36, 0xb47f},
    {0x342, 0xb480},
    {0xd37, 0xb481},
    {0x343, 0xb488},
    {0xd38, 0xb489},
    {0xd39, 0xb48c},
    {0xd3c, 0xb498},
    {0x344, 0xb499},
    {0x1705, 0xb49a},
    {0x345, 0xb49d},
    {0x346, 0xb4a4},
    {0xd3f, 0xb4a5},
    {0x347, 0xb4a8},
    {0xd40, 0xb4ab},
    {0x348, 0xb4ac},
    {0xd41, 0xb4b4},
    {0x349, 0xb4b5},
    {0x1717, 0xb4b6},
    {0x34d, 0xb4c0},
    {0xd42, 0xb4c1},
    {0x34e, 0xb4c4},
    {0x34f, 0xb4c8},
    {0x350, 0xb4d0},
    {0xd43, 0xb4d1},
    {0x172a, 0xb4d2},
    {0xd44, 0xb4d3},
    {0x172b, 0xb4d4},
    {0x351, 0xb4d5},
    {0x354, 0xb4e0},
    {0xd45, 0xb4e8},
    {0x1739, 0xb4ee},
    {0x35c, 0xb4ef},
    {0x173a, 0xb4f0},
    {0x35d, 0xb4f1},
    {0x35e, 0xb4f8},
    {0xd46, 0xb4f9},
    {0x35f, 0xb4fc},
    {0xd47, 0xb4ff},
    {0x360, 0xb500},
    {0x174c, 0xb50a},
    {0xd4a, 0xb50b},
    {0x174d, 0xb50c},
    {0xd4b, 0xb50d},
    {0x363, 0xb518},
    {0x175f, 0xb526},
    {0x1760, 0xb52c},
    {0xd4c, 0xb52d},
    {0x36d, 0xb52e},
    {0xd4d, 0xb52f},
    {0x1761, 0xb533},
    {0x371, 0xb534},
    {0xd51, 0xb53f},
    {0x1767, 0xb542},
    {0xd52, 0xb54e},
    {0x176d, 0xb54f},
    {0x37c, 0xb550},
    {0xd53, 0xb553},
    {0x37d, 0xb554},
    {0x1777, 0xb55e},
    {0xd57, 0xb56c},
    {0xd58, 0xb570},
    {0xd59, 0xb57d},
    {0x383, 0xb584},
    {0x384, 0xb588},
    {0x385, 0xb594},
    {0x386, 0xb599},
    {0x389, 0xb5a4},
    {0xd5a, 0xb5a7},
    {0x38a, 0xb5a8},
    {0x17b0, 0xb5a9},
    {0xd5b, 0xb5af},
    {0x17b4, 0xb5b2},
    {0x395, 0xb5c0},
    {0xd5c, 0xb5c3},
    {0x396, 0xb5c4},
    {0x17c5, 0xb5ce},
    {0x39c, 0xb5d8},
    {0xd5d, 0xb5d9},
    {0xd5e, 0xb5dc},
    {0xd5f, 0xb5df},
    {0x17d8, 0xb5ea},
    {0xd62, 0xb5eb},
    {0x39d, 0xb5ec},
    {0xd63, 0xb5ed},
    {0xd64, 0xb5f4},
    {0xd65, 0xb5f8},
    {0xd66, 0xb605},
    {0xd67, 0xb609},
    {0xd68, 0xb612},
    {0x17f7, 0xb613},
    {0x3a0, 0xb614},
    {0xd69, 0xb617},
    {0x3a1, 0xb618},
    {0xd6c, 0xb61f},
    {0x17fe, 0xb622},
    {0x3a4, 0xb623},
    {0x17ff, 0xb624},
    {0x3a5, 0xb625},
    {0x3a8, 0xb630},
    {0x3a9, 0xb634},
    {0xd6d, 0xb641},
    {0xd6e, 0xb649},
    {0xd6f, 0xb64c},
    {0x1827, 0xb65a},
    {0xd74, 0xb65b},
    {0x3ac, 0xb65c},
    {0x3ad, 0xb664},
    {0xd75, 0xb665},
    {0x3ae, 0xb668},
    {0x183a, 0xb676},
    {0x3b1, 0xb6a0},
    {0xd7f, 0xb6a3},
    {0x3b2, 0xb6a4},
    {0x185f, 0xb6a5},
    {0xd80, 0xb6a6},
    {0x3b3, 0xb6a7},
    {0xd81, 0xb6ad},
    {0x1863, 0xb6ae},
    {0x3b6, 0xb6af},
    {0x1864, 0xb6b0},
    {0x3b7, 0xb6b1},
    {0xd82, 0xb6b5},
    {0x3b8, 0xb6b8},
    {0xd83, 0xb6bc},
    {0xd84, 0xb6bf},
    {0x3b9, 0xb6d4},
    {0xd87, 0xb6d8},
    {0x3ba, 0xb6f0},
    {0x3bb, 0xb6f4},
    {0xd8e, 0xb6f7},
    {0x3bc, 0xb6f8},
    {0x18a1, 0xb702},
    {0xd8f, 0xb703},
    {0x3c1, 0xb70c},
    {0xd90, 0xb70d},
    {0xd91, 0xb714},
    {0xd92, 0xb71c},
    {0xd93, 0xb721},
    {0x3c4, 0xb72c},
    {0x18c3, 0xb731},
    {0xd94, 0xb732},
    {0x3c7, 0xb733},
    {0xd95, 0xb737},
    {0x18c7, 0xb73a},
    {0x3ca, 0xb73b},
    {0x18c8, 0xb73c},
    {0xd96, 0xb745},
    {0x3cf, 0xb748},
    {0x3d0, 0xb74c},
    {0xd97, 0xb759},
    {0x3d5, 0xb764},
    {0xd98, 0xb767},
    {0x3d6, 0xb768},
    {0x18ed, 0xb772},
    {0x3d9, 0xb773},
    {0x18ee, 0xb774},
    {0x3da, 0xb775},
    {0xd99, 0xb77b},
    {0x3dd, 0xb780},
    {0xd9a, 0xb788},
    {0x18fe, 0xb78e},
    {0x3ea, 0xb79c},
    {0x190a, 0xb7aa},
    {0x3f2, 0xb7b0},
    {0xd9e, 0xb7b1},
    {0x3f3, 0xb7b2},
    {0x190d, 0xb7b3},
    {0x3f6, 0xb7b8},
    {0xda1, 0xb7c4},
    {0x3f7, 0xb7c5},
    {0x1919, 0xb7c6},
    {0x3f8, 0xb7c7},
    {0x191a, 0xb7c8},
    {0x3f9, 0xb7c9},
    {0x3fa, 0xb7d0},
    {0x3fb, 0xb7d4},
    {0xda2, 0xb7e3},
    {0x3fe, 0xb7f0},
    {0x193c, 0xb7f1},
    {0xda3, 0xb7fe},
    {0x404, 0xb7ff},
    {0xda4, 0xb802},
    {0x1944, 0xb803},
    {0xda5, 0xb804},
    {0x1945, 0xb805},
    {0xda6, 0xb806},
    {0x40a, 0xb80c},
    {0xda7, 0xb80f},
    {0x40b, 0xb810},
    {0x1951, 0xb81a},
    {0x413, 0xb828},
    {0xdab, 0xb830},
    {0x195f, 0xb836},
    {0xdac, 0xb83c},
    {0x1962, 0xb83d},
    {0xdad, 0xb83e},
    {0x1963, 0xb83f},
    {0x41b, 0xb840},
    {0xdae, 0xb841},
    {0x41c, 0xb844},
    {0xdb1, 0xb850},
    {0x41d, 0xb851},
    {0x196f, 0xb852},
    {0x41e, 0xb853},
    {0x1970, 0xb854},
    {0xdb2, 0xb855},
    {0x421, 0xb860},
    {0xdb3, 0xb868},
    {0xdb4, 0xb86b},
    {0x1980, 0xb86e},
    {0x426, 0xb86f},
    {0x1981, 0xb870},
    {0x427, 0xb871},
    {0xdb5, 0xb874},
    {0x1984, 0xb875},
    {0x42a, 0xb87c},
    {0xdb8, 0xb880},
    {0x1991, 0xb88a},
    {0x42b, 0xb88d},
    {0x42c, 0xb894},
    {0xdbd, 0xb898},
    {0xdc0, 0xb8a7},
    {0x42d, 0xb8a8},
    {0x42e, 0xb8b0},
    {0xdc1, 0xb8b1},
    {0x42f, 0xb8b4},
    {0xdc2, 0xb8b5},
    {0x19b0, 0xb8b6},
    {0xdc3, 0xb8b7},
    {0x430, 0xb8b8},
    {0x19b8, 0xb8c2},
    {0x433, 0xb8c3},
    {0xdc4, 0xb8c4},
    {0x434, 0xb8c5},
    {0x435, 0xb8cc},
    {0xdc5, 0xb8cd},
    {0x436, 0xb8d0},
    {0xdc6, 0xb8d3},
    {0x437, 0xb8d4},
    {0xdc7, 0xb8dc},
    {0x438, 0xb8dd},
    {0x19ca, 0xb8de},
    {0x439, 0xb8df},
    {0x19cb, 0xb8e0},
    {0x43a, 0xb8e1},
    {0x43d, 0xb8ec},
    {0xdc8, 0xb8ef},
    {0x43e, 0xb8f0},
    {0xdc9, 0xb8f3},
    {0x19dc, 0xb8fa},
    {0x441, 0xb8fb},
    {0x19dd, 0xb8fc},
    {0x442, 0xb8fd},
    {0xdca, 0xb900},
    {0x19e0, 0xb901},
    {0xdcb, 0xb902},
    {0x19e1, 0xb903},
    {0x443, 0xb904},
    {0xdcc, 0xb905},
    {0x444, 0xb908},
    {0x19ed, 0xb916},
    {0xdd1, 0xb917},
    {0x445, 0xb918},
    {0xdd2, 0xb919},
    {0x446, 0xb920},
    {0xdd3, 0xb921},
    {0x447, 0xb924},
    {0xdd4, 0xb928},
    {0x1a00, 0xb932},
    {0x44a, 0xb940},
    {0xdda, 0xb943},
    {0x44b, 0xb944},
    {0x44c, 0xb94c},
    {0xddb, 0xb94d},
    {0x1a12, 0xb94e},
    {0x44d, 0xb94f},
    {0xddc, 0xb950},
    {0x44e, 0xb951},
    {0x451, 0xb95c},
    {0xddd, 0xb95f},
    {0x452, 0xb960},
    {0x1a24, 0xb96a},
    {0x455, 0xb96b},
    {0x1a25, 0xb96c},
    {0x456, 0xb96d},
    {0x459, 0xb978},
    {0xdde, 0xb97b},
    {0x45a, 0xb97c},
    {0xddf, 0xb97d},
    {0xde0, 0xb980},
    {0x1a35, 0xb986},
    {0x45d, 0xb987},
    {0x1a36, 0xb988},
    {0xde1, 0xb98b},
    {0x1a37, 0xb98c},
    {0xde2, 0xb991},
    {0x464, 0xb994},
    {0xde3, 0xb998},
    {0xde4, 0xb99e},
    {0x1a42, 0xb99f},
    {0x1a43, 0xb9a2},
    {0xde7, 0xb9a3},
    {0x1a44, 0xb9a4},
    {0xde8, 0xb9a5},
    {0x467, 0xb9b0},
    {0xde9, 0xb9b3},
    {0x468, 0xb9b4},
    {0xdea, 0xb9be},
    {0xdeb, 0xb9c4},
    {0x1a58, 0xb9c5},
    {0x46e, 0xb9c6},
    {0x1a59, 0xb9c7},
    {0xdec, 0xb9ca},
    {0x1a5a, 0xb9cb},
    {0x471, 0xb9cc},
    {0x1a5b, 0xb9cd},
    {0x1a5c, 0xb9d3},
    {0x477, 0xb9d4},
    {0x1a60, 0xb9da},
    {0xded, 0xb9e0},
    {0x1a61, 0xb9e6},
    {0xdee, 0xb9e7},
    {0x484, 0xb9e8},
    {0xdef, 0xb9ed},
    {0x1a6a, 0xb9f6},
    {0x1a6b, 0xb9fc},
    {0x48e, 0xb9fd},
    {0xdf0, 0xb9fe},
    {0x1a6c, 0xb9ff},
    {0x491, 0xba04},
    {0x492, 0xba08},
    {0x493, 0xba10},
    {0xdf1, 0xba11},
    {0x1a79, 0xba12},
    {0xdf2, 0xba13},
    {0x1a7a, 0xba14},
    {0x494, 0xba15},
    {0xdf3, 0xba18},
    {0xdf4, 0xba1c},
    {0x1a9b, 0xba3a},
    {0xdf5, 0xba3b},
    {0x497, 0xba3c},
    {0xdf6, 0xba3f},
    {0x498, 0xba40},
    {0xdf7, 0xba41},
    {0x499, 0xba42},
    {0x1aa3, 0xba4a},
    {0xdf8, 0xba4f},
    {0x4a3, 0xba58},
    {0xdf9, 0xba60},
    {0x1ab1, 0xba66},
    {0xdfa, 0xba6a},
    {0x4ab, 0xba6b},
    {0x1ab2, 0xba6c},
    {0xdfb, 0xba6d},
    {0x4ae, 0xba74},
    {0x1ab9, 0xba79},
    {0xdfc, 0xba7a},
    {0x1abf, 0xba82},
    {0x1ac0, 0xba86},
    {0x4b4, 0xba87},
    {0x1ac1, 0xba88},
    {0xdff, 0xba89},
    {0x4b5, 0xba8c},
    {0xe00, 0xba8d},
    {0x4b6, 0xba90},
    {0x1acf, 0xba9e},
    {0xe05, 0xba9f},
    {0x1ad0, 0xbaa0},
    {0xe06, 0xbaa1},
    {0x1ad1, 0xbaa2},
    {0xe07, 0xbaa3},
    {0x1ad2, 0xbaa4},
    {0x1ad3, 0xbaa7},
    {0x1ad4, 0xbaaa},
    {0x1ad7, 0xbab3},
    {0xe0a, 0xbab4},
    {0x1adb, 0xbaba},
    {0x4c1, 0xbabb},
    {0x1adc, 0xbabc},
    {0x4c2, 0xbabd},
    {0x1add, 0xbabe},
    {0xe0b, 0xbabf},
    {0xe0c, 0xbac3},
    {0x4c3, 0xbac4},
    {0xe0d, 0xbac5},
    {0x4c4, 0xbac8},
    {0x1aec, 0xbad6},
    {0xe12, 0xbad7},
    {0x4c7, 0xbae0},
    {0xe13, 0xbae4},
    {0xe14, 0xbae8},
    {0xe15, 0xbaf1},
    {0x4c8, 0xbaf4},
    {0x4c9, 0xbafc},
    {0xe16, 0xbafd},
    {0x4ca, 0xbb00},
    {0xe17, 0xbb03},
    {0x4cb, 0xbb04},
    {0x1b15, 0xbb0e},
    {0x4ce, 0xbb0f},
    {0x1b16, 0xbb10},
    {0x4cf, 0xbb11},
    {0x4d0, 0xbb18},
    {0xe18, 0xbb19},
    {0x4d1, 0xbb1c},
    {0xe19, 0xbb1f},
    {0x4d2, 0xbb20},
    {0xe1a, 0xbb28},
    {0x4d3, 0xbb29},
    {0x1b28, 0xbb2a},
    {0x4d4, 0xbb2b},
    {0x1b29, 0xbb2c},
    {0xe1b, 0xbb2d},
    {0x1b30, 0xbb37},
    {0x4d8, 0xbb38},
    {0x1b31, 0xbb39},
    {0xe1c, 0xbb3a},
    {0x1b32, 0xbb3f},
    {0xe1d, 0xbb40},
    {0x1b36, 0xbb46},
    {0x4df, 0xbb47},
    {0x1b37, 0xbb48},
    {0x4e0, 0xbb49},
    {0x1b38, 0xbb4a},
    {0xe1e, 0xbb4b},
    {0x1b39, 0xbb4c},
    {0x4e1, 0xbb4d},
    {0x1b3a, 0xbb4e},
    {0xe1f, 0xbb51},
    {0x4e4, 0xbb54},
    {0xe20, 0xbb57},
    {0x4e5, 0xbb58},
    {0xe21, 0xbb60},
    {0x4e6, 0xbb61},
    {0x1b46, 0xbb62},
    {0x4ea, 0xbb6c},
    {0xe22, 0xbb6d},
    {0xe23, 0xbb70},
    {0xe24, 0xbb74},
    {0x1b59, 0xbb7e},
    {0x4eb, 0xbb88},
    {0xe2a, 0xbb89},
    {0x4ec, 0xbb8a},
    {0x1b60, 0xbb8b},
    {0x4ed, 0xbb8c},
    {0x4ee, 0xbb90},
    {0xe2b, 0xbb98},
    {0x4ef, 0xbb99},
    {0x1b6b, 0xbb9a},
    {0x4f0, 0xbb9b},
    {0x4f1, 0xbba4},
    {0xe2e, 0xbba5},
    {0x4f2, 0xbba8},
    {0xe2f, 0xbbab},
    {0x4f3, 0xbbac},
    {0x4f4, 0xbbb4},
    {0xe30, 0xbbb5},
    {0x1b7d, 0xbbb6},
    {0x4f5, 0xbbb7},
    {0x1b7e, 0xbbb8},
    {0x4f6, 0xbbb9},
    {0x1b85, 0xbbc2},
    {0xe31, 0xbbc3},
    {0x4f9, 0xbbc4},
    {0xe32, 0xbbc7},
    {0x4fa, 0xbbc8},
    {0xe33, 0xbbc9},
    {0xe34, 0xbbcc},
    {0xe35, 0xbbcf},
    {0x1b8c, 0xbbd2},
    {0x4fd, 0xbbd3},
    {0x1b8d, 0xbbd4},
    {0x4fe, 0xbbd5},
    {0xe36, 0xbbd9},
    {0x4ff, 0xbbdc},
    {0xe37, 0xbbdd},
    {0x500, 0xbbe0},
    {0xe38, 0xbbe4},
    {0xe39, 0xbbec},
    {0x501, 0xbbed},
    {0x1b9f, 0xbbee},
    {0xe3a, 0xbbef},
    {0x1ba0, 0xbbf0},
    {0x502, 0xbbf1},
    {0xe3b, 0xbbf2},
    {0x505, 0xbbfc},
    {0x506, 0xbbff},
    {0x507, 0xbc00},
    {0xe3c, 0xbc01},
    {0x508, 0xbc02},
    {0x1baa, 0xbc03},
    {0xe3d, 0xbc04},
    {0x1bae, 0xbc0a},
    {0xe3e, 0xbc0e},
    {0x50e, 0xbc0f},
    {0xe3f, 0xbc10},
    {0x50f, 0xbc11},
    {0xe40, 0xbc20},
    {0x1bb5, 0xbc26},
    {0x1bb6, 0xbc2a},
    {0x520, 0xbc2b},
    {0xe41, 0xbc2c},
    {0x521, 0xbc2d},
    {0x1bb7, 0xbc2e},
    {0xe42, 0xbc2f},
    {0x1bb8, 0xbc33},
    {0x525, 0xbc34},
    {0x1bc2, 0xbc42},
    {0xe43, 0xbc46},
    {0x52d, 0xbc49},
    {0x530, 0xbc50},
    {0xe44, 0xbc54},
    {0x1bd3, 0xbc5e},
    {0x533, 0xbc5f},
    {0x1bd4, 0xbc60},
    {0x534, 0xbc61},
    {0xe47, 0xbc70},
    {0xe48, 0xbc77},
    {0xe49, 0xbc7d},
    {0xe4a, 0xbc86},
    {0x1bf2, 0xbc87},
    {0x537, 0xbc88},
    {0xe4b, 0xbc8d},
    {0x53a, 0xbc8e},
    {0x1bf5, 0xbc8f},
    {0xe4c, 0xbc90},
    {0x1bf9, 0xbc96},
    {0x1bfa, 0xbc9b},
    {0xe4d, 0xbc9c},
    {0x541, 0xbc9d},
    {0x1bfb, 0xbc9e},
    {0xe4e, 0xbca2},
    {0x1bfc, 0xbca3},
    {0x545, 0xbca4},
    {0x1c06, 0xbcb2},
    {0x54f, 0xbcc0},
    {0xe51, 0xbcc3},
    {0x550, 0xbcc4},
    {0xe52, 0xbcc8},
    {0x1c15, 0xbcce},
    {0xe53, 0xbcd2},
    {0x556, 0xbcd3},
    {0xe54, 0xbcd4},
    {0x557, 0xbcd5},
    {0x558, 0xbcd8},
    {0xe55, 0xbcd9},
    {0x559, 0xbcdc},
    {0xe56, 0xbce0},
    {0x1c24, 0xbcea},
    {0xe59, 0xbceb},
    {0x1c25, 0xbcec},
    {0xe5a, 0xbced},
    {0xe5b, 0xbcf7},
    {0x55d, 0xbcf8},
    {0x1c32, 0xbd06},
    {0x565, 0xbd07},
    {0x1c33, 0xbd08},
    {0x566, 0xbd09},
    {0x1c34, 0xbd0c},
    {0xe5e, 0xbd0d},
    {0x1c35, 0xbd0e},
    {0xe5f, 0xbd0f},
    {0x567, 0xbd10},
    {0xe60, 0xbd11},
    {0x568, 0xbd14},
    {0x1c41, 0xbd22},
    {0x56c, 0xbd2c},
    {0xe65, 0xbd30},
    {0x56d, 0xbd40},
    {0xe68, 0xbd4a},
    {0x1c5f, 0xbd4b},
    {0x570, 0xbd4c},
    {0xe69, 0xbd4f},
    {0x571, 0xbd50},
    {0x1c69, 0xbd5a},
    {0xe6a, 0xbd5b},
    {0x574, 0xbd5c},
    {0xe6b, 0xbd5d},
    {0x575, 0xbd64},
    {0xe6c, 0xbd65},
    {0x576, 0xbd68},
    {0xe6d, 0xbd6c},
    {0x577, 0xbd74},
    {0xe6e, 0xbd75},
    {0x1c7c, 0xbd76},
    {0xe6f, 0xbd77},
    {0x1c7d, 0xbd78},
    {0xe70, 0xbd79},
    {0xe71, 0xbd82},
    {0x1c84, 0xbd83},
    {0x57a, 0xbd84},
    {0xe72, 0xbd8b},
    {0xe73, 0xbd8e},
    {0x1c89, 0xbd8f},
    {0x1c8a, 0xbd92},
    {0xe77, 0xbd9b},
    {0x588, 0xbda0},
    {0xe78, 0xbda3},
    {0x589, 0xbda4},
    {0xe79, 0xbdac},
    {0x58a, 0xbdad},
    {0x1c96, 0xbdae},
    {0xe7a, 0xbdaf},
    {0x58b, 0xbdb0},
    {0xe7b, 0xbdb1},
    {0x58c, 0xbdb4},
    {0x58d, 0xbdb8},
    {0xe7c, 0xbdb9},
    {0xe7d, 0xbdbc},
    {0x58e, 0xbdc1},
    {0x1ca6, 0xbdca},
    {0x591, 0xbdd8},
    {0xe85, 0xbddb},
    {0x592, 0xbddc},
    {0xe86, 0xbde4},
    {0x593, 0xbde5},
    {0x1cb8, 0xbde6},
    {0xe87, 0xbde7},
    {0x1cb9, 0xbde8},
    {0x594, 0xbde9},
    {0x595, 0xbdf0},
    {0xe88, 0xbdf1},
    {0x596, 0xbdf4},
    {0xe89, 0xbdf7},
    {0x597, 0xbdf8},
    {0x1ccb, 0xbe02},
    {0x59a, 0xbe03},
    {0x1ccc, 0xbe04},
    {0x59b, 0xbe05},
    {0x59e, 0xbe10},
    {0xe8a, 0xbe13},
    {0x1cd7, 0xbe16},
    {0xe8d, 0xbe1b},
    {0x1cda, 0xbe1e},
    {0x5a3, 0xbe1f},
    {0x1cdb, 0xbe20},
    {0x5a4, 0xbe21},
    {0x1cdc, 0xbe22},
    {0xe8e, 0xbe23},
    {0x1cdd, 0xbe24},
    {0xe8f, 0xbe25},
    {0x1cde, 0xbe26},
    {0xe90, 0xbe27},
    {0xe91, 0xbe2c},
    {0x5a7, 0xbe30},
    {0x1ceb, 0xbe3a},
    {0xe94, 0xbe3b},
    {0x1cec, 0xbe3c},
    {0x5a8, 0xbe3d},
    {0x5ab, 0xbe48},
    {0x1cf7, 0xbe4d},
    {0x5ae, 0xbe4e},
    {0x1cfd, 0xbe56},
    {0x1cfe, 0xbe5e},
    {0xe97, 0xbe5f},
    {0xe98, 0xbe62},
    {0x1cff, 0xbe63},
    {0x5b8, 0xbe64},
    {0x1d07, 0xbe72},
    {0xe99, 0xbe76},
    {0xe9a, 0xbe79},
    {0x1d0a, 0xbe7a},
    {0x1d0b, 0xbe7f},
    {0x5c6, 0xbe80},
    {0xe9b, 0xbe83},
    {0x5c7, 0xbe84},
    {0x1d15, 0xbe8e},
    {0x5cf, 0xbe9c},
    {0x5d0, 0xbea8},
    {0xe9c, 0xbeb4},
    {0xe9d, 0xbeb8},
    {0x5d3, 0xbed4},
    {0x5d7, 0xbee0},
    {0xe9e, 0xbee1},
    {0x1d58, 0xbee2},
    {0xe9f, 0xbee6},
    {0x5db, 0xbeec},
    {0xea0, 0xbeed},
    {0x5dc, 0xbef0},
    {0x1d69, 0xbefe},
    {0xea5, 0xbeff},
    {0x1d6a, 0xbf00},
    {0x5dd, 0xbf01},
    {0x5e0, 0xbf0c},
    {0x1d7c, 0xbf1a},
    {0x1d7d, 0xbf1e},
    {0xea8, 0xbf1f},
    {0x1d7e, 0xbf20},
    {0xea9, 0xbf21},
    {0xeaa, 0xbf24},
    {0x5e8, 0xbf44},
    {0xeae, 0xbf47},
    {0x5e9, 0xbf48},
    {0x1da4, 0xbf52},
    {0x5ec, 0xbf53},
    {0x1da5, 0xbf54},
    {0x5ed, 0xbf55},
    {0xeaf, 0xbf59},
    {0x1da9, 0xbf5a},
    {0xeb2, 0xbf60},
    {0xeb3, 0xbf63},
    {0xeb4, 0xbf78},
    {0xeb5, 0xbf7f},
    {0x5ee, 0xbf94},
    {0xeb8, 0xbfac},
    {0x5f1, 0xbfc5},
    {0x5f4, 0xbfd0},
    {0xebb, 0xbfd3},
    {0x1e16, 0xbfde},
    {0x5f9, 0xbfdf},
    {0x1e17, 0xbfe0},
    {0x5fa, 0xbfe1},
    {0xebc, 0xbfe5},
    {0xebd, 0xbfe8},
    {0xebe, 0xbfef},
    {0xebf, 0xc004},
    {0x5fb, 0xc020},
    {0xec0, 0xc021},
    {0x5fc, 0xc03c},
    {0x5fd, 0xc051},
    {0x5fe, 0xc058},
    {0xec3, 0xc059},
    {0x5ff, 0xc05c},
    {0xec4, 0xc05f},
    {0x600, 0xc060},
    {0x1e8f, 0xc06a},
    {0xec5, 0xc06b},
    {0x1e90, 0xc06c},
    {0x603, 0xc06d},
    {0xec6, 0xc074},
    {0x606, 0xc094},
    {0xec7, 0xc097},
    {0x607, 0xc098},
    {0x1ebd, 0xc0a2},
    {0x60a, 0xc0a3},
    {0xec8, 0xc0a4},
    {0x60b, 0xc0a5},
    {0xecb, 0xc0ab},
    {0xecc, 0xc0ae},
    {0x1ec3, 0xc0b9},
    {0x1ec4, 0xc0be},
    {0xed4, 0xc0c7},
    {0x1ec5, 0xc0ca},
    {0xed5, 0xc0cb},
    {0x61d, 0xc0cc},
    {0x1ecf, 0xc0da},
    {0xed6, 0xc0e3},
    {0x627, 0xc0e8},
    {0xed7, 0xc0eb},
    {0x628, 0xc0ec},
    {0x1ee0, 0xc0f6},
    {0x62b, 0xc0f7},
    {0xed8, 0xc0f8},
    {0x62c, 0xc0f9},
    {0x1ee1, 0xc0fa},
    {0xed9, 0xc0fb},
    {0x62d, 0xc0fe},
    {0xeda, 0xc0ff},
    {0x630, 0xc104},
    {0x631, 0xc108},
    {0x632, 0xc110},
    {0x633, 0xc115},
    {0xedb, 0xc125},
    {0xedc, 0xc128},
    {0x1efc, 0xc129},
    {0xedd, 0xc12a},
    {0x1efd, 0xc12b},
    {0x1efe, 0xc12e},
    {0xede, 0xc134},
    {0x1f01, 0xc135},
    {0x642, 0xc136},
    {0x1f02, 0xc137},
    {0x645, 0xc13c},
    {0x1f0e, 0xc14a},
    {0xedf, 0xc14e},
    {0x64d, 0xc151},
    {0xee0, 0xc152},
    {0x1f11, 0xc153},
    {0x1f12, 0xc156},
    {0xee1, 0xc157},
    {0x650, 0xc158},
    {0xee2, 0xc15b},
    {0x651, 0xc15c},
    {0x1f1a, 0xc166},
    {0x1f21, 0xc172},
    {0xee5, 0xc173},
    {0x659, 0xc174},
    {0x65a, 0xc178},
    {0x1f2c, 0xc182},
    {0x65d, 0xc185},
    {0x1f33, 0xc18f},
    {0x661, 0xc190},
    {0xee8, 0xc195},
    {0x664, 0xc196},
    {0x1f39, 0xc19e},
    {0x667, 0xc19f},
    {0x1f3a, 0xc1a0},
    {0x668, 0xc1a1},
    {0x1f3b, 0xc1a2},
    {0xeeb, 0xc1a3},
    {0x1f3c, 0xc1a4},
    {0x669, 0xc1a5},
    {0xeec, 0xc1a6},
    {0x1f3d, 0xc1a7},
    {0x66c, 0xc1ac},
    {0x66d, 0xc1b0},
    {0x1f4a, 0xc1ba},
    {0x66e, 0xc1bd},
    {0x66f, 0xc1c4},
    {0xef1, 0xc1c5},
    {0x670, 0xc1c8},
    {0xef2, 0xc1cb},
    {0x671, 0xc1cc},
    {0x672, 0xc1d4},
    {0xef3, 0xc1d5},
    {0x1f5c, 0xc1d6},
    {0xef4, 0xc1d9},
    {0x675, 0xc1e0},
    {0xef5, 0xc1e1},
    {0x676, 0xc1e4},
    {0xef6, 0xc1e7},
    {0x677, 0xc1e8},
    {0x1f6e, 0xc1f2},
    {0x67f, 0xc200},
    {0xef7, 0xc203},
    {0x680, 0xc204},
    {0x1f80, 0xc20e},
    {0x683, 0xc20f},
    {0x1f81, 0xc210},
    {0x684, 0xc211},
    {0x685, 0xc216},
    {0x1f86, 0xc217},
    {0x688, 0xc21c},
    {0xef8, 0xc221},
    {0xef9, 0xc224},
    {0xefa, 0xc227},
    {0x1f8f, 0xc22a},
    {0x68d, 0xc22b},
    {0x1f90, 0xc22c},
    {0x68e, 0xc22d},
    {0xefb, 0xc22e},
    {0x68f, 0xc22f},
    {0x1f91, 0xc230},
    {0xefc, 0xc233},
    {0x692, 0xc234},
    {0xefd, 0xc235},
    {0xefe, 0xc238},
    {0x1f9d, 0xc246},
    {0xf03, 0xc247},
    {0x693, 0xc248},
    {0xf04, 0xc249},
    {0x696, 0xc254},
    {0xf05, 0xc257},
    {0x697, 0xc258},
    {0x698, 0xc260},
    {0xf06, 0xc261},
    {0x1faf, 0xc262},
    {0x699, 0xc265},
    {0x69c, 0xc270},
    {0xf09, 0xc273},
    {0x69d, 0xc274},
    {0x1fc1, 0xc27e},
    {0x6a0, 0xc27f},
    {0x1fc2, 0xc280},
    {0x6a1, 0xc281},
    {0xf0a, 0xc286},
    {0x1fc7, 0xc287},
    {0x6a4, 0xc28c},
    {0xf0b, 0xc28f},
    {0x6a5, 0xc290},
    {0x6a6, 0xc298},
    {0xf0c, 0xc299},
    {0x1fd3, 0xc29a},
    {0x6a7, 0xc29b},
    {0x1fd4, 0xc29c},
    {0x6a8, 0xc29d},
    {0x6ab, 0xc2a8},
    {0x1fdf, 0xc2b1},
    {0x6af, 0xc2b2},
    {0xf10, 0xc2b3},
    {0x1fe0, 0xc2b6},
    {0x6b2, 0xc2b7},
    {0x1fe1, 0xc2b8},
    {0x6b3, 0xc2b9},
    {0xf13, 0xc2be},
    {0x1fe4, 0xc2bf},
    {0xf14, 0xc2c4},
    {0xf15, 0xc2c8},
    {0x1ff1, 0xc2d2},
    {0xf18, 0xc2d3},
    {0x1ff2, 0xc2d4},
    {0xf19, 0xc2d5},
    {0xf1a, 0xc2de},
    {0x1ff9, 0xc2df},
    {0x6b8, 0xc2e0},
    {0x1ffa, 0xc2e1},
    {0xf1b, 0xc2e2},
    {0xf1c, 0xc2e6},
    {0x1ffb, 0xc2e7},
    {0xf1d, 0xc2e8},
    {0x1ffe, 0xc2ee},
    {0x1fff, 0xc2f2},
    {0x6c2, 0xc2f3},
    {0xf1e, 0xc2f4},
    {0x2000, 0xc2f5},
    {0x6c3, 0xc2f6},
    {0x2001, 0xc2f7},
    {0x2002, 0xc2fa},
    {0x6c8, 0xc2ff},
    {0x6c9, 0xc300},
    {0x200a, 0xc30a},
    {0xf21, 0xc30b},
    {0xf22, 0xc30e},
    {0xf23, 0xc311},
    {0x200d, 0xc312},
    {0x6d1, 0xc318},
    {0xf24, 0xc31b},
    {0x6d2, 0xc31c},
    {0x2019, 0xc326},
    {0xf25, 0xc327},
    {0xf26, 0xc32f},
    {0xf27, 0xc334},
    {0x202a, 0xc342},
    {0xf2c, 0xc343},
    {0x202b, 0xc344},
    {0x6d9, 0xc345},
    {0xf2d, 0xc34c},
    {0xf2e, 0xc350},
    {0xf2f, 0xc354},
    {0xf30, 0xc35c},
    {0xf31, 0xc361},
    {0xf32, 0xc36a},
    {0x2049, 0xc36b},
    {0x6dc, 0xc36c},
    {0xf33, 0xc36f},
    {0x6dd, 0xc370},
    {0x204c, 0xc371},
    {0x6de, 0xc372},
    {0x2052, 0xc37a},
    {0xf34, 0xc37b},
    {0x6e3, 0xc382},
    {0x2057, 0xc383},
    {0x6e6, 0xc388},
    {0xf35, 0xc38b},
    {0x6e7, 0xc38c},
    {0x6e8, 0xc394},
    {0xf36, 0xc395},
    {0x2063, 0xc396},
    {0xf3a, 0xc39d},
    {0x6e9, 0xc3a0},
    {0xf3b, 0xc3a1},
    {0x6ea, 0xc3a4},
    {0x2074, 0xc3b2},
    {0x6eb, 0xc3b5},
    {0x6ec, 0xc3bc},
    {0xf42, 0xc3bd},
    {0x6ed, 0xc3c0},
    {0x2088, 0xc3ce},
    {0x208f, 0xc3db},
    {0x6f1, 0xc3dc},
    {0x2092, 0xc3e1},
    {0x6f4, 0xc3e2},
    {0x2098, 0xc3ea},
    {0xf48, 0xc3eb},
    {0x2099, 0xc3ec},
    {0x6f7, 0xc3ed},
    {0xf49, 0xc3f1},
    {0x6fa, 0xc3f8},
    {0xf4a, 0xc3fb},
    {0x6fb, 0xc3fc},
    {0x20aa, 0xc406},
    {0xf4d, 0xc407},
    {0x6fc, 0xc408},
    {0xf4e, 0xc409},
    {0x20ab, 0xc40a},
    {0x6fd, 0xc40b},
    {0x6fe, 0xc410},
    {0xf4f, 0xc411},
    {0xf50, 0xc414},
    {0xf53, 0xc423},
    {0x6ff, 0xc424},
    {0x700, 0xc42c},
    {0xf54, 0xc42d},
    {0x701, 0xc430},
    {0xf55, 0xc433},
    {0x702, 0xc434},
    {0x20d0, 0xc43e},
    {0xf56, 0xc43f},
    {0x705, 0xc440},
    {0xf57, 0xc441},
    {0x706, 0xc448},
    {0xf58, 0xc449},
    {0xf59, 0xc44c},
    {0x20e2, 0xc45a},
    {0xf5e, 0xc45b},
    {0x20e3, 0xc45c},
    {0x707, 0xc45d},
    {0x70a, 0xc468},
    {0xf5f, 0xc46b},
    {0x70b, 0xc46c},
    {0x20f5, 0xc476},
    {0xf60, 0xc477},
    {0x20f6, 0xc478},
    {0x70e, 0xc479},
    {0xf61, 0xc47e},
    {0x20fb, 0xc47f},
    {0x70f, 0xc480},
    {0xf62, 0xc481},
    {0xf63, 0xc484},
    {0x710, 0xc490},
    {0xf66, 0xc491},
    {0x2107, 0xc492},
    {0xf67, 0xc493},
    {0x711, 0xc494},
    {0xf68, 0xc495},
    {0x712, 0xc49c},
    {0xf69, 0xc49d},
    {0x713, 0xc4a0},
    {0x714, 0xc4ac},
    {0xf6c, 0xc4ad},
    {0x2119, 0xc4ae},
    {0x715, 0xc4b8},
    {0xf70, 0xc4b9},
    {0x716, 0xc4bc},
    {0x212b, 0xc4ca},
    {0xf75, 0xc4cb},
    {0x212c, 0xc4cc},
    {0xf76, 0xc4cd},
    {0xf77, 0xc4d3},
    {0x717, 0xc4d4},
    {0xf78, 0xc4d5},
    {0xf79, 0xc4d8},
    {0x213d, 0xc4e6},
    {0xf7e, 0xc4e7},
    {0x213e, 0xc4e8},
    {0x718, 0xc4e9},
    {0x71b, 0xc4f4},
    {0xf7f, 0xc4f7},
    {0x71c, 0xc4f8},
    {0x2149, 0xc4f9},
    {0x71d, 0xc4fa},
    {0x71e, 0xc4ff},
    {0x214e, 0xc502},
    {0x721, 0xc503},
    {0x214f, 0xc504},
    {0xf80, 0xc505},
    {0x722, 0xc50c},
    {0xf81, 0xc50d},
    {0x723, 0xc510},
    {0x724, 0xc514},
    {0x725, 0xc51c},
    {0xf82, 0xc51d},
    {0x2162, 0xc51e},
    {0xf83, 0xc51f},
    {0x2163, 0xc520},
    {0xf84, 0xc521},
    {0x216a, 0xc52a},
    {0xf85, 0xc52f},
    {0x72a, 0xc530},
    {0xf86, 0xc531},
    {0x2173, 0xc53a},
    {0x2174, 0xc53e},
    {0x730, 0xc53f},
    {0xf87, 0xc540},
    {0xf88, 0xc543},
    {0xf89, 0xc552},
    {0xf8a, 0xc556},
    {0xf8d, 0xc55f},
    {0x746, 0xc564},
    {0xf8e, 0xc567},
    {0x747, 0xc568},
    {0x2186, 0xc572},
    {0x218a, 0xc57b},
    {0xf91, 0xc57e},
    {0x218b, 0xc57f},
    {0x74f, 0xc580},
    {0xf92, 0xc583},
    {0x750, 0xc584},
    {0x751, 0xc587},
    {0x2194, 0xc58e},
    {0xf93, 0xc592},
    {0x2195, 0xc593},
    {0xf94, 0xc594},
    {0x757, 0xc595},
    {0x2196, 0xc596},
    {0xf95, 0xc599},
    {0x75a, 0xc59c},
    {0xf96, 0xc59f},
    {0x75b, 0xc5a0},
    {0xf97, 0xc5a8},
    {0x75c, 0xc5a9},
    {0x21a2, 0xc5aa},
    {0xf98, 0xc5ab},
    {0xf99, 0xc5b6},
    {0x21a9, 0xc5b7},
    {0xf9a, 0xc5bf},
    {0x21ae, 0xc5cb},
    {0x76f, 0xc5cc},
    {0x21af, 0xc5cd},
    {0x774, 0xc5d4},
    {0xf9b, 0xc5d7},
    {0x775, 0xc5d8},
    {0x21bb, 0xc5e2},
    {0x21bf, 0xc5eb},
    {0x21c0, 0xc5ef},
    {0x77e, 0xc5f0},
    {0xf9e, 0xc5f1},
    {0x21c1, 0xc5f2},
    {0xf9f, 0xc5f3},
    {0x77f, 0xc5f4},
    {0x21c2, 0xc5f5},
    {0xfa0, 0xc5f8},
    {0xfa1, 0xc604},
    {0xfa2, 0xc609},
    {0x78c, 0xc60c},
    {0x21d3, 0xc61a},
    {0xfa3, 0xc620},
    {0x21d9, 0xc627},
    {0x797, 0xc628},
    {0x21da, 0xc629},
    {0xfa4, 0xc62a},
    {0x21db, 0xc631},
    {0xfa5, 0xc632},
    {0x21dc, 0xc636},
    {0x7a1, 0xc637},
    {0x21dd, 0xc638},
    {0x7a2, 0xc639},
    {0xfa6, 0xc63a},
    {0x7a3, 0xc63b},
    {0x21de, 0xc63c},
    {0x21df, 0xc63f},
    {0x7a6, 0xc644},
    {0xfa9, 0xc647},
    {0x7a7, 0xc648},
    {0x7a8, 0xc64e},
    {0x21e9, 0xc64f},
    {0x21ea, 0xc652},
    {0x7ae, 0xc658},
    {0xfaa, 0xc659},
    {0x7b1, 0xc660},
    {0x21fa, 0xc66e},
    {0x7b9, 0xc67c},
    {0xfad, 0xc67f},
    {0x7ba, 0xc680},
    {0x2205, 0xc681},
    {0xfae, 0xc682},
    {0x220b, 0xc68a},
    {0xfaf, 0xc692},
    {0x2210, 0xc693},
    {0x7c2, 0xc698},
    {0xfb0, 0xc69b},
    {0x7c3, 0xc69c},
    {0xfb1, 0xc69d},
    {0x221b, 0xc6a6},
    {0x7c6, 0xc6a7},
    {0x221c, 0xc6a8},
    {0x7c7, 0xc6a9},
    {0xfb2, 0xc6ac},
    {0x7ca, 0xc6b4},
    {0x2226, 0xc6bb},
    {0xfb3, 0xc6bc},
    {0x222a, 0xc6c4},
    {0x7d3, 0xc6c5},
    {0xfb4, 0xc6c6},
    {0x7d4, 0xc6c7},
    {0x222b, 0xc6c8},
    {0xfb5, 0xc6c9},
    {0x7d7, 0xc6d0},
    {0x2230, 0xc6d1},
    {0x7d8, 0xc6d4},
    {0xfb8, 0xc6d8},
    {0x2237, 0xc6de},
    {0x7e0, 0xc6ec},
    {0xfbb, 0xc6ef},
    {0x7e1, 0xc6f0},
    {0x2247, 0xc6fa},
    {0x7e4, 0xc6fb},
    {0xfbc, 0xc6fc},
    {0x7e5, 0xc6fd},
    {0x224a, 0xc700},
    {0xfbd, 0xc701},
    {0x7e8, 0xc708},
    {0xfbe, 0xc70b},
    {0x7e9, 0xc70c},
    {0x2251, 0xc70d},
    {0xfbf, 0xc70e},
    {0xfc0, 0xc713},
    {0x2256, 0xc716},
    {0x7f1, 0xc724},
    {0xfc3, 0xc727},
    {0x7f2, 0xc728},
    {0x2266, 0xc732},
    {0x7f5, 0xc733},
    {0x2267, 0xc734},
    {0x7f6, 0xc735},
    {0xfc4, 0xc736},
    {0x7f7, 0xc737},
    {0x226a, 0xc73f},
    {0x7fb, 0xc740},
    {0x7fe, 0xc747},
    {0x7ff, 0xc74a},
    {0x226f, 0xc74b},
    {0x2270, 0xc750},
    {0xfc9, 0xc759},
    {0x80c, 0xc75c},
    {0xfca, 0xc75f},
    {0x80d, 0xc760},
    {0xfcb, 0xc766},
    {0x227a, 0xc767},
    {0x227b, 0xc76a},
    {0x815, 0xc778},
    {0x2286, 0xc77f},
    {0xfcc, 0xc780},
    {0x2287, 0xc781},
    {0xfcd, 0xc782},
    {0xfce, 0xc786},
    {0xfcf, 0xc78b},
    {0xfd0, 0xc78f},
    {0x2288, 0xc792},
    {0xfd1, 0xc793},
    {0x826, 0xc794},
    {0x2289, 0xc795},
    {0xfd2, 0xc799},
    {0x82a, 0xc79a},
    {0x228f, 0xc7a2},
    {0xfd3, 0xc7a7},
    {0x2290, 0xc7a8},
    {0x833, 0xc7b0},
    {0x2293, 0xc7b1},
    {0x834, 0xc7b4},
    {0x229b, 0xc7be},
    {0xfd9, 0xc7c2},
    {0x83c, 0xc7cc},
    {0x22a3, 0xc7cd},
    {0x83d, 0xc7ce},
    {0xfda, 0xc7cf},
    {0x83e, 0xc7d0},
    {0x83f, 0xc7d8},
    {0xfdb, 0xc7d9},
    {0x22ab, 0xc7da},
    {0xfdc, 0xc7db},
    {0x22ac, 0xc7dc},
    {0x840, 0xc7dd},
    {0x841, 0xc7e4},
    {0x842, 0xc7e8},
    {0xfdd, 0xc7eb},
    {0x843, 0xc7ec},
    {0xfde, 0xc7f4},
    {0x844, 0xc7f5},
    {0x22bf, 0xc7f6},
    {0xfdf, 0xc7f7},
    {0x22c0, 0xc7f8},
    {0xfe0, 0xc7f9},
    {0x22c7, 0xc803},
    {0x848, 0xc804},
    {0x22c8, 0xc805},
    {0xfe1, 0xc806},
    {0x22cd, 0xc812},
    {0xfe2, 0xc819},
    {0x22d0, 0xc81a},
    {0xfe3, 0xc81b},
    {0x856, 0xc820},
    {0xfe4, 0xc823},
    {0x857, 0xc824},
    {0x22dc, 0xc82e},
    {0x85a, 0xc82f},
    {0xfe5, 0xc830},
    {0x85b, 0xc831},
    {0xfe6, 0xc832},
    {0xfe7, 0xc836},
    {0x22e0, 0xc837},
    {0x85e, 0xc83c},
    {0xfe8, 0xc83f},
    {0x85f, 0xc840},
    {0xfe9, 0xc841},
    {0x860, 0xc842},
    {0xfea, 0xc843},
    {0xfeb, 0xc847},
    {0x22e8, 0xc84a},
    {0xfec, 0xc84e},
    {0xfed, 0xc851},
    {0x22eb, 0xc852},
    {0xfee, 0xc853},
    {0x866, 0xc854},
    {0xfef, 0xc855},
    {0xff0, 0xc858},
    {0xff1, 0xc85c},
    {0x22f8, 0xc866},
    {0xff4, 0xc867},
    {0x22f9, 0xc868},
    {0xff5, 0xc869},
    {0x869, 0xc874},
    {0xff6, 0xc877},
    {0x86a, 0xc878},
    {0x2304, 0xc879},
    {0x86b, 0xc87a},
    {0x230a, 0xc882},
    {0x86e, 0xc883},
    {0x230b, 0xc884},
    {0x875, 0xc890},
    {0x2311, 0xc891},
    {0x876, 0xc894},
    {0xff9, 0xc895},
    {0xffa, 0xc89c},
    {0x877, 0xc89d},
    {0x2318, 0xc89e},
    {0x878, 0xc89f},
    {0xffb, 0xc8a0},
    {0x879, 0xc8a1},
    {0x87a, 0xc8a6},
    {0x231d, 0xc8a7},
    {0x87b, 0xc8a8},
    {0xffc, 0xc8a9},
    {0x87c, 0xc8ac},
    {0xfff, 0xc8b8},
    {0x1000, 0xc8bb},
    {0x881, 0xc8c8},
    {0x1001, 0xc8cb},
    {0x882, 0xc8cc},
    {0x233c, 0xc8d6},
    {0x885, 0xc8d7},
    {0x1002, 0xc8d8},
    {0x886, 0xc8d9},
    {0x889, 0xc8e4},
    {0x234e, 0xc8f2},
    {0x1007, 0xc8f3},
    {0x234f, 0xc8f4},
    {0x88a, 0xc8f5},
    {0x1008, 0xc8fb},
    {0x88d, 0xc900},
    {0x1009, 0xc903},
    {0x2359, 0xc907},
    {0x100a, 0xc908},
    {0x235d, 0xc90e},
    {0x893, 0xc90f},
    {0x235e, 0xc910},
    {0x894, 0xc911},
    {0x100b, 0xc917},
    {0x895, 0xc918},
    {0x100c, 0xc919},
    {0x100d, 0xc91c},
    {0x236f, 0xc92a},
    {0x1012, 0xc92b},
    {0x896, 0xc92c},
    {0x1013, 0xc92d},
    {0x897, 0xc934},
    {0x1014, 0xc935},
    {0x1015, 0xc938},
    {0x2381, 0xc946},
    {0x89a, 0xc954},
    {0x101d, 0xc957},
    {0x89b, 0xc958},
    {0x2393, 0xc962},
    {0x89e, 0xc963},
    {0x2394, 0xc964},
    {0x101e, 0xc965},
    {0x8a1, 0xc970},
    {0x8a2, 0xc974},
    {0x8a3, 0xc97c},
    {0x101f, 0xc97d},
    {0x23a7, 0xc97e},
    {0x1020, 0xc97f},
    {0x23a8, 0xc980},
    {0x8a4, 0xc981},
    {0x8a7, 0xc98c},
    {0x1021, 0xc98f},
    {0x8a8, 0xc990},
    {0x1022, 0xc991},
    {0x8a9, 0xc992},
    {0x23b3, 0xc993},
    {0x1023, 0xc994},
    {0x23b7, 0xc99a},
    {0x8ac, 0xc99b},
    {0x23b8, 0xc99c},
    {0x8ad, 0xc99d},
    {0x1024, 0xc99e},
    {0x8ae, 0xc9a4},
    {0x1025, 0xc9a5},
    {0x1026, 0xc9a8},
    {0x1027, 0xc9ac},
    {0x23ca, 0xc9b6},
    {0x102a, 0xc9b7},
    {0x23cb, 0xc9b8},
    {0x102b, 0xc9b9},
    {0x8b1, 0xc9c4},
    {0x23d6, 0xc9c9},
    {0x8b4, 0xc9ca},
    {0x102c, 0xc9cf},
    {0x102d, 0xc9d2},
    {0x23db, 0xc9d8},
    {0x102e, 0xc9db},
    {0x102f, 0xc9de},
    {0x23dc, 0xc9df},
    {0x8c0, 0xc9e0},
    {0x23dd, 0xc9e1},
    {0x8c4, 0xc9e7},
    {0x1030, 0xc9e8},
    {0x23e3, 0xc9ee},
    {0x1031, 0xc9f7},
    {0x8cd, 0xc9fc},
    {0x1032, 0xc9ff},
    {0x8ce, 0xca00},
    {0x23f3, 0xca0a},
    {0x8d4, 0xca14},
    {0x1033, 0xca15},
    {0x8d5, 0xca18},
    {0x23fc, 0xca19},
    {0x1034, 0xca1a},
    {0x23fd, 0xca1b},
    {0x1035, 0xca1c},
    {0x8d6, 0xca24},
    {0x1036, 0xca25},
    {0x2405, 0xca26},
    {0x1037, 0xca27},
    {0x2406, 0xca28},
    {0x8d7, 0xca29},
    {0x1038, 0xca2d},
    {0x8d8, 0xca30},
    {0x1039, 0xca34},
    {0x8db, 0xca50},
    {0x103a, 0xca53},
    {0x8dc, 0xca54},
    {0x103d, 0xca5b},
    {0x242e, 0xca5e},
    {0x103e, 0xca67},
    {0x8e2, 0xca68},
    {0x103f, 0xca69},
    {0x1040, 0xca6c},
    {0x1041, 0xca6f},
    {0x8e3, 0xca70},
    {0x243f, 0xca7a},
    {0x8e4, 0xca7d},
    {0x1046, 0xca81},
    {0x8e5, 0xca84},
    {0x1047, 0xca85},
    {0x1048, 0xca88},
    {0x2450, 0xca96},
    {0x104d, 0xca97},
    {0x8e6, 0xca98},
    {0x104e, 0xca99},
    {0x1051, 0xcaa4},
    {0x1052, 0xcaa8},
    {0x2463, 0xcab2},
    {0x1055, 0xcab3},
    {0x2464, 0xcab4},
    {0x1056, 0xcab5},
    {0x1057, 0xcabe},
    {0x246b, 0xcabf},
    {0x8e9, 0xcac0},
    {0x246e, 0xcac5},
    {0x1058, 0xcac6},
    {0x2474, 0xcace},
    {0x8ee, 0xcacf},
    {0x2475, 0xcad0},
    {0x1059, 0xcad7},
    {0x8f4, 0xcadc},
    {0x105a, 0xcadf},
    {0x8f5, 0xcae0},
    {0x2484, 0xcaea},
    {0x105d, 0xcaeb},
    {0x8f6, 0xcaec},
    {0x105e, 0xcaed},
    {0x8f7, 0xcaf4},
    {0x105f, 0xcaf5},
    {0x1060, 0xcaf8},
    {0x8f8, 0xcb08},
    {0x8f9, 0xcb10},
    {0x1063, 0xcb11},
    {0x8fa, 0xcb14},
    {0x1064, 0xcb17},
    {0x8fb, 0xcb18},
    {0x24ac, 0xcb22},
    {0x24ad, 0xcb26},
    {0x8fe, 0xcb27},
    {0x1068, 0xcb30},
    {0x24b4, 0xcb31},
    {0x901, 0xcb32},
    {0x24b5, 0xcb33},
    {0x1069, 0xcb34},
    {0x24bd, 0xcb3e},
    {0x106c, 0xcb3f},
    {0x24be, 0xcb40},
    {0x902, 0xcb41},
    {0x106d, 0xcb4a},
    {0x24c5, 0xcb4b},
    {0x905, 0xcb4c},
    {0x106e, 0xcb4f},
    {0x906, 0xcb50},
    {0x24c8, 0xcb51},
    {0x106f, 0xcb52},
    {0x24ce, 0xcb5a},
    {0x909, 0xcb5b},
    {0x24cf, 0xcb5c},
    {0x90a, 0xcb5d},
    {0x90b, 0xcb64},
    {0x1070, 0xcb65},
    {0x1071, 0xcb68},
    {0x24e1, 0xcb76},
    {0x1076, 0xcb77},
    {0x90e, 0xcb80},
    {0x1077, 0xcb81},
    {0x1078, 0xcb84},
    {0x24f3, 0xcb92},
    {0x90f, 0xcb93},
    {0x910, 0xcb9c},
    {0x107f, 0xcb9d},
    {0x1080, 0xcba0},
    {0x2505, 0xcbae},
    {0x1085, 0xcbaf},
    {0x2506, 0xcbb0},
    {0x1086, 0xcbb1},
    {0x911, 0xcbb8},
    {0x1087, 0xcbb9},
    {0x1088, 0xcbbc},
    {0x1089, 0xcbc0},
    {0x2519, 0xcbca},
    {0x108c, 0xcbcb},
    {0x251a, 0xcbcc},
    {0x912, 0xcbcd},
    {0x108d, 0xcbd8},
    {0x915, 0xcbe4},
    {0x1090, 0xcbe5},
    {0x252c, 0xcbe6},
    {0x916, 0xcbe7},
    {0x252d, 0xcbe8},
    {0x917, 0xcbe9},
    {0x1091, 0xcbea},
    {0x1094, 0xcbf4},
    {0x1095, 0xcbf8},
    {0x253f, 0xcc02},
    {0x1098, 0xcc03},
    {0x2540, 0xcc04},
    {0x91a, 0xcc10},
    {0x2551, 0xcc1e},
    {0x91f, 0xcc1f},
    {0x2552, 0xcc20},
    {0x926, 0xcc2c},
    {0x2558, 0xcc2d},
    {0x927, 0xcc2e},
    {0x109b, 0xcc2f},
    {0x928, 0xcc30},
    {0x109c, 0xcc31},
    {0x255f, 0xcc3a},
    {0x109d, 0xcc42},
    {0x2562, 0xcc43},
    {0x932, 0xcc48},
    {0x109e, 0xcc4b},
    {0x933, 0xcc4c},
    {0x256e, 0xcc56},
    {0x256f, 0xcc5a},
    {0x109f, 0xcc5b},
    {0x10a0, 0xcc5e},
    {0x2572, 0xcc5f},
    {0x939, 0xcc60},
    {0x10a1, 0xcc61},
    {0x93a, 0xcc64},
    {0x2575, 0xcc65},
    {0x93b, 0xcc66},
    {0x2576, 0xcc67},
    {0x93c, 0xcc68},
    {0x93d, 0xcc70},
    {0x10a2, 0xcc71},
    {0x257e, 0xcc72},
    {0x10a3, 0xcc73},
    {0x257f, 0xcc74},
    {0x93e, 0xcc75},
    {0x10a4, 0xcc7a},
    {0x2584, 0xcc7b},
    {0x10a5, 0xcc7c},
    {0x10a6, 0xcc91},
    {0x941, 0xcc9c},
    {0x10a7, 0xcc9f},
    {0x942, 0xcca0},
    {0x10a8, 0xcca7},
    {0x25a9, 0xccaa},
    {0x10a9, 0xccae},
    {0x10aa, 0xccb2},
    {0x25ad, 0xccb3},
    {0x94a, 0xccb8},
    {0x10ab, 0xccbb},
    {0x94b, 0xccbc},
    {0x10ac, 0xccc3},
    {0x25b8, 0xccc6},
    {0x94e, 0xccc7},
    {0x10ad, 0xccc8},
    {0x951, 0xccd0},
    {0x10ae, 0xccd1},
    {0x952, 0xccd4},
    {0x10b1, 0xcce0},
    {0x953, 0xcce1},
    {0x25c9, 0xcce2},
    {0x10b2, 0xcce3},
    {0x956, 0xccec},
    {0x10b3, 0xcced},
    {0x957, 0xccf0},
    {0x10b4, 0xccf4},
    {0x25dc, 0xccfe},
    {0x10b7, 0xccff},
    {0x25dd, 0xcd00},
    {0x958, 0xcd01},
    {0x95b, 0xcd0c},
    {0x10b8, 0xcd0f},
    {0x95c, 0xcd10},
    {0x25ef, 0xcd1a},
    {0x95f, 0xcd1b},
    {0x25f0, 0xcd1c},
    {0x960, 0xcd1d},
    {0x964, 0xcd28},
    {0x10b9, 0xcd2b},
    {0x965, 0xcd2c},
    {0x10ba, 0xcd34},
    {0x966, 0xcd35},
    {0x2601, 0xcd36},
    {0x10bb, 0xcd37},
    {0x2602, 0xcd38},
    {0x967, 0xcd39},
    {0x968, 0xcd40},
    {0x10bc, 0xcd44},
    {0x969, 0xcd5c},
    {0x10bf, 0xcd5d},
    {0x96a, 0xcd60},
    {0x10c0, 0xcd63},
    {0x96b, 0xcd64},
    {0x262c, 0xcd6e},
    {0x96e, 0xcd6f},
    {0x10c1, 0xcd70},
    {0x96f, 0xcd71},
    {0x970, 0xcd78},
    {0x10c2, 0xcd79},
    {0x10c3, 0xcd7c},
    {0x10c4, 0xcd80},
    {0x971, 0xcd88},
    {0x10c5, 0xcd89},
    {0x263f, 0xcd8a},
    {0x10c6, 0xcd8b},
    {0x2640, 0xcd8c},
    {0x10c7, 0xcd8d},
    {0x974, 0xcd98},
    {0x10c8, 0xcd9b},
    {0x975, 0xcd9c},
    {0x2652, 0xcda6},
    {0x978, 0xcda7},
    {0x2653, 0xcda8},
    {0x979, 0xcda9},
    {0x97a, 0xcdb0},
    {0x10c9, 0xcdb1},
    {0x10ca, 0xcdb4},
    {0x2665, 0xcdc2},
    {0x10cf, 0xcdc3},
    {0x97b, 0xcdc4},
    {0x10d0, 0xcdc5},
    {0x97e, 0xcdd0},
    {0x97f, 0xcdd4},
    {0x2678, 0xcdde},
    {0x980, 0xcde8},
    {0x10d6, 0xcde9},
    {0x981, 0xcdec},
    {0x10d7, 0xcdef},
    {0x982, 0xcdf0},
    {0x268a, 0xcdfa},
    {0x985, 0xcdfb},
    {0x268b, 0xcdfc},
    {0x986, 0xcdfd},
    {0x989, 0xce08},
    {0x98a, 0xce0c},
    {0x98b, 0xce14},
    {0x10d8, 0xce15},
    {0x269e, 0xce16},
    {0x10d9, 0xce17},
    {0x269f, 0xce18},
    {0x98c, 0xce19},
    {0x98f, 0xce24},
    {0x10da, 0xce27},
    {0x10db, 0xce2c},
    {0x26af, 0xce32},
    {0x994, 0xce33},
    {0x26b0, 0xce34},
    {0x995, 0xce35},
    {0x996, 0xce3c},
    {0x10dc, 0xce3d},
    {0x10dd, 0xce40},
    {0x10de, 0xce44},
    {0x26c3, 0xce4e},
    {0x10e1, 0xce4f},
    {0x26c4, 0xce50},
    {0x10e2, 0xce51},
    {0x999, 0xce5c},
    {0x26d4, 0xce6a},
    {0x26d5, 0xce6f},
    {0x9a4, 0xce70},
    {0x26d6, 0xce71},
    {0x10e3, 0xce72},
    {0x26d7, 0xce73},
    {0x9a7, 0xce78},
    {0x26e3, 0xce86},
    {0x9ac, 0xce87},
    {0x10e4, 0xce88},
    {0x9ad, 0xce89},
    {0x26e7, 0xce8f},
    {0x9b0, 0xce94},
    {0x10e7, 0xce97},
    {0x9b1, 0xce98},
    {0x26f3, 0xcea2},
    {0x9b7, 0xcea8},
    {0x26f6, 0xceab},
    {0x9ba, 0xceb0},
    {0x10ea, 0xceb4},
    {0x2703, 0xcebe},
    {0x10ed, 0xcebf},
    {0x2704, 0xcec0},
    {0x9bb, 0xcec1},
    {0x9bc, 0xcec4},
    {0x10ee, 0xcec8},
    {0x10ef, 0xcecc},
    {0x9bf, 0xcee8},
    {0x272f, 0xcef6},
    {0x2730, 0xcefa},
    {0x10f0, 0xcefb},
    {0x2731, 0xcefc},
    {0x9c7, 0xcefd},
    {0x10f1, 0xcefe},
    {0x2732, 0xceff},
    {0x9ca, 0xcf04},
    {0x10f2, 0xcf07},
    {0x9cb, 0xcf08},
    {0x273e, 0xcf12},
    {0x10f3, 0xcf1a},
    {0x2741, 0xcf1b},
    {0x9d3, 0xcf1c},
    {0x10f4, 0xcf1d},
    {0x9d4, 0xcf20},
    {0x10f5, 0xcf23},
    {0x9d5, 0xcf24},
    {0x274d, 0xcf2e},
    {0x9db, 0xcf38},
    {0x10f6, 0xcf39},
    {0x10f7, 0xcf3c},
    {0x10f8, 0xcf40},
    {0x2760, 0xcf4a},
    {0x9de, 0xcf58},
    {0x2772, 0xcf66},
    {0x9e3, 0xcf67},
    {0x2773, 0xcf68},
    {0x9e4, 0xcf69},
    {0x10fe, 0xcf6a},
    {0x10ff, 0xcf6e},
    {0x2777, 0xcf6f},
    {0x9e7, 0xcf74},
    {0x9e8, 0xcf78},
    {0x9e9, 0xcf80},
    {0x1100, 0xcf81},
    {0x2784, 0xcf82},
    {0x9ea, 0xcf83},
    {0x2785, 0xcf84},
    {0x9eb, 0xcf85},
    {0x9ec, 0xcf8c},
    {0x1101, 0xcf8d},
    {0x1102, 0xcf90},
    {0x2797, 0xcf9e},
    {0x1107, 0xcf9f},
    {0x2798, 0xcfa0},
    {0x9ed, 0xcfa1},
    {0x9ee, 0xcfa8},
    {0x1108, 0xcfa9},
    {0x1109, 0xcfac},
    {0x9ef, 0xcfb0},
    {0x27ab, 0xcfba},
    {0x110c, 0xcfbb},
    {0x27ac, 0xcfbc},
    {0x110d, 0xcfbd},
    {0x9f0, 0xcfc4},
    {0x110e, 0xcfc5},
    {0x9f1, 0xcfc8},
    {0x110f, 0xcfcc},
    {0x27bf, 0xcfd6},
    {0x1112, 0xcfd7},
    {0x27c0, 0xcfd8},
    {0x1113, 0xcfd9},
    {0x9f4, 0xcfe4},
    {0x1114, 0xcfe7},
    {0x9f5, 0xcfe8},
    {0x27d2, 0xcff2},
    {0x9f8, 0xcff3},
    {0x27d3, 0xcff4},
    {0x9f9, 0xcff5},
    {0x1115, 0xcffa},
    {0x27d8, 0xcffb},
    {0x9fc, 0xd000},
    {0x1116, 0xd003},
    {0x9fd, 0xd004},
    {0x9fe, 0xd00c},
    {0x1117, 0xd00d},
    {0x1118, 0xd010},
    {0x9ff, 0xd011},
    {0xa00, 0xd018},
    {0x1119, 0xd019},
    {0xa01, 0xd01c},
    {0xa02, 0xd020},
    {0x27f8, 0xd02a},
    {0xa03, 0xd02d},
    {0xa06, 0xd038},
    {0x111e, 0xd03b},
    {0xa07, 0xd03c},
    {0x280a, 0xd046},
    {0xa0a, 0xd047},
    {0x280b, 0xd048},
    {0xa0b, 0xd049},
    {0xa0c, 0xd050},
    {0x111f, 0xd051},
    {0xa0d, 0xd054},
    {0xa0e, 0xd058},
    {0xa0f, 0xd060},
    {0x1120, 0xd061},
    {0x281e, 0xd062},
    {0x1121, 0xd063},
    {0x281f, 0xd064},
    {0x1122, 0xd065},
    {0x1123, 0xd068},
    {0xa12, 0xd070},
    {0x2827, 0xd071},
    {0xa13, 0xd072},
    {0x2828, 0xd073},
    {0xa14, 0xd074},
    {0x2829, 0xd075},
    {0x1124, 0xd076},
    {0x282f, 0xd07e},
    {0x1125, 0xd07f},
    {0x2830, 0xd080},
    {0xa17, 0xd081},
    {0xa18, 0xd084},
    {0xa19, 0xd088},
    {0x1126, 0xd089},
    {0x1127, 0xd08c},
    {0x1128, 0xd090},
    {0x2842, 0xd09a},
    {0x112b, 0xd09b},
    {0x2843, 0xd09c},
    {0x112c, 0xd09d},
    {0xa1c, 0xd0a8},
    {0x112d, 0xd0ab},
    {0xa1d, 0xd0ac},
    {0x2855, 0xd0b6},
    {0x112e, 0xd0be},
    {0x285a, 0xd0bf},
    {0xa25, 0xd0c4},
    {0x112f, 0xd0ca},
    {0x1130, 0xd0cf},
    {0x2863, 0xd0d2},
    {0x1131, 0xd0da},
    {0x2868, 0xd0db},
    {0xa30, 0xd0e0},
    {0x286b, 0xd0e1},
    {0xa31, 0xd0e4},
    {0x1134, 0xd0e5},
    {0x2872, 0xd0ee},
    {0x1135, 0xd0f6},
    {0x2877, 0xd0f7},
    {0xa37, 0xd0f8},
    {0x1136, 0xd0f9},
    {0x1137, 0xd0fc},
    {0x1138, 0xd100},
    {0x2884, 0xd10a},
    {0x113b, 0xd10b},
    {0x2885, 0xd10c},
    {0xa38, 0xd10d},
    {0xa39, 0xd114},
    {0x113c, 0xd118},
    {0x288f, 0xd119},
    {0x113d, 0xd11a},
    {0xa3c, 0xd134},
    {0x113e, 0xd137},
    {0xa3d, 0xd138},
    {0x113f, 0xd139},
    {0x28ad, 0xd142},
    {0xa47, 0xd150},
    {0x1140, 0xd153},
    {0xa48, 0xd154},
    {0x28bf, 0xd15e},
    {0xa4b, 0xd15f},
    {0x1141, 0xd160},
    {0xa4c, 0xd161},
    {0xa4d, 0xd166},
    {0x28c4, 0xd167},
    {0xa4e, 0xd168},
    {0x1142, 0xd169},
    {0xa4f, 0xd16c},
    {0x1143, 0xd16f},
    {0xa50, 0xd170},
    {0x28d0, 0xd17a},
    {0x1146, 0xd17d},
    {0xa53, 0xd184},
    {0x1147, 0xd185},
    {0xa54, 0xd188},
    {0x1148, 0xd18c},
    {0x1149, 0xd194},
    {0x114a, 0xd197},
    {0x28e5, 0xd198},
    {0x114b, 0xd199},
    {0xa57, 0xd1a4},
    {0x28f7, 0xd1b2},
    {0xa5c, 0xd1b3},
    {0x28f8, 0xd1b4},
    {0xa5d, 0xd1b5},
    {0x28f9, 0xd1b6},
    {0xa5e, 0xd1ba},
    {0x28fa, 0xd1bb},
    {0xa5f, 0xd1bc},
    {0x114f, 0xd1bd},
    {0xa60, 0xd1c0},
    {0x1150, 0xd1c4},
    {0x2907, 0xd1ce},
    {0x1153, 0xd1cf},
    {0x2908, 0xd1d0},
    {0x1154, 0xd1d1},
    {0xa61, 0xd1d8},
    {0xa62, 0xd1f4},
    {0x1157, 0xd1f5},
    {0xa63, 0xd1f8},
    {0xa64, 0xd1fb},
    {0x1158, 0xd1fc},
    {0x2933, 0xd206},
    {0xa65, 0xd207},
    {0x115b, 0xd208},
    {0xa66, 0xd209},
    {0xa67, 0xd210},
    {0x115c, 0xd211},
    {0x115d, 0xd214},
    {0x115e, 0xd218},
    {0x2946, 0xd222},
    {0x1161, 0xd223},
    {0x2947, 0xd224},
    {0xa68, 0xd225},
    {0xa6b, 0xd230},
    {0x1162, 0xd233},
    {0xa6c, 0xd234},
    {0x2952, 0xd235},
    {0xa6d, 0xd236},
    {0x2958, 0xd23e},
    {0xa70, 0xd23f},
    {0x2959, 0xd240},
    {0xa71, 0xd241},
    {0xa72, 0xd248},
    {0x1163, 0xd249},
    {0x1164, 0xd24c},
    {0x1167, 0xd254},
    {0x296a, 0xd25a},
    {0x116a, 0xd25b},
    {0xa73, 0xd25c},
    {0x116b, 0xd25d},
    {0xa74, 0xd264},
    {0x116c, 0xd265},
    {0x116d, 0xd268},
    {0x297c, 0xd276},
    {0xa75, 0xd277},
    {0xa78, 0xd284},
    {0x1174, 0xd287},
    {0xa79, 0xd288},
    {0x298e, 0xd292},
    {0x1175, 0xd293},
    {0x298f, 0xd294},
    {0xa7c, 0xd295},
    {0xa7d, 0xd29c},
    {0x1176, 0xd29d},
    {0xa7e, 0xd2a0},
    {0xa7f, 0xd2a4},
    {0xa80, 0xd2ac},
    {0x1177, 0xd2ad},
    {0x29a2, 0xd2ae},
    {0x1178, 0xd2af},
    {0x29a3, 0xd2b0},
    {0xa81, 0xd2b1},
    {0x29aa, 0xd2ba},
    {0x1179, 0xd2bb},
    {0xa84, 0xd2bc},
    {0x117a, 0xd2c1},
    {0xa87, 0xd2c2},
    {0x29ad, 0xd2c3},
    {0x117b, 0xd2c4},
    {0x29b1, 0xd2ca},
    {0xa8a, 0xd2cb},
    {0x29b2, 0xd2cc},
    {0xa8b, 0xd2cd},
    {0xa8c, 0xd2d1},
    {0xa8d, 0xd2d4},
    {0x117c, 0xd2d5},
    {0xa8e, 0xd2d8},
    {0xa8f, 0xd2dc},
    {0x117d, 0xd2e0},
    {0x29c3, 0xd2e6},
    {0x117e, 0xd2e7},
    {0x29c4, 0xd2e8},
    {0x117f, 0xd2e9},
    {0xa94, 0xd2f4},
    {0x1180, 0xd2f7},
    {0xa95, 0xd2f8},
    {0x29d6, 0xd302},
    {0xa98, 0xd303},
    {0x29d7, 0xd304},
    {0xa99, 0xd305},
    {0x1181, 0xd308},
    {0x29da, 0xd309},
    {0x1182, 0xd30a},
    {0x29db, 0xd30b},
    {0x29dc, 0xd30f},
    {0x29dd, 0xd312},
    {0x29de, 0xd315},
    {0xaa1, 0xd316},
    {0x29e4, 0xd31e},
    {0x29e5, 0xd322},
    {0x1183, 0xd323},
    {0x1184, 0xd326},
    {0x29e6, 0xd327},
    {0xaab, 0xd32c},
    {0x29f2, 0xd33a},
    {0x1185, 0xd341},
    {0x1186, 0xd348},
    {0x1187, 0xd34c},
    {0x2a04, 0xd356},
    {0x118a, 0xd357},
    {0x2a05, 0xd358},
    {0x118b, 0xd359},
    {0xab5, 0xd35d},
    {0x118c, 0xd360},
    {0xab8, 0xd380},
    {0x118d, 0xd383},
    {0xab9, 0xd384},
    {0x118e, 0xd38e},
    {0x118f, 0xd395},
    {0xabf, 0xd396},
    {0x2a34, 0xd397},
    {0xac2, 0xd39c},
    {0x1190, 0xd39f},
    {0xac3, 0xd3a0},
    {0x2a40, 0xd3aa},
    {0xac6, 0xd3ab},
    {0x1191, 0xd3ac},
    {0xac7, 0xd3ad},
    {0x1192, 0xd3b2},
    {0x2a45, 0xd3b3},
    {0xaca, 0xd3b8},
    {0x1193, 0xd3b9},
    {0x2a48, 0xd3ba},
    {0x1194, 0xd3bb},
    {0xacb, 0xd3bc},
    {0x2a50, 0xd3c6},
    {0x1195, 0xd3c7},
    {0xad0, 0xd3d0},
    {0x1196, 0xd3d1},
    {0xad1, 0xd3d4},
    {0x1197, 0xd3d7},
    {0xad2, 0xd3d8},
    {0x1198, 0xd3e0},
    {0xad3, 0xd3e1},
    {0x2a62, 0xd3e2},
    {0xad4, 0xd3e3},
    {0x2a63, 0xd3e4},
    {0x1199, 0xd3e5},
    {0x119a, 0xd3ee},
    {0x2a6a, 0xd3ef},
    {0xad7, 0xd3f0},
    {0x119b, 0xd3f3},
    {0xad8, 0xd3f4},
    {0x2a74, 0xd3fe},
    {0xadb, 0xd3ff},
    {0x2a75, 0xd400},
    {0xadc, 0xd401},
    {0x119c, 0xd404},
    {0xadd, 0xd405},
    {0x119d, 0xd406},
    {0x2a78, 0xd407},
    {0x119e, 0xd40c},
    {0x119f, 0xd410},
    {0x2a85, 0xd41a},
    {0x11a2, 0xd41b},
    {0x2a86, 0xd41c},
    {0xae0, 0xd41d},
    {0x11a3, 0xd424},
    {0xae1, 0xd440},
    {0x11a4, 0xd441},
    {0xae2, 0xd444},
    {0x11a5, 0xd448},
    {0x2ab4, 0xd452},
    {0x11a8, 0xd453},
    {0x2ab5, 0xd454},
    {0x11a9, 0xd455},
    {0xae3, 0xd45c},
    {0x11aa, 0xd45d},
    {0xae4, 0xd460},
    {0x11ab, 0xd463},
    {0xae5, 0xd464},
    {0x11ac, 0xd46c},
    {0xae6, 0xd46d},
    {0x2ac7, 0xd46e},
    {0xae7, 0xd46f},
    {0x2ac8, 0xd470},
    {0x11ad, 0xd471},
    {0xaea, 0xd47c},
    {0x2ad3, 0xd481},
    {0xaed, 0xd482},
    {0x2ad9, 0xd48a},
    {0xaf0, 0xd48b},
    {0x2ada, 0xd48c},
    {0xaf1, 0xd48d},
    {0xaf2, 0xd494},
    {0x11ae, 0xd495},
    {0x11af, 0xd498},
    {0x2aec, 0xd4a6},
    {0xaf3, 0xd4a9},
    {0x11b8, 0xd4b4},
    {0x11b9, 0xd4b8},
    {0x2aff, 0xd4c2},
    {0x11bc, 0xd4c3},
    {0x2b00, 0xd4c4},
    {0x11bd, 0xd4c5},
    {0xaf4, 0xd4cc},
    {0x11be, 0xd4cd},
    {0xaf5, 0xd4d0},
    {0xaf6, 0xd4d4},
    {0xaf7, 0xd4dc},
    {0x11bf, 0xd4dd},
    {0x2b13, 0xd4de},
    {0xaf8, 0xd4df},
    {0x2b14, 0xd4e0},
    {0x11c0, 0xd4e1},
    {0xaf9, 0xd4e8},
    {0x11c1, 0xd4e9},
    {0xafa, 0xd4ec},
    {0x11c2, 0xd4ef},
    {0xafb, 0xd4f0},
    {0xafc, 0xd4f8},
    {0x11c3, 0xd4f9},
    {0x2b26, 0xd4fa},
    {0xafd, 0xd4fb},
    {0x2b27, 0xd4fc},
    {0xafe, 0xd4fd},
    {0xaff, 0xd504},
    {0x11c4, 0xd505},
    {0xb00, 0xd508},
    {0x11c5, 0xd50b},
    {0xb01, 0xd50c},
    {0x11c6, 0xd510},
    {0x2b38, 0xd516},
    {0xb04, 0xd517},
    {0x2b39, 0xd518},
    {0xb05, 0xd519},
    {0xb06, 0xd520},
    {0x11c7, 0xd521},
    {0x11c8, 0xd524},
    {0x11c9, 0xd528},
    {0x2b4c, 0xd532},
    {0x11cc, 0xd533},
    {0x2b4d, 0xd534},
    {0xb07, 0xd535},
    {0xb0a, 0xd540},
    {0x11cd, 0xd543},
    {0xb0b, 0xd544},
    {0x2b5f, 0xd54e},
    {0x2b63, 0xd557},
    {0xb13, 0xd55c},
    {0x11d0, 0xd55f},
    {0xb14, 0xd560},
    {0x11d1, 0xd561},
    {0x2b68, 0xd562},
    {0x11d2, 0xd563},
    {0x2b69, 0xd566},
    {0x11d3, 0xd567},
    {0x2b6a, 0xd56a},
    {0xb19, 0xd56b},
    {0x11d4, 0xd56c},
    {0xb1a, 0xd56d},
    {0x11d5, 0xd56e},
    {0x2b6b, 0xd56f},
    {0xb1b, 0xd570},
    {0x11d6, 0xd571},
    {0x2b6c, 0xd572},
    {0xb1f, 0xd578},
    {0x2b78, 0xd586},
    {0x2b79, 0xd58a},
    {0xb27, 0xd58b},
    {0x2b7a, 0xd58c},
    {0x11d7, 0xd58d},
    {0x2b7b, 0xd58e},
    {0x11d8, 0xd591},
    {0xb2a, 0xd594},
    {0x11d9, 0xd598},
    {0x2b88, 0xd5a2},
    {0xb2b, 0xd5a3},
    {0x2b89, 0xd5a4},
    {0xb2c, 0xd5a5},
    {0x11dc, 0xd5ab},
    {0xb2d, 0xd5ac},
    {0xb2e, 0xd5c0},
    {0xb31, 0xd5cc},
    {0x11dd, 0xd5cf},
    {0xb32, 0xd5d0},
    {0x11de, 0xd5d1},
    {0xb33, 0xd5d2},
    {0x11df, 0xd5d5},
    {0x2baf, 0xd5d6},
    {0x2bb0, 0xd5da},
    {0xb37, 0xd5db},
    {0x11e0, 0xd5dc},
    {0xb38, 0xd5dd},
    {0x11e1, 0xd5e2},
    {0xb3e, 0xd5e8},
    {0x11e2, 0xd5eb},
    {0xb3f, 0xd5ec},
    {0x2bbe, 0xd5f6},
    {0x11e3, 0xd5fe},
    {0xb45, 0xd5ff},
    {0xb48, 0xd604},
    {0x11e4, 0xd607},
    {0xb49, 0xd608},
    {0x2bce, 0xd612},
    {0xb4f, 0xd61c},
    {0x11e5, 0xd61d},
    {0xb50, 0xd620},
    {0xb51, 0xd624},
    {0x11e6, 0xd62c},
    {0xb52, 0xd62d},
    {0x2be1, 0xd62e},
    {0x2be8, 0xd63a},
    {0x11ea, 0xd63b},
    {0xb55, 0xd63c},
    {0x11eb, 0xd63d},
    {0x2be9, 0xd63e},
    {0x11ec, 0xd63f},
    {0xb56, 0xd640},
    {0x11ed, 0xd641},
    {0x11ee, 0xd644},
    {0xb57, 0xd645},
    {0x2bec, 0xd646},
    {0x11ef, 0xd647},
    {0x2bed, 0xd64a},
    {0xb5a, 0xd64b},
    {0x2bee, 0xd64c},
    {0xb5b, 0xd64d},
    {0xb5c, 0xd651},
    {0xb5f, 0xd658},
    {0x11f0, 0xd65b},
    {0xb60, 0xd65c},
    {0x11f1, 0xd660},
    {0x11f2, 0xd664},
    {0xb61, 0xd665},
    {0x11f3, 0xd666},
    {0xb67, 0xd674},
    {0x2c0f, 0xd682},
    {0xb68, 0xd683},
    {0x11f8, 0xd684},
    {0xb69, 0xd685},
    {0xb6c, 0xd690},
    {0x11f9, 0xd693},
    {0xb6d, 0xd694},
    {0x11fa, 0xd69c},
    {0xb6e, 0xd69d},
    {0x2c21, 0xd69e},
    {0xb6f, 0xd69f},
    {0x2c22, 0xd6a0},
    {0xb70, 0xd6a1},
    {0xb71, 0xd6a8},
    {0x11fb, 0xd6a9},
    {0xb72, 0xd6ac},
    {0x11fc, 0xd6af},
    {0xb73, 0xd6b0},
    {0x11fd, 0xd6b8},
    {0xb74, 0xd6b9},
    {0x2c34, 0xd6ba},
    {0xb75, 0xd6bb},
    {0x2c35, 0xd6bc},
    {0xb76, 0xd6bd},
    {0xb79, 0xd6c8},
    {0x11fe, 0xd6cb},
    {0x11ff, 0xd6ce},
    {0x2c40, 0xd6cf},
    {0x1200, 0xd6d2},
    {0x2c41, 0xd6d6},
    {0xb81, 0xd6d7},
    {0x2c42, 0xd6d8},
    {0xb82, 0xd6d9},
    {0xb83, 0xd6e0},
    {0x1203, 0xd6e1},
    {0xb84, 0xd6e4},
    {0xb85, 0xd6e8},
    {0xb86, 0xd6f0},
    {0x1204, 0xd6f1},
    {0x2c53, 0xd6f2},
    {0xb87, 0xd6f5},
    {0xb8a, 0xd700},
    {0x1207, 0xd703},
    {0xb8b, 0xd704},
    {0x2c65, 0xd70e},
    {0xb8c, 0xd711},
    {0xb8f, 0xd71c},
    {0x120c, 0xd71f},
    {0xb90, 0xd720},
    {0x2c77, 0xd72a},
    {0xb93, 0xd72b},
    {0x2c78, 0xd72c},
    {0xb94, 0xd72d},
    {0xb97, 0xd738},
    {0x2c81, 0xd739},
    {0xb98, 0xd73c},
    {0x120f, 0xd743},
    {0xb99, 0xd744},
    {0x1210, 0xd745},
    {0x2c88, 0xd746},
    {0xb9a, 0xd747},
    {0x2c89, 0xd748},
    {0xb9b, 0xd749},
    {0x1211, 0xd74d},
    {0xb9e, 0xd754},
    {0x1212, 0xd755},
    {0xba3, 0xd75d},
    {0x2c94, 0xd75e},
    {0x1213, 0xd75f},
    {0x2c95, 0xd762},
    {0xba6, 0xd763},
    {0x2c96, 0xd764},
    {0xba7, 0xd765},
    {0x1214, 0xd768},
    {0xba8, 0xd769},
    {0xba9, 0xd76c},
    {0x1217, 0xd76d},
    {0xbaa, 0xd770},
    {0x1218, 0xd773},
    {0xbab, 0xd774},
    {0x2ca4, 0xd77e},
    {0x1219, 0xd77f},
    {0x2ca5, 0xd780},
    {0xbae, 0xd781},
    {0xbb1, 0xd78c},
    {0x121a, 0xd78f},
    {0xbb2, 0xd790},
    {0x121b, 0xd797},
    {0x2cb6, 0xd79a},
    {0x121c, 0xd7a0},
    {0xbb8, 0xd7a3},
    {0x2db8, 0xd83cdd00},
    {0x5782, 0xd840dcd7},
    {0x5783, 0xd840dd2c},
    {0x5784, 0xd841ddca},
    {0x5785, 0xd842dd84},
    {0x5786, 0xd844dd55},
    {0x5787, 0xd844de8d},
    {0x5788, 0xd845dd94},
    {0x5789, 0xd845df27},
    {0x578a, 0xd847df5c},
    {0x578b, 0xd849dcb0},
    {0x578c, 0xd849dced},
    {0x578d, 0xd84add4f},
    {0x578e, 0xd84bdc6f},
    {0x578f, 0xd84bdee0},
    {0x5790, 0xd84cdcfd},
    {0x5791, 0xd84cdf43},
    {0x5792, 0xd84dde3b},
    {0x5793, 0xd84eded9},
    {0x5794, 0xd850def1},
    {0x5795, 0xd850df9d},
    {0x5796, 0xd852dcf0},
    {0x5797, 0xd852de01},
    {0x5798, 0xd852de12},
    {0x5799, 0xd854dc55},
    {0x579a, 0xd854df3e},
    {0x579b, 0xd854dfb5},
    {0x579c, 0xd854dffe},
    {0x579d, 0xd856dc32},
    {0x579e, 0xd856dc3a},
    {0x579f, 0xd856dc74},
    {0x57a0, 0xd856dd78},
    {0x57a1, 0xd856df97},
    {0x57a2, 0xd857de44},
    {0x57a3, 0xd858dc57},
    {0x57a4, 0xd859dda4},
    {0x57a5, 0xd859dfd8},
    {0x57a6, 0xd85cdd44},
    {0x57a7, 0xd85dddff},
    {0x57a8, 0xd85dde25},
    {0x57a9, 0xd85ede51},
    {0x57aa, 0xd85edf02},
    {0x57ab, 0xd85fdcef},
    {0x57ac, 0xd85fde7d},
    {0x57ad, 0xd85fdf1b},
    {0x57ae, 0xd860dff6},
    {0x57af, 0xd861dcdc},
    {0x57b0, 0xd863dd8a},
    {0x57b1, 0xd863dda1},
    {0x57b2, 0xd864ddd5},
    {0x57b3, 0xd864dde3},
    {0x57b4, 0xd865dcde},
    {0x57b5, 0xd865dd09},
    {0x57b6, 0xd866dc3b},
    {0x57b7, 0xd868dead},
    {0x57b8, 0xd869dcd0},
    {0x57b9, 0xd869de64},
    {0x57ba, 0xd870dd15},
    {0x57bb, 0xd871dfd3},
    {0x57bc, 0xd879dd69},
    {0x57bd, 0xd881df29},
    {0x4693, 0xf900},
    {0x3e29, 0xf901},
    {0x470a, 0xf902},
    {0x46bc, 0xf903},
    {0x402f, 0xf904},
    {0x37af, 0xf905},
    {0x3967, 0xf906},
    {0x49a9, 0xf907},
    {0x49a9, 0xf908},
    {0x3a85, 0xf909},
    {0x47d2, 0xf90a},
    {0x39c4, 0xf90b},
    {0x3a80, 0xf90c},
    {0x3cc1, 0xf90d},
    {0x421a, 0xf90e},
    {0x43f5, 0xf90f},
    {0x457e, 0xf910},
    {0x45ad, 0xf911},
    {0x45ea, 0xf912},
    {0x4791, 0xf913},
    {0x3ef5, 0xf914},
    {0x3faf, 0xf915},
    {0x40b0, 0xf916},
    {0x415c, 0xf917},
    {0x451c, 0xf918},
    {0x47b7, 0xf919},
    {0x4921, 0xf91a},
    {0x37c6, 0xf91b},
    {0x394b, 0xf91c},
    {0x3f20, 0xf91d},
    {0x40f6, 0xf91e},
    {0x457d, 0xf91f},
    {0x497c, 0xf920},
    {0x3b7c, 0xf921},
    {0x4076, 0xf922},
    {0x4568, 0xf923},
    {0x45fa, 0xf924},
    {0x3cff, 0xf925},
    {0x4487, 0xf926},
    {0x45b7, 0xf927},
    {0x3bd8, 0xf928},
    {0x3e39, 0xf929},
    {0x3fc4, 0xf92a},
    {0x4125, 0xf92b},
    {0x5520, 0xf92c},
    {0x3820, 0xf92d},
    {0x38bf, 0xf92e},
    {0x3917, 0xf92f},
    {0x3d6c, 0xf930},
    {0x3f1b, 0xf931},
    {0x40f5, 0xf932},
    {0x423a, 0xf933},
    {0x4415, 0xf934},
    {0x4577, 0xf935},
    {0x4584, 0xf936},
    {0x46ee, 0xf937},
    {0x48a8, 0xf938},
    {0x494d, 0xf939},
    {0x497a, 0xf93a},
    {0x427e, 0xf93b},
    {0x42ae, 0xf93c},
    {0x439f, 0xf93d},
    {0x4503, 0xf93e},
    {0x4801, 0xf93f},
    {0x4980, 0xf940},
    {0x4657, 0xf941},
    {0x3a64, 0xf942},
    {0x3be9, 0xf943},
    {0x4350, 0xf944},
    {0x4431, 0xf945},
    {0x410e, 0xf946},
    {0x428b, 0xf947},
    {0x46b8, 0xf948},
    {0x489a, 0xf949},
    {0x3a61, 0xf94a},
    {0x3b52, 0xf94b},
    {0x3ef8, 0xf94c},
    {0x3fe4, 0xf94d},
    {0x403a, 0xf94e},
    {0x4382, 0xf94f},
    {0x43cb, 0xf950},
    {0x485a, 0xf951},
    {0x3910, 0xf952},
    {0x4438, 0xf953},
    {0x38c7, 0xf954},
    {0x38c5, 0xf955},
    {0x42d6, 0xf956},
    {0x43ab, 0xf957},
    {0x450d, 0xf958},
    {0x4869, 0xf959},
    {0x4688, 0xf95a},
    {0x3d02, 0xf95b},
    {0x3ef5, 0xf95c},
    {0x4666, 0xf95d},
    {0x37b1, 0xf95e},
    {0x3b25, 0xf95f},
    {0x3c37, 0xf960},
    {0x4143, 0xf961},
    {0x41e0, 0xf962},
    {0x392a, 0xf963},
    {0x4293, 0xf964},
    {0x382f, 0xf965},
    {0x3c22, 0xf966},
    {0x37a6, 0xf967},
    {0x3f9b, 0xf968},
    {0x3da2, 0xf969},
    {0x437e, 0xf96a},
    {0x3959, 0xf96b},
    {0x3a44, 0xf96c},
    {0x4241, 0xf96d},
    {0x451d, 0xf96e},
    {0x4649, 0xf96f},
    {0x3f4b, 0xf970},
    {0x473a, 0xf971},
    {0x3f81, 0xf972},
    {0x3d14, 0xf973},
    {0x44d6, 0xf974},
    {0x3d35, 0xf975},
    {0x41dc, 0xf976},
    {0x37dd, 0xf977},
    {0x38a7, 0xf978},
    {0x38c3, 0xf979},
    {0x3e9f, 0xf97a},
    {0x4368, 0xf97b},
    {0x44af, 0xf97c},
    {0x4656, 0xf97d},
    {0x47d0, 0xf97e},
    {0x391d, 0xf97f},
    {0x398b, 0xf980},
    {0x3a92, 0xf981},
    {0x3be2, 0xf982},
    {0x3dbd, 0xf983},
    {0x407a, 0xf984},
    {0x4297, 0xf985},
    {0x4844, 0xf986},
    {0x4938, 0xf987},
    {0x4983, 0xf988},
    {0x498d, 0xf989},
    {0x3901, 0xf98a},
    {0x3e1d, 0xf98b},
    {0x3f3a, 0xf98c},
    {0x4732, 0xf98d},
    {0x3bbb, 0xf98e},
    {0x3ca9, 0xf98f},
    {0x3cc7, 0xf990},
    {0x3d61, 0xf991},
    {0x4040, 0xf992},
    {0x40c1, 0xf993},
    {0x419d, 0xf994},
    {0x42c1, 0xf995},
    {0x43bc, 0xf996},
    {0x442b, 0xf997},
    {0x4720, 0xf998},
    {0x453c, 0xf999},
    {0x4762, 0xf99a},
    {0x4811, 0xf99b},
    {0x38da, 0xf99c},
    {0x3904, 0xf99d},
    {0x39a2, 0xf99e},
    {0x40ac, 0xf99f},
    {0x45dd, 0xf9a0},
    {0x4649, 0xf9a1},
    {0x3bd7, 0xf9a2},
    {0x3c33, 0xf9a3},
    {0x3d2b, 0xf9a4},
    {0x3f46, 0xf9a5},
    {0x434b, 0xf9a6},
    {0x413d, 0xf9a7},
    {0x37f0, 0xf9a8},
    {0x39f6, 0xf9a9},
    {0x3b25, 0xf9aa},
    {0x3b87, 0xf9ab},
    {0x3c39, 0xf9ac},
    {0x414f, 0xf9ad},
    {0x4196, 0xf9ae},
    {0x43fb, 0xf9af},
    {0x4425, 0xf9b0},
    {0x47e1, 0xf9b1},
    {0x4899, 0xf9b2},
    {0x48ad, 0xf9b3},
    {0x48d6, 0xf9b4},
    {0x3823, 0xf9b5},
    {0x42b7, 0xf9b6},
    {0x47c7, 0xf9b7},
    {0x55eb, 0xf9b8},
    {0x3c72, 0xf9b9},
    {0x37c7, 0xf9ba},
    {0x387f, 0xf9bb},
    {0x3b2a, 0xf9bc},
    {0x3b46, 0xf9bd},
    {0x3dac, 0xf9be},
    {0x3ef5, 0xf9bf},
    {0x40e4, 0xf9c0},
    {0x4213, 0xf9c1},
    {0x453e, 0xf9c2},
    {0x4786, 0xf9c3},
    {0x49a6, 0xf9c4},
    {0x3e09, 0xf9c5},
    {0x4853, 0xf9c6},
    {0x38fd, 0xf9c7},
    {0x3e5d, 0xf9c8},
    {0x3e80, 0xf9c9},
    {0x3fbd, 0xf9ca},
    {0x401d, 0xf9cb},
    {0x416e, 0xf9cc},
    {0x41d7, 0xf9cd},
    {0x4278, 0xf9ce},
    {0x4375, 0xf9cf},
    {0x48e3, 0xf9d0},
    {0x38ab, 0xf9d1},
    {0x3cd6, 0xf9d2},
    {0x486c, 0xf9d3},
    {0x385a, 0xf9d4},
    {0x3b77, 0xf9d5},
    {0x3fe8, 0xf9d6},
    {0x4723, 0xf9d7},
    {0x3c16, 0xf9d8},
    {0x3c8d, 0xf9d9},
    {0x3e89, 0xf9da},
    {0x4143, 0xf9db},
    {0x486f, 0xf9dc},
    {0x38de, 0xf9dd},
    {0x397b, 0xf9de},
    {0x3b54, 0xf9df},
    {0x3ddb, 0xf9e0},
    {0x3e4d, 0xf9e1},
    {0x3eaa, 0xf9e2},
    {0x3fa3, 0xf9e3},
    {0x416c, 0xf9e4},
    {0x4203, 0xf9e5},
    {0x43f4, 0xf9e6},
    {0x45de, 0xf9e7},
    {0x45e5, 0xf9e8},
    {0x47cd, 0xf9e9},
    {0x4891, 0xf9ea},
    {0x3932, 0xf9eb},
    {0x4027, 0xf9ec},
    {0x397f, 0xf9ed},
    {0x40e5, 0xf9ee},
    {0x419f, 0xf9ef},
    {0x4573, 0xf9f0},
    {0x487a, 0xf9f1},
    {0x4960, 0xf9f2},
    {0x4985, 0xf9f3},
    {0x3e67, 0xf9f4},
    {0x3fdf, 0xf9f5},
    {0x448c, 0xf9f6},
    {0x4303, 0xf9f7},
    {0x4317, 0xf9f8},
    {0x4356, 0xf9f9},
    {0x411a, 0xf9fa},
    {0x40a0, 0xf9fb},
    {0x467e, 0xf9fc},
    {0x37e0, 0xf9fd},
    {0x44e9, 0xf9fe},
    {0x38e6, 0xf9ff},
    {0x38d5, 0xfa00},
    {0x3bcc, 0xfa01},
    {0x3d05, 0xfa02},
    {0x4364, 0xfa03},
    {0x3af2, 0xfa04},
    {0x3fb0, 0xfa05},
    {0x3e18, 0xfa06},
    {0x4728, 0xfa07},
    {0x45bf, 0xfa08},
    {0x485c, 0xfa09},
    {0x4602, 0xfa0a},
    {0x3bda, 0xfa0b},
    {0x47a1, 0xfa2e},
    {0x487f, 0xfa2f},
    {0x2ddb, 0xff5e},
    {0x30d0, 0xffa0},
    {0x2e59, 0xffe3},
    {0x2fca, 0xffe5},
    {0x2e5a, 0xffe6},
};

static pdf_char_range_map_t char_range_map_UNIAKR_UTF16_H[] = {
    {0x0020, 0x007e, 0x1},
    {0x00a2, 0x00a5, 0x60},
    {0x00a6, 0x00a8, 0x57d1},
    {0x00ab, 0x00ac, 0x2e66},
    {0x00b0, 0x00b1, 0x66},
    {0x00b2, 0x00b3, 0x2e68},
    {0x00b4, 0x00b5, 0x57d6},
    {0x00b6, 0x00b7, 0x68},
    {0x00bb, 0x00be, 0x2e6b},
    {0x00bf, 0x00d6, 0x57da},
    {0x00d8, 0x00f6, 0x57f2},
    {0x00f8, 0x00ff, 0x5811},
    {0x0126, 0x0127, 0x581a},
    {0x0131, 0x0133, 0x581c},
    {0x013f, 0x0142, 0x5820},
    {0x0149, 0x014b, 0x5824},
    {0x014e, 0x014f, 0x5827},
    {0x0152, 0x0153, 0x5829},
    {0x0166, 0x0167, 0x582b},
    {0x016c, 0x016d, 0x582d},
    {0x02d8, 0x02dd, 0x2e71},
    {0x0391, 0x03a1, 0x582f},
    {0x03a3, 0x03a9, 0x5840},
    {0x03b1, 0x03c9, 0x5847},
    {0x0410, 0x044f, 0x5861},
    {0x1100, 0x11ff, 0x3070},
    {0x2002, 0x2007, 0x6c},
    {0x2009, 0x200a, 0x72},
    {0x2012, 0x2015, 0x74},
    {0x2018, 0x2019, 0x78},
    {0x201c, 0x201d, 0x7a},
    {0x2020, 0x2023, 0x7c},
    {0x2025, 0x2026, 0x80},
    {0x2032, 0x2033, 0x82},
    {0x2047, 0x2049, 0x2e7c},
    {0x2074, 0x2079, 0x2e80},
    {0x207f, 0x2089, 0x2e86},
    {0x2153, 0x2154, 0x2e96},
    {0x215b, 0x215e, 0x2e98},
    {0x2160, 0x2169, 0x2e9c},
    {0x2170, 0x2179, 0x2ea6},
    {0x2190, 0x2199, 0x8a},
    {0x2202, 0x2203, 0x2eb3},
    {0x2207, 0x2208, 0x2eb5},
    {0x221d, 0x221e, 0x2ebb},
    {0x2227, 0x222c, 0x2ebf},
    {0x2234, 0x2236, 0x2ec6},
    {0x223c, 0x223d, 0x2ec9},
    {0x2264, 0x2265, 0x96},
    {0x2266, 0x2267, 0x2ecd},
    {0x226a, 0x226b, 0x2ecf},
    {0x2282, 0x2283, 0x2ed1},
    {0x2286, 0x2287, 0x2ed3},
    {0x2329, 0x232a, 0x9e},
    {0x2460, 0x24f4, 0x2cbb},
    {0x2500, 0x2503, 0x2ed9},
    {0x250c, 0x254b, 0x2edd},
    {0x25a3, 0x25a9, 0x2f1f},
    {0x25b2, 0x25b3, 0x2f26},
    {0x25b6, 0x25b7, 0x2f28},
    {0x25bc, 0x25bd, 0x2f2a},
    {0x25c0, 0x25c1, 0x2f2c},
    {0x25c6, 0x25c9, 0x2f2e},
    {0x25ce, 0x25d1, 0x2f32},
    {0x2605, 0x2606, 0x2f36},
    {0x260e, 0x260f, 0x2f38},
    {0x2660, 0x2661, 0x2f3e},
    {0x2663, 0x2665, 0x2f40},
    {0x2667, 0x266a, 0x2f43},
    {0x266c, 0x266d, 0x2f47},
    {0x2776, 0x277f, 0x2d51},
    {0x2e3a, 0x2e3b, 0x9c},
    {0x2f33, 0x2f34, 0x4cf7},
    {0x2f5b, 0x2f5c, 0x4109},
    {0x2fa7, 0x2fa8, 0x4835},
    {0x2faf, 0x2fb0, 0x48b3},
    {0x2fb8, 0x2fb9, 0x490c},
    {0x2fbf, 0x2fc0, 0x56ca},
    {0x2fc8, 0x2fc9, 0x498b},
    {0x2fcd, 0x2fd1, 0x4998},
    {0x3001, 0x3002, 0x2dd3},
    {0x3008, 0x3011, 0x9e},
    {0x3014, 0x3015, 0xa8},
    {0x3016, 0x301c, 0x2dd5},
    {0x302e, 0x302f, 0x2fcb},
    {0x3041, 0x3096, 0x58a2},
    {0x309d, 0x309e, 0x58f8},
    {0x30a1, 0x30fe, 0x58fa},
    {0x3131, 0x3163, 0xaa},
    {0x3164, 0x318e, 0x2f4c},
    {0x3200, 0x321e, 0x2d5b},
    {0x3251, 0x327f, 0x2d7a},
    {0x32b1, 0x32bf, 0x2da9},
    {0x3380, 0x3384, 0x2f77},
    {0x3388, 0x33ca, 0x2f7c},
    {0x33cf, 0x33d0, 0x2fbf},
    {0x33db, 0x33dd, 0x2fc4},
    {0x36c3, 0x36c5, 0x49b0},
    {0x3cbd, 0x3cbe, 0x49cf},
    {0x4cdf, 0x4ce0, 0x4a04},
    {0x4e00, 0x4e01, 0x379e},
    {0x4e07, 0x4e0b, 0x37a1},
    {0x4e14, 0x4e16, 0x37a8},
    {0x4e18, 0x4e19, 0x37ab},
    {0x4e30, 0x4e31, 0x4a0b},
    {0x4e38, 0x4e39, 0x37b0},
    {0x4e42, 0x4e43, 0x37b3},
    {0x4e4d, 0x4e4f, 0x37b7},
    {0x4e58, 0x4e59, 0x37bb},
    {0x4e5d, 0x4e5f, 0x37bd},
    {0x4e64, 0x4e65, 0x4a11},
    {0x4e6e, 0x4e6f, 0x4a15},
    {0x4e76, 0x4e77, 0x37c3},
    {0x4e7a, 0x4e7d, 0x4a18},
    {0x4e8b, 0x4e8c, 0x37c9},
    {0x4e90, 0x4e92, 0x37cc},
    {0x4e94, 0x4e95, 0x37cf},
    {0x4ea1, 0x4ea2, 0x37d4},
    {0x4ea4, 0x4ea6, 0x37d6},
    {0x4eab, 0x4eae, 0x37da},
    {0x4eb3, 0x4eb4, 0x4a23},
    {0x4ec0, 0x4ec1, 0x37e0},
    {0x4eca, 0x4ecb, 0x37e4},
    {0x4ed4, 0x4ed9, 0x37e7},
    {0x4ee3, 0x4ee5, 0x37ef},
    {0x4ef6, 0x4ef7, 0x37f4},
    {0x4f09, 0x4f0b, 0x37f8},
    {0x4f0d, 0x4f11, 0x37fb},
    {0x4f3c, 0x4f3d, 0x3805},
    {0x4f46, 0x4f48, 0x3808},
    {0x4f4d, 0x4f51, 0x380b},
    {0x4f53, 0x4f54, 0x4a37},
    {0x4f56, 0x4f57, 0x4a39},
    {0x4f59, 0x4f5c, 0x3811},
    {0x4f5d, 0x4f5f, 0x4a3b},
    {0x4f6f, 0x4f70, 0x3816},
    {0x4f78, 0x4f79, 0x4a40},
    {0x4f7b, 0x4f7d, 0x4a42},
    {0x4f7e, 0x4f7f, 0x381b},
    {0x4f83, 0x4f84, 0x381e},
    {0x4f8a, 0x4f8b, 0x3822},
    {0x4fae, 0x4faf, 0x382b},
    {0x4fb5, 0x4fb6, 0x382d},
    {0x4fc2, 0x4fc4, 0x3830},
    {0x4fc9, 0x4fca, 0x3833},
    {0x4fcc, 0x4fcd, 0x4a54},
    {0x4fcf, 0x4fd0, 0x4a56},
    {0x4fd3, 0x4fd4, 0x3837},
    {0x4fd8, 0x4fd9, 0x4a59},
    {0x4fdf, 0x4fe1, 0x383c},
    {0x4fee, 0x4fef, 0x383f},
    {0x5011, 0x5012, 0x384b},
    {0x5013, 0x5014, 0x4a66},
    {0x5019, 0x501a, 0x384e},
    {0x501e, 0x501f, 0x3851},
    {0x5023, 0x5024, 0x3854},
    {0x5026, 0x5028, 0x3856},
    {0x502a, 0x502d, 0x3859},
    {0x5047, 0x5049, 0x385f},
    {0x5058, 0x5059, 0x4a73},
    {0x5074, 0x5076, 0x3867},
    {0x5098, 0x5099, 0x386f},
    {0x509a, 0x509b, 0x4a80},
    {0x509d, 0x509e, 0x4a82},
    {0x50ac, 0x50ad, 0x3871},
    {0x50b2, 0x50b3, 0x3873},
    {0x50c9, 0x50ca, 0x3879},
    {0x50d5, 0x50d6, 0x387d},
    {0x5100, 0x5101, 0x3887},
    {0x5102, 0x5103, 0x4a94},
    {0x5113, 0x5115, 0x4a99},
    {0x5117, 0x5118, 0x4a9c},
    {0x511a, 0x511c, 0x4a9e},
    {0x5124, 0x5125, 0x4aa2},
    {0x5138, 0x5139, 0x4aa9},
    {0x5140, 0x5141, 0x3894},
    {0x5143, 0x5149, 0x3896},
    {0x514b, 0x514e, 0x389d},
    {0x5154, 0x5157, 0x4aae},
    {0x5167, 0x516e, 0x38a5},
    {0x5175, 0x5178, 0x38ae},
    {0x51a2, 0x51a4, 0x4abd},
    {0x51b0, 0x51b2, 0x4ac0},
    {0x51b6, 0x51b7, 0x38be},
    {0x51cb, 0x51cd, 0x38c4},
    {0x51dc, 0x51de, 0x38c7},
    {0x51f0, 0x51f1, 0x38cb},
    {0x51f3, 0x51f4, 0x4acd},
    {0x51f8, 0x51fa, 0x38ce},
    {0x5206, 0x5208, 0x38d4},
    {0x5224, 0x5225, 0x38dc},
    {0x5226, 0x5227, 0x4ad2},
    {0x5229, 0x522a, 0x38de},
    {0x5231, 0x5233, 0x4ad4},
    {0x5236, 0x523b, 0x38e2},
    {0x524a, 0x524d, 0x38ea},
    {0x525e, 0x525f, 0x4add},
    {0x5269, 0x526a, 0x38f3},
    {0x5287, 0x5289, 0x38fb},
    {0x5291, 0x5292, 0x38ff},
    {0x5297, 0x5298, 0x4ae4},
    {0x529f, 0x52a0, 0x3902},
    {0x52a3, 0x52a4, 0x3904},
    {0x52a9, 0x52ab, 0x3906},
    {0x52ac, 0x52ae, 0x4ae7},
    {0x52d5, 0x52d6, 0x3911},
    {0x52d8, 0x52d9, 0x3913},
    {0x52dd, 0x52df, 0x3916},
    {0x52e0, 0x52e1, 0x4aec},
    {0x52e2, 0x52e4, 0x3919},
    {0x52fa, 0x52fb, 0x391f},
    {0x52fe, 0x52ff, 0x3921},
    {0x5300, 0x5303, 0x4af1},
    {0x530f, 0x5310, 0x3926},
    {0x5315, 0x5317, 0x3928},
    {0x5320, 0x5321, 0x392c},
    {0x533d, 0x533e, 0x4afb},
    {0x533f, 0x5341, 0x3932},
    {0x5343, 0x5344, 0x3935},
    {0x5347, 0x534a, 0x3937},
    {0x5351, 0x5354, 0x393c},
    {0x536f, 0x5371, 0x3947},
    {0x5372, 0x5373, 0x4b02},
    {0x5374, 0x5375, 0x394a},
    {0x5378, 0x537b, 0x4b04},
    {0x539f, 0x53a0, 0x3953},
    {0x53a5, 0x53a6, 0x3955},
    {0x53b2, 0x53b3, 0x4b10},
    {0x53c8, 0x53cb, 0x395a},
    {0x53d6, 0x53d7, 0x3960},
    {0x53e1, 0x53e5, 0x3963},
    {0x53e9, 0x53ed, 0x3968},
    {0x53ef, 0x53f3, 0x396d},
    {0x53f4, 0x53f7, 0x4b1b},
    {0x5403, 0x5404, 0x3973},
    {0x5408, 0x540a, 0x3975},
    {0x540c, 0x5411, 0x3978},
    {0x541f, 0x5420, 0x3980},
    {0x5438, 0x5439, 0x3986},
    {0x543b, 0x543c, 0x3988},
    {0x547b, 0x547d, 0x3994},
    {0x54ab, 0x54ac, 0x399e},
    {0x54bb, 0x54bc, 0x4b3d},
    {0x54c0, 0x54c1, 0x39a3},
    {0x54c2, 0x54c3, 0x4b40},
    {0x54c6, 0x54c7, 0x4b42},
    {0x54c8, 0x54c9, 0x39a6},
    {0x54ed, 0x54ee, 0x39ab},
    {0x5506, 0x5507, 0x39b0},
    {0x557d, 0x557f, 0x4b59},
    {0x5581, 0x5583, 0x4b5c},
    {0x5586, 0x5587, 0x39c3},
    {0x5589, 0x558a, 0x39c5},
    {0x5593, 0x5594, 0x4b61},
    {0x5598, 0x559a, 0x39c7},
    {0x559c, 0x559d, 0x39ca},
    {0x559e, 0x559f, 0x4b63},
    {0x55a3, 0x55a4, 0x4b65},
    {0x55a9, 0x55ac, 0x39cd},
    {0x55e3, 0x55e4, 0x39d8},
    {0x55fd, 0x55fe, 0x39da},
    {0x560c, 0x5610, 0x4b75},
    {0x5637, 0x5639, 0x4b7e},
    {0x5641, 0x5642, 0x4b83},
    {0x564d, 0x564f, 0x4b87},
    {0x5664, 0x5665, 0x4b8b},
    {0x5669, 0x566a, 0x4b8d},
    {0x566c, 0x566d, 0x4b8f},
    {0x5699, 0x569a, 0x4b9a},
    {0x56c0, 0x56c3, 0x4b9f},
    {0x56c8, 0x56c9, 0x4ba3},
    {0x56da, 0x56db, 0x39f1},
    {0x56e6, 0x56e7, 0x4ba7},
    {0x56f9, 0x56fa, 0x39f6},
    {0x5701, 0x5702, 0x4bae},
    {0x5703, 0x5704, 0x39f8},
    {0x5709, 0x570a, 0x4bb1},
    {0x5712, 0x5713, 0x39fd},
    {0x5729, 0x572a, 0x4bb5},
    {0x574d, 0x574e, 0x3a0a},
    {0x5750, 0x5751, 0x3a0c},
    {0x5767, 0x5769, 0x4bbd},
    {0x5777, 0x5778, 0x4bc3},
    {0x57a2, 0x57a3, 0x3a1b},
    {0x57c7, 0x57c8, 0x3a1e},
    {0x57d1, 0x57d2, 0x4bcf},
    {0x57df, 0x57e0, 0x3a22},
    {0x57ed, 0x57ee, 0x4bd4},
    {0x57f9, 0x57fa, 0x3a27},
    {0x5803, 0x5804, 0x4bda},
    {0x5805, 0x5806, 0x3a2c},
    {0x5808, 0x580a, 0x3a2e},
    {0x582f, 0x5831, 0x3a36},
    {0x5834, 0x5835, 0x3a39},
    {0x584a, 0x584b, 0x3a3c},
    {0x584c, 0x584d, 0x4be6},
    {0x5857, 0x5858, 0x3a41},
    {0x5861, 0x5862, 0x3a45},
    {0x5880, 0x5881, 0x4bed},
    {0x588c, 0x588d, 0x4bf0},
    {0x589e, 0x589f, 0x3a51},
    {0x58a8, 0x58a9, 0x3a53},
    {0x58b0, 0x58b1, 0x4bf7},
    {0x58ba, 0x58bb, 0x3a57},
    {0x58d8, 0x58d9, 0x3a61},
    {0x58dc, 0x58dd, 0x4bfc},
    {0x58de, 0x58df, 0x3a63},
    {0x58eb, 0x58ec, 0x3a66},
    {0x58ed, 0x58ee, 0x4bff},
    {0x58f9, 0x58fb, 0x3a69},
    {0x5914, 0x5916, 0x3a6e},
    {0x5919, 0x591a, 0x3a71},
    {0x5924, 0x5925, 0x4c06},
    {0x5929, 0x592b, 0x3a76},
    {0x592d, 0x592e, 0x3a79},
    {0x5947, 0x5949, 0x3a7f},
    {0x594e, 0x5951, 0x3a82},
    {0x5954, 0x5955, 0x3a86},
    {0x596a, 0x596e, 0x3a8d},
    {0x5973, 0x5974, 0x3a92},
    {0x5982, 0x5984, 0x3a96},
    {0x598c, 0x598d, 0x4c15},
    {0x5991, 0x5992, 0x4c17},
    {0x5996, 0x5997, 0x3a9b},
    {0x59a3, 0x59a4, 0x4c1a},
    {0x59b5, 0x59b6, 0x4c1f},
    {0x59d0, 0x59d1, 0x3aa8},
    {0x59d3, 0x59d4, 0x3aaa},
    {0x59d9, 0x59da, 0x3aac},
    {0x59dc, 0x59dd, 0x3aae},
    {0x59e2, 0x59e5, 0x4c29},
    {0x59f9, 0x59fa, 0x4c31},
    {0x5a09, 0x5a0a, 0x4c34},
    {0x5a19, 0x5a1a, 0x4c38},
    {0x5a1b, 0x5a1c, 0x3abc},
    {0x5a1f, 0x5a20, 0x3abe},
    {0x5a3f, 0x5a40, 0x4c3f},
    {0x5a4b, 0x5a4c, 0x4c42},
    {0x5a50, 0x5a51, 0x4c44},
    {0x5a69, 0x5a6a, 0x4c49},
    {0x5a9a, 0x5a9b, 0x3acb},
    {0x5a9e, 0x5a9f, 0x4c54},
    {0x5aba, 0x5abf, 0x4c5b},
    {0x5ac1, 0x5ac2, 0x3ace},
    {0x5ad5, 0x5ad7, 0x4c63},
    {0x5ad9, 0x5adb, 0x4c66},
    {0x5ae2, 0x5ae5, 0x4c6b},
    {0x5aed, 0x5aef, 0x4c70},
    {0x5afa, 0x5afb, 0x4c74},
    {0x5b0b, 0x5b0c, 0x3ad8},
    {0x5b3e, 0x5b3f, 0x4c81},
    {0x5b50, 0x5b51, 0x3ade},
    {0x5b54, 0x5b55, 0x3ae0},
    {0x5b57, 0x5b58, 0x3ae2},
    {0x5b5c, 0x5b5d, 0x3ae5},
    {0x5b63, 0x5b64, 0x3ae8},
    {0x5b65, 0x5b66, 0x4c88},
    {0x5b70, 0x5b71, 0x3aec},
    {0x5b81, 0x5b82, 0x4c8c},
    {0x5b87, 0x5b89, 0x3af3},
    {0x5b8b, 0x5b8c, 0x3af6},
    {0x5b95, 0x5b9c, 0x3afa},
    {0x5ba2, 0x5ba6, 0x3b02},
    {0x5bb3, 0x5bb6, 0x3b0a},
    {0x5bb8, 0x5bb9, 0x3b0e},
    {0x5bbf, 0x5bc0, 0x3b10},
    {0x5bc2, 0x5bc7, 0x3b12},
    {0x5bd2, 0x5bd4, 0x3b1a},
    {0x5bde, 0x5bdf, 0x3b1e},
    {0x5be1, 0x5be2, 0x3b20},
    {0x5be4, 0x5be9, 0x3b22},
    {0x5beb, 0x5bec, 0x3b28},
    {0x5bee, 0x5bef, 0x3b2a},
    {0x5bf5, 0x5bf6, 0x3b2c},
    {0x5c05, 0x5c06, 0x4c97},
    {0x5c07, 0x5c0b, 0x3b32},
    {0x5c0d, 0x5c0f, 0x3b37},
    {0x5c1f, 0x5c20, 0x4c9b},
    {0x5c38, 0x5c3c, 0x3b40},
    {0x5c3e, 0x5c40, 0x3b45},
    {0x5c45, 0x5c46, 0x3b48},
    {0x5c4d, 0x5c4e, 0x3b4c},
    {0x5c64, 0x5c65, 0x3b53},
    {0x5c90, 0x5c91, 0x3b59},
    {0x5ca5, 0x5ca8, 0x4cad},
    {0x5cab, 0x5cac, 0x3b5d},
    {0x5cb7, 0x5cb8, 0x3b62},
    {0x5cef, 0x5cf0, 0x3b6a},
    {0x5d0d, 0x5d0e, 0x3b71},
    {0x5d16, 0x5d17, 0x3b75},
    {0x5d41, 0x5d42, 0x4cc3},
    {0x5d4b, 0x5d4c, 0x3b7a},
    {0x5d53, 0x5d54, 0x4cc7},
    {0x5d81, 0x5d82, 0x4cca},
    {0x5d94, 0x5d95, 0x4ccf},
    {0x5dbc, 0x5dbd, 0x3b88},
    {0x5ddd, 0x5dde, 0x3b8d},
    {0x5de1, 0x5de2, 0x3b8f},
    {0x5de5, 0x5de8, 0x3b91},
    {0x5dec, 0x5ded, 0x4cdf},
    {0x5df1, 0x5df4, 0x3b97},
    {0x5df8, 0x5df9, 0x4ce2},
    {0x5dfd, 0x5dfe, 0x3b9c},
    {0x5e02, 0x5e03, 0x3b9e},
    {0x5e3f, 0x5e40, 0x3bae},
    {0x5e44, 0x5e45, 0x3bb0},
    {0x5e61, 0x5e63, 0x3bb6},
    {0x5e6a, 0x5e6c, 0x4cf1},
    {0x5e70, 0x5e71, 0x4cf4},
    {0x5e72, 0x5e74, 0x3bb9},
    {0x5e77, 0x5e79, 0x3bbc},
    {0x5e7b, 0x5e7e, 0x3bbf},
    {0x5e7f, 0x5e80, 0x4cf8},
    {0x5ea6, 0x5ea7, 0x3bcc},
    {0x5eb5, 0x5eb8, 0x3bd0},
    {0x5ec8, 0x5eca, 0x3bd6},
    {0x5eda, 0x5edb, 0x3bdc},
    {0x5edd, 0x5ede, 0x4d07},
    {0x5edf, 0x5ee0, 0x3bde},
    {0x5ee2, 0x5ee3, 0x3be0},
    {0x5ee4, 0x5ee5, 0x4d0a},
    {0x5ee7, 0x5ee9, 0x4d0c},
    {0x5ef6, 0x5ef7, 0x3be4},
    {0x5efa, 0x5efb, 0x3be6},
    {0x5f07, 0x5f08, 0x4d12},
    {0x5f13, 0x5f15, 0x3bed},
    {0x5f17, 0x5f18, 0x3bf0},
    {0x5f26, 0x5f27, 0x3bf4},
    {0x5f56, 0x5f57, 0x3bff},
    {0x5f64, 0x5f65, 0x4d20},
    {0x5f66, 0x5f67, 0x3c04},
    {0x5f69, 0x5f6d, 0x3c06},
    {0x5f70, 0x5f71, 0x3c0b},
    {0x5f7f, 0x5f81, 0x3c10},
    {0x5f88, 0x5f89, 0x4d23},
    {0x5f8a, 0x5f8c, 0x3c15},
    {0x5f90, 0x5f92, 0x3c18},
    {0x5f97, 0x5f99, 0x3c1b},
    {0x5fa0, 0x5fa1, 0x3c1f},
    {0x5fa8, 0x5faa, 0x3c21},
    {0x5fac, 0x5fad, 0x4d28},
    {0x5fc8, 0x5fc9, 0x4d2d},
    {0x5fcc, 0x5fcd, 0x3c2b},
    {0x5fd2, 0x5fd3, 0x4d31},
    {0x5fd6, 0x5fd9, 0x3c2d},
    {0x5fdd, 0x5fdf, 0x4d34},
    {0x5fed, 0x5fef, 0x4d3a},
    {0x5ffb, 0x5ffc, 0x4d3f},
    {0x6014, 0x6015, 0x4d43},
    {0x601c, 0x601d, 0x3c39},
    {0x6020, 0x6021, 0x3c3b},
    {0x6027, 0x6028, 0x3c3e},
    {0x6041, 0x6043, 0x3c42},
    {0x6046, 0x6048, 0x4d4d},
    {0x605f, 0x6060, 0x4d52},
    {0x6062, 0x6065, 0x3c4b},
    {0x6068, 0x606a, 0x3c4f},
    {0x606c, 0x606d, 0x3c52},
    {0x606f, 0x6070, 0x3c54},
    {0x6083, 0x6084, 0x4d57},
    {0x608a, 0x608b, 0x4d5a},
    {0x608c, 0x608d, 0x3c58},
    {0x609a, 0x609b, 0x3c5c},
    {0x609f, 0x60a0, 0x3c5e},
    {0x60a3, 0x60a4, 0x3c60},
    {0x60b2, 0x60b4, 0x3c64},
    {0x60bc, 0x60bd, 0x3c69},
    {0x60d7, 0x60d9, 0x4d6c},
    {0x60dd, 0x60de, 0x4d70},
    {0x60df, 0x60e1, 0x3c70},
    {0x60f0, 0x60f1, 0x3c73},
    {0x60f7, 0x60f8, 0x4d75},
    {0x60f9, 0x60fb, 0x3c77},
    {0x6108, 0x6109, 0x3c7c},
    {0x610d, 0x610f, 0x3c7e},
    {0x611a, 0x611b, 0x3c82},
    {0x612b, 0x612d, 0x4d80},
    {0x613e, 0x613f, 0x3c8a},
    {0x6147, 0x6148, 0x3c8e},
    {0x614a, 0x614c, 0x3c90},
    {0x6158, 0x6159, 0x3c95},
    {0x6160, 0x6161, 0x4d8a},
    {0x6162, 0x6164, 0x3c99},
    {0x6167, 0x6168, 0x3c9c},
    {0x6173, 0x6175, 0x4d8e},
    {0x6176, 0x6177, 0x3ca1},
    {0x617d, 0x617e, 0x3ca3},
    {0x6181, 0x6182, 0x3ca5},
    {0x6190, 0x6191, 0x3ca9},
    {0x6192, 0x6193, 0x4d95},
    {0x6198, 0x619a, 0x3cac},
    {0x61ab, 0x61ac, 0x3cb2},
    {0x61bb, 0x61bd, 0x4d9b},
    {0x61c7, 0x61cb, 0x3cba},
    {0x61de, 0x61df, 0x4da3},
    {0x61f6, 0x61f8, 0x3cc1},
    {0x61fd, 0x61fe, 0x4da6},
    {0x6207, 0x6208, 0x3cc8},
    {0x620c, 0x620e, 0x3ccb},
    {0x6210, 0x6212, 0x3cce},
    {0x6214, 0x6215, 0x4da8},
    {0x6230, 0x6231, 0x3cd7},
    {0x6232, 0x6233, 0x4daf},
    {0x623e, 0x6241, 0x3cdb},
    {0x6247, 0x6249, 0x3cdf},
    {0x6251, 0x6252, 0x4db6},
    {0x625b, 0x625c, 0x4db9},
    {0x627f, 0x6280, 0x3ceb},
    {0x6289, 0x628a, 0x3cee},
    {0x6291, 0x6292, 0x3cf0},
    {0x6297, 0x6298, 0x3cf3},
    {0x62bc, 0x62bd, 0x3cfa},
    {0x62c4, 0x62c6, 0x4dcb},
    {0x62c7, 0x62c9, 0x3cfd},
    {0x62ca, 0x62cb, 0x4dce},
    {0x62cc, 0x62cd, 0x3d00},
    {0x62cf, 0x62d0, 0x3d02},
    {0x62d2, 0x62d4, 0x3d04},
    {0x62d6, 0x62d9, 0x3d07},
    {0x62db, 0x62dc, 0x3d0b},
    {0x62ec, 0x62ef, 0x3d0d},
    {0x62f5, 0x62f6, 0x4dd2},
    {0x62fe, 0x62ff, 0x3d14},
    {0x633a, 0x633b, 0x3d1c},
    {0x633d, 0x633e, 0x3d1e},
    {0x6342, 0x6344, 0x4ddc},
    {0x634d, 0x634e, 0x4de0},
    {0x634f, 0x6350, 0x3d22},
    {0x6367, 0x6368, 0x3d25},
    {0x637a, 0x637b, 0x3d2a},
    {0x6388, 0x6389, 0x3d2e},
    {0x638e, 0x638f, 0x4ded},
    {0x63a0, 0x63a2, 0x3d35},
    {0x63a7, 0x63aa, 0x3d39},
    {0x63cf, 0x63d0, 0x3d40},
    {0x63da, 0x63db, 0x3d43},
    {0x63df, 0x63e0, 0x4df6},
    {0x63ed, 0x63ee, 0x3d46},
    {0x63f6, 0x63f7, 0x3d49},
    {0x6416, 0x6417, 0x3d4e},
    {0x6424, 0x6425, 0x4e02},
    {0x642a, 0x642b, 0x4e05},
    {0x642c, 0x642d, 0x3d52},
    {0x642f, 0x6430, 0x4e07},
    {0x6478, 0x647a, 0x3d5a},
    {0x6491, 0x6493, 0x3d5e},
    {0x64a4, 0x64a5, 0x3d63},
    {0x64ad, 0x64ae, 0x3d66},
    {0x64be, 0x64bf, 0x4e1b},
    {0x64c4, 0x64c5, 0x3d6c},
    {0x64cd, 0x64ce, 0x3d70},
    {0x64e1, 0x64e2, 0x3d76},
    {0x64e5, 0x64e7, 0x3d78},
    {0x652a, 0x652c, 0x3d85},
    {0x6536, 0x6539, 0x3d89},
    {0x653e, 0x653f, 0x3d8e},
    {0x654d, 0x654f, 0x3d92},
    {0x6554, 0x6555, 0x4e33},
    {0x6556, 0x6557, 0x3d96},
    {0x6558, 0x6559, 0x4e35},
    {0x6562, 0x6563, 0x3d99},
    {0x656c, 0x656d, 0x3d9c},
    {0x6574, 0x6575, 0x3d9f},
    {0x6577, 0x6578, 0x3da1},
    {0x6582, 0x6583, 0x3da4},
    {0x6590, 0x6591, 0x3da9},
    {0x659b, 0x659c, 0x3dad},
    {0x65a4, 0x65a5, 0x3db1},
    {0x65ab, 0x65ac, 0x3db4},
    {0x65af, 0x65b0, 0x3db6},
    {0x65b1, 0x65b2, 0x4e3a},
    {0x65bc, 0x65bd, 0x3dba},
    {0x65bf, 0x65c0, 0x4e3c},
    {0x65c2, 0x65c4, 0x4e3e},
    {0x65cb, 0x65cc, 0x3dbe},
    {0x65e5, 0x65e6, 0x3dc5},
    {0x65e8, 0x65e9, 0x3dc7},
    {0x65ec, 0x65ed, 0x3dc9},
    {0x65fa, 0x65fd, 0x3dcd},
    {0x6602, 0x6603, 0x4e46},
    {0x6606, 0x6607, 0x3dd2},
    {0x6609, 0x660a, 0x3dd4},
    {0x660e, 0x6611, 0x3dd7},
    {0x6613, 0x6615, 0x3ddb},
    {0x661b, 0x661c, 0x4e49},
    {0x661e, 0x6620, 0x3dde},
    {0x6623, 0x6624, 0x4e4c},
    {0x6627, 0x6628, 0x3de2},
    {0x662f, 0x6631, 0x3de5},
    {0x663a, 0x663b, 0x3dea},
    {0x6641, 0x6644, 0x3dec},
    {0x6650, 0x6651, 0x4e54},
    {0x665d, 0x665f, 0x3df5},
    {0x6660, 0x6662, 0x4e58},
    {0x6664, 0x6669, 0x3df8},
    {0x666c, 0x666d, 0x4e5b},
    {0x666e, 0x666f, 0x3dff},
    {0x6673, 0x6674, 0x3e01},
    {0x6676, 0x6678, 0x3e03},
    {0x6687, 0x6689, 0x3e08},
    {0x668b, 0x668c, 0x4e62},
    {0x6690, 0x6691, 0x3e0c},
    {0x6696, 0x6698, 0x3e0e},
    {0x66b2, 0x66b4, 0x3e16},
    {0x66bf, 0x66c1, 0x4e6c},
    {0x66c6, 0x66c7, 0x3e1d},
    {0x66d3, 0x66d4, 0x4e71},
    {0x66da, 0x66db, 0x4e74},
    {0x66dc, 0x66dd, 0x3e22},
    {0x66e8, 0x66ea, 0x4e78},
    {0x66ee, 0x66ef, 0x4e7c},
    {0x66f2, 0x66f4, 0x3e27},
    {0x66f7, 0x66fa, 0x3e2a},
    {0x66fe, 0x66ff, 0x3e2f},
    {0x6704, 0x6705, 0x4e7e},
    {0x6708, 0x6709, 0x3e33},
    {0x6714, 0x6715, 0x3e37},
    {0x671d, 0x671f, 0x3e3b},
    {0x6722, 0x6723, 0x4e83},
    {0x6726, 0x6728, 0x3e3e},
    {0x672a, 0x672e, 0x3e41},
    {0x674b, 0x674c, 0x4e8a},
    {0x674e, 0x6751, 0x3e4d},
    {0x675e, 0x675f, 0x3e54},
    {0x676f, 0x6771, 0x3e57},
    {0x677e, 0x677f, 0x3e5e},
    {0x678f, 0x6790, 0x3e63},
    {0x6798, 0x6799, 0x4e97},
    {0x679c, 0x679d, 0x3e69},
    {0x67af, 0x67b0, 0x3e6b},
    {0x67b6, 0x67b8, 0x3e6e},
    {0x67cf, 0x67d4, 0x3e73},
    {0x67d6, 0x67d9, 0x4e9d},
    {0x67de, 0x67df, 0x4ea1},
    {0x67ef, 0x67f1, 0x3e7d},
    {0x67f3, 0x67f6, 0x3e80},
    {0x6803, 0x6804, 0x4ea6},
    {0x6812, 0x6813, 0x3e86},
    {0x6816, 0x6817, 0x3e88},
    {0x681d, 0x681e, 0x4eaa},
    {0x6821, 0x6822, 0x3e8a},
    {0x6831, 0x6832, 0x4ead},
    {0x6838, 0x6839, 0x3e8e},
    {0x683c, 0x683d, 0x3e90},
    {0x6840, 0x6843, 0x3e92},
    {0x6850, 0x6851, 0x3e98},
    {0x6853, 0x6854, 0x3e9a},
    {0x6893, 0x6894, 0x3ea2},
    {0x68a1, 0x68a2, 0x3ea7},
    {0x68a7, 0x68a8, 0x3ea9},
    {0x68af, 0x68b1, 0x3eac},
    {0x68b5, 0x68b6, 0x3eb0},
    {0x68c4, 0x68c5, 0x3eb2},
    {0x68d7, 0x68d8, 0x3eb9},
    {0x68df, 0x68e0, 0x3ebc},
    {0x68e7, 0x68e8, 0x3ebe},
    {0x68f9, 0x68fa, 0x3ec2},
    {0x68fb, 0x68fd, 0x4ec3},
    {0x690d, 0x690e, 0x3ec6},
    {0x6939, 0x693a, 0x4ecf},
    {0x6953, 0x6955, 0x3ece},
    {0x6959, 0x695a, 0x3ed2},
    {0x6960, 0x6963, 0x3ed5},
    {0x696d, 0x696f, 0x3edb},
    {0x6977, 0x6979, 0x3edf},
    {0x698b, 0x698c, 0x4ed9},
    {0x699b, 0x699c, 0x3ee3},
    {0x69b0, 0x69b2, 0x4ee3},
    {0x69be, 0x69c0, 0x4ee9},
    {0x69cb, 0x69cd, 0x3eec},
    {0x69ce, 0x69cf, 0x4eee},
    {0x69e5, 0x69e7, 0x4ef3},
    {0x6a1e, 0x6a1f, 0x3efb},
    {0x6a38, 0x6a3a, 0x3f00},
    {0x6a49, 0x6a4a, 0x4f06},
    {0x6a4c, 0x6a4d, 0x4f08},
    {0x6a52, 0x6a53, 0x3f07},
    {0x6a58, 0x6a59, 0x3f09},
    {0x6a74, 0x6a75, 0x4f10},
    {0x6a8d, 0x6a8e, 0x3f11},
    {0x6a9f, 0x6aa0, 0x4f19},
    {0x6aa2, 0x6aa3, 0x3f15},
    {0x6ac2, 0x6ac3, 0x3f19},
    {0x6ada, 0x6adb, 0x3f1c},
    {0x6adc, 0x6adf, 0x4f1f},
    {0x6b02, 0x6b03, 0x4f29},
    {0x6b20, 0x6b21, 0x3f25},
    {0x6b37, 0x6b39, 0x4f2f},
    {0x6b3d, 0x6b3e, 0x3f2a},
    {0x6b46, 0x6b47, 0x3f2c},
    {0x6b49, 0x6b4a, 0x4f35},
    {0x6b59, 0x6b5b, 0x4f38},
    {0x6b61, 0x6b66, 0x3f32},
    {0x6b77, 0x6b78, 0x3f3a},
    {0x6b83, 0x6b84, 0x3f3e},
    {0x6b89, 0x6b8a, 0x3f41},
    {0x6bae, 0x6baf, 0x3f46},
    {0x6bc5, 0x6bc6, 0x3f4f},
    {0x6bd2, 0x6bd4, 0x3f54},
    {0x6bd6, 0x6bd8, 0x3f57},
    {0x6beb, 0x6bec, 0x3f5b},
    {0x6c37, 0x6c38, 0x3f63},
    {0x6c40, 0x6c42, 0x3f66},
    {0x6c52, 0x6c54, 0x4f59},
    {0x6c5b, 0x6c5c, 0x4f5d},
    {0x6c5d, 0x6c60, 0x3f6e},
    {0x6c7d, 0x6c7e, 0x3f79},
    {0x6c81, 0x6c83, 0x3f7b},
    {0x6c85, 0x6c88, 0x3f7e},
    {0x6c92, 0x6c96, 0x3f84},
    {0x6c99, 0x6c9b, 0x3f89},
    {0x6cb0, 0x6cb1, 0x4f67},
    {0x6cb8, 0x6cb9, 0x3f8f},
    {0x6cbb, 0x6cbf, 0x3f91},
    {0x6cc1, 0x6cc2, 0x3f96},
    {0x6cc5, 0x6cc6, 0x4f6a},
    {0x6cc9, 0x6cca, 0x3f99},
    {0x6cd0, 0x6cd1, 0x4f6c},
    {0x6cd9, 0x6cda, 0x4f6f},
    {0x6cdc, 0x6cdd, 0x4f71},
    {0x6ce1, 0x6ce3, 0x3fa0},
    {0x6cee, 0x6cf0, 0x3fa6},
    {0x6d0b, 0x6d0c, 0x3faa},
    {0x6d29, 0x6d2a, 0x3fb3},
    {0x6d2b, 0x6d2c, 0x4f7e},
    {0x6d35, 0x6d36, 0x3fb6},
    {0x6d38, 0x6d39, 0x3fb8},
    {0x6d3d, 0x6d3e, 0x3fbb},
    {0x6d59, 0x6d5a, 0x3fbe},
    {0x6d64, 0x6d65, 0x4f85},
    {0x6d69, 0x6d6a, 0x3fc3},
    {0x6d77, 0x6d79, 0x3fc8},
    {0x6d87, 0x6d89, 0x3fcd},
    {0x6d8c, 0x6d8e, 0x3fd0},
    {0x6d96, 0x6d97, 0x4f8d},
    {0x6daa, 0x6dac, 0x4f8f},
    {0x6db7, 0x6db8, 0x4f93},
    {0x6dc3, 0x6dc7, 0x3fda},
    {0x6dd8, 0x6dda, 0x3fe2},
    {0x6de2, 0x6de6, 0x4f9e},
    {0x6dea, 0x6deb, 0x3fe8},
    {0x6df7, 0x6dfb, 0x3fee},
    {0x6e19, 0x6e1b, 0x3ff4},
    {0x6e1f, 0x6e21, 0x3ff7},
    {0x6e23, 0x6e26, 0x3ffa},
    {0x6e2b, 0x6e2d, 0x3ffe},
    {0x6e3c, 0x6e3e, 0x4007},
    {0x6e43, 0x6e44, 0x400a},
    {0x6e53, 0x6e55, 0x4fb1},
    {0x6e5b, 0x6e5c, 0x4010},
    {0x6e5e, 0x6e5f, 0x4012},
    {0x6e6e, 0x6e6f, 0x4016},
    {0x6e72, 0x6e73, 0x4018},
    {0x6e9c, 0x6e9d, 0x401d},
    {0x6ea7, 0x6ea8, 0x4fb9},
    {0x6eaa, 0x6eab, 0x4022},
    {0x6ec4, 0x6ec5, 0x4029},
    {0x6ecb, 0x6ecc, 0x402c},
    {0x6ed3, 0x6ed4, 0x4030},
    {0x6eec, 0x6eed, 0x4fc3},
    {0x6efe, 0x6eff, 0x4035},
    {0x6f01, 0x6f02, 0x4037},
    {0x6f14, 0x6f15, 0x403c},
    {0x6f19, 0x6f1a, 0x4fcd},
    {0x6f22, 0x6f23, 0x403f},
    {0x6f26, 0x6f28, 0x4fd0},
    {0x6f2b, 0x6f2c, 0x4041},
    {0x6f31, 0x6f32, 0x4043},
    {0x6f57, 0x6f58, 0x404a},
    {0x6f5a, 0x6f5b, 0x404c},
    {0x6f5c, 0x6f5d, 0x4fdc},
    {0x6f5e, 0x6f5f, 0x404e},
    {0x6f6d, 0x6f6e, 0x4052},
    {0x6f7c, 0x6f7e, 0x4056},
    {0x6f86, 0x6f87, 0x4fe6},
    {0x6f8b, 0x6f8c, 0x4fe9},
    {0x6f8d, 0x6f8e, 0x405c},
    {0x6f95, 0x6f96, 0x4fec},
    {0x6fa3, 0x6fa4, 0x4061},
    {0x6fae, 0x6faf, 0x4064},
    {0x6fc0, 0x6fc3, 0x406a},
    {0x6fc6, 0x6fc7, 0x4ff5},
    {0x6fdf, 0x6fe1, 0x4071},
    {0x6fe5, 0x6fe6, 0x4ffc},
    {0x6feb, 0x6fec, 0x4076},
    {0x6ff3, 0x6ff4, 0x4fff},
    {0x7005, 0x7006, 0x407c},
    {0x7012, 0x7013, 0x5004},
    {0x701a, 0x701f, 0x4084},
    {0x7027, 0x7028, 0x408b},
    {0x7050, 0x7051, 0x4091},
    {0x707c, 0x707d, 0x4099},
    {0x7098, 0x709a, 0x409f},
    {0x70ab, 0x70ad, 0x40a4},
    {0x70b7, 0x70b9, 0x40a9},
    {0x70d3, 0x70d4, 0x501d},
    {0x70d8, 0x70d9, 0x40af},
    {0x7119, 0x711a, 0x40b9},
    {0x712d, 0x712f, 0x5026},
    {0x7149, 0x714a, 0x40c1},
    {0x7152, 0x7153, 0x502c},
    {0x7164, 0x7167, 0x40ca},
    {0x7187, 0x7188, 0x5035},
    {0x7189, 0x718a, 0x40d3},
    {0x71a0, 0x71a1, 0x5038},
    {0x71a8, 0x71a9, 0x503b},
    {0x71b9, 0x71ba, 0x40dd},
    {0x71c8, 0x71c9, 0x40e2},
    {0x71d4, 0x71d5, 0x40e7},
    {0x71e5, 0x71e7, 0x40ea},
    {0x71ed, 0x71ee, 0x40ed},
    {0x71fb, 0x71fc, 0x40ef},
    {0x71fe, 0x71ff, 0x40f1},
    {0x720b, 0x720d, 0x504a},
    {0x722c, 0x722d, 0x40f8},
    {0x7235, 0x7236, 0x40fc},
    {0x7238, 0x7239, 0x5054},
    {0x723a, 0x723b, 0x40fe},
    {0x723d, 0x723e, 0x4100},
    {0x7246, 0x7248, 0x4103},
    {0x7253, 0x7254, 0x5058},
    {0x7258, 0x7259, 0x4108},
    {0x7261, 0x7262, 0x410d},
    {0x7280, 0x7281, 0x4114},
    {0x72b3, 0x72b5, 0x5066},
    {0x72f8, 0x72f9, 0x4123},
    {0x72fa, 0x72fb, 0x5070},
    {0x72fc, 0x72fd, 0x4125},
    {0x7317, 0x7319, 0x5074},
    {0x731b, 0x731d, 0x4129},
    {0x7327, 0x7328, 0x5079},
    {0x7329, 0x732b, 0x412d},
    {0x7336, 0x7337, 0x4130},
    {0x733e, 0x733f, 0x4132},
    {0x7344, 0x7345, 0x4134},
    {0x736b, 0x736c, 0x5084},
    {0x737a, 0x737b, 0x413f},
    {0x7386, 0x7387, 0x4142},
    {0x7396, 0x7398, 0x4148},
    {0x73aa, 0x73ab, 0x5090},
    {0x73b2, 0x73b3, 0x414f},
    {0x73bb, 0x73bd, 0x5094},
    {0x73c9, 0x73ca, 0x4154},
    {0x73cc, 0x73cd, 0x4156},
    {0x73d7, 0x73d8, 0x509b},
    {0x73dd, 0x73de, 0x415b},
    {0x73e3, 0x73e6, 0x415e},
    {0x73e9, 0x73ea, 0x4162},
    {0x73fd, 0x73fe, 0x4167},
    {0x7405, 0x7407, 0x416b},
    {0x7417, 0x7418, 0x50a3},
    {0x7420, 0x7422, 0x4171},
    {0x7425, 0x7426, 0x4174},
    {0x742a, 0x742c, 0x4177},
    {0x742e, 0x7430, 0x417a},
    {0x7431, 0x7432, 0x50a8},
    {0x7433, 0x7436, 0x417d},
    {0x743f, 0x7441, 0x4183},
    {0x7443, 0x7444, 0x4186},
    {0x7445, 0x7446, 0x50ab},
    {0x7448, 0x7449, 0x50ad},
    {0x7459, 0x745c, 0x418b},
    {0x745e, 0x7460, 0x418f},
    {0x7464, 0x7465, 0x4193},
    {0x7468, 0x746a, 0x4195},
    {0x746d, 0x746e, 0x50b3},
    {0x7470, 0x7473, 0x50b5},
    {0x7482, 0x7483, 0x419a},
    {0x7484, 0x7486, 0x50bb},
    {0x749e, 0x749f, 0x41a1},
    {0x74a7, 0x74a8, 0x41a6},
    {0x74e2, 0x74e3, 0x41b7},
    {0x74f2, 0x74f3, 0x50cd},
    {0x750c, 0x750e, 0x50d0},
    {0x751a, 0x751b, 0x41c1},
    {0x7525, 0x7526, 0x41c5},
    {0x752b, 0x752c, 0x41c8},
    {0x7530, 0x7533, 0x41ca},
    {0x7537, 0x7538, 0x41ce},
    {0x754a, 0x754b, 0x50db},
    {0x7553, 0x7554, 0x41d5},
    {0x755b, 0x755d, 0x41d8},
    {0x7565, 0x7566, 0x41dc},
    {0x756f, 0x7570, 0x41df},
    {0x7575, 0x7576, 0x41e1},
    {0x7586, 0x7587, 0x41e6},
    {0x758a, 0x758b, 0x41e8},
    {0x758e, 0x758f, 0x41ea},
    {0x7599, 0x759a, 0x50e5},
    {0x75b1, 0x75b3, 0x41f0},
    {0x75b8, 0x75b9, 0x41f4},
    {0x75bc, 0x75be, 0x41f6},
    {0x75d4, 0x75d5, 0x41fe},
    {0x75d8, 0x75d9, 0x4200},
    {0x75e3, 0x75e4, 0x50f0},
    {0x7607, 0x7609, 0x50f7},
    {0x761f, 0x7622, 0x420c},
    {0x762f, 0x7631, 0x50fe},
    {0x7633, 0x7634, 0x5101},
    {0x7646, 0x7649, 0x5104},
    {0x7667, 0x7668, 0x510d},
    {0x766d, 0x766f, 0x510f},
    {0x767b, 0x767e, 0x421f},
    {0x7680, 0x7681, 0x5113},
    {0x7686, 0x7687, 0x4224},
    {0x7696, 0x7697, 0x5118},
    {0x769a, 0x769c, 0x511a},
    {0x76c2, 0x76c3, 0x422c},
    {0x76cc, 0x76ce, 0x5123},
    {0x76d3, 0x76d4, 0x5126},
    {0x76db, 0x76dc, 0x4233},
    {0x76de, 0x76df, 0x4235},
    {0x76e3, 0x76e4, 0x4238},
    {0x7708, 0x7709, 0x4243},
    {0x771a, 0x771b, 0x5136},
    {0x7725, 0x7726, 0x5139},
    {0x7737, 0x7738, 0x4249},
    {0x7746, 0x7747, 0x5141},
    {0x775f, 0x7760, 0x5145},
    {0x777e, 0x777f, 0x4255},
    {0x778d, 0x778e, 0x514d},
    {0x77ac, 0x77ad, 0x425b},
    {0x77bb, 0x77bc, 0x425f},
    {0x77d9, 0x77da, 0x515a},
    {0x77db, 0x77dc, 0x4263},
    {0x77e2, 0x77e3, 0x4265},
    {0x77ed, 0x77ef, 0x4269},
    {0x77fa, 0x77fd, 0x5161},
    {0x7825, 0x7827, 0x426f},
    {0x785b, 0x785c, 0x516d},
    {0x7867, 0x7868, 0x5170},
    {0x786b, 0x786c, 0x4278},
    {0x788c, 0x788e, 0x427e},
    {0x78ac, 0x78ad, 0x517b},
    {0x78ba, 0x78bc, 0x4286},
    {0x78ca, 0x78cb, 0x428b},
    {0x78d4, 0x78d5, 0x5181},
    {0x78fc, 0x78fd, 0x518b},
    {0x7911, 0x7912, 0x518f},
    {0x792a, 0x792c, 0x4297},
    {0x7940, 0x7941, 0x429c},
    {0x7944, 0x7946, 0x5196},
    {0x7947, 0x7949, 0x429e},
    {0x7953, 0x7955, 0x519a},
    {0x7956, 0x7957, 0x42a2},
    {0x795a, 0x795e, 0x42a4},
    {0x798a, 0x798b, 0x51a4},
    {0x798d, 0x798f, 0x42b0},
    {0x79a6, 0x79a7, 0x42b4},
    {0x79ba, 0x79bc, 0x51ad},
    {0x79bd, 0x79c1, 0x42bb},
    {0x79c9, 0x79cb, 0x42c0},
    {0x79d1, 0x79d2, 0x42c3},
    {0x79e2, 0x79e3, 0x51b3},
    {0x79e6, 0x79e7, 0x42c9},
    {0x79ea, 0x79ec, 0x51b5},
    {0x7a01, 0x7a02, 0x51ba},
    {0x7a19, 0x7a1a, 0x42d4},
    {0x7a1f, 0x7a20, 0x42d7},
    {0x7a36, 0x7a37, 0x42db},
    {0x7a3b, 0x7a3d, 0x42dd},
    {0x7a3f, 0x7a40, 0x42e0},
    {0x7a4d, 0x7a4e, 0x42e4},
    {0x7a61, 0x7a62, 0x42e7},
    {0x7a79, 0x7a7a, 0x42ee},
    {0x7a82, 0x7a83, 0x51cf},
    {0x7a85, 0x7a86, 0x51d1},
    {0x7a92, 0x7a93, 0x42f5},
    {0x7a96, 0x7a97, 0x51d4},
    {0x7aa9, 0x7aaa, 0x42fa},
    {0x7aae, 0x7aaf, 0x42fc},
    {0x7abe, 0x7abf, 0x51df},
    {0x7ac4, 0x7ac5, 0x42ff},
    {0x7aca, 0x7acb, 0x4302},
    {0x7adf, 0x7ae0, 0x4307},
    {0x7af9, 0x7afa, 0x430f},
    {0x7b27, 0x7b28, 0x51f0},
    {0x7b2c, 0x7b2d, 0x4319},
    {0x7b4b, 0x7b4d, 0x431e},
    {0x7b4f, 0x7b52, 0x4321},
    {0x7b65, 0x7b67, 0x51f9},
    {0x7b8d, 0x7b8e, 0x51ff},
    {0x7b94, 0x7b95, 0x432f},
    {0x7bc0, 0x7bc1, 0x4339},
    {0x7bc6, 0x7bc7, 0x433c},
    {0x7bca, 0x7bcc, 0x5206},
    {0x7c1f, 0x7c20, 0x5217},
    {0x7c2a, 0x7c2b, 0x4348},
    {0x7c37, 0x7c38, 0x5219},
    {0x7c3d, 0x7c3f, 0x434a},
    {0x7c4c, 0x7c4d, 0x434e},
    {0x7c5b, 0x7c5c, 0x521e},
    {0x7c97, 0x7c98, 0x4358},
    {0x7cb1, 0x7cb3, 0x435e},
    {0x7cbc, 0x7cbd, 0x522c},
    {0x7cc5, 0x7cc6, 0x522e},
    {0x7cd9, 0x7cda, 0x5232},
    {0x7cdc, 0x7cdd, 0x5234},
    {0x7cde, 0x7ce0, 0x4365},
    {0x7cf1, 0x7cf2, 0x5239},
    {0x7cf4, 0x7cf6, 0x523b},
    {0x7d04, 0x7d08, 0x436d},
    {0x7d0a, 0x7d0b, 0x4372},
    {0x7d17, 0x7d1b, 0x4377},
    {0x7d20, 0x7d22, 0x437c},
    {0x7d2b, 0x7d2c, 0x437f},
    {0x7d2e, 0x7d30, 0x4381},
    {0x7d31, 0x7d32, 0x5244},
    {0x7d39, 0x7d3a, 0x4386},
    {0x7d42, 0x7d46, 0x4388},
    {0x7d55, 0x7d56, 0x524b},
    {0x7d5b, 0x7d5c, 0x524e},
    {0x7d61, 0x7d62, 0x438f},
    {0x7d71, 0x7d73, 0x4395},
    {0x7d8e, 0x7d8f, 0x439b},
    {0x7da5, 0x7da7, 0x5259},
    {0x7dac, 0x7dad, 0x43a1},
    {0x7db1, 0x7db2, 0x43a3},
    {0x7db4, 0x7db5, 0x43a5},
    {0x7dba, 0x7dbb, 0x43a8},
    {0x7dbd, 0x7dbf, 0x43aa},
    {0x7dca, 0x7dcb, 0x43ae},
    {0x7dcc, 0x7dcd, 0x5261},
    {0x7ddd, 0x7dde, 0x43b3},
    {0x7de0, 0x7de1, 0x43b5},
    {0x7de8, 0x7de9, 0x43b8},
    {0x7e07, 0x7e08, 0x526a},
    {0x7e09, 0x7e0a, 0x43be},
    {0x7e10, 0x7e11, 0x526d},
    {0x7e17, 0x7e18, 0x526f},
    {0x7e1d, 0x7e1f, 0x43c2},
    {0x7e2e, 0x7e2f, 0x43c8},
    {0x7e32, 0x7e33, 0x5273},
    {0x7e3d, 0x7e3e, 0x43cc},
    {0x7e44, 0x7e45, 0x5278},
    {0x7e46, 0x7e47, 0x43d0},
    {0x7e54, 0x7e55, 0x43d3},
    {0x7e56, 0x7e57, 0x527c},
    {0x7e59, 0x7e5a, 0x527e},
    {0x7e69, 0x7e6b, 0x43d7},
    {0x7e7d, 0x7e7e, 0x5283},
    {0x7e87, 0x7e88, 0x5286},
    {0x7e9b, 0x7e9c, 0x43e4},
    {0x7f3e, 0x7f3f, 0x528c},
    {0x7f43, 0x7f45, 0x528e},
    {0x7f4d, 0x7f4e, 0x5293},
    {0x7f54, 0x7f55, 0x43eb},
    {0x7f5f, 0x7f61, 0x5298},
    {0x7f6a, 0x7f6b, 0x43ed},
    {0x7f7c, 0x7f7e, 0x529f},
    {0x7f86, 0x7f87, 0x52a3},
    {0x7f96, 0x7f98, 0x52a5},
    {0x7fa8, 0x7fa9, 0x43fe},
    {0x7fb8, 0x7fb9, 0x4401},
    {0x7fd4, 0x7fd5, 0x440a},
    {0x7fdf, 0x7fe1, 0x440c},
    {0x7fe3, 0x7fe4, 0x52b0},
    {0x7ffa, 0x7ffb, 0x52b6},
    {0x8000, 0x8001, 0x4414},
    {0x8005, 0x8006, 0x4417},
    {0x8007, 0x8008, 0x52ba},
    {0x8011, 0x8012, 0x52bc},
    {0x8017, 0x8018, 0x441d},
    {0x806f, 0x8070, 0x442b},
    {0x8072, 0x8073, 0x442d},
    {0x8075, 0x8076, 0x52cc},
    {0x807d, 0x807f, 0x4430},
    {0x8084, 0x8087, 0x4433},
    {0x808b, 0x808c, 0x4438},
    {0x80a1, 0x80a2, 0x443d},
    {0x80a9, 0x80aa, 0x4440},
    {0x80b1, 0x80b2, 0x4443},
    {0x80c3, 0x80c4, 0x4447},
    {0x80d5, 0x80d6, 0x52d7},
    {0x80da, 0x80db, 0x444b},
    {0x80e4, 0x80e5, 0x444f},
    {0x8105, 0x8108, 0x4456},
    {0x8116, 0x8117, 0x52e0},
    {0x811a, 0x811b, 0x445c},
    {0x8150, 0x8151, 0x4466},
    {0x8152, 0x8153, 0x52e9},
    {0x8154, 0x8155, 0x4468},
    {0x8165, 0x8166, 0x446a},
    {0x8170, 0x8171, 0x446d},
    {0x8176, 0x8177, 0x52ef},
    {0x8178, 0x817a, 0x446f},
    {0x817f, 0x8180, 0x4472},
    {0x8182, 0x8184, 0x52f1},
    {0x819c, 0x819d, 0x4478},
    {0x81b8, 0x81b9, 0x52fa},
    {0x81bd, 0x81c0, 0x4480},
    {0x81d9, 0x81da, 0x52ff},
    {0x81e7, 0x81e8, 0x448b},
    {0x81f3, 0x81f4, 0x448f},
    {0x81fa, 0x81fc, 0x4491},
    {0x8201, 0x8203, 0x5305},
    {0x8207, 0x8208, 0x4496},
    {0x820c, 0x820d, 0x4499},
    {0x821b, 0x821c, 0x449c},
    {0x821e, 0x821f, 0x449e},
    {0x822a, 0x822c, 0x44a1},
    {0x8235, 0x8237, 0x44a4},
    {0x826a, 0x826b, 0x5314},
    {0x826e, 0x826f, 0x44ae},
    {0x8271, 0x8272, 0x44b0},
    {0x828d, 0x828e, 0x44b6},
    {0x8299, 0x829a, 0x44b9},
    {0x82a1, 0x82a3, 0x531d},
    {0x82a5, 0x82a6, 0x44bd},
    {0x82a7, 0x82a8, 0x5320},
    {0x82aa, 0x82ab, 0x5322},
    {0x82ac, 0x82af, 0x44c0},
    {0x82b7, 0x82b9, 0x44c6},
    {0x82bb, 0x82bd, 0x44c9},
    {0x82d1, 0x82d2, 0x44cd},
    {0x82d4, 0x82d5, 0x44cf},
    {0x82de, 0x82df, 0x44d3},
    {0x82e5, 0x82e7, 0x44d6},
    {0x82f3, 0x82f4, 0x532d},
    {0x82f9, 0x82fb, 0x532f},
    {0x82fd, 0x82fe, 0x44da},
    {0x8301, 0x8305, 0x44dc},
    {0x831b, 0x831d, 0x5335},
    {0x8323, 0x8325, 0x5338},
    {0x8332, 0x8333, 0x533c},
    {0x8334, 0x8336, 0x44e7},
    {0x8338, 0x8339, 0x44ea},
    {0x8349, 0x834a, 0x44ee},
    {0x8351, 0x8352, 0x44f1},
    {0x8389, 0x838a, 0x44f6},
    {0x8392, 0x8393, 0x5345},
    {0x839a, 0x839b, 0x5347},
    {0x839f, 0x83a0, 0x534a},
    {0x83a9, 0x83ab, 0x44fd},
    {0x83be, 0x83c0, 0x534e},
    {0x83c9, 0x83ca, 0x4503},
    {0x83df, 0x83e1, 0x5355},
    {0x83ef, 0x83f2, 0x450b},
    {0x8403, 0x8404, 0x4512},
    {0x8406, 0x8407, 0x535a},
    {0x840c, 0x840e, 0x4515},
    {0x8469, 0x846a, 0x5364},
    {0x846b, 0x846c, 0x4523},
    {0x8470, 0x8471, 0x5367},
    {0x84b9, 0x84ba, 0x5373},
    {0x84bb, 0x84bc, 0x452f},
    {0x84bf, 0x84c0, 0x4531},
    {0x84cf, 0x84d0, 0x5378},
    {0x8513, 0x8514, 0x4540},
    {0x8517, 0x8518, 0x4542},
    {0x852c, 0x852d, 0x4549},
    {0x854a, 0x854b, 0x538a},
    {0x8555, 0x8558, 0x538c},
    {0x8568, 0x856a, 0x4555},
    {0x8589, 0x858a, 0x5399},
    {0x85a4, 0x85a5, 0x539f},
    {0x85a8, 0x85aa, 0x4560},
    {0x85af, 0x85b0, 0x4563},
    {0x85cd, 0x85cf, 0x4568},
    {0x85dc, 0x85dd, 0x456c},
    {0x85e4, 0x85e5, 0x456e},
    {0x85e9, 0x85ea, 0x4570},
    {0x85fa, 0x85fb, 0x4573},
    {0x8606, 0x8607, 0x4577},
    {0x8616, 0x8617, 0x457a},
    {0x8629, 0x862a, 0x53ad},
    {0x8654, 0x8655, 0x4581},
    {0x865b, 0x865c, 0x4583},
    {0x865e, 0x865f, 0x4585},
    {0x866b, 0x866c, 0x53b4},
    {0x867a, 0x867b, 0x53b9},
    {0x86a3, 0x86a4, 0x458c},
    {0x86af, 0x86b1, 0x53c0},
    {0x86c5, 0x86c6, 0x53c5},
    {0x86f8, 0x86f9, 0x53cc},
    {0x8702, 0x8703, 0x4599},
    {0x8709, 0x870b, 0x53d0},
    {0x8728, 0x8729, 0x53d7},
    {0x8734, 0x8735, 0x53d9},
    {0x873a, 0x873b, 0x53dc},
    {0x873f, 0x8740, 0x53de},
    {0x8764, 0x8765, 0x53e3},
    {0x87ca, 0x87cb, 0x53f2},
    {0x87da, 0x87db, 0x53f5},
    {0x8822, 0x8823, 0x45b8},
    {0x884c, 0x884d, 0x45bf},
    {0x8852, 0x8853, 0x45c1},
    {0x8861, 0x8863, 0x45c7},
    {0x887e, 0x887f, 0x45cf},
    {0x8881, 0x8882, 0x45d1},
    {0x8896, 0x8897, 0x45d7},
    {0x88c1, 0x88c2, 0x45dc},
    {0x88d4, 0x88d5, 0x45df},
    {0x88dc, 0x88dd, 0x45e2},
    {0x88f3, 0x88f5, 0x45e7},
    {0x8912, 0x8913, 0x45ee},
    {0x8918, 0x8919, 0x45f0},
    {0x892f, 0x8930, 0x541b},
    {0x8986, 0x8987, 0x4600},
    {0x8988, 0x8989, 0x5429},
    {0x8997, 0x8998, 0x542b},
    {0x89a9, 0x89aa, 0x4607},
    {0x89b6, 0x89b7, 0x5431},
    {0x89d6, 0x89d7, 0x5435},
    {0x89dc, 0x89dd, 0x5438},
    {0x89f0, 0x89f1, 0x543b},
    {0x8a02, 0x8a03, 0x4612},
    {0x8a10, 0x8a11, 0x5440},
    {0x8a14, 0x8a15, 0x5442},
    {0x8a16, 0x8a18, 0x4619},
    {0x8a3a, 0x8a3b, 0x4626},
    {0x8a54, 0x8a55, 0x4629},
    {0x8a56, 0x8a58, 0x544b},
    {0x8a62, 0x8a63, 0x462e},
    {0x8a6b, 0x8a6c, 0x544f},
    {0x8a6d, 0x8a6e, 0x4632},
    {0x8a70, 0x8a73, 0x4634},
    {0x8a8c, 0x8a8d, 0x463c},
    {0x8aa0, 0x8aa1, 0x4642},
    {0x8aa3, 0x8aa6, 0x4644},
    {0x8abe, 0x8abf, 0x464e},
    {0x8adb, 0x8adc, 0x4658},
    {0x8add, 0x8ae0, 0x545b},
    {0x8ae6, 0x8ae7, 0x465b},
    {0x8aea, 0x8aeb, 0x465d},
    {0x8aed, 0x8aee, 0x465f},
    {0x8af2, 0x8af4, 0x5461},
    {0x8af6, 0x8af8, 0x4662},
    {0x8b00, 0x8b02, 0x4667},
    {0x8b16, 0x8b17, 0x466e},
    {0x8b19, 0x8b1b, 0x4670},
    {0x8b2b, 0x8b2c, 0x4676},
    {0x8b4e, 0x8b4f, 0x467c},
    {0x8b53, 0x8b54, 0x5471},
    {0x8b5e, 0x8b5f, 0x5475},
    {0x8b6f, 0x8b70, 0x4683},
    {0x8b92, 0x8b93, 0x468b},
    {0x8c6a, 0x8c6b, 0x4699},
    {0x8c79, 0x8c7a, 0x469b},
    {0x8c93, 0x8c94, 0x548c},
    {0x8c9d, 0x8c9e, 0x46a0},
    {0x8ca0, 0x8ca2, 0x46a2},
    {0x8ca7, 0x8cac, 0x46a5},
    {0x8caf, 0x8cb0, 0x46ab},
    {0x8cb3, 0x8cb4, 0x46ad},
    {0x8cb6, 0x8cb8, 0x46af},
    {0x8cb9, 0x8cba, 0x5491},
    {0x8cbb, 0x8cbd, 0x46b2},
    {0x8cbf, 0x8cc4, 0x46b5},
    {0x8cc7, 0x8cc8, 0x46bb},
    {0x8ce2, 0x8ce4, 0x46c4},
    {0x8cf0, 0x8cf1, 0x5499},
    {0x8cfb, 0x8cfd, 0x46cb},
    {0x8d04, 0x8d05, 0x46ce},
    {0x8d07, 0x8d08, 0x46d0},
    {0x8d0f, 0x8d10, 0x549d},
    {0x8d6d, 0x8d6e, 0x54a2},
    {0x8d73, 0x8d74, 0x46da},
    {0x8dcb, 0x8dcc, 0x46e6},
    {0x8dd5, 0x8dd7, 0x54ad},
    {0x8dea, 0x8ded, 0x54b1},
    {0x8e08, 0x8e09, 0x54b8},
    {0x8e0f, 0x8e10, 0x46f1},
    {0x8e47, 0x8e4a, 0x46f9},
    {0x8e5f, 0x8e60, 0x46fe},
    {0x8e63, 0x8e64, 0x54c6},
    {0x8e90, 0x8e91, 0x54cd},
    {0x8e93, 0x8e94, 0x54cf},
    {0x8eaa, 0x8eac, 0x4706},
    {0x8eca, 0x8ecd, 0x470a},
    {0x8ef9, 0x8efa, 0x54db},
    {0x8f07, 0x8f08, 0x54de},
    {0x8f12, 0x8f15, 0x4717},
    {0x8f1b, 0x8f1f, 0x471b},
    {0x8f26, 0x8f27, 0x4720},
    {0x8f29, 0x8f2a, 0x4722},
    {0x8f38, 0x8f39, 0x4726},
    {0x8f3e, 0x8f3f, 0x4729},
    {0x8f44, 0x8f45, 0x472b},
    {0x8f4d, 0x8f4e, 0x472e},
    {0x8f57, 0x8f58, 0x54e8},
    {0x8f63, 0x8f64, 0x54ec},
    {0x8f9b, 0x8f9c, 0x4733},
    {0x8faf, 0x8fb2, 0x4739},
    {0x8fbf, 0x8fc0, 0x54f2},
    {0x8fc3, 0x8fc4, 0x54f4},
    {0x8fe4, 0x8fe5, 0x54fa},
    {0x8fea, 0x8feb, 0x4743},
    {0x9000, 0x9003, 0x474b},
    {0x9005, 0x9006, 0x474f},
    {0x900f, 0x9011, 0x4754},
    {0x9014, 0x9015, 0x4757},
    {0x9019, 0x901a, 0x475a},
    {0x901d, 0x9023, 0x475c},
    {0x9031, 0x9032, 0x4764},
    {0x9041, 0x9042, 0x476a},
    {0x904a, 0x904b, 0x476d},
    {0x904d, 0x904e, 0x476f},
    {0x9050, 0x9051, 0x4771},
    {0x9053, 0x9055, 0x4773},
    {0x905c, 0x905e, 0x4777},
    {0x9060, 0x9061, 0x477a},
    {0x906d, 0x906f, 0x477e},
    {0x9077, 0x9078, 0x4783},
    {0x907c, 0x907d, 0x4786},
    {0x907f, 0x9084, 0x4788},
    {0x9087, 0x9088, 0x478e},
    {0x908c, 0x908d, 0x5514},
    {0x9097, 0x9098, 0x5517},
    {0x90a2, 0x90a3, 0x4795},
    {0x90af, 0x90b1, 0x479a},
    {0x90bd, 0x90be, 0x551b},
    {0x90c3, 0x90c5, 0x551d},
    {0x90dc, 0x90dd, 0x5521},
    {0x90ea, 0x90eb, 0x5524},
    {0x90f3, 0x90f4, 0x5527},
    {0x9116, 0x9117, 0x5529},
    {0x9122, 0x9123, 0x552c},
    {0x9130, 0x9131, 0x552e},
    {0x9149, 0x914e, 0x47ae},
    {0x9156, 0x9157, 0x5533},
    {0x9163, 0x9165, 0x5535},
    {0x9169, 0x916a, 0x47b6},
    {0x9177, 0x9178, 0x47ba},
    {0x91ab, 0x91ac, 0x47c2},
    {0x91ae, 0x91af, 0x47c4},
    {0x91b4, 0x91b5, 0x47c7},
    {0x91c5, 0x91c6, 0x5545},
    {0x91cb, 0x91d1, 0x47cc},
    {0x91d7, 0x91d8, 0x47d3},
    {0x91dc, 0x91dd, 0x47d5},
    {0x91e4, 0x91e6, 0x5547},
    {0x9210, 0x9212, 0x47dc},
    {0x9214, 0x9215, 0x554e},
    {0x9237, 0x9238, 0x5555},
    {0x923f, 0x9240, 0x47e3},
    {0x924d, 0x9252, 0x555a},
    {0x9264, 0x9266, 0x47eb},
    {0x9277, 0x9278, 0x5560},
    {0x9299, 0x929b, 0x5566},
    {0x92b6, 0x92b7, 0x47f7},
    {0x92f9, 0x92fa, 0x5571},
    {0x92fd, 0x92fe, 0x5573},
    {0x931e, 0x9322, 0x4805},
    {0x932e, 0x932f, 0x480e},
    {0x934a, 0x934b, 0x4811},
    {0x935c, 0x935d, 0x5581},
    {0x9364, 0x9365, 0x5583},
    {0x936b, 0x936c, 0x5585},
    {0x939f, 0x93a1, 0x558b},
    {0x93ac, 0x93ad, 0x4820},
    {0x93c7, 0x93c8, 0x5590},
    {0x93ca, 0x93cc, 0x5592},
    {0x93d6, 0x93d8, 0x5595},
    {0x93dc, 0x93dd, 0x5598},
    {0x93f8, 0x93f9, 0x559e},
    {0x940f, 0x9410, 0x55a2},
    {0x9413, 0x9414, 0x55a4},
    {0x9451, 0x9452, 0x4830},
    {0x9462, 0x9463, 0x55b0},
    {0x946a, 0x946b, 0x55b2},
    {0x9470, 0x9472, 0x55b4},
    {0x9591, 0x9594, 0x483b},
    {0x959f, 0x95a0, 0x55bf},
    {0x95a3, 0x95a5, 0x4840},
    {0x95a9, 0x95ac, 0x55c1},
    {0x95bb, 0x95bc, 0x4846},
    {0x95bd, 0x95be, 0x55c7},
    {0x95cb, 0x95cd, 0x55cb},
    {0x95d4, 0x95d6, 0x484a},
    {0x95e1, 0x95e2, 0x484e},
    {0x9627, 0x9629, 0x55d5},
    {0x963f, 0x9640, 0x4856},
    {0x964b, 0x964d, 0x485a},
    {0x965b, 0x965f, 0x485e},
    {0x9662, 0x9664, 0x4863},
    {0x9675, 0x9678, 0x4869},
    {0x9685, 0x9686, 0x486e},
    {0x968a, 0x968b, 0x4870},
    {0x968d, 0x968e, 0x4872},
    {0x9694, 0x9695, 0x4874},
    {0x9698, 0x9699, 0x4876},
    {0x969b, 0x969c, 0x4878},
    {0x96a7, 0x96a8, 0x487b},
    {0x96b3, 0x96b4, 0x55e8},
    {0x96b8, 0x96b9, 0x55eb},
    {0x96c0, 0x96c1, 0x4881},
    {0x96c4, 0x96c7, 0x4883},
    {0x96cb, 0x96ce, 0x4888},
    {0x96d5, 0x96d6, 0x488c},
    {0x96db, 0x96dc, 0x488f},
    {0x96dd, 0x96de, 0x55ef},
    {0x96e2, 0x96e3, 0x4891},
    {0x96e8, 0x96ea, 0x4893},
    {0x96ef, 0x96f0, 0x4896},
    {0x96f6, 0x96f7, 0x4899},
    {0x9704, 0x9705, 0x55f2},
    {0x9706, 0x9707, 0x489e},
    {0x9708, 0x9709, 0x55f4},
    {0x970c, 0x970f, 0x55f6},
    {0x9758, 0x975b, 0x5604},
    {0x9761, 0x9762, 0x48b2},
    {0x9780, 0x9781, 0x560f},
    {0x9784, 0x9785, 0x5611},
    {0x97b0, 0x97b1, 0x5617},
    {0x97b8, 0x97b9, 0x561a},
    {0x97cc, 0x97cd, 0x561e},
    {0x97dd, 0x97de, 0x5622},
    {0x97e0, 0x97e1, 0x5624},
    {0x97ed, 0x97ee, 0x5626},
    {0x97f1, 0x97f2, 0x5628},
    {0x9800, 0x9803, 0x48c8},
    {0x9805, 0x9806, 0x48cc},
    {0x980d, 0x980f, 0x562d},
    {0x9810, 0x9813, 0x48d1},
    {0x9817, 0x9818, 0x48d5},
    {0x9823, 0x9824, 0x5633},
    {0x9838, 0x9839, 0x48d9},
    {0x9847, 0x9848, 0x563d},
    {0x984c, 0x984e, 0x48dd},
    {0x9852, 0x9853, 0x5640},
    {0x9870, 0x9871, 0x5646},
    {0x9873, 0x9874, 0x5648},
    {0x98db, 0x98dc, 0x48ed},
    {0x98e1, 0x98e2, 0x48f0},
    {0x98e6, 0x98e7, 0x5654},
    {0x98ea, 0x98eb, 0x5656},
    {0x98ed, 0x98ef, 0x48f2},
    {0x98fc, 0x98fe, 0x48f6},
    {0x9909, 0x990a, 0x48fa},
    {0x9914, 0x9915, 0x565b},
    {0x9926, 0x9927, 0x565e},
    {0x9930, 0x9931, 0x5663},
    {0x993c, 0x993d, 0x5667},
    {0x994b, 0x994d, 0x4905},
    {0x9951, 0x9952, 0x4908},
    {0x9997, 0x9998, 0x566f},
    {0x99ac, 0x99ae, 0x4911},
    {0x99b3, 0x99b4, 0x4915},
    {0x99c8, 0x99c9, 0x567a},
    {0x99d0, 0x99d2, 0x4919},
    {0x99db, 0x99dc, 0x567e},
    {0x99fa, 0x99fb, 0x5686},
    {0x9a02, 0x9a05, 0x5689},
    {0x9a0e, 0x9a0f, 0x4925},
    {0x9a36, 0x9a37, 0x492a},
    {0x9a41, 0x9a42, 0x5697},
    {0x9a4e, 0x9a4f, 0x569c},
    {0x9a5a, 0x9a5b, 0x4932},
    {0x9a69, 0x9a6a, 0x4937},
    {0x9abf, 0x9ac0, 0x56a5},
    {0x9ad3, 0x9ad4, 0x493b},
    {0x9ad6, 0x9ad7, 0x56aa},
    {0x9af9, 0x9afb, 0x56b5},
    {0x9b05, 0x9b06, 0x56ba},
    {0x9b0a, 0x9b0b, 0x56bc},
    {0x9b18, 0x9b19, 0x56c2},
    {0x9b22, 0x9b23, 0x56c5},
    {0x9b28, 0x9b29, 0x56c7},
    {0x9b2e, 0x9b2f, 0x56c9},
    {0x9b41, 0x9b45, 0x4945},
    {0x9b4d, 0x9b4e, 0x56cf},
    {0x9b92, 0x9b93, 0x56d8},
    {0x9ba7, 0x9ba8, 0x56db},
    {0x9c2d, 0x9c2f, 0x56ec},
    {0x9c39, 0x9c3a, 0x56f1},
    {0x9c52, 0x9c53, 0x56f5},
    {0x9cf3, 0x9cf4, 0x4964},
    {0x9d06, 0x9d08, 0x56fe},
    {0x9d18, 0x9d19, 0x5704},
    {0x9d2f, 0x9d30, 0x5709},
    {0x9d41, 0x9d42, 0x570c},
    {0x9d53, 0x9d54, 0x570f},
    {0x9d60, 0x9d61, 0x496e},
    {0x9d6f, 0x9d70, 0x5714},
    {0x9d89, 0x9d8a, 0x571a},
    {0x9db8, 0x9db9, 0x5722},
    {0x9dc1, 0x9dc2, 0x5726},
    {0x9de9, 0x9deb, 0x572d},
    {0x9df0, 0x9df1, 0x5730},
    {0x9df8, 0x9dfa, 0x4978},
    {0x9e1b, 0x9e1c, 0x5738},
    {0x9e7a, 0x9e7b, 0x573b},
    {0x9e8b, 0x9e8c, 0x5740},
    {0x9e92, 0x9e93, 0x4981},
    {0x9ea9, 0x9eaa, 0x5747},
    {0x9eb4, 0x9eb5, 0x4987},
    {0x9ecd, 0x9ece, 0x498c},
    {0x9ecf, 0x9ed0, 0x574e},
    {0x9edb, 0x9edc, 0x4991},
    {0x9eee, 0x9eef, 0x5755},
    {0x9ef5, 0x9ef7, 0x5758},
    {0x9efa, 0x9efd, 0x575b},
    {0x9f07, 0x9f08, 0x4996},
    {0x9f09, 0x9f0a, 0x5763},
    {0x9f2b, 0x9f2c, 0x576a},
    {0x9f38, 0x9f39, 0x576e},
    {0x9f4a, 0x9f4b, 0x499c},
    {0x9f54, 0x9f55, 0x5771},
    {0x9f91, 0x9f92, 0x577b},
    {0xa960, 0xa97c, 0x3170},
    {0xac00, 0xac01, 0xdd},
    {0xac02, 0xac03, 0xbf3},
    {0xac05, 0xac06, 0x121d},
    {0xac07, 0xac0b, 0xe0},
    {0xac0d, 0xac0f, 0x121f},
    {0xac10, 0xac17, 0xe5},
    {0xac19, 0xac1d, 0xed},
    {0xac1e, 0xac1f, 0x1223},
    {0xac23, 0xac24, 0xf3},
    {0xac25, 0xac2b, 0x1226},
    {0xac2c, 0xac2d, 0xf5},
    {0xac2f, 0xac31, 0xf7},
    {0xac33, 0xac34, 0x122e},
    {0xac35, 0xac36, 0xbf8},
    {0xac38, 0xac39, 0xfa},
    {0xac3a, 0xac3b, 0x1231},
    {0xac3d, 0xac3e, 0x1233},
    {0xac42, 0xac46, 0x1235},
    {0xac47, 0xac49, 0xbfc},
    {0xac4e, 0xac53, 0x123b},
    {0xac55, 0xac57, 0x1241},
    {0xac59, 0xac5b, 0x1244},
    {0xac5d, 0xac63, 0x1247},
    {0xac66, 0xac6f, 0x124e},
    {0xac70, 0xac71, 0x104},
    {0xac77, 0xac78, 0x107},
    {0xac7b, 0xac7f, 0x125a},
    {0xac80, 0xac86, 0x10a},
    {0xac89, 0xac8d, 0x111},
    {0xac8e, 0xac8f, 0x1260},
    {0xac91, 0xac92, 0x1262},
    {0xac95, 0xac9b, 0x1264},
    {0xac9c, 0xac9d, 0x118},
    {0xac9f, 0xaca1, 0x11a},
    {0xaca2, 0xaca4, 0x126c},
    {0xaca8, 0xacaa, 0x11d},
    {0xacad, 0xacae, 0x1271},
    {0xacaf, 0xacb0, 0x121},
    {0xacb2, 0xacb3, 0x1273},
    {0xacb5, 0xacb6, 0x1275},
    {0xacb7, 0xacb9, 0x123},
    {0xacbb, 0xacbd, 0x126},
    {0xacc6, 0xacc7, 0x127a},
    {0xacc9, 0xacca, 0x127c},
    {0xaccd, 0xacd3, 0x127e},
    {0xacd7, 0xacd8, 0x12f},
    {0xacda, 0xacdf, 0x1286},
    {0xace0, 0xace1, 0x131},
    {0xace2, 0xace3, 0x128c},
    {0xace5, 0xace6, 0x128e},
    {0xace7, 0xace8, 0x134},
    {0xacef, 0xacf1, 0x138},
    {0xacf5, 0xacf6, 0x13c},
    {0xacfa, 0xacfb, 0xc14},
    {0xacfc, 0xacfd, 0x13f},
    {0xacfe, 0xacff, 0x1294},
    {0xad01, 0xad02, 0x1296},
    {0xad07, 0xad0b, 0x1299},
    {0xad0c, 0xad0d, 0x144},
    {0xad0f, 0xad12, 0x146},
    {0xad13, 0xad17, 0x129f},
    {0xad1a, 0xad1b, 0x12a4},
    {0xad1d, 0xad1e, 0x12a6},
    {0xad23, 0xad27, 0x12a9},
    {0xad2c, 0xad2d, 0x14f},
    {0xad2e, 0xad33, 0x12af},
    {0xad34, 0xad35, 0x151},
    {0xad36, 0xad37, 0x12b5},
    {0xad39, 0xad3a, 0x12b7},
    {0xad3f, 0xad43, 0x12ba},
    {0xad44, 0xad45, 0x155},
    {0xad4a, 0xad4f, 0x12c0},
    {0xad52, 0xad53, 0x12c6},
    {0xad55, 0xad56, 0x12c8},
    {0xad59, 0xad5f, 0x12ca},
    {0xad60, 0xad61, 0x15c},
    {0xad66, 0xad6b, 0x12d3},
    {0xad6c, 0xad6d, 0x160},
    {0xad6e, 0xad6f, 0x12d9},
    {0xad71, 0xad72, 0x12db},
    {0xad73, 0xad76, 0x163},
    {0xad79, 0xad7a, 0x12de},
    {0xad7b, 0xad7d, 0x167},
    {0xad81, 0xad83, 0x16b},
    {0xad84, 0xad85, 0x12e2},
    {0xad88, 0xad89, 0x16e},
    {0xad8a, 0xad8b, 0x12e5},
    {0xad8d, 0xad8e, 0x12e7},
    {0xad91, 0xad97, 0x12e9},
    {0xad98, 0xad99, 0xc23},
    {0xad9c, 0xad9d, 0x172},
    {0xad9e, 0xada3, 0x12f1},
    {0xada6, 0xada7, 0x12f7},
    {0xada9, 0xadaa, 0x12f9},
    {0xadab, 0xadac, 0xc28},
    {0xadad, 0xadb3, 0x12fb},
    {0xadb4, 0xadb5, 0xc2a},
    {0xadb7, 0xadb8, 0x175},
    {0xadba, 0xadbf, 0x1303},
    {0xadc0, 0xadc1, 0x177},
    {0xadc2, 0xadc3, 0x1309},
    {0xadc5, 0xadc6, 0x130b},
    {0xadcb, 0xadcf, 0x130e},
    {0xadd0, 0xadd1, 0x17b},
    {0xadd6, 0xaddb, 0x1314},
    {0xadde, 0xaddf, 0x131a},
    {0xade1, 0xade3, 0x131c},
    {0xade5, 0xade7, 0x131f},
    {0xade9, 0xadeb, 0x1322},
    {0xadec, 0xaded, 0x182},
    {0xadf2, 0xadf7, 0x1327},
    {0xadf8, 0xadf9, 0x184},
    {0xadfa, 0xadfb, 0x132d},
    {0xae00, 0xae02, 0x188},
    {0xae03, 0xae04, 0xc35},
    {0xae05, 0xae06, 0x1330},
    {0xae07, 0xae09, 0x18b},
    {0xae13, 0xae14, 0x192},
    {0xae16, 0xae17, 0x1335},
    {0xae19, 0xae1b, 0x1337},
    {0xae1d, 0xae1f, 0x133a},
    {0xae21, 0xae23, 0x133d},
    {0xae24, 0xae25, 0xc3c},
    {0xae2a, 0xae2f, 0x1342},
    {0xae30, 0xae31, 0x196},
    {0xae32, 0xae33, 0x1348},
    {0xae35, 0xae36, 0x134a},
    {0xae37, 0xae38, 0x199},
    {0xae3d, 0xae3f, 0x134d},
    {0xae40, 0xae41, 0x19c},
    {0xae43, 0xae46, 0x19e},
    {0xae4c, 0xae4e, 0x1a3},
    {0xae51, 0xae52, 0x1353},
    {0xae57, 0xae5b, 0x1356},
    {0xae5c, 0xae5d, 0x1a9},
    {0xae5f, 0xae61, 0x1ab},
    {0xae62, 0xae63, 0xc45},
    {0xae66, 0xae67, 0x135d},
    {0xae68, 0xae69, 0x1af},
    {0xae6d, 0xae6e, 0x1360},
    {0xae6f, 0xae70, 0x1b2},
    {0xae71, 0xae72, 0x1362},
    {0xae74, 0xae75, 0x1364},
    {0xae78, 0xae79, 0x1b4},
    {0xae7b, 0xae7d, 0x1b6},
    {0xae7e, 0xae80, 0x1368},
    {0xae82, 0xae83, 0x136b},
    {0xae84, 0xae86, 0x1b9},
    {0xae89, 0xae8a, 0x136e},
    {0xae8c, 0xae8d, 0x1bc},
    {0xae8e, 0xae96, 0x1370},
    {0xae9a, 0xae9f, 0x137a},
    {0xaea1, 0xaea3, 0x1380},
    {0xaea5, 0xaeb4, 0x1383},
    {0xaeb6, 0xaebb, 0x1393},
    {0xaebc, 0xaebe, 0x1c0},
    {0xaec2, 0xaec3, 0xc50},
    {0xaec5, 0xaecb, 0x139b},
    {0xaecc, 0xaecd, 0x1c5},
    {0xaecf, 0xaed1, 0x1c7},
    {0xaed6, 0xaed7, 0x13a4},
    {0xaed8, 0xaed9, 0x1cc},
    {0xaedd, 0xaede, 0x13a7},
    {0xaedf, 0xaee0, 0xc54},
    {0xaee1, 0xaee7, 0x13a9},
    {0xaeee, 0xaef0, 0x13b1},
    {0xaef2, 0xaef3, 0x13b4},
    {0xaef6, 0xaef7, 0x13b6},
    {0xaef9, 0xaefa, 0x13b8},
    {0xaefd, 0xaeff, 0x13ba},
    {0xaf00, 0xaf03, 0x13bd},
    {0xaf04, 0xaf05, 0xc5b},
    {0xaf07, 0xaf09, 0x1d5},
    {0xaf0a, 0xaf0c, 0x13c2},
    {0xaf0e, 0xaf0f, 0x13c5},
    {0xaf11, 0xaf16, 0x13c7},
    {0xaf18, 0xaf24, 0x13cd},
    {0xaf26, 0xaf2b, 0x13da},
    {0xaf2c, 0xaf2d, 0x1da},
    {0xaf2e, 0xaf2f, 0x13e0},
    {0xaf32, 0xaf34, 0x1dd},
    {0xaf39, 0xaf3a, 0x13e4},
    {0xaf3c, 0xaf3d, 0x1e0},
    {0xaf41, 0xaf43, 0x1e3},
    {0xaf48, 0xaf49, 0x1e7},
    {0xaf4a, 0xaf4b, 0x13ea},
    {0xaf4d, 0xaf4e, 0x13ec},
    {0xaf51, 0xaf57, 0x13ee},
    {0xaf58, 0xaf59, 0xc65},
    {0xaf5c, 0xaf5d, 0x1eb},
    {0xaf5e, 0xaf63, 0x13f6},
    {0xaf64, 0xaf65, 0x1ed},
    {0xaf66, 0xaf67, 0x13fc},
    {0xaf69, 0xaf6a, 0x13fe},
    {0xaf6b, 0xaf6c, 0xc68},
    {0xaf6d, 0xaf73, 0x1400},
    {0xaf74, 0xaf75, 0xc6a},
    {0xaf76, 0xaf77, 0x1407},
    {0xaf78, 0xaf79, 0x1f0},
    {0xaf7a, 0xaf7f, 0x1409},
    {0xaf82, 0xaf83, 0x140f},
    {0xaf85, 0xaf86, 0x1411},
    {0xaf89, 0xaf8f, 0x1413},
    {0xaf90, 0xaf91, 0x1f5},
    {0xaf93, 0xaf94, 0xc6e},
    {0xaf96, 0xaf9b, 0x141b},
    {0xaf9d, 0xaf9f, 0x1421},
    {0xafa1, 0xafa2, 0x1424},
    {0xafa3, 0xafa4, 0xc71},
    {0xafa5, 0xafab, 0x1426},
    {0xafac, 0xafad, 0xc73},
    {0xafae, 0xafb1, 0x142d},
    {0xafb3, 0xafb7, 0x1431},
    {0xafb8, 0xafb9, 0x1f9},
    {0xafba, 0xafbb, 0x1436},
    {0xafbd, 0xafbe, 0x1438},
    {0xafc2, 0xafc6, 0x143a},
    {0xafc7, 0xafc9, 0x1fd},
    {0xafcd, 0xafcf, 0x201},
    {0xafd0, 0xafd3, 0x1441},
    {0xafd6, 0xafd7, 0x1445},
    {0xafd9, 0xafda, 0x1447},
    {0xafdd, 0xafe3, 0x1449},
    {0xafe4, 0xafe5, 0xc7a},
    {0xafe8, 0xafe9, 0x207},
    {0xafea, 0xafef, 0x1451},
    {0xaff0, 0xaff1, 0x209},
    {0xaff2, 0xaff3, 0x1457},
    {0xaff5, 0xaff6, 0x1459},
    {0xaff9, 0xafff, 0x145b},
    {0xb000, 0xb001, 0x20d},
    {0xb006, 0xb00b, 0x1463},
    {0xb00e, 0xb00f, 0x1469},
    {0xb011, 0xb012, 0x146b},
    {0xb015, 0xb01b, 0x146d},
    {0xb01c, 0xb01d, 0x213},
    {0xb022, 0xb027, 0x1476},
    {0xb029, 0xb02b, 0x147c},
    {0xb02d, 0xb02f, 0x147f},
    {0xb031, 0xb037, 0x1482},
    {0xb038, 0xb039, 0xc85},
    {0xb03a, 0xb03b, 0x1489},
    {0xb03d, 0xb043, 0x148b},
    {0xb044, 0xb045, 0x218},
    {0xb046, 0xb047, 0x1492},
    {0xb04f, 0xb052, 0x1495},
    {0xb053, 0xb055, 0x21e},
    {0xb062, 0xb063, 0x149e},
    {0xb065, 0xb066, 0x14a0},
    {0xb067, 0xb068, 0xc8c},
    {0xb069, 0xb06a, 0x14a2},
    {0xb06c, 0xb072, 0x14a4},
    {0xb076, 0xb07b, 0x14ac},
    {0xb07c, 0xb07d, 0x226},
    {0xb07e, 0xb07f, 0x14b2},
    {0xb081, 0xb082, 0x14b4},
    {0xb085, 0xb08a, 0x14b6},
    {0xb08c, 0xb08d, 0x22a},
    {0xb08f, 0xb091, 0x22c},
    {0xb092, 0xb094, 0x14bd},
    {0xb096, 0xb097, 0x14c0},
    {0xb098, 0xb09a, 0x22f},
    {0xb09d, 0xb09e, 0x14c2},
    {0xb09f, 0xb0a2, 0x233},
    {0xb0a5, 0xb0a7, 0x14c5},
    {0xb0a8, 0xb0a9, 0x237},
    {0xb0ab, 0xb0af, 0x239},
    {0xb0b3, 0xb0b5, 0x23f},
    {0xb0b6, 0xb0b7, 0x14c8},
    {0xb0b9, 0xb0ba, 0x14ca},
    {0xb0bb, 0xb0bc, 0x243},
    {0xb0bd, 0xb0c3, 0x14cc},
    {0xb0c4, 0xb0c5, 0x245},
    {0xb0c7, 0xb0c9, 0x247},
    {0xb0ca, 0xb0cd, 0x14d4},
    {0xb0d0, 0xb0d1, 0x24a},
    {0xb0d2, 0xb0d3, 0x14d9},
    {0xb0d5, 0xb0d6, 0x14db},
    {0xb0d7, 0xb0d8, 0x24d},
    {0xb0d9, 0xb0df, 0x14dd},
    {0xb0e0, 0xb0e1, 0x24f},
    {0xb0e7, 0xb0e8, 0x14e6},
    {0xb0ea, 0xb0eb, 0x14e8},
    {0xb0ed, 0xb0ff, 0x14ea},
    {0xb102, 0xb107, 0x14fe},
    {0xb108, 0xb109, 0x254},
    {0xb10b, 0xb10c, 0x256},
    {0xb10d, 0xb10e, 0x1504},
    {0xb10f, 0xb113, 0x258},
    {0xb114, 0xb116, 0x1506},
    {0xb118, 0xb119, 0x25d},
    {0xb11b, 0xb11d, 0x25f},
    {0xb120, 0xb121, 0xca0},
    {0xb122, 0xb125, 0x262},
    {0xb126, 0xb127, 0x150b},
    {0xb129, 0xb12a, 0x150d},
    {0xb12b, 0xb12c, 0x267},
    {0xb12d, 0xb133, 0x150f},
    {0xb134, 0xb135, 0x269},
    {0xb137, 0xb139, 0x26b},
    {0xb13a, 0xb13b, 0x1517},
    {0xb13c, 0xb13d, 0xca2},
    {0xb140, 0xb141, 0x26f},
    {0xb145, 0xb146, 0x151a},
    {0xb147, 0xb148, 0x272},
    {0xb149, 0xb14a, 0x151c},
    {0xb14c, 0xb14f, 0x151e},
    {0xb150, 0xb151, 0x274},
    {0xb154, 0xb155, 0x276},
    {0xb156, 0xb157, 0x1523},
    {0xb159, 0xb15b, 0xca8},
    {0xb15e, 0xb15f, 0x1525},
    {0xb161, 0xb162, 0x1527},
    {0xb163, 0xb164, 0xcac},
    {0xb165, 0xb16b, 0x1529},
    {0xb16c, 0xb16d, 0xcae},
    {0xb172, 0xb177, 0x1532},
    {0xb178, 0xb179, 0x27c},
    {0xb17a, 0xb17b, 0xcb1},
    {0xb17e, 0xb17f, 0xcb3},
    {0xb180, 0xb182, 0x27f},
    {0xb183, 0xb187, 0x1539},
    {0xb188, 0xb189, 0x282},
    {0xb191, 0xb194, 0x286},
    {0xb196, 0xb197, 0x1541},
    {0xb199, 0xb19a, 0x1543},
    {0xb19d, 0xb1a3, 0x1545},
    {0xb1aa, 0xb1af, 0x154d},
    {0xb1b1, 0xb1b3, 0x1553},
    {0xb1b5, 0xb1b7, 0x1556},
    {0xb1b9, 0xb1c3, 0x1559},
    {0xb1c5, 0xb1cb, 0x1564},
    {0xb1cc, 0xb1cd, 0x290},
    {0xb1ce, 0xb1cf, 0x156b},
    {0xb1d1, 0xb1d2, 0x156d},
    {0xb1d5, 0xb1db, 0x156f},
    {0xb1dc, 0xb1dd, 0x294},
    {0xb1e2, 0xb1e5, 0x1577},
    {0xb1e8, 0xb1e9, 0x298},
    {0xb1ea, 0xb1eb, 0x157c},
    {0xb1ed, 0xb1ee, 0x157e},
    {0xb1f1, 0xb1f7, 0x1580},
    {0xb1f8, 0xb1f9, 0x29c},
    {0xb1fe, 0xb1ff, 0x1589},
    {0xb200, 0xb203, 0x158b},
    {0xb204, 0xb205, 0x2a0},
    {0xb206, 0xb207, 0x158f},
    {0xb209, 0xb20a, 0x1591},
    {0xb20b, 0xb20d, 0x2a3},
    {0xb20e, 0xb20f, 0x1593},
    {0xb211, 0xb212, 0x1595},
    {0xb214, 0xb215, 0x2a6},
    {0xb222, 0xb223, 0x159c},
    {0xb225, 0xb226, 0x159e},
    {0xb227, 0xb228, 0xcc8},
    {0xb229, 0xb22f, 0x15a0},
    {0xb230, 0xb231, 0xcca},
    {0xb236, 0xb23b, 0x15a8},
    {0xb23e, 0xb23f, 0x15ae},
    {0xb241, 0xb242, 0x15b0},
    {0xb243, 0xb244, 0xcd0},
    {0xb245, 0xb24b, 0x15b2},
    {0xb24c, 0xb24d, 0xcd2},
    {0xb24f, 0xb251, 0xcd4},
    {0xb252, 0xb257, 0x15ba},
    {0xb25a, 0xb25b, 0x15c0},
    {0xb25d, 0xb25e, 0x15c2},
    {0xb261, 0xb267, 0x15c4},
    {0xb268, 0xb269, 0x2b1},
    {0xb270, 0xb273, 0x15ce},
    {0xb274, 0xb275, 0x2b3},
    {0xb276, 0xb277, 0x15d2},
    {0xb279, 0xb27a, 0x15d4},
    {0xb27b, 0xb27c, 0x2b5},
    {0xb27d, 0xb283, 0x15d6},
    {0xb284, 0xb285, 0x2b7},
    {0xb28a, 0xb28b, 0xcde},
    {0xb28c, 0xb28f, 0x15df},
    {0xb290, 0xb291, 0x2ba},
    {0xb292, 0xb293, 0x15e3},
    {0xb295, 0xb296, 0x15e5},
    {0xb297, 0xb29a, 0x2bd},
    {0xb29d, 0xb29f, 0x15e8},
    {0xb2a0, 0xb2a1, 0x2c1},
    {0xb2a5, 0xb2a7, 0x2c4},
    {0xb2a8, 0xb2a9, 0x15ed},
    {0xb2aa, 0xb2ac, 0x2c7},
    {0xb2ae, 0xb2af, 0x15ef},
    {0xb2b1, 0xb2b2, 0x15f1},
    {0xb2b5, 0xb2bb, 0x15f3},
    {0xb2c2, 0xb2c7, 0x15fb},
    {0xb2c8, 0xb2c9, 0x2cf},
    {0xb2ca, 0xb2cb, 0x1601},
    {0xb2cd, 0xb2ce, 0x1603},
    {0xb2cf, 0xb2d0, 0x2d2},
    {0xb2d3, 0xb2d4, 0xce6},
    {0xb2d5, 0xb2d7, 0x1605},
    {0xb2d8, 0xb2d9, 0x2d5},
    {0xb2dd, 0xb2de, 0x2d8},
    {0xb2e4, 0xb2e6, 0x2dc},
    {0xb2e9, 0xb2ea, 0x160d},
    {0xb2eb, 0xb2ef, 0x2e0},
    {0xb2f3, 0xb2f5, 0x2e5},
    {0xb2f7, 0xb2fb, 0x2e8},
    {0xb300, 0xb301, 0x2ef},
    {0xb302, 0xb303, 0x1610},
    {0xb305, 0xb306, 0x1612},
    {0xb309, 0xb30f, 0x1614},
    {0xb310, 0xb311, 0x2f3},
    {0xb313, 0xb316, 0x2f5},
    {0xb317, 0xb318, 0x161c},
    {0xb31a, 0xb31b, 0x161e},
    {0xb31e, 0xb31f, 0x1620},
    {0xb321, 0xb323, 0x1622},
    {0xb325, 0xb326, 0x1625},
    {0xb328, 0xb32b, 0x1627},
    {0xb32c, 0xb32d, 0xcf3},
    {0xb332, 0xb337, 0x162d},
    {0xb339, 0xb33b, 0x1633},
    {0xb33d, 0xb34c, 0x1636},
    {0xb34e, 0xb353, 0x1646},
    {0xb354, 0xb356, 0x2fc},
    {0xb35b, 0xb35c, 0x300},
    {0xb35e, 0xb35f, 0x302},
    {0xb360, 0xb363, 0x164f},
    {0xb364, 0xb365, 0x304},
    {0xb36e, 0xb371, 0x309},
    {0xb372, 0xb373, 0x1654},
    {0xb375, 0xb376, 0x1656},
    {0xb379, 0xb37f, 0x1658},
    {0xb380, 0xb381, 0x30f},
    {0xb383, 0xb385, 0x311},
    {0xb387, 0xb389, 0x1660},
    {0xb391, 0xb392, 0x1665},
    {0xb395, 0xb397, 0x1667},
    {0xb399, 0xb39b, 0x166a},
    {0xb39c, 0xb39d, 0xd05},
    {0xb3a0, 0xb3a1, 0x317},
    {0xb3a2, 0xb3a7, 0x166e},
    {0xb3aa, 0xb3ab, 0x1674},
    {0xb3ad, 0xb3af, 0x1676},
    {0xb3b1, 0xb3b7, 0x1679},
    {0xb3b8, 0xb3b9, 0xd0a},
    {0xb3be, 0xb3c3, 0x1682},
    {0xb3c4, 0xb3c5, 0x31b},
    {0xb3c6, 0xb3c7, 0xd0e},
    {0xb3c9, 0xb3ca, 0x1688},
    {0xb3cb, 0xb3cc, 0x31e},
    {0xb3d1, 0xb3d2, 0x168b},
    {0xb3d4, 0xb3d5, 0x322},
    {0xb3de, 0xb3df, 0xd14},
    {0xb3e2, 0xb3e3, 0x168f},
    {0xb3e5, 0xb3e7, 0x1691},
    {0xb3e9, 0xb3ef, 0x1694},
    {0xb3f0, 0xb3f1, 0xd17},
    {0xb3f3, 0xb3f5, 0xd19},
    {0xb3f6, 0xb3fb, 0x169c},
    {0xb3fd, 0xb3ff, 0x16a2},
    {0xb401, 0xb402, 0x16a5},
    {0xb403, 0xb404, 0xd1d},
    {0xb405, 0xb40b, 0x16a7},
    {0xb40c, 0xb40d, 0xd1f},
    {0xb40f, 0xb410, 0x32c},
    {0xb411, 0xb417, 0x16af},
    {0xb41a, 0xb41b, 0x16b6},
    {0xb41d, 0xb41e, 0x16b8},
    {0xb421, 0xb423, 0x16ba},
    {0xb425, 0xb427, 0x16bd},
    {0xb428, 0xb429, 0x331},
    {0xb42b, 0xb42d, 0x333},
    {0xb42e, 0xb433, 0x16c1},
    {0xb436, 0xb437, 0x16c7},
    {0xb439, 0xb43a, 0x16c9},
    {0xb43b, 0xb43c, 0xd26},
    {0xb43d, 0xb443, 0x16cb},
    {0xb444, 0xb445, 0xd28},
    {0xb44a, 0xb44e, 0x16d4},
    {0xb450, 0xb451, 0x337},
    {0xb452, 0xb453, 0x16d9},
    {0xb455, 0xb456, 0x16db},
    {0xb457, 0xb458, 0x33a},
    {0xb45c, 0xb45f, 0x16dd},
    {0xb460, 0xb461, 0x33d},
    {0xb466, 0xb469, 0x16e3},
    {0xb46e, 0xb46f, 0x16e8},
    {0xb471, 0xb472, 0x16ea},
    {0xb473, 0xb474, 0xd32},
    {0xb475, 0xb47b, 0x16ec},
    {0xb47c, 0xb47d, 0xd34},
    {0xb482, 0xb487, 0x16f4},
    {0xb48a, 0xb48b, 0x16fa},
    {0xb48d, 0xb48e, 0x16fc},
    {0xb48f, 0xb490, 0xd3a},
    {0xb491, 0xb497, 0x16fe},
    {0xb49b, 0xb49c, 0xd3d},
    {0xb49e, 0xb4a3, 0x1706},
    {0xb4a6, 0xb4a7, 0x170c},
    {0xb4a9, 0xb4aa, 0x170e},
    {0xb4ad, 0xb4b3, 0x1710},
    {0xb4b7, 0xb4b9, 0x34a},
    {0xb4ba, 0xb4bf, 0x1718},
    {0xb4c2, 0xb4c3, 0x171e},
    {0xb4c5, 0xb4c7, 0x1720},
    {0xb4c9, 0xb4cf, 0x1723},
    {0xb4d6, 0xb4db, 0x172c},
    {0xb4dc, 0xb4dd, 0x352},
    {0xb4de, 0xb4df, 0x1732},
    {0xb4e1, 0xb4e2, 0x1734},
    {0xb4e3, 0xb4e7, 0x355},
    {0xb4e9, 0xb4eb, 0x1736},
    {0xb4ec, 0xb4ed, 0x35a},
    {0xb4f2, 0xb4f7, 0x173b},
    {0xb4fa, 0xb4fb, 0x1741},
    {0xb4fd, 0xb4fe, 0x1743},
    {0xb501, 0xb507, 0x1745},
    {0xb508, 0xb509, 0xd48},
    {0xb50e, 0xb513, 0x174e},
    {0xb514, 0xb515, 0x361},
    {0xb516, 0xb517, 0x1754},
    {0xb519, 0xb51a, 0x1756},
    {0xb51b, 0xb51c, 0x364},
    {0xb51d, 0xb523, 0x1758},
    {0xb524, 0xb525, 0x366},
    {0xb527, 0xb52b, 0x368},
    {0xb530, 0xb532, 0x36e},
    {0xb535, 0xb536, 0x1762},
    {0xb537, 0xb538, 0x372},
    {0xb539, 0xb53b, 0xd4e},
    {0xb53c, 0xb53e, 0x1764},
    {0xb540, 0xb541, 0x374},
    {0xb543, 0xb545, 0x376},
    {0xb546, 0xb54a, 0x1768},
    {0xb54b, 0xb54d, 0x379},
    {0xb551, 0xb552, 0x176e},
    {0xb555, 0xb55b, 0x1770},
    {0xb55c, 0xb55d, 0x37e},
    {0xb55f, 0xb561, 0x380},
    {0xb562, 0xb566, 0x1778},
    {0xb567, 0xb569, 0xd54},
    {0xb56a, 0xb56b, 0x177d},
    {0xb56d, 0xb56f, 0x177f},
    {0xb571, 0xb57c, 0x1782},
    {0xb57e, 0xb583, 0x178e},
    {0xb585, 0xb587, 0x1794},
    {0xb589, 0xb593, 0x1797},
    {0xb595, 0xb598, 0x17a2},
    {0xb59a, 0xb59f, 0x17a6},
    {0xb5a0, 0xb5a1, 0x387},
    {0xb5a2, 0xb5a3, 0x17ac},
    {0xb5a5, 0xb5a6, 0x17ae},
    {0xb5aa, 0xb5ab, 0x38b},
    {0xb5ac, 0xb5ae, 0x17b1},
    {0xb5b0, 0xb5b1, 0x38d},
    {0xb5b3, 0xb5b5, 0x38f},
    {0xb5b6, 0xb5ba, 0x17b5},
    {0xb5bb, 0xb5bd, 0x392},
    {0xb5be, 0xb5bf, 0x17ba},
    {0xb5c1, 0xb5c2, 0x17bc},
    {0xb5c5, 0xb5cb, 0x17be},
    {0xb5cc, 0xb5cd, 0x397},
    {0xb5cf, 0xb5d1, 0x399},
    {0xb5d2, 0xb5d7, 0x17c6},
    {0xb5da, 0xb5db, 0x17cc},
    {0xb5dd, 0xb5de, 0x17ce},
    {0xb5e0, 0xb5e7, 0x17d0},
    {0xb5e8, 0xb5e9, 0xd60},
    {0xb5ee, 0xb5f3, 0x17d9},
    {0xb5f5, 0xb5f7, 0x17df},
    {0xb5f9, 0xb5ff, 0x17e2},
    {0xb600, 0xb604, 0x17e9},
    {0xb606, 0xb608, 0x17ee},
    {0xb60a, 0xb60f, 0x17f1},
    {0xb610, 0xb611, 0x39e},
    {0xb615, 0xb616, 0x17f8},
    {0xb619, 0xb61a, 0xd6a},
    {0xb61b, 0xb61e, 0x17fa},
    {0xb620, 0xb621, 0x3a2},
    {0xb626, 0xb62b, 0x1800},
    {0xb62c, 0xb62d, 0x3a6},
    {0xb62e, 0xb62f, 0x1806},
    {0xb631, 0xb633, 0x1808},
    {0xb635, 0xb640, 0x180b},
    {0xb642, 0xb646, 0x1817},
    {0xb647, 0xb648, 0x3aa},
    {0xb64a, 0xb64b, 0x181c},
    {0xb64d, 0xb64e, 0x181e},
    {0xb64f, 0xb650, 0xd70},
    {0xb651, 0xb657, 0x1820},
    {0xb658, 0xb659, 0xd72},
    {0xb65d, 0xb663, 0x1828},
    {0xb666, 0xb667, 0x182f},
    {0xb669, 0xb66a, 0x1831},
    {0xb66b, 0xb66c, 0xd76},
    {0xb66d, 0xb673, 0x1833},
    {0xb674, 0xb675, 0xd78},
    {0xb677, 0xb679, 0xd7a},
    {0xb67a, 0xb67f, 0x183b},
    {0xb680, 0xb681, 0xd7d},
    {0xb682, 0xb69b, 0x1841},
    {0xb69c, 0xb69d, 0x3af},
    {0xb69e, 0xb69f, 0x185b},
    {0xb6a1, 0xb6a2, 0x185d},
    {0xb6a8, 0xb6aa, 0x1860},
    {0xb6ab, 0xb6ac, 0x3b4},
    {0xb6b2, 0xb6b4, 0x1865},
    {0xb6b6, 0xb6b7, 0x1868},
    {0xb6b9, 0xb6bb, 0x186a},
    {0xb6bd, 0xb6be, 0x186d},
    {0xb6c0, 0xb6ca, 0x186f},
    {0xb6cb, 0xb6cc, 0xd85},
    {0xb6cd, 0xb6d3, 0x187a},
    {0xb6d5, 0xb6d7, 0x1881},
    {0xb6d9, 0xb6da, 0x1884},
    {0xb6db, 0xb6dc, 0xd88},
    {0xb6dd, 0xb6e3, 0x1886},
    {0xb6e4, 0xb6e5, 0xd8a},
    {0xb6e6, 0xb6e7, 0x188d},
    {0xb6e8, 0xb6e9, 0xd8c},
    {0xb6ea, 0xb6ef, 0x188f},
    {0xb6f1, 0xb6f3, 0x1895},
    {0xb6f5, 0xb6f6, 0x1898},
    {0xb6f9, 0xb6ff, 0x189a},
    {0xb700, 0xb701, 0x3bd},
    {0xb704, 0xb705, 0x3bf},
    {0xb706, 0xb70b, 0x18a2},
    {0xb70e, 0xb713, 0x18a8},
    {0xb715, 0xb71b, 0x18ae},
    {0xb71d, 0xb720, 0x18b5},
    {0xb722, 0xb727, 0x18b9},
    {0xb728, 0xb729, 0x3c2},
    {0xb72a, 0xb72b, 0x18bf},
    {0xb72d, 0xb72e, 0x18c1},
    {0xb72f, 0xb730, 0x3c5},
    {0xb734, 0xb736, 0x18c4},
    {0xb738, 0xb739, 0x3c8},
    {0xb73d, 0xb73e, 0x3cb},
    {0xb73f, 0xb742, 0x18c9},
    {0xb743, 0xb744, 0x3cd},
    {0xb746, 0xb747, 0x18cd},
    {0xb749, 0xb74b, 0x18cf},
    {0xb74d, 0xb753, 0x18d2},
    {0xb754, 0xb755, 0x3d1},
    {0xb756, 0xb758, 0x18d9},
    {0xb75a, 0xb75f, 0x18dc},
    {0xb760, 0xb761, 0x3d3},
    {0xb762, 0xb763, 0x18e2},
    {0xb765, 0xb766, 0x18e4},
    {0xb769, 0xb76f, 0x18e6},
    {0xb770, 0xb771, 0x3d7},
    {0xb776, 0xb77a, 0x18ef},
    {0xb77c, 0xb77d, 0x3db},
    {0xb77e, 0xb77f, 0x18f4},
    {0xb781, 0xb782, 0x18f6},
    {0xb783, 0xb784, 0x3de},
    {0xb785, 0xb787, 0x18f8},
    {0xb789, 0xb78b, 0x18fb},
    {0xb78c, 0xb78d, 0x3e0},
    {0xb78f, 0xb792, 0x3e2},
    {0xb793, 0xb795, 0xd9b},
    {0xb796, 0xb799, 0x3e6},
    {0xb79a, 0xb79b, 0x18ff},
    {0xb79d, 0xb79e, 0x1901},
    {0xb79f, 0xb7a0, 0x3eb},
    {0xb7a1, 0xb7a7, 0x1903},
    {0xb7a8, 0xb7a9, 0x3ed},
    {0xb7ab, 0xb7ad, 0x3ef},
    {0xb7ae, 0xb7af, 0x190b},
    {0xb7b4, 0xb7b5, 0x3f4},
    {0xb7b6, 0xb7b7, 0x190e},
    {0xb7b9, 0xb7ba, 0x1910},
    {0xb7bb, 0xb7bc, 0xd9f},
    {0xb7bd, 0xb7c3, 0x1912},
    {0xb7ca, 0xb7cf, 0x191b},
    {0xb7d1, 0xb7d3, 0x1921},
    {0xb7d5, 0xb7e2, 0x1924},
    {0xb7e4, 0xb7eb, 0x1932},
    {0xb7ec, 0xb7ed, 0x3fc},
    {0xb7ee, 0xb7ef, 0x193a},
    {0xb7f2, 0xb7f4, 0x3ff},
    {0xb7f5, 0xb7fb, 0x193d},
    {0xb7fc, 0xb7fd, 0x402},
    {0xb800, 0xb801, 0x405},
    {0xb807, 0xb809, 0x407},
    {0xb80a, 0xb80b, 0x1946},
    {0xb80d, 0xb80e, 0x1948},
    {0xb811, 0xb817, 0x194a},
    {0xb818, 0xb819, 0x40c},
    {0xb81b, 0xb81d, 0x40e},
    {0xb81e, 0xb820, 0x1952},
    {0xb821, 0xb823, 0xda8},
    {0xb824, 0xb825, 0x411},
    {0xb826, 0xb827, 0x1955},
    {0xb829, 0xb82a, 0x1957},
    {0xb82b, 0xb82c, 0x414},
    {0xb82d, 0xb82f, 0x1959},
    {0xb831, 0xb833, 0x195c},
    {0xb834, 0xb835, 0x416},
    {0xb837, 0xb839, 0x418},
    {0xb83a, 0xb83b, 0x1960},
    {0xb842, 0xb843, 0x1964},
    {0xb845, 0xb846, 0x1966},
    {0xb847, 0xb848, 0xdaf},
    {0xb849, 0xb84f, 0x1968},
    {0xb856, 0xb85b, 0x1971},
    {0xb85c, 0xb85d, 0x41f},
    {0xb85e, 0xb85f, 0x1977},
    {0xb861, 0xb862, 0x1979},
    {0xb863, 0xb864, 0x422},
    {0xb865, 0xb867, 0x197b},
    {0xb869, 0xb86a, 0x197e},
    {0xb86c, 0xb86d, 0x424},
    {0xb872, 0xb873, 0x1982},
    {0xb876, 0xb877, 0xdb6},
    {0xb878, 0xb879, 0x428},
    {0xb87a, 0xb87b, 0x1985},
    {0xb87d, 0xb87f, 0x1987},
    {0xb881, 0xb887, 0x198a},
    {0xb888, 0xb889, 0xdb9},
    {0xb88b, 0xb88c, 0xdbb},
    {0xb88e, 0xb893, 0x1992},
    {0xb895, 0xb897, 0x1998},
    {0xb899, 0xb89a, 0x199b},
    {0xb89b, 0xb89c, 0xdbe},
    {0xb89d, 0xb8a6, 0x199d},
    {0xb8a9, 0xb8af, 0x19a7},
    {0xb8b2, 0xb8b3, 0x19ae},
    {0xb8b9, 0xb8bf, 0x19b1},
    {0xb8c0, 0xb8c1, 0x431},
    {0xb8c6, 0xb8cb, 0x19b9},
    {0xb8ce, 0xb8cf, 0x19bf},
    {0xb8d1, 0xb8d2, 0x19c1},
    {0xb8d5, 0xb8db, 0x19c3},
    {0xb8e2, 0xb8e7, 0x19cc},
    {0xb8e8, 0xb8e9, 0x43b},
    {0xb8ea, 0xb8eb, 0x19d2},
    {0xb8ed, 0xb8ee, 0x19d4},
    {0xb8f1, 0xb8f2, 0x19d6},
    {0xb8f4, 0xb8f7, 0x19d8},
    {0xb8f8, 0xb8f9, 0x43f},
    {0xb8fe, 0xb8ff, 0x19de},
    {0xb906, 0xb907, 0x19e2},
    {0xb909, 0xb90a, 0x19e4},
    {0xb90b, 0xb90c, 0xdcd},
    {0xb90d, 0xb913, 0x19e6},
    {0xb914, 0xb915, 0xdcf},
    {0xb91a, 0xb91f, 0x19ee},
    {0xb922, 0xb923, 0x19f4},
    {0xb925, 0xb927, 0x19f6},
    {0xb929, 0xb92f, 0x19f9},
    {0xb930, 0xb931, 0xdd5},
    {0xb933, 0xb935, 0xdd7},
    {0xb936, 0xb93b, 0x1a01},
    {0xb93c, 0xb93d, 0x448},
    {0xb93e, 0xb93f, 0x1a07},
    {0xb941, 0xb942, 0x1a09},
    {0xb945, 0xb94b, 0x1a0b},
    {0xb952, 0xb957, 0x1a13},
    {0xb958, 0xb959, 0x44f},
    {0xb95a, 0xb95b, 0x1a19},
    {0xb95d, 0xb95e, 0x1a1b},
    {0xb961, 0xb967, 0x1a1d},
    {0xb968, 0xb969, 0x453},
    {0xb96e, 0xb973, 0x1a26},
    {0xb974, 0xb975, 0x457},
    {0xb976, 0xb977, 0x1a2c},
    {0xb979, 0xb97a, 0x1a2e},
    {0xb97e, 0xb97f, 0x1a30},
    {0xb981, 0xb983, 0x1a32},
    {0xb984, 0xb985, 0x45b},
    {0xb989, 0xb98a, 0x45e},
    {0xb98d, 0xb990, 0x460},
    {0xb992, 0xb993, 0x1a38},
    {0xb995, 0xb997, 0x1a3a},
    {0xb999, 0xb99d, 0x1a3d},
    {0xb9a0, 0xb9a1, 0xde5},
    {0xb9a6, 0xb9ab, 0x1a45},
    {0xb9ac, 0xb9ad, 0x465},
    {0xb9ae, 0xb9af, 0x1a4b},
    {0xb9b1, 0xb9b2, 0x1a4d},
    {0xb9b5, 0xb9bb, 0x1a4f},
    {0xb9bc, 0xb9bd, 0x469},
    {0xb9bf, 0xb9c1, 0x46b},
    {0xb9c2, 0xb9c3, 0x1a56},
    {0xb9c8, 0xb9c9, 0x46f},
    {0xb9ce, 0xb9d2, 0x472},
    {0xb9d5, 0xb9d7, 0x1a5d},
    {0xb9d8, 0xb9d9, 0x478},
    {0xb9db, 0xb9df, 0x47a},
    {0xb9e1, 0xb9e5, 0x47f},
    {0xb9e9, 0xb9ea, 0x1a62},
    {0xb9eb, 0xb9ec, 0x485},
    {0xb9ee, 0xb9f3, 0x1a64},
    {0xb9f4, 0xb9f5, 0x487},
    {0xb9f7, 0xb9fb, 0x489},
    {0xba00, 0xba01, 0x48f},
    {0xba02, 0xba03, 0x1a6d},
    {0xba05, 0xba07, 0x1a6f},
    {0xba09, 0xba0f, 0x1a72},
    {0xba16, 0xba17, 0x1a7b},
    {0xba19, 0xba1b, 0x1a7d},
    {0xba1d, 0xba37, 0x1a80},
    {0xba38, 0xba39, 0x495},
    {0xba3d, 0xba3e, 0x1a9c},
    {0xba43, 0xba47, 0x1a9e},
    {0xba48, 0xba49, 0x49a},
    {0xba4b, 0xba4e, 0x49c},
    {0xba50, 0xba52, 0x1aa4},
    {0xba53, 0xba55, 0x4a0},
    {0xba56, 0xba57, 0x1aa7},
    {0xba59, 0xba5a, 0x1aa9},
    {0xba5b, 0xba5c, 0x4a4},
    {0xba5d, 0xba5f, 0x1aab},
    {0xba61, 0xba63, 0x1aae},
    {0xba64, 0xba65, 0x4a6},
    {0xba67, 0xba69, 0x4a8},
    {0xba6e, 0xba6f, 0x1ab3},
    {0xba70, 0xba71, 0x4ac},
    {0xba72, 0xba73, 0x1ab5},
    {0xba75, 0xba76, 0x1ab7},
    {0xba77, 0xba78, 0x4af},
    {0xba7b, 0xba7f, 0x1aba},
    {0xba80, 0xba81, 0xdfd},
    {0xba83, 0xba85, 0x4b1},
    {0xba8a, 0xba8b, 0x1ac2},
    {0xba8e, 0xba8f, 0x1ac4},
    {0xba91, 0xba92, 0x1ac6},
    {0xba93, 0xba94, 0xe01},
    {0xba95, 0xba9b, 0x1ac8},
    {0xba9c, 0xba9d, 0xe03},
    {0xbaa5, 0xbaa6, 0xe08},
    {0xbaa8, 0xbaa9, 0x4b7},
    {0xbaab, 0xbaac, 0x4b9},
    {0xbaad, 0xbaae, 0x1ad5},
    {0xbaaf, 0xbab2, 0x4bb},
    {0xbab5, 0xbab7, 0x1ad8},
    {0xbab8, 0xbab9, 0x4bf},
    {0xbac0, 0xbac2, 0x1ade},
    {0xbac6, 0xbac7, 0x1ae1},
    {0xbac9, 0xbaca, 0x1ae3},
    {0xbacb, 0xbacc, 0xe0e},
    {0xbacd, 0xbad3, 0x1ae5},
    {0xbad4, 0xbad5, 0xe10},
    {0xbad8, 0xbad9, 0x4c5},
    {0xbada, 0xbadf, 0x1aed},
    {0xbae1, 0xbae3, 0x1af3},
    {0xbae5, 0xbae7, 0x1af6},
    {0xbae9, 0xbaf0, 0x1af9},
    {0xbaf2, 0xbaf3, 0x1b01},
    {0xbaf5, 0xbafb, 0x1b03},
    {0xbafe, 0xbaff, 0x1b0a},
    {0xbb01, 0xbb02, 0x1b0c},
    {0xbb05, 0xbb0b, 0x1b0e},
    {0xbb0c, 0xbb0d, 0x4cc},
    {0xbb12, 0xbb17, 0x1b17},
    {0xbb1a, 0xbb1b, 0x1b1d},
    {0xbb1d, 0xbb1e, 0x1b1f},
    {0xbb21, 0xbb27, 0x1b21},
    {0xbb2e, 0xbb33, 0x1b2a},
    {0xbb34, 0xbb36, 0x4d5},
    {0xbb3b, 0xbb3e, 0x4d9},
    {0xbb41, 0xbb43, 0x1b33},
    {0xbb44, 0xbb45, 0x4dd},
    {0xbb4f, 0xbb50, 0x4e2},
    {0xbb52, 0xbb53, 0x1b3b},
    {0xbb55, 0xbb56, 0x1b3d},
    {0xbb59, 0xbb5f, 0x1b3f},
    {0xbb63, 0xbb65, 0x4e7},
    {0xbb66, 0xbb6b, 0x1b47},
    {0xbb6e, 0xbb6f, 0x1b4d},
    {0xbb71, 0xbb73, 0x1b4f},
    {0xbb75, 0xbb7b, 0x1b52},
    {0xbb7c, 0xbb7d, 0xe25},
    {0xbb7f, 0xbb81, 0xe27},
    {0xbb82, 0xbb87, 0x1b5a},
    {0xbb8d, 0xbb8f, 0x1b61},
    {0xbb91, 0xbb97, 0x1b64},
    {0xbb9c, 0xbb9d, 0xe2c},
    {0xbb9e, 0xbba3, 0x1b6c},
    {0xbba6, 0xbba7, 0x1b72},
    {0xbba9, 0xbbaa, 0x1b74},
    {0xbbad, 0xbbb3, 0x1b76},
    {0xbbba, 0xbbbf, 0x1b7f},
    {0xbbc0, 0xbbc1, 0x4f7},
    {0xbbc5, 0xbbc6, 0x1b86},
    {0xbbca, 0xbbcb, 0x1b88},
    {0xbbcd, 0xbbce, 0x1b8a},
    {0xbbd0, 0xbbd1, 0x4fb},
    {0xbbd6, 0xbbd8, 0x1b8e},
    {0xbbda, 0xbbdb, 0x1b91},
    {0xbbde, 0xbbdf, 0x1b93},
    {0xbbe1, 0xbbe3, 0x1b95},
    {0xbbe5, 0xbbeb, 0x1b98},
    {0xbbf3, 0xbbf7, 0x1ba1},
    {0xbbf8, 0xbbf9, 0x503},
    {0xbbfa, 0xbbfb, 0x1ba6},
    {0xbbfd, 0xbbfe, 0x1ba8},
    {0xbc05, 0xbc07, 0x1bab},
    {0xbc08, 0xbc09, 0x509},
    {0xbc0b, 0xbc0d, 0x50b},
    {0xbc12, 0xbc13, 0x1baf},
    {0xbc14, 0xbc18, 0x510},
    {0xbc19, 0xbc1a, 0x1bb1},
    {0xbc1b, 0xbc1f, 0x515},
    {0xbc21, 0xbc22, 0x1bb3},
    {0xbc23, 0xbc25, 0x51a},
    {0xbc27, 0xbc29, 0x51d},
    {0xbc30, 0xbc32, 0x522},
    {0xbc35, 0xbc36, 0x1bb9},
    {0xbc37, 0xbc38, 0x526},
    {0xbc39, 0xbc3f, 0x1bbb},
    {0xbc40, 0xbc41, 0x528},
    {0xbc43, 0xbc45, 0x52a},
    {0xbc47, 0xbc48, 0x1bc3},
    {0xbc4a, 0xbc4b, 0x1bc5},
    {0xbc4c, 0xbc4d, 0x52e},
    {0xbc4e, 0xbc4f, 0x1bc7},
    {0xbc51, 0xbc53, 0x1bc9},
    {0xbc55, 0xbc5b, 0x1bcc},
    {0xbc5c, 0xbc5d, 0x531},
    {0xbc62, 0xbc66, 0x1bd5},
    {0xbc67, 0xbc68, 0xe45},
    {0xbc69, 0xbc6f, 0x1bda},
    {0xbc71, 0xbc76, 0x1be1},
    {0xbc78, 0xbc7c, 0x1be7},
    {0xbc7e, 0xbc83, 0x1bec},
    {0xbc84, 0xbc85, 0x535},
    {0xbc89, 0xbc8a, 0x1bf3},
    {0xbc8b, 0xbc8c, 0x538},
    {0xbc91, 0xbc93, 0x1bf6},
    {0xbc94, 0xbc95, 0x53b},
    {0xbc97, 0xbc9a, 0x53d},
    {0xbc9f, 0xbca1, 0x542},
    {0xbca5, 0xbca6, 0x1bfd},
    {0xbca7, 0xbca8, 0x546},
    {0xbca9, 0xbcaf, 0x1bff},
    {0xbcb0, 0xbcb1, 0x548},
    {0xbcb3, 0xbcb5, 0x54a},
    {0xbcb6, 0xbcb7, 0x1c07},
    {0xbcb8, 0xbcb9, 0xe4f},
    {0xbcba, 0xbcbb, 0x1c09},
    {0xbcbc, 0xbcbd, 0x54d},
    {0xbcbe, 0xbcbf, 0x1c0b},
    {0xbcc1, 0xbcc2, 0x1c0d},
    {0xbcc5, 0xbcc7, 0x1c0f},
    {0xbcc9, 0xbccb, 0x1c12},
    {0xbccc, 0xbccd, 0x551},
    {0xbccf, 0xbcd1, 0x553},
    {0xbcd6, 0xbcd7, 0x1c16},
    {0xbcda, 0xbcdb, 0x1c18},
    {0xbcdd, 0xbcdf, 0x1c1a},
    {0xbce1, 0xbce7, 0x1c1d},
    {0xbce8, 0xbce9, 0xe57},
    {0xbcee, 0xbcf3, 0x1c26},
    {0xbcf4, 0xbcf6, 0x55a},
    {0xbcf9, 0xbcfa, 0x1c2c},
    {0xbcfb, 0xbcff, 0x55e},
    {0xbd00, 0xbd03, 0x1c2e},
    {0xbd04, 0xbd05, 0x563},
    {0xbd0a, 0xbd0b, 0xe5c},
    {0xbd12, 0xbd13, 0x1c36},
    {0xbd15, 0xbd16, 0x1c38},
    {0xbd17, 0xbd18, 0xe61},
    {0xbd19, 0xbd1f, 0x1c3a},
    {0xbd20, 0xbd21, 0xe63},
    {0xbd23, 0xbd25, 0x569},
    {0xbd26, 0xbd2b, 0x1c42},
    {0xbd2d, 0xbd2f, 0x1c48},
    {0xbd31, 0xbd32, 0x1c4b},
    {0xbd33, 0xbd34, 0xe66},
    {0xbd35, 0xbd3f, 0x1c4d},
    {0xbd41, 0xbd47, 0x1c58},
    {0xbd48, 0xbd49, 0x56e},
    {0xbd4d, 0xbd4e, 0x1c60},
    {0xbd51, 0xbd57, 0x1c62},
    {0xbd58, 0xbd59, 0x572},
    {0xbd5e, 0xbd63, 0x1c6a},
    {0xbd66, 0xbd67, 0x1c70},
    {0xbd69, 0xbd6b, 0x1c72},
    {0xbd6d, 0xbd73, 0x1c75},
    {0xbd7a, 0xbd7f, 0x1c7e},
    {0xbd80, 0xbd81, 0x578},
    {0xbd85, 0xbd86, 0x1c85},
    {0xbd87, 0xbd8a, 0x57b},
    {0xbd8c, 0xbd8d, 0x1c87},
    {0xbd90, 0xbd91, 0x57f},
    {0xbd93, 0xbd95, 0x581},
    {0xbd96, 0xbd98, 0xe74},
    {0xbd99, 0xbd9a, 0x584},
    {0xbd9c, 0xbd9d, 0x586},
    {0xbd9e, 0xbd9f, 0x1c8b},
    {0xbda1, 0xbda2, 0x1c8d},
    {0xbda5, 0xbdab, 0x1c8f},
    {0xbdb2, 0xbdb3, 0x1c97},
    {0xbdb5, 0xbdb7, 0x1c99},
    {0xbdba, 0xbdbb, 0x1c9c},
    {0xbdbd, 0xbdbe, 0x1c9e},
    {0xbdbf, 0xbdc0, 0xe7e},
    {0xbdc2, 0xbdc7, 0x1ca0},
    {0xbdc8, 0xbdc9, 0xe80},
    {0xbdcb, 0xbdcd, 0xe82},
    {0xbdce, 0xbdd3, 0x1ca7},
    {0xbdd4, 0xbdd5, 0x58f},
    {0xbdd6, 0xbdd7, 0x1cad},
    {0xbdd9, 0xbdda, 0x1caf},
    {0xbddd, 0xbde3, 0x1cb1},
    {0xbdea, 0xbdef, 0x1cba},
    {0xbdf2, 0xbdf3, 0x1cc0},
    {0xbdf5, 0xbdf6, 0x1cc2},
    {0xbdf9, 0xbdff, 0x1cc4},
    {0xbe00, 0xbe01, 0x598},
    {0xbe06, 0xbe0b, 0x1ccd},
    {0xbe0c, 0xbe0d, 0x59c},
    {0xbe0e, 0xbe0f, 0x1cd3},
    {0xbe11, 0xbe12, 0x1cd5},
    {0xbe14, 0xbe15, 0x59f},
    {0xbe17, 0xbe18, 0xe8b},
    {0xbe19, 0xbe1a, 0x1cd8},
    {0xbe1c, 0xbe1d, 0x5a1},
    {0xbe28, 0xbe29, 0x5a5},
    {0xbe2a, 0xbe2b, 0x1cdf},
    {0xbe2d, 0xbe2f, 0x1ce1},
    {0xbe31, 0xbe37, 0x1ce4},
    {0xbe38, 0xbe39, 0xe92},
    {0xbe3e, 0xbe43, 0x1ced},
    {0xbe44, 0xbe45, 0x5a9},
    {0xbe46, 0xbe47, 0x1cf3},
    {0xbe49, 0xbe4a, 0x1cf5},
    {0xbe4b, 0xbe4c, 0x5ac},
    {0xbe4f, 0xbe53, 0x1cf8},
    {0xbe54, 0xbe55, 0x5af},
    {0xbe57, 0xbe5b, 0x5b1},
    {0xbe5c, 0xbe5d, 0xe95},
    {0xbe60, 0xbe61, 0x5b6},
    {0xbe65, 0xbe66, 0x1d00},
    {0xbe67, 0xbe6a, 0x5b9},
    {0xbe6b, 0xbe6f, 0x1d02},
    {0xbe70, 0xbe71, 0x5bd},
    {0xbe73, 0xbe75, 0x5bf},
    {0xbe77, 0xbe78, 0x1d08},
    {0xbe7b, 0xbe7e, 0x5c2},
    {0xbe81, 0xbe82, 0x1d0c},
    {0xbe85, 0xbe8b, 0x1d0e},
    {0xbe8c, 0xbe8d, 0x5c8},
    {0xbe8f, 0xbe91, 0x5ca},
    {0xbe92, 0xbe97, 0x1d16},
    {0xbe98, 0xbe99, 0x5cd},
    {0xbe9a, 0xbe9b, 0x1d1c},
    {0xbe9d, 0xbea7, 0x1d1e},
    {0xbea9, 0xbeb3, 0x1d29},
    {0xbeb5, 0xbeb7, 0x1d34},
    {0xbeb9, 0xbecf, 0x1d37},
    {0xbed0, 0xbed1, 0x5d1},
    {0xbed2, 0xbed3, 0x1d4e},
    {0xbed5, 0xbed6, 0x1d50},
    {0xbed7, 0xbed9, 0x5d4},
    {0xbeda, 0xbedf, 0x1d52},
    {0xbee3, 0xbee5, 0x5d8},
    {0xbee7, 0xbeeb, 0x1d59},
    {0xbeee, 0xbeef, 0x1d5e},
    {0xbef1, 0xbef2, 0x1d60},
    {0xbef3, 0xbef4, 0xea1},
    {0xbef5, 0xbefb, 0x1d62},
    {0xbefc, 0xbefd, 0xea3},
    {0xbf02, 0xbf07, 0x1d6b},
    {0xbf08, 0xbf09, 0x5de},
    {0xbf0a, 0xbf0b, 0x1d71},
    {0xbf0d, 0xbf0e, 0x1d73},
    {0xbf0f, 0xbf10, 0xea6},
    {0xbf11, 0xbf17, 0x1d75},
    {0xbf18, 0xbf19, 0x5e1},
    {0xbf1b, 0xbf1d, 0x5e3},
    {0xbf22, 0xbf23, 0x1d7f},
    {0xbf25, 0xbf36, 0x1d81},
    {0xbf37, 0xbf39, 0xeab},
    {0xbf3a, 0xbf3f, 0x1d93},
    {0xbf40, 0xbf41, 0x5e6},
    {0xbf42, 0xbf43, 0x1d99},
    {0xbf45, 0xbf46, 0x1d9b},
    {0xbf49, 0xbf4f, 0x1d9d},
    {0xbf50, 0xbf51, 0x5ea},
    {0xbf56, 0xbf58, 0x1da6},
    {0xbf5b, 0xbf5c, 0xeb0},
    {0xbf5d, 0xbf5f, 0x1daa},
    {0xbf61, 0xbf62, 0x1dad},
    {0xbf64, 0xbf77, 0x1daf},
    {0xbf79, 0xbf7e, 0x1dc3},
    {0xbf80, 0xbf93, 0x1dc9},
    {0xbf95, 0xbfa3, 0x1ddd},
    {0xbfa4, 0xbfa5, 0xeb6},
    {0xbfa6, 0xbfab, 0x1dec},
    {0xbfad, 0xbfaf, 0x1df2},
    {0xbfb0, 0xbfb1, 0x5ef},
    {0xbfb2, 0xbfbf, 0x1df5},
    {0xbfc0, 0xbfc1, 0xeb9},
    {0xbfc2, 0xbfc4, 0x1e03},
    {0xbfc6, 0xbfcb, 0x1e06},
    {0xbfcc, 0xbfcd, 0x5f2},
    {0xbfce, 0xbfcf, 0x1e0c},
    {0xbfd1, 0xbfd2, 0x1e0e},
    {0xbfd4, 0xbfd5, 0x5f5},
    {0xbfd6, 0xbfdb, 0x1e10},
    {0xbfdc, 0xbfdd, 0x5f7},
    {0xbfe2, 0xbfe4, 0x1e18},
    {0xbfe6, 0xbfe7, 0x1e1b},
    {0xbfe9, 0xbfee, 0x1e1d},
    {0xbff0, 0xbfff, 0x1e23},
    {0xc000, 0xc003, 0x1e33},
    {0xc005, 0xc01f, 0x1e37},
    {0xc022, 0xc03b, 0x1e52},
    {0xc03d, 0xc042, 0x1e6c},
    {0xc043, 0xc044, 0xec1},
    {0xc045, 0xc050, 0x1e72},
    {0xc052, 0xc057, 0x1e7e},
    {0xc05a, 0xc05b, 0x1e84},
    {0xc05d, 0xc05e, 0x1e86},
    {0xc061, 0xc067, 0x1e88},
    {0xc068, 0xc069, 0x601},
    {0xc06e, 0xc073, 0x1e91},
    {0xc075, 0xc08f, 0x1e97},
    {0xc090, 0xc091, 0x604},
    {0xc092, 0xc093, 0x1eb2},
    {0xc095, 0xc096, 0x1eb4},
    {0xc099, 0xc09f, 0x1eb6},
    {0xc0a0, 0xc0a1, 0x608},
    {0xc0a6, 0xc0a7, 0xec9},
    {0xc0a8, 0xc0aa, 0x1ebe},
    {0xc0ac, 0xc0ad, 0x60c},
    {0xc0af, 0xc0b0, 0x60e},
    {0xc0b1, 0xc0b2, 0x1ec1},
    {0xc0b3, 0xc0b6, 0x610},
    {0xc0b7, 0xc0b8, 0xecd},
    {0xc0ba, 0xc0bb, 0xecf},
    {0xc0bc, 0xc0bd, 0x614},
    {0xc0bf, 0xc0c1, 0x616},
    {0xc0c2, 0xc0c4, 0xed1},
    {0xc0c5, 0xc0c6, 0x619},
    {0xc0c8, 0xc0c9, 0x61b},
    {0xc0cd, 0xc0ce, 0x1ec6},
    {0xc0cf, 0xc0d0, 0x61e},
    {0xc0d1, 0xc0d7, 0x1ec8},
    {0xc0d8, 0xc0d9, 0x620},
    {0xc0db, 0xc0dd, 0x622},
    {0xc0de, 0xc0e2, 0x1ed0},
    {0xc0e4, 0xc0e5, 0x625},
    {0xc0e6, 0xc0e7, 0x1ed5},
    {0xc0e9, 0xc0ea, 0x1ed7},
    {0xc0ed, 0xc0f3, 0x1ed9},
    {0xc0f4, 0xc0f5, 0x629},
    {0xc0fc, 0xc0fd, 0x1ee2},
    {0xc100, 0xc101, 0x62e},
    {0xc102, 0xc103, 0x1ee4},
    {0xc105, 0xc107, 0x1ee6},
    {0xc109, 0xc10f, 0x1ee9},
    {0xc111, 0xc114, 0x1ef0},
    {0xc116, 0xc11b, 0x1ef4},
    {0xc11c, 0xc120, 0x634},
    {0xc121, 0xc122, 0x1efa},
    {0xc123, 0xc124, 0x639},
    {0xc126, 0xc127, 0x63b},
    {0xc12c, 0xc12d, 0x63d},
    {0xc12f, 0xc131, 0x63f},
    {0xc132, 0xc133, 0x1eff},
    {0xc138, 0xc139, 0x643},
    {0xc13a, 0xc13b, 0x1f03},
    {0xc13d, 0xc13e, 0x1f05},
    {0xc13f, 0xc140, 0x646},
    {0xc141, 0xc147, 0x1f07},
    {0xc148, 0xc149, 0x648},
    {0xc14b, 0xc14d, 0x64a},
    {0xc14f, 0xc150, 0x1f0f},
    {0xc154, 0xc155, 0x64e},
    {0xc159, 0xc15a, 0x1f13},
    {0xc15d, 0xc15e, 0x1f15},
    {0xc15f, 0xc160, 0xee3},
    {0xc161, 0xc163, 0x1f17},
    {0xc164, 0xc165, 0x652},
    {0xc167, 0xc169, 0x654},
    {0xc16a, 0xc16f, 0x1f1b},
    {0xc170, 0xc171, 0x657},
    {0xc175, 0xc177, 0x1f22},
    {0xc179, 0xc17f, 0x1f25},
    {0xc180, 0xc181, 0x65b},
    {0xc183, 0xc184, 0xee6},
    {0xc186, 0xc18b, 0x1f2d},
    {0xc18c, 0xc18e, 0x65e},
    {0xc191, 0xc192, 0x1f34},
    {0xc193, 0xc194, 0x662},
    {0xc197, 0xc198, 0xee9},
    {0xc199, 0xc19b, 0x1f36},
    {0xc19c, 0xc19d, 0x665},
    {0xc1a8, 0xc1a9, 0x66a},
    {0xc1aa, 0xc1ab, 0x1f3e},
    {0xc1ad, 0xc1af, 0x1f40},
    {0xc1b1, 0xc1b7, 0x1f43},
    {0xc1b8, 0xc1b9, 0xeed},
    {0xc1bb, 0xc1bc, 0xeef},
    {0xc1be, 0xc1c3, 0x1f4b},
    {0xc1c6, 0xc1c7, 0x1f51},
    {0xc1c9, 0xc1ca, 0x1f53},
    {0xc1cd, 0xc1d3, 0x1f55},
    {0xc1d7, 0xc1d8, 0x673},
    {0xc1da, 0xc1df, 0x1f5d},
    {0xc1e2, 0xc1e3, 0x1f63},
    {0xc1e5, 0xc1e6, 0x1f65},
    {0xc1e9, 0xc1ef, 0x1f67},
    {0xc1f0, 0xc1f1, 0x678},
    {0xc1f3, 0xc1f5, 0x67a},
    {0xc1f6, 0xc1fb, 0x1f6f},
    {0xc1fc, 0xc1fd, 0x67d},
    {0xc1fe, 0xc1ff, 0x1f75},
    {0xc201, 0xc202, 0x1f77},
    {0xc205, 0xc20b, 0x1f79},
    {0xc20c, 0xc20d, 0x681},
    {0xc212, 0xc215, 0x1f82},
    {0xc218, 0xc219, 0x686},
    {0xc21a, 0xc21b, 0x1f87},
    {0xc21d, 0xc21e, 0x1f89},
    {0xc21f, 0xc220, 0x689},
    {0xc222, 0xc223, 0x1f8b},
    {0xc225, 0xc226, 0x1f8d},
    {0xc228, 0xc229, 0x68b},
    {0xc231, 0xc232, 0x690},
    {0xc236, 0xc237, 0x1f92},
    {0xc239, 0xc23a, 0x1f94},
    {0xc23b, 0xc23c, 0xeff},
    {0xc23d, 0xc243, 0x1f96},
    {0xc244, 0xc245, 0xf01},
    {0xc24a, 0xc24f, 0x1f9e},
    {0xc250, 0xc251, 0x694},
    {0xc252, 0xc253, 0x1fa4},
    {0xc255, 0xc256, 0x1fa6},
    {0xc259, 0xc25f, 0x1fa8},
    {0xc263, 0xc264, 0xf07},
    {0xc266, 0xc26b, 0x1fb0},
    {0xc26c, 0xc26d, 0x69a},
    {0xc26e, 0xc26f, 0x1fb6},
    {0xc271, 0xc272, 0x1fb8},
    {0xc275, 0xc27b, 0x1fba},
    {0xc27c, 0xc27d, 0x69e},
    {0xc282, 0xc285, 0x1fc3},
    {0xc288, 0xc289, 0x6a2},
    {0xc28a, 0xc28b, 0x1fc8},
    {0xc28d, 0xc28e, 0x1fca},
    {0xc291, 0xc297, 0x1fcc},
    {0xc29e, 0xc2a3, 0x1fd5},
    {0xc2a4, 0xc2a5, 0x6a9},
    {0xc2a6, 0xc2a7, 0x1fdb},
    {0xc2a9, 0xc2aa, 0x1fdd},
    {0xc2ab, 0xc2ad, 0x6ac},
    {0xc2ae, 0xc2b0, 0xf0d},
    {0xc2b4, 0xc2b5, 0x6b0},
    {0xc2ba, 0xc2bb, 0xf11},
    {0xc2bc, 0xc2bd, 0x1fe2},
    {0xc2c0, 0xc2c1, 0x6b4},
    {0xc2c2, 0xc2c3, 0x1fe5},
    {0xc2c5, 0xc2c7, 0x1fe7},
    {0xc2c9, 0xc2cf, 0x1fea},
    {0xc2d0, 0xc2d1, 0xf16},
    {0xc2d6, 0xc2db, 0x1ff3},
    {0xc2dc, 0xc2dd, 0x6b6},
    {0xc2e3, 0xc2e5, 0x6b9},
    {0xc2e9, 0xc2ea, 0x1ffc},
    {0xc2eb, 0xc2ed, 0x6bc},
    {0xc2ef, 0xc2f1, 0x6bf},
    {0xc2f8, 0xc2f9, 0x6c4},
    {0xc2fb, 0xc2fc, 0x6c6},
    {0xc2fd, 0xc2fe, 0x2003},
    {0xc301, 0xc302, 0xf1f},
    {0xc303, 0xc307, 0x2005},
    {0xc308, 0xc309, 0x6ca},
    {0xc30c, 0xc30d, 0x6cc},
    {0xc30f, 0xc310, 0x200b},
    {0xc313, 0xc315, 0x6ce},
    {0xc316, 0xc317, 0x200e},
    {0xc319, 0xc31a, 0x2010},
    {0xc31d, 0xc323, 0x2012},
    {0xc324, 0xc325, 0x6d3},
    {0xc328, 0xc329, 0x6d5},
    {0xc32a, 0xc32e, 0x201a},
    {0xc330, 0xc331, 0x6d7},
    {0xc332, 0xc333, 0x201f},
    {0xc335, 0xc336, 0x2021},
    {0xc337, 0xc338, 0xf28},
    {0xc339, 0xc33f, 0x2023},
    {0xc340, 0xc341, 0xf2a},
    {0xc346, 0xc34b, 0x202c},
    {0xc34d, 0xc34f, 0x2032},
    {0xc351, 0xc353, 0x2035},
    {0xc355, 0xc35b, 0x2038},
    {0xc35d, 0xc360, 0x203f},
    {0xc362, 0xc367, 0x2043},
    {0xc368, 0xc369, 0x6da},
    {0xc36d, 0xc36e, 0x204a},
    {0xc373, 0xc377, 0x204d},
    {0xc378, 0xc379, 0x6df},
    {0xc37c, 0xc37d, 0x6e1},
    {0xc37e, 0xc381, 0x2053},
    {0xc384, 0xc385, 0x6e4},
    {0xc386, 0xc387, 0x2058},
    {0xc389, 0xc38a, 0x205a},
    {0xc38d, 0xc393, 0x205c},
    {0xc397, 0xc399, 0xf37},
    {0xc39a, 0xc39c, 0x2064},
    {0xc39e, 0xc39f, 0x2067},
    {0xc3a2, 0xc3a3, 0x2069},
    {0xc3a5, 0xc3a6, 0x206b},
    {0xc3a7, 0xc3a8, 0xf3c},
    {0xc3a9, 0xc3af, 0x206d},
    {0xc3b0, 0xc3b1, 0xf3e},
    {0xc3b3, 0xc3b4, 0xf40},
    {0xc3b6, 0xc3bb, 0x2075},
    {0xc3be, 0xc3bf, 0x207b},
    {0xc3c1, 0xc3cb, 0x207d},
    {0xc3cc, 0xc3cd, 0xf43},
    {0xc3cf, 0xc3d1, 0xf45},
    {0xc3d2, 0xc3d7, 0x2089},
    {0xc3d8, 0xc3da, 0x6ee},
    {0xc3dd, 0xc3de, 0x2090},
    {0xc3df, 0xc3e0, 0x6f2},
    {0xc3e3, 0xc3e7, 0x2093},
    {0xc3e8, 0xc3e9, 0x6f5},
    {0xc3ee, 0xc3f0, 0x209a},
    {0xc3f2, 0xc3f3, 0x209d},
    {0xc3f4, 0xc3f5, 0x6f8},
    {0xc3f6, 0xc3f7, 0x209f},
    {0xc3f9, 0xc3fa, 0x20a1},
    {0xc3fd, 0xc3ff, 0x20a3},
    {0xc400, 0xc403, 0x20a6},
    {0xc404, 0xc405, 0xf4b},
    {0xc40c, 0xc40f, 0x20ac},
    {0xc412, 0xc413, 0x20b0},
    {0xc415, 0xc416, 0x20b2},
    {0xc417, 0xc418, 0xf51},
    {0xc419, 0xc422, 0x20b4},
    {0xc425, 0xc42b, 0x20be},
    {0xc42e, 0xc42f, 0x20c5},
    {0xc431, 0xc432, 0x20c7},
    {0xc435, 0xc43b, 0x20c9},
    {0xc43c, 0xc43d, 0x703},
    {0xc442, 0xc447, 0x20d1},
    {0xc44a, 0xc44b, 0x20d7},
    {0xc44d, 0xc44e, 0x20d9},
    {0xc44f, 0xc450, 0xf5a},
    {0xc451, 0xc457, 0x20db},
    {0xc458, 0xc459, 0xf5c},
    {0xc45e, 0xc463, 0x20e4},
    {0xc464, 0xc465, 0x708},
    {0xc466, 0xc467, 0x20ea},
    {0xc469, 0xc46a, 0x20ec},
    {0xc46d, 0xc473, 0x20ee},
    {0xc474, 0xc475, 0x70c},
    {0xc47a, 0xc47d, 0x20f7},
    {0xc482, 0xc483, 0x20fc},
    {0xc485, 0xc486, 0x20fe},
    {0xc487, 0xc488, 0xf64},
    {0xc489, 0xc48f, 0x2100},
    {0xc496, 0xc49b, 0x2108},
    {0xc49e, 0xc49f, 0x210e},
    {0xc4a1, 0xc4a2, 0x2110},
    {0xc4a3, 0xc4a4, 0xf6a},
    {0xc4a5, 0xc4ab, 0x2112},
    {0xc4af, 0xc4b1, 0xf6d},
    {0xc4b2, 0xc4b7, 0x211a},
    {0xc4ba, 0xc4bb, 0x2120},
    {0xc4bd, 0xc4be, 0x2122},
    {0xc4bf, 0xc4c0, 0xf71},
    {0xc4c1, 0xc4c7, 0x2124},
    {0xc4c8, 0xc4c9, 0xf73},
    {0xc4ce, 0xc4d2, 0x212d},
    {0xc4d6, 0xc4d7, 0x2132},
    {0xc4d9, 0xc4da, 0x2134},
    {0xc4db, 0xc4dc, 0xf7a},
    {0xc4dd, 0xc4e3, 0x2136},
    {0xc4e4, 0xc4e5, 0xf7c},
    {0xc4ea, 0xc4ef, 0x213f},
    {0xc4f0, 0xc4f1, 0x719},
    {0xc4f2, 0xc4f3, 0x2145},
    {0xc4f5, 0xc4f6, 0x2147},
    {0xc4fb, 0xc4fe, 0x214a},
    {0xc500, 0xc501, 0x71f},
    {0xc506, 0xc50b, 0x2150},
    {0xc50e, 0xc50f, 0x2156},
    {0xc511, 0xc513, 0x2158},
    {0xc515, 0xc51b, 0x215b},
    {0xc522, 0xc527, 0x2164},
    {0xc528, 0xc529, 0x726},
    {0xc52b, 0xc52c, 0x728},
    {0xc52d, 0xc52e, 0x216b},
    {0xc532, 0xc537, 0x216d},
    {0xc538, 0xc539, 0x72b},
    {0xc53b, 0xc53d, 0x72d},
    {0xc541, 0xc542, 0x2175},
    {0xc544, 0xc545, 0x731},
    {0xc546, 0xc547, 0x2177},
    {0xc548, 0xc54f, 0x733},
    {0xc550, 0xc551, 0x2179},
    {0xc553, 0xc555, 0x73b},
    {0xc557, 0xc559, 0x73e},
    {0xc55a, 0xc55b, 0xf8b},
    {0xc55c, 0xc55e, 0x741},
    {0xc560, 0xc561, 0x744},
    {0xc562, 0xc563, 0x217b},
    {0xc565, 0xc566, 0x217d},
    {0xc569, 0xc56f, 0x217f},
    {0xc570, 0xc571, 0x748},
    {0xc573, 0xc575, 0x74a},
    {0xc576, 0xc578, 0x2187},
    {0xc579, 0xc57a, 0xf8f},
    {0xc57c, 0xc57d, 0x74d},
    {0xc581, 0xc582, 0x218c},
    {0xc585, 0xc586, 0x218e},
    {0xc588, 0xc58b, 0x2190},
    {0xc58c, 0xc58d, 0x752},
    {0xc58f, 0xc591, 0x754},
    {0xc597, 0xc598, 0x758},
    {0xc59a, 0xc59b, 0x2197},
    {0xc59d, 0xc59e, 0x2199},
    {0xc5a1, 0xc5a7, 0x219b},
    {0xc5ac, 0xc5ad, 0x75d},
    {0xc5ae, 0xc5b3, 0x21a3},
    {0xc5b4, 0xc5b5, 0x75f},
    {0xc5b8, 0xc5be, 0x761},
    {0xc5c0, 0xc5c3, 0x21aa},
    {0xc5c4, 0xc5ca, 0x768},
    {0xc5ce, 0xc5d1, 0x770},
    {0xc5d2, 0xc5d3, 0x21b0},
    {0xc5d5, 0xc5d6, 0x21b2},
    {0xc5d9, 0xc5df, 0x21b4},
    {0xc5e0, 0xc5e1, 0x776},
    {0xc5e3, 0xc5e5, 0x778},
    {0xc5e6, 0xc5e8, 0x21bc},
    {0xc5e9, 0xc5ea, 0xf9c},
    {0xc5ec, 0xc5ee, 0x77b},
    {0xc5f6, 0xc5f7, 0x780},
    {0xc5f9, 0xc5fb, 0x21c3},
    {0xc5fc, 0xc5ff, 0x782},
    {0xc600, 0xc601, 0x786},
    {0xc602, 0xc603, 0x21c6},
    {0xc605, 0xc608, 0x788},
    {0xc60a, 0xc60b, 0x21c8},
    {0xc60d, 0xc60e, 0x21ca},
    {0xc60f, 0xc610, 0x78d},
    {0xc611, 0xc617, 0x21cc},
    {0xc618, 0xc619, 0x78f},
    {0xc61b, 0xc61d, 0x791},
    {0xc61e, 0xc61f, 0x21d4},
    {0xc621, 0xc623, 0x21d6},
    {0xc624, 0xc626, 0x794},
    {0xc62b, 0xc630, 0x798},
    {0xc633, 0xc635, 0x79e},
    {0xc63d, 0xc63e, 0xfa7},
    {0xc640, 0xc641, 0x7a4},
    {0xc642, 0xc643, 0x21e0},
    {0xc645, 0xc646, 0x21e2},
    {0xc649, 0xc64d, 0x21e4},
    {0xc650, 0xc651, 0x7a9},
    {0xc653, 0xc655, 0x7ab},
    {0xc656, 0xc657, 0x21eb},
    {0xc65a, 0xc65b, 0x21ed},
    {0xc65c, 0xc65d, 0x7af},
    {0xc65e, 0xc65f, 0x21ef},
    {0xc661, 0xc662, 0x21f1},
    {0xc663, 0xc664, 0xfab},
    {0xc665, 0xc66b, 0x21f3},
    {0xc66c, 0xc66d, 0x7b2},
    {0xc66f, 0xc671, 0x7b4},
    {0xc672, 0xc677, 0x21fb},
    {0xc678, 0xc679, 0x7b7},
    {0xc67a, 0xc67b, 0x2201},
    {0xc67d, 0xc67e, 0x2203},
    {0xc683, 0xc687, 0x2206},
    {0xc688, 0xc689, 0x7bb},
    {0xc68b, 0xc68d, 0x7bd},
    {0xc68e, 0xc691, 0x220c},
    {0xc694, 0xc695, 0x7c0},
    {0xc696, 0xc697, 0x2211},
    {0xc699, 0xc69a, 0x2213},
    {0xc69e, 0xc6a3, 0x2215},
    {0xc6a4, 0xc6a5, 0x7c4},
    {0xc6aa, 0xc6ab, 0x221d},
    {0xc6ad, 0xc6af, 0x221f},
    {0xc6b0, 0xc6b1, 0x7c8},
    {0xc6b2, 0xc6b3, 0x2222},
    {0xc6b5, 0xc6b6, 0x2224},
    {0xc6b7, 0xc6ba, 0x7cb},
    {0xc6bd, 0xc6bf, 0x2227},
    {0xc6c0, 0xc6c3, 0x7cf},
    {0xc6ca, 0xc6cb, 0x222c},
    {0xc6cc, 0xc6cd, 0x7d5},
    {0xc6ce, 0xc6cf, 0x222e},
    {0xc6d2, 0xc6d3, 0xfb6},
    {0xc6d5, 0xc6d7, 0x2231},
    {0xc6d9, 0xc6db, 0x2234},
    {0xc6dc, 0xc6dd, 0x7d9},
    {0xc6df, 0xc6e1, 0x7db},
    {0xc6e2, 0xc6e3, 0x2238},
    {0xc6e4, 0xc6e5, 0xfb9},
    {0xc6e6, 0xc6e7, 0x223a},
    {0xc6e8, 0xc6e9, 0x7de},
    {0xc6ea, 0xc6eb, 0x223c},
    {0xc6ed, 0xc6ee, 0x223e},
    {0xc6f1, 0xc6f7, 0x2240},
    {0xc6f8, 0xc6f9, 0x7e2},
    {0xc6fe, 0xc6ff, 0x2248},
    {0xc702, 0xc703, 0x224b},
    {0xc704, 0xc705, 0x7e6},
    {0xc706, 0xc707, 0x224d},
    {0xc709, 0xc70a, 0x224f},
    {0xc70f, 0xc712, 0x2252},
    {0xc714, 0xc715, 0x7ea},
    {0xc717, 0xc719, 0x7ec},
    {0xc71a, 0xc71b, 0x2257},
    {0xc71c, 0xc71d, 0xfc1},
    {0xc71e, 0xc71f, 0x2259},
    {0xc720, 0xc721, 0x7ef},
    {0xc722, 0xc723, 0x225b},
    {0xc725, 0xc726, 0x225d},
    {0xc729, 0xc72f, 0x225f},
    {0xc730, 0xc731, 0x7f3},
    {0xc738, 0xc739, 0xfc5},
    {0xc73a, 0xc73b, 0x2268},
    {0xc73c, 0xc73e, 0x7f8},
    {0xc741, 0xc742, 0x226b},
    {0xc743, 0xc744, 0x7fc},
    {0xc745, 0xc746, 0xfc7},
    {0xc748, 0xc749, 0x226d},
    {0xc74c, 0xc74f, 0x800},
    {0xc751, 0xc758, 0x804},
    {0xc75a, 0xc75b, 0x2271},
    {0xc75d, 0xc75e, 0x2273},
    {0xc761, 0xc765, 0x2275},
    {0xc768, 0xc769, 0x80e},
    {0xc76b, 0xc76d, 0x810},
    {0xc76e, 0xc773, 0x227c},
    {0xc774, 0xc775, 0x813},
    {0xc776, 0xc777, 0x2282},
    {0xc779, 0xc77a, 0x2284},
    {0xc77b, 0xc77e, 0x816},
    {0xc783, 0xc785, 0x81a},
    {0xc787, 0xc78a, 0x81d},
    {0xc78c, 0xc78e, 0x821},
    {0xc790, 0xc791, 0x824},
    {0xc796, 0xc798, 0x827},
    {0xc79b, 0xc79f, 0x228a},
    {0xc7a0, 0xc7a1, 0x82b},
    {0xc7a3, 0xc7a6, 0x82d},
    {0xc7a9, 0xc7ab, 0xfd4},
    {0xc7ac, 0xc7ad, 0x831},
    {0xc7ae, 0xc7af, 0x2291},
    {0xc7b2, 0xc7b3, 0xfd7},
    {0xc7b5, 0xc7bb, 0x2294},
    {0xc7bc, 0xc7bd, 0x835},
    {0xc7bf, 0xc7c1, 0x837},
    {0xc7c3, 0xc7c7, 0x229c},
    {0xc7c8, 0xc7c9, 0x83a},
    {0xc7ca, 0xc7cb, 0x22a1},
    {0xc7d1, 0xc7d7, 0x22a4},
    {0xc7de, 0xc7e3, 0x22ad},
    {0xc7e5, 0xc7e7, 0x22b3},
    {0xc7e9, 0xc7ea, 0x22b6},
    {0xc7ed, 0xc7f3, 0x22b8},
    {0xc7fa, 0xc7ff, 0x22c1},
    {0xc800, 0xc802, 0x845},
    {0xc807, 0xc80b, 0x849},
    {0xc80c, 0xc80f, 0x22c9},
    {0xc810, 0xc811, 0x84e},
    {0xc813, 0xc816, 0x850},
    {0xc817, 0xc818, 0x22ce},
    {0xc81c, 0xc81d, 0x854},
    {0xc81e, 0xc81f, 0x22d1},
    {0xc821, 0xc822, 0x22d3},
    {0xc825, 0xc82b, 0x22d5},
    {0xc82c, 0xc82d, 0x858},
    {0xc833, 0xc835, 0x22dd},
    {0xc838, 0xc839, 0x85c},
    {0xc83a, 0xc83b, 0x22e1},
    {0xc83d, 0xc83e, 0x22e3},
    {0xc844, 0xc846, 0x22e5},
    {0xc848, 0xc849, 0x861},
    {0xc84b, 0xc84d, 0x863},
    {0xc84f, 0xc850, 0x22e9},
    {0xc856, 0xc857, 0x22ec},
    {0xc859, 0xc85b, 0x22ee},
    {0xc85d, 0xc863, 0x22f1},
    {0xc864, 0xc865, 0xff2},
    {0xc86a, 0xc86f, 0x22fa},
    {0xc870, 0xc871, 0x867},
    {0xc872, 0xc873, 0x2300},
    {0xc875, 0xc876, 0x2302},
    {0xc87b, 0xc87f, 0x2305},
    {0xc880, 0xc881, 0x86c},
    {0xc885, 0xc887, 0x86f},
    {0xc888, 0xc88a, 0x230c},
    {0xc88b, 0xc88d, 0x872},
    {0xc88e, 0xc88f, 0x230f},
    {0xc892, 0xc893, 0xff7},
    {0xc896, 0xc89b, 0x2312},
    {0xc8a2, 0xc8a5, 0x2319},
    {0xc8aa, 0xc8ab, 0x231e},
    {0xc8ad, 0xc8ae, 0x2320},
    {0xc8af, 0xc8b0, 0xffd},
    {0xc8b1, 0xc8b7, 0x2322},
    {0xc8b9, 0xc8ba, 0x2329},
    {0xc8bc, 0xc8bd, 0x87d},
    {0xc8be, 0xc8c3, 0x232b},
    {0xc8c4, 0xc8c5, 0x87f},
    {0xc8c6, 0xc8c7, 0x2331},
    {0xc8c9, 0xc8ca, 0x2333},
    {0xc8cd, 0xc8d3, 0x2335},
    {0xc8d4, 0xc8d5, 0x883},
    {0xc8da, 0xc8df, 0x233d},
    {0xc8e0, 0xc8e1, 0x887},
    {0xc8e2, 0xc8e3, 0x2343},
    {0xc8e5, 0xc8e6, 0x2345},
    {0xc8e7, 0xc8e8, 0x1003},
    {0xc8e9, 0xc8ef, 0x2347},
    {0xc8f0, 0xc8f1, 0x1005},
    {0xc8f6, 0xc8fa, 0x2350},
    {0xc8fc, 0xc8fd, 0x88b},
    {0xc8fe, 0xc8ff, 0x2355},
    {0xc901, 0xc902, 0x2357},
    {0xc904, 0xc906, 0x88e},
    {0xc909, 0xc90b, 0x235a},
    {0xc90c, 0xc90d, 0x891},
    {0xc912, 0xc916, 0x235f},
    {0xc91a, 0xc91b, 0x2364},
    {0xc91d, 0xc91e, 0x2366},
    {0xc91f, 0xc920, 0x100e},
    {0xc921, 0xc927, 0x2368},
    {0xc928, 0xc929, 0x1010},
    {0xc92e, 0xc933, 0x2370},
    {0xc936, 0xc937, 0x2376},
    {0xc939, 0xc93a, 0x2378},
    {0xc93b, 0xc93c, 0x1016},
    {0xc93d, 0xc943, 0x237a},
    {0xc944, 0xc945, 0x1018},
    {0xc947, 0xc949, 0x101a},
    {0xc94a, 0xc94f, 0x2382},
    {0xc950, 0xc951, 0x898},
    {0xc952, 0xc953, 0x2388},
    {0xc955, 0xc956, 0x238a},
    {0xc959, 0xc95f, 0x238c},
    {0xc960, 0xc961, 0x89c},
    {0xc966, 0xc96b, 0x2395},
    {0xc96c, 0xc96d, 0x89f},
    {0xc96e, 0xc96f, 0x239b},
    {0xc971, 0xc973, 0x239d},
    {0xc975, 0xc97b, 0x23a0},
    {0xc982, 0xc987, 0x23a9},
    {0xc988, 0xc989, 0x8a5},
    {0xc98a, 0xc98b, 0x23af},
    {0xc98d, 0xc98e, 0x23b1},
    {0xc995, 0xc997, 0x23b4},
    {0xc998, 0xc999, 0x8aa},
    {0xc99f, 0xc9a3, 0x23b9},
    {0xc9a6, 0xc9a7, 0x23be},
    {0xc9a9, 0xc9ab, 0x23c0},
    {0xc9ad, 0xc9b3, 0x23c3},
    {0xc9b4, 0xc9b5, 0x1028},
    {0xc9ba, 0xc9bf, 0x23cc},
    {0xc9c0, 0xc9c1, 0x8af},
    {0xc9c2, 0xc9c3, 0x23d2},
    {0xc9c5, 0xc9c6, 0x23d4},
    {0xc9c7, 0xc9c8, 0x8b2},
    {0xc9cb, 0xc9ce, 0x23d7},
    {0xc9d0, 0xc9d1, 0x8b5},
    {0xc9d3, 0xc9d7, 0x8b7},
    {0xc9d9, 0xc9da, 0x8bc},
    {0xc9dc, 0xc9dd, 0x8be},
    {0xc9e2, 0xc9e4, 0x8c1},
    {0xc9e5, 0xc9e6, 0x23de},
    {0xc9e9, 0xc9eb, 0x23e0},
    {0xc9ec, 0xc9ed, 0x8c5},
    {0xc9ef, 0xc9f2, 0x8c7},
    {0xc9f3, 0xc9f6, 0x23e4},
    {0xc9f8, 0xc9f9, 0x8cb},
    {0xc9fa, 0xc9fb, 0x23e8},
    {0xc9fd, 0xc9fe, 0x23ea},
    {0xca01, 0xca07, 0x23ec},
    {0xca08, 0xca09, 0x8cf},
    {0xca0b, 0xca0d, 0x8d1},
    {0xca0e, 0xca13, 0x23f4},
    {0xca16, 0xca17, 0x23fa},
    {0xca1d, 0xca23, 0x23fe},
    {0xca2a, 0xca2c, 0x2407},
    {0xca2e, 0xca2f, 0x240a},
    {0xca31, 0xca33, 0x240c},
    {0xca35, 0xca4b, 0x240f},
    {0xca4c, 0xca4d, 0x8d9},
    {0xca4e, 0xca4f, 0x2426},
    {0xca51, 0xca52, 0x2428},
    {0xca55, 0xca56, 0x242a},
    {0xca57, 0xca58, 0x103b},
    {0xca59, 0xca5a, 0x242c},
    {0xca5c, 0xca5d, 0x8dd},
    {0xca5f, 0xca61, 0x8df},
    {0xca62, 0xca66, 0x242f},
    {0xca6a, 0xca6b, 0x2434},
    {0xca6d, 0xca6e, 0x2436},
    {0xca71, 0xca77, 0x2438},
    {0xca78, 0xca79, 0x1042},
    {0xca7b, 0xca7c, 0x1044},
    {0xca7e, 0xca80, 0x2440},
    {0xca82, 0xca83, 0x2443},
    {0xca86, 0xca87, 0x2445},
    {0xca89, 0xca8a, 0x2447},
    {0xca8b, 0xca8c, 0x1049},
    {0xca8d, 0xca93, 0x2449},
    {0xca94, 0xca95, 0x104b},
    {0xca9a, 0xca9f, 0x2451},
    {0xcaa0, 0xcaa1, 0x104f},
    {0xcaa2, 0xcaa3, 0x2457},
    {0xcaa5, 0xcaa7, 0x2459},
    {0xcaa9, 0xcaaf, 0x245c},
    {0xcab0, 0xcab1, 0x1053},
    {0xcab6, 0xcabb, 0x2465},
    {0xcabc, 0xcabd, 0x8e7},
    {0xcac1, 0xcac2, 0x246c},
    {0xcac3, 0xcac4, 0x8ea},
    {0xcac7, 0xcacb, 0x246f},
    {0xcacc, 0xcacd, 0x8ec},
    {0xcad1, 0xcad3, 0x8ef},
    {0xcad4, 0xcad6, 0x2476},
    {0xcad8, 0xcad9, 0x8f2},
    {0xcada, 0xcadb, 0x2479},
    {0xcadd, 0xcade, 0x247b},
    {0xcae1, 0xcae7, 0x247d},
    {0xcae8, 0xcae9, 0x105b},
    {0xcaee, 0xcaf3, 0x2485},
    {0xcaf6, 0xcaf7, 0x248b},
    {0xcaf9, 0xcafa, 0x248d},
    {0xcafb, 0xcafc, 0x1061},
    {0xcafd, 0xcaff, 0x248f},
    {0xcb00, 0xcb07, 0x2492},
    {0xcb09, 0xcb0f, 0x249a},
    {0xcb12, 0xcb13, 0x24a1},
    {0xcb15, 0xcb16, 0x24a3},
    {0xcb19, 0xcb1f, 0x24a5},
    {0xcb20, 0xcb21, 0x8fc},
    {0xcb23, 0xcb25, 0x1065},
    {0xcb28, 0xcb2b, 0x24ae},
    {0xcb2c, 0xcb2d, 0x8ff},
    {0xcb2e, 0xcb2f, 0x24b2},
    {0xcb35, 0xcb3b, 0x24b6},
    {0xcb3c, 0xcb3d, 0x106a},
    {0xcb42, 0xcb47, 0x24bf},
    {0xcb48, 0xcb49, 0x903},
    {0xcb4d, 0xcb4e, 0x24c6},
    {0xcb53, 0xcb57, 0x24c9},
    {0xcb58, 0xcb59, 0x907},
    {0xcb5e, 0xcb63, 0x24d0},
    {0xcb66, 0xcb67, 0x24d6},
    {0xcb69, 0xcb6a, 0x24d8},
    {0xcb6b, 0xcb6c, 0x1072},
    {0xcb6d, 0xcb73, 0x24da},
    {0xcb74, 0xcb75, 0x1074},
    {0xcb78, 0xcb79, 0x90c},
    {0xcb7a, 0xcb7f, 0x24e2},
    {0xcb82, 0xcb83, 0x24e8},
    {0xcb85, 0xcb86, 0x24ea},
    {0xcb87, 0xcb88, 0x1079},
    {0xcb89, 0xcb8f, 0x24ec},
    {0xcb90, 0xcb91, 0x107b},
    {0xcb94, 0xcb95, 0x107d},
    {0xcb96, 0xcb9b, 0x24f4},
    {0xcb9e, 0xcb9f, 0x24fa},
    {0xcba1, 0xcba2, 0x24fc},
    {0xcba3, 0xcba4, 0x1081},
    {0xcba5, 0xcbab, 0x24fe},
    {0xcbac, 0xcbad, 0x1083},
    {0xcbb2, 0xcbb7, 0x2507},
    {0xcbba, 0xcbbb, 0x250d},
    {0xcbbd, 0xcbbf, 0x250f},
    {0xcbc1, 0xcbc7, 0x2512},
    {0xcbc8, 0xcbc9, 0x108a},
    {0xcbce, 0xcbd3, 0x251b},
    {0xcbd4, 0xcbd5, 0x913},
    {0xcbd6, 0xcbd7, 0x2521},
    {0xcbd9, 0xcbda, 0x2523},
    {0xcbdb, 0xcbdc, 0x108e},
    {0xcbdd, 0xcbe3, 0x2525},
    {0xcbeb, 0xcbef, 0x252e},
    {0xcbf0, 0xcbf1, 0x1092},
    {0xcbf2, 0xcbf3, 0x2533},
    {0xcbf5, 0xcbf7, 0x2535},
    {0xcbf9, 0xcbff, 0x2538},
    {0xcc00, 0xcc01, 0x1096},
    {0xcc05, 0xcc06, 0x1099},
    {0xcc07, 0xcc0b, 0x2541},
    {0xcc0c, 0xcc0d, 0x918},
    {0xcc0e, 0xcc0f, 0x2546},
    {0xcc11, 0xcc12, 0x2548},
    {0xcc13, 0xcc14, 0x91b},
    {0xcc15, 0xcc1b, 0x254a},
    {0xcc1c, 0xcc1d, 0x91d},
    {0xcc21, 0xcc22, 0x920},
    {0xcc23, 0xcc25, 0x2553},
    {0xcc26, 0xcc29, 0x922},
    {0xcc2a, 0xcc2b, 0x2556},
    {0xcc32, 0xcc37, 0x2559},
    {0xcc38, 0xcc39, 0x929},
    {0xcc3b, 0xcc3f, 0x92b},
    {0xcc40, 0xcc41, 0x2560},
    {0xcc44, 0xcc45, 0x930},
    {0xcc46, 0xcc47, 0x2563},
    {0xcc49, 0xcc4a, 0x2565},
    {0xcc4d, 0xcc53, 0x2567},
    {0xcc54, 0xcc55, 0x934},
    {0xcc57, 0xcc59, 0x936},
    {0xcc5c, 0xcc5d, 0x2570},
    {0xcc62, 0xcc63, 0x2573},
    {0xcc69, 0xcc6f, 0x2577},
    {0xcc76, 0xcc79, 0x2580},
    {0xcc7d, 0xcc90, 0x2585},
    {0xcc92, 0xcc97, 0x2599},
    {0xcc98, 0xcc99, 0x93f},
    {0xcc9a, 0xcc9b, 0x259f},
    {0xcc9d, 0xcc9e, 0x25a1},
    {0xcca1, 0xcca6, 0x25a3},
    {0xcca8, 0xcca9, 0x943},
    {0xccab, 0xccad, 0x945},
    {0xccaf, 0xccb1, 0x25aa},
    {0xccb4, 0xccb5, 0x948},
    {0xccb6, 0xccb7, 0x25ae},
    {0xccb9, 0xccba, 0x25b0},
    {0xccbd, 0xccc2, 0x25b2},
    {0xccc4, 0xccc5, 0x94c},
    {0xccc9, 0xccca, 0x94f},
    {0xcccb, 0xcccf, 0x25b9},
    {0xccd2, 0xccd3, 0x25be},
    {0xccd5, 0xccd6, 0x25c0},
    {0xccd7, 0xccd8, 0x10af},
    {0xccd9, 0xccdf, 0x25c2},
    {0xcce4, 0xcce5, 0x954},
    {0xcce6, 0xcceb, 0x25ca},
    {0xccee, 0xccef, 0x25d0},
    {0xccf1, 0xccf3, 0x25d2},
    {0xccf5, 0xccfb, 0x25d5},
    {0xccfc, 0xccfd, 0x10b5},
    {0xcd02, 0xcd07, 0x25de},
    {0xcd08, 0xcd09, 0x959},
    {0xcd0a, 0xcd0b, 0x25e4},
    {0xcd0d, 0xcd0e, 0x25e6},
    {0xcd11, 0xcd17, 0x25e8},
    {0xcd18, 0xcd19, 0x95d},
    {0xcd1e, 0xcd22, 0x25f1},
    {0xcd23, 0xcd25, 0x961},
    {0xcd26, 0xcd27, 0x25f6},
    {0xcd29, 0xcd2a, 0x25f8},
    {0xcd2d, 0xcd33, 0x25fa},
    {0xcd3a, 0xcd3f, 0x2603},
    {0xcd41, 0xcd43, 0x2609},
    {0xcd45, 0xcd52, 0x260c},
    {0xcd53, 0xcd54, 0x10bd},
    {0xcd55, 0xcd5b, 0x261a},
    {0xcd5e, 0xcd5f, 0x2621},
    {0xcd61, 0xcd62, 0x2623},
    {0xcd65, 0xcd6b, 0x2625},
    {0xcd6c, 0xcd6d, 0x96c},
    {0xcd72, 0xcd77, 0x262d},
    {0xcd7a, 0xcd7b, 0x2633},
    {0xcd7d, 0xcd7f, 0x2635},
    {0xcd81, 0xcd87, 0x2638},
    {0xcd8e, 0xcd93, 0x2641},
    {0xcd94, 0xcd95, 0x972},
    {0xcd96, 0xcd97, 0x2647},
    {0xcd99, 0xcd9a, 0x2649},
    {0xcd9d, 0xcda3, 0x264b},
    {0xcda4, 0xcda5, 0x976},
    {0xcdaa, 0xcdaf, 0x2654},
    {0xcdb2, 0xcdb3, 0x265a},
    {0xcdb5, 0xcdb6, 0x265c},
    {0xcdb7, 0xcdb8, 0x10cb},
    {0xcdb9, 0xcdbf, 0x265e},
    {0xcdc0, 0xcdc1, 0x10cd},
    {0xcdc6, 0xcdcb, 0x2666},
    {0xcdcc, 0xcdcd, 0x97c},
    {0xcdce, 0xcdcf, 0x266c},
    {0xcdd1, 0xcdd3, 0x266e},
    {0xcdd5, 0xcddb, 0x2671},
    {0xcddc, 0xcddd, 0x10d1},
    {0xcddf, 0xcde1, 0x10d3},
    {0xcde2, 0xcde7, 0x2679},
    {0xcdea, 0xcdeb, 0x267f},
    {0xcded, 0xcdee, 0x2681},
    {0xcdf1, 0xcdf7, 0x2683},
    {0xcdf8, 0xcdf9, 0x983},
    {0xcdfe, 0xcdff, 0x268c},
    {0xce00, 0xce03, 0x268e},
    {0xce04, 0xce05, 0x987},
    {0xce06, 0xce07, 0x2692},
    {0xce09, 0xce0b, 0x2694},
    {0xce0d, 0xce13, 0x2697},
    {0xce1a, 0xce1f, 0x26a0},
    {0xce20, 0xce21, 0x98d},
    {0xce22, 0xce23, 0x26a6},
    {0xce25, 0xce26, 0x26a8},
    {0xce28, 0xce29, 0x990},
    {0xce2a, 0xce2b, 0x26aa},
    {0xce2d, 0xce2f, 0x26ac},
    {0xce30, 0xce31, 0x992},
    {0xce36, 0xce3b, 0x26b1},
    {0xce3e, 0xce3f, 0x26b7},
    {0xce41, 0xce43, 0x26b9},
    {0xce45, 0xce4b, 0x26bc},
    {0xce4c, 0xce4d, 0x10df},
    {0xce52, 0xce57, 0x26c5},
    {0xce58, 0xce59, 0x997},
    {0xce5a, 0xce5b, 0x26cb},
    {0xce5d, 0xce5e, 0x26cd},
    {0xce5f, 0xce62, 0x99a},
    {0xce63, 0xce67, 0x26cf},
    {0xce68, 0xce69, 0x99e},
    {0xce6b, 0xce6e, 0x9a0},
    {0xce74, 0xce75, 0x9a5},
    {0xce76, 0xce77, 0x26d8},
    {0xce79, 0xce7a, 0x26da},
    {0xce7b, 0xce7c, 0x9a8},
    {0xce7d, 0xce83, 0x26dc},
    {0xce84, 0xce85, 0x9aa},
    {0xce8a, 0xce8c, 0x26e4},
    {0xce8d, 0xce8e, 0x10e5},
    {0xce90, 0xce91, 0x9ae},
    {0xce92, 0xce93, 0x26e8},
    {0xce95, 0xce96, 0x26ea},
    {0xce99, 0xce9f, 0x26ec},
    {0xcea0, 0xcea1, 0x9b2},
    {0xcea3, 0xcea5, 0x9b4},
    {0xcea6, 0xcea7, 0x26f4},
    {0xcea9, 0xceaa, 0x10e8},
    {0xceac, 0xcead, 0x9b8},
    {0xceae, 0xceaf, 0x26f7},
    {0xceb1, 0xceb3, 0x26f9},
    {0xceb5, 0xcebb, 0x26fc},
    {0xcebc, 0xcebd, 0x10eb},
    {0xcec2, 0xcec3, 0x2705},
    {0xcec5, 0xcec7, 0x2707},
    {0xcec9, 0xcecb, 0x270a},
    {0xcecd, 0xcee3, 0x270d},
    {0xcee4, 0xcee5, 0x9bd},
    {0xcee6, 0xcee7, 0x2724},
    {0xcee9, 0xceea, 0x2726},
    {0xceeb, 0xceec, 0x9c0},
    {0xceed, 0xcef3, 0x2728},
    {0xcef4, 0xcef5, 0x9c2},
    {0xcef7, 0xcef9, 0x9c4},
    {0xcf00, 0xcf01, 0x9c8},
    {0xcf02, 0xcf03, 0x2733},
    {0xcf05, 0xcf06, 0x2735},
    {0xcf09, 0xcf0f, 0x2737},
    {0xcf10, 0xcf11, 0x9cc},
    {0xcf13, 0xcf15, 0x9ce},
    {0xcf16, 0xcf17, 0x273f},
    {0xcf18, 0xcf19, 0x9d1},
    {0xcf1e, 0xcf1f, 0x2742},
    {0xcf21, 0xcf22, 0x2744},
    {0xcf25, 0xcf2b, 0x2746},
    {0xcf2c, 0xcf2d, 0x9d6},
    {0xcf2f, 0xcf31, 0x9d8},
    {0xcf32, 0xcf37, 0x274e},
    {0xcf3a, 0xcf3b, 0x2754},
    {0xcf3d, 0xcf3f, 0x2756},
    {0xcf41, 0xcf47, 0x2759},
    {0xcf48, 0xcf49, 0x10f9},
    {0xcf4b, 0xcf4d, 0x10fb},
    {0xcf4e, 0xcf53, 0x2761},
    {0xcf54, 0xcf55, 0x9dc},
    {0xcf56, 0xcf57, 0x2767},
    {0xcf59, 0xcf5a, 0x2769},
    {0xcf5b, 0xcf5c, 0x9df},
    {0xcf5d, 0xcf63, 0x276b},
    {0xcf64, 0xcf65, 0x9e1},
    {0xcf6b, 0xcf6d, 0x2774},
    {0xcf70, 0xcf71, 0x9e5},
    {0xcf72, 0xcf73, 0x2778},
    {0xcf75, 0xcf77, 0x277a},
    {0xcf79, 0xcf7f, 0x277d},
    {0xcf86, 0xcf8b, 0x2786},
    {0xcf8e, 0xcf8f, 0x278c},
    {0xcf91, 0xcf92, 0x278e},
    {0xcf93, 0xcf94, 0x1103},
    {0xcf95, 0xcf9b, 0x2790},
    {0xcf9c, 0xcf9d, 0x1105},
    {0xcfa2, 0xcfa7, 0x2799},
    {0xcfaa, 0xcfab, 0x279f},
    {0xcfad, 0xcfaf, 0x27a1},
    {0xcfb1, 0xcfb7, 0x27a4},
    {0xcfb8, 0xcfb9, 0x110a},
    {0xcfbe, 0xcfc3, 0x27ad},
    {0xcfc6, 0xcfc7, 0x27b3},
    {0xcfc9, 0xcfcb, 0x27b5},
    {0xcfcd, 0xcfd3, 0x27b8},
    {0xcfd4, 0xcfd5, 0x1110},
    {0xcfda, 0xcfdf, 0x27c1},
    {0xcfe0, 0xcfe1, 0x9f2},
    {0xcfe2, 0xcfe3, 0x27c7},
    {0xcfe5, 0xcfe6, 0x27c9},
    {0xcfe9, 0xcfef, 0x27cb},
    {0xcff0, 0xcff1, 0x9f6},
    {0xcff6, 0xcff9, 0x27d4},
    {0xcffc, 0xcffd, 0x9fa},
    {0xcffe, 0xcfff, 0x27d9},
    {0xd001, 0xd002, 0x27db},
    {0xd005, 0xd00b, 0x27dd},
    {0xd00e, 0xd00f, 0x27e4},
    {0xd012, 0xd017, 0x27e6},
    {0xd01a, 0xd01b, 0x27ec},
    {0xd01d, 0xd01f, 0x27ee},
    {0xd021, 0xd027, 0x27f1},
    {0xd028, 0xd029, 0x111a},
    {0xd02b, 0xd02c, 0x111c},
    {0xd02e, 0xd033, 0x27f9},
    {0xd034, 0xd035, 0xa04},
    {0xd036, 0xd037, 0x27ff},
    {0xd039, 0xd03a, 0x2801},
    {0xd03d, 0xd043, 0x2803},
    {0xd044, 0xd045, 0xa08},
    {0xd04a, 0xd04f, 0x280c},
    {0xd052, 0xd053, 0x2812},
    {0xd055, 0xd057, 0x2814},
    {0xd059, 0xd05f, 0x2817},
    {0xd066, 0xd067, 0x2820},
    {0xd069, 0xd06b, 0x2822},
    {0xd06c, 0xd06d, 0xa10},
    {0xd06e, 0xd06f, 0x2825},
    {0xd077, 0xd07b, 0x282a},
    {0xd07c, 0xd07d, 0xa15},
    {0xd082, 0xd083, 0x2831},
    {0xd085, 0xd087, 0x2833},
    {0xd08a, 0xd08b, 0x2836},
    {0xd08d, 0xd08f, 0x2838},
    {0xd091, 0xd097, 0x283b},
    {0xd098, 0xd099, 0x1129},
    {0xd09e, 0xd0a3, 0x2844},
    {0xd0a4, 0xd0a5, 0xa1a},
    {0xd0a6, 0xd0a7, 0x284a},
    {0xd0a9, 0xd0aa, 0x284c},
    {0xd0ad, 0xd0b3, 0x284e},
    {0xd0b4, 0xd0b5, 0xa1e},
    {0xd0b7, 0xd0b9, 0xa20},
    {0xd0ba, 0xd0bd, 0x2856},
    {0xd0c0, 0xd0c1, 0xa23},
    {0xd0c2, 0xd0c3, 0x285b},
    {0xd0c5, 0xd0c6, 0x285d},
    {0xd0c7, 0xd0c9, 0xa26},
    {0xd0cb, 0xd0ce, 0x285f},
    {0xd0d0, 0xd0d1, 0xa29},
    {0xd0d3, 0xd0d5, 0xa2b},
    {0xd0d6, 0xd0d9, 0x2864},
    {0xd0dc, 0xd0dd, 0xa2e},
    {0xd0de, 0xd0df, 0x2869},
    {0xd0e2, 0xd0e3, 0x1132},
    {0xd0e6, 0xd0eb, 0x286c},
    {0xd0ec, 0xd0ed, 0xa32},
    {0xd0ef, 0xd0f1, 0xa34},
    {0xd0f2, 0xd0f5, 0x2873},
    {0xd0fa, 0xd0fb, 0x2878},
    {0xd0fd, 0xd0ff, 0x287a},
    {0xd101, 0xd107, 0x287d},
    {0xd108, 0xd109, 0x1139},
    {0xd10e, 0xd113, 0x2886},
    {0xd115, 0xd117, 0x288c},
    {0xd11b, 0xd12f, 0x2890},
    {0xd130, 0xd131, 0xa3a},
    {0xd132, 0xd133, 0x28a5},
    {0xd135, 0xd136, 0x28a7},
    {0xd13a, 0xd13b, 0xa3e},
    {0xd13c, 0xd13f, 0x28a9},
    {0xd140, 0xd141, 0xa40},
    {0xd143, 0xd145, 0xa42},
    {0xd146, 0xd14b, 0x28ae},
    {0xd14c, 0xd14d, 0xa45},
    {0xd14e, 0xd14f, 0x28b4},
    {0xd151, 0xd152, 0x28b6},
    {0xd155, 0xd15b, 0x28b8},
    {0xd15c, 0xd15d, 0xa49},
    {0xd162, 0xd165, 0x28c0},
    {0xd16a, 0xd16b, 0x28c5},
    {0xd16d, 0xd16e, 0x28c7},
    {0xd171, 0xd177, 0x28c9},
    {0xd178, 0xd179, 0x1144},
    {0xd17b, 0xd17c, 0xa51},
    {0xd17e, 0xd183, 0x28d1},
    {0xd186, 0xd187, 0x28d7},
    {0xd189, 0xd18b, 0x28d9},
    {0xd18d, 0xd193, 0x28dc},
    {0xd195, 0xd196, 0x28e3},
    {0xd19a, 0xd19f, 0x28e6},
    {0xd1a0, 0xd1a1, 0xa55},
    {0xd1a2, 0xd1a3, 0x28ec},
    {0xd1a5, 0xd1a6, 0x28ee},
    {0xd1a7, 0xd1a8, 0xa58},
    {0xd1a9, 0xd1af, 0x28f0},
    {0xd1b0, 0xd1b1, 0xa5a},
    {0xd1b7, 0xd1b9, 0x114c},
    {0xd1be, 0xd1bf, 0x28fb},
    {0xd1c1, 0xd1c3, 0x28fd},
    {0xd1c5, 0xd1cb, 0x2900},
    {0xd1cc, 0xd1cd, 0x1151},
    {0xd1d2, 0xd1d7, 0x2909},
    {0xd1d9, 0xd1eb, 0x290f},
    {0xd1ec, 0xd1ed, 0x1155},
    {0xd1ee, 0xd1f3, 0x2922},
    {0xd1f6, 0xd1f7, 0x2928},
    {0xd1f9, 0xd1fa, 0x292a},
    {0xd1fd, 0xd1ff, 0x292c},
    {0xd200, 0xd203, 0x292f},
    {0xd204, 0xd205, 0x1159},
    {0xd20a, 0xd20f, 0x2934},
    {0xd212, 0xd213, 0x293a},
    {0xd215, 0xd217, 0x293c},
    {0xd219, 0xd21f, 0x293f},
    {0xd220, 0xd221, 0x115f},
    {0xd226, 0xd22b, 0x2948},
    {0xd22c, 0xd22d, 0xa69},
    {0xd22e, 0xd22f, 0x294e},
    {0xd231, 0xd232, 0x2950},
    {0xd237, 0xd23b, 0x2953},
    {0xd23c, 0xd23d, 0xa6e},
    {0xd242, 0xd247, 0x295a},
    {0xd24a, 0xd24b, 0x2960},
    {0xd24d, 0xd24e, 0x2962},
    {0xd24f, 0xd250, 0x1165},
    {0xd251, 0xd253, 0x2964},
    {0xd255, 0xd257, 0x2967},
    {0xd258, 0xd259, 0x1168},
    {0xd25e, 0xd263, 0x296b},
    {0xd266, 0xd267, 0x2971},
    {0xd269, 0xd26a, 0x2973},
    {0xd26b, 0xd26c, 0x116e},
    {0xd26d, 0xd273, 0x2975},
    {0xd274, 0xd275, 0x1170},
    {0xd278, 0xd279, 0x1172},
    {0xd27a, 0xd27f, 0x297d},
    {0xd280, 0xd281, 0xa76},
    {0xd282, 0xd283, 0x2983},
    {0xd285, 0xd286, 0x2985},
    {0xd289, 0xd28f, 0x2987},
    {0xd290, 0xd291, 0xa7a},
    {0xd296, 0xd29b, 0x2990},
    {0xd29e, 0xd29f, 0x2996},
    {0xd2a1, 0xd2a3, 0x2998},
    {0xd2a5, 0xd2ab, 0x299b},
    {0xd2b2, 0xd2b7, 0x29a4},
    {0xd2b8, 0xd2b9, 0xa82},
    {0xd2bd, 0xd2be, 0x29ab},
    {0xd2bf, 0xd2c0, 0xa85},
    {0xd2c5, 0xd2c7, 0x29ae},
    {0xd2c8, 0xd2c9, 0xa88},
    {0xd2ce, 0xd2d0, 0x29b3},
    {0xd2d2, 0xd2d3, 0x29b6},
    {0xd2d6, 0xd2d7, 0x29b8},
    {0xd2d9, 0xd2db, 0x29ba},
    {0xd2dd, 0xd2df, 0x29bd},
    {0xd2e1, 0xd2e3, 0x29c0},
    {0xd2e4, 0xd2e5, 0xa90},
    {0xd2ea, 0xd2ef, 0x29c5},
    {0xd2f0, 0xd2f1, 0xa92},
    {0xd2f2, 0xd2f3, 0x29cb},
    {0xd2f5, 0xd2f6, 0x29cd},
    {0xd2f9, 0xd2ff, 0x29cf},
    {0xd300, 0xd301, 0xa96},
    {0xd306, 0xd307, 0x29d8},
    {0xd30c, 0xd30e, 0xa9a},
    {0xd310, 0xd311, 0xa9d},
    {0xd313, 0xd314, 0xa9f},
    {0xd317, 0xd31b, 0x29df},
    {0xd31c, 0xd31d, 0xaa2},
    {0xd31f, 0xd321, 0xaa4},
    {0xd324, 0xd325, 0xaa7},
    {0xd328, 0xd329, 0xaa9},
    {0xd32a, 0xd32b, 0x29e7},
    {0xd32d, 0xd32e, 0x29e9},
    {0xd32f, 0xd330, 0xaac},
    {0xd331, 0xd337, 0x29eb},
    {0xd338, 0xd339, 0xaae},
    {0xd33b, 0xd33d, 0xab0},
    {0xd33e, 0xd340, 0x29f3},
    {0xd342, 0xd343, 0x29f6},
    {0xd344, 0xd345, 0xab3},
    {0xd346, 0xd347, 0x29f8},
    {0xd349, 0xd34b, 0x29fa},
    {0xd34d, 0xd353, 0x29fd},
    {0xd354, 0xd355, 0x1188},
    {0xd35a, 0xd35c, 0x2a06},
    {0xd35e, 0xd35f, 0x2a09},
    {0xd361, 0xd37b, 0x2a0b},
    {0xd37c, 0xd37d, 0xab6},
    {0xd37e, 0xd37f, 0x2a26},
    {0xd381, 0xd382, 0x2a28},
    {0xd385, 0xd38b, 0x2a2a},
    {0xd38c, 0xd38d, 0xaba},
    {0xd38f, 0xd391, 0xabc},
    {0xd392, 0xd394, 0x2a31},
    {0xd398, 0xd399, 0xac0},
    {0xd39a, 0xd39b, 0x2a35},
    {0xd39d, 0xd39e, 0x2a37},
    {0xd3a1, 0xd3a7, 0x2a39},
    {0xd3a8, 0xd3a9, 0xac4},
    {0xd3ae, 0xd3b1, 0x2a41},
    {0xd3b4, 0xd3b5, 0xac8},
    {0xd3b6, 0xd3b7, 0x2a46},
    {0xd3bd, 0xd3c3, 0x2a49},
    {0xd3c4, 0xd3c5, 0xacc},
    {0xd3c8, 0xd3c9, 0xace},
    {0xd3ca, 0xd3cf, 0x2a51},
    {0xd3d2, 0xd3d3, 0x2a57},
    {0xd3d5, 0xd3d6, 0x2a59},
    {0xd3d9, 0xd3df, 0x2a5b},
    {0xd3e6, 0xd3eb, 0x2a64},
    {0xd3ec, 0xd3ed, 0xad5},
    {0xd3f1, 0xd3f2, 0x2a6b},
    {0xd3f5, 0xd3fb, 0x2a6d},
    {0xd3fc, 0xd3fd, 0xad9},
    {0xd402, 0xd403, 0x2a76},
    {0xd408, 0xd409, 0xade},
    {0xd40a, 0xd40b, 0x2a79},
    {0xd40d, 0xd40f, 0x2a7b},
    {0xd411, 0xd417, 0x2a7e},
    {0xd418, 0xd419, 0x11a0},
    {0xd41e, 0xd423, 0x2a87},
    {0xd425, 0xd43f, 0x2a8d},
    {0xd442, 0xd443, 0x2aa8},
    {0xd445, 0xd447, 0x2aaa},
    {0xd449, 0xd44f, 0x2aad},
    {0xd450, 0xd451, 0x11a6},
    {0xd456, 0xd45b, 0x2ab6},
    {0xd45e, 0xd45f, 0x2abc},
    {0xd461, 0xd462, 0x2abe},
    {0xd465, 0xd46b, 0x2ac0},
    {0xd472, 0xd477, 0x2ac9},
    {0xd478, 0xd479, 0xae8},
    {0xd47a, 0xd47b, 0x2acf},
    {0xd47d, 0xd47e, 0x2ad1},
    {0xd47f, 0xd480, 0xaeb},
    {0xd483, 0xd487, 0x2ad4},
    {0xd488, 0xd489, 0xaee},
    {0xd48e, 0xd493, 0x2adb},
    {0xd496, 0xd497, 0x2ae1},
    {0xd499, 0xd49a, 0x2ae3},
    {0xd49b, 0xd49c, 0x11b0},
    {0xd49d, 0xd4a3, 0x2ae5},
    {0xd4a4, 0xd4a5, 0x11b2},
    {0xd4a7, 0xd4a8, 0x11b4},
    {0xd4aa, 0xd4af, 0x2aed},
    {0xd4b0, 0xd4b1, 0x11b6},
    {0xd4b2, 0xd4b3, 0x2af3},
    {0xd4b5, 0xd4b7, 0x2af5},
    {0xd4b9, 0xd4bf, 0x2af8},
    {0xd4c0, 0xd4c1, 0x11ba},
    {0xd4c6, 0xd4cb, 0x2b01},
    {0xd4ce, 0xd4cf, 0x2b07},
    {0xd4d1, 0xd4d3, 0x2b09},
    {0xd4d5, 0xd4db, 0x2b0c},
    {0xd4e2, 0xd4e7, 0x2b15},
    {0xd4ea, 0xd4eb, 0x2b1b},
    {0xd4ed, 0xd4ee, 0x2b1d},
    {0xd4f1, 0xd4f7, 0x2b1f},
    {0xd4fe, 0xd4ff, 0x2b28},
    {0xd500, 0xd503, 0x2b2a},
    {0xd506, 0xd507, 0x2b2e},
    {0xd509, 0xd50a, 0x2b30},
    {0xd50d, 0xd50f, 0x2b32},
    {0xd511, 0xd513, 0x2b35},
    {0xd514, 0xd515, 0xb02},
    {0xd51a, 0xd51f, 0x2b3a},
    {0xd522, 0xd523, 0x2b40},
    {0xd525, 0xd527, 0x2b42},
    {0xd529, 0xd52f, 0x2b45},
    {0xd530, 0xd531, 0x11ca},
    {0xd536, 0xd53b, 0x2b4e},
    {0xd53c, 0xd53d, 0xb08},
    {0xd53e, 0xd53f, 0x2b54},
    {0xd541, 0xd542, 0x2b56},
    {0xd545, 0xd54b, 0x2b58},
    {0xd54c, 0xd54d, 0xb0c},
    {0xd54f, 0xd551, 0xb0e},
    {0xd552, 0xd554, 0x2b60},
    {0xd555, 0xd556, 0x11ce},
    {0xd558, 0xd559, 0xb11},
    {0xd55a, 0xd55b, 0x2b64},
    {0xd55d, 0xd55e, 0x2b66},
    {0xd564, 0xd565, 0xb15},
    {0xd568, 0xd569, 0xb17},
    {0xd573, 0xd575, 0xb1c},
    {0xd576, 0xd577, 0x2b6d},
    {0xd579, 0xd57a, 0x2b6f},
    {0xd57b, 0xd57c, 0xb20},
    {0xd57d, 0xd583, 0x2b71},
    {0xd584, 0xd585, 0xb22},
    {0xd587, 0xd589, 0xb24},
    {0xd58f, 0xd590, 0xb28},
    {0xd592, 0xd593, 0x2b7c},
    {0xd595, 0xd597, 0x2b7e},
    {0xd599, 0xd59f, 0x2b81},
    {0xd5a0, 0xd5a1, 0x11da},
    {0xd5a6, 0xd5aa, 0x2b8a},
    {0xd5ad, 0xd5bf, 0x2b8f},
    {0xd5c1, 0xd5c7, 0x2ba2},
    {0xd5c8, 0xd5c9, 0xb2f},
    {0xd5ca, 0xd5cb, 0x2ba9},
    {0xd5cd, 0xd5ce, 0x2bab},
    {0xd5d3, 0xd5d4, 0x2bad},
    {0xd5d7, 0xd5d9, 0xb34},
    {0xd5de, 0xd5df, 0x2bb1},
    {0xd5e0, 0xd5e1, 0xb39},
    {0xd5e3, 0xd5e5, 0xb3b},
    {0xd5e6, 0xd5e7, 0x2bb3},
    {0xd5e9, 0xd5ea, 0x2bb5},
    {0xd5ed, 0xd5f3, 0x2bb7},
    {0xd5f4, 0xd5f5, 0xb40},
    {0xd5f7, 0xd5f9, 0xb42},
    {0xd5fa, 0xd5fd, 0x2bbf},
    {0xd600, 0xd601, 0xb46},
    {0xd602, 0xd603, 0x2bc3},
    {0xd605, 0xd606, 0x2bc5},
    {0xd609, 0xd60f, 0x2bc7},
    {0xd610, 0xd611, 0xb4a},
    {0xd613, 0xd615, 0xb4c},
    {0xd616, 0xd61b, 0x2bcf},
    {0xd61e, 0xd61f, 0x2bd5},
    {0xd621, 0xd623, 0x2bd7},
    {0xd625, 0xd62b, 0x2bda},
    {0xd62f, 0xd631, 0x11e7},
    {0xd632, 0xd637, 0x2be2},
    {0xd638, 0xd639, 0xb53},
    {0xd642, 0xd643, 0x2bea},
    {0xd648, 0xd649, 0xb58},
    {0xd64e, 0xd650, 0x2bef},
    {0xd652, 0xd653, 0x2bf2},
    {0xd654, 0xd655, 0xb5d},
    {0xd656, 0xd657, 0x2bf4},
    {0xd659, 0xd65a, 0x2bf6},
    {0xd65d, 0xd65f, 0x2bf8},
    {0xd661, 0xd663, 0x2bfb},
    {0xd667, 0xd669, 0xb62},
    {0xd66a, 0xd66f, 0x2bfe},
    {0xd670, 0xd671, 0xb65},
    {0xd672, 0xd673, 0x2c04},
    {0xd675, 0xd676, 0x2c06},
    {0xd677, 0xd678, 0x11f4},
    {0xd679, 0xd67f, 0x2c08},
    {0xd680, 0xd681, 0x11f6},
    {0xd686, 0xd68b, 0x2c10},
    {0xd68c, 0xd68d, 0xb6a},
    {0xd68e, 0xd68f, 0x2c16},
    {0xd691, 0xd692, 0x2c18},
    {0xd695, 0xd69b, 0x2c1a},
    {0xd6a2, 0xd6a7, 0x2c23},
    {0xd6aa, 0xd6ab, 0x2c29},
    {0xd6ad, 0xd6ae, 0x2c2b},
    {0xd6b1, 0xd6b7, 0x2c2d},
    {0xd6be, 0xd6c3, 0x2c36},
    {0xd6c4, 0xd6c5, 0xb77},
    {0xd6c6, 0xd6c7, 0x2c3c},
    {0xd6c9, 0xd6ca, 0x2c3e},
    {0xd6cc, 0xd6cd, 0xb7a},
    {0xd6d0, 0xd6d1, 0xb7c},
    {0xd6d3, 0xd6d5, 0xb7e},
    {0xd6da, 0xd6db, 0x2c43},
    {0xd6dc, 0xd6dd, 0x1201},
    {0xd6de, 0xd6df, 0x2c45},
    {0xd6e2, 0xd6e3, 0x2c47},
    {0xd6e5, 0xd6e7, 0x2c49},
    {0xd6e9, 0xd6ef, 0x2c4c},
    {0xd6f3, 0xd6f4, 0x1205},
    {0xd6f6, 0xd6fb, 0x2c54},
    {0xd6fc, 0xd6fd, 0xb88},
    {0xd6fe, 0xd6ff, 0x2c5a},
    {0xd701, 0xd702, 0x2c5c},
    {0xd705, 0xd70b, 0x2c5e},
    {0xd70c, 0xd70d, 0x1208},
    {0xd70f, 0xd710, 0x120a},
    {0xd712, 0xd717, 0x2c66},
    {0xd718, 0xd719, 0xb8d},
    {0xd71a, 0xd71b, 0x2c6c},
    {0xd71d, 0xd71e, 0x2c6e},
    {0xd721, 0xd727, 0x2c70},
    {0xd728, 0xd729, 0xb91},
    {0xd72e, 0xd733, 0x2c79},
    {0xd734, 0xd735, 0xb95},
    {0xd736, 0xd737, 0x2c7f},
    {0xd73a, 0xd73b, 0x120d},
    {0xd73d, 0xd742, 0x2c82},
    {0xd74a, 0xd74c, 0x2c8a},
    {0xd74e, 0xd74f, 0x2c8d},
    {0xd750, 0xd751, 0xb9c},
    {0xd752, 0xd753, 0x2c8f},
    {0xd756, 0xd759, 0xb9f},
    {0xd75a, 0xd75c, 0x2c91},
    {0xd760, 0xd761, 0xba4},
    {0xd766, 0xd767, 0x2c97},
    {0xd76a, 0xd76b, 0x1215},
    {0xd76e, 0xd76f, 0x2c99},
    {0xd771, 0xd772, 0x2c9b},
    {0xd775, 0xd77b, 0x2c9d},
    {0xd77c, 0xd77d, 0xbac},
    {0xd782, 0xd787, 0x2ca6},
    {0xd788, 0xd789, 0xbaf},
    {0xd78a, 0xd78b, 0x2cac},
    {0xd78d, 0xd78e, 0x2cae},
    {0xd791, 0xd796, 0x2cb0},
    {0xd798, 0xd799, 0xbb3},
    {0xd79b, 0xd79d, 0xbb5},
    {0xd79e, 0xd79f, 0x2cb7},
    {0xd7a1, 0xd7a2, 0x2cb9},
    {0xd7b0, 0xd7c6, 0x318d},
    {0xd7cb, 0xd7fb, 0x31a4},
    {0xd83cdd10, 0xd83cdd29, 0x2db9},
    {0xfb00, 0xfb04, 0xbb9},
    {0xfe10, 0xfe19, 0x2ddc},
    {0xfe30, 0xfe33, 0x2de6},
    {0xfe35, 0xfe44, 0x2dea},
    {0xfe47, 0xfe48, 0x2dfa},
    {0xff01, 0xff5d, 0x2dfc},
    {0xffa1, 0xffbe, 0xaa},
    {0xffc2, 0xffc7, 0xc8},
    {0xffca, 0xffcf, 0xce},
    {0xffd2, 0xffd7, 0xd4},
    {0xffda, 0xffdc, 0xda},
    {0xffe0, 0xffe2, 0x2fc7},
};

pdf_cmap_t cmap_UNIAKR_UTF16_H = {
    "UniAKR-UTF16-H",    //name
    true,        //worldwide
    8227,      //unicode_map_len
    unicode_map_UNIAKR_UTF16_H,      //unicode_map
    3922,   //char_range_map_len
    char_range_map_UNIAKR_UTF16_H,   //char_range_map
    1,       //not_def_range_len
    not_def_range_UNIAKR_UTF16_H,       //not_def_range
    3,    //code_range_map_len
    code_range_map_UNIAKR_UTF16_H,    //code_range_map
     NULL//next
};

