#include "../pdf-private.h"

static pdf_code_range_map_t code_range_map_UNIAKR_UTF8_H[] = {
    {1, 0x00, 0x7f},
    {2, 0xc080, 0xdfbf},
    {3, 0xe08080, 0xefbfbf},
    {4, 0xf0808080, 0xf7bfbfbf},
};

static pdf_char_range_map_t not_def_range_UNIAKR_UTF8_H[] = {
    {0x00, 0x1f, 0x1},
};

static pdf_unicode_map_t unicode_map_UNIAKR_UTF8_H[] = {
    {0x1, 0xc2a0},
    {0x57d0, 0xc2a1},
    {0x64, 0xc2a9},
    {0x57d4, 0xc2aa},
    {0xe, 0xc2ad},
    {0x65, 0xc2ae},
    {0x57d5, 0xc2af},
    {0x57d8, 0xc2b8},
    {0x2e6a, 0xc2b9},
    {0x57d9, 0xc2ba},
    {0x57da, 0xc2bf},
    {0x6a, 0xc397},
    {0x6b, 0xc3b7},
    {0x5819, 0xc491},
    {0x581f, 0xc4b8},
    {0x5820, 0xc4bf},
    {0x2e6f, 0xcb87},
    {0x2e70, 0xcb90},
    {0x5860, 0xd081},
    {0x58a1, 0xd191},
    {0xe, 0xe28090},
    {0xe, 0xe28091},
    {0x2e77, 0xe28096},
    {0x2e78, 0xe280b0},
    {0x84, 0xe280bb},
    {0x2e79, 0xe280bc},
    {0x2e7a, 0xe280be},
    {0x2e7b, 0xe28184},
    {0x2e7f, 0xe281b0},
    {0x2e86, 0xe281bf},
    {0x85, 0xe282a9},
    {0x86, 0xe282ac},
    {0x87, 0xe28483},
    {0x88, 0xe28489},
    {0x2e91, 0xe28493},
    {0x2e92, 0xe28496},
    {0x2e93, 0xe284a1},
    {0x89, 0xe284a2},
    {0x2e94, 0xe284a6},
    {0x2e95, 0xe284ab},
    {0x2eb0, 0xe28792},
    {0x2eb1, 0xe28794},
    {0x2eb2, 0xe28880},
    {0x2eb7, 0xe2888b},
    {0x2eb8, 0xe2888f},
    {0x2eb9, 0xe28891},
    {0x94, 0xe28892},
    {0x2eba, 0xe2889a},
    {0x2ebd, 0xe288a0},
    {0x2ebe, 0xe288a5},
    {0x2ec5, 0xe288ae},
    {0x2ecb, 0xe28992},
    {0x95, 0xe289a0},
    {0x2ecc, 0xe289a1},
    {0x2ed5, 0xe28a99},
    {0x2ed6, 0xe28aa5},
    {0x2ed7, 0xe28baf},
    {0x2ed8, 0xe28c92},
    {0x2d50, 0xe293bf},
    {0x2f1d, 0xe29692},
    {0x2f1e, 0xe296a0},
    {0x98, 0xe296a1},
    {0x99, 0xe2978b},
    {0x9a, 0xe297a6},
    {0x2f3a, 0xe2989c},
    {0x2f3b, 0xe2989e},
    {0x2f3c, 0xe29980},
    {0x2f3d, 0xe29982},
    {0x9b, 0xe29d8c},
    {0x379e, 0xe2bc80},
    {0x37bc, 0xe2bc84},
    {0x37ca, 0xe2bc86},
    {0x37df, 0xe2bc88},
    {0x4aac, 0xe2bc89},
    {0x38a4, 0xe2bc8a},
    {0x38a9, 0xe2bc8b},
    {0x4ab5, 0xe2bc8c},
    {0x4aca, 0xe2bc8f},
    {0x38d2, 0xe2bc91},
    {0x3901, 0xe2bc92},
    {0x3928, 0xe2bc94},
    {0x4afa, 0xe2bc96},
    {0x3934, 0xe2bc97},
    {0x3942, 0xe2bc98},
    {0x395a, 0xe2bc9c},
    {0x3965, 0xe2bc9d},
    {0x3a01, 0xe2bc9f},
    {0x3a66, 0xe2bca0},
    {0x3a6f, 0xe2bca3},
    {0x3a75, 0xe2bca4},
    {0x3a92, 0xe2bca5},
    {0x3ade, 0xe2bca6},
    {0x3b2e, 0xe2bca8},
    {0x3b39, 0xe2bca9},
    {0x3b40, 0xe2bcab},
    {0x3b57, 0xe2bcad},
    {0x3b91, 0xe2bcaf},
    {0x3b97, 0xe2bcb0},
    {0x3b9d, 0xe2bcb1},
    {0x3bb9, 0xe2bcb2},
    {0x4d14, 0xe2bcb7},
    {0x3bed, 0xe2bcb8},
    {0x3c29, 0xe2bcbc},
    {0x3cc9, 0xe2bcbd},
    {0x3cda, 0xe2bcbe},
    {0x3ce2, 0xe2bcbf},
    {0x3d88, 0xe2bd80},
    {0x3da7, 0xe2bd82},
    {0x3dab, 0xe2bd83},
    {0x3db1, 0xe2bd84},
    {0x3db9, 0xe2bd85},
    {0x3dc3, 0xe2bd86},
    {0x3dc5, 0xe2bd87},
    {0x3e26, 0xe2bd88},
    {0x3e33, 0xe2bd89},
    {0x3e40, 0xe2bd8a},
    {0x3f25, 0xe2bd8b},
    {0x3f33, 0xe2bd8c},
    {0x4f46, 0xe2bd8e},
    {0x3f51, 0xe2bd8f},
    {0x3f56, 0xe2bd90},
    {0x3f5a, 0xe2bd91},
    {0x3f5e, 0xe2bd92},
    {0x3f62, 0xe2bd94},
    {0x4096, 0xe2bd95},
    {0x40f7, 0xe2bd96},
    {0x40fd, 0xe2bd97},
    {0x40ff, 0xe2bd98},
    {0x4104, 0xe2bd9a},
    {0x4118, 0xe2bd9d},
    {0x4141, 0xe2bd9e},
    {0x4144, 0xe2bd9f},
    {0x41b5, 0xe2bda0},
    {0x41b9, 0xe2bda1},
    {0x41c0, 0xe2bda2},
    {0x41c3, 0xe2bda3},
    {0x41c7, 0xe2bda4},
    {0x41ca, 0xe2bda5},
    {0x41e9, 0xe2bda6},
    {0x4221, 0xe2bda9},
    {0x4229, 0xe2bdaa},
    {0x422b, 0xe2bdab},
    {0x423b, 0xe2bdac},
    {0x4263, 0xe2bdad},
    {0x4265, 0xe2bdae},
    {0x426c, 0xe2bdaf},
    {0x429a, 0xe2bdb0},
    {0x42bc, 0xe2bdb2},
    {0x42ec, 0xe2bdb3},
    {0x4303, 0xe2bdb4},
    {0x430f, 0xe2bdb5},
    {0x4353, 0xe2bdb6},
    {0x523e, 0xe2bdb7},
    {0x43e6, 0xe2bdb8},
    {0x43f7, 0xe2bdba},
    {0x4403, 0xe2bdbb},
    {0x4415, 0xe2bdbc},
    {0x441a, 0xe2bdbd},
    {0x52bd, 0xe2bdbe},
    {0x4420, 0xe2bdbf},
    {0x4432, 0xe2be80},
    {0x4437, 0xe2be81},
    {0x4489, 0xe2be82},
    {0x448d, 0xe2be83},
    {0x448f, 0xe2be84},
    {0x4493, 0xe2be85},
    {0x4499, 0xe2be86},
    {0x449c, 0xe2be87},
    {0x449f, 0xe2be88},
    {0x44ae, 0xe2be89},
    {0x44b1, 0xe2be8a},
    {0x44b3, 0xe2be8b},
    {0x53b4, 0xe2be8d},
    {0x45bd, 0xe2be8e},
    {0x45bf, 0xe2be8f},
    {0x45c9, 0xe2be90},
    {0x4602, 0xe2be92},
    {0x460d, 0xe2be93},
    {0x4611, 0xe2be94},
    {0x468f, 0xe2be95},
    {0x4692, 0xe2be96},
    {0x4696, 0xe2be97},
    {0x5489, 0xe2be98},
    {0x46a0, 0xe2be99},
    {0x46d6, 0xe2be9a},
    {0x46d9, 0xe2be9b},
    {0x46e2, 0xe2be9c},
    {0x4707, 0xe2be9d},
    {0x470a, 0xe2be9e},
    {0x4733, 0xe2be9f},
    {0x473a, 0xe2bea0},
    {0x4792, 0xe2bea2},
    {0x47ae, 0xe2bea3},
    {0x5546, 0xe2bea4},
    {0x47cd, 0xe2bea5},
    {0x47d2, 0xe2bea6},
    {0x4850, 0xe2bea9},
    {0x55ea, 0xe2beaa},
    {0x55ec, 0xe2beab},
    {0x4893, 0xe2beac},
    {0x48ae, 0xe2bead},
    {0x48b1, 0xe2beae},
    {0x48c1, 0xe2beb1},
    {0x5626, 0xe2beb2},
    {0x48c4, 0xe2beb3},
    {0x48c9, 0xe2beb4},
    {0x48e8, 0xe2beb5},
    {0x48ed, 0xe2beb6},
    {0x48ef, 0xe2beb7},
    {0x4911, 0xe2beba},
    {0x4939, 0xe2bebb},
    {0x493d, 0xe2bebc},
    {0x56ac, 0xe2bebd},
    {0x56ca, 0xe2bebf},
    {0x56cb, 0xe2bf80},
    {0x4944, 0xe2bf81},
    {0x494c, 0xe2bf82},
    {0x4961, 0xe2bf83},
    {0x497d, 0xe2bf84},
    {0x4980, 0xe2bf85},
    {0x4986, 0xe2bf86},
    {0x4989, 0xe2bf87},
    {0x498e, 0xe2bf8a},
    {0x575e, 0xe2bf8c},
    {0x499f, 0xe2bf92},
    {0x49a6, 0xe2bf93},
    {0x49a9, 0xe2bf94},
    {0x577f, 0xe2bf95},
    {0x2f49, 0xe38080},
    {0x2f4a, 0xe38083},
    {0x2f4b, 0xe38093},
    {0x2fc1, 0xe38f93},
    {0x2fc2, 0xe38f96},
    {0x2fc3, 0xe38f98},
    {0x49aa, 0xe3929a},
    {0x49ab, 0xe39397},
    {0x49ac, 0xe39495},
    {0x49ad, 0xe394a1},
    {0x49ae, 0xe397bf},
    {0x49af, 0xe399af},
    {0x49b3, 0xe39ba6},
    {0x49b4, 0xe39ca3},
    {0x49b5, 0xe39caf},
    {0x49b6, 0xe39cba},
    {0x49b7, 0xe39ebc},
    {0x49b8, 0xe3a08c},
    {0x49b9, 0xe3a098},
    {0x49ba, 0xe3a283},
    {0x49bb, 0xe3a2ba},
    {0x49bc, 0xe3a3a7},
    {0x49bd, 0xe3a3bd},
    {0x49be, 0xe3a5a0},
    {0x49bf, 0xe3a5a5},
    {0x49c0, 0xe3a683},
    {0x49c1, 0xe3a690},
    {0x49c2, 0xe3a6a5},
    {0x49c3, 0xe3a6b6},
    {0x49c4, 0xe3a8b9},
    {0x49c5, 0xe3aaa4},
    {0x49c6, 0xe3ab9c},
    {0x49c7, 0xe3abb6},
    {0x49c8, 0xe3ac83},
    {0x49c9, 0xe3aca3},
    {0x49ca, 0xe3adb9},
    {0x49cb, 0xe3afb3},
    {0x49cc, 0xe3b094},
    {0x49cd, 0xe3b0a4},
    {0x49ce, 0xe3b0ad},
    {0x49d1, 0xe3b3bc},
    {0x49d2, 0xe3b497},
    {0x49d3, 0xe3b59f},
    {0x49d4, 0xe3b6bc},
    {0x49d5, 0xe3b782},
    {0x49d6, 0xe3bb84},
    {0x49d7, 0xe3bb90},
    {0x49d8, 0xe3bbad},
    {0x49d9, 0xe3bbbd},
    {0x49da, 0xe3bc84},
    {0x49db, 0xe480af},
    {0x49dc, 0xe480b4},
    {0x49dd, 0xe481a2},
    {0x49de, 0xe482a9},
    {0x49df, 0xe48389},
    {0x49e0, 0xe484b7},
    {0x49e1, 0xe486ac},
    {0x49e2, 0xe48999},
    {0x49e3, 0xe48ebb},
    {0x49e4, 0xe48f87},
    {0x49e5, 0xe48fa7},
    {0x49e6, 0xe48faa},
    {0x49e7, 0xe49190},
    {0x49e8, 0xe49492},
    {0x49e9, 0xe497b2},
    {0x49ea, 0xe49898},
    {0x49eb, 0xe49ab7},
    {0x49ec, 0xe49abe},
    {0x49ed, 0xe49b94},
    {0x49ee, 0xe49b98},
    {0x49ef, 0xe49b9d},
    {0x49f0, 0xe49cad},
    {0x49f1, 0xe49dac},
    {0x49f2, 0xe49dbd},
    {0x49f3, 0xe49e9f},
    {0x49f4, 0xe4a1a3},
    {0x49f5, 0xe4a283},
    {0x49f6, 0xe4a296},
    {0x49f7, 0xe4a2a6},
    {0x49f8, 0xe4a4a5},
    {0x49f9, 0xe4a69e},
    {0x49fa, 0xe4a6a5},
    {0x49fb, 0xe4a78b},
    {0x49fc, 0xe4a892},
    {0x49fd, 0xe4a8ad},
    {0x49fe, 0xe4aab8},
    {0x49ff, 0xe4ab9f},
    {0x4a00, 0xe4aba8},
    {0x4a01, 0xe4abbb},
    {0x4a02, 0xe4ad93},
    {0x4a03, 0xe4adb1},
    {0x4a06, 0xe4b49b},
    {0x37a0, 0xe4b883},
    {0x4a07, 0xe4b886},
    {0x37a6, 0xe4b88d},
    {0x37a7, 0xe4b891},
    {0x37ad, 0xe4b89e},
    {0x4a08, 0xe4b89f},
    {0x4a09, 0xe4b8a6},
    {0x4a0a, 0xe4b8ab},
    {0x37ae, 0xe4b8ad},
    {0x37af, 0xe4b8b2},
    {0x4a0d, 0xe4b8b7},
    {0x37b2, 0xe4b8bb},
    {0x4a0e, 0xe4b981},
    {0x37b5, 0xe4b985},
    {0x4a0f, 0xe4b98a},
    {0x37b6, 0xe4b98b},
    {0x37ba, 0xe4b996},
    {0x4a10, 0xe4b99b},
    {0x4a13, 0xe4b9a7},
    {0x37c0, 0xe4b9ab},
    {0x4a14, 0xe4b9ac},
    {0x37c1, 0xe4b9ad},
    {0x4a17, 0xe4b9b2},
    {0x37c2, 0xe4b9b3},
    {0x37c5, 0xe4b9be},
    {0x37c6, 0xe4ba82},
    {0x37c7, 0xe4ba86},
    {0x4a1c, 0xe4ba87},
    {0x37c8, 0xe4ba88},
    {0x37cb, 0xe4ba8e},
    {0x4a1d, 0xe4ba8f},
    {0x37d1, 0xe4ba98},
    {0x4a1e, 0xe4ba99},
    {0x37d2, 0xe4ba9b},
    {0x4a1f, 0xe4ba9c},
    {0x37d3, 0xe4ba9e},
    {0x4a20, 0xe4ba9f},
    {0x37d9, 0xe4baa8},
    {0x4a21, 0xe4baaa},
    {0x4a22, 0xe4bab0},
    {0x37de, 0xe4bab6},
    {0x4a25, 0xe4bab9},
    {0x37df, 0xe4baba},
    {0x4a26, 0xe4babd},
    {0x37e2, 0xe4bb84},
    {0x4a27, 0xe4bb86},
    {0x37e3, 0xe4bb87},
    {0x37e6, 0xe4bb8d},
    {0x4a28, 0xe4bb92},
    {0x37ed, 0xe4bb9d},
    {0x4a29, 0xe4bb9e},
    {0x37ee, 0xe4bb9f},
    {0x4a2a, 0xe4bba1},
    {0x4a2b, 0xe4bbae},
    {0x37f2, 0xe4bbb0},
    {0x37f3, 0xe4bbb2},
    {0x4a2c, 0xe4bbb3},
    {0x4a2d, 0xe4bbb5},
    {0x37f6, 0xe4bbbb},
    {0x4a2e, 0xe4bbbd},
    {0x4a2f, 0xe4bbbf},
    {0x4a30, 0xe4bc80},
    {0x37f7, 0xe4bc81},
    {0x4a31, 0xe4bc9a},
    {0x3800, 0xe4bcaf},
    {0x4a32, 0xe4bcb0},
    {0x3801, 0xe4bcb4},
    {0x3802, 0xe4bcb6},
    {0x3803, 0xe4bcb8},
    {0x3804, 0xe4bcba},
    {0x4a33, 0xe4bcbe},
    {0x4a34, 0xe4bd82},
    {0x3807, 0xe4bd83},
    {0x4a35, 0xe4bd89},
    {0x4a36, 0xe4bd8b},
    {0x3810, 0xe4bd95},
    {0x3815, 0xe4bda9},
    {0x4a3e, 0xe4bdaa},
    {0x3818, 0xe4bdb3},
    {0x4a3f, 0xe4bdb4},
    {0x3819, 0xe4bdb6},
    {0x381a, 0xe4bdba},
    {0x4a45, 0xe4be80},
    {0x381d, 0xe4be81},
    {0x3820, 0xe4be86},
    {0x3821, 0xe4be88},
    {0x4a46, 0xe4be89},
    {0x3824, 0xe4be8d},
    {0x4a47, 0xe4be8e},
    {0x3825, 0xe4be8f},
    {0x4a48, 0xe4be90},
    {0x3826, 0xe4be91},
    {0x4a49, 0xe4be92},
    {0x4a4a, 0xe4be94},
    {0x3827, 0xe4be96},
    {0x4a4b, 0xe4be97},
    {0x3828, 0xe4be98},
    {0x4a4c, 0xe4be9a},
    {0x3829, 0xe4be9b},
    {0x4a4d, 0xe4be9c},
    {0x382a, 0xe4be9d},
    {0x4a4e, 0xe4bea4},
    {0x4a4f, 0xe4beb2},
    {0x4a50, 0xe4beb9},
    {0x4a51, 0xe4bebb},
    {0x382f, 0xe4bebf},
    {0x4a52, 0xe4bf81},
    {0x4a53, 0xe4bf85},
    {0x3835, 0xe4bf8e},
    {0x3836, 0xe4bf91},
    {0x4a58, 0xe4bf92},
    {0x3839, 0xe4bf97},
    {0x383a, 0xe4bf9a},
    {0x4a5b, 0xe4bf9b},
    {0x383b, 0xe4bf9d},
    {0x4a5c, 0xe4bf9e},
    {0x4a5d, 0xe4bfa3},
    {0x4a5e, 0xe4bfb0},
    {0x3841, 0xe4bfb1},
    {0x3842, 0xe4bfb3},
    {0x4a5f, 0xe4bfb4},
    {0x3843, 0xe4bfb5},
    {0x4a60, 0xe4bfb6},
    {0x3844, 0xe4bfb8},
    {0x3845, 0xe4bfba},
    {0x4a61, 0xe4bfbe},
    {0x4a62, 0xe58080},
    {0x3846, 0xe58082},
    {0x4a63, 0xe58085},
    {0x3847, 0xe58086},
    {0x4a64, 0xe58087},
    {0x3848, 0xe58089},
    {0x3849, 0xe5808b},
    {0x384a, 0xe5808d},
    {0x4a65, 0xe5808f},
    {0x384d, 0xe58096},
    {0x4a68, 0xe58098},
    {0x3850, 0xe5809c},
    {0x3853, 0xe580a1},
    {0x4a69, 0xe580a2},
    {0x4a6a, 0xe580a5},
    {0x4a6b, 0xe580a9},
    {0x4a6c, 0xe580ae},
    {0x4a6d, 0xe580b0},
    {0x385d, 0xe580bb},
    {0x385e, 0xe58183},
    {0x4a6e, 0xe58184},
    {0x4a6f, 0xe5818a},
    {0x4a70, 0xe5818e},
    {0x3862, 0xe5818f},
    {0x4a71, 0xe58193},
    {0x3863, 0xe58195},
    {0x4a72, 0xe58196},
    {0x3864, 0xe5819a},
    {0x3865, 0xe5819c},
    {0x4a75, 0xe581a0},
    {0x4a76, 0xe581a2},
    {0x3866, 0xe581a5},
    {0x4a77, 0xe581a6},
    {0x4a78, 0xe581aa},
    {0x4a79, 0xe581b0},
    {0x4a7a, 0xe581b2},
    {0x386a, 0xe581b8},
    {0x386b, 0xe58280},
    {0x4a7b, 0xe58283},
    {0x386c, 0xe58285},
    {0x4a7c, 0xe5828b},
    {0x386d, 0xe5828d},
    {0x386e, 0xe58291},
    {0x4a7d, 0xe58292},
    {0x4a7e, 0xe58294},
    {0x4a7f, 0xe58296},
    {0x4a84, 0xe582a2},
    {0x4a85, 0xe582ae},
    {0x4a86, 0xe582b4},
    {0x3875, 0xe582b5},
    {0x3876, 0xe582b7},
    {0x4a87, 0xe582bd},
    {0x3877, 0xe582be},
    {0x4a88, 0xe582bf},
    {0x4a89, 0xe58382},
    {0x4a8a, 0xe58384},
    {0x3878, 0xe58385},
    {0x387b, 0xe5838f},
    {0x387c, 0xe58391},
    {0x4a8b, 0xe58394},
    {0x387f, 0xe5839a},
    {0x4a8c, 0xe5839b},
    {0x3880, 0xe5839e},
    {0x4a8d, 0xe583a2},
    {0x3881, 0xe583a5},
    {0x4a8e, 0xe583a6},
    {0x3882, 0xe583a7},
    {0x4a8f, 0xe583a9},
    {0x4a90, 0xe583ac},
    {0x3883, 0xe583ad},
    {0x4a91, 0xe583ae},
    {0x4a92, 0xe583b5},
    {0x3884, 0xe583b9},
    {0x3885, 0xe583bb},
    {0x4a93, 0xe583be},
    {0x3886, 0xe583bf},
    {0x3889, 0xe58484},
    {0x388a, 0xe58486},
    {0x4a96, 0xe58487},
    {0x388b, 0xe58489},
    {0x4a97, 0xe5848b},
    {0x4a98, 0xe58490},
    {0x388c, 0xe58492},
    {0x388d, 0xe5849f},
    {0x388e, 0xe584a1},
    {0x4aa1, 0xe584a2},
    {0x4aa4, 0xe584a7},
    {0x388f, 0xe584aa},
    {0x4aa5, 0xe584ab},
    {0x4aa6, 0xe584b1},
    {0x3890, 0xe584b2},
    {0x4aa7, 0xe584b3},
    {0x4aa8, 0xe584b5},
    {0x3891, 0xe584b7},
    {0x3892, 0xe584ba},
    {0x4aab, 0xe584bb},
    {0x3893, 0xe584bc},
    {0x4aac, 0xe584bf},
    {0x4aad, 0xe58590},
    {0x38a1, 0xe58592},
    {0x4ab2, 0xe5859a},
    {0x38a2, 0xe5859c},
    {0x38a3, 0xe585a2},
    {0x38a4, 0xe585a5},
    {0x4ab3, 0xe585af},
    {0x38ad, 0xe585b1},
    {0x4ab4, 0xe585ba},
    {0x38b2, 0xe585bc},
    {0x38b3, 0xe58680},
    {0x4ab5, 0xe58682},
    {0x38b4, 0xe58686},
    {0x4ab6, 0xe58689},
    {0x38b5, 0xe5868a},
    {0x4ab7, 0xe5868c},
    {0x38b6, 0xe5868d},
    {0x4ab8, 0xe5868f},
    {0x4ab9, 0xe58691},
    {0x38b7, 0xe58692},
    {0x4aba, 0xe58693},
    {0x38b8, 0xe58695},
    {0x38b9, 0xe58697},
    {0x4abb, 0xe58698},
    {0x4abc, 0xe5869e},
    {0x38ba, 0xe586a0},
    {0x38bb, 0xe586a5},
    {0x38bc, 0xe586aa},
    {0x38bd, 0xe586ac},
    {0x38c0, 0xe586bd},
    {0x4ac3, 0xe586be},
    {0x38c1, 0xe58784},
    {0x4ac4, 0xe58785},
    {0x38c2, 0xe58786},
    {0x38c3, 0xe58789},
    {0x4ac5, 0xe5878a},
    {0x4ac6, 0xe58792},
    {0x4ac7, 0xe58794},
    {0x4ac8, 0xe58796},
    {0x4ac9, 0xe5879b},
    {0x4aca, 0xe587a0},
    {0x38ca, 0xe587a1},
    {0x4acb, 0xe587a9},
    {0x4acc, 0xe587ad},
    {0x38cd, 0xe587b6},
    {0x38d1, 0xe587bd},
    {0x38d2, 0xe58880},
    {0x4acf, 0xe58881},
    {0x38d3, 0xe58883},
    {0x38d7, 0xe5888a},
    {0x38d8, 0xe5888e},
    {0x38d9, 0xe58891},
    {0x4ad0, 0xe58893},
    {0x4ad1, 0xe58896},
    {0x38da, 0xe58897},
    {0x38db, 0xe5889d},
    {0x38e0, 0xe588ae},
    {0x38e1, 0xe588b0},
    {0x38e8, 0xe58983},
    {0x4ad7, 0xe58984},
    {0x4ad8, 0xe58986},
    {0x38e9, 0xe58987},
    {0x4ad9, 0xe58989},
    {0x38ee, 0xe58994},
    {0x4ada, 0xe58995},
    {0x38ef, 0xe58996},
    {0x4adb, 0xe58997},
    {0x4adc, 0xe5899a},
    {0x38f0, 0xe5899b},
    {0x38f1, 0xe5899d},
    {0x38f2, 0xe589a1},
    {0x38f5, 0xe589af},
    {0x38f6, 0xe589b2},
    {0x4adf, 0xe589b4},
    {0x38f7, 0xe589b5},
    {0x4ae0, 0xe589b7},
    {0x4ae1, 0xe589ba},
    {0x38f8, 0xe589bd},
    {0x38f9, 0xe589bf},
    {0x4ae2, 0xe58a82},
    {0x38fa, 0xe58a83},
    {0x38fe, 0xe58a8d},
    {0x4ae3, 0xe58a93},
    {0x3901, 0xe58a9b},
    {0x4ae6, 0xe58aa7},
    {0x4aea, 0xe58ab9},
    {0x3909, 0xe58abe},
    {0x390a, 0xe58b81},
    {0x390b, 0xe58b83},
    {0x390c, 0xe58b85},
    {0x390d, 0xe58b87},
    {0x390e, 0xe58b89},
    {0x4aeb, 0xe58b8c},
    {0x390f, 0xe58b8d},
    {0x3910, 0xe58b92},
    {0x3915, 0xe58b9b},
    {0x4aee, 0xe58ba6},
    {0x4aef, 0xe58bad},
    {0x4af0, 0xe58bb2},
    {0x391c, 0xe58bb3},
    {0x391d, 0xe58bb5},
    {0x391e, 0xe58bb8},
    {0x3923, 0xe58c85},
    {0x3924, 0xe58c88},
    {0x4af5, 0xe58c8a},
    {0x4af6, 0xe58c8c},
    {0x3925, 0xe58c8d},
    {0x392b, 0xe58c99},
    {0x392e, 0xe58ca3},
    {0x4af7, 0xe58ca7},
    {0x392f, 0xe58caa},
    {0x3930, 0xe58caf},
    {0x4af8, 0xe58cb1},
    {0x4af9, 0xe58cb6},
    {0x4afa, 0xe58cb8},
    {0x3931, 0xe58cb9},
    {0x3932, 0xe58cbf},
    {0x4afd, 0xe58d85},
    {0x393b, 0xe58d8d},
    {0x3940, 0xe58d97},
    {0x3941, 0xe58d9a},
    {0x3942, 0xe58d9c},
    {0x3943, 0xe58d9e},
    {0x3944, 0xe58da0},
    {0x4afe, 0xe58da1},
    {0x3945, 0xe58da6},
    {0x3946, 0xe58da8},
    {0x4aff, 0xe58daa},
    {0x4b00, 0xe58dac},
    {0x4b01, 0xe58dae},
    {0x394c, 0xe58db7},
    {0x394d, 0xe58dbd},
    {0x4b08, 0xe58dbe},
    {0x394e, 0xe58dbf},
    {0x4b09, 0xe58e81},
    {0x394f, 0xe58e84},
    {0x4b0a, 0xe58e8e},
    {0x4b0b, 0xe58e91},
    {0x3950, 0xe58e93},
    {0x4b0c, 0xe58e96},
    {0x3951, 0xe58e98},
    {0x3952, 0xe58e9a},
    {0x4b0d, 0xe58e9d},
    {0x4b0e, 0xe58eaa},
    {0x3957, 0xe58ead},
    {0x4b0f, 0xe58eae},
    {0x4b12, 0xe58eb9},
    {0x3958, 0xe58ebb},
    {0x4b13, 0xe58ebc},
    {0x3959, 0xe58f83},
    {0x4b14, 0xe58f85},
    {0x4b15, 0xe58f8c},
    {0x395e, 0xe58f8d},
    {0x395f, 0xe58f94},
    {0x4b16, 0xe58f99},
    {0x3962, 0xe58f9b},
    {0x4b17, 0xe58f9f},
    {0x4b18, 0xe58fa6},
    {0x4b19, 0xe58fa8},
    {0x4b1a, 0xe58fae},
    {0x3972, 0xe58fb8},
    {0x4b1f, 0xe59081},
    {0x4b20, 0xe5908b},
    {0x397e, 0xe5909b},
    {0x397f, 0xe5909d},
    {0x3982, 0xe590a6},
    {0x3983, 0xe590a9},
    {0x3984, 0xe590ab},
    {0x4b21, 0xe590ac},
    {0x4b22, 0xe590ae},
    {0x4b23, 0xe590b1},
    {0x3985, 0xe590b3},
    {0x4b24, 0xe590b6},
    {0x4b25, 0xe590bd},
    {0x398a, 0xe590be},
    {0x4b26, 0xe59180},
    {0x398b, 0xe59182},
    {0x4b27, 0xe59186},
    {0x398c, 0xe59188},
    {0x398d, 0xe5918a},
    {0x4b28, 0xe5918e},
    {0x398e, 0xe59191},
    {0x4b29, 0xe5919d},
    {0x4b2a, 0xe5919f},
    {0x4b2b, 0xe591a2},
    {0x4b2c, 0xe591a4},
    {0x4b2d, 0xe591a6},
    {0x398f, 0xe591a8},
    {0x3990, 0xe591aa},
    {0x4b2e, 0xe591ab},
    {0x4b2f, 0xe591b0},
    {0x3991, 0xe591b1},
    {0x3992, 0xe591b3},
    {0x3993, 0xe591b5},
    {0x4b30, 0xe591b6},
    {0x4b31, 0xe591bf},
    {0x3997, 0xe59280},
    {0x4b32, 0xe59284},
    {0x3998, 0xe59286},
    {0x4b33, 0xe59287},
    {0x4b34, 0xe5928b},
    {0x3999, 0xe5928c},
    {0x4b35, 0xe5928d},
    {0x399a, 0xe5928e},
    {0x4b36, 0xe5928f},
    {0x399b, 0xe59290},
    {0x4b37, 0xe59296},
    {0x4b38, 0xe592a0},
    {0x4b39, 0xe592a2},
    {0x399c, 0xe592a4},
    {0x4b3a, 0xe592a5},
    {0x399d, 0xe592a8},
    {0x4b3b, 0xe592af},
    {0x4b3c, 0xe592b2},
    {0x39a0, 0xe592b3},
    {0x39a1, 0xe592b8},
    {0x39a2, 0xe592bd},
    {0x4b3f, 0xe592bf},
    {0x39a5, 0xe59384},
    {0x4b44, 0xe5939b},
    {0x39a8, 0xe593a1},
    {0x39a9, 0xe593a5},
    {0x4b45, 0xe593a6},
    {0x39aa, 0xe593a8},
    {0x4b46, 0xe593a9},
    {0x4b47, 0xe593b1},
    {0x39ad, 0xe593b2},
    {0x39ae, 0xe593ba},
    {0x4b48, 0xe593bd},
    {0x4b49, 0xe593bf},
    {0x39af, 0xe59484},
    {0x4b4a, 0xe59489},
    {0x39b2, 0xe5948e},
    {0x4b4b, 0xe5948f},
    {0x39b3, 0xe59490},
    {0x4b4c, 0xe59494},
    {0x39b4, 0xe5949c},
    {0x4b4d, 0xe5949f},
    {0x4b4e, 0xe594ab},
    {0x4b4f, 0xe594ae},
    {0x39b5, 0xe594af},
    {0x39b6, 0xe594b1},
    {0x4b50, 0xe594b3},
    {0x39b7, 0xe594b5},
    {0x4b51, 0xe594b9},
    {0x4b52, 0xe594bc},
    {0x39b8, 0xe594be},
    {0x4b53, 0xe59580},
    {0x4b54, 0xe59582},
    {0x39b9, 0xe59584},
    {0x39ba, 0xe59586},
    {0x4b55, 0xe5958a},
    {0x39bb, 0xe5958f},
    {0x39bc, 0xe59593},
    {0x39bd, 0xe59596},
    {0x4b56, 0xe59597},
    {0x4b57, 0xe5959c},
    {0x39be, 0xe5959e},
    {0x39bf, 0xe595a3},
    {0x4b58, 0xe595bb},
    {0x39c0, 0xe595bc},
    {0x39c1, 0xe59680},
    {0x39c2, 0xe59684},
    {0x4b5f, 0xe5968b},
    {0x4b60, 0xe59691},
    {0x39cc, 0xe596a7},
    {0x4b67, 0xe596a8},
    {0x39d1, 0xe596ae},
    {0x4b68, 0xe596b0},
    {0x4b69, 0xe596b8},
    {0x4b6a, 0xe59783},
    {0x39d2, 0xe59785},
    {0x39d3, 0xe59787},
    {0x4b6b, 0xe59789},
    {0x4b6c, 0xe59791},
    {0x39d4, 0xe59794},
    {0x39d5, 0xe5979a},
    {0x4b6d, 0xe5979b},
    {0x39d6, 0xe5979c},
    {0x39d7, 0xe5979f},
    {0x4b6e, 0xe597a0},
    {0x4b6f, 0xe597a2},
    {0x4b70, 0xe597ad},
    {0x4b71, 0xe597b7},
    {0x4b72, 0xe597bf},
    {0x4b73, 0xe59884},
    {0x39dc, 0xe59886},
    {0x4b74, 0xe59888},
    {0x39dd, 0xe59889},
    {0x4b7a, 0xe59892},
    {0x39de, 0xe59894},
    {0x4b7b, 0xe59896},
    {0x39df, 0xe59897},
    {0x4b7c, 0xe598a9},
    {0x4b7d, 0xe598ac},
    {0x39e0, 0xe598af},
    {0x39e1, 0xe598b2},
    {0x39e2, 0xe598b4},
    {0x39e3, 0xe598b6},
    {0x4b81, 0xe598bb},
    {0x4b82, 0xe598bf},
    {0x4b85, 0xe59989},
    {0x4b86, 0xe5998b},
    {0x39e4, 0xe59993},
    {0x4b8a, 0xe59995},
    {0x39e5, 0xe599a8},
    {0x39e6, 0xe599ab},
    {0x4b91, 0xe599af},
    {0x4b92, 0xe599b2},
    {0x39e7, 0xe599b4},
    {0x4b93, 0xe599b6},
    {0x4b94, 0xe599b8},
    {0x4b95, 0xe599ba},
    {0x4b96, 0xe59a80},
    {0x4b97, 0xe59a84},
    {0x39e8, 0xe59a86},
    {0x4b98, 0xe59a87},
    {0x4b99, 0xe59a8f},
    {0x39e9, 0xe59aa5},
    {0x4b9c, 0xe59aa7},
    {0x39ea, 0xe59aac},
    {0x39eb, 0xe59aae},
    {0x4b9d, 0xe59ab3},
    {0x39ec, 0xe59ab4},
    {0x4b9e, 0xe59ab6},
    {0x39ed, 0xe59abc},
    {0x39ee, 0xe59b8a},
    {0x39ef, 0xe59b8d},
    {0x39f0, 0xe59b91},
    {0x4ba5, 0xe59b95},
    {0x39f3, 0xe59b9e},
    {0x4ba6, 0xe59b9f},
    {0x39f4, 0xe59ba0},
    {0x4ba9, 0xe59bab},
    {0x4baa, 0xe59bae},
    {0x39f5, 0xe59bb0},
    {0x4bab, 0xe59bb7},
    {0x4bac, 0xe59bbd},
    {0x4bad, 0xe59bbf},
    {0x4bb0, 0xe59c87},
    {0x39fa, 0xe59c88},
    {0x39fb, 0xe59c8b},
    {0x39fc, 0xe59c8d},
    {0x39ff, 0xe59c96},
    {0x3a00, 0xe59c98},
    {0x4bb3, 0xe59c9c},
    {0x3a01, 0xe59c9f},
    {0x4bb4, 0xe59ca5},
    {0x3a02, 0xe59ca8},
    {0x4bb7, 0xe59cac},
    {0x3a03, 0xe59cad},
    {0x4bb8, 0xe59cae},
    {0x3a04, 0xe59cb0},
    {0x3a05, 0xe59cbb},
    {0x4bb9, 0xe59cbe},
    {0x3a06, 0xe59d80},
    {0x4bba, 0xe59d81},
    {0x3a07, 0xe59d82},
    {0x3a08, 0xe59d87},
    {0x3a09, 0xe59d8a},
    {0x4bbb, 0xe59d8c},
    {0x4bbc, 0xe59d8f},
    {0x3a0e, 0xe59da1},
    {0x3a0f, 0xe59da4},
    {0x3a10, 0xe59da6},
    {0x3a11, 0xe59daa},
    {0x3a12, 0xe59dae},
    {0x4bc0, 0xe59daf},
    {0x3a13, 0xe59db0},
    {0x4bc1, 0xe59db1},
    {0x4bc2, 0xe59db3},
    {0x3a14, 0xe59db5},
    {0x4bc5, 0xe59dbb},
    {0x3a15, 0xe59dbc},
    {0x3a16, 0xe59e82},
    {0x3a17, 0xe59e88},
    {0x3a18, 0xe59e8b},
    {0x4bc6, 0xe59e8c},
    {0x3a19, 0xe59e93},
    {0x4bc7, 0xe59e95},
    {0x4bc8, 0xe59e9e},
    {0x3a1a, 0xe59ea0},
    {0x4bc9, 0xe59ea4},
    {0x4bca, 0xe59eb8},
    {0x4bcb, 0xe59ebd},
    {0x3a1d, 0xe59f83},
    {0x4bcc, 0xe59f86},
    {0x4bcd, 0xe59f89},
    {0x3a20, 0xe59f8b},
    {0x3a21, 0xe59f8e},
    {0x4bce, 0xe59f8f},
    {0x4bd1, 0xe59f9c},
    {0x4bd2, 0xe59fa4},
    {0x4bd3, 0xe59fa9},
    {0x3a24, 0xe59fb0},
    {0x4bd6, 0xe59fb3},
    {0x3a25, 0xe59fb4},
    {0x4bd7, 0xe59fb6},
    {0x3a26, 0xe59fb7},
    {0x4bd8, 0xe59fbb},
    {0x3a29, 0xe59fbc},
    {0x4bd9, 0xe59fbd},
    {0x3a2a, 0xe5a080},
    {0x3a2b, 0xe5a082},
    {0x4bdc, 0xe5a08b},
    {0x4bdd, 0xe5a097},
    {0x4bde, 0xe5a099},
    {0x4bdf, 0xe5a09d},
    {0x3a31, 0xe5a09e},
    {0x4be0, 0xe5a0a0},
    {0x3a32, 0xe5a0a1},
    {0x4be1, 0xe5a0a3},
    {0x3a33, 0xe5a0a4},
    {0x4be2, 0xe5a0a6},
    {0x3a34, 0xe5a0a7},
    {0x3a35, 0xe5a0aa},
    {0x4be3, 0xe5a0ad},
    {0x3a3b, 0xe5a0ba},
    {0x4be4, 0xe5a180},
    {0x4be5, 0xe5a189},
    {0x3a3e, 0xe5a18f},
    {0x4be8, 0xe5a190},
    {0x3a3f, 0xe5a191},
    {0x4be9, 0xe5a192},
    {0x3a40, 0xe5a194},
    {0x4bea, 0xe5a199},
    {0x3a43, 0xe5a19a},
    {0x3a44, 0xe5a19e},
    {0x3a47, 0xe5a1a4},
    {0x4beb, 0xe5a1a9},
    {0x3a48, 0xe5a1b5},
    {0x3a49, 0xe5a1b9},
    {0x3a4a, 0xe5a1bc},
    {0x4bec, 0xe5a1bd},
    {0x3a4b, 0xe5a1be},
    {0x3a4c, 0xe5a283},
    {0x3a4d, 0xe5a285},
    {0x3a4e, 0xe5a289},
    {0x4bef, 0xe5a28a},
    {0x4bf2, 0xe5a290},
    {0x3a4f, 0xe5a293},
    {0x3a50, 0xe5a29c},
    {0x4bf3, 0xe5a29d},
    {0x4bf4, 0xe5a2a1},
    {0x4bf5, 0xe5a2a3},
    {0x4bf6, 0xe5a2ab},
    {0x3a55, 0xe5a2ae},
    {0x3a56, 0xe5a2b3},
    {0x3a59, 0xe5a2be},
    {0x3a5a, 0xe5a381},
    {0x4bf9, 0xe5a383},
    {0x3a5b, 0xe5a385},
    {0x3a5c, 0xe5a387},
    {0x3a5d, 0xe5a38e},
    {0x3a5e, 0xe5a391},
    {0x3a5f, 0xe5a393},
    {0x4bfa, 0xe5a394},
    {0x3a60, 0xe5a395},
    {0x4bfb, 0xe5a39a},
    {0x4bfe, 0xe5a3a1},
    {0x3a65, 0xe5a3a4},
    {0x3a68, 0xe5a3af},
    {0x3a6c, 0xe5a3bd},
    {0x4c01, 0xe5a486},
    {0x4c02, 0xe5a488},
    {0x3a6d, 0xe5a48f},
    {0x4c03, 0xe5a490},
    {0x4c04, 0xe5a49b},
    {0x3a73, 0xe5a49c},
    {0x4c05, 0xe5a49e},
    {0x3a74, 0xe5a4a2},
    {0x3a75, 0xe5a4a7},
    {0x4c08, 0xe5a4ac},
    {0x4c09, 0xe5a4af},
    {0x3a7b, 0xe5a4b1},
    {0x4c0a, 0xe5a4b2},
    {0x3a7c, 0xe5a4b7},
    {0x4c0b, 0xe5a4b8},
    {0x4c0c, 0xe5a4bb},
    {0x4c0d, 0xe5a4bd},
    {0x3a7d, 0xe5a4be},
    {0x3a7e, 0xe5a584},
    {0x4c0e, 0xe5a58c},
    {0x4c0f, 0xe5a593},
    {0x3a88, 0xe5a597},
    {0x4c10, 0xe5a598},
    {0x3a89, 0xe5a59a},
    {0x4c11, 0xe5a59c},
    {0x3a8a, 0xe5a5a0},
    {0x3a8b, 0xe5a5a2},
    {0x3a8c, 0xe5a5a7},
    {0x4c12, 0xe5a5a9},
    {0x4c13, 0xe5a5b2},
    {0x4c14, 0xe5a5b6},
    {0x3a94, 0xe5a5b8},
    {0x3a95, 0xe5a5bd},
    {0x3a99, 0xe5a68a},
    {0x3a9a, 0xe5a693},
    {0x3a9d, 0xe5a699},
    {0x4c19, 0xe5a69d},
    {0x3a9e, 0xe5a6a5},
    {0x4c1c, 0xe5a6a7},
    {0x3a9f, 0xe5a6a8},
    {0x3aa0, 0xe5a6ac},
    {0x4c1d, 0xe5a6af},
    {0x4c1e, 0xe5a6b2},
    {0x4c21, 0xe5a6b8},
    {0x3aa1, 0xe5a6b9},
    {0x3aa2, 0xe5a6bb},
    {0x3aa3, 0xe5a6be},
    {0x4c22, 0xe5a6bf},
    {0x4c23, 0xe5a781},
    {0x3aa4, 0xe5a783},
    {0x3aa5, 0xe5a786},
    {0x4c24, 0xe5a788},
    {0x3aa6, 0xe5a789},
    {0x4c25, 0xe5a78a},
    {0x3aa7, 0xe5a78b},
    {0x4c26, 0xe5a78d},
    {0x4c27, 0xe5a792},
    {0x4c28, 0xe5a79e},
    {0x3ab0, 0xe5a7a6},
    {0x3ab1, 0xe5a7a8},
    {0x3ab2, 0xe5a7aa},
    {0x4c2d, 0xe5a7ab},
    {0x3ab3, 0xe5a7ac},
    {0x3ab4, 0xe5a7ae},
    {0x4c2e, 0xe5a7b0},
    {0x4c2f, 0xe5a7b2},
    {0x4c30, 0xe5a7b7},
    {0x3ab5, 0xe5a7b8},
    {0x3ab6, 0xe5a7bb},
    {0x4c33, 0xe5a7bc},
    {0x3ab7, 0xe5a7bf},
    {0x3ab8, 0xe5a881},
    {0x3ab9, 0xe5a883},
    {0x4c36, 0xe5a88d},
    {0x3aba, 0xe5a891},
    {0x4c37, 0xe5a893},
    {0x3abb, 0xe5a898},
    {0x4c3a, 0xe5a8a3},
    {0x3ac0, 0xe5a8a5},
    {0x4c3b, 0xe5a8a7},
    {0x3ac1, 0xe5a8a9},
    {0x4c3c, 0xe5a8ab},
    {0x4c3d, 0xe5a8ad},
    {0x4c3e, 0xe5a8b5},
    {0x3ac2, 0xe5a8b6},
    {0x3ac3, 0xe5a8bc},
    {0x4c3f, 0xe5a8bf},
    {0x4c40, 0xe5a980},
    {0x3ac4, 0xe5a981},
    {0x3ac5, 0xe5a986},
    {0x4c41, 0xe5a987},
    {0x3ac6, 0xe5a989},
    {0x3ac7, 0xe5a99a},
    {0x4c46, 0xe5a9a0},
    {0x3ac8, 0xe5a9a2},
    {0x4c47, 0xe5a9a3},
    {0x3ac9, 0xe5a9a6},
    {0x4c48, 0xe5a9a7},
    {0x4c4b, 0xe5a9ad},
    {0x4c4c, 0xe5a9b2},
    {0x4c4d, 0xe5a9b7},
    {0x4c4e, 0xe5a9bf},
    {0x4c4f, 0xe5aa84},
    {0x4c50, 0xe5aa8d},
    {0x4c51, 0xe5aa90},
    {0x3aca, 0xe5aa92},
    {0x4c52, 0xe5aa93},
    {0x4c53, 0xe5aa95},
    {0x4c56, 0xe5aaa2},
    {0x3acd, 0xe5aaa4},
    {0x4c57, 0xe5aaa7},
    {0x4c58, 0xe5aaaa},
    {0x4c59, 0xe5aab3},
    {0x4c5a, 0xe5aab5},
    {0x3ad0, 0xe5ab84},
    {0x4c61, 0xe5ab88},
    {0x3ad1, 0xe5ab89},
    {0x4c62, 0xe5ab8b},
    {0x3ad2, 0xe5ab8c},
    {0x4c69, 0xe5ab9d},
    {0x4c6a, 0xe5aba0},
    {0x3ad3, 0xe5aba1},
    {0x3ad4, 0xe5aba6},
    {0x3ad5, 0xe5aba9},
    {0x4c6f, 0xe5abab},
    {0x4c73, 0xe5abb6},
    {0x4c76, 0xe5abbd},
    {0x4c77, 0xe5ac80},
    {0x3ad6, 0xe5ac85},
    {0x4c78, 0xe5ac88},
    {0x3ad7, 0xe5ac89},
    {0x3ada, 0xe5ac96},
    {0x4c79, 0xe5ac99},
    {0x4c7a, 0xe5ac9b},
    {0x4c7b, 0xe5aca5},
    {0x4c7c, 0xe5aca8},
    {0x3adb, 0xe5acaa},
    {0x4c7d, 0xe5acad},
    {0x4c7e, 0xe5acb0},
    {0x4c7f, 0xe5acb2},
    {0x4c80, 0xe5acb4},
    {0x3adc, 0xe5ad80},
    {0x3add, 0xe5ad83},
    {0x4c83, 0xe5ad85},
    {0x4c84, 0xe5ad8c},
    {0x4c85, 0xe5ad96},
    {0x3ae4, 0xe5ad9a},
    {0x4c86, 0xe5ad9b},
    {0x3ae7, 0xe5ad9f},
    {0x4c87, 0xe5ada1},
    {0x3aea, 0xe5ada9},
    {0x3aeb, 0xe5adab},
    {0x3aee, 0xe5adb5},
    {0x4c8a, 0xe5adb6},
    {0x3aef, 0xe5adb8},
    {0x3af0, 0xe5adba},
    {0x3af1, 0xe5adbc},
    {0x4c8b, 0xe5adbf},
    {0x3af2, 0xe5ae85},
    {0x4c8e, 0xe5ae8a},
    {0x3af8, 0xe5ae8f},
    {0x3af9, 0xe5ae93},
    {0x4c8f, 0xe5ae9d},
    {0x4c90, 0xe5ae9f},
    {0x3b07, 0xe5aeac},
    {0x3b08, 0xe5aeae},
    {0x3b09, 0xe5aeb0},
    {0x3b10, 0xe5aebf},
    {0x3b11, 0xe5af80},
    {0x3b18, 0xe5af8c},
    {0x3b19, 0xe5af90},
    {0x4c91, 0xe5af96},
    {0x3b1d, 0xe5af97},
    {0x4c92, 0xe5af98},
    {0x4c93, 0xe5af9b},
    {0x4c94, 0xe5afad},
    {0x4c95, 0xe5afb0},
    {0x3b2e, 0xe5afb8},
    {0x3b2f, 0xe5afba},
    {0x4c96, 0xe5afbf},
    {0x3b30, 0xe5b081},
    {0x3b31, 0xe5b084},
    {0x4c99, 0xe5b08c},
    {0x3b3a, 0xe5b091},
    {0x4c9a, 0xe5b094},
    {0x3b3b, 0xe5b096},
    {0x3b3c, 0xe5b099},
    {0x3b3d, 0xe5b0a4},
    {0x3b3e, 0xe5b0a8},
    {0x4c9d, 0xe5b0ab},
    {0x3b3f, 0xe5b0b1},
    {0x4c9e, 0xe5b0bd},
    {0x3b47, 0xe5b180},
    {0x4c9f, 0xe5b181},
    {0x4ca0, 0xe5b187},
    {0x3b4a, 0xe5b188},
    {0x3b4b, 0xe5b18b},
    {0x4ca1, 0xe5b190},
    {0x3b4e, 0xe5b191},
    {0x3b4f, 0xe5b195},
    {0x3b50, 0xe5b19b},
    {0x3b51, 0xe5b1a0},
    {0x3b52, 0xe5b1a2},
    {0x4ca2, 0xe5b1a8},
    {0x3b55, 0xe5b1ac},
    {0x3b56, 0xe5b1af},
    {0x3b57, 0xe5b1b1},
    {0x4ca3, 0xe5b1b3},
    {0x3b58, 0xe5b1b9},
    {0x4ca4, 0xe5b1ba},
    {0x4ca5, 0xe5b288},
    {0x4ca6, 0xe5b28a},
    {0x4ca7, 0xe5b28c},
    {0x4ca8, 0xe5b28f},
    {0x4ca9, 0xe5b292},
    {0x4caa, 0xe5b294},
    {0x4cab, 0xe5b29d},
    {0x3b5b, 0xe5b2a1},
    {0x4cac, 0xe5b2a3},
    {0x3b5c, 0xe5b2a9},
    {0x4cb1, 0xe5b2aa},
    {0x4cb2, 0xe5b2ad},
    {0x3b5f, 0xe5b2b1},
    {0x3b60, 0xe5b2b3},
    {0x3b61, 0xe5b2b5},
    {0x3b64, 0xe5b2ba},
    {0x3b65, 0xe5b2be},
    {0x3b66, 0xe5b380},
    {0x4cb3, 0xe5b38b},
    {0x4cb4, 0xe5b392},
    {0x3b67, 0xe5b399},
    {0x3b68, 0xe5b3a0},
    {0x3b69, 0xe5b3a8},
    {0x4cb5, 0xe5b3a9},
    {0x4cb6, 0xe5b3ad},
    {0x4cb7, 0xe5b3b1},
    {0x3b6c, 0xe5b3b4},
    {0x3b6d, 0xe5b3b6},
    {0x3b6e, 0xe5b3bb},
    {0x3b6f, 0xe5b3bd},
    {0x4cb8, 0xe5b486},
    {0x3b70, 0xe5b487},
    {0x4cb9, 0xe5b490},
    {0x3b73, 0xe5b491},
    {0x3b74, 0xe5b494},
    {0x4cba, 0xe5b495},
    {0x4cbb, 0xe5b498},
    {0x3b77, 0xe5b499},
    {0x4cbc, 0xe5b49b},
    {0x4cbd, 0xe5b49f},
    {0x4cbe, 0xe5b4a2},
    {0x4cbf, 0xe5b4a4},
    {0x4cc0, 0xe5b4a6},
    {0x3b78, 0xe5b4a7},
    {0x3b79, 0xe5b4a9},
    {0x4cc1, 0xe5b4b4},
    {0x4cc2, 0xe5b4bd},
    {0x4cc5, 0xe5b584},
    {0x4cc6, 0xe5b58e},
    {0x3b7c, 0xe5b590},
    {0x3b7d, 0xe5b5a9},
    {0x3b7e, 0xe5b5ac},
    {0x3b7f, 0xe5b5af},
    {0x4cc9, 0xe5b5b1},
    {0x4ccc, 0xe5b684},
    {0x4ccd, 0xe5b686},
    {0x3b80, 0xe5b687},
    {0x3b81, 0xe5b68b},
    {0x4cce, 0xe5b692},
    {0x4cd1, 0xe5b699},
    {0x3b82, 0xe5b69d},
    {0x3b83, 0xe5b6a0},
    {0x3b84, 0xe5b6a2},
    {0x4cd2, 0xe5b6a7},
    {0x3b85, 0xe5b6aa},
    {0x4cd3, 0xe5b6ab},
    {0x4cd4, 0xe5b6ae},
    {0x4cd5, 0xe5b6b0},
    {0x4cd6, 0xe5b6b7},
    {0x3b86, 0xe5b6b8},
    {0x3b87, 0xe5b6ba},
    {0x4cd7, 0xe5b6be},
    {0x4cd8, 0xe5b789},
    {0x4cd9, 0xe5b78b},
    {0x3b8a, 0xe5b78d},
    {0x4cda, 0xe5b791},
    {0x3b8b, 0xe5b792},
    {0x4cdb, 0xe5b793},
    {0x3b8c, 0xe5b796},
    {0x4cdc, 0xe5b79a},
    {0x4cdd, 0xe5b7a0},
    {0x4cde, 0xe5b7aa},
    {0x3b95, 0xe5b7ab},
    {0x3b96, 0xe5b7ae},
    {0x4ce1, 0xe5b7b5},
    {0x3b9b, 0xe5b7b7},
    {0x4ce4, 0xe5b7bc},
    {0x3ba0, 0xe5b886},
    {0x4ce5, 0xe5b889},
    {0x3ba1, 0xe5b88c},
    {0x3ba2, 0xe5b891},
    {0x4ce6, 0xe5b895},
    {0x3ba3, 0xe5b896},
    {0x3ba4, 0xe5b899},
    {0x4ce7, 0xe5b89a},
    {0x3ba5, 0xe5b89b},
    {0x3ba6, 0xe5b89d},
    {0x4ce8, 0xe5b8a0},
    {0x3ba7, 0xe5b8a5},
    {0x4ce9, 0xe5b8a8},
    {0x3ba8, 0xe5b8ab},
    {0x3ba9, 0xe5b8ad},
    {0x3baa, 0xe5b8b3},
    {0x3bab, 0xe5b8b6},
    {0x4cea, 0xe5b8b7},
    {0x3bac, 0xe5b8b8},
    {0x3bad, 0xe5b8bd},
    {0x3bae, 0xe5b8bf},
    {0x3baf, 0xe5b980},
    {0x4ceb, 0xe5b983},
    {0x3bb2, 0xe5b987},
    {0x3bb3, 0xe5b98c},
    {0x4cec, 0xe5b98e},
    {0x4ced, 0xe5b994},
    {0x3bb4, 0xe5b995},
    {0x4cee, 0xe5b998},
    {0x4cef, 0xe5b99e},
    {0x3bb5, 0xe5b99f},
    {0x4cf0, 0xe5b9a8},
    {0x4cf6, 0xe5b9b6},
    {0x4cf7, 0xe5b9ba},
    {0x4cf8, 0xe5b9bf},
    {0x4cf9, 0xe5ba80},
    {0x4cfa, 0xe5ba83},
    {0x3bc3, 0xe5ba84},
    {0x3bc4, 0xe5ba87},
    {0x3bc5, 0xe5ba8a},
    {0x4cfb, 0xe5ba8b},
    {0x3bc6, 0xe5ba8f},
    {0x3bc7, 0xe5ba95},
    {0x4cfc, 0xe5ba96},
    {0x3bc8, 0xe5ba97},
    {0x3bc9, 0xe5ba9a},
    {0x3bca, 0xe5ba9c},
    {0x3bcb, 0xe5baa0},
    {0x4cfd, 0xe5baa5},
    {0x4cfe, 0xe5baa8},
    {0x3bce, 0xe5baab},
    {0x3bcf, 0xe5baad},
    {0x4cff, 0xe5bab3},
    {0x4d00, 0xe5babd},
    {0x3bd4, 0xe5babe},
    {0x4d01, 0xe5bb81},
    {0x3bd5, 0xe5bb82},
    {0x4d02, 0xe5bb8b},
    {0x4d03, 0xe5bb8f},
    {0x3bd9, 0xe5bb90},
    {0x4d04, 0xe5bb91},
    {0x3bda, 0xe5bb93},
    {0x4d05, 0xe5bb95},
    {0x3bdb, 0xe5bb96},
    {0x4d06, 0xe5bb99},
    {0x4d09, 0xe5bba1},
    {0x3be2, 0xe5bbac},
    {0x4d0f, 0xe5bbb1},
    {0x3be3, 0xe5bbb3},
    {0x4d10, 0xe5bbbf},
    {0x3be8, 0xe5bc81},
    {0x4d11, 0xe5bc83},
    {0x3be9, 0xe5bc84},
    {0x3bea, 0xe5bc8a},
    {0x4d14, 0xe5bc8b},
    {0x3beb, 0xe5bc8f},
    {0x3bec, 0xe5bc91},
    {0x4d15, 0xe5bc92},
    {0x3bf2, 0xe5bc9b},
    {0x3bf3, 0xe5bc9f},
    {0x4d16, 0xe5bca2},
    {0x4d17, 0xe5bca5},
    {0x3bf6, 0xe5bca9},
    {0x4d18, 0xe5bcad},
    {0x3bf7, 0xe5bcb1},
    {0x4d19, 0xe5bcb4},
    {0x3bf8, 0xe5bcb5},
    {0x4d1a, 0xe5bcb7},
    {0x3bf9, 0xe5bcba},
    {0x3bfa, 0xe5bcbc},
    {0x4d1b, 0xe5bd80},
    {0x4d1c, 0xe5bd86},
    {0x3bfb, 0xe5bd88},
    {0x3bfc, 0xe5bd8a},
    {0x3bfd, 0xe5bd8c},
    {0x3bfe, 0xe5bd8e},
    {0x4d1d, 0xe5bd94},
    {0x4d1e, 0xe5bd98},
    {0x3c01, 0xe5bd99},
    {0x3c02, 0xe5bd9b},
    {0x4d1f, 0xe5bd9d},
    {0x3c03, 0xe5bda2},
    {0x3c0d, 0xe5bdb7},
    {0x3c0e, 0xe5bdb9},
    {0x3c0f, 0xe5bdbc},
    {0x3c10, 0xe5bdbf},
    {0x4d22, 0xe5be82},
    {0x3c13, 0xe5be85},
    {0x3c14, 0xe5be87},
    {0x4d25, 0xe5be9c},
    {0x3c1e, 0xe5be9e},
    {0x4d26, 0xe5bea3},
    {0x4d27, 0xe5bea7},
    {0x3c24, 0xe5beae},
    {0x4d2a, 0xe5beaf},
    {0x4d2b, 0xe5beb3},
    {0x3c25, 0xe5beb5},
    {0x3c26, 0xe5beb7},
    {0x3c27, 0xe5beb9},
    {0x4d2c, 0xe5bebc},
    {0x3c28, 0xe5bebd},
    {0x3c29, 0xe5bf83},
    {0x3c2a, 0xe5bf85},
    {0x4d2f, 0xe5bf8e},
    {0x4d30, 0xe5bf90},
    {0x4d33, 0xe5bf95},
    {0x3c31, 0xe5bfa0},
    {0x4d37, 0xe5bfa1},
    {0x4d38, 0xe5bfa4},
    {0x4d39, 0xe5bfa8},
    {0x3c32, 0xe5bfab},
    {0x4d3d, 0xe5bfb1},
    {0x3c33, 0xe5bfb5},
    {0x4d3e, 0xe5bfb8},
    {0x3c34, 0xe5bfbd},
    {0x3c35, 0xe5bfbf},
    {0x4d41, 0xe6808a},
    {0x4d42, 0xe6808d},
    {0x3c36, 0xe6808f},
    {0x3c37, 0xe68092},
    {0x3c38, 0xe68096},
    {0x4d45, 0xe68097},
    {0x4d46, 0xe68099},
    {0x4d47, 0xe6809b},
    {0x3c3d, 0xe680a5},
    {0x4d48, 0xe680a6},
    {0x4d49, 0xe680a9},
    {0x3c40, 0xe680aa},
    {0x3c41, 0xe680af},
    {0x4d4a, 0xe680b0},
    {0x4d4b, 0xe680b3},
    {0x4d4c, 0xe680be},
    {0x4d50, 0xe6818a},
    {0x3c45, 0xe6818d},
    {0x3c46, 0xe68190},
    {0x3c47, 0xe68192},
    {0x3c48, 0xe68195},
    {0x3c49, 0xe68199},
    {0x4d51, 0xe6819a},
    {0x3c4a, 0xe6819d},
    {0x4d54, 0xe681ab},
    {0x4d55, 0xe681b5},
    {0x4d56, 0xe68281},
    {0x3c56, 0xe68285},
    {0x4d59, 0xe68286},
    {0x3c57, 0xe68289},
    {0x4d5c, 0xe6828f},
    {0x4d5d, 0xe68292},
    {0x3c5a, 0xe68294},
    {0x4d5e, 0xe68295},
    {0x3c5b, 0xe68296},
    {0x4d5f, 0xe68297},
    {0x4d60, 0xe682a2},
    {0x3c62, 0xe682a7},
    {0x3c63, 0xe682b0},
    {0x4d61, 0xe682b1},
    {0x4d62, 0xe682b5},
    {0x3c67, 0xe682b6},
    {0x3c68, 0xe682b8},
    {0x4d63, 0xe682bb},
    {0x4d64, 0xe682be},
    {0x4d65, 0xe68384},
    {0x3c6b, 0xe68385},
    {0x4d66, 0xe68386},
    {0x3c6c, 0xe68387},
    {0x4d67, 0xe68389},
    {0x4d68, 0xe6838b},
    {0x4d69, 0xe6838f},
    {0x3c6d, 0xe68391},
    {0x4d6a, 0xe68393},
    {0x4d6b, 0xe68395},
    {0x3c6e, 0xe6839a},
    {0x4d6f, 0xe6839b},
    {0x3c6f, 0xe6839c},
    {0x4d72, 0xe683a2},
    {0x4d73, 0xe683b2},
    {0x3c75, 0xe683b3},
    {0x4d74, 0xe683b4},
    {0x3c76, 0xe683b6},
    {0x4d77, 0xe683bc},
    {0x4d78, 0xe68480},
    {0x3c7a, 0xe68481},
    {0x4d79, 0xe68483},
    {0x3c7b, 0xe68486},
    {0x4d7a, 0xe68494},
    {0x3c81, 0xe68495},
    {0x4d7b, 0xe68496},
    {0x4d7c, 0xe6849c},
    {0x4d7d, 0xe6849e},
    {0x3c84, 0xe6849f},
    {0x4d7e, 0xe684a2},
    {0x3c85, 0xe684a7},
    {0x4d7f, 0xe684a8},
    {0x3c86, 0xe684b0},
    {0x3c87, 0xe684b4},
    {0x3c88, 0xe684b7},
    {0x3c89, 0xe684bc},
    {0x3c8c, 0xe68582},
    {0x3c8d, 0xe68584},
    {0x4d83, 0xe68586},
    {0x4d84, 0xe6858d},
    {0x4d85, 0xe6858f},
    {0x4d86, 0xe68592},
    {0x3c93, 0xe68593},
    {0x4d87, 0xe68594},
    {0x3c94, 0xe68595},
    {0x4d88, 0xe6859a},
    {0x4d89, 0xe6859c},
    {0x3c97, 0xe6859d},
    {0x3c98, 0xe6859f},
    {0x4d8c, 0xe685aa},
    {0x3c9e, 0xe685ab},
    {0x3c9f, 0xe685ae},
    {0x3ca0, 0xe685b0},
    {0x4d8d, 0xe685b1},
    {0x4d91, 0xe685ba},
    {0x4d92, 0xe685bc},
    {0x4d93, 0xe68683},
    {0x3ca7, 0xe6868a},
    {0x4d94, 0xe6868d},
    {0x3ca8, 0xe6868e},
    {0x3cab, 0xe68694},
    {0x4d97, 0xe68696},
    {0x3caf, 0xe686a4},
    {0x3cb0, 0xe686a7},
    {0x4d98, 0xe686a8},
    {0x3cb1, 0xe686a9},
    {0x3cb4, 0xe686ae},
    {0x4d99, 0xe686af},
    {0x3cb5, 0xe686b2},
    {0x3cb6, 0xe686b6},
    {0x4d9a, 0xe686b8},
    {0x3cb7, 0xe686ba},
    {0x3cb8, 0xe686be},
    {0x3cb9, 0xe68783},
    {0x4d9e, 0xe68786},
    {0x4d9f, 0xe6878c},
    {0x4da0, 0xe6878f},
    {0x4da1, 0xe68795},
    {0x4da2, 0xe68797},
    {0x4da5, 0xe687a3},
    {0x3cbf, 0xe687a6},
    {0x3cc0, 0xe687b2},
    {0x3cc4, 0xe687ba},
    {0x3cc5, 0xe687bc},
    {0x3cc6, 0xe687bf},
    {0x3cc7, 0xe68880},
    {0x3cca, 0xe6888a},
    {0x3cd1, 0xe68896},
    {0x3cd2, 0xe6889a},
    {0x4daa, 0xe6889e},
    {0x3cd3, 0xe6889f},
    {0x3cd4, 0xe688a1},
    {0x4dab, 0xe688a2},
    {0x4dac, 0xe688a7},
    {0x4dad, 0xe688a9},
    {0x3cd5, 0xe688aa},
    {0x4dae, 0xe688ad},
    {0x3cd6, 0xe688ae},
    {0x3cd9, 0xe688b4},
    {0x4db1, 0xe688b5},
    {0x3cda, 0xe688b6},
    {0x4db2, 0xe688b9},
    {0x4db3, 0xe68983},
    {0x4db4, 0xe6898a},
    {0x3ce2, 0xe6898b},
    {0x3ce3, 0xe6898d},
    {0x4db5, 0xe6898e},
    {0x3ce4, 0xe68993},
    {0x4db8, 0xe68997},
    {0x3ce5, 0xe68998},
    {0x4dbb, 0xe6899e},
    {0x4dbc, 0xe689a3},
    {0x4dbd, 0xe689a8},
    {0x3ce6, 0xe689ae},
    {0x3ce7, 0xe689b1},
    {0x4dbe, 0xe689b3},
    {0x3ce8, 0xe689b6},
    {0x3ce9, 0xe689b9},
    {0x4dbf, 0xe689ba},
    {0x3cea, 0xe689bc},
    {0x4dc0, 0xe689be},
    {0x3ceb, 0xe689bf},
    {0x3cec, 0xe68a80},
    {0x4dc1, 0xe68a83},
    {0x3ced, 0xe68a84},
    {0x4dc2, 0xe68a86},
    {0x4dc3, 0xe68a8f},
    {0x4dc4, 0xe68a94},
    {0x3cf2, 0xe68a95},
    {0x4dc5, 0xe68a96},
    {0x3cf5, 0xe68a9b},
    {0x4dc6, 0xe68aa6},
    {0x4dc7, 0xe68aa8},
    {0x3cf6, 0xe68aab},
    {0x4dc8, 0xe68aac},
    {0x4dc9, 0xe68aae},
    {0x3cf7, 0xe68ab1},
    {0x4dca, 0xe68ab2},
    {0x3cf8, 0xe68ab5},
    {0x3cf9, 0xe68ab9},
    {0x3cfc, 0xe68b82},
    {0x4dd0, 0xe68b91},
    {0x4dd1, 0xe68b95},
    {0x3d11, 0xe68bb1},
    {0x3d12, 0xe68bb3},
    {0x3d13, 0xe68bb7},
    {0x4dd4, 0xe68bbd},
    {0x3d16, 0xe68c81},
    {0x4dd5, 0xe68c82},
    {0x3d17, 0xe68c87},
    {0x3d18, 0xe68c89},
    {0x4dd6, 0xe68c8c},
    {0x4dd7, 0xe68c90},
    {0x3d19, 0xe68c91},
    {0x4dd8, 0xe68c92},
    {0x4dd9, 0xe68ca8},
    {0x4dda, 0xe68caa},
    {0x3d1a, 0xe68cab},
    {0x3d1b, 0xe68caf},
    {0x4ddb, 0xe68cb9},
    {0x4ddf, 0xe68d86},
    {0x3d20, 0xe68d89},
    {0x3d21, 0xe68d8c},
    {0x4de2, 0xe68d93},
    {0x3d24, 0xe68d95},
    {0x4de3, 0xe68d97},
    {0x4de4, 0xe68d9a},
    {0x4de5, 0xe68da9},
    {0x4de6, 0xe68dab},
    {0x3d27, 0xe68dae},
    {0x4de7, 0xe68db1},
    {0x3d28, 0xe68db2},
    {0x4de8, 0xe68db6},
    {0x3d29, 0xe68db7},
    {0x3d2c, 0xe68dbf},
    {0x4de9, 0xe68e80},
    {0x3d2d, 0xe68e83},
    {0x4dea, 0xe68e84},
    {0x4deb, 0xe68e87},
    {0x4dec, 0xe68e8a},
    {0x3d30, 0xe68e8c},
    {0x3d31, 0xe68e92},
    {0x3d32, 0xe68e96},
    {0x3d33, 0xe68e98},
    {0x3d34, 0xe68e9b},
    {0x4def, 0xe68e9c},
    {0x4df0, 0xe68e9f},
    {0x3d38, 0xe68ea5},
    {0x4df1, 0xe68eac},
    {0x4df2, 0xe68ebe},
    {0x3d3d, 0xe68f80},
    {0x4df3, 0xe68f83},
    {0x3d3e, 0xe68f84},
    {0x3d3f, 0xe68f86},
    {0x4df4, 0xe68f89},
    {0x4df5, 0xe68f92},
    {0x3d42, 0xe68f96},
    {0x3d45, 0xe68fa1},
    {0x4df8, 0xe68fa3},
    {0x4df9, 0xe68fa9},
    {0x4dfa, 0xe68fab},
    {0x4dfb, 0xe68fb2},
    {0x3d48, 0xe68fb4},
    {0x4dfc, 0xe68fb5},
    {0x4dfd, 0xe69086},
    {0x4dfe, 0xe69089},
    {0x3d4b, 0xe6908d},
    {0x3d4c, 0xe6908f},
    {0x4dff, 0xe69092},
    {0x3d4d, 0xe69094},
    {0x4e00, 0xe69098},
    {0x3d50, 0xe6909c},
    {0x4e01, 0xe690a0},
    {0x3d51, 0xe690a2},
    {0x4e04, 0xe690a8},
    {0x4e09, 0xe690b4},
    {0x4e0a, 0xe690b6},
    {0x3d54, 0xe690ba},
    {0x3d55, 0xe690be},
    {0x3d56, 0xe69198},
    {0x4e0b, 0xe6919b},
    {0x4e0c, 0xe6919e},
    {0x3d57, 0xe691a0},
    {0x4e0d, 0xe691a7},
    {0x3d58, 0xe691a9},
    {0x4e0e, 0xe691ad},
    {0x3d59, 0xe691af},
    {0x4e0f, 0xe691b3},
    {0x4e10, 0xe691bb},
    {0x4e11, 0xe691bd},
    {0x4e12, 0xe69285},
    {0x3d5d, 0xe69288},
    {0x4e13, 0xe69290},
    {0x4e14, 0xe69295},
    {0x4e15, 0xe69299},
    {0x3d61, 0xe6929a},
    {0x4e16, 0xe6929b},
    {0x4e17, 0xe6929d},
    {0x3d62, 0xe6929e},
    {0x4e18, 0xe6929f},
    {0x4e19, 0xe692a9},
    {0x3d65, 0xe692ab},
    {0x3d68, 0xe692b0},
    {0x3d69, 0xe692b2},
    {0x3d6a, 0xe692bb},
    {0x4e1a, 0xe692bc},
    {0x3d6b, 0xe69381},
    {0x3d6e, 0xe69387},
    {0x4e1d, 0xe69389},
    {0x3d6f, 0xe6938a},
    {0x4e1e, 0xe69390},
    {0x3d72, 0xe69392},
    {0x3d73, 0xe69394},
    {0x4e1f, 0xe69395},
    {0x4e20, 0xe69397},
    {0x3d74, 0xe69398},
    {0x3d75, 0xe6939a},
    {0x4e21, 0xe693a0},
    {0x4e22, 0xe693a3},
    {0x3d7b, 0xe693ac},
    {0x4e23, 0xe693ad},
    {0x4e24, 0xe693af},
    {0x4e25, 0xe693b1},
    {0x3d7c, 0xe693b2},
    {0x3d7d, 0xe693b4},
    {0x3d7e, 0xe693ba},
    {0x3d7f, 0xe693be},
    {0x3d80, 0xe69480},
    {0x4e26, 0xe69482},
    {0x3d81, 0xe69484},
    {0x4e27, 0xe69487},
    {0x4e28, 0xe6948a},
    {0x4e29, 0xe6948f},
    {0x4e2a, 0xe69494},
    {0x3d82, 0xe69498},
    {0x4e2b, 0xe69499},
    {0x3d83, 0xe6949d},
    {0x4e2c, 0xe694a2},
    {0x3d84, 0xe694a3},
    {0x4e2d, 0xe694a4},
    {0x3d88, 0xe694af},
    {0x4e2e, 0xe694b2},
    {0x3d8d, 0xe694bb},
    {0x4e2f, 0xe694bd},
    {0x4e30, 0xe69583},
    {0x3d90, 0xe69585},
    {0x3d91, 0xe69588},
    {0x4e31, 0xe69589},
    {0x3d95, 0xe69591},
    {0x4e32, 0xe69592},
    {0x4e37, 0xe6959d},
    {0x3d98, 0xe6959e},
    {0x3d9b, 0xe695a6},
    {0x3d9e, 0xe695b2},
    {0x3da3, 0xe695be},
    {0x4e38, 0xe69681},
    {0x3da6, 0xe69685},
    {0x3da7, 0xe69687},
    {0x3da8, 0xe6968c},
    {0x3dab, 0xe69697},
    {0x3dac, 0xe69699},
    {0x4e39, 0xe6969d},
    {0x3daf, 0xe6969f},
    {0x3db0, 0xe696a1},
    {0x3db3, 0xe696a7},
    {0x3db8, 0xe696b7},
    {0x3db9, 0xe696b9},
    {0x4e3c, 0xe696bf},
    {0x4e3d, 0xe69780},
    {0x3dbc, 0xe69781},
    {0x3dbd, 0xe69785},
    {0x4e41, 0xe69786},
    {0x4e42, 0xe6978a},
    {0x3dc0, 0xe6978f},
    {0x3dc1, 0xe69792},
    {0x4e43, 0xe69795},
    {0x3dc2, 0xe69797},
    {0x3dc3, 0xe697a0},
    {0x3dc4, 0xe697a3},
    {0x3dcb, 0xe697b1},
    {0x4e44, 0xe697b2},
    {0x3dcc, 0xe697b4},
    {0x3dd1, 0xe697bf},
    {0x4e45, 0xe69880},
    {0x3dd6, 0xe6988c},
    {0x4e48, 0xe6988d},
    {0x4e4b, 0xe698a1},
    {0x3de1, 0xe698a5},
    {0x4e4e, 0xe698ab},
    {0x3de4, 0xe698ad},
    {0x3de8, 0xe698b4},
    {0x4e4f, 0xe698b5},
    {0x3de9, 0xe698b6},
    {0x4e50, 0xe698b7},
    {0x4e51, 0xe69988},
    {0x3df0, 0xe69989},
    {0x3df1, 0xe6998b},
    {0x4e52, 0xe6998c},
    {0x4e53, 0xe6998e},
    {0x3df2, 0xe6998f},
    {0x4e56, 0xe69997},
    {0x3df3, 0xe69999},
    {0x4e57, 0xe6999a},
    {0x3df4, 0xe6999b},
    {0x3dfe, 0xe699ab},
    {0x4e5d, 0xe699b0},
    {0x4e5e, 0xe699b9},
    {0x3e06, 0xe699ba},
    {0x4e5f, 0xe699bb},
    {0x4e60, 0xe699bd},
    {0x4e61, 0xe699bf},
    {0x3e07, 0xe69a84},
    {0x3e0b, 0xe69a8e},
    {0x4e64, 0xe69a9a},
    {0x3e11, 0xe69a9d},
    {0x4e65, 0xe69a9e},
    {0x3e12, 0xe69aa0},
    {0x3e13, 0xe69aa2},
    {0x4e66, 0xe69aa3},
    {0x3e14, 0xe69aab},
    {0x4e67, 0xe69aac},
    {0x3e15, 0xe69aae},
    {0x4e68, 0xe69ab1},
    {0x4e69, 0xe69ab5},
    {0x4e6a, 0xe69ab8},
    {0x3e19, 0xe69ab9},
    {0x4e6b, 0xe69aba},
    {0x3e1a, 0xe69abb},
    {0x3e1b, 0xe69abe},
    {0x4e6c, 0xe69abf},
    {0x3e1c, 0xe69b84},
    {0x4e6f, 0xe69b85},
    {0x4e70, 0xe69b88},
    {0x3e1f, 0xe69b89},
    {0x3e20, 0xe69b96},
    {0x4e73, 0xe69b98},
    {0x3e21, 0xe69b99},
    {0x4e76, 0xe69b9e},
    {0x3e24, 0xe69ba0},
    {0x4e77, 0xe69ba3},
    {0x3e25, 0xe69ba6},
    {0x4e7b, 0xe69bac},
    {0x3e26, 0xe69bb0},
    {0x3e2e, 0xe69bbc},
    {0x3e31, 0xe69c80},
    {0x3e32, 0xe69c83},
    {0x4e80, 0xe69c8a},
    {0x3e35, 0xe69c8b},
    {0x4e81, 0xe69c8c},
    {0x3e36, 0xe69c8d},
    {0x3e39, 0xe69c97},
    {0x3e3a, 0xe69c9b},
    {0x4e82, 0xe69ca0},
    {0x4e85, 0xe69ca9},
    {0x4e86, 0xe69cb0},
    {0x3e46, 0xe69cb1},
    {0x4e87, 0xe69cb3},
    {0x3e47, 0xe69cb4},
    {0x3e48, 0xe69cb6},
    {0x3e49, 0xe69cba},
    {0x3e4a, 0xe69cbd},
    {0x4e88, 0xe69cbe},
    {0x4e89, 0xe69d85},
    {0x3e4b, 0xe69d86},
    {0x3e4c, 0xe69d89},
    {0x3e51, 0xe69d93},
    {0x3e52, 0xe69d96},
    {0x3e53, 0xe69d9c},
    {0x4e8c, 0xe69d9d},
    {0x4e8d, 0xe69da0},
    {0x4e8e, 0xe69da5},
    {0x4e8f, 0xe69daa},
    {0x4e90, 0xe69dac},
    {0x3e56, 0xe69dad},
    {0x4e91, 0xe69dae},
    {0x4e92, 0xe69db2},
    {0x3e5a, 0xe69db3},
    {0x3e5b, 0xe69db5},
    {0x3e5c, 0xe69db7},
    {0x3e5d, 0xe69dbb},
    {0x4e93, 0xe69dbc},
    {0x4e94, 0xe69e83},
    {0x3e60, 0xe69e87},
    {0x3e61, 0xe69e89},
    {0x3e62, 0xe69e8b},
    {0x4e95, 0xe69e8c},
    {0x4e96, 0xe69e92},
    {0x3e65, 0xe69e93},
    {0x3e66, 0xe69e95},
    {0x3e67, 0xe69e97},
    {0x3e68, 0xe69e9a},
    {0x4e99, 0xe69eb2},
    {0x3e6d, 0xe69eb3},
    {0x3e71, 0xe69ebe},
    {0x4e9a, 0xe69f81},
    {0x3e72, 0xe69f84},
    {0x4e9b, 0xe69f85},
    {0x4e9c, 0xe69f8a},
    {0x3e79, 0xe69f9a},
    {0x3e7a, 0xe69f9d},
    {0x4ea3, 0xe69fa2},
    {0x3e7b, 0xe69fa9},
    {0x3e7c, 0xe69fac},
    {0x4ea4, 0xe69fb9},
    {0x3e84, 0xe69fbb},
    {0x3e85, 0xe69fbe},
    {0x4ea5, 0xe69fbf},
    {0x4ea8, 0xe6a08d},
    {0x4ea9, 0xe6a090},
    {0x3e8c, 0xe6a0aa},
    {0x4eac, 0xe6a0ae},
    {0x3e8d, 0xe6a0af},
    {0x4eaf, 0xe6a0b4},
    {0x4eb0, 0xe6a0bb},
    {0x4eb1, 0xe6a184},
    {0x4eb2, 0xe6a186},
    {0x3e96, 0xe6a188},
    {0x4eb3, 0xe6a189},
    {0x3e97, 0xe6a18e},
    {0x3e9c, 0xe6a1ad},
    {0x4eb4, 0xe6a1af},
    {0x4eb5, 0xe6a1b4},
    {0x3e9d, 0xe6a1b6},
    {0x4eb6, 0xe6a1b7},
    {0x4eb7, 0xe6a1be},
    {0x3e9e, 0xe6a1bf},
    {0x3e9f, 0xe6a281},
    {0x4eb8, 0xe6a283},
    {0x3ea0, 0xe6a285},
    {0x4eb9, 0xe6a286},
    {0x3ea1, 0xe6a28f},
    {0x3ea4, 0xe6a297},
    {0x4eba, 0xe6a29b},
    {0x3ea5, 0xe6a29d},
    {0x3ea6, 0xe6a29f},
    {0x4ebb, 0xe6a2a0},
    {0x4ebc, 0xe6a2a3},
    {0x3eab, 0xe6a2ad},
    {0x3eaf, 0xe6a2b3},
    {0x3eb4, 0xe6a389},
    {0x4ebd, 0xe6a38a},
    {0x3eb5, 0xe6a38b},
    {0x4ebe, 0xe6a38c},
    {0x3eb6, 0xe6a38d},
    {0x4ebf, 0xe6a390},
    {0x3eb7, 0xe6a392},
    {0x3eb8, 0xe6a395},
    {0x4ec0, 0xe6a396},
    {0x3ebb, 0xe6a39a},
    {0x4ec1, 0xe6a3a3},
    {0x4ec2, 0xe6a3ac},
    {0x3ec0, 0xe6a3ae},
    {0x3ec1, 0xe6a3b2},
    {0x3ec4, 0xe6a480},
    {0x4ec6, 0xe6a481},
    {0x4ec7, 0xe6a484},
    {0x3ec5, 0xe6a485},
    {0x4ec8, 0xe6a486},
    {0x4ec9, 0xe6a48b},
    {0x4eca, 0xe6a48f},
    {0x4ecb, 0xe6a491},
    {0x3ec8, 0xe6a492},
    {0x4ecc, 0xe6a499},
    {0x3ec9, 0xe6a4a7},
    {0x3eca, 0xe6a4b0},
    {0x4ecd, 0xe6a4b4},
    {0x4ece, 0xe6a4b6},
    {0x3ecb, 0xe6a4bd},
    {0x3ecc, 0xe6a4bf},
    {0x4ed1, 0xe6a582},
    {0x3ecd, 0xe6a58a},
    {0x4ed2, 0xe6a58f},
    {0x3ed1, 0xe6a597},
    {0x4ed3, 0xe6a59d},
    {0x3ed4, 0xe6a59e},
    {0x4ed4, 0xe6a5a5},
    {0x3ed9, 0xe6a5a8},
    {0x4ed5, 0xe6a5aa},
    {0x3eda, 0xe6a5ab},
    {0x4ed6, 0xe6a5ac},
    {0x4ed7, 0xe6a5b3},
    {0x3ede, 0xe6a5b5},
    {0x4ed8, 0xe6a5bb},
    {0x4edb, 0xe6a68e},
    {0x4edc, 0xe6a691},
    {0x4edd, 0xe6a694},
    {0x3ee2, 0xe6a695},
    {0x4ede, 0xe6a698},
    {0x4edf, 0xe6a69f},
    {0x4ee0, 0xe6a6a4},
    {0x3ee5, 0xe6a6a5},
    {0x4ee1, 0xe6a6a6},
    {0x3ee6, 0xe6a6a7},
    {0x4ee2, 0xe6a6ad},
    {0x3ee7, 0xe6a6ae},
    {0x3ee8, 0xe6a6b4},
    {0x4ee6, 0xe6a6b7},
    {0x4ee7, 0xe6a6ba},
    {0x3ee9, 0xe6a6bb},
    {0x4ee8, 0xe6a6bc},
    {0x4eeb, 0xe6a780},
    {0x3eea, 0xe6a781},
    {0x3eeb, 0xe6a783},
    {0x4eec, 0xe6a787},
    {0x4eed, 0xe6a78a},
    {0x3eef, 0xe6a790},
    {0x4ef0, 0xe6a793},
    {0x4ef1, 0xe6a796},
    {0x4ef2, 0xe6a7a2},
    {0x3ef0, 0xe6a7a8},
    {0x4ef6, 0xe6a7a9},
    {0x3ef1, 0xe6a7aa},
    {0x4ef7, 0xe6a7ad},
    {0x4ef8, 0xe6a7b2},
    {0x4ef9, 0xe6a7b9},
    {0x3ef2, 0xe6a7bb},
    {0x3ef3, 0xe6a7bd},
    {0x3ef4, 0xe6a7bf},
    {0x4efa, 0xe6a880},
    {0x3ef5, 0xe6a882},
    {0x4efb, 0xe6a885},
    {0x3ef6, 0xe6a88a},
    {0x4efc, 0xe6a88b},
    {0x3ef7, 0xe6a891},
    {0x4efd, 0xe6a892},
    {0x3ef8, 0xe6a893},
    {0x4efe, 0xe6a894},
    {0x3ef9, 0xe6a897},
    {0x3efa, 0xe6a899},
    {0x4eff, 0xe6a89b},
    {0x3efd, 0xe6a8a1},
    {0x3efe, 0xe6a8a3},
    {0x4f00, 0xe6a8a9},
    {0x4f01, 0xe6a8ab},
    {0x3eff, 0xe6a8b5},
    {0x4f02, 0xe6a8bb},
    {0x3f03, 0xe6a8bd},
    {0x4f03, 0xe6a983},
    {0x3f04, 0xe6a984},
    {0x4f04, 0xe6a985},
    {0x4f05, 0xe6a987},
    {0x3f05, 0xe6a988},
    {0x3f06, 0xe6a98b},
    {0x4f0a, 0xe6a990},
    {0x4f0b, 0xe6a99a},
    {0x3f0b, 0xe6a99f},
    {0x3f0c, 0xe6a9a1},
    {0x4f0c, 0xe6a9a2},
    {0x4f0d, 0xe6a9a4},
    {0x4f0e, 0xe6a9a6},
    {0x3f0d, 0xe6a9ab},
    {0x4f0f, 0xe6a9b2},
    {0x4f12, 0xe6a9bb},
    {0x4f13, 0xe6a9bd},
    {0x4f14, 0xe6a9bf},
    {0x3f0e, 0xe6aa80},
    {0x4f15, 0xe6aa83},
    {0x3f0f, 0xe6aa84},
    {0x3f10, 0xe6aa89},
    {0x4f16, 0xe6aa90},
    {0x4f17, 0xe6aa94},
    {0x3f13, 0xe6aa97},
    {0x3f14, 0xe6aa9c},
    {0x4f18, 0xe6aa9d},
    {0x4f1b, 0xe6aaae},
    {0x3f17, 0xe6aab3},
    {0x4f1c, 0xe6aab6},
    {0x3f18, 0xe6aabb},
    {0x4f1d, 0xe6aabc},
    {0x4f1e, 0xe6aabf},
    {0x3f1b, 0xe6ab93},
    {0x4f23, 0xe6aba8},
    {0x4f24, 0xe6abaa},
    {0x4f25, 0xe6abac},
    {0x4f26, 0xe6abb1},
    {0x3f1e, 0xe6abb6},
    {0x4f27, 0xe6abb7},
    {0x3f1f, 0xe6abbb},
    {0x4f28, 0xe6abbc},
    {0x3f20, 0xe6ac84},
    {0x3f21, 0xe6ac8a},
    {0x3f22, 0xe6ac8c},
    {0x4f2b, 0xe6ac91},
    {0x3f23, 0xe6ac92},
    {0x4f2c, 0xe6ac95},
    {0x3f24, 0xe6ac96},
    {0x4f2d, 0xe6ac9e},
    {0x3f27, 0xe6aca3},
    {0x4f2e, 0xe6acac},
    {0x3f28, 0xe6acb2},
    {0x3f29, 0xe6acba},
    {0x4f32, 0xe6acbb},
    {0x4f33, 0xe6acbf},
    {0x4f34, 0xe6ad83},
    {0x3f2e, 0xe6ad8c},
    {0x3f2f, 0xe6ad8e},
    {0x3f30, 0xe6ad90},
    {0x4f37, 0xe6ad94},
    {0x3f31, 0xe6ad9f},
    {0x4f3b, 0xe6ada0},
    {0x4f3c, 0xe6ada7},
    {0x4f3d, 0xe6ada9},
    {0x3f38, 0xe6adaa},
    {0x3f39, 0xe6adb2},
    {0x3f3c, 0xe6adbb},
    {0x3f3d, 0xe6adbf},
    {0x4f3e, 0xe6ae80},
    {0x4f3f, 0xe6ae82},
    {0x3f40, 0xe6ae86},
    {0x4f40, 0xe6ae8d},
    {0x4f41, 0xe6ae91},
    {0x3f43, 0xe6ae96},
    {0x3f44, 0xe6ae98},
    {0x3f45, 0xe6ae9e},
    {0x4f42, 0xe6aea2},
    {0x4f43, 0xe6aea4},
    {0x4f44, 0xe6aeab},
    {0x4f45, 0xe6aead},
    {0x3f48, 0xe6aeb2},
    {0x4f46, 0xe6aeb3},
    {0x3f49, 0xe6aeb5},
    {0x3f4a, 0xe6aeb7},
    {0x3f4b, 0xe6aeba},
    {0x3f4c, 0xe6aebc},
    {0x4f47, 0xe6aebd},
    {0x3f4d, 0xe6aebf},
    {0x4f48, 0xe6af80},
    {0x3f4e, 0xe6af81},
    {0x4f49, 0xe6af84},
    {0x3f51, 0xe6af8b},
    {0x3f52, 0xe6af8d},
    {0x3f53, 0xe6af8f},
    {0x4f4a, 0xe6af9a},
    {0x3f5a, 0xe6af9b},
    {0x4f4b, 0xe6afaf},
    {0x4f4c, 0xe6afb3},
    {0x4f4d, 0xe6afb8},
    {0x4f4e, 0xe6afbf},
    {0x4f4f, 0xe6b085},
    {0x3f5d, 0xe6b088},
    {0x3f5e, 0xe6b08f},
    {0x4f50, 0xe6b090},
    {0x3f5f, 0xe6b091},
    {0x3f60, 0xe6b093},
    {0x4f51, 0xe6b09b},
    {0x3f61, 0xe6b0a3},
    {0x4f52, 0xe6b0a4},
    {0x4f53, 0xe6b0b3},
    {0x3f62, 0xe6b0b4},
    {0x4f54, 0xe6b0b6},
    {0x3f65, 0xe6b0be},
    {0x4f55, 0xe6b0bf},
    {0x4f56, 0xe6b183},
    {0x4f57, 0xe6b18b},
    {0x3f69, 0xe6b18e},
    {0x4f58, 0xe6b18f},
    {0x3f6a, 0xe6b190},
    {0x3f6b, 0xe6b195},
    {0x3f6c, 0xe6b197},
    {0x4f5c, 0xe6b199},
    {0x3f6d, 0xe6b19a},
    {0x4f5f, 0xe6b1a6},
    {0x3f72, 0xe6b1a8},
    {0x4f60, 0xe6b1a9},
    {0x3f73, 0xe6b1aa},
    {0x3f74, 0xe6b1ad},
    {0x3f75, 0xe6b1b0},
    {0x3f76, 0xe6b1b2},
    {0x4f61, 0xe6b1b4},
    {0x3f77, 0xe6b1b6},
    {0x3f78, 0xe6b1ba},
    {0x4f62, 0xe6b284},
    {0x4f63, 0xe6b289},
    {0x3f82, 0xe6b28c},
    {0x4f64, 0xe6b28d},
    {0x3f83, 0xe6b290},
    {0x4f65, 0xe6b298},
    {0x3f8c, 0xe6b2ab},
    {0x4f66, 0xe6b2ac},
    {0x3f8d, 0xe6b2ae},
    {0x3f8e, 0xe6b2b3},
    {0x4f69, 0xe6b2b6},
    {0x3f98, 0xe6b384},
    {0x3f9b, 0xe6b38c},
    {0x3f9c, 0xe6b393},
    {0x4f6e, 0xe6b394},
    {0x3f9d, 0xe6b395},
    {0x3f9e, 0xe6b397},
    {0x3f9f, 0xe6b39b},
    {0x4f73, 0xe6b3a0},
    {0x3fa3, 0xe6b3a5},
    {0x3fa4, 0xe6b3a8},
    {0x3fa5, 0xe6b3ab},
    {0x4f74, 0xe6b3b1},
    {0x3fa9, 0xe6b3b3},
    {0x4f75, 0xe6b3bf},
    {0x4f76, 0xe6b484},
    {0x4f77, 0xe6b487},
    {0x4f78, 0xe6b48a},
    {0x3fac, 0xe6b491},
    {0x4f79, 0xe6b492},
    {0x4f7a, 0xe6b494},
    {0x3fad, 0xe6b497},
    {0x3fae, 0xe6b499},
    {0x3faf, 0xe6b49b},
    {0x3fb0, 0xe6b49e},
    {0x4f7b, 0xe6b49f},
    {0x4f7c, 0xe6b4a3},
    {0x3fb1, 0xe6b4a5},
    {0x3fb2, 0xe6b4a7},
    {0x4f7d, 0xe6b4a8},
    {0x4f80, 0xe6b4ae},
    {0x3fb5, 0xe6b4b2},
    {0x4f81, 0xe6b4ba},
    {0x3fba, 0xe6b4bb},
    {0x4f82, 0xe6b4bc},
    {0x3fbd, 0xe6b581},
    {0x4f83, 0xe6b58c},
    {0x3fc0, 0xe6b59c},
    {0x4f84, 0xe6b5a1},
    {0x3fc1, 0xe6b5a3},
    {0x3fc2, 0xe6b5a6},
    {0x4f87, 0xe6b5a7},
    {0x3fc5, 0xe6b5ac},
    {0x3fc6, 0xe6b5ae},
    {0x4f88, 0xe6b5af},
    {0x4f89, 0xe6b5b2},
    {0x3fc7, 0xe6b5b4},
    {0x3fcb, 0xe6b5bf},
    {0x4f8a, 0xe6b682},
    {0x3fcc, 0xe6b685},
    {0x4f8b, 0xe6b68f},
    {0x3fd3, 0xe6b691},
    {0x3fd4, 0xe6b693},
    {0x4f8c, 0xe6b694},
    {0x3fd5, 0xe6b695},
    {0x3fd6, 0xe6b6af},
    {0x3fd7, 0xe6b6b2},
    {0x4f92, 0xe6b6b4},
    {0x3fd8, 0xe6b6b5},
    {0x4f95, 0xe6b6bc},
    {0x4f96, 0xe6b6bf},
    {0x3fd9, 0xe6b780},
    {0x4f97, 0xe6b788},
    {0x3fdf, 0xe6b78b},
    {0x4f98, 0xe6b78c},
    {0x3fe0, 0xe6b78f},
    {0x4f99, 0xe6b790},
    {0x3fe1, 0xe6b791},
    {0x4f9a, 0xe6b792},
    {0x4f9b, 0xe6b796},
    {0x4f9c, 0xe6b79d},
    {0x3fe5, 0xe6b79e},
    {0x4f9d, 0xe6b7a0},
    {0x3fe6, 0xe6b7a1},
    {0x3fe7, 0xe6b7a8},
    {0x4fa3, 0xe6b7ac},
    {0x3fea, 0xe6b7ae},
    {0x3feb, 0xe6b7b1},
    {0x3fec, 0xe6b7b3},
    {0x3fed, 0xe6b7b5},
    {0x4fa4, 0xe6b7b6},
    {0x4fa5, 0xe6b7bc},
    {0x4fa6, 0xe6b885},
    {0x4fa7, 0xe6b888},
    {0x4fa8, 0xe6b88a},
    {0x3ff3, 0xe6b897},
    {0x4fa9, 0xe6b89d},
    {0x4faa, 0xe6b8a2},
    {0x4fab, 0xe6b8a8},
    {0x4001, 0xe6b8af},
    {0x4002, 0xe6b8b2},
    {0x4003, 0xe6b8b4},
    {0x4004, 0xe6b8b6},
    {0x4fac, 0xe6b8b7},
    {0x4005, 0xe6b8b8},
    {0x4006, 0xe6b8ba},
    {0x4fad, 0xe6b980},
    {0x4fae, 0xe6b985},
    {0x400c, 0xe6b98a},
    {0x400d, 0xe6b98d},
    {0x4faf, 0xe6b98e},
    {0x4fb0, 0xe6b991},
    {0x400e, 0xe6b996},
    {0x400f, 0xe6b998},
    {0x4fb4, 0xe6b9a3},
    {0x4014, 0xe6b9a7},
    {0x4015, 0xe6b9ab},
    {0x4fb5, 0xe6b9b5},
    {0x401a, 0xe6b9ba},
    {0x4fb6, 0xe6ba8f},
    {0x401b, 0xe6ba90},
    {0x4fb7, 0xe6ba95},
    {0x401c, 0xe6ba96},
    {0x4fb8, 0xe6ba98},
    {0x401f, 0xe6ba9f},
    {0x4020, 0xe6baa2},
    {0x4021, 0xe6baa5},
    {0x4024, 0xe6baaf},
    {0x4025, 0xe6bab1},
    {0x4fbb, 0xe6bab2},
    {0x4fbc, 0xe6bab5},
    {0x4026, 0xe6bab6},
    {0x4fbd, 0xe6bab7},
    {0x4027, 0xe6baba},
    {0x4fbe, 0xe6babd},
    {0x4028, 0xe6bb82},
    {0x4fbf, 0xe6bb83},
    {0x4fc0, 0xe6bb88},
    {0x402b, 0xe6bb89},
    {0x402e, 0xe6bb8e},
    {0x402f, 0xe6bb91},
    {0x4fc1, 0xe6bb95},
    {0x4fc2, 0xe6bb99},
    {0x4032, 0xe6bbaf},
    {0x4fc5, 0xe6bbb2},
    {0x4033, 0xe6bbb4},
    {0x4fc6, 0xe6bbb5},
    {0x4fc7, 0xe6bbb7},
    {0x4034, 0xe6bbb8},
    {0x4fc8, 0xe6bbbc},
    {0x4fc9, 0xe6bc84},
    {0x4039, 0xe6bc86},
    {0x4fca, 0xe6bc89},
    {0x4fcb, 0xe6bc8c},
    {0x403a, 0xe6bc8f},
    {0x403b, 0xe6bc91},
    {0x4fcc, 0xe6bc93},
    {0x403e, 0xe6bca0},
    {0x4fcf, 0xe6bca4},
    {0x4fd3, 0xe6bcaa},
    {0x4fd4, 0xe6bcad},
    {0x4fd5, 0xe6bcb0},
    {0x4fd6, 0xe6bcb3},
    {0x4045, 0xe6bcb8},
    {0x4fd7, 0xe6bcbc},
    {0x4fd8, 0xe6bcbe},
    {0x4046, 0xe6bcbf},
    {0x4047, 0xe6bd81},
    {0x4fd9, 0xe6bd8f},
    {0x4048, 0xe6bd91},
    {0x4fda, 0xe6bd92},
    {0x4049, 0xe6bd94},
    {0x4fdb, 0xe6bd99},
    {0x4fde, 0xe6bda1},
    {0x4050, 0xe6bda2},
    {0x4fdf, 0xe6bda3},
    {0x4051, 0xe6bda4},
    {0x4fe0, 0xe6bda6},
    {0x4fe1, 0xe6bdaf},
    {0x4054, 0xe6bdb0},
    {0x4fe2, 0xe6bdb1},
    {0x4fe3, 0xe6bdb4},
    {0x4fe4, 0xe6bdb8},
    {0x4055, 0xe6bdba},
    {0x4059, 0xe6be81},
    {0x4fe5, 0xe6be82},
    {0x405a, 0xe6be84},
    {0x405b, 0xe6be88},
    {0x4fe8, 0xe6be89},
    {0x405e, 0xe6be90},
    {0x4feb, 0xe6be92},
    {0x405f, 0xe6be94},
    {0x4060, 0xe6be97},
    {0x4fee, 0xe6be98},
    {0x4fef, 0xe6be9f},
    {0x4ff0, 0xe6bea1},
    {0x4ff1, 0xe6bea5},
    {0x4063, 0xe6bea7},
    {0x4ff2, 0xe6bea8},
    {0x4ff3, 0xe6beaa},
    {0x4066, 0xe6beb1},
    {0x4067, 0xe6beb3},
    {0x4ff4, 0xe6beb6},
    {0x4068, 0xe6beb9},
    {0x4069, 0xe6bebe},
    {0x4ff7, 0xe6bf89},
    {0x406e, 0xe6bf8a},
    {0x4ff8, 0xe6bf94},
    {0x406f, 0xe6bf95},
    {0x4ff9, 0xe6bf98},
    {0x4070, 0xe6bf9a},
    {0x4ffa, 0xe6bf9b},
    {0x4ffb, 0xe6bf9e},
    {0x4074, 0xe6bfa4},
    {0x4075, 0xe6bfa9},
    {0x4ffe, 0xe6bfae},
    {0x4078, 0xe6bfaf},
    {0x4079, 0xe6bfb1},
    {0x5001, 0xe6bfb6},
    {0x5002, 0xe6bfba},
    {0x407a, 0xe6bfbe},
    {0x407b, 0xe78081},
    {0x5003, 0xe78087},
    {0x407e, 0xe78089},
    {0x407f, 0xe7808b},
    {0x4080, 0xe7808f},
    {0x4081, 0xe78091},
    {0x4082, 0xe78095},
    {0x4083, 0xe78098},
    {0x408a, 0xe780a3},
    {0x5006, 0xe780a6},
    {0x408d, 0xe780af},
    {0x5007, 0xe780b0},
    {0x5008, 0xe780b2},
    {0x408e, 0xe780b7},
    {0x5009, 0xe780b8},
    {0x500a, 0xe780bc},
    {0x408f, 0xe780be},
    {0x500b, 0xe78184},
    {0x500c, 0xe78186},
    {0x4090, 0xe7818c},
    {0x500d, 0xe7818e},
    {0x500e, 0xe78193},
    {0x4093, 0xe78198},
    {0x4094, 0xe7819d},
    {0x500f, 0xe7819e},
    {0x4095, 0xe781a3},
    {0x5010, 0xe781a6},
    {0x5011, 0xe781a9},
    {0x4096, 0xe781ab},
    {0x5012, 0xe781af},
    {0x4097, 0xe781b0},
    {0x4098, 0xe781b8},
    {0x5013, 0xe781be},
    {0x5014, 0xe78281},
    {0x409b, 0xe78285},
    {0x5015, 0xe78286},
    {0x409c, 0xe7828a},
    {0x409d, 0xe7828e},
    {0x409e, 0xe78292},
    {0x5016, 0xe78295},
    {0x5017, 0xe7829b},
    {0x40a2, 0xe782a1},
    {0x40a3, 0xe782a4},
    {0x5018, 0xe782a6},
    {0x5019, 0xe782ae},
    {0x40a7, 0xe782af},
    {0x501a, 0xe782b0},
    {0x40a8, 0xe782b3},
    {0x501b, 0xe782ba},
    {0x40ac, 0xe78388},
    {0x501c, 0xe7838a},
    {0x40ad, 0xe7838b},
    {0x40ae, 0xe7838f},
    {0x501f, 0xe7839c},
    {0x40b1, 0xe7839d},
    {0x40b2, 0xe7839f},
    {0x5020, 0xe783af},
    {0x40b3, 0xe783b1},
    {0x40b4, 0xe783b9},
    {0x5021, 0xe783ba},
    {0x40b5, 0xe783bd},
    {0x5022, 0xe78483},
    {0x40b6, 0xe78484},
    {0x5023, 0xe78486},
    {0x40b7, 0xe78489},
    {0x40b8, 0xe7848c},
    {0x5024, 0xe7849c},
    {0x40bb, 0xe7849e},
    {0x5025, 0xe784a0},
    {0x40bc, 0xe784a1},
    {0x40bd, 0xe784a6},
    {0x40be, 0xe784b0},
    {0x5029, 0xe784b1},
    {0x40bf, 0xe784b6},
    {0x502a, 0xe78583},
    {0x502b, 0xe78586},
    {0x40c0, 0xe78587},
    {0x40c3, 0xe7858c},
    {0x40c4, 0xe7858e},
    {0x40c5, 0xe78590},
    {0x502e, 0xe78595},
    {0x40c6, 0xe78596},
    {0x502f, 0xe78597},
    {0x40c7, 0xe78599},
    {0x40c8, 0xe7859c},
    {0x5030, 0xe7859d},
    {0x40c9, 0xe7859e},
    {0x5031, 0xe785a2},
    {0x5032, 0xe785a8},
    {0x40ce, 0xe785a9},
    {0x40cf, 0xe785ac},
    {0x40d0, 0xe785ae},
    {0x40d1, 0xe785bd},
    {0x5033, 0xe78680},
    {0x40d2, 0xe78684},
    {0x5034, 0xe78685},
    {0x40d5, 0xe7868f},
    {0x40d6, 0xe78692},
    {0x40d7, 0xe78694},
    {0x40d8, 0xe78699},
    {0x5037, 0xe7869b},
    {0x40d9, 0xe7869f},
    {0x40da, 0xe786a2},
    {0x503a, 0xe786a4},
    {0x40db, 0xe786ac},
    {0x503d, 0xe786af},
    {0x40dc, 0xe786b1},
    {0x503e, 0xe786b2},
    {0x40df, 0xe786be},
    {0x40e0, 0xe78781},
    {0x40e1, 0xe78783},
    {0x503f, 0xe7878b},
    {0x40e4, 0xe7878e},
    {0x5040, 0xe7878f},
    {0x40e5, 0xe78790},
    {0x40e6, 0xe78792},
    {0x5041, 0xe78796},
    {0x5042, 0xe78799},
    {0x5043, 0xe7879b},
    {0x40e9, 0xe7879f},
    {0x5044, 0xe787a0},
    {0x5045, 0xe787ac},
    {0x5046, 0xe787b9},
    {0x5047, 0xe787bd},
    {0x40f3, 0xe78880},
    {0x5048, 0xe78881},
    {0x40f4, 0xe78886},
    {0x5049, 0xe78887},
    {0x40f5, 0xe78890},
    {0x504d, 0xe78894},
    {0x504e, 0xe78897},
    {0x504f, 0xe7889a},
    {0x40f6, 0xe7889b},
    {0x5050, 0xe7889f},
    {0x5051, 0xe788a5},
    {0x5052, 0xe788a8},
    {0x40f7, 0xe788aa},
    {0x40fa, 0xe788b0},
    {0x40fb, 0xe788b2},
    {0x5053, 0xe788b3},
    {0x4102, 0xe78980},
    {0x5056, 0xe78982},
    {0x5057, 0xe7898b},
    {0x4106, 0xe7898c},
    {0x4107, 0xe78992},
    {0x505a, 0xe78996},
    {0x505b, 0xe7899a},
    {0x410a, 0xe7899b},
    {0x410b, 0xe7899d},
    {0x410c, 0xe7899f},
    {0x505c, 0xe789a3},
    {0x410f, 0xe789a7},
    {0x4110, 0xe789a9},
    {0x505d, 0xe789af},
    {0x4111, 0xe789b2},
    {0x505e, 0xe789b4},
    {0x505f, 0xe789b8},
    {0x4112, 0xe789b9},
    {0x4113, 0xe789bd},
    {0x5060, 0xe78a82},
    {0x5061, 0xe78a87},
    {0x5062, 0xe78a8d},
    {0x5063, 0xe78a92},
    {0x5064, 0xe78a96},
    {0x5065, 0xe78a9c},
    {0x4116, 0xe78aa2},
    {0x4117, 0xe78aa7},
    {0x4118, 0xe78aac},
    {0x4119, 0xe78aaf},
    {0x411a, 0xe78b80},
    {0x411b, 0xe78b82},
    {0x411c, 0xe78b84},
    {0x5069, 0xe78b89},
    {0x411d, 0xe78b8e},
    {0x411e, 0xe78b90},
    {0x506a, 0xe78b92},
    {0x411f, 0xe78b97},
    {0x4120, 0xe78b99},
    {0x4121, 0xe78ba1},
    {0x506b, 0xe78ba2},
    {0x506c, 0xe78ba5},
    {0x506d, 0xe78ba8},
    {0x4122, 0xe78ba9},
    {0x506e, 0xe78bb4},
    {0x506f, 0xe78bb7},
    {0x5072, 0xe78c89},
    {0x4127, 0xe78c8a},
    {0x5073, 0xe78c93},
    {0x4128, 0xe78c96},
    {0x5077, 0xe78ca0},
    {0x5078, 0xe78ca2},
    {0x412c, 0xe78ca5},
    {0x507b, 0xe78cb1},
    {0x507c, 0xe78cb4},
    {0x507d, 0xe78d83},
    {0x507e, 0xe78d8e},
    {0x4136, 0xe78d90},
    {0x4137, 0xe78d92},
    {0x4138, 0xe78d97},
    {0x507f, 0xe78d98},
    {0x5080, 0xe78d9c},
    {0x5081, 0xe78da0},
    {0x5082, 0xe78da4},
    {0x4139, 0xe78da8},
    {0x5083, 0xe78da9},
    {0x413a, 0xe78daa},
    {0x5086, 0xe78daf},
    {0x413b, 0xe78db0},
    {0x413c, 0xe78db2},
    {0x413d, 0xe78db5},
    {0x5087, 0xe78db7},
    {0x413e, 0xe78db8},
    {0x5088, 0xe78dbc},
    {0x5089, 0xe78e81},
    {0x4141, 0xe78e84},
    {0x508a, 0xe78e88},
    {0x4144, 0xe78e89},
    {0x4145, 0xe78e8b},
    {0x4146, 0xe78e8e},
    {0x508b, 0xe78e92},
    {0x4147, 0xe78e94},
    {0x508c, 0xe78e95},
    {0x508d, 0xe78e9e},
    {0x414b, 0xe78e9f},
    {0x508e, 0xe78ea0},
    {0x508f, 0xe78ea6},
    {0x414c, 0xe78ea7},
    {0x414d, 0xe78ea9},
    {0x414e, 0xe78ead},
    {0x5092, 0xe78eb4},
    {0x5093, 0xe78eb7},
    {0x4151, 0xe78eb9},
    {0x5097, 0xe78ebf},
    {0x4152, 0xe78f80},
    {0x4153, 0xe78f82},
    {0x5098, 0xe78f86},
    {0x5099, 0xe78f88},
    {0x4158, 0xe78f8f},
    {0x509a, 0xe78f92},
    {0x4159, 0xe78f96},
    {0x415a, 0xe78f99},
    {0x415d, 0xe78fa0},
    {0x509d, 0xe78fa2},
    {0x509e, 0xe78fab},
    {0x4164, 0xe78fad},
    {0x509f, 0xe78fae},
    {0x50a0, 0xe78fb5},
    {0x4165, 0xe78fb7},
    {0x50a1, 0xe78fb8},
    {0x4166, 0xe78fb9},
    {0x4169, 0xe79081},
    {0x416a, 0xe79083},
    {0x50a2, 0xe79084},
    {0x416e, 0xe79089},
    {0x416f, 0xe79093},
    {0x4170, 0xe7909b},
    {0x50a5, 0xe7909d},
    {0x50a6, 0xe7909f},
    {0x50a7, 0xe790a4},
    {0x4176, 0xe790a8},
    {0x4181, 0xe790b8},
    {0x4182, 0xe790ba},
    {0x4183, 0xe790bf},
    {0x50aa, 0xe79182},
    {0x4188, 0xe7918b},
    {0x50af, 0xe7918c},
    {0x50b0, 0xe7918e},
    {0x4189, 0xe79195},
    {0x418a, 0xe79197},
    {0x50b1, 0xe7919d},
    {0x4192, 0xe791a2},
    {0x50b2, 0xe791a3},
    {0x4198, 0xe791af},
    {0x50b9, 0xe791bd},
    {0x4199, 0xe791be},
    {0x50ba, 0xe79280},
    {0x419c, 0xe79287},
    {0x419d, 0xe79289},
    {0x50be, 0xe7928a},
    {0x419e, 0xe7928b},
    {0x50bf, 0xe7928c},
    {0x50c0, 0xe79290},
    {0x419f, 0xe79298},
    {0x41a0, 0xe7929c},
    {0x50c1, 0xe7929d},
    {0x41a3, 0xe792a1},
    {0x41a4, 0xe792a3},
    {0x41a5, 0xe792a5},
    {0x41a8, 0xe792aa},
    {0x50c2, 0xe792ab},
    {0x41a9, 0xe792b0},
    {0x50c3, 0xe792b1},
    {0x41aa, 0xe792b2},
    {0x41ab, 0xe792b5},
    {0x50c4, 0xe792b6},
    {0x50c5, 0xe792b8},
    {0x41ac, 0xe792b9},
    {0x50c6, 0xe792bc},
    {0x41ad, 0xe792bd},
    {0x41ae, 0xe792bf},
    {0x50c7, 0xe79380},
    {0x41af, 0xe79386},
    {0x41b0, 0xe7938a},
    {0x50c8, 0xe7938d},
    {0x41b1, 0xe7938f},
    {0x50c9, 0xe79390},
    {0x50ca, 0xe79393},
    {0x41b2, 0xe79394},
    {0x41b3, 0xe79398},
    {0x41b4, 0xe7939a},
    {0x50cb, 0xe7939b},
    {0x41b5, 0xe7939c},
    {0x41b6, 0xe793a0},
    {0x41b9, 0xe793a6},
    {0x50cc, 0xe793a9},
    {0x41ba, 0xe793ae},
    {0x41bb, 0xe793b7},
    {0x41bc, 0xe79481},
    {0x50cf, 0xe79483},
    {0x41bd, 0xe79484},
    {0x41be, 0xe79491},
    {0x50d3, 0xe79493},
    {0x41bf, 0xe79495},
    {0x41c0, 0xe79498},
    {0x50d4, 0xe7949c},
    {0x50d5, 0xe7949e},
    {0x41c3, 0xe7949f},
    {0x50d6, 0xe794a2},
    {0x41c4, 0xe794a3},
    {0x50d7, 0xe794a4},
    {0x41c7, 0xe794a8},
    {0x41d0, 0xe794ba},
    {0x50d8, 0xe794bb},
    {0x50d9, 0xe794bf},
    {0x50da, 0xe79583},
    {0x41d1, 0xe79587},
    {0x41d2, 0xe7958c},
    {0x50dd, 0xe7958e},
    {0x41d3, 0xe7958f},
    {0x41d4, 0xe79591},
    {0x41d7, 0xe79599},
    {0x50de, 0xe7959a},
    {0x50df, 0xe795a0},
    {0x41db, 0xe795a2},
    {0x50e0, 0xe795a4},
    {0x50e1, 0xe795a7},
    {0x41de, 0xe795aa},
    {0x50e2, 0xe795ab},
    {0x41e3, 0xe795b8},
    {0x41e4, 0xe795ba},
    {0x41e5, 0xe795bf},
    {0x50e3, 0xe79688},
    {0x41ec, 0xe79691},
    {0x50e4, 0xe79694},
    {0x41ed, 0xe7969d},
    {0x50e7, 0xe796a3},
    {0x41ee, 0xe796a5},
    {0x50e8, 0xe796a9},
    {0x41ef, 0xe796ab},
    {0x50e9, 0xe796b4},
    {0x41f3, 0xe796b5},
    {0x50ea, 0xe79780},
    {0x41f9, 0xe79782},
    {0x50eb, 0xe79783},
    {0x41fa, 0xe79785},
    {0x41fb, 0xe79787},
    {0x50ec, 0xe7978a},
    {0x41fc, 0xe7978d},
    {0x50ed, 0xe7978e},
    {0x41fd, 0xe79792},
    {0x50ee, 0xe79793},
    {0x4202, 0xe7979b},
    {0x50ef, 0xe7979e},
    {0x4203, 0xe797a2},
    {0x50f2, 0xe797a7},
    {0x4204, 0xe797b0},
    {0x4205, 0xe797b2},
    {0x50f3, 0xe797b3},
    {0x4206, 0xe797b4},
    {0x50f4, 0xe797b9},
    {0x4207, 0xe797ba},
    {0x4208, 0xe797bc},
    {0x50f5, 0xe797bf},
    {0x4209, 0xe79880},
    {0x50f6, 0xe79881},
    {0x50fa, 0xe7988b},
    {0x420a, 0xe7988d},
    {0x50fb, 0xe79890},
    {0x50fc, 0xe79895},
    {0x420b, 0xe79899},
    {0x4210, 0xe798a4},
    {0x4211, 0xe798a6},
    {0x50fd, 0xe798a7},
    {0x4212, 0xe798bb},
    {0x4213, 0xe79982},
    {0x5103, 0xe79983},
    {0x4214, 0xe7998c},
    {0x4215, 0xe7998e},
    {0x4216, 0xe79992},
    {0x5108, 0xe79995},
    {0x4217, 0xe79996},
    {0x5109, 0xe79998},
    {0x510a, 0xe7999c},
    {0x4218, 0xe799a1},
    {0x510b, 0xe799a2},
    {0x4219, 0xe799a4},
    {0x510c, 0xe799a5},
    {0x421a, 0xe799a9},
    {0x421b, 0xe799ac},
    {0x421c, 0xe799b0},
    {0x5112, 0xe799b1},
    {0x421d, 0xe799b2},
    {0x421e, 0xe799b8},
    {0x5115, 0xe79a83},
    {0x4223, 0xe79a84},
    {0x5116, 0xe79a8b},
    {0x4226, 0xe79a8e},
    {0x4227, 0xe79a90},
    {0x5117, 0xe79a92},
    {0x4228, 0xe79a93},
    {0x511d, 0xe79a9e},
    {0x511e, 0xe79aa4},
    {0x511f, 0xe79aac},
    {0x4229, 0xe79aae},
    {0x5120, 0xe79ab4},
    {0x5121, 0xe79ab6},
    {0x5122, 0xe79ab8},
    {0x422a, 0xe79aba},
    {0x422b, 0xe79abf},
    {0x422e, 0xe79b86},
    {0x422f, 0xe79b88},
    {0x4230, 0xe79b8a},
    {0x4231, 0xe79b92},
    {0x4232, 0xe79b96},
    {0x5128, 0xe79b99},
    {0x4237, 0xe79ba1},
    {0x5129, 0xe79ba5},
    {0x423a, 0xe79ba7},
    {0x512a, 0xe79baa},
    {0x512b, 0xe79bac},
    {0x423b, 0xe79bae},
    {0x512c, 0xe79bb1},
    {0x423c, 0xe79bb2},
    {0x423d, 0xe79bb4},
    {0x423e, 0xe79bb8},
    {0x512d, 0xe79bb9},
    {0x512e, 0xe79bbb},
    {0x423f, 0xe79bbc},
    {0x4240, 0xe79bbe},
    {0x512f, 0xe79bbf},
    {0x5130, 0xe79c80},
    {0x4241, 0xe79c81},
    {0x5131, 0xe79c82},
    {0x4242, 0xe79c84},
    {0x5132, 0xe79c87},
    {0x5133, 0xe79c8a},
    {0x4245, 0xe79c8b},
    {0x5134, 0xe79c8c},
    {0x5135, 0xe79c90},
    {0x4246, 0xe79c9e},
    {0x5138, 0xe79c9f},
    {0x4247, 0xe79ca0},
    {0x513b, 0xe79ca8},
    {0x4248, 0xe79ca9},
    {0x513c, 0xe79cb4},
    {0x513d, 0xe79cb9},
    {0x424b, 0xe79cba},
    {0x513e, 0xe79cbb},
    {0x424c, 0xe79cbc},
    {0x513f, 0xe79cbe},
    {0x424d, 0xe79d80},
    {0x5140, 0xe79d83},
    {0x424e, 0xe79d8d},
    {0x5143, 0xe79d92},
    {0x5144, 0xe79d9a},
    {0x424f, 0xe79d9b},
    {0x4250, 0xe79da1},
    {0x5147, 0xe79da2},
    {0x4251, 0xe79da3},
    {0x5148, 0xe79da5},
    {0x4252, 0xe79da6},
    {0x5149, 0xe79da8},
    {0x4253, 0xe79dab},
    {0x514a, 0xe79dac},
    {0x514b, 0xe79db7},
    {0x4254, 0xe79db9},
    {0x514c, 0xe79dbd},
    {0x4257, 0xe79e8b},
    {0x4258, 0xe79e91},
    {0x514f, 0xe79e96},
    {0x5150, 0xe79e99},
    {0x4259, 0xe79e9e},
    {0x5151, 0xe79ea0},
    {0x5152, 0xe79ea2},
    {0x425a, 0xe79ea5},
    {0x5153, 0xe79eaa},
    {0x5154, 0xe79eae},
    {0x425d, 0xe79eb0},
    {0x425e, 0xe79eb3},
    {0x5155, 0xe79eb9},
    {0x5156, 0xe79ebd},
    {0x4261, 0xe79ebf},
    {0x5157, 0xe79f87},
    {0x5158, 0xe79f89},
    {0x5159, 0xe79f8d},
    {0x4262, 0xe79f97},
    {0x515c, 0xe79f9e},
    {0x515d, 0xe79fa1},
    {0x4267, 0xe79fa5},
    {0x515e, 0xe79fa7},
    {0x4268, 0xe79fa9},
    {0x515f, 0xe79fb0},
    {0x426c, 0xe79fb3},
    {0x5160, 0xe79fb8},
    {0x426d, 0xe7a082},
    {0x5165, 0xe7a087},
    {0x5166, 0xe7a08c},
    {0x5167, 0xe7a08f},
    {0x5168, 0xe7a091},
    {0x426e, 0xe7a092},
    {0x5169, 0xe7a0a2},
    {0x4272, 0xe7a0ac},
    {0x516a, 0xe7a0ad},
    {0x516b, 0xe7a0b0},
    {0x4273, 0xe7a0b2},
    {0x4274, 0xe7a0b4},
    {0x516c, 0xe7a183},
    {0x4275, 0xe7a185},
    {0x4276, 0xe7a18f},
    {0x4277, 0xe7a19d},
    {0x516f, 0xe7a1a0},
    {0x5172, 0xe7a1aa},
    {0x5173, 0xe7a1ae},
    {0x427a, 0xe7a1af},
    {0x5174, 0xe7a1b3},
    {0x427b, 0xe7a1bc},
    {0x427c, 0xe7a281},
    {0x5175, 0xe7a284},
    {0x427d, 0xe7a287},
    {0x5176, 0xe7a28f},
    {0x4281, 0xe7a291},
    {0x5177, 0xe7a293},
    {0x4282, 0xe7a297},
    {0x5178, 0xe7a29f},
    {0x4283, 0xe7a2a3},
    {0x5179, 0xe7a2a4},
    {0x4284, 0xe7a2a7},
    {0x517a, 0xe7a2a8},
    {0x4285, 0xe7a2a9},
    {0x517d, 0xe7a2be},
    {0x4289, 0xe7a381},
    {0x428a, 0xe7a385},
    {0x517e, 0xe7a388},
    {0x428d, 0xe7a38e},
    {0x517f, 0xe7a38f},
    {0x428e, 0xe7a390},
    {0x5180, 0xe7a391},
    {0x5183, 0xe7a397},
    {0x5184, 0xe7a39a},
    {0x5185, 0xe7a3a0},
    {0x5186, 0xe7a3a7},
    {0x428f, 0xe7a3a8},
    {0x5187, 0xe7a3aa},
    {0x4290, 0xe7a3ac},
    {0x4291, 0xe7a3af},
    {0x5188, 0xe7a3b4},
    {0x4292, 0xe7a3b5},
    {0x5189, 0xe7a3b7},
    {0x518a, 0xe7a3ba},
    {0x4293, 0xe7a3bb},
    {0x4294, 0xe7a481},
    {0x518d, 0xe7a48c},
    {0x4295, 0xe7a48e},
    {0x518e, 0xe7a48f},
    {0x4296, 0xe7a496},
    {0x5191, 0xe7a499},
    {0x5192, 0xe7a4a7},
    {0x5193, 0xe7a4ad},
    {0x5194, 0xe7a4b1},
    {0x429a, 0xe7a4ba},
    {0x5195, 0xe7a4bc},
    {0x429b, 0xe7a4be},
    {0x5199, 0xe7a58a},
    {0x42a1, 0xe7a590},
    {0x519d, 0xe7a598},
    {0x519e, 0xe7a59f},
    {0x42a9, 0xe7a5a0},
    {0x519f, 0xe7a5a2},
    {0x42aa, 0xe7a5a5},
    {0x51a0, 0xe7a5a7},
    {0x42ab, 0xe7a5a8},
    {0x42ac, 0xe7a5ad},
    {0x51a1, 0xe7a5b9},
    {0x42ad, 0xe7a5ba},
    {0x51a2, 0xe7a5bc},
    {0x42ae, 0xe7a5bf},
    {0x51a3, 0xe7a680},
    {0x42af, 0xe7a681},
    {0x42b3, 0xe7a691},
    {0x51a6, 0xe7a694},
    {0x51a7, 0xe7a69b},
    {0x51a8, 0xe7a69d},
    {0x51a9, 0xe7a6a8},
    {0x42b6, 0xe7a6aa},
    {0x51aa, 0xe7a6ab},
    {0x42b7, 0xe7a6ae},
    {0x51ab, 0xe7a6b0},
    {0x42b8, 0xe7a6b1},
    {0x42b9, 0xe7a6b3},
    {0x51ac, 0xe7a6b4},
    {0x42ba, 0xe7a6b9},
    {0x51b0, 0xe7a784},
    {0x51b1, 0xe7a786},
    {0x42c5, 0xe7a795},
    {0x42c6, 0xe7a798},
    {0x51b2, 0xe7a79e},
    {0x42c7, 0xe7a79f},
    {0x42c8, 0xe7a7a4},
    {0x42cb, 0xe7a7a9},
    {0x51b8, 0xe7a7b5},
    {0x51b9, 0xe7a7b8},
    {0x42cc, 0xe7a7bb},
    {0x42cd, 0xe7a880},
    {0x42ce, 0xe7a885},
    {0x42cf, 0xe7a888},
    {0x51bc, 0xe7a88a},
    {0x42d0, 0xe7a88b},
    {0x51bd, 0xe7a88c},
    {0x42d1, 0xe7a88d},
    {0x42d2, 0xe7a894},
    {0x42d3, 0xe7a897},
    {0x51be, 0xe7a898},
    {0x42d6, 0xe7a89c},
    {0x51bf, 0xe7a89e},
    {0x51c0, 0xe7a8a2},
    {0x51c1, 0xe7a8a4},
    {0x51c2, 0xe7a8a7},
    {0x42d9, 0xe7a8ae},
    {0x51c3, 0xe7a8b0},
    {0x42da, 0xe7a8b1},
    {0x51c4, 0xe7a8b3},
    {0x51c5, 0xe7a8b9},
    {0x42e0, 0xe7a8bf},
    {0x42e1, 0xe7a980},
    {0x51c6, 0xe7a982},
    {0x51c7, 0xe7a985},
    {0x42e2, 0xe7a986},
    {0x42e3, 0xe7a989},
    {0x51c8, 0xe7a98c},
    {0x51c9, 0xe7a992},
    {0x42e6, 0xe7a997},
    {0x51ca, 0xe7a9a0},
    {0x51cb, 0xe7a9a6},
    {0x42e9, 0xe7a9a9},
    {0x42ea, 0xe7a9ab},
    {0x42eb, 0xe7a9b0},
    {0x42ec, 0xe7a9b4},
    {0x51cc, 0xe7a9b5},
    {0x42ed, 0xe7a9b6},
    {0x42f0, 0xe7a9bd},
    {0x51cd, 0xe7a9be},
    {0x42f1, 0xe7a9bf},
    {0x51ce, 0xe7aa80},
    {0x42f2, 0xe7aa81},
    {0x42f3, 0xe7aa84},
    {0x42f4, 0xe7aa88},
    {0x51d3, 0xe7aa8a},
    {0x42f7, 0xe7aa95},
    {0x42f8, 0xe7aa98},
    {0x51d6, 0xe7aa99},
    {0x51d7, 0xe7aa9b},
    {0x42f9, 0xe7aa9f},
    {0x51d8, 0xe7aaa0},
    {0x51d9, 0xe7aaa3},
    {0x51da, 0xe7aaac},
    {0x51db, 0xe7aab3},
    {0x51dc, 0xe7aab6},
    {0x51dd, 0xe7aab9},
    {0x42fe, 0xe7aaba},
    {0x51de, 0xe7aabb},
    {0x4301, 0xe7ab87},
    {0x51e1, 0xe7ab88},
    {0x4304, 0xe7ab97},
    {0x4305, 0xe7ab99},
    {0x51e2, 0xe7ab9c},
    {0x4306, 0xe7ab9d},
    {0x51e3, 0xe7aba2},
    {0x4309, 0xe7aba3},
    {0x430a, 0xe7aba5},
    {0x51e4, 0xe7aba6},
    {0x430b, 0xe7abaa},
    {0x430c, 0xe7abad},
    {0x430d, 0xe7abaf},
    {0x51e5, 0xe7abb4},
    {0x430e, 0xe7abb6},
    {0x51e6, 0xe7abb8},
    {0x51e7, 0xe7abbd},
    {0x4311, 0xe7abbf},
    {0x51e8, 0xe7ac86},
    {0x51e9, 0xe7ac88},
    {0x51ea, 0xe7ac8a},
    {0x51eb, 0xe7ac8c},
    {0x51ec, 0xe7ac8e},
    {0x4312, 0xe7ac8f},
    {0x4313, 0xe7ac91},
    {0x51ed, 0xe7ac92},
    {0x51ee, 0xe7ac98},
    {0x4314, 0xe7ac99},
    {0x4315, 0xe7ac9b},
    {0x4316, 0xe7ac9e},
    {0x4317, 0xe7aca0},
    {0x51ef, 0xe7aca5},
    {0x4318, 0xe7aca6},
    {0x51f2, 0xe7acaf},
    {0x51f3, 0xe7acb3},
    {0x51f4, 0xe7acb5},
    {0x431b, 0xe7acb9},
    {0x51f5, 0xe7ad85},
    {0x431c, 0xe7ad86},
    {0x51f6, 0xe7ad88},
    {0x431d, 0xe7ad89},
    {0x51f7, 0xe7ad93},
    {0x4325, 0xe7ad94},
    {0x4326, 0xe7ad96},
    {0x51f8, 0xe7ad9f},
    {0x4327, 0xe7ada0},
    {0x51fc, 0xe7ada9},
    {0x4328, 0xe7adac},
    {0x4329, 0xe7adae},
    {0x51fd, 0xe7adb1},
    {0x51fe, 0xe7adb3},
    {0x432a, 0xe7adb5},
    {0x432b, 0xe7adbd},
    {0x432c, 0xe7ae87},
    {0x432d, 0xe7ae8b},
    {0x432e, 0xe7ae8f},
    {0x5201, 0xe7ae92},
    {0x4331, 0xe7ae97},
    {0x5202, 0xe7ae99},
    {0x4332, 0xe7ae9a},
    {0x5203, 0xe7ae9c},
    {0x4333, 0xe7ae9d},
    {0x5204, 0xe7aea0},
    {0x4334, 0xe7aea1},
    {0x4335, 0xe7aead},
    {0x4336, 0xe7aeb1},
    {0x4337, 0xe7aeb4},
    {0x4338, 0xe7aeb8},
    {0x5205, 0xe7aebe},
    {0x433b, 0xe7af84},
    {0x433e, 0xe7af89},
    {0x433f, 0xe7af92},
    {0x5209, 0xe7af94},
    {0x520a, 0xe7af99},
    {0x520b, 0xe7af9b},
    {0x520c, 0xe7af9d},
    {0x4340, 0xe7afa0},
    {0x520d, 0xe7afa1},
    {0x4341, 0xe7afa4},
    {0x520e, 0xe7afa6},
    {0x4342, 0xe7afa9},
    {0x520f, 0xe7afaa},
    {0x5210, 0xe7afb3},
    {0x5211, 0xe7afb7},
    {0x5212, 0xe7afbe},
    {0x5213, 0xe7b080},
    {0x4343, 0xe7b087},
    {0x5214, 0xe7b089},
    {0x5215, 0xe7b08b},
    {0x5216, 0xe7b08f},
    {0x4344, 0xe7b092},
    {0x4345, 0xe7b09e},
    {0x4346, 0xe7b0a1},
    {0x4347, 0xe7b0a7},
    {0x434d, 0xe7b183},
    {0x521b, 0xe7b190},
    {0x521c, 0xe7b192},
    {0x521d, 0xe7b194},
    {0x5220, 0xe7b19f},
    {0x4350, 0xe7b1a0},
    {0x4351, 0xe7b1a4},
    {0x5221, 0xe7b1a5},
    {0x5222, 0xe7b1a7},
    {0x5223, 0xe7b1a9},
    {0x4352, 0xe7b1ac},
    {0x5224, 0xe7b1b2},
    {0x4353, 0xe7b1b3},
    {0x5225, 0xe7b1be},
    {0x5226, 0xe7b281},
    {0x4354, 0xe7b283},
    {0x4355, 0xe7b289},
    {0x5227, 0xe7b28d},
    {0x4356, 0xe7b292},
    {0x4357, 0xe7b295},
    {0x435a, 0xe7b29f},
    {0x5228, 0xe7b2a2},
    {0x5229, 0xe7b2a4},
    {0x435b, 0xe7b2a5},
    {0x522a, 0xe7b2a6},
    {0x435c, 0xe7b2a7},
    {0x522b, 0xe7b2a8},
    {0x435d, 0xe7b2ae},
    {0x4361, 0xe7b2b9},
    {0x4362, 0xe7b2be},
    {0x4363, 0xe7b38a},
    {0x5230, 0xe7b395},
    {0x4364, 0xe7b396},
    {0x5231, 0xe7b397},
    {0x5236, 0xe7b3a2},
    {0x5237, 0xe7b3a5},
    {0x4368, 0xe7b3a7},
    {0x5238, 0xe7b3af},
    {0x523e, 0xe7b3b8},
    {0x523f, 0xe7b3ba},
    {0x4369, 0xe7b3bb},
    {0x436a, 0xe7b3be},
    {0x436b, 0xe7b480},
    {0x436c, 0xe7b482},
    {0x5240, 0xe7b483},
    {0x4374, 0xe7b48d},
    {0x4375, 0xe7b490},
    {0x5241, 0xe7b493},
    {0x4376, 0xe7b494},
    {0x5242, 0xe7b495},
    {0x5243, 0xe7b49c},
    {0x4384, 0xe7b4b3},
    {0x4385, 0xe7b4b5},
    {0x5246, 0xe7b4b8},
    {0x5247, 0xe7b581},
    {0x5248, 0xe7b589},
    {0x5249, 0xe7b58d},
    {0x438d, 0xe7b590},
    {0x524a, 0xe7b591},
    {0x524d, 0xe7b599},
    {0x438e, 0xe7b59e},
    {0x5250, 0xe7b5a3},
    {0x4391, 0xe7b5a6},
    {0x4392, 0xe7b5a8},
    {0x5251, 0xe7b5a9},
    {0x4393, 0xe7b5aa},
    {0x4394, 0xe7b5ae},
    {0x5252, 0xe7b5b0},
    {0x5253, 0xe7b5b5},
    {0x4398, 0xe7b5b6},
    {0x4399, 0xe7b5b9},
    {0x5254, 0xe7b5ba},
    {0x439a, 0xe7b5bf},
    {0x5255, 0xe7b683},
    {0x5256, 0xe7b686},
    {0x439d, 0xe7b693},
    {0x5257, 0xe7b698},
    {0x439e, 0xe7b69c},
    {0x439f, 0xe7b6a0},
    {0x43a0, 0xe7b6a2},
    {0x5258, 0xe7b6a3},
    {0x525c, 0xe7b6a9},
    {0x525d, 0xe7b6ab},
    {0x525e, 0xe7b6ae},
    {0x525f, 0xe7b6b0},
    {0x43a7, 0xe7b6b8},
    {0x5260, 0xe7b784},
    {0x43ad, 0xe7b787},
    {0x5263, 0xe7b78f},
    {0x43b0, 0xe7b796},
    {0x5264, 0xe7b797},
    {0x43b1, 0xe7b798},
    {0x43b2, 0xe7b79a},
    {0x5265, 0xe7b79c},
    {0x43b7, 0xe7b7a3},
    {0x5266, 0xe7b7a6},
    {0x43ba, 0xe7b7ac},
    {0x43bb, 0xe7b7af},
    {0x43bc, 0xe7b7b4},
    {0x5267, 0xe7b7b6},
    {0x5268, 0xe7b7b9},
    {0x43bd, 0xe7b7bb},
    {0x5269, 0xe7b883},
    {0x526c, 0xe7b88b},
    {0x43c0, 0xe7b895},
    {0x43c1, 0xe7b89b},
    {0x5271, 0xe7b8a0},
    {0x43c5, 0xe7b8a1},
    {0x5272, 0xe7b8a2},
    {0x43c6, 0xe7b8a3},
    {0x43c7, 0xe7b8ab},
    {0x43ca, 0xe7b8b1},
    {0x5275, 0xe7b8b5},
    {0x43cb, 0xe7b8b7},
    {0x5276, 0xe7b8b9},
    {0x5277, 0xe7b8bb},
    {0x43ce, 0xe7b981},
    {0x43cf, 0xe7b983},
    {0x527a, 0xe7b988},
    {0x527b, 0xe7b990},
    {0x43d2, 0xe7b992},
    {0x43d5, 0xe7b99e},
    {0x43d6, 0xe7b9a1},
    {0x5280, 0xe7b9a2},
    {0x43da, 0xe7b9ad},
    {0x5281, 0xe7b9af},
    {0x43db, 0xe7b9b0},
    {0x5282, 0xe7b9b6},
    {0x43dc, 0xe7b9b9},
    {0x43dd, 0xe7b9bc},
    {0x5285, 0xe7ba81},
    {0x43de, 0xe7ba82},
    {0x5288, 0xe7ba8a},
    {0x43df, 0xe7ba8c},
    {0x5289, 0xe7ba8d},
    {0x43e0, 0xe7ba8f},
    {0x43e1, 0xe7ba93},
    {0x528a, 0xe7ba94},
    {0x43e2, 0xe7ba96},
    {0x43e3, 0xe7ba98},
    {0x43e6, 0xe7bcb6},
    {0x528b, 0xe7bcb7},
    {0x43e7, 0xe7bcb8},
    {0x43e8, 0xe7bcba},
    {0x5291, 0xe7bd87},
    {0x5292, 0xe7bd8b},
    {0x43e9, 0xe7bd8c},
    {0x43ea, 0xe7bd90},
    {0x5295, 0xe7bd96},
    {0x5296, 0xe7bd98},
    {0x5297, 0xe7bd9d},
    {0x529b, 0xe7bda3},
    {0x529c, 0xe7bda6},
    {0x529d, 0xe7bda8},
    {0x43ef, 0xe7bdae},
    {0x43f0, 0xe7bdb0},
    {0x43f1, 0xe7bdb2},
    {0x43f2, 0xe7bdb5},
    {0x43f3, 0xe7bdb7},
    {0x529e, 0xe7bdb8},
    {0x43f4, 0xe7bdb9},
    {0x52a2, 0xe7be82},
    {0x43f5, 0xe7be85},
    {0x43f6, 0xe7be88},
    {0x43f7, 0xe7be8a},
    {0x43f8, 0xe7be8c},
    {0x43f9, 0xe7be8e},
    {0x43fa, 0xe7be94},
    {0x43fb, 0xe7be9a},
    {0x52a8, 0xe7be9d},
    {0x43fc, 0xe7be9e},
    {0x52a9, 0xe7bea1},
    {0x43fd, 0xe7bea4},
    {0x52aa, 0xe7beab},
    {0x52ab, 0xe7beaf},
    {0x4400, 0xe7beb2},
    {0x52ac, 0xe7beb6},
    {0x4403, 0xe7bebd},
    {0x52ad, 0xe7bebf},
    {0x4404, 0xe7bf81},
    {0x4405, 0xe7bf85},
    {0x4406, 0xe7bf8a},
    {0x4407, 0xe7bf8c},
    {0x4408, 0xe7bf8e},
    {0x4409, 0xe7bf92},
    {0x52ae, 0xe7bf96},
    {0x52af, 0xe7bf9b},
    {0x52b2, 0xe7bfa6},
    {0x440f, 0xe7bfa9},
    {0x4410, 0xe7bfab},
    {0x52b3, 0xe7bfac},
    {0x52b4, 0xe7bfae},
    {0x4411, 0xe7bfb0},
    {0x52b5, 0xe7bfb3},
    {0x4412, 0xe7bfb9},
    {0x4413, 0xe7bfbc},
    {0x52b8, 0xe7bfbe},
    {0x4416, 0xe88083},
    {0x52b9, 0xe88084},
    {0x4419, 0xe88089},
    {0x441a, 0xe8808c},
    {0x441b, 0xe88090},
    {0x52be, 0xe88094},
    {0x441c, 0xe88095},
    {0x52bf, 0xe88096},
    {0x52c0, 0xe88099},
    {0x52c1, 0xe8809e},
    {0x52c2, 0xe880a1},
    {0x52c3, 0xe880a6},
    {0x52c4, 0xe880a8},
    {0x52c5, 0xe880ac},
    {0x441f, 0xe880ad},
    {0x52c6, 0xe880b0},
    {0x4420, 0xe880b3},
    {0x4421, 0xe880b6},
    {0x4422, 0xe880bd},
    {0x4423, 0xe880bf},
    {0x4424, 0xe88183},
    {0x4425, 0xe88186},
    {0x52c7, 0xe88188},
    {0x4426, 0xe8818a},
    {0x52c8, 0xe88192},
    {0x52c9, 0xe88195},
    {0x4427, 0xe88196},
    {0x4428, 0xe88198},
    {0x4429, 0xe8819a},
    {0x442a, 0xe8819e},
    {0x52ca, 0xe881a1},
    {0x52cb, 0xe881b1},
    {0x442f, 0xe881b7},
    {0x4437, 0xe88289},
    {0x52ce, 0xe88293},
    {0x443a, 0xe88296},
    {0x52cf, 0xe88298},
    {0x52d0, 0xe8829a},
    {0x443b, 0xe8829b},
    {0x443c, 0xe8829d},
    {0x443f, 0xe882a5},
    {0x52d1, 0xe882a6},
    {0x52d2, 0xe882ab},
    {0x52d3, 0xe882ad},
    {0x4442, 0xe882af},
    {0x4445, 0xe882b4},
    {0x52d4, 0xe882b5},
    {0x4446, 0xe882ba},
    {0x52d5, 0xe88386},
    {0x52d6, 0xe8838a},
    {0x4449, 0xe8838c},
    {0x444a, 0xe8838e},
    {0x52d9, 0xe88399},
    {0x52da, 0xe8839c},
    {0x444d, 0xe8839e},
    {0x52db, 0xe883a0},
    {0x444e, 0xe883a1},
    {0x52dc, 0xe883af},
    {0x4451, 0xe883b1},
    {0x4452, 0xe883b4},
    {0x52dd, 0xe883b7},
    {0x4453, 0xe883b8},
    {0x4454, 0xe883bd},
    {0x52de, 0xe883be},
    {0x4455, 0xe88482},
    {0x52df, 0xe88489},
    {0x445a, 0xe8848a},
    {0x445b, 0xe88498},
    {0x445e, 0xe884a3},
    {0x52e2, 0xe884a4},
    {0x52e3, 0xe884a7},
    {0x445f, 0xe884a9},
    {0x4460, 0xe884ab},
    {0x4461, 0xe884af},
    {0x52e4, 0xe884b0},
    {0x4462, 0xe884b9},
    {0x52e5, 0xe884ba},
    {0x4463, 0xe884be},
    {0x52e6, 0xe88581},
    {0x52e7, 0xe88586},
    {0x52e8, 0xe8858a},
    {0x4464, 0xe8858b},
    {0x4465, 0xe8858e},
    {0x52eb, 0xe885a0},
    {0x52ec, 0xe885a4},
    {0x446c, 0xe885ab},
    {0x52ed, 0xe885ad},
    {0x52ee, 0xe885b4},
    {0x4472, 0xe885bf},
    {0x4473, 0xe88680},
    {0x52f4, 0xe88686},
    {0x4474, 0xe88688},
    {0x4475, 0xe8868a},
    {0x52f5, 0xe8868b},
    {0x4476, 0xe8868f},
    {0x4477, 0xe8869a},
    {0x52f6, 0xe8869e},
    {0x447a, 0xe886a0},
    {0x447b, 0xe886a3},
    {0x447c, 0xe886a8},
    {0x52f7, 0xe886a9},
    {0x52f8, 0xe886b0},
    {0x447d, 0xe886b3},
    {0x52f9, 0xe886b4},
    {0x447e, 0xe886b5},
    {0x447f, 0xe886ba},
    {0x4483, 0xe88780},
    {0x4484, 0xe88782},
    {0x4485, 0xe88786},
    {0x52fc, 0xe8878a},
    {0x4486, 0xe8878d},
    {0x52fd, 0xe8878f},
    {0x52fe, 0xe88791},
    {0x4487, 0xe88798},
    {0x5301, 0xe8879d},
    {0x4488, 0xe8879f},
    {0x5302, 0xe887a0},
    {0x4489, 0xe887a3},
    {0x448a, 0xe887a5},
    {0x448d, 0xe887aa},
    {0x5303, 0xe887ac},
    {0x448e, 0xe887ad},
    {0x5304, 0xe887b6},
    {0x4494, 0xe887be},
    {0x4495, 0xe88885},
    {0x4498, 0xe8888a},
    {0x5308, 0xe88890},
    {0x449b, 0xe88892},
    {0x5309, 0xe88896},
    {0x530a, 0xe88898},
    {0x44a0, 0xe888a1},
    {0x530b, 0xe888b3},
    {0x530c, 0xe888b8},
    {0x44a7, 0xe888b9},
    {0x530d, 0xe888bd},
    {0x44a8, 0xe88980},
    {0x44a9, 0xe88985},
    {0x44aa, 0xe88987},
    {0x530e, 0xe8898d},
    {0x530f, 0xe88991},
    {0x5310, 0xe88998},
    {0x44ab, 0xe88999},
    {0x5311, 0xe8899a},
    {0x5312, 0xe8899f},
    {0x44ac, 0xe889a4},
    {0x44ad, 0xe889a6},
    {0x5313, 0xe889a8},
    {0x5316, 0xe889b4},
    {0x44b2, 0xe889b6},
    {0x5317, 0xe889b7},
    {0x44b3, 0xe889b8},
    {0x44b4, 0xe889be},
    {0x5318, 0xe88a83},
    {0x5319, 0xe88a8a},
    {0x44b5, 0xe88a8b},
    {0x531a, 0xe88a90},
    {0x44b8, 0xe88a92},
    {0x531b, 0xe88a94},
    {0x531c, 0xe88a98},
    {0x44bb, 0xe88a9d},
    {0x44bc, 0xe88a9f},
    {0x44bf, 0xe88aa9},
    {0x5324, 0xe88ab0},
    {0x44c4, 0xe88ab1},
    {0x44c5, 0xe88ab3},
    {0x5325, 0xe88abe},
    {0x44cc, 0xe88abf},
    {0x5326, 0xe88b85},
    {0x5327, 0xe88b93},
    {0x44d1, 0xe88b97},
    {0x44d2, 0xe88b9b},
    {0x5328, 0xe88b9c},
    {0x5329, 0xe88ba0},
    {0x44d5, 0xe88ba1},
    {0x532a, 0xe88ba3},
    {0x532b, 0xe88ba9},
    {0x532c, 0xe88bab},
    {0x44d9, 0xe88bb1},
    {0x5332, 0xe88bbf},
    {0x5333, 0xe88c80},
    {0x5334, 0xe88c88},
    {0x44e1, 0xe88c89},
    {0x44e2, 0xe88c97},
    {0x44e3, 0xe88ca8},
    {0x533b, 0xe88caa},
    {0x44e4, 0xe88cab},
    {0x44e5, 0xe88caf},
    {0x44e6, 0xe88cb1},
    {0x533e, 0xe88cbc},
    {0x44ec, 0xe88d80},
    {0x533f, 0xe88d83},
    {0x44ed, 0xe88d87},
    {0x44f0, 0xe88d8f},
    {0x5340, 0xe88d90},
    {0x5341, 0xe88da3},
    {0x44f3, 0xe88db3},
    {0x44f4, 0xe88db7},
    {0x5342, 0xe88dba},
    {0x44f5, 0xe88dbb},
    {0x5343, 0xe88e82},
    {0x5344, 0xe88e85},
    {0x44f8, 0xe88e8e},
    {0x44f9, 0xe88e96},
    {0x44fa, 0xe88e98},
    {0x5349, 0xe88e9d},
    {0x44fb, 0xe88e9e},
    {0x44fc, 0xe88ea2},
    {0x534c, 0xe88ea8},
    {0x534d, 0xe88ebb},
    {0x4500, 0xe88ebd},
    {0x5350, 0xe88f80},
    {0x4501, 0xe88f81},
    {0x5351, 0xe88f82},
    {0x4502, 0xe88f85},
    {0x4505, 0xe88f8c},
    {0x5352, 0xe88f91},
    {0x4506, 0xe88f93},
    {0x5353, 0xe88f94},
    {0x4507, 0xe88f96},
    {0x5354, 0xe88f98},
    {0x4508, 0xe88f9c},
    {0x4509, 0xe88fa9},
    {0x450a, 0xe88fab},
    {0x450f, 0xe88fb4},
    {0x5358, 0xe88fb6},
    {0x4510, 0xe88fb9},
    {0x5359, 0xe88fbb},
    {0x4511, 0xe88fbd},
    {0x4514, 0xe8908a},
    {0x535c, 0xe8908b},
    {0x4518, 0xe890a9},
    {0x4519, 0xe890ac},
    {0x451a, 0xe890b1},
    {0x535d, 0xe890b5},
    {0x451b, 0xe890b8},
    {0x535e, 0xe890b9},
    {0x535f, 0xe890bc},
    {0x451c, 0xe890bd},
    {0x5360, 0xe89186},
    {0x451d, 0xe89189},
    {0x5361, 0xe8918a},
    {0x5362, 0xe89191},
    {0x451e, 0xe89197},
    {0x5363, 0xe8919a},
    {0x451f, 0xe8919b},
    {0x4520, 0xe891a1},
    {0x4521, 0xe891a3},
    {0x4522, 0xe891a6},
    {0x5366, 0xe891ad},
    {0x4525, 0xe891af},
    {0x5369, 0xe891b3},
    {0x4526, 0xe891b5},
    {0x536a, 0xe891b7},
    {0x4527, 0xe891ba},
    {0x536b, 0xe89282},
    {0x536c, 0xe8928a},
    {0x4528, 0xe89290},
    {0x536d, 0xe89291},
    {0x4529, 0xe89294},
    {0x452a, 0xe89299},
    {0x452b, 0xe8929c},
    {0x536e, 0xe8929f},
    {0x452c, 0xe892a1},
    {0x536f, 0xe892a8},
    {0x5370, 0xe892ad},
    {0x5371, 0xe892af},
    {0x452d, 0xe892b2},
    {0x5372, 0xe892b4},
    {0x452e, 0xe892b8},
    {0x5375, 0xe892bd},
    {0x4531, 0xe892bf},
    {0x4532, 0xe89380},
    {0x5376, 0xe89381},
    {0x4533, 0xe89382},
    {0x4534, 0xe89384},
    {0x4535, 0xe89386},
    {0x4536, 0xe89389},
    {0x5377, 0xe8938a},
    {0x4537, 0xe8938b},
    {0x4538, 0xe8938d},
    {0x4539, 0xe89391},
    {0x537a, 0xe89393},
    {0x537b, 0xe89396},
    {0x453a, 0xe8939a},
    {0x453b, 0xe893ac},
    {0x537c, 0xe893ad},
    {0x453c, 0xe893ae},
    {0x537d, 0xe893af},
    {0x537e, 0xe893b1},
    {0x453d, 0xe893b4},
    {0x537f, 0xe893ba},
    {0x453e, 0xe893bc},
    {0x5380, 0xe893bd},
    {0x5381, 0xe89480},
    {0x5382, 0xe89486},
    {0x5383, 0xe8948e},
    {0x453f, 0xe89491},
    {0x5384, 0xe89495},
    {0x4544, 0xe8949a},
    {0x4545, 0xe8949e},
    {0x5385, 0xe8949f},
    {0x4546, 0xe894a1},
    {0x4547, 0xe894a3},
    {0x4548, 0xe894a5},
    {0x5386, 0xe894a6},
    {0x5387, 0xe894aa},
    {0x454b, 0xe894af},
    {0x5388, 0xe894b0},
    {0x454c, 0xe894bd},
    {0x454d, 0xe894bf},
    {0x454e, 0xe89581},
    {0x454f, 0xe89583},
    {0x5389, 0xe89586},
    {0x4550, 0xe89589},
    {0x4551, 0xe8958e},
    {0x4552, 0xe89593},
    {0x4553, 0xe89599},
    {0x5390, 0xe8959e},
    {0x5391, 0xe895a1},
    {0x4554, 0xe895a3},
    {0x5392, 0xe895a4},
    {0x5393, 0xe895ab},
    {0x4558, 0xe895ad},
    {0x5394, 0xe895b8},
    {0x5395, 0xe895ba},
    {0x5396, 0xe895be},
    {0x5397, 0xe89680},
    {0x4559, 0xe89684},
    {0x5398, 0xe89686},
    {0x455a, 0xe89687},
    {0x539b, 0xe8968c},
    {0x455b, 0xe8968f},
    {0x455c, 0xe89691},
    {0x455d, 0xe89694},
    {0x539c, 0xe89697},
    {0x539d, 0xe89699},
    {0x455e, 0xe8969b},
    {0x539e, 0xe8969d},
    {0x455f, 0xe896a6},
    {0x53a1, 0xe896ab},
    {0x4565, 0xe896ba},
    {0x4566, 0xe89781},
    {0x53a2, 0xe89787},
    {0x4567, 0xe89789},
    {0x53a3, 0xe89790},
    {0x456b, 0xe89795},
    {0x4572, 0xe897b7},
    {0x53a4, 0xe897b9},
    {0x53a5, 0xe897bd},
    {0x4575, 0xe897bf},
    {0x53a6, 0xe89880},
    {0x4576, 0xe89882},
    {0x53a7, 0xe89884},
    {0x4579, 0xe8988a},
    {0x53a8, 0xe8988b},
    {0x53a9, 0xe89898},
    {0x457c, 0xe8989a},
    {0x53aa, 0xe8989f},
    {0x53ab, 0xe898a2},
    {0x53ac, 0xe898a7},
    {0x457d, 0xe898ad},
    {0x53af, 0xe898af},
    {0x53b0, 0xe898bc},
    {0x457e, 0xe898bf},
    {0x53b1, 0xe89981},
    {0x53b2, 0xe89984},
    {0x457f, 0xe8998e},
    {0x4580, 0xe89990},
    {0x53b3, 0xe89993},
    {0x4587, 0xe899a7},
    {0x53b6, 0xe899af},
    {0x53b7, 0xe899b1},
    {0x53b8, 0xe899b8},
    {0x4588, 0xe899b9},
    {0x4589, 0xe89a8a},
    {0x53bb, 0xe89a8b},
    {0x458a, 0xe89a8c},
    {0x53bc, 0xe89a8d},
    {0x458b, 0xe89a93},
    {0x53bd, 0xe89a95},
    {0x53be, 0xe89aa8},
    {0x458e, 0xe89aa9},
    {0x53bf, 0xe89aaa},
    {0x53c3, 0xe89ab4},
    {0x53c4, 0xe89b80},
    {0x458f, 0xe89b87},
    {0x53c7, 0xe89b89},
    {0x4590, 0xe89b8b},
    {0x4591, 0xe89b94},
    {0x4592, 0xe89b99},
    {0x4593, 0xe89b9b},
    {0x53c8, 0xe89b9e},
    {0x4594, 0xe89b9f},
    {0x53c9, 0xe89ba3},
    {0x4595, 0xe89ba4},
    {0x53ca, 0xe89ba9},
    {0x53cb, 0xe89bac},
    {0x4596, 0xe89bad},
    {0x53ce, 0xe89bbb},
    {0x4597, 0xe89bbe},
    {0x4598, 0xe89c80},
    {0x53cf, 0xe89c86},
    {0x459b, 0xe89c88},
    {0x53d3, 0xe89c91},
    {0x459c, 0xe89c98},
    {0x459d, 0xe89c9a},
    {0x459e, 0xe89c9c},
    {0x53d4, 0xe89c9d},
    {0x53d5, 0xe89ca1},
    {0x53d6, 0xe89ca5},
    {0x53db, 0xe89cb7},
    {0x53de, 0xe89cbf},
    {0x53df, 0xe89d80},
    {0x53e0, 0xe89d8c},
    {0x459f, 0xe89d8e},
    {0x45a0, 0xe89d95},
    {0x45a1, 0xe89d97},
    {0x53e1, 0xe89d99},
    {0x45a2, 0xe89d9f},
    {0x53e2, 0xe89da0},
    {0x45a3, 0xe89da6},
    {0x45a4, 0xe89da8},
    {0x53e5, 0xe89dae},
    {0x45a5, 0xe89db4},
    {0x45a6, 0xe89db6},
    {0x45a7, 0xe89db8},
    {0x45a8, 0xe89e82},
    {0x53e6, 0xe89e83},
    {0x53e7, 0xe89e8c},
    {0x45a9, 0xe89e8d},
    {0x53e8, 0xe89e98},
    {0x53e9, 0xe89e9e},
    {0x45aa, 0xe89e9f},
    {0x45ab, 0xe89ea2},
    {0x53ea, 0xe89ea3},
    {0x53eb, 0xe89ea6},
    {0x53ec, 0xe89ead},
    {0x45ac, 0xe89eb3},
    {0x53ed, 0xe89eb4},
    {0x45ad, 0xe89eba},
    {0x53ee, 0xe89ebb},
    {0x53ef, 0xe89ebd},
    {0x53f0, 0xe89f80},
    {0x45ae, 0xe89f84},
    {0x53f1, 0xe89f87},
    {0x53f4, 0xe89f92},
    {0x45af, 0xe89fa0},
    {0x53f7, 0xe89fa3},
    {0x45b0, 0xe89fac},
    {0x45b1, 0xe89faf},
    {0x45b2, 0xe89fb2},
    {0x53f8, 0xe89fb7},
    {0x45b3, 0xe89fb9},
    {0x45b4, 0xe89fbb},
    {0x45b5, 0xe89fbe},
    {0x45b6, 0xe8a085},
    {0x53f9, 0xe8a08d},
    {0x53fa, 0xe8a091},
    {0x53fb, 0xe8a095},
    {0x45b7, 0xe8a09f},
    {0x53fc, 0xe8a0a1},
    {0x45ba, 0xe8a0b1},
    {0x53fd, 0xe8a0b2},
    {0x45bb, 0xe8a0b6},
    {0x53fe, 0xe8a0b9},
    {0x45bc, 0xe8a0bb},
    {0x45bd, 0xe8a180},
    {0x53ff, 0xe8a184},
    {0x45be, 0xe8a186},
    {0x5400, 0xe8a18a},
    {0x5401, 0xe8a18e},
    {0x45c3, 0xe8a197},
    {0x45c4, 0xe8a199},
    {0x45c5, 0xe8a19b},
    {0x45c6, 0xe8a19d},
    {0x5402, 0xe8a19e},
    {0x45ca, 0xe8a1a8},
    {0x45cb, 0xe8a1ab},
    {0x5403, 0xe8a1ae},
    {0x45cc, 0xe8a1b0},
    {0x45cd, 0xe8a1b2},
    {0x45ce, 0xe8a1b7},
    {0x5404, 0xe8a1bd},
    {0x45d3, 0xe8a288},
    {0x45d4, 0xe8a28b},
    {0x45d5, 0xe8a28d},
    {0x45d6, 0xe8a292},
    {0x5405, 0xe8a29b},
    {0x5406, 0xe8a29d},
    {0x45d9, 0xe8a29e},
    {0x5407, 0xe8a2a2},
    {0x5408, 0xe8a2aa},
    {0x45da, 0xe8a2ab},
    {0x45db, 0xe8a2b4},
    {0x5409, 0xe8a380},
    {0x540a, 0xe8a385},
    {0x540b, 0xe8a38a},
    {0x540c, 0xe8a38d},
    {0x45de, 0xe8a38f},
    {0x540d, 0xe8a392},
    {0x540e, 0xe8a398},
    {0x45e1, 0xe8a399},
    {0x45e4, 0xe8a39f},
    {0x45e5, 0xe8a3a1},
    {0x45e6, 0xe8a3a8},
    {0x540f, 0xe8a3af},
    {0x5410, 0xe8a3b1},
    {0x45ea, 0xe8a3b8},
    {0x5411, 0xe8a3b9},
    {0x45eb, 0xe8a3bd},
    {0x5412, 0xe8a3be},
    {0x5413, 0xe8a484},
    {0x45ec, 0xe8a487},
    {0x5414, 0xe8a48a},
    {0x5415, 0xe8a48c},
    {0x45ed, 0xe8a490},
    {0x5416, 0xe8a491},
    {0x5417, 0xe8a495},
    {0x5418, 0xe8a49a},
    {0x45f2, 0xe8a4a5},
    {0x5419, 0xe8a4a7},
    {0x45f3, 0xe8a4aa},
    {0x541a, 0xe8a4ab},
    {0x45f4, 0xe8a4b6},
    {0x45f5, 0xe8a4b8},
    {0x541d, 0xe8a4ba},
    {0x45f6, 0xe8a4bb},
    {0x45f7, 0xe8a581},
    {0x45f8, 0xe8a584},
    {0x541e, 0xe8a58d},
    {0x541f, 0xe8a592},
    {0x5420, 0xe8a596},
    {0x5421, 0xe8a598},
    {0x5422, 0xe8a59c},
    {0x5423, 0xe8a59e},
    {0x45f9, 0xe8a59f},
    {0x5424, 0xe8a5a0},
    {0x45fa, 0xe8a5a4},
    {0x5425, 0xe8a5a8},
    {0x45fb, 0xe8a5aa},
    {0x5426, 0xe8a5ad},
    {0x5427, 0xe8a5af},
    {0x45fc, 0xe8a5b2},
    {0x5428, 0xe8a5b4},
    {0x45fd, 0xe8a5bf},
    {0x45fe, 0xe8a681},
    {0x45ff, 0xe8a683},
    {0x4602, 0xe8a68b},
    {0x4603, 0xe8a68f},
    {0x4604, 0xe8a693},
    {0x4605, 0xe8a696},
    {0x542d, 0xe8a6a0},
    {0x4606, 0xe8a6a1},
    {0x542e, 0xe8a6a8},
    {0x542f, 0xe8a6ac},
    {0x5430, 0xe8a6af},
    {0x4609, 0xe8a6b2},
    {0x460a, 0xe8a6ba},
    {0x460b, 0xe8a6bd},
    {0x5433, 0xe8a6bf},
    {0x460c, 0xe8a780},
    {0x460d, 0xe8a792},
    {0x5434, 0xe8a794},
    {0x5437, 0xe8a79a},
    {0x460e, 0xe8a7a3},
    {0x543a, 0xe8a7a5},
    {0x543d, 0xe8a7b3},
    {0x460f, 0xe8a7b4},
    {0x4610, 0xe8a7b8},
    {0x4611, 0xe8a880},
    {0x543e, 0xe8a887},
    {0x4614, 0xe8a888},
    {0x543f, 0xe8a889},
    {0x4615, 0xe8a88a},
    {0x4616, 0xe8a88c},
    {0x4617, 0xe8a88e},
    {0x4618, 0xe8a893},
    {0x461c, 0xe8a89b},
    {0x461d, 0xe8a89d},
    {0x461e, 0xe8a89f},
    {0x5444, 0xe8a8a2},
    {0x461f, 0xe8a8a3},
    {0x4620, 0xe8a8a5},
    {0x4621, 0xe8a8aa},
    {0x4622, 0xe8a8ad},
    {0x4623, 0xe8a8b1},
    {0x4624, 0xe8a8b4},
    {0x4625, 0xe8a8b6},
    {0x5445, 0xe8a8bc},
    {0x5446, 0xe8a8be},
    {0x5447, 0xe8a981},
    {0x5448, 0xe8a986},
    {0x5449, 0xe8a98b},
    {0x4628, 0xe8a990},
    {0x544a, 0xe8a991},
    {0x462b, 0xe8a99b},
    {0x462c, 0xe8a99e},
    {0x462d, 0xe8a9a0},
    {0x544e, 0xe8a9a1},
    {0x4630, 0xe8a9a6},
    {0x4631, 0xe8a9a9},
    {0x4638, 0xe8a9b5},
    {0x4639, 0xe8a9b9},
    {0x5451, 0xe8a9bc},
    {0x5452, 0xe8a9bf},
    {0x5453, 0xe8aa82},
    {0x5454, 0xe8aa84},
    {0x463a, 0xe8aa85},
    {0x5455, 0xe8aa86},
    {0x463b, 0xe8aa87},
    {0x5456, 0xe8aa91},
    {0x463e, 0xe8aa93},
    {0x463f, 0xe8aa95},
    {0x4640, 0xe8aa98},
    {0x5457, 0xe8aa9a},
    {0x4641, 0xe8aa9e},
    {0x5458, 0xe8aaa2},
    {0x5459, 0xe8aaa7},
    {0x4648, 0xe8aaa8},
    {0x4649, 0xe8aaaa},
    {0x464a, 0xe8aab0},
    {0x464b, 0xe8aab2},
    {0x464c, 0xe8aab9},
    {0x464d, 0xe8aabc},
    {0x4650, 0xe8ab82},
    {0x4651, 0xe8ab84},
    {0x4652, 0xe8ab87},
    {0x545a, 0xe8ab89},
    {0x4653, 0xe8ab8b},
    {0x4654, 0xe8ab8d},
    {0x4655, 0xe8ab8f},
    {0x4656, 0xe8ab92},
    {0x4657, 0xe8ab96},
    {0x465a, 0xe8aba1},
    {0x545f, 0xe8aba4},
    {0x5460, 0xe8abb0},
    {0x4661, 0xe8abb1},
    {0x4665, 0xe8abba},
    {0x5464, 0xe8abbc},
    {0x4666, 0xe8abbe},
    {0x466a, 0xe8ac84},
    {0x5465, 0xe8ac87},
    {0x5466, 0xe8ac8c},
    {0x466b, 0xe8ac8e},
    {0x466c, 0xe8ac90},
    {0x5467, 0xe8ac91},
    {0x466d, 0xe8ac94},
    {0x5468, 0xe8ac9c},
    {0x4673, 0xe8ac9d},
    {0x4674, 0xe8aca0},
    {0x5469, 0xe8aca3},
    {0x546a, 0xe8aca6},
    {0x4675, 0xe8aca8},
    {0x4678, 0xe8acb3},
    {0x546b, 0xe8acb7},
    {0x4679, 0xe8acb9},
    {0x546c, 0xe8acbc},
    {0x546d, 0xe8acbe},
    {0x467a, 0xe8ad81},
    {0x546e, 0xe8ad83},
    {0x546f, 0xe8ad86},
    {0x467b, 0xe8ad89},
    {0x5470, 0xe8ad8c},
    {0x5473, 0xe8ad96},
    {0x467e, 0xe8ad98},
    {0x5474, 0xe8ad99},
    {0x467f, 0xe8ad9a},
    {0x4680, 0xe8ad9c},
    {0x4681, 0xe8ada6},
    {0x5477, 0xe8adab},
    {0x4682, 0xe8adac},
    {0x5478, 0xe8adb1},
    {0x4685, 0xe8adb4},
    {0x4686, 0xe8adb7},
    {0x4687, 0xe8adbd},
    {0x5479, 0xe8adbf},
    {0x4688, 0xe8ae80},
    {0x547a, 0xe8ae83},
    {0x547b, 0xe8ae89},
    {0x4689, 0xe8ae8a},
    {0x547c, 0xe8ae8c},
    {0x547d, 0xe8ae8e},
    {0x468a, 0xe8ae90},
    {0x468d, 0xe8ae96},
    {0x468e, 0xe8ae9a},
    {0x547e, 0xe8ae9c},
    {0x547f, 0xe8ae9e},
    {0x468f, 0xe8b0b7},
    {0x4690, 0xe8b0bf},
    {0x4691, 0xe8b181},
    {0x4692, 0xe8b186},
    {0x5480, 0xe8b187},
    {0x4693, 0xe8b188},
    {0x5481, 0xe8b189},
    {0x4694, 0xe8b18a},
    {0x4695, 0xe8b18c},
    {0x5482, 0xe8b18e},
    {0x5483, 0xe8b190},
    {0x4696, 0xe8b195},
    {0x5484, 0xe8b196},
    {0x4697, 0xe8b19a},
    {0x4698, 0xe8b1a1},
    {0x5485, 0xe8b1a2},
    {0x5486, 0xe8b1a8},
    {0x5487, 0xe8b1ac},
    {0x5488, 0xe8b1b3},
    {0x5489, 0xe8b1b8},
    {0x469d, 0xe8b282},
    {0x548a, 0xe8b283},
    {0x469e, 0xe8b28a},
    {0x469f, 0xe8b28c},
    {0x548b, 0xe8b28d},
    {0x548e, 0xe8b298},
    {0x548f, 0xe8b29f},
    {0x5490, 0xe8b2b2},
    {0x46b5, 0xe8b2bf},
    {0x5493, 0xe8b386},
    {0x46bd, 0xe8b38a},
    {0x46be, 0xe8b391},
    {0x46bf, 0xe8b393},
    {0x5494, 0xe8b399},
    {0x46c0, 0xe8b39a},
    {0x5495, 0xe8b39b},
    {0x46c1, 0xe8b39c},
    {0x46c2, 0xe8b39e},
    {0x46c3, 0xe8b3a0},
    {0x5496, 0xe8b3a1},
    {0x5497, 0xe8b3a5},
    {0x46c7, 0xe8b3a6},
    {0x46c8, 0xe8b3aa},
    {0x5498, 0xe8b3ac},
    {0x46c9, 0xe8b3ad},
    {0x549b, 0xe8b3b3},
    {0x46ca, 0xe8b3b4},
    {0x46d2, 0xe8b48a},
    {0x549c, 0xe8b48b},
    {0x46d3, 0xe8b48d},
    {0x46d4, 0xe8b493},
    {0x549f, 0xe8b494},
    {0x46d5, 0xe8b496},
    {0x54a0, 0xe8b49b},
    {0x46d6, 0xe8b5a4},
    {0x46d7, 0xe8b5a6},
    {0x54a1, 0xe8b5a7},
    {0x46d8, 0xe8b5ab},
    {0x46d9, 0xe8b5b0},
    {0x54a4, 0xe8b5b6},
    {0x46dc, 0xe8b5b7},
    {0x54a5, 0xe8b681},
    {0x46dd, 0xe8b685},
    {0x46de, 0xe8b68a},
    {0x54a6, 0xe8b68e},
    {0x54a7, 0xe8b690},
    {0x46df, 0xe8b699},
    {0x54a8, 0xe8b6a0},
    {0x46e0, 0xe8b6a3},
    {0x46e1, 0xe8b6a8},
    {0x54a9, 0xe8b6ab},
    {0x54aa, 0xe8b6b2},
    {0x46e2, 0xe8b6b3},
    {0x46e3, 0xe8b6ba},
    {0x46e4, 0xe8b6be},
    {0x54ab, 0xe8b782},
    {0x46e5, 0xe8b786},
    {0x54ac, 0xe8b78e},
    {0x46e8, 0xe8b78f},
    {0x46e9, 0xe8b79b},
    {0x46ea, 0xe8b79d},
    {0x54b0, 0xe8b79f},
    {0x46eb, 0xe8b7a1},
    {0x46ec, 0xe8b7a3},
    {0x46ed, 0xe8b7a8},
    {0x46ee, 0xe8b7af},
    {0x54b5, 0xe8b7b1},
    {0x46ef, 0xe8b7b3},
    {0x54b6, 0xe8b7bc},
    {0x54b7, 0xe8b886},
    {0x46f0, 0xe8b88a},
    {0x54ba, 0xe8b894},
    {0x54bb, 0xe8b89d},
    {0x46f3, 0xe8b89e},
    {0x54bc, 0xe8b89f},
    {0x46f4, 0xe8b8aa},
    {0x46f5, 0xe8b8b0},
    {0x54bd, 0xe8b8b4},
    {0x46f6, 0xe8b8b5},
    {0x54be, 0xe8b8b6},
    {0x54bf, 0xe8b8ba},
    {0x54c0, 0xe8b8bd},
    {0x54c1, 0xe8b980},
    {0x46f7, 0xe8b982},
    {0x46f8, 0xe8b984},
    {0x54c2, 0xe8b98c},
    {0x54c3, 0xe8b98f},
    {0x54c4, 0xe8b995},
    {0x46fd, 0xe8b999},
    {0x54c5, 0xe8b99c},
    {0x54c8, 0xe8b9b2},
    {0x4700, 0xe8b9b4},
    {0x4701, 0xe8b9b6},
    {0x54c9, 0xe8b9bb},
    {0x4702, 0xe8ba81},
    {0x54ca, 0xe8ba85},
    {0x4703, 0xe8ba87},
    {0x54cb, 0xe8ba89},
    {0x4704, 0xe8ba8a},
    {0x54cc, 0xe8ba8b},
    {0x4705, 0xe8ba8d},
    {0x54d1, 0xe8ba99},
    {0x54d2, 0xe8ba9e},
    {0x54d3, 0xe8baa1},
    {0x54d4, 0xe8baa9},
    {0x54d5, 0xe8bab1},
    {0x54d6, 0xe8bab3},
    {0x54d7, 0xe8babe},
    {0x4709, 0xe8bb80},
    {0x54d8, 0xe8bb86},
    {0x470e, 0xe8bb92},
    {0x54d9, 0xe8bb9e},
    {0x470f, 0xe8bb9f},
    {0x54da, 0xe8bba8},
    {0x4710, 0xe8bbab},
    {0x4711, 0xe8bbb8},
    {0x4712, 0xe8bbbb},
    {0x54dd, 0xe8bbbc},
    {0x4713, 0xe8bbbe},
    {0x4714, 0xe8bc83},
    {0x4715, 0xe8bc85},
    {0x4716, 0xe8bc89},
    {0x54e0, 0xe8bca8},
    {0x54e1, 0xe8bcad},
    {0x4724, 0xe8bcaf},
    {0x54e2, 0xe8bcb0},
    {0x4725, 0xe8bcb3},
    {0x4728, 0xe8bcbb},
    {0x54e3, 0xe8bd80},
    {0x54e4, 0xe8bd82},
    {0x54e5, 0xe8bd86},
    {0x472d, 0xe8bd89},
    {0x54e6, 0xe8bd92},
    {0x54e7, 0xe8bd94},
    {0x4730, 0xe8bd9d},
    {0x54ea, 0xe8bd9e},
    {0x4731, 0xe8bd9f},
    {0x54eb, 0xe8bda1},
    {0x4732, 0xe8bda2},
    {0x54ee, 0xe8be9f},
    {0x54ef, 0xe8bea2},
    {0x4735, 0xe8bea3},
    {0x4736, 0xe8bea6},
    {0x4737, 0xe8bea8},
    {0x4738, 0xe8bead},
    {0x54f0, 0xe8beae},
    {0x54f1, 0xe8bebb},
    {0x54f2, 0xe8bebf},
    {0x54f3, 0xe8bf80},
    {0x473d, 0xe8bf82},
    {0x473e, 0xe8bf85},
    {0x54f6, 0xe8bf8d},
    {0x473f, 0xe8bf8e},
    {0x4740, 0xe8bf91},
    {0x54f7, 0xe8bf93},
    {0x4741, 0xe8bf94},
    {0x54f8, 0xe8bf95},
    {0x54f9, 0xe8bfa2},
    {0x4742, 0xe8bfa6},
    {0x54fc, 0xe8bfa8},
    {0x54fd, 0xe8bfac},
    {0x4745, 0xe8bfad},
    {0x4746, 0xe8bfb0},
    {0x4747, 0xe8bfb2},
    {0x54fe, 0xe8bfb4},
    {0x4748, 0xe8bfb7},
    {0x54ff, 0xe8bfb8},
    {0x4749, 0xe8bfb9},
    {0x5500, 0xe8bfba},
    {0x5501, 0xe8bfbc},
    {0x474a, 0xe8bfbd},
    {0x5502, 0xe8bfbf},
    {0x5503, 0xe98087},
    {0x4751, 0xe98088},
    {0x4752, 0xe9808b},
    {0x5504, 0xe9808c},
    {0x4753, 0xe9808d},
    {0x5505, 0xe9808e},
    {0x5506, 0xe98096},
    {0x4759, 0xe98097},
    {0x4763, 0xe980ae},
    {0x5507, 0xe980b4},
    {0x4766, 0xe980b5},
    {0x5508, 0xe980b6},
    {0x4767, 0xe980b8},
    {0x4768, 0xe980bc},
    {0x4769, 0xe980be},
    {0x476c, 0xe98187},
    {0x5509, 0xe98189},
    {0x550a, 0xe9818f},
    {0x550b, 0xe98192},
    {0x550c, 0xe98198},
    {0x4776, 0xe98199},
    {0x550d, 0xe9819b},
    {0x477c, 0xe981a3},
    {0x550e, 0xe981a4},
    {0x550f, 0xe981a8},
    {0x477d, 0xe981a9},
    {0x5510, 0xe981ac},
    {0x4781, 0xe981b2},
    {0x4782, 0xe981b5},
    {0x5511, 0xe981b6},
    {0x4785, 0xe981ba},
    {0x5512, 0xe981be},
    {0x4788, 0xe981bf},
    {0x5513, 0xe98285},
    {0x4790, 0xe9828a},
    {0x4791, 0xe9828f},
    {0x5516, 0xe98290},
    {0x4792, 0xe98291},
    {0x4793, 0xe98295},
    {0x4794, 0xe98299},
    {0x5519, 0xe982a0},
    {0x4797, 0xe982a6},
    {0x4798, 0xe982a8},
    {0x4799, 0xe982aa},
    {0x551a, 0xe982b3},
    {0x479d, 0xe982b5},
    {0x479e, 0xe982b8},
    {0x479f, 0xe98381},
    {0x47a0, 0xe9838a},
    {0x5520, 0xe9838e},
    {0x47a1, 0xe9839e},
    {0x47a2, 0xe983a1},
    {0x5523, 0xe983a2},
    {0x47a3, 0xe983a8},
    {0x47a4, 0xe983ad},
    {0x5526, 0xe983af},
    {0x47a5, 0xe983b5},
    {0x47a6, 0xe983bd},
    {0x47a7, 0xe98482},
    {0x47a8, 0xe98492},
    {0x47a9, 0xe98495},
    {0x47aa, 0xe98499},
    {0x552b, 0xe9849e},
    {0x47ab, 0xe984a7},
    {0x47ac, 0xe984ad},
    {0x47ad, 0xe984b2},
    {0x5530, 0xe984b4},
    {0x5531, 0xe984bd},
    {0x5532, 0xe98588},
    {0x47b4, 0xe98592},
    {0x47b5, 0xe985a2},
    {0x47b8, 0xe985ac},
    {0x5538, 0xe985b2},
    {0x5539, 0xe985b4},
    {0x47b9, 0xe985b5},
    {0x553a, 0xe985b6},
    {0x553b, 0xe985b9},
    {0x553c, 0xe98683},
    {0x47bc, 0xe98687},
    {0x47bd, 0xe98689},
    {0x47be, 0xe9868b},
    {0x47bf, 0xe9868d},
    {0x553d, 0xe98690},
    {0x47c0, 0xe98692},
    {0x47c1, 0xe9869c},
    {0x553e, 0xe9869e},
    {0x553f, 0xe986a2},
    {0x5540, 0xe986aa},
    {0x47c6, 0xe986b1},
    {0x5541, 0xe986b2},
    {0x5542, 0xe986bc},
    {0x47c9, 0xe98780},
    {0x5543, 0xe98781},
    {0x5544, 0xe98783},
    {0x47ca, 0xe98787},
    {0x47cb, 0xe98789},
    {0x47d7, 0xe987a3},
    {0x47d8, 0xe987a7},
    {0x554a, 0xe987a9},
    {0x47d9, 0xe987aa},
    {0x554b, 0xe987ad},
    {0x47da, 0xe987b5},
    {0x554c, 0xe987bf},
    {0x554d, 0xe98887},
    {0x47db, 0xe9888d},
    {0x47df, 0xe98897},
    {0x5550, 0xe9889c},
    {0x47e0, 0xe9889e},
    {0x5551, 0xe9889f},
    {0x5552, 0xe988a6},
    {0x5553, 0xe988b1},
    {0x47e1, 0xe988b4},
    {0x5554, 0xe988b5},
    {0x47e2, 0xe988ba},
    {0x47e3, 0xe988bf},
    {0x47e4, 0xe98980},
    {0x5557, 0xe98981},
    {0x5558, 0xe98984},
    {0x47e5, 0xe98985},
    {0x47e6, 0xe98989},
    {0x5559, 0xe9898b},
    {0x47e7, 0xe98997},
    {0x47e8, 0xe9899b},
    {0x47e9, 0xe9899e},
    {0x47ea, 0xe989a2},
    {0x5562, 0xe989bc},
    {0x5563, 0xe989be},
    {0x47ee, 0xe98a80},
    {0x47ef, 0xe98a83},
    {0x47f0, 0xe98a85},
    {0x5564, 0xe98a8b},
    {0x47f1, 0xe98a91},
    {0x47f2, 0xe98a93},
    {0x5565, 0xe98a95},
    {0x47f3, 0xe98a96},
    {0x47f4, 0xe98a98},
    {0x47f5, 0xe98a9c},
    {0x47f6, 0xe98ab3},
    {0x5569, 0xe98ab4},
    {0x47f9, 0xe98ab9},
    {0x556a, 0xe98b86},
    {0x47fa, 0xe98b8c},
    {0x47fb, 0xe98b8f},
    {0x556b, 0xe98b91},
    {0x47fc, 0xe98b92},
    {0x556c, 0xe98b95},
    {0x556d, 0xe98b97},
    {0x556e, 0xe98b9f},
    {0x47fd, 0xe98ba4},
    {0x556f, 0xe98ba5},
    {0x47fe, 0xe98baa},
    {0x5570, 0xe98bb2},
    {0x47ff, 0xe98bb8},
    {0x4800, 0xe98bbc},
    {0x5575, 0xe98c80},
    {0x4801, 0xe98c84},
    {0x5576, 0xe98c86},
    {0x5577, 0xe98c8f},
    {0x4802, 0xe98c90},
    {0x5578, 0xe98c95},
    {0x4803, 0xe98c98},
    {0x5579, 0xe98c99},
    {0x4804, 0xe98c9a},
    {0x557a, 0xe98ca3},
    {0x480a, 0xe98ca4},
    {0x480b, 0xe98ca6},
    {0x557b, 0xe98ca7},
    {0x480c, 0xe98ca8},
    {0x557c, 0xe98caa},
    {0x480d, 0xe98cab},
    {0x557d, 0xe98cac},
    {0x4810, 0xe98d88},
    {0x557e, 0xe98d89},
    {0x4813, 0xe98d8d},
    {0x557f, 0xe98d91},
    {0x4814, 0xe98d94},
    {0x5580, 0xe98d97},
    {0x4815, 0xe98d9b},
    {0x4816, 0xe98dae},
    {0x5587, 0xe98db0},
    {0x4817, 0xe98db5},
    {0x4818, 0xe98dbc},
    {0x4819, 0xe98dbe},
    {0x5588, 0xe98e8a},
    {0x481a, 0xe98e8c},
    {0x481b, 0xe98e94},
    {0x481c, 0xe98e96},
    {0x5589, 0xe98e97},
    {0x481d, 0xe98e9a},
    {0x558a, 0xe98e9b},
    {0x481e, 0xe98ea3},
    {0x558e, 0xe98ea4},
    {0x481f, 0xe98ea7},
    {0x4822, 0xe98eb0},
    {0x558f, 0xe98ebb},
    {0x4823, 0xe98f83},
    {0x4824, 0xe98f91},
    {0x4825, 0xe98f9e},
    {0x559a, 0xe98f9f},
    {0x4826, 0xe98fa1},
    {0x559b, 0xe98fa2},
    {0x4827, 0xe98fa4},
    {0x559c, 0xe98fa6},
    {0x559d, 0xe98fa8},
    {0x4828, 0xe98fb6},
    {0x55a0, 0xe98fbb},
    {0x55a1, 0xe99083},
    {0x4829, 0xe99084},
    {0x482a, 0xe99098},
    {0x55a6, 0xe99099},
    {0x482b, 0xe990a5},
    {0x55a7, 0xe990aa},
    {0x482c, 0xe990ab},
    {0x482d, 0xe990b5},
    {0x55a8, 0xe990b6},
    {0x482e, 0xe990b8},
    {0x55a9, 0xe990ba},
    {0x55aa, 0xe99182},
    {0x482f, 0xe99184},
    {0x55ab, 0xe9918a},
    {0x55ac, 0xe9918c},
    {0x55ad, 0xe99195},
    {0x4832, 0xe9919b},
    {0x55ae, 0xe9919e},
    {0x55af, 0xe991a0},
    {0x55b7, 0xe991b5},
    {0x55b8, 0xe991b7},
    {0x55b9, 0xe991bc},
    {0x4833, 0xe991bd},
    {0x55ba, 0xe991be},
    {0x4834, 0xe991bf},
    {0x4835, 0xe995b7},
    {0x4836, 0xe99680},
    {0x4837, 0xe99683},
    {0x55bb, 0xe99688},
    {0x4838, 0xe99689},
    {0x55bc, 0xe9968a},
    {0x4839, 0xe9968b},
    {0x55bd, 0xe9968e},
    {0x483a, 0xe9968f},
    {0x483f, 0xe99698},
    {0x55be, 0xe9969c},
    {0x4843, 0xe996a8},
    {0x4844, 0xe996ad},
    {0x4845, 0xe996b1},
    {0x55c5, 0xe996b6},
    {0x55c6, 0xe996b9},
    {0x55c9, 0xe99783},
    {0x4848, 0xe99787},
    {0x55ca, 0xe99788},
    {0x4849, 0xe9978a},
    {0x55ce, 0xe9978f},
    {0x55cf, 0xe99793},
    {0x55d0, 0xe9979a},
    {0x484d, 0xe9979c},
    {0x55d1, 0xe9979e},
    {0x55d2, 0xe997a0},
    {0x55d3, 0xe997a5},
    {0x4850, 0xe9989c},
    {0x4851, 0xe998a1},
    {0x55d4, 0xe998a4},
    {0x4852, 0xe998aa},
    {0x55d8, 0xe998ad},
    {0x4853, 0xe998ae},
    {0x55d9, 0xe998af},
    {0x4854, 0xe998b2},
    {0x4855, 0xe998bb},
    {0x4856, 0xe998bf},
    {0x4857, 0xe99980},
    {0x4858, 0xe99982},
    {0x4859, 0xe99984},
    {0x485d, 0xe99990},
    {0x55da, 0xe99996},
    {0x55db, 0xe99998},
    {0x55dc, 0xe999a1},
    {0x4866, 0xe999aa},
    {0x55dd, 0xe999ac},
    {0x4867, 0xe999b0},
    {0x55de, 0xe999b2},
    {0x4868, 0xe999b3},
    {0x55df, 0xe999b4},
    {0x55e0, 0xe999b9},
    {0x55e1, 0xe999bc},
    {0x486d, 0xe999bd},
    {0x55e2, 0xe99a84},
    {0x55e3, 0xe99a91},
    {0x55e4, 0xe99a97},
    {0x487a, 0xe99aa3},
    {0x55e5, 0xe99aa4},
    {0x55e6, 0xe99aa9},
    {0x487d, 0xe99aaa},
    {0x55e7, 0xe99ab0},
    {0x487e, 0xe99ab1},
    {0x55ea, 0xe99ab6},
    {0x487f, 0xe99ab7},
    {0x4880, 0xe99abb},
    {0x55ed, 0xe99abc},
    {0x4887, 0xe99b89},
    {0x488e, 0xe99b99},
    {0x55ee, 0xe99b9a},
    {0x4898, 0xe99bb2},
    {0x489b, 0xe99bb9},
    {0x55f1, 0xe99bba},
    {0x489c, 0xe99bbb},
    {0x489d, 0xe99c80},
    {0x48a0, 0xe99c91},
    {0x48a1, 0xe99c93},
    {0x55fa, 0xe99c94},
    {0x48a2, 0xe99c96},
    {0x48a3, 0xe99c99},
    {0x48a4, 0xe99c9c},
    {0x48a5, 0xe99c9e},
    {0x55fb, 0xe99ca3},
    {0x55fc, 0xe99ca6},
    {0x48a6, 0xe99ca7},
    {0x55fd, 0xe99caa},
    {0x48a7, 0xe99cb0},
    {0x48a8, 0xe99cb2},
    {0x55fe, 0xe99cb8},
    {0x48a9, 0xe99cb9},
    {0x48aa, 0xe99cbd},
    {0x48ab, 0xe99d82},
    {0x48ac, 0xe99d84},
    {0x55ff, 0xe99d86},
    {0x48ad, 0xe99d88},
    {0x5600, 0xe99d89},
    {0x5601, 0xe99d8c},
    {0x48ae, 0xe99d91},
    {0x5602, 0xe99d92},
    {0x5603, 0xe99d95},
    {0x48af, 0xe99d96},
    {0x48b0, 0xe99d9c},
    {0x5608, 0xe99d9d},
    {0x48b1, 0xe99d9e},
    {0x5609, 0xe99da0},
    {0x560a, 0xe99da6},
    {0x560b, 0xe99da8},
    {0x48b4, 0xe99da9},
    {0x48b5, 0xe99dad},
    {0x560c, 0xe99db3},
    {0x48b6, 0xe99db4},
    {0x560d, 0xe99db5},
    {0x48b7, 0xe99db7},
    {0x48b8, 0xe99dba},
    {0x560e, 0xe99dbc},
    {0x48b9, 0xe99e8b},
    {0x48ba, 0xe99e8d},
    {0x48bb, 0xe99e8f},
    {0x5613, 0xe99e98},
    {0x48bc, 0xe99ea0},
    {0x5614, 0xe99ea3},
    {0x5615, 0xe99ea6},
    {0x48bd, 0xe99ea8},
    {0x48be, 0xe99eab},
    {0x5616, 0xe99eac},
    {0x48bf, 0xe99ead},
    {0x5619, 0xe99eb4},
    {0x561c, 0xe99f81},
    {0x561d, 0xe99f83},
    {0x48c0, 0xe99f86},
    {0x48c1, 0xe99f8b},
    {0x5620, 0xe99f90},
    {0x48c2, 0xe99f93},
    {0x5621, 0xe99f99},
    {0x48c3, 0xe99f9c},
    {0x48c4, 0xe99fb3},
    {0x562a, 0xe99fb5},
    {0x48c5, 0xe99fb6},
    {0x562b, 0xe99fba},
    {0x48c6, 0xe99fbb},
    {0x562c, 0xe99fbe},
    {0x48c7, 0xe99fbf},
    {0x48ce, 0xe9a088},
    {0x48cf, 0xe9a08a},
    {0x48d0, 0xe9a08c},
    {0x5630, 0xe9a096},
    {0x5631, 0xe9a09e},
    {0x5632, 0xe9a0a1},
    {0x5635, 0xe9a0a6},
    {0x5636, 0xe9a0ab},
    {0x48d7, 0xe9a0ad},
    {0x5637, 0xe9a0ae},
    {0x48d8, 0xe9a0b0},
    {0x5638, 0xe9a0b2},
    {0x5639, 0xe9a0b7},
    {0x48db, 0xe9a0bb},
    {0x563a, 0xe9a0bc},
    {0x563b, 0xe9a0bf},
    {0x563c, 0xe9a182},
    {0x48dc, 0xe9a186},
    {0x563f, 0xe9a18b},
    {0x48e0, 0xe9a194},
    {0x5642, 0xe9a195},
    {0x48e1, 0xe9a198},
    {0x5643, 0xe9a199},
    {0x48e2, 0xe9a19a},
    {0x5644, 0xe9a19c},
    {0x48e3, 0xe9a19e},
    {0x48e4, 0xe9a1a5},
    {0x5645, 0xe9a1a6},
    {0x48e5, 0xe9a1a7},
    {0x48e6, 0xe9a1ab},
    {0x48e7, 0xe9a1af},
    {0x48e8, 0xe9a2a8},
    {0x564a, 0xe9a2ad},
    {0x48e9, 0xe9a2af},
    {0x48ea, 0xe9a2b1},
    {0x564b, 0xe9a2b2},
    {0x564c, 0xe9a2b6},
    {0x564d, 0xe9a2ba},
    {0x564e, 0xe9a2bc},
    {0x564f, 0xe9a2bf},
    {0x5650, 0xe9a382},
    {0x48eb, 0xe9a384},
    {0x5651, 0xe9a386},
    {0x48ec, 0xe9a387},
    {0x5652, 0xe9a389},
    {0x5653, 0xe9a38b},
    {0x48ef, 0xe9a39f},
    {0x5658, 0xe9a3b1},
    {0x48f5, 0xe9a3b4},
    {0x5659, 0xe9a3bb},
    {0x48f9, 0xe9a483},
    {0x48fc, 0xe9a48c},
    {0x48fd, 0xe9a490},
    {0x565a, 0xe9a492},
    {0x48fe, 0xe9a493},
    {0x48ff, 0xe9a498},
    {0x565d, 0xe9a49a},
    {0x4900, 0xe9a49e},
    {0x4901, 0xe9a4a0},
    {0x4902, 0xe9a4a8},
    {0x5660, 0xe9a4aa},
    {0x5661, 0xe9a4ac},
    {0x5662, 0xe9a4ae},
    {0x5665, 0xe9a4b3},
    {0x5666, 0xe9a4b9},
    {0x5669, 0xe9a582},
    {0x4903, 0xe9a585},
    {0x566a, 0xe9a588},
    {0x4904, 0xe9a589},
    {0x566b, 0xe9a590},
    {0x490a, 0xe9a594},
    {0x566c, 0xe9a595},
    {0x490b, 0xe9a597},
    {0x566d, 0xe9a59c},
    {0x566e, 0xe9a59e},
    {0x490c, 0xe9a696},
    {0x490d, 0xe9a699},
    {0x5671, 0xe9a69c},
    {0x490e, 0xe9a69d},
    {0x5672, 0xe9a69f},
    {0x5673, 0xe9a6a1},
    {0x5674, 0xe9a6a3},
    {0x490f, 0xe9a6a5},
    {0x5675, 0xe9a6a7},
    {0x4910, 0xe9a6a8},
    {0x5676, 0xe9a6aa},
    {0x5677, 0xe9a6b0},
    {0x4914, 0xe9a6b1},
    {0x5678, 0xe9a6b6},
    {0x4917, 0xe9a6b9},
    {0x4918, 0xe9a781},
    {0x5679, 0xe9a784},
    {0x567c, 0xe9a78f},
    {0x491c, 0xe9a795},
    {0x567d, 0xe9a798},
    {0x491d, 0xe9a799},
    {0x491e, 0xe9a79d},
    {0x5680, 0xe9a79e},
    {0x491f, 0xe9a79f},
    {0x5681, 0xe9a7a2},
    {0x5682, 0xe9a7a8},
    {0x5683, 0xe9a7aa},
    {0x4920, 0xe9a7ad},
    {0x5684, 0xe9a7ae},
    {0x4921, 0xe9a7b1},
    {0x5685, 0xe9a7b8},
    {0x5688, 0xe9a7bd},
    {0x4922, 0xe9a7bf},
    {0x4923, 0xe9a881},
    {0x4924, 0xe9a888},
    {0x568d, 0xe9a88b},
    {0x568e, 0xe9a88d},
    {0x568f, 0xe9a891},
    {0x5690, 0xe9a896},
    {0x5691, 0xe9a898},
    {0x4927, 0xe9a899},
    {0x5692, 0xe9a89b},
    {0x4928, 0xe9a8ab},
    {0x5693, 0xe9a8ad},
    {0x4929, 0xe9a8b0},
    {0x5694, 0xe9a8b5},
    {0x5695, 0xe9a8b8},
    {0x5696, 0xe9a8be},
    {0x492c, 0xe9a980},
    {0x492d, 0xe9a983},
    {0x5699, 0xe9a984},
    {0x492e, 0xe9a985},
    {0x569a, 0xe9a98a},
    {0x569b, 0xe9a98c},
    {0x492f, 0xe9a98d},
    {0x569e, 0xe9a992},
    {0x4930, 0xe9a995},
    {0x4931, 0xe9a997},
    {0x569f, 0xe9a998},
    {0x4934, 0xe9a99f},
    {0x4935, 0xe9a9a2},
    {0x56a0, 0xe9a9a4},
    {0x4936, 0xe9a9a5},
    {0x4939, 0xe9aaa8},
    {0x56a1, 0xe9aaaa},
    {0x56a2, 0xe9aab0},
    {0x493a, 0xe9aab8},
    {0x56a3, 0xe9aab9},
    {0x56a4, 0xe9aabc},
    {0x56a5, 0xe9aabf},
    {0x56a6, 0xe9ab80},
    {0x56a7, 0xe9ab86},
    {0x56a8, 0xe9ab8f},
    {0x56a9, 0xe9ab91},
    {0x493d, 0xe9ab98},
    {0x56ac, 0xe9ab9f},
    {0x56ad, 0xe9aba1},
    {0x56ae, 0xe9aba3},
    {0x493e, 0xe9aba5},
    {0x56af, 0xe9aba6},
    {0x56b0, 0xe9abab},
    {0x56b1, 0xe9abad},
    {0x493f, 0xe9abae},
    {0x56b2, 0xe9abb0},
    {0x56b3, 0xe9abb2},
    {0x56b4, 0xe9abb4},
    {0x56b8, 0xe9abbd},
    {0x56b9, 0xe9ac82},
    {0x56be, 0xe9ac8d},
    {0x56bf, 0xe9ac90},
    {0x56c0, 0xe9ac92},
    {0x56c1, 0xe9ac96},
    {0x4940, 0xe9ac9a},
    {0x56c4, 0xe9ac9f},
    {0x4941, 0xe9aca7},
    {0x4942, 0xe9acaa},
    {0x4943, 0xe9acb1},
    {0x56cb, 0xe9acb2},
    {0x56cc, 0xe9acba},
    {0x4944, 0xe9acbc},
    {0x56cd, 0xe9ad88},
    {0x56ce, 0xe9ad8b},
    {0x494a, 0xe9ad8f},
    {0x56d1, 0xe9ad91},
    {0x494b, 0xe9ad94},
    {0x56d2, 0xe9ad98},
    {0x494c, 0xe9ad9a},
    {0x56d3, 0xe9ada6},
    {0x494d, 0xe9adaf},
    {0x56d4, 0xe9adb4},
    {0x56d5, 0xe9ae80},
    {0x56d6, 0xe9ae83},
    {0x494e, 0xe9ae8e},
    {0x56d7, 0xe9ae90},
    {0x494f, 0xe9ae91},
    {0x56da, 0xe9ae97},
    {0x4950, 0xe9ae9f},
    {0x56dd, 0xe9aeaa},
    {0x4951, 0xe9aeab},
    {0x56de, 0xe9aead},
    {0x4952, 0xe9aeae},
    {0x56df, 0xe9aeb9},
    {0x56e0, 0xe9af81},
    {0x56e1, 0xe9af86},
    {0x4953, 0xe9af89},
    {0x56e2, 0xe9af8a},
    {0x56e3, 0xe9af94},
    {0x4954, 0xe9af96},
    {0x56e4, 0xe9af9b},
    {0x56e5, 0xe9afa2},
    {0x4955, 0xe9afa4},
    {0x4956, 0xe9afa8},
    {0x56e6, 0xe9afb7},
    {0x56e7, 0xe9b088},
    {0x56e8, 0xe9b08a},
    {0x56e9, 0xe9b08c},
    {0x4957, 0xe9b08d},
    {0x4958, 0xe9b090},
    {0x4959, 0xe9b092},
    {0x56ea, 0xe9b093},
    {0x495a, 0xe9b095},
    {0x56eb, 0xe9b0a4},
    {0x495b, 0xe9b0a5},
    {0x56ef, 0xe9b0b1},
    {0x495c, 0xe9b0b2},
    {0x56f0, 0xe9b0b5},
    {0x495d, 0xe9b0bb},
    {0x56f3, 0xe9b0be},
    {0x495e, 0xe9b187},
    {0x495f, 0xe9b189},
    {0x56f4, 0xe9b18f},
    {0x4960, 0xe9b197},
    {0x56f7, 0xe9b1a0},
    {0x56f8, 0xe9b1a3},
    {0x56f9, 0xe9b1a7},
    {0x56fa, 0xe9b1b8},
    {0x56fb, 0xe9b1bb},
    {0x4961, 0xe9b3a5},
    {0x56fc, 0xe9b3a6},
    {0x4962, 0xe9b3a7},
    {0x4963, 0xe9b3a9},
    {0x4966, 0xe9b3b6},
    {0x56fd, 0xe9b483},
    {0x4967, 0xe9b489},
    {0x5701, 0xe9b48c},
    {0x5702, 0xe9b492},
    {0x5703, 0xe9b495},
    {0x4968, 0xe9b49b},
    {0x5706, 0xe9b49f},
    {0x5707, 0xe9b4a3},
    {0x5708, 0xe9b4a5},
    {0x4969, 0xe9b4a6},
    {0x496a, 0xe9b4a8},
    {0x570b, 0xe9b4b6},
    {0x496b, 0xe9b4bb},
    {0x570e, 0xe9b584},
    {0x496c, 0xe9b591},
    {0x496d, 0xe9b59d},
    {0x5711, 0xe9b59e},
    {0x5712, 0xe9b5a6},
    {0x5713, 0xe9b5a9},
    {0x4970, 0xe9b5ac},
    {0x4971, 0xe9b5b2},
    {0x5716, 0xe9b5b7},
    {0x5717, 0xe9b5bb},
    {0x5718, 0xe9b5be},
    {0x5719, 0xe9b684},
    {0x571c, 0xe9b696},
    {0x571d, 0xe9b69a},
    {0x571e, 0xe9b6a1},
    {0x571f, 0xe9b6a4},
    {0x4972, 0xe9b6a9},
    {0x5720, 0xe9b6ac},
    {0x4973, 0xe9b6af},
    {0x4974, 0xe9b6b4},
    {0x5721, 0xe9b6b5},
    {0x5724, 0xe9b6bb},
    {0x5725, 0xe9b6bf},
    {0x4975, 0xe9b784},
    {0x5728, 0xe9b787},
    {0x5729, 0xe9b793},
    {0x572a, 0xe9b796},
    {0x4976, 0xe9b797},
    {0x572b, 0xe9b799},
    {0x572c, 0xe9b7a6},
    {0x4977, 0xe9b7b2},
    {0x5732, 0xe9b7b3},
    {0x5733, 0xe9b7bd},
    {0x5734, 0xe9b7bf},
    {0x5735, 0xe9b887},
    {0x5736, 0xe9b88f},
    {0x5737, 0xe9b895},
    {0x497b, 0xe9b89a},
    {0x497c, 0xe9b89e},
    {0x497d, 0xe9b9b5},
    {0x573a, 0xe9b9b7},
    {0x497e, 0xe9b9b9},
    {0x497f, 0xe9b9bd},
    {0x4980, 0xe9b9bf},
    {0x573d, 0xe9ba80},
    {0x573e, 0xe9ba82},
    {0x573f, 0xe9ba84},
    {0x5742, 0xe9ba8f},
    {0x5743, 0xe9ba91},
    {0x4983, 0xe9ba97},
    {0x5744, 0xe9ba98},
    {0x4984, 0xe9ba9d},
    {0x5745, 0xe9ba9e},
    {0x4985, 0xe9ba9f},
    {0x5746, 0xe9baa4},
    {0x4986, 0xe9baa5},
    {0x5749, 0xe9baaf},
    {0x4989, 0xe9babb},
    {0x574a, 0xe9babd},
    {0x498a, 0xe9babe},
    {0x574b, 0xe9babf},
    {0x498b, 0xe9bb83},
    {0x574c, 0xe9bb85},
    {0x574d, 0xe9bb8c},
    {0x498e, 0xe9bb91},
    {0x498f, 0xe9bb94},
    {0x5750, 0xe9bb96},
    {0x4990, 0xe9bb98},
    {0x5751, 0xe9bb9a},
    {0x5752, 0xe9bb9d},
    {0x4993, 0xe9bb9e},
    {0x5753, 0xe9bba0},
    {0x5754, 0xe9bba5},
    {0x4994, 0xe9bba8},
    {0x5757, 0xe9bbb2},
    {0x4995, 0xe9bbb4},
    {0x575f, 0xe9bbbf},
    {0x5760, 0xe9bc80},
    {0x5761, 0xe9bc82},
    {0x5762, 0xe9bc84},
    {0x4998, 0xe9bc8e},
    {0x5765, 0xe9bc90},
    {0x4999, 0xe9bc93},
    {0x5766, 0xe9bc94},
    {0x5767, 0xe9bc97},
    {0x5768, 0xe9bc99},
    {0x499a, 0xe9bca0},
    {0x5769, 0xe9bca2},
    {0x576c, 0xe9bcaf},
    {0x576d, 0xe9bcb4},
    {0x499b, 0xe9bcbb},
    {0x5770, 0xe9bcbe},
    {0x499e, 0xe9bd8e},
    {0x499f, 0xe9bd92},
    {0x5773, 0xe9bd97},
    {0x49a0, 0xe9bd9f},
    {0x5774, 0xe9bda0},
    {0x49a1, 0xe9bda1},
    {0x5775, 0xe9bda6},
    {0x49a2, 0xe9bda7},
    {0x5776, 0xe9bda9},
    {0x49a3, 0xe9bdaa},
    {0x5777, 0xe9bdab},
    {0x49a4, 0xe9bdac},
    {0x5778, 0xe9bdb2},
    {0x5779, 0xe9bdb6},
    {0x49a5, 0xe9bdb7},
    {0x49a6, 0xe9be8d},
    {0x577a, 0xe9be8e},
    {0x49a7, 0xe9be90},
    {0x577d, 0xe9be94},
    {0x49a8, 0xe9be95},
    {0x49a9, 0xe9be9c},
    {0x577e, 0xe9be9d},
    {0x577f, 0xe9bea0},
    {0x5780, 0xe9bea2},
    {0x5781, 0xe9bea5},
    {0xdf, 0xeab084},
    {0xbf5, 0xeab08c},
    {0x1222, 0xeab098},
    {0xf2, 0xeab0a0},
    {0x1225, 0xeab0a1},
    {0xbf6, 0xeab0a2},
    {0x122d, 0xeab0ae},
    {0xbf7, 0xeab0b2},
    {0x1230, 0xeab0b7},
    {0xfc, 0xeab0bc},
    {0xbfa, 0xeab0bf},
    {0xfd, 0xeab180},
    {0xbfb, 0xeab181},
    {0x123a, 0xeab18a},
    {0xfe, 0xeab18b},
    {0xbff, 0xeab18c},
    {0xff, 0xeab18d},
    {0x100, 0xeab194},
    {0x101, 0xeab198},
    {0x102, 0xeab19c},
    {0xc00, 0xeab1a4},
    {0x103, 0xeab1a5},
    {0x1258, 0xeab1b2},
    {0xc01, 0xeab1b3},
    {0x106, 0xeab1b4},
    {0xc02, 0xeab1b5},
    {0x1259, 0xeab1b6},
    {0xc03, 0xeab1b9},
    {0x109, 0xeab1ba},
    {0xc04, 0xeab287},
    {0x125f, 0xeab288},
    {0x116, 0xeab290},
    {0xc05, 0xeab293},
    {0x117, 0xeab294},
    {0x126b, 0xeab29e},
    {0xc06, 0xeab2a5},
    {0x126f, 0xeab2a6},
    {0xc07, 0xeab2a7},
    {0x1270, 0xeab2ab},
    {0x120, 0xeab2ac},
    {0xc08, 0xeab2b1},
    {0xc09, 0xeab2b4},
    {0x1277, 0xeab2ba},
    {0xc0a, 0xeab2be},
    {0x129, 0xeab2bf},
    {0x1278, 0xeab380},
    {0x12a, 0xeab381},
    {0xc0b, 0xeab382},
    {0x1279, 0xeab383},
    {0x12b, 0xeab384},
    {0xc0c, 0xeab385},
    {0x12c, 0xeab388},
    {0xc0d, 0xeab38b},
    {0x12d, 0xeab38c},
    {0xc0e, 0xeab394},
    {0x12e, 0xeab395},
    {0x1285, 0xeab396},
    {0xc0f, 0xeab399},
    {0x133, 0xeab3a4},
    {0xc10, 0xeab3a9},
    {0x136, 0xeab3aa},
    {0xc11, 0xeab3ab},
    {0x137, 0xeab3ac},
    {0x1290, 0xeab3ad},
    {0xc12, 0xeab3ae},
    {0x1291, 0xeab3b2},
    {0x13b, 0xeab3b3},
    {0x1292, 0xeab3b4},
    {0xc13, 0xeab3b7},
    {0x1293, 0xeab3b8},
    {0x13e, 0xeab3b9},
    {0x141, 0xeab480},
    {0xc16, 0xeab483},
    {0x142, 0xeab484},
    {0x1298, 0xeab485},
    {0x143, 0xeab486},
    {0x129e, 0xeab48e},
    {0x14a, 0xeab498},
    {0xc17, 0xeab499},
    {0x14b, 0xeab49c},
    {0xc18, 0xeab49f},
    {0x14c, 0xeab4a0},
    {0x12a8, 0xeab4a1},
    {0x14d, 0xeab4a2},
    {0xc19, 0xeab4a8},
    {0x14e, 0xeab4a9},
    {0x12ae, 0xeab4aa},
    {0xc1a, 0xeab4ab},
    {0x153, 0xeab4b8},
    {0xc1b, 0xeab4bb},
    {0x154, 0xeab4bc},
    {0x12b9, 0xeab4bd},
    {0xc1c, 0xeab4be},
    {0x12ba, 0xeab4bf},
    {0x12bf, 0xeab586},
    {0x157, 0xeab587},
    {0xc1d, 0xeab588},
    {0x158, 0xeab589},
    {0x159, 0xeab590},
    {0xc1e, 0xeab591},
    {0x15a, 0xeab594},
    {0xc1f, 0xeab597},
    {0x15b, 0xeab598},
    {0x12d1, 0xeab5a2},
    {0x15e, 0xeab5a3},
    {0x12d2, 0xeab5a4},
    {0x15f, 0xeab5a5},
    {0x162, 0xeab5b0},
    {0x12dd, 0xeab5b7},
    {0xc20, 0xeab5b8},
    {0x12e0, 0xeab5be},
    {0x16a, 0xeab5bf},
    {0x12e1, 0xeab680},
    {0xc21, 0xeab686},
    {0x12e4, 0xeab687},
    {0x170, 0xeab68c},
    {0xc22, 0xeab68f},
    {0x171, 0xeab690},
    {0x12f0, 0xeab69a},
    {0xc25, 0xeab69b},
    {0x174, 0xeab6a4},
    {0xc26, 0xeab6a5},
    {0xc27, 0xeab6a8},
    {0x1302, 0xeab6b6},
    {0xc2c, 0xeab6b9},
    {0x179, 0xeab784},
    {0xc2d, 0xeab787},
    {0x17a, 0xeab788},
    {0x130d, 0xeab789},
    {0xc2e, 0xeab78a},
    {0x1313, 0xeab792},
    {0x17d, 0xeab793},
    {0xc2f, 0xeab794},
    {0x17e, 0xeab795},
    {0x17f, 0xeab79c},
    {0xc30, 0xeab79d},
    {0x180, 0xeab7a0},
    {0x181, 0xeab7a4},
    {0xc31, 0xeab7a8},
    {0x1325, 0xeab7ae},
    {0xc32, 0xeab7af},
    {0x1326, 0xeab7b0},
    {0xc33, 0xeab7b1},
    {0x186, 0xeab7bc},
    {0x132f, 0xeab7bd},
    {0xc34, 0xeab7be},
    {0x187, 0xeab7bf},
    {0x1332, 0xeab88a},
    {0x18e, 0xeab88b},
    {0x1333, 0xeab88c},
    {0x18f, 0xeab88d},
    {0xc37, 0xeab88e},
    {0x190, 0xeab88f},
    {0x1334, 0xeab890},
    {0x191, 0xeab891},
    {0xc38, 0xeab892},
    {0xc39, 0xeab895},
    {0x194, 0xeab898},
    {0xc3a, 0xeab89c},
    {0xc3b, 0xeab8a0},
    {0x1340, 0xeab8a6},
    {0xc3e, 0xeab8a7},
    {0x1341, 0xeab8a8},
    {0x195, 0xeab8a9},
    {0x198, 0xeab8b4},
    {0xc3f, 0xeab8b9},
    {0x19b, 0xeab8ba},
    {0x134c, 0xeab8bb},
    {0xc40, 0xeab8bc},
    {0x1350, 0xeab982},
    {0xc41, 0xeab987},
    {0x1351, 0xeab988},
    {0xc42, 0xeab989},
    {0x1a2, 0xeab98a},
    {0xc43, 0xeab98b},
    {0x1352, 0xeab98f},
    {0x1a6, 0xeab990},
    {0xc44, 0xeab993},
    {0x1a7, 0xeab994},
    {0x1355, 0xeab995},
    {0x1a8, 0xeab996},
    {0x135b, 0xeab99e},
    {0x135c, 0xeab9a4},
    {0x1ae, 0xeab9a5},
    {0xc47, 0xeab9aa},
    {0x135f, 0xeab9ab},
    {0x1b1, 0xeab9ac},
    {0xc48, 0xeab9b3},
    {0xc49, 0xeab9b6},
    {0x1366, 0xeab9b7},
    {0x1367, 0xeab9ba},
    {0x136a, 0xeaba80},
    {0xc4a, 0xeaba81},
    {0x136d, 0xeaba87},
    {0xc4b, 0xeaba88},
    {0xc4c, 0xeaba8b},
    {0xc4d, 0xeaba97},
    {0x1379, 0xeaba98},
    {0xc4e, 0xeaba99},
    {0x1be, 0xeabaa0},
    {0x1bf, 0xeabaa4},
    {0xc4f, 0xeabab5},
    {0x1399, 0xeababf},
    {0x1c3, 0xeabb80},
    {0x139a, 0xeabb81},
    {0x1c4, 0xeabb84},
    {0x13a2, 0xeabb8e},
    {0xc52, 0xeabb92},
    {0x1ca, 0xeabb93},
    {0x13a3, 0xeabb94},
    {0x1cb, 0xeabb95},
    {0xc53, 0xeabb9a},
    {0x13a6, 0xeabb9b},
    {0x1ce, 0xeabb9c},
    {0x1cf, 0xeabba8},
    {0xc56, 0xeabba9},
    {0x13b0, 0xeabbaa},
    {0x1d0, 0xeabbab},
    {0xc57, 0xeabbac},
    {0x1d1, 0xeabbad},
    {0xc58, 0xeabbb1},
    {0x1d2, 0xeabbb4},
    {0xc59, 0xeabbb5},
    {0x1d3, 0xeabbb8},
    {0xc5a, 0xeabbbb},
    {0x1d4, 0xeabbbc},
    {0x13c1, 0xeabc86},
    {0x1d8, 0xeabc8d},
    {0x1d9, 0xeabc90},
    {0xc5d, 0xeabc97},
    {0xc5e, 0xeabca5},
    {0x1dc, 0xeabcb0},
    {0xc5f, 0xeabcb1},
    {0x13e2, 0xeabcb5},
    {0xc60, 0xeabcb6},
    {0x13e3, 0xeabcb7},
    {0xc61, 0xeabcb8},
    {0xc62, 0xeabcbb},
    {0x13e6, 0xeabcbe},
    {0x1e2, 0xeabcbf},
    {0x13e7, 0xeabd80},
    {0x13e8, 0xeabd84},
    {0x1e6, 0xeabd85},
    {0x13e9, 0xeabd86},
    {0xc63, 0xeabd87},
    {0x1e9, 0xeabd8c},
    {0xc64, 0xeabd8f},
    {0x1ea, 0xeabd90},
    {0x13f5, 0xeabd9a},
    {0xc67, 0xeabd9b},
    {0x1ef, 0xeabda8},
    {0x1f2, 0xeabe80},
    {0xc6c, 0xeabe81},
    {0x1f3, 0xeabe84},
    {0xc6d, 0xeabe87},
    {0x1f4, 0xeabe88},
    {0x141a, 0xeabe92},
    {0x1f7, 0xeabe95},
    {0x1f8, 0xeabe9c},
    {0xc70, 0xeabea0},
    {0xc75, 0xeabeb2},
    {0x1fb, 0xeabebc},
    {0xc76, 0xeabebf},
    {0x1fc, 0xeabf80},
    {0xc77, 0xeabf81},
    {0x143f, 0xeabf8a},
    {0x200, 0xeabf8b},
    {0x1440, 0xeabf8c},
    {0x204, 0xeabf94},
    {0xc78, 0xeabf95},
    {0x205, 0xeabf98},
    {0xc79, 0xeabf9b},
    {0x206, 0xeabf9c},
    {0x1450, 0xeabfa6},
    {0xc7c, 0xeabfa7},
    {0x20b, 0xeabfb4},
    {0xc7d, 0xeabfb7},
    {0x20c, 0xeabfb8},
    {0x1462, 0xeb8082},
    {0xc7e, 0xeb8083},
    {0x20f, 0xeb8084},
    {0xc7f, 0xeb8085},
    {0x210, 0xeb808c},
    {0xc80, 0xeb808d},
    {0x211, 0xeb8090},
    {0xc81, 0xeb8093},
    {0x212, 0xeb8094},
    {0x1474, 0xeb809e},
    {0xc82, 0xeb809f},
    {0x1475, 0xeb80a0},
    {0xc83, 0xeb80a1},
    {0x215, 0xeb80a8},
    {0xc84, 0xeb80ac},
    {0x216, 0xeb80b0},
    {0x217, 0xeb80bc},
    {0x21a, 0xeb8188},
    {0x1494, 0xeb8189},
    {0x21b, 0xeb818a},
    {0xc87, 0xeb818b},
    {0x21c, 0xeb818c},
    {0xc88, 0xeb818d},
    {0x21d, 0xeb818e},
    {0x1499, 0xeb8196},
    {0x221, 0xeb8197},
    {0x149a, 0xeb8198},
    {0x222, 0xeb8199},
    {0x149b, 0xeb819a},
    {0xc89, 0xeb819b},
    {0x149c, 0xeb819c},
    {0x223, 0xeb819d},
    {0x149d, 0xeb819e},
    {0xc8a, 0xeb819f},
    {0x224, 0xeb81a0},
    {0xc8b, 0xeb81a1},
    {0x225, 0xeb81a4},
    {0xc8e, 0xeb81ab},
    {0xc8f, 0xeb81b3},
    {0x14ab, 0xeb81b4},
    {0xc90, 0xeb81b5},
    {0x228, 0xeb8280},
    {0xc91, 0xeb8283},
    {0x229, 0xeb8284},
    {0xc92, 0xeb828b},
    {0x14bc, 0xeb828e},
    {0xc93, 0xeb8295},
    {0xc94, 0xeb829b},
    {0x232, 0xeb829c},
    {0x14c4, 0xeb82a3},
    {0xc95, 0xeb82a4},
    {0xc96, 0xeb82aa},
    {0xc97, 0xeb82b0},
    {0x23e, 0xeb82b1},
    {0xc98, 0xeb82b2},
    {0x242, 0xeb82b8},
    {0x14d3, 0xeb8386},
    {0xc99, 0xeb838e},
    {0x14d8, 0xeb838f},
    {0x24c, 0xeb8394},
    {0x14e4, 0xeb83a2},
    {0x251, 0xeb83a3},
    {0x14e5, 0xeb83a4},
    {0x252, 0xeb83a5},
    {0xc9a, 0xeb83a6},
    {0xc9b, 0xeb83a9},
    {0x253, 0xeb83ac},
    {0x14fd, 0xeb8480},
    {0xc9c, 0xeb8481},
    {0xc9d, 0xeb848a},
    {0xc9e, 0xeb8497},
    {0x1509, 0xeb849a},
    {0xc9f, 0xeb849e},
    {0x150a, 0xeb849f},
    {0x266, 0xeb84a8},
    {0x1516, 0xeb84b6},
    {0x26e, 0xeb84be},
    {0xca4, 0xeb84bf},
    {0x1519, 0xeb8582},
    {0xca5, 0xeb8583},
    {0x271, 0xeb8584},
    {0xca6, 0xeb858b},
    {0x1522, 0xeb8592},
    {0xca7, 0xeb8593},
    {0x278, 0xeb8598},
    {0x279, 0xeb859c},
    {0xcab, 0xeb859d},
    {0x27a, 0xeb85a0},
    {0x1530, 0xeb85ae},
    {0xcb0, 0xeb85af},
    {0x1531, 0xeb85b0},
    {0x27b, 0xeb85b1},
    {0x27e, 0xeb85bc},
    {0x1538, 0xeb85bd},
    {0x153e, 0xeb868a},
    {0x284, 0xeb868b},
    {0x153f, 0xeb868c},
    {0x285, 0xeb868d},
    {0xcb5, 0xeb868e},
    {0x1540, 0xeb868f},
    {0xcb6, 0xeb8690},
    {0xcb7, 0xeb8695},
    {0x28a, 0xeb8698},
    {0xcb8, 0xeb869b},
    {0x28b, 0xeb869c},
    {0xcb9, 0xeb86a4},
    {0x28c, 0xeb86a5},
    {0x154c, 0xeb86a6},
    {0xcba, 0xeb86a7},
    {0x28d, 0xeb86a8},
    {0xcbb, 0xeb86a9},
    {0x28e, 0xeb86b0},
    {0xcbc, 0xeb86b4},
    {0xcbd, 0xeb86b8},
    {0x28f, 0xeb8784},
    {0x292, 0xeb8790},
    {0xcbe, 0xeb8793},
    {0x293, 0xeb8794},
    {0x1576, 0xeb879e},
    {0x296, 0xeb879f},
    {0xcbf, 0xeb87a0},
    {0x297, 0xeb87a1},
    {0xcc0, 0xeb87a6},
    {0x157b, 0xeb87a7},
    {0x29a, 0xeb87ac},
    {0xcc1, 0xeb87af},
    {0x29b, 0xeb87b0},
    {0x1587, 0xeb87ba},
    {0x29e, 0xeb87bb},
    {0x1588, 0xeb87bc},
    {0x29f, 0xeb87bd},
    {0x2a2, 0xeb8888},
    {0xcc2, 0xeb8890},
    {0xcc3, 0xeb8893},
    {0x1597, 0xeb8896},
    {0x2a8, 0xeb8897},
    {0x1598, 0xeb8898},
    {0x2a9, 0xeb8899},
    {0x1599, 0xeb889a},
    {0xcc4, 0xeb889b},
    {0x159a, 0xeb889c},
    {0x2aa, 0xeb889d},
    {0xcc5, 0xeb889e},
    {0x159b, 0xeb889f},
    {0x2ab, 0xeb88a0},
    {0xcc6, 0xeb88a1},
    {0xcc7, 0xeb88a4},
    {0x15a7, 0xeb88b2},
    {0xccc, 0xeb88b3},
    {0x2ac, 0xeb88b4},
    {0xccd, 0xeb88b5},
    {0x2ad, 0xeb88bc},
    {0xcce, 0xeb88bd},
    {0xccf, 0xeb8980},
    {0x15b9, 0xeb898e},
    {0x2ae, 0xeb8998},
    {0xcd7, 0xeb8999},
    {0x2af, 0xeb899c},
    {0xcd8, 0xeb899f},
    {0x2b0, 0xeb89a0},
    {0x15cb, 0xeb89aa},
    {0xcd9, 0xeb89ab},
    {0x15cc, 0xeb89ac},
    {0xcda, 0xeb89ad},
    {0x15cd, 0xeb89ae},
    {0xcdb, 0xeb89af},
    {0xcdc, 0xeb89b8},
    {0x15dd, 0xeb8a86},
    {0xcdd, 0xeb8a87},
    {0x15de, 0xeb8a88},
    {0x2b9, 0xeb8a89},
    {0x2bc, 0xeb8a94},
    {0x15e7, 0xeb8a9b},
    {0xce0, 0xeb8a9c},
    {0x15eb, 0xeb8aa2},
    {0x2c3, 0xeb8aa3},
    {0x15ec, 0xeb8aa4},
    {0xce1, 0xeb8aad},
    {0x2ca, 0xeb8ab0},
    {0xce2, 0xeb8ab3},
    {0x2cb, 0xeb8ab4},
    {0x2cc, 0xeb8abc},
    {0xce3, 0xeb8abd},
    {0x15fa, 0xeb8abe},
    {0x2cd, 0xeb8abf},
    {0xce4, 0xeb8b80},
    {0x2ce, 0xeb8b81},
    {0x2d1, 0xeb8b8c},
    {0xce5, 0xeb8b91},
    {0x2d4, 0xeb8b92},
    {0x1608, 0xeb8b9a},
    {0x2d7, 0xeb8b9b},
    {0x1609, 0xeb8b9c},
    {0x160a, 0xeb8b9f},
    {0x2da, 0xeb8ba0},
    {0x160b, 0xeb8ba1},
    {0x2db, 0xeb8ba2},
    {0xce8, 0xeb8ba3},
    {0x160c, 0xeb8ba7},
    {0x2df, 0xeb8ba8},
    {0xce9, 0xeb8bb0},
    {0x160f, 0xeb8bb1},
    {0xcea, 0xeb8bb2},
    {0xceb, 0xeb8bb6},
    {0xcec, 0xeb8bbc},
    {0x2ed, 0xeb8bbd},
    {0xced, 0xeb8bbe},
    {0x2ee, 0xeb8bbf},
    {0x2f1, 0xeb8c84},
    {0xcee, 0xeb8c87},
    {0x2f2, 0xeb8c88},
    {0x161b, 0xeb8c92},
    {0xcef, 0xeb8c99},
    {0x2f9, 0xeb8c9c},
    {0xcf0, 0xeb8c9d},
    {0x2fa, 0xeb8ca0},
    {0xcf1, 0xeb8ca4},
    {0xcf2, 0xeb8ca7},
    {0x162b, 0xeb8cae},
    {0xcf5, 0xeb8caf},
    {0x162c, 0xeb8cb0},
    {0x2fb, 0xeb8cb1},
    {0xcf6, 0xeb8cb8},
    {0xcf7, 0xeb8cbc},
    {0xcf8, 0xeb8d8d},
    {0x164c, 0xeb8d97},
    {0x2ff, 0xeb8d98},
    {0xcf9, 0xeb8d99},
    {0x164d, 0xeb8d9a},
    {0x164e, 0xeb8d9d},
    {0xcfa, 0xeb8da6},
    {0x306, 0xeb8da7},
    {0xcfb, 0xeb8da8},
    {0x307, 0xeb8da9},
    {0xcfc, 0xeb8daa},
    {0x308, 0xeb8dab},
    {0x1653, 0xeb8dac},
    {0xcfd, 0xeb8dad},
    {0x30d, 0xeb8db4},
    {0xcfe, 0xeb8db7},
    {0x30e, 0xeb8db8},
    {0x165f, 0xeb8e82},
    {0xcff, 0xeb8e86},
    {0xd00, 0xeb8e8a},
    {0x1663, 0xeb8e8b},
    {0x314, 0xeb8e8c},
    {0xd01, 0xeb8e8d},
    {0x1664, 0xeb8e8e},
    {0xd02, 0xeb8e8f},
    {0x315, 0xeb8e90},
    {0xd03, 0xeb8e93},
    {0x316, 0xeb8e94},
    {0xd04, 0xeb8e98},
    {0x166d, 0xeb8e9e},
    {0xd07, 0xeb8e9f},
    {0x319, 0xeb8ea8},
    {0xd08, 0xeb8ea9},
    {0x31a, 0xeb8eac},
    {0xd09, 0xeb8eb0},
    {0x1680, 0xeb8eba},
    {0xd0c, 0xeb8ebb},
    {0x1681, 0xeb8ebc},
    {0xd0d, 0xeb8ebd},
    {0x31d, 0xeb8f88},
    {0x168a, 0xeb8f8d},
    {0x320, 0xeb8f8e},
    {0xd10, 0xeb8f8f},
    {0x321, 0xeb8f90},
    {0xd11, 0xeb8f93},
    {0x168d, 0xeb8f96},
    {0x324, 0xeb8f97},
    {0x168e, 0xeb8f98},
    {0x325, 0xeb8f99},
    {0xd12, 0xeb8f9a},
    {0x326, 0xeb8f9b},
    {0xd13, 0xeb8f9c},
    {0x327, 0xeb8f9d},
    {0x328, 0xeb8fa0},
    {0xd16, 0xeb8fa1},
    {0x329, 0xeb8fa4},
    {0x32a, 0xeb8fa8},
    {0x169b, 0xeb8fb2},
    {0x32b, 0xeb8fbc},
    {0xd1c, 0xeb9080},
    {0x16ae, 0xeb908e},
    {0x32e, 0xeb9098},
    {0xd21, 0xeb9099},
    {0x32f, 0xeb909c},
    {0xd22, 0xeb909f},
    {0x330, 0xeb90a0},
    {0xd23, 0xeb90a4},
    {0x16c0, 0xeb90aa},
    {0x336, 0xeb90b4},
    {0xd24, 0xeb90b5},
    {0xd25, 0xeb90b8},
    {0x16d2, 0xeb9186},
    {0xd2a, 0xeb9187},
    {0x16d3, 0xeb9188},
    {0xd2b, 0xeb9189},
    {0xd2c, 0xeb918f},
    {0x339, 0xeb9194},
    {0xd2d, 0xeb9199},
    {0x33c, 0xeb919a},
    {0xd2e, 0xeb919b},
    {0x16e1, 0xeb91a2},
    {0x33f, 0xeb91a3},
    {0x16e2, 0xeb91a4},
    {0x340, 0xeb91a5},
    {0xd2f, 0xeb91aa},
    {0x16e7, 0xeb91ab},
    {0x341, 0xeb91ac},
    {0xd30, 0xeb91ad},
    {0xd31, 0xeb91b0},
    {0x16f3, 0xeb91be},
    {0xd36, 0xeb91bf},
    {0x342, 0xeb9280},
    {0xd37, 0xeb9281},
    {0x343, 0xeb9288},
    {0xd38, 0xeb9289},
    {0xd39, 0xeb928c},
    {0xd3c, 0xeb9298},
    {0x344, 0xeb9299},
    {0x1705, 0xeb929a},
    {0x345, 0xeb929d},
    {0x346, 0xeb92a4},
    {0xd3f, 0xeb92a5},
    {0x347, 0xeb92a8},
    {0xd40, 0xeb92ab},
    {0x348, 0xeb92ac},
    {0xd41, 0xeb92b4},
    {0x349, 0xeb92b5},
    {0x1717, 0xeb92b6},
    {0x34d, 0xeb9380},
    {0xd42, 0xeb9381},
    {0x34e, 0xeb9384},
    {0x34f, 0xeb9388},
    {0x350, 0xeb9390},
    {0xd43, 0xeb9391},
    {0x172a, 0xeb9392},
    {0xd44, 0xeb9393},
    {0x172b, 0xeb9394},
    {0x351, 0xeb9395},
    {0x354, 0xeb93a0},
    {0xd45, 0xeb93a8},
    {0x1739, 0xeb93ae},
    {0x35c, 0xeb93af},
    {0x173a, 0xeb93b0},
    {0x35d, 0xeb93b1},
    {0x35e, 0xeb93b8},
    {0xd46, 0xeb93b9},
    {0x35f, 0xeb93bc},
    {0xd47, 0xeb93bf},
    {0x360, 0xeb9480},
    {0x174c, 0xeb948a},
    {0xd4a, 0xeb948b},
    {0x174d, 0xeb948c},
    {0xd4b, 0xeb948d},
    {0x363, 0xeb9498},
    {0x175f, 0xeb94a6},
    {0x1760, 0xeb94ac},
    {0xd4c, 0xeb94ad},
    {0x36d, 0xeb94ae},
    {0xd4d, 0xeb94af},
    {0x1761, 0xeb94b3},
    {0x371, 0xeb94b4},
    {0xd51, 0xeb94bf},
    {0x1767, 0xeb9582},
    {0xd52, 0xeb958e},
    {0x176d, 0xeb958f},
    {0x37c, 0xeb9590},
    {0xd53, 0xeb9593},
    {0x37d, 0xeb9594},
    {0x1777, 0xeb959e},
    {0xd57, 0xeb95ac},
    {0xd58, 0xeb95b0},
    {0xd59, 0xeb95bd},
    {0x383, 0xeb9684},
    {0x384, 0xeb9688},
    {0x385, 0xeb9694},
    {0x386, 0xeb9699},
    {0x389, 0xeb96a4},
    {0xd5a, 0xeb96a7},
    {0x38a, 0xeb96a8},
    {0x17b0, 0xeb96a9},
    {0xd5b, 0xeb96af},
    {0x17b4, 0xeb96b2},
    {0x395, 0xeb9780},
    {0xd5c, 0xeb9783},
    {0x396, 0xeb9784},
    {0x17c5, 0xeb978e},
    {0x39c, 0xeb9798},
    {0xd5d, 0xeb9799},
    {0xd5e, 0xeb979c},
    {0xd5f, 0xeb979f},
    {0x17d8, 0xeb97aa},
    {0xd62, 0xeb97ab},
    {0x39d, 0xeb97ac},
    {0xd63, 0xeb97ad},
    {0xd64, 0xeb97b4},
    {0xd65, 0xeb97b8},
    {0xd66, 0xeb9885},
    {0xd67, 0xeb9889},
    {0xd68, 0xeb9892},
    {0x17f7, 0xeb9893},
    {0x3a0, 0xeb9894},
    {0xd69, 0xeb9897},
    {0x3a1, 0xeb9898},
    {0xd6c, 0xeb989f},
    {0x17fe, 0xeb98a2},
    {0x3a4, 0xeb98a3},
    {0x17ff, 0xeb98a4},
    {0x3a5, 0xeb98a5},
    {0x3a8, 0xeb98b0},
    {0x3a9, 0xeb98b4},
    {0x1816, 0xeb9980},
    {0xd6d, 0xeb9981},
    {0xd6e, 0xeb9989},
    {0xd6f, 0xeb998c},
    {0x1827, 0xeb999a},
    {0xd74, 0xeb999b},
    {0x3ac, 0xeb999c},
    {0x3ad, 0xeb99a4},
    {0xd75, 0xeb99a5},
    {0x3ae, 0xeb99a8},
    {0x183a, 0xeb99b6},
    {0x3b1, 0xeb9aa0},
    {0xd7f, 0xeb9aa3},
    {0x3b2, 0xeb9aa4},
    {0x185f, 0xeb9aa5},
    {0xd80, 0xeb9aa6},
    {0x3b3, 0xeb9aa7},
    {0xd81, 0xeb9aad},
    {0x1863, 0xeb9aae},
    {0x3b6, 0xeb9aaf},
    {0x1864, 0xeb9ab0},
    {0x3b7, 0xeb9ab1},
    {0xd82, 0xeb9ab5},
    {0x3b8, 0xeb9ab8},
    {0xd83, 0xeb9abc},
    {0xd84, 0xeb9abf},
    {0x3b9, 0xeb9b94},
    {0xd87, 0xeb9b98},
    {0x3ba, 0xeb9bb0},
    {0x3bb, 0xeb9bb4},
    {0xd8e, 0xeb9bb7},
    {0x3bc, 0xeb9bb8},
    {0x18a1, 0xeb9c82},
    {0xd8f, 0xeb9c83},
    {0x3c1, 0xeb9c8c},
    {0xd90, 0xeb9c8d},
    {0xd91, 0xeb9c94},
    {0xd92, 0xeb9c9c},
    {0xd93, 0xeb9ca1},
    {0x3c4, 0xeb9cac},
    {0x18c3, 0xeb9cb1},
    {0xd94, 0xeb9cb2},
    {0x3c7, 0xeb9cb3},
    {0xd95, 0xeb9cb7},
    {0x18c7, 0xeb9cba},
    {0x3ca, 0xeb9cbb},
    {0x18c8, 0xeb9cbc},
    {0x18c9, 0xeb9cbf},
    {0xd96, 0xeb9d85},
    {0x3cf, 0xeb9d88},
    {0x3d0, 0xeb9d8c},
    {0xd97, 0xeb9d99},
    {0x3d5, 0xeb9da4},
    {0xd98, 0xeb9da7},
    {0x3d6, 0xeb9da8},
    {0x18ed, 0xeb9db2},
    {0x3d9, 0xeb9db3},
    {0x18ee, 0xeb9db4},
    {0x3da, 0xeb9db5},
    {0xd99, 0xeb9dbb},
    {0x3dd, 0xeb9e80},
    {0xd9a, 0xeb9e88},
    {0x18fe, 0xeb9e8e},
    {0x3ea, 0xeb9e9c},
    {0x190a, 0xeb9eaa},
    {0x3f2, 0xeb9eb0},
    {0xd9e, 0xeb9eb1},
    {0x3f3, 0xeb9eb2},
    {0x190d, 0xeb9eb3},
    {0x3f6, 0xeb9eb8},
    {0xda1, 0xeb9f84},
    {0x3f7, 0xeb9f85},
    {0x1919, 0xeb9f86},
    {0x3f8, 0xeb9f87},
    {0x191a, 0xeb9f88},
    {0x3f9, 0xeb9f89},
    {0x3fa, 0xeb9f90},
    {0x3fb, 0xeb9f94},
    {0xda2, 0xeb9fa3},
    {0x3fe, 0xeb9fb0},
    {0x193c, 0xeb9fb1},
    {0xda3, 0xeb9fbe},
    {0x404, 0xeb9fbf},
    {0xda4, 0xeba082},
    {0x1944, 0xeba083},
    {0xda5, 0xeba084},
    {0x1945, 0xeba085},
    {0xda6, 0xeba086},
    {0x40a, 0xeba08c},
    {0xda7, 0xeba08f},
    {0x40b, 0xeba090},
    {0x1951, 0xeba09a},
    {0x413, 0xeba0a8},
    {0xdab, 0xeba0b0},
    {0x195f, 0xeba0b6},
    {0xdac, 0xeba0bc},
    {0x1962, 0xeba0bd},
    {0xdad, 0xeba0be},
    {0x1963, 0xeba0bf},
    {0x41b, 0xeba180},
    {0xdae, 0xeba181},
    {0x41c, 0xeba184},
    {0xdb1, 0xeba190},
    {0x41d, 0xeba191},
    {0x196f, 0xeba192},
    {0x41e, 0xeba193},
    {0x1970, 0xeba194},
    {0xdb2, 0xeba195},
    {0x421, 0xeba1a0},
    {0xdb3, 0xeba1a8},
    {0xdb4, 0xeba1ab},
    {0x1980, 0xeba1ae},
    {0x426, 0xeba1af},
    {0x1981, 0xeba1b0},
    {0x427, 0xeba1b1},
    {0xdb5, 0xeba1b4},
    {0x1984, 0xeba1b5},
    {0x42a, 0xeba1bc},
    {0xdb8, 0xeba280},
    {0x1991, 0xeba28a},
    {0x42b, 0xeba28d},
    {0x42c, 0xeba294},
    {0xdbd, 0xeba298},
    {0xdc0, 0xeba2a7},
    {0x42d, 0xeba2a8},
    {0x42e, 0xeba2b0},
    {0xdc1, 0xeba2b1},
    {0x42f, 0xeba2b4},
    {0xdc2, 0xeba2b5},
    {0x19b0, 0xeba2b6},
    {0xdc3, 0xeba2b7},
    {0x430, 0xeba2b8},
    {0x19b8, 0xeba382},
    {0x433, 0xeba383},
    {0xdc4, 0xeba384},
    {0x434, 0xeba385},
    {0x435, 0xeba38c},
    {0xdc5, 0xeba38d},
    {0x436, 0xeba390},
    {0xdc6, 0xeba393},
    {0x437, 0xeba394},
    {0xdc7, 0xeba39c},
    {0x438, 0xeba39d},
    {0x19ca, 0xeba39e},
    {0x439, 0xeba39f},
    {0x19cb, 0xeba3a0},
    {0x43a, 0xeba3a1},
    {0x43d, 0xeba3ac},
    {0xdc8, 0xeba3af},
    {0x43e, 0xeba3b0},
    {0xdc9, 0xeba3b3},
    {0x19dc, 0xeba3ba},
    {0x441, 0xeba3bb},
    {0x19dd, 0xeba3bc},
    {0x442, 0xeba3bd},
    {0xdca, 0xeba480},
    {0x19e0, 0xeba481},
    {0xdcb, 0xeba482},
    {0x19e1, 0xeba483},
    {0x443, 0xeba484},
    {0xdcc, 0xeba485},
    {0x444, 0xeba488},
    {0x19ed, 0xeba496},
    {0xdd1, 0xeba497},
    {0x445, 0xeba498},
    {0xdd2, 0xeba499},
    {0x446, 0xeba4a0},
    {0xdd3, 0xeba4a1},
    {0x447, 0xeba4a4},
    {0xdd4, 0xeba4a8},
    {0x1a00, 0xeba4b2},
    {0x44a, 0xeba580},
    {0xdda, 0xeba583},
    {0x44b, 0xeba584},
    {0x44c, 0xeba58c},
    {0xddb, 0xeba58d},
    {0x1a12, 0xeba58e},
    {0x44d, 0xeba58f},
    {0xddc, 0xeba590},
    {0x44e, 0xeba591},
    {0x451, 0xeba59c},
    {0xddd, 0xeba59f},
    {0x452, 0xeba5a0},
    {0x1a24, 0xeba5aa},
    {0x455, 0xeba5ab},
    {0x1a25, 0xeba5ac},
    {0x456, 0xeba5ad},
    {0x459, 0xeba5b8},
    {0xdde, 0xeba5bb},
    {0x45a, 0xeba5bc},
    {0xddf, 0xeba5bd},
    {0xde0, 0xeba680},
    {0x1a35, 0xeba686},
    {0x45d, 0xeba687},
    {0x1a36, 0xeba688},
    {0xde1, 0xeba68b},
    {0x1a37, 0xeba68c},
    {0xde2, 0xeba691},
    {0x464, 0xeba694},
    {0xde3, 0xeba698},
    {0xde4, 0xeba69e},
    {0x1a42, 0xeba69f},
    {0x1a43, 0xeba6a2},
    {0xde7, 0xeba6a3},
    {0x1a44, 0xeba6a4},
    {0xde8, 0xeba6a5},
    {0x467, 0xeba6b0},
    {0xde9, 0xeba6b3},
    {0x468, 0xeba6b4},
    {0xdea, 0xeba6be},
    {0x46b, 0xeba6bf},
    {0xdeb, 0xeba784},
    {0x1a58, 0xeba785},
    {0x46e, 0xeba786},
    {0x1a59, 0xeba787},
    {0xdec, 0xeba78a},
    {0x1a5a, 0xeba78b},
    {0x471, 0xeba78c},
    {0x1a5b, 0xeba78d},
    {0x1a5c, 0xeba793},
    {0x477, 0xeba794},
    {0x1a60, 0xeba79a},
    {0xded, 0xeba7a0},
    {0x1a61, 0xeba7a6},
    {0xdee, 0xeba7a7},
    {0x484, 0xeba7a8},
    {0xdef, 0xeba7ad},
    {0x1a6a, 0xeba7b6},
    {0x1a6b, 0xeba7bc},
    {0x48e, 0xeba7bd},
    {0xdf0, 0xeba7be},
    {0x1a6c, 0xeba7bf},
    {0x491, 0xeba884},
    {0x492, 0xeba888},
    {0x493, 0xeba890},
    {0xdf1, 0xeba891},
    {0x1a79, 0xeba892},
    {0xdf2, 0xeba893},
    {0x1a7a, 0xeba894},
    {0x494, 0xeba895},
    {0xdf3, 0xeba898},
    {0xdf4, 0xeba89c},
    {0x1a9b, 0xeba8ba},
    {0xdf5, 0xeba8bb},
    {0x497, 0xeba8bc},
    {0xdf6, 0xeba8bf},
    {0x498, 0xeba980},
    {0xdf7, 0xeba981},
    {0x499, 0xeba982},
    {0x1aa3, 0xeba98a},
    {0xdf8, 0xeba98f},
    {0x4a3, 0xeba998},
    {0xdf9, 0xeba9a0},
    {0x1ab1, 0xeba9a6},
    {0xdfa, 0xeba9aa},
    {0x4ab, 0xeba9ab},
    {0x1ab2, 0xeba9ac},
    {0xdfb, 0xeba9ad},
    {0x4ae, 0xeba9b4},
    {0x1ab9, 0xeba9b9},
    {0xdfc, 0xeba9ba},
    {0x1abf, 0xebaa82},
    {0x1ac0, 0xebaa86},
    {0x4b4, 0xebaa87},
    {0x1ac1, 0xebaa88},
    {0xdff, 0xebaa89},
    {0x4b5, 0xebaa8c},
    {0xe00, 0xebaa8d},
    {0x4b6, 0xebaa90},
    {0x1acf, 0xebaa9e},
    {0xe05, 0xebaa9f},
    {0x1ad0, 0xebaaa0},
    {0xe06, 0xebaaa1},
    {0x1ad1, 0xebaaa2},
    {0xe07, 0xebaaa3},
    {0x1ad2, 0xebaaa4},
    {0x1ad3, 0xebaaa7},
    {0x1ad4, 0xebaaaa},
    {0x1ad7, 0xebaab3},
    {0xe0a, 0xebaab4},
    {0x1adb, 0xebaaba},
    {0x4c1, 0xebaabb},
    {0x1adc, 0xebaabc},
    {0x4c2, 0xebaabd},
    {0x1add, 0xebaabe},
    {0xe0b, 0xebaabf},
    {0xe0c, 0xebab83},
    {0x4c3, 0xebab84},
    {0xe0d, 0xebab85},
    {0x4c4, 0xebab88},
    {0x1aec, 0xebab96},
    {0xe12, 0xebab97},
    {0x4c7, 0xebaba0},
    {0xe13, 0xebaba4},
    {0xe14, 0xebaba8},
    {0xe15, 0xebabb1},
    {0x4c8, 0xebabb4},
    {0x4c9, 0xebabbc},
    {0xe16, 0xebabbd},
    {0x4ca, 0xebac80},
    {0xe17, 0xebac83},
    {0x4cb, 0xebac84},
    {0x1b15, 0xebac8e},
    {0x4ce, 0xebac8f},
    {0x1b16, 0xebac90},
    {0x4cf, 0xebac91},
    {0x4d0, 0xebac98},
    {0xe18, 0xebac99},
    {0x4d1, 0xebac9c},
    {0xe19, 0xebac9f},
    {0x4d2, 0xebaca0},
    {0xe1a, 0xebaca8},
    {0x4d3, 0xebaca9},
    {0x1b28, 0xebacaa},
    {0x4d4, 0xebacab},
    {0x1b29, 0xebacac},
    {0xe1b, 0xebacad},
    {0x1b30, 0xebacb7},
    {0x4d8, 0xebacb8},
    {0x1b31, 0xebacb9},
    {0xe1c, 0xebacba},
    {0x1b32, 0xebacbf},
    {0xe1d, 0xebad80},
    {0x1b36, 0xebad86},
    {0x4df, 0xebad87},
    {0x1b37, 0xebad88},
    {0x4e0, 0xebad89},
    {0x1b38, 0xebad8a},
    {0xe1e, 0xebad8b},
    {0x1b39, 0xebad8c},
    {0x4e1, 0xebad8d},
    {0x1b3a, 0xebad8e},
    {0xe1f, 0xebad91},
    {0x4e4, 0xebad94},
    {0xe20, 0xebad97},
    {0x4e5, 0xebad98},
    {0xe21, 0xebada0},
    {0x4e6, 0xebada1},
    {0x1b46, 0xebada2},
    {0x4ea, 0xebadac},
    {0xe22, 0xebadad},
    {0xe23, 0xebadb0},
    {0xe24, 0xebadb4},
    {0x1b59, 0xebadbe},
    {0xe27, 0xebadbf},
    {0x4eb, 0xebae88},
    {0xe2a, 0xebae89},
    {0x4ec, 0xebae8a},
    {0x1b60, 0xebae8b},
    {0x4ed, 0xebae8c},
    {0x4ee, 0xebae90},
    {0xe2b, 0xebae98},
    {0x4ef, 0xebae99},
    {0x1b6b, 0xebae9a},
    {0x4f0, 0xebae9b},
    {0x4f1, 0xebaea4},
    {0xe2e, 0xebaea5},
    {0x4f2, 0xebaea8},
    {0xe2f, 0xebaeab},
    {0x4f3, 0xebaeac},
    {0x4f4, 0xebaeb4},
    {0xe30, 0xebaeb5},
    {0x1b7d, 0xebaeb6},
    {0x4f5, 0xebaeb7},
    {0x1b7e, 0xebaeb8},
    {0x4f6, 0xebaeb9},
    {0x1b85, 0xebaf82},
    {0xe31, 0xebaf83},
    {0x4f9, 0xebaf84},
    {0xe32, 0xebaf87},
    {0x4fa, 0xebaf88},
    {0xe33, 0xebaf89},
    {0xe34, 0xebaf8c},
    {0xe35, 0xebaf8f},
    {0x1b8c, 0xebaf92},
    {0x4fd, 0xebaf93},
    {0x1b8d, 0xebaf94},
    {0x4fe, 0xebaf95},
    {0xe36, 0xebaf99},
    {0x4ff, 0xebaf9c},
    {0xe37, 0xebaf9d},
    {0x500, 0xebafa0},
    {0xe38, 0xebafa4},
    {0xe39, 0xebafac},
    {0x501, 0xebafad},
    {0x1b9f, 0xebafae},
    {0xe3a, 0xebafaf},
    {0x1ba0, 0xebafb0},
    {0x502, 0xebafb1},
    {0xe3b, 0xebafb2},
    {0x505, 0xebafbc},
    {0x506, 0xebafbf},
    {0x507, 0xebb080},
    {0xe3c, 0xebb081},
    {0x508, 0xebb082},
    {0x1baa, 0xebb083},
    {0xe3d, 0xebb084},
    {0x1bae, 0xebb08a},
    {0xe3e, 0xebb08e},
    {0x50e, 0xebb08f},
    {0xe3f, 0xebb090},
    {0x50f, 0xebb091},
    {0xe40, 0xebb0a0},
    {0x1bb5, 0xebb0a6},
    {0x1bb6, 0xebb0aa},
    {0x520, 0xebb0ab},
    {0xe41, 0xebb0ac},
    {0x521, 0xebb0ad},
    {0x1bb7, 0xebb0ae},
    {0xe42, 0xebb0af},
    {0x1bb8, 0xebb0b3},
    {0x525, 0xebb0b4},
    {0x1bc2, 0xebb182},
    {0xe43, 0xebb186},
    {0x52d, 0xebb189},
    {0x530, 0xebb190},
    {0xe44, 0xebb194},
    {0x1bd3, 0xebb19e},
    {0x533, 0xebb19f},
    {0x1bd4, 0xebb1a0},
    {0x534, 0xebb1a1},
    {0xe47, 0xebb1b0},
    {0xe48, 0xebb1b7},
    {0xe49, 0xebb1bd},
    {0xe4a, 0xebb286},
    {0x1bf2, 0xebb287},
    {0x537, 0xebb288},
    {0xe4b, 0xebb28d},
    {0x53a, 0xebb28e},
    {0x1bf5, 0xebb28f},
    {0xe4c, 0xebb290},
    {0x1bf9, 0xebb296},
    {0x1bfa, 0xebb29b},
    {0xe4d, 0xebb29c},
    {0x541, 0xebb29d},
    {0x1bfb, 0xebb29e},
    {0xe4e, 0xebb2a2},
    {0x1bfc, 0xebb2a3},
    {0x545, 0xebb2a4},
    {0x1c06, 0xebb2b2},
    {0x54f, 0xebb380},
    {0xe51, 0xebb383},
    {0x550, 0xebb384},
    {0xe52, 0xebb388},
    {0x1c15, 0xebb38e},
    {0xe53, 0xebb392},
    {0x556, 0xebb393},
    {0xe54, 0xebb394},
    {0x557, 0xebb395},
    {0x558, 0xebb398},
    {0xe55, 0xebb399},
    {0x559, 0xebb39c},
    {0xe56, 0xebb3a0},
    {0x1c24, 0xebb3aa},
    {0xe59, 0xebb3ab},
    {0x1c25, 0xebb3ac},
    {0xe5a, 0xebb3ad},
    {0xe5b, 0xebb3b7},
    {0x55d, 0xebb3b8},
    {0x1c32, 0xebb486},
    {0x565, 0xebb487},
    {0x1c33, 0xebb488},
    {0x566, 0xebb489},
    {0x1c34, 0xebb48c},
    {0xe5e, 0xebb48d},
    {0x1c35, 0xebb48e},
    {0xe5f, 0xebb48f},
    {0x567, 0xebb490},
    {0xe60, 0xebb491},
    {0x568, 0xebb494},
    {0x1c41, 0xebb4a2},
    {0x56c, 0xebb4ac},
    {0xe65, 0xebb4b0},
    {0x56d, 0xebb580},
    {0xe68, 0xebb58a},
    {0x1c5f, 0xebb58b},
    {0x570, 0xebb58c},
    {0xe69, 0xebb58f},
    {0x571, 0xebb590},
    {0x1c69, 0xebb59a},
    {0xe6a, 0xebb59b},
    {0x574, 0xebb59c},
    {0xe6b, 0xebb59d},
    {0x575, 0xebb5a4},
    {0xe6c, 0xebb5a5},
    {0x576, 0xebb5a8},
    {0xe6d, 0xebb5ac},
    {0x577, 0xebb5b4},
    {0xe6e, 0xebb5b5},
    {0x1c7c, 0xebb5b6},
    {0xe6f, 0xebb5b7},
    {0x1c7d, 0xebb5b8},
    {0xe70, 0xebb5b9},
    {0xe71, 0xebb682},
    {0x1c84, 0xebb683},
    {0x57a, 0xebb684},
    {0xe72, 0xebb68b},
    {0xe73, 0xebb68e},
    {0x1c89, 0xebb68f},
    {0x1c8a, 0xebb692},
    {0xe77, 0xebb69b},
    {0x588, 0xebb6a0},
    {0xe78, 0xebb6a3},
    {0x589, 0xebb6a4},
    {0xe79, 0xebb6ac},
    {0x58a, 0xebb6ad},
    {0x1c96, 0xebb6ae},
    {0xe7a, 0xebb6af},
    {0x58b, 0xebb6b0},
    {0xe7b, 0xebb6b1},
    {0x58c, 0xebb6b4},
    {0x58d, 0xebb6b8},
    {0xe7c, 0xebb6b9},
    {0xe7d, 0xebb6bc},
    {0xe7e, 0xebb6bf},
    {0xe7f, 0xebb780},
    {0x58e, 0xebb781},
    {0x1ca6, 0xebb78a},
    {0x591, 0xebb798},
    {0xe85, 0xebb79b},
    {0x592, 0xebb79c},
    {0xe86, 0xebb7a4},
    {0x593, 0xebb7a5},
    {0x1cb8, 0xebb7a6},
    {0xe87, 0xebb7a7},
    {0x1cb9, 0xebb7a8},
    {0x594, 0xebb7a9},
    {0x595, 0xebb7b0},
    {0xe88, 0xebb7b1},
    {0x596, 0xebb7b4},
    {0xe89, 0xebb7b7},
    {0x597, 0xebb7b8},
    {0x1ccb, 0xebb882},
    {0x59a, 0xebb883},
    {0x1ccc, 0xebb884},
    {0x59b, 0xebb885},
    {0x59e, 0xebb890},
    {0xe8a, 0xebb893},
    {0x1cd7, 0xebb896},
    {0xe8d, 0xebb89b},
    {0x1cda, 0xebb89e},
    {0x5a3, 0xebb89f},
    {0x1cdb, 0xebb8a0},
    {0x5a4, 0xebb8a1},
    {0x1cdc, 0xebb8a2},
    {0xe8e, 0xebb8a3},
    {0x1cdd, 0xebb8a4},
    {0xe8f, 0xebb8a5},
    {0x1cde, 0xebb8a6},
    {0xe90, 0xebb8a7},
    {0xe91, 0xebb8ac},
    {0x5a7, 0xebb8b0},
    {0x1ceb, 0xebb8ba},
    {0xe94, 0xebb8bb},
    {0x1cec, 0xebb8bc},
    {0x5a8, 0xebb8bd},
    {0x5ab, 0xebb988},
    {0x1cf7, 0xebb98d},
    {0x5ae, 0xebb98e},
    {0x1cfd, 0xebb996},
    {0x1cfe, 0xebb99e},
    {0xe97, 0xebb99f},
    {0xe98, 0xebb9a2},
    {0x1cff, 0xebb9a3},
    {0x5b8, 0xebb9a4},
    {0x1d07, 0xebb9b2},
    {0xe99, 0xebb9b6},
    {0xe9a, 0xebb9b9},
    {0x1d0a, 0xebb9ba},
    {0x1d0b, 0xebb9bf},
    {0x5c6, 0xebba80},
    {0xe9b, 0xebba83},
    {0x5c7, 0xebba84},
    {0x1d15, 0xebba8e},
    {0x5cf, 0xebba9c},
    {0x5d0, 0xebbaa8},
    {0xe9c, 0xebbab4},
    {0xe9d, 0xebbab8},
    {0x5d3, 0xebbb94},
    {0x5d7, 0xebbba0},
    {0xe9e, 0xebbba1},
    {0x1d58, 0xebbba2},
    {0xe9f, 0xebbba6},
    {0x5db, 0xebbbac},
    {0xea0, 0xebbbad},
    {0x5dc, 0xebbbb0},
    {0x1d69, 0xebbbbe},
    {0xea5, 0xebbbbf},
    {0x1d6a, 0xebbc80},
    {0x5dd, 0xebbc81},
    {0x5e0, 0xebbc8c},
    {0x1d7c, 0xebbc9a},
    {0x1d7d, 0xebbc9e},
    {0xea8, 0xebbc9f},
    {0x1d7e, 0xebbca0},
    {0xea9, 0xebbca1},
    {0xeaa, 0xebbca4},
    {0x5e8, 0xebbd84},
    {0xeae, 0xebbd87},
    {0x5e9, 0xebbd88},
    {0x1da4, 0xebbd92},
    {0x5ec, 0xebbd93},
    {0x1da5, 0xebbd94},
    {0x5ed, 0xebbd95},
    {0xeaf, 0xebbd99},
    {0x1da9, 0xebbd9a},
    {0xeb2, 0xebbda0},
    {0xeb3, 0xebbda3},
    {0xeb4, 0xebbdb8},
    {0xeb5, 0xebbdbf},
    {0x5ee, 0xebbe94},
    {0xeb8, 0xebbeac},
    {0x5f1, 0xebbf85},
    {0x5f4, 0xebbf90},
    {0xebb, 0xebbf93},
    {0x1e16, 0xebbf9e},
    {0x5f9, 0xebbf9f},
    {0x1e17, 0xebbfa0},
    {0x5fa, 0xebbfa1},
    {0xebc, 0xebbfa5},
    {0xebd, 0xebbfa8},
    {0xebe, 0xebbfaf},
    {0xebf, 0xec8084},
    {0x5fb, 0xec80a0},
    {0xec0, 0xec80a1},
    {0x5fc, 0xec80bc},
    {0x5fd, 0xec8191},
    {0x5fe, 0xec8198},
    {0xec3, 0xec8199},
    {0x5ff, 0xec819c},
    {0xec4, 0xec819f},
    {0x600, 0xec81a0},
    {0x1e8f, 0xec81aa},
    {0xec5, 0xec81ab},
    {0x1e90, 0xec81ac},
    {0x603, 0xec81ad},
    {0xec6, 0xec81b4},
    {0x606, 0xec8294},
    {0xec7, 0xec8297},
    {0x607, 0xec8298},
    {0x1ebd, 0xec82a2},
    {0x60a, 0xec82a3},
    {0xec8, 0xec82a4},
    {0x60b, 0xec82a5},
    {0xecb, 0xec82ab},
    {0xecc, 0xec82ae},
    {0x1ec3, 0xec82b9},
    {0x1ec4, 0xec82be},
    {0x616, 0xec82bf},
    {0xed4, 0xec8387},
    {0x1ec5, 0xec838a},
    {0xed5, 0xec838b},
    {0x61d, 0xec838c},
    {0x1ecf, 0xec839a},
    {0xed6, 0xec83a3},
    {0x627, 0xec83a8},
    {0xed7, 0xec83ab},
    {0x628, 0xec83ac},
    {0x1ee0, 0xec83b6},
    {0x62b, 0xec83b7},
    {0xed8, 0xec83b8},
    {0x62c, 0xec83b9},
    {0x1ee1, 0xec83ba},
    {0xed9, 0xec83bb},
    {0x62d, 0xec83be},
    {0xeda, 0xec83bf},
    {0x630, 0xec8484},
    {0x631, 0xec8488},
    {0x632, 0xec8490},
    {0x633, 0xec8495},
    {0xedb, 0xec84a5},
    {0xedc, 0xec84a8},
    {0x1efc, 0xec84a9},
    {0xedd, 0xec84aa},
    {0x1efd, 0xec84ab},
    {0x1efe, 0xec84ae},
    {0xede, 0xec84b4},
    {0x1f01, 0xec84b5},
    {0x642, 0xec84b6},
    {0x1f02, 0xec84b7},
    {0x645, 0xec84bc},
    {0x646, 0xec84bf},
    {0x647, 0xec8580},
    {0x1f0e, 0xec858a},
    {0xedf, 0xec858e},
    {0x64d, 0xec8591},
    {0xee0, 0xec8592},
    {0x1f11, 0xec8593},
    {0x1f12, 0xec8596},
    {0xee1, 0xec8597},
    {0x650, 0xec8598},
    {0xee2, 0xec859b},
    {0x651, 0xec859c},
    {0x1f1a, 0xec85a6},
    {0x1f21, 0xec85b2},
    {0xee5, 0xec85b3},
    {0x659, 0xec85b4},
    {0x65a, 0xec85b8},
    {0x1f2c, 0xec8682},
    {0x65d, 0xec8685},
    {0x1f33, 0xec868f},
    {0x661, 0xec8690},
    {0xee8, 0xec8695},
    {0x664, 0xec8696},
    {0x1f39, 0xec869e},
    {0x667, 0xec869f},
    {0x1f3a, 0xec86a0},
    {0x668, 0xec86a1},
    {0x1f3b, 0xec86a2},
    {0xeeb, 0xec86a3},
    {0x1f3c, 0xec86a4},
    {0x669, 0xec86a5},
    {0xeec, 0xec86a6},
    {0x1f3d, 0xec86a7},
    {0x66c, 0xec86ac},
    {0x66d, 0xec86b0},
    {0x1f4a, 0xec86ba},
    {0x66e, 0xec86bd},
    {0x66f, 0xec8784},
    {0xef1, 0xec8785},
    {0x670, 0xec8788},
    {0xef2, 0xec878b},
    {0x671, 0xec878c},
    {0x672, 0xec8794},
    {0xef3, 0xec8795},
    {0x1f5c, 0xec8796},
    {0xef4, 0xec8799},
    {0x675, 0xec87a0},
    {0xef5, 0xec87a1},
    {0x676, 0xec87a4},
    {0xef6, 0xec87a7},
    {0x677, 0xec87a8},
    {0x1f6e, 0xec87b2},
    {0x67f, 0xec8880},
    {0xef7, 0xec8883},
    {0x680, 0xec8884},
    {0x1f80, 0xec888e},
    {0x683, 0xec888f},
    {0x1f81, 0xec8890},
    {0x684, 0xec8891},
    {0x685, 0xec8896},
    {0x1f86, 0xec8897},
    {0x688, 0xec889c},
    {0xef8, 0xec88a1},
    {0xef9, 0xec88a4},
    {0xefa, 0xec88a7},
    {0x1f8f, 0xec88aa},
    {0x68d, 0xec88ab},
    {0x1f90, 0xec88ac},
    {0x68e, 0xec88ad},
    {0xefb, 0xec88ae},
    {0x68f, 0xec88af},
    {0x1f91, 0xec88b0},
    {0xefc, 0xec88b3},
    {0x692, 0xec88b4},
    {0xefd, 0xec88b5},
    {0xefe, 0xec88b8},
    {0x1f9d, 0xec8986},
    {0xf03, 0xec8987},
    {0x693, 0xec8988},
    {0xf04, 0xec8989},
    {0x696, 0xec8994},
    {0xf05, 0xec8997},
    {0x697, 0xec8998},
    {0x698, 0xec89a0},
    {0xf06, 0xec89a1},
    {0x1faf, 0xec89a2},
    {0x699, 0xec89a5},
    {0x69c, 0xec89b0},
    {0xf09, 0xec89b3},
    {0x69d, 0xec89b4},
    {0x1fc1, 0xec89be},
    {0x6a0, 0xec89bf},
    {0x1fc2, 0xec8a80},
    {0x6a1, 0xec8a81},
    {0xf0a, 0xec8a86},
    {0x1fc7, 0xec8a87},
    {0x6a4, 0xec8a8c},
    {0xf0b, 0xec8a8f},
    {0x6a5, 0xec8a90},
    {0x6a6, 0xec8a98},
    {0xf0c, 0xec8a99},
    {0x1fd3, 0xec8a9a},
    {0x6a7, 0xec8a9b},
    {0x1fd4, 0xec8a9c},
    {0x6a8, 0xec8a9d},
    {0x6ab, 0xec8aa8},
    {0x1fdf, 0xec8ab1},
    {0x6af, 0xec8ab2},
    {0xf10, 0xec8ab3},
    {0x1fe0, 0xec8ab6},
    {0x6b2, 0xec8ab7},
    {0x1fe1, 0xec8ab8},
    {0x6b3, 0xec8ab9},
    {0xf13, 0xec8abe},
    {0x1fe4, 0xec8abf},
    {0xf14, 0xec8b84},
    {0xf15, 0xec8b88},
    {0x1ff1, 0xec8b92},
    {0xf18, 0xec8b93},
    {0x1ff2, 0xec8b94},
    {0xf19, 0xec8b95},
    {0xf1a, 0xec8b9e},
    {0x1ff9, 0xec8b9f},
    {0x6b8, 0xec8ba0},
    {0x1ffa, 0xec8ba1},
    {0xf1b, 0xec8ba2},
    {0xf1c, 0xec8ba6},
    {0x1ffb, 0xec8ba7},
    {0xf1d, 0xec8ba8},
    {0x1ffe, 0xec8bae},
    {0x1fff, 0xec8bb2},
    {0x6c2, 0xec8bb3},
    {0xf1e, 0xec8bb4},
    {0x2000, 0xec8bb5},
    {0x6c3, 0xec8bb6},
    {0x2001, 0xec8bb7},
    {0x2002, 0xec8bba},
    {0x6c8, 0xec8bbf},
    {0x6c9, 0xec8c80},
    {0x200a, 0xec8c8a},
    {0xf21, 0xec8c8b},
    {0xf22, 0xec8c8e},
    {0xf23, 0xec8c91},
    {0x200d, 0xec8c92},
    {0x6d1, 0xec8c98},
    {0xf24, 0xec8c9b},
    {0x6d2, 0xec8c9c},
    {0x2019, 0xec8ca6},
    {0xf25, 0xec8ca7},
    {0xf26, 0xec8caf},
    {0xf27, 0xec8cb4},
    {0x202a, 0xec8d82},
    {0xf2c, 0xec8d83},
    {0x202b, 0xec8d84},
    {0x6d9, 0xec8d85},
    {0xf2d, 0xec8d8c},
    {0xf2e, 0xec8d90},
    {0xf2f, 0xec8d94},
    {0xf30, 0xec8d9c},
    {0xf31, 0xec8da1},
    {0xf32, 0xec8daa},
    {0x2049, 0xec8dab},
    {0x6dc, 0xec8dac},
    {0xf33, 0xec8daf},
    {0x6dd, 0xec8db0},
    {0x204c, 0xec8db1},
    {0x6de, 0xec8db2},
    {0x2052, 0xec8dba},
    {0xf34, 0xec8dbb},
    {0x6e3, 0xec8e82},
    {0x2057, 0xec8e83},
    {0x6e6, 0xec8e88},
    {0xf35, 0xec8e8b},
    {0x6e7, 0xec8e8c},
    {0x6e8, 0xec8e94},
    {0xf36, 0xec8e95},
    {0x2063, 0xec8e96},
    {0xf3a, 0xec8e9d},
    {0x6e9, 0xec8ea0},
    {0xf3b, 0xec8ea1},
    {0x6ea, 0xec8ea4},
    {0x2074, 0xec8eb2},
    {0x6eb, 0xec8eb5},
    {0x6ec, 0xec8ebc},
    {0xf42, 0xec8ebd},
    {0x6ed, 0xec8f80},
    {0x2088, 0xec8f8e},
    {0x208f, 0xec8f9b},
    {0x6f1, 0xec8f9c},
    {0x2092, 0xec8fa1},
    {0x6f4, 0xec8fa2},
    {0x2098, 0xec8faa},
    {0xf48, 0xec8fab},
    {0x2099, 0xec8fac},
    {0x6f7, 0xec8fad},
    {0xf49, 0xec8fb1},
    {0x6fa, 0xec8fb8},
    {0xf4a, 0xec8fbb},
    {0x6fb, 0xec8fbc},
    {0x20aa, 0xec9086},
    {0xf4d, 0xec9087},
    {0x6fc, 0xec9088},
    {0xf4e, 0xec9089},
    {0x20ab, 0xec908a},
    {0x6fd, 0xec908b},
    {0x6fe, 0xec9090},
    {0xf4f, 0xec9091},
    {0xf50, 0xec9094},
    {0xf53, 0xec90a3},
    {0x6ff, 0xec90a4},
    {0x700, 0xec90ac},
    {0xf54, 0xec90ad},
    {0x701, 0xec90b0},
    {0xf55, 0xec90b3},
    {0x702, 0xec90b4},
    {0x20d0, 0xec90be},
    {0xf56, 0xec90bf},
    {0x705, 0xec9180},
    {0xf57, 0xec9181},
    {0x706, 0xec9188},
    {0xf58, 0xec9189},
    {0xf59, 0xec918c},
    {0x20e2, 0xec919a},
    {0xf5e, 0xec919b},
    {0x20e3, 0xec919c},
    {0x707, 0xec919d},
    {0x70a, 0xec91a8},
    {0xf5f, 0xec91ab},
    {0x70b, 0xec91ac},
    {0x20f5, 0xec91b6},
    {0xf60, 0xec91b7},
    {0x20f6, 0xec91b8},
    {0x70e, 0xec91b9},
    {0xf61, 0xec91be},
    {0x20fb, 0xec91bf},
    {0x70f, 0xec9280},
    {0xf62, 0xec9281},
    {0xf63, 0xec9284},
    {0x710, 0xec9290},
    {0xf66, 0xec9291},
    {0x2107, 0xec9292},
    {0xf67, 0xec9293},
    {0x711, 0xec9294},
    {0xf68, 0xec9295},
    {0x712, 0xec929c},
    {0xf69, 0xec929d},
    {0x713, 0xec92a0},
    {0x714, 0xec92ac},
    {0xf6c, 0xec92ad},
    {0x2119, 0xec92ae},
    {0x715, 0xec92b8},
    {0xf70, 0xec92b9},
    {0x716, 0xec92bc},
    {0xf71, 0xec92bf},
    {0xf72, 0xec9380},
    {0x212b, 0xec938a},
    {0xf75, 0xec938b},
    {0x212c, 0xec938c},
    {0xf76, 0xec938d},
    {0xf77, 0xec9393},
    {0x717, 0xec9394},
    {0xf78, 0xec9395},
    {0xf79, 0xec9398},
    {0x213d, 0xec93a6},
    {0xf7e, 0xec93a7},
    {0x213e, 0xec93a8},
    {0x718, 0xec93a9},
    {0x71b, 0xec93b4},
    {0xf7f, 0xec93b7},
    {0x71c, 0xec93b8},
    {0x2149, 0xec93b9},
    {0x71d, 0xec93ba},
    {0x71e, 0xec93bf},
    {0x214e, 0xec9482},
    {0x721, 0xec9483},
    {0x214f, 0xec9484},
    {0xf80, 0xec9485},
    {0x722, 0xec948c},
    {0xf81, 0xec948d},
    {0x723, 0xec9490},
    {0x724, 0xec9494},
    {0x725, 0xec949c},
    {0xf82, 0xec949d},
    {0x2162, 0xec949e},
    {0xf83, 0xec949f},
    {0x2163, 0xec94a0},
    {0xf84, 0xec94a1},
    {0x216a, 0xec94aa},
    {0xf85, 0xec94af},
    {0x72a, 0xec94b0},
    {0xf86, 0xec94b1},
    {0x2173, 0xec94ba},
    {0x2174, 0xec94be},
    {0x730, 0xec94bf},
    {0xf87, 0xec9580},
    {0xf88, 0xec9583},
    {0xf89, 0xec9592},
    {0xf8a, 0xec9596},
    {0xf8d, 0xec959f},
    {0x746, 0xec95a4},
    {0xf8e, 0xec95a7},
    {0x747, 0xec95a8},
    {0x2186, 0xec95b2},
    {0x218a, 0xec95bb},
    {0xf91, 0xec95be},
    {0x218b, 0xec95bf},
    {0x74f, 0xec9680},
    {0xf92, 0xec9683},
    {0x750, 0xec9684},
    {0x751, 0xec9687},
    {0x2194, 0xec968e},
    {0xf93, 0xec9692},
    {0x2195, 0xec9693},
    {0xf94, 0xec9694},
    {0x757, 0xec9695},
    {0x2196, 0xec9696},
    {0xf95, 0xec9699},
    {0x75a, 0xec969c},
    {0xf96, 0xec969f},
    {0x75b, 0xec96a0},
    {0xf97, 0xec96a8},
    {0x75c, 0xec96a9},
    {0x21a2, 0xec96aa},
    {0xf98, 0xec96ab},
    {0xf99, 0xec96b6},
    {0x21a9, 0xec96b7},
    {0xf9a, 0xec96bf},
    {0x21ae, 0xec978b},
    {0x76f, 0xec978c},
    {0x21af, 0xec978d},
    {0x774, 0xec9794},
    {0xf9b, 0xec9797},
    {0x775, 0xec9798},
    {0x21bb, 0xec97a2},
    {0x21bf, 0xec97ab},
    {0x21c0, 0xec97af},
    {0x77e, 0xec97b0},
    {0xf9e, 0xec97b1},
    {0x21c1, 0xec97b2},
    {0xf9f, 0xec97b3},
    {0x77f, 0xec97b4},
    {0x21c2, 0xec97b5},
    {0xfa0, 0xec97b8},
    {0xfa1, 0xec9884},
    {0xfa2, 0xec9889},
    {0x78c, 0xec988c},
    {0x21d3, 0xec989a},
    {0xfa3, 0xec98a0},
    {0x21d9, 0xec98a7},
    {0x797, 0xec98a8},
    {0x21da, 0xec98a9},
    {0xfa4, 0xec98aa},
    {0x21db, 0xec98b1},
    {0xfa5, 0xec98b2},
    {0x21dc, 0xec98b6},
    {0x7a1, 0xec98b7},
    {0x21dd, 0xec98b8},
    {0x7a2, 0xec98b9},
    {0xfa6, 0xec98ba},
    {0x7a3, 0xec98bb},
    {0x21de, 0xec98bc},
    {0x21df, 0xec98bf},
    {0x7a6, 0xec9984},
    {0xfa9, 0xec9987},
    {0x7a7, 0xec9988},
    {0x7a8, 0xec998e},
    {0x21e9, 0xec998f},
    {0x21ea, 0xec9992},
    {0x7ae, 0xec9998},
    {0xfaa, 0xec9999},
    {0x7b1, 0xec99a0},
    {0x21fa, 0xec99ae},
    {0x7b9, 0xec99bc},
    {0xfad, 0xec99bf},
    {0x7ba, 0xec9a80},
    {0x2205, 0xec9a81},
    {0xfae, 0xec9a82},
    {0x220b, 0xec9a8a},
    {0xfaf, 0xec9a92},
    {0x2210, 0xec9a93},
    {0x7c2, 0xec9a98},
    {0xfb0, 0xec9a9b},
    {0x7c3, 0xec9a9c},
    {0xfb1, 0xec9a9d},
    {0x221b, 0xec9aa6},
    {0x7c6, 0xec9aa7},
    {0x221c, 0xec9aa8},
    {0x7c7, 0xec9aa9},
    {0xfb2, 0xec9aac},
    {0x7ca, 0xec9ab4},
    {0x2226, 0xec9abb},
    {0xfb3, 0xec9abc},
    {0x222a, 0xec9b84},
    {0x7d3, 0xec9b85},
    {0xfb4, 0xec9b86},
    {0x7d4, 0xec9b87},
    {0x222b, 0xec9b88},
    {0xfb5, 0xec9b89},
    {0x7d7, 0xec9b90},
    {0x2230, 0xec9b91},
    {0x7d8, 0xec9b94},
    {0xfb8, 0xec9b98},
    {0x2237, 0xec9b9e},
    {0x7e0, 0xec9bac},
    {0xfbb, 0xec9baf},
    {0x7e1, 0xec9bb0},
    {0x2247, 0xec9bba},
    {0x7e4, 0xec9bbb},
    {0xfbc, 0xec9bbc},
    {0x7e5, 0xec9bbd},
    {0x224a, 0xec9c80},
    {0xfbd, 0xec9c81},
    {0x7e8, 0xec9c88},
    {0xfbe, 0xec9c8b},
    {0x7e9, 0xec9c8c},
    {0x2251, 0xec9c8d},
    {0xfbf, 0xec9c8e},
    {0xfc0, 0xec9c93},
    {0x2256, 0xec9c96},
    {0x7f1, 0xec9ca4},
    {0xfc3, 0xec9ca7},
    {0x7f2, 0xec9ca8},
    {0x2266, 0xec9cb2},
    {0x7f5, 0xec9cb3},
    {0x2267, 0xec9cb4},
    {0x7f6, 0xec9cb5},
    {0xfc4, 0xec9cb6},
    {0x7f7, 0xec9cb7},
    {0x226a, 0xec9cbf},
    {0x7fb, 0xec9d80},
    {0x7fe, 0xec9d87},
    {0x7ff, 0xec9d8a},
    {0x226f, 0xec9d8b},
    {0x2270, 0xec9d90},
    {0xfc9, 0xec9d99},
    {0x80c, 0xec9d9c},
    {0xfca, 0xec9d9f},
    {0x80d, 0xec9da0},
    {0xfcb, 0xec9da6},
    {0x227a, 0xec9da7},
    {0x227b, 0xec9daa},
    {0x815, 0xec9db8},
    {0x2286, 0xec9dbf},
    {0xfcc, 0xec9e80},
    {0x2287, 0xec9e81},
    {0xfcd, 0xec9e82},
    {0xfce, 0xec9e86},
    {0xfcf, 0xec9e8b},
    {0xfd0, 0xec9e8f},
    {0x2288, 0xec9e92},
    {0xfd1, 0xec9e93},
    {0x826, 0xec9e94},
    {0x2289, 0xec9e95},
    {0xfd2, 0xec9e99},
    {0x82a, 0xec9e9a},
    {0x228f, 0xec9ea2},
    {0xfd3, 0xec9ea7},
    {0x2290, 0xec9ea8},
    {0x833, 0xec9eb0},
    {0x2293, 0xec9eb1},
    {0x834, 0xec9eb4},
    {0x229b, 0xec9ebe},
    {0x837, 0xec9ebf},
    {0xfd9, 0xec9f82},
    {0x83c, 0xec9f8c},
    {0x22a3, 0xec9f8d},
    {0x83d, 0xec9f8e},
    {0xfda, 0xec9f8f},
    {0x83e, 0xec9f90},
    {0x83f, 0xec9f98},
    {0xfdb, 0xec9f99},
    {0x22ab, 0xec9f9a},
    {0xfdc, 0xec9f9b},
    {0x22ac, 0xec9f9c},
    {0x840, 0xec9f9d},
    {0x841, 0xec9fa4},
    {0x842, 0xec9fa8},
    {0xfdd, 0xec9fab},
    {0x843, 0xec9fac},
    {0xfde, 0xec9fb4},
    {0x844, 0xec9fb5},
    {0x22bf, 0xec9fb6},
    {0xfdf, 0xec9fb7},
    {0x22c0, 0xec9fb8},
    {0xfe0, 0xec9fb9},
    {0x22c7, 0xeca083},
    {0x848, 0xeca084},
    {0x22c8, 0xeca085},
    {0xfe1, 0xeca086},
    {0x22cd, 0xeca092},
    {0xfe2, 0xeca099},
    {0x22d0, 0xeca09a},
    {0xfe3, 0xeca09b},
    {0x856, 0xeca0a0},
    {0xfe4, 0xeca0a3},
    {0x857, 0xeca0a4},
    {0x22dc, 0xeca0ae},
    {0x85a, 0xeca0af},
    {0xfe5, 0xeca0b0},
    {0x85b, 0xeca0b1},
    {0xfe6, 0xeca0b2},
    {0xfe7, 0xeca0b6},
    {0x22e0, 0xeca0b7},
    {0x85e, 0xeca0bc},
    {0xfe8, 0xeca0bf},
    {0x85f, 0xeca180},
    {0xfe9, 0xeca181},
    {0x860, 0xeca182},
    {0xfea, 0xeca183},
    {0xfeb, 0xeca187},
    {0x22e8, 0xeca18a},
    {0xfec, 0xeca18e},
    {0xfed, 0xeca191},
    {0x22eb, 0xeca192},
    {0xfee, 0xeca193},
    {0x866, 0xeca194},
    {0xfef, 0xeca195},
    {0xff0, 0xeca198},
    {0xff1, 0xeca19c},
    {0x22f8, 0xeca1a6},
    {0xff4, 0xeca1a7},
    {0x22f9, 0xeca1a8},
    {0xff5, 0xeca1a9},
    {0x869, 0xeca1b4},
    {0xff6, 0xeca1b7},
    {0x86a, 0xeca1b8},
    {0x2304, 0xeca1b9},
    {0x86b, 0xeca1ba},
    {0x230a, 0xeca282},
    {0x86e, 0xeca283},
    {0x230b, 0xeca284},
    {0x875, 0xeca290},
    {0x2311, 0xeca291},
    {0x876, 0xeca294},
    {0xff9, 0xeca295},
    {0xffa, 0xeca29c},
    {0x877, 0xeca29d},
    {0x2318, 0xeca29e},
    {0x878, 0xeca29f},
    {0xffb, 0xeca2a0},
    {0x879, 0xeca2a1},
    {0x87a, 0xeca2a6},
    {0x231d, 0xeca2a7},
    {0x87b, 0xeca2a8},
    {0xffc, 0xeca2a9},
    {0x87c, 0xeca2ac},
    {0xfff, 0xeca2b8},
    {0x1000, 0xeca2bb},
    {0x881, 0xeca388},
    {0x1001, 0xeca38b},
    {0x882, 0xeca38c},
    {0x233c, 0xeca396},
    {0x885, 0xeca397},
    {0x1002, 0xeca398},
    {0x886, 0xeca399},
    {0x889, 0xeca3a4},
    {0x234e, 0xeca3b2},
    {0x1007, 0xeca3b3},
    {0x234f, 0xeca3b4},
    {0x88a, 0xeca3b5},
    {0x1008, 0xeca3bb},
    {0x88d, 0xeca480},
    {0x1009, 0xeca483},
    {0x2359, 0xeca487},
    {0x100a, 0xeca488},
    {0x235d, 0xeca48e},
    {0x893, 0xeca48f},
    {0x235e, 0xeca490},
    {0x894, 0xeca491},
    {0x100b, 0xeca497},
    {0x895, 0xeca498},
    {0x100c, 0xeca499},
    {0x100d, 0xeca49c},
    {0x236f, 0xeca4aa},
    {0x1012, 0xeca4ab},
    {0x896, 0xeca4ac},
    {0x1013, 0xeca4ad},
    {0x897, 0xeca4b4},
    {0x1014, 0xeca4b5},
    {0x1015, 0xeca4b8},
    {0x2381, 0xeca586},
    {0x89a, 0xeca594},
    {0x101d, 0xeca597},
    {0x89b, 0xeca598},
    {0x2393, 0xeca5a2},
    {0x89e, 0xeca5a3},
    {0x2394, 0xeca5a4},
    {0x101e, 0xeca5a5},
    {0x8a1, 0xeca5b0},
    {0x8a2, 0xeca5b4},
    {0x8a3, 0xeca5bc},
    {0x101f, 0xeca5bd},
    {0x23a7, 0xeca5be},
    {0x1020, 0xeca5bf},
    {0x23a8, 0xeca680},
    {0x8a4, 0xeca681},
    {0x8a7, 0xeca68c},
    {0x1021, 0xeca68f},
    {0x8a8, 0xeca690},
    {0x1022, 0xeca691},
    {0x8a9, 0xeca692},
    {0x23b3, 0xeca693},
    {0x1023, 0xeca694},
    {0x23b7, 0xeca69a},
    {0x8ac, 0xeca69b},
    {0x23b8, 0xeca69c},
    {0x8ad, 0xeca69d},
    {0x1024, 0xeca69e},
    {0x8ae, 0xeca6a4},
    {0x1025, 0xeca6a5},
    {0x1026, 0xeca6a8},
    {0x1027, 0xeca6ac},
    {0x23ca, 0xeca6b6},
    {0x102a, 0xeca6b7},
    {0x23cb, 0xeca6b8},
    {0x102b, 0xeca6b9},
    {0x8b1, 0xeca784},
    {0x23d6, 0xeca789},
    {0x8b4, 0xeca78a},
    {0x102c, 0xeca78f},
    {0x102d, 0xeca792},
    {0x23db, 0xeca798},
    {0x102e, 0xeca79b},
    {0x102f, 0xeca79e},
    {0x23dc, 0xeca79f},
    {0x8c0, 0xeca7a0},
    {0x23dd, 0xeca7a1},
    {0x8c4, 0xeca7a7},
    {0x1030, 0xeca7a8},
    {0x23e3, 0xeca7ae},
    {0x1031, 0xeca7b7},
    {0x8cd, 0xeca7bc},
    {0x1032, 0xeca7bf},
    {0x8ce, 0xeca880},
    {0x23f3, 0xeca88a},
    {0x8d4, 0xeca894},
    {0x1033, 0xeca895},
    {0x8d5, 0xeca898},
    {0x23fc, 0xeca899},
    {0x1034, 0xeca89a},
    {0x23fd, 0xeca89b},
    {0x1035, 0xeca89c},
    {0x8d6, 0xeca8a4},
    {0x1036, 0xeca8a5},
    {0x2405, 0xeca8a6},
    {0x1037, 0xeca8a7},
    {0x2406, 0xeca8a8},
    {0x8d7, 0xeca8a9},
    {0x1038, 0xeca8ad},
    {0x8d8, 0xeca8b0},
    {0x1039, 0xeca8b4},
    {0x8db, 0xeca990},
    {0x103a, 0xeca993},
    {0x8dc, 0xeca994},
    {0x103d, 0xeca99b},
    {0x242e, 0xeca99e},
    {0x103e, 0xeca9a7},
    {0x8e2, 0xeca9a8},
    {0x103f, 0xeca9a9},
    {0x1040, 0xeca9ac},
    {0x1041, 0xeca9af},
    {0x8e3, 0xeca9b0},
    {0x243f, 0xeca9ba},
    {0x8e4, 0xeca9bd},
    {0x2442, 0xecaa80},
    {0x1046, 0xecaa81},
    {0x8e5, 0xecaa84},
    {0x1047, 0xecaa85},
    {0x1048, 0xecaa88},
    {0x2450, 0xecaa96},
    {0x104d, 0xecaa97},
    {0x8e6, 0xecaa98},
    {0x104e, 0xecaa99},
    {0x1051, 0xecaaa4},
    {0x1052, 0xecaaa8},
    {0x2463, 0xecaab2},
    {0x1055, 0xecaab3},
    {0x2464, 0xecaab4},
    {0x1056, 0xecaab5},
    {0x1057, 0xecaabe},
    {0x246b, 0xecaabf},
    {0x8e9, 0xecab80},
    {0x246e, 0xecab85},
    {0x1058, 0xecab86},
    {0x2474, 0xecab8e},
    {0x8ee, 0xecab8f},
    {0x2475, 0xecab90},
    {0x1059, 0xecab97},
    {0x8f4, 0xecab9c},
    {0x105a, 0xecab9f},
    {0x8f5, 0xecaba0},
    {0x2484, 0xecabaa},
    {0x105d, 0xecabab},
    {0x8f6, 0xecabac},
    {0x105e, 0xecabad},
    {0x8f7, 0xecabb4},
    {0x105f, 0xecabb5},
    {0x1060, 0xecabb8},
    {0x8f8, 0xecac88},
    {0x8f9, 0xecac90},
    {0x1063, 0xecac91},
    {0x8fa, 0xecac94},
    {0x1064, 0xecac97},
    {0x8fb, 0xecac98},
    {0x24ac, 0xecaca2},
    {0x24ad, 0xecaca6},
    {0x8fe, 0xecaca7},
    {0x1068, 0xecacb0},
    {0x24b4, 0xecacb1},
    {0x901, 0xecacb2},
    {0x24b5, 0xecacb3},
    {0x1069, 0xecacb4},
    {0x24bd, 0xecacbe},
    {0x106c, 0xecacbf},
    {0x24be, 0xecad80},
    {0x902, 0xecad81},
    {0x106d, 0xecad8a},
    {0x24c5, 0xecad8b},
    {0x905, 0xecad8c},
    {0x106e, 0xecad8f},
    {0x906, 0xecad90},
    {0x24c8, 0xecad91},
    {0x106f, 0xecad92},
    {0x24ce, 0xecad9a},
    {0x909, 0xecad9b},
    {0x24cf, 0xecad9c},
    {0x90a, 0xecad9d},
    {0x90b, 0xecada4},
    {0x1070, 0xecada5},
    {0x1071, 0xecada8},
    {0x24e1, 0xecadb6},
    {0x1076, 0xecadb7},
    {0x90e, 0xecae80},
    {0x1077, 0xecae81},
    {0x1078, 0xecae84},
    {0x24f3, 0xecae92},
    {0x90f, 0xecae93},
    {0x910, 0xecae9c},
    {0x107f, 0xecae9d},
    {0x1080, 0xecaea0},
    {0x2505, 0xecaeae},
    {0x1085, 0xecaeaf},
    {0x2506, 0xecaeb0},
    {0x1086, 0xecaeb1},
    {0x911, 0xecaeb8},
    {0x1087, 0xecaeb9},
    {0x1088, 0xecaebc},
    {0x1089, 0xecaf80},
    {0x2519, 0xecaf8a},
    {0x108c, 0xecaf8b},
    {0x251a, 0xecaf8c},
    {0x912, 0xecaf8d},
    {0x108d, 0xecaf98},
    {0x915, 0xecafa4},
    {0x1090, 0xecafa5},
    {0x252c, 0xecafa6},
    {0x916, 0xecafa7},
    {0x252d, 0xecafa8},
    {0x917, 0xecafa9},
    {0x1091, 0xecafaa},
    {0x1094, 0xecafb4},
    {0x1095, 0xecafb8},
    {0x253f, 0xecb082},
    {0x1098, 0xecb083},
    {0x2540, 0xecb084},
    {0x91a, 0xecb090},
    {0x2551, 0xecb09e},
    {0x91f, 0xecb09f},
    {0x2552, 0xecb0a0},
    {0x926, 0xecb0ac},
    {0x2558, 0xecb0ad},
    {0x927, 0xecb0ae},
    {0x109b, 0xecb0af},
    {0x928, 0xecb0b0},
    {0x109c, 0xecb0b1},
    {0x255f, 0xecb0ba},
    {0x109d, 0xecb182},
    {0x2562, 0xecb183},
    {0x932, 0xecb188},
    {0x109e, 0xecb18b},
    {0x933, 0xecb18c},
    {0x256e, 0xecb196},
    {0x256f, 0xecb19a},
    {0x109f, 0xecb19b},
    {0x10a0, 0xecb19e},
    {0x2572, 0xecb19f},
    {0x939, 0xecb1a0},
    {0x10a1, 0xecb1a1},
    {0x93a, 0xecb1a4},
    {0x2575, 0xecb1a5},
    {0x93b, 0xecb1a6},
    {0x2576, 0xecb1a7},
    {0x93c, 0xecb1a8},
    {0x93d, 0xecb1b0},
    {0x10a2, 0xecb1b1},
    {0x257e, 0xecb1b2},
    {0x10a3, 0xecb1b3},
    {0x257f, 0xecb1b4},
    {0x93e, 0xecb1b5},
    {0x10a4, 0xecb1ba},
    {0x2584, 0xecb1bb},
    {0x10a5, 0xecb1bc},
    {0x10a6, 0xecb291},
    {0x941, 0xecb29c},
    {0x10a7, 0xecb29f},
    {0x942, 0xecb2a0},
    {0x10a8, 0xecb2a7},
    {0x25a9, 0xecb2aa},
    {0x10a9, 0xecb2ae},
    {0x10aa, 0xecb2b2},
    {0x25ad, 0xecb2b3},
    {0x94a, 0xecb2b8},
    {0x10ab, 0xecb2bb},
    {0x94b, 0xecb2bc},
    {0x10ac, 0xecb383},
    {0x25b8, 0xecb386},
    {0x94e, 0xecb387},
    {0x10ad, 0xecb388},
    {0x951, 0xecb390},
    {0x10ae, 0xecb391},
    {0x952, 0xecb394},
    {0x10b1, 0xecb3a0},
    {0x953, 0xecb3a1},
    {0x25c9, 0xecb3a2},
    {0x10b2, 0xecb3a3},
    {0x956, 0xecb3ac},
    {0x10b3, 0xecb3ad},
    {0x957, 0xecb3b0},
    {0x10b4, 0xecb3b4},
    {0x25dc, 0xecb3be},
    {0x10b7, 0xecb3bf},
    {0x25dd, 0xecb480},
    {0x958, 0xecb481},
    {0x95b, 0xecb48c},
    {0x10b8, 0xecb48f},
    {0x95c, 0xecb490},
    {0x25ef, 0xecb49a},
    {0x95f, 0xecb49b},
    {0x25f0, 0xecb49c},
    {0x960, 0xecb49d},
    {0x964, 0xecb4a8},
    {0x10b9, 0xecb4ab},
    {0x965, 0xecb4ac},
    {0x10ba, 0xecb4b4},
    {0x966, 0xecb4b5},
    {0x2601, 0xecb4b6},
    {0x10bb, 0xecb4b7},
    {0x2602, 0xecb4b8},
    {0x967, 0xecb4b9},
    {0x968, 0xecb580},
    {0x10bc, 0xecb584},
    {0x969, 0xecb59c},
    {0x10bf, 0xecb59d},
    {0x96a, 0xecb5a0},
    {0x10c0, 0xecb5a3},
    {0x96b, 0xecb5a4},
    {0x262c, 0xecb5ae},
    {0x96e, 0xecb5af},
    {0x10c1, 0xecb5b0},
    {0x96f, 0xecb5b1},
    {0x970, 0xecb5b8},
    {0x10c2, 0xecb5b9},
    {0x10c3, 0xecb5bc},
    {0x10c4, 0xecb680},
    {0x971, 0xecb688},
    {0x10c5, 0xecb689},
    {0x263f, 0xecb68a},
    {0x10c6, 0xecb68b},
    {0x2640, 0xecb68c},
    {0x10c7, 0xecb68d},
    {0x974, 0xecb698},
    {0x10c8, 0xecb69b},
    {0x975, 0xecb69c},
    {0x2652, 0xecb6a6},
    {0x978, 0xecb6a7},
    {0x2653, 0xecb6a8},
    {0x979, 0xecb6a9},
    {0x97a, 0xecb6b0},
    {0x10c9, 0xecb6b1},
    {0x10ca, 0xecb6b4},
    {0x2665, 0xecb782},
    {0x10cf, 0xecb783},
    {0x97b, 0xecb784},
    {0x10d0, 0xecb785},
    {0x97e, 0xecb790},
    {0x97f, 0xecb794},
    {0x2678, 0xecb79e},
    {0x980, 0xecb7a8},
    {0x10d6, 0xecb7a9},
    {0x981, 0xecb7ac},
    {0x10d7, 0xecb7af},
    {0x982, 0xecb7b0},
    {0x268a, 0xecb7ba},
    {0x985, 0xecb7bb},
    {0x268b, 0xecb7bc},
    {0x986, 0xecb7bd},
    {0x989, 0xecb888},
    {0x98a, 0xecb88c},
    {0x98b, 0xecb894},
    {0x10d8, 0xecb895},
    {0x269e, 0xecb896},
    {0x10d9, 0xecb897},
    {0x269f, 0xecb898},
    {0x98c, 0xecb899},
    {0x98f, 0xecb8a4},
    {0x10da, 0xecb8a7},
    {0x10db, 0xecb8ac},
    {0x26af, 0xecb8b2},
    {0x994, 0xecb8b3},
    {0x26b0, 0xecb8b4},
    {0x995, 0xecb8b5},
    {0x996, 0xecb8bc},
    {0x10dc, 0xecb8bd},
    {0x10dd, 0xecb980},
    {0x10de, 0xecb984},
    {0x26c3, 0xecb98e},
    {0x10e1, 0xecb98f},
    {0x26c4, 0xecb990},
    {0x10e2, 0xecb991},
    {0x999, 0xecb99c},
    {0x26d4, 0xecb9aa},
    {0x26d5, 0xecb9af},
    {0x9a4, 0xecb9b0},
    {0x26d6, 0xecb9b1},
    {0x10e3, 0xecb9b2},
    {0x26d7, 0xecb9b3},
    {0x9a7, 0xecb9b8},
    {0x26e3, 0xecba86},
    {0x9ac, 0xecba87},
    {0x10e4, 0xecba88},
    {0x9ad, 0xecba89},
    {0x26e7, 0xecba8f},
    {0x9b0, 0xecba94},
    {0x10e7, 0xecba97},
    {0x9b1, 0xecba98},
    {0x26f3, 0xecbaa2},
    {0x9b7, 0xecbaa8},
    {0x26f6, 0xecbaab},
    {0x9ba, 0xecbab0},
    {0x10ea, 0xecbab4},
    {0x2703, 0xecbabe},
    {0x10ed, 0xecbabf},
    {0x2704, 0xecbb80},
    {0x9bb, 0xecbb81},
    {0x9bc, 0xecbb84},
    {0x10ee, 0xecbb88},
    {0x10ef, 0xecbb8c},
    {0x9bf, 0xecbba8},
    {0x272f, 0xecbbb6},
    {0x2730, 0xecbbba},
    {0x10f0, 0xecbbbb},
    {0x2731, 0xecbbbc},
    {0x9c7, 0xecbbbd},
    {0x10f1, 0xecbbbe},
    {0x2732, 0xecbbbf},
    {0x9ca, 0xecbc84},
    {0x10f2, 0xecbc87},
    {0x9cb, 0xecbc88},
    {0x273e, 0xecbc92},
    {0x10f3, 0xecbc9a},
    {0x2741, 0xecbc9b},
    {0x9d3, 0xecbc9c},
    {0x10f4, 0xecbc9d},
    {0x9d4, 0xecbca0},
    {0x10f5, 0xecbca3},
    {0x9d5, 0xecbca4},
    {0x274d, 0xecbcae},
    {0x9db, 0xecbcb8},
    {0x10f6, 0xecbcb9},
    {0x10f7, 0xecbcbc},
    {0x10f8, 0xecbd80},
    {0x2760, 0xecbd8a},
    {0x9de, 0xecbd98},
    {0x2772, 0xecbda6},
    {0x9e3, 0xecbda7},
    {0x2773, 0xecbda8},
    {0x9e4, 0xecbda9},
    {0x10fe, 0xecbdaa},
    {0x10ff, 0xecbdae},
    {0x2777, 0xecbdaf},
    {0x9e7, 0xecbdb4},
    {0x9e8, 0xecbdb8},
    {0x9e9, 0xecbe80},
    {0x1100, 0xecbe81},
    {0x2784, 0xecbe82},
    {0x9ea, 0xecbe83},
    {0x2785, 0xecbe84},
    {0x9eb, 0xecbe85},
    {0x9ec, 0xecbe8c},
    {0x1101, 0xecbe8d},
    {0x1102, 0xecbe90},
    {0x2797, 0xecbe9e},
    {0x1107, 0xecbe9f},
    {0x2798, 0xecbea0},
    {0x9ed, 0xecbea1},
    {0x9ee, 0xecbea8},
    {0x1108, 0xecbea9},
    {0x1109, 0xecbeac},
    {0x9ef, 0xecbeb0},
    {0x27ab, 0xecbeba},
    {0x110c, 0xecbebb},
    {0x27ac, 0xecbebc},
    {0x110d, 0xecbebd},
    {0x9f0, 0xecbf84},
    {0x110e, 0xecbf85},
    {0x9f1, 0xecbf88},
    {0x110f, 0xecbf8c},
    {0x27bf, 0xecbf96},
    {0x1112, 0xecbf97},
    {0x27c0, 0xecbf98},
    {0x1113, 0xecbf99},
    {0x9f4, 0xecbfa4},
    {0x1114, 0xecbfa7},
    {0x9f5, 0xecbfa8},
    {0x27d2, 0xecbfb2},
    {0x9f8, 0xecbfb3},
    {0x27d3, 0xecbfb4},
    {0x9f9, 0xecbfb5},
    {0x1115, 0xecbfba},
    {0x27d8, 0xecbfbb},
    {0x9fc, 0xed8080},
    {0x1116, 0xed8083},
    {0x9fd, 0xed8084},
    {0x9fe, 0xed808c},
    {0x1117, 0xed808d},
    {0x1118, 0xed8090},
    {0x9ff, 0xed8091},
    {0xa00, 0xed8098},
    {0x1119, 0xed8099},
    {0xa01, 0xed809c},
    {0xa02, 0xed80a0},
    {0x27f8, 0xed80aa},
    {0xa03, 0xed80ad},
    {0xa06, 0xed80b8},
    {0x111e, 0xed80bb},
    {0xa07, 0xed80bc},
    {0x280a, 0xed8186},
    {0xa0a, 0xed8187},
    {0x280b, 0xed8188},
    {0xa0b, 0xed8189},
    {0xa0c, 0xed8190},
    {0x111f, 0xed8191},
    {0xa0d, 0xed8194},
    {0xa0e, 0xed8198},
    {0xa0f, 0xed81a0},
    {0x1120, 0xed81a1},
    {0x281e, 0xed81a2},
    {0x1121, 0xed81a3},
    {0x281f, 0xed81a4},
    {0x1122, 0xed81a5},
    {0x1123, 0xed81a8},
    {0xa12, 0xed81b0},
    {0x2827, 0xed81b1},
    {0xa13, 0xed81b2},
    {0x2828, 0xed81b3},
    {0xa14, 0xed81b4},
    {0x2829, 0xed81b5},
    {0x1124, 0xed81b6},
    {0x282f, 0xed81be},
    {0x1125, 0xed81bf},
    {0x2830, 0xed8280},
    {0xa17, 0xed8281},
    {0xa18, 0xed8284},
    {0xa19, 0xed8288},
    {0x1126, 0xed8289},
    {0x1127, 0xed828c},
    {0x1128, 0xed8290},
    {0x2842, 0xed829a},
    {0x112b, 0xed829b},
    {0x2843, 0xed829c},
    {0x112c, 0xed829d},
    {0xa1c, 0xed82a8},
    {0x112d, 0xed82ab},
    {0xa1d, 0xed82ac},
    {0x2855, 0xed82b6},
    {0x112e, 0xed82be},
    {0x285a, 0xed82bf},
    {0xa25, 0xed8384},
    {0x112f, 0xed838a},
    {0x1130, 0xed838f},
    {0x2863, 0xed8392},
    {0x1131, 0xed839a},
    {0x2868, 0xed839b},
    {0xa30, 0xed83a0},
    {0x286b, 0xed83a1},
    {0xa31, 0xed83a4},
    {0x1134, 0xed83a5},
    {0x2872, 0xed83ae},
    {0x1135, 0xed83b6},
    {0x2877, 0xed83b7},
    {0xa37, 0xed83b8},
    {0x1136, 0xed83b9},
    {0x1137, 0xed83bc},
    {0x1138, 0xed8480},
    {0x2884, 0xed848a},
    {0x113b, 0xed848b},
    {0x2885, 0xed848c},
    {0xa38, 0xed848d},
    {0xa39, 0xed8494},
    {0x113c, 0xed8498},
    {0x288f, 0xed8499},
    {0x113d, 0xed849a},
    {0xa3c, 0xed84b4},
    {0x113e, 0xed84b7},
    {0xa3d, 0xed84b8},
    {0x113f, 0xed84b9},
    {0x28ad, 0xed8582},
    {0xa47, 0xed8590},
    {0x1140, 0xed8593},
    {0xa48, 0xed8594},
    {0x28bf, 0xed859e},
    {0xa4b, 0xed859f},
    {0x1141, 0xed85a0},
    {0xa4c, 0xed85a1},
    {0xa4d, 0xed85a6},
    {0x28c4, 0xed85a7},
    {0xa4e, 0xed85a8},
    {0x1142, 0xed85a9},
    {0xa4f, 0xed85ac},
    {0x1143, 0xed85af},
    {0xa50, 0xed85b0},
    {0x28d0, 0xed85ba},
    {0x1146, 0xed85bd},
    {0xa53, 0xed8684},
    {0x1147, 0xed8685},
    {0xa54, 0xed8688},
    {0x1148, 0xed868c},
    {0x1149, 0xed8694},
    {0x114a, 0xed8697},
    {0x28e5, 0xed8698},
    {0x114b, 0xed8699},
    {0xa57, 0xed86a4},
    {0x28f7, 0xed86b2},
    {0xa5c, 0xed86b3},
    {0x28f8, 0xed86b4},
    {0xa5d, 0xed86b5},
    {0x28f9, 0xed86b6},
    {0xa5e, 0xed86ba},
    {0x28fa, 0xed86bb},
    {0xa5f, 0xed86bc},
    {0x114f, 0xed86bd},
    {0xa60, 0xed8780},
    {0x1150, 0xed8784},
    {0x2907, 0xed878e},
    {0x1153, 0xed878f},
    {0x2908, 0xed8790},
    {0x1154, 0xed8791},
    {0xa61, 0xed8798},
    {0xa62, 0xed87b4},
    {0x1157, 0xed87b5},
    {0xa63, 0xed87b8},
    {0xa64, 0xed87bb},
    {0x1158, 0xed87bc},
    {0x2933, 0xed8886},
    {0xa65, 0xed8887},
    {0x115b, 0xed8888},
    {0xa66, 0xed8889},
    {0xa67, 0xed8890},
    {0x115c, 0xed8891},
    {0x115d, 0xed8894},
    {0x115e, 0xed8898},
    {0x2946, 0xed88a2},
    {0x1161, 0xed88a3},
    {0x2947, 0xed88a4},
    {0xa68, 0xed88a5},
    {0xa6b, 0xed88b0},
    {0x1162, 0xed88b3},
    {0xa6c, 0xed88b4},
    {0x2952, 0xed88b5},
    {0xa6d, 0xed88b6},
    {0x2958, 0xed88be},
    {0xa70, 0xed88bf},
    {0x2959, 0xed8980},
    {0xa71, 0xed8981},
    {0xa72, 0xed8988},
    {0x1163, 0xed8989},
    {0x1164, 0xed898c},
    {0x1167, 0xed8994},
    {0x296a, 0xed899a},
    {0x116a, 0xed899b},
    {0xa73, 0xed899c},
    {0x116b, 0xed899d},
    {0xa74, 0xed89a4},
    {0x116c, 0xed89a5},
    {0x116d, 0xed89a8},
    {0x297c, 0xed89b6},
    {0xa75, 0xed89b7},
    {0xa78, 0xed8a84},
    {0x1174, 0xed8a87},
    {0xa79, 0xed8a88},
    {0x298e, 0xed8a92},
    {0x1175, 0xed8a93},
    {0x298f, 0xed8a94},
    {0xa7c, 0xed8a95},
    {0xa7d, 0xed8a9c},
    {0x1176, 0xed8a9d},
    {0xa7e, 0xed8aa0},
    {0xa7f, 0xed8aa4},
    {0xa80, 0xed8aac},
    {0x1177, 0xed8aad},
    {0x29a2, 0xed8aae},
    {0x1178, 0xed8aaf},
    {0x29a3, 0xed8ab0},
    {0xa81, 0xed8ab1},
    {0x29aa, 0xed8aba},
    {0x1179, 0xed8abb},
    {0xa84, 0xed8abc},
    {0xa85, 0xed8abf},
    {0xa86, 0xed8b80},
    {0x117a, 0xed8b81},
    {0xa87, 0xed8b82},
    {0x29ad, 0xed8b83},
    {0x117b, 0xed8b84},
    {0x29b1, 0xed8b8a},
    {0xa8a, 0xed8b8b},
    {0x29b2, 0xed8b8c},
    {0xa8b, 0xed8b8d},
    {0xa8c, 0xed8b91},
    {0xa8d, 0xed8b94},
    {0x117c, 0xed8b95},
    {0xa8e, 0xed8b98},
    {0xa8f, 0xed8b9c},
    {0x117d, 0xed8ba0},
    {0x29c3, 0xed8ba6},
    {0x117e, 0xed8ba7},
    {0x29c4, 0xed8ba8},
    {0x117f, 0xed8ba9},
    {0xa94, 0xed8bb4},
    {0x1180, 0xed8bb7},
    {0xa95, 0xed8bb8},
    {0x29d6, 0xed8c82},
    {0xa98, 0xed8c83},
    {0x29d7, 0xed8c84},
    {0xa99, 0xed8c85},
    {0x1181, 0xed8c88},
    {0x29da, 0xed8c89},
    {0x1182, 0xed8c8a},
    {0x29db, 0xed8c8b},
    {0x29dc, 0xed8c8f},
    {0x29dd, 0xed8c92},
    {0x29de, 0xed8c95},
    {0xaa1, 0xed8c96},
    {0x29e4, 0xed8c9e},
    {0x29e5, 0xed8ca2},
    {0x1183, 0xed8ca3},
    {0x1184, 0xed8ca6},
    {0x29e6, 0xed8ca7},
    {0xaab, 0xed8cac},
    {0x29f2, 0xed8cba},
    {0x29f5, 0xed8d80},
    {0x1185, 0xed8d81},
    {0x1186, 0xed8d88},
    {0x1187, 0xed8d8c},
    {0x2a04, 0xed8d96},
    {0x118a, 0xed8d97},
    {0x2a05, 0xed8d98},
    {0x118b, 0xed8d99},
    {0xab5, 0xed8d9d},
    {0x118c, 0xed8da0},
    {0xab8, 0xed8e80},
    {0x118d, 0xed8e83},
    {0xab9, 0xed8e84},
    {0x118e, 0xed8e8e},
    {0x118f, 0xed8e95},
    {0xabf, 0xed8e96},
    {0x2a34, 0xed8e97},
    {0xac2, 0xed8e9c},
    {0x1190, 0xed8e9f},
    {0xac3, 0xed8ea0},
    {0x2a40, 0xed8eaa},
    {0xac6, 0xed8eab},
    {0x1191, 0xed8eac},
    {0xac7, 0xed8ead},
    {0x1192, 0xed8eb2},
    {0x2a45, 0xed8eb3},
    {0xaca, 0xed8eb8},
    {0x1193, 0xed8eb9},
    {0x2a48, 0xed8eba},
    {0x1194, 0xed8ebb},
    {0xacb, 0xed8ebc},
    {0x2a50, 0xed8f86},
    {0x1195, 0xed8f87},
    {0xad0, 0xed8f90},
    {0x1196, 0xed8f91},
    {0xad1, 0xed8f94},
    {0x1197, 0xed8f97},
    {0xad2, 0xed8f98},
    {0x1198, 0xed8fa0},
    {0xad3, 0xed8fa1},
    {0x2a62, 0xed8fa2},
    {0xad4, 0xed8fa3},
    {0x2a63, 0xed8fa4},
    {0x1199, 0xed8fa5},
    {0x119a, 0xed8fae},
    {0x2a6a, 0xed8faf},
    {0xad7, 0xed8fb0},
    {0x119b, 0xed8fb3},
    {0xad8, 0xed8fb4},
    {0x2a74, 0xed8fbe},
    {0xadb, 0xed8fbf},
    {0x2a75, 0xed9080},
    {0xadc, 0xed9081},
    {0x119c, 0xed9084},
    {0xadd, 0xed9085},
    {0x119d, 0xed9086},
    {0x2a78, 0xed9087},
    {0x119e, 0xed908c},
    {0x119f, 0xed9090},
    {0x2a85, 0xed909a},
    {0x11a2, 0xed909b},
    {0x2a86, 0xed909c},
    {0xae0, 0xed909d},
    {0x11a3, 0xed90a4},
    {0xae1, 0xed9180},
    {0x11a4, 0xed9181},
    {0xae2, 0xed9184},
    {0x11a5, 0xed9188},
    {0x2ab4, 0xed9192},
    {0x11a8, 0xed9193},
    {0x2ab5, 0xed9194},
    {0x11a9, 0xed9195},
    {0xae3, 0xed919c},
    {0x11aa, 0xed919d},
    {0xae4, 0xed91a0},
    {0x11ab, 0xed91a3},
    {0xae5, 0xed91a4},
    {0x11ac, 0xed91ac},
    {0xae6, 0xed91ad},
    {0x2ac7, 0xed91ae},
    {0xae7, 0xed91af},
    {0x2ac8, 0xed91b0},
    {0x11ad, 0xed91b1},
    {0xaea, 0xed91bc},
    {0xaeb, 0xed91bf},
    {0xaec, 0xed9280},
    {0x2ad3, 0xed9281},
    {0xaed, 0xed9282},
    {0x2ad9, 0xed928a},
    {0xaf0, 0xed928b},
    {0x2ada, 0xed928c},
    {0xaf1, 0xed928d},
    {0xaf2, 0xed9294},
    {0x11ae, 0xed9295},
    {0x11af, 0xed9298},
    {0x2aec, 0xed92a6},
    {0xaf3, 0xed92a9},
    {0x11b8, 0xed92b4},
    {0x11b9, 0xed92b8},
    {0x2aff, 0xed9382},
    {0x11bc, 0xed9383},
    {0x2b00, 0xed9384},
    {0x11bd, 0xed9385},
    {0xaf4, 0xed938c},
    {0x11be, 0xed938d},
    {0xaf5, 0xed9390},
    {0xaf6, 0xed9394},
    {0xaf7, 0xed939c},
    {0x11bf, 0xed939d},
    {0x2b13, 0xed939e},
    {0xaf8, 0xed939f},
    {0x2b14, 0xed93a0},
    {0x11c0, 0xed93a1},
    {0xaf9, 0xed93a8},
    {0x11c1, 0xed93a9},
    {0xafa, 0xed93ac},
    {0x11c2, 0xed93af},
    {0xafb, 0xed93b0},
    {0xafc, 0xed93b8},
    {0x11c3, 0xed93b9},
    {0x2b26, 0xed93ba},
    {0xafd, 0xed93bb},
    {0x2b27, 0xed93bc},
    {0xafe, 0xed93bd},
    {0xaff, 0xed9484},
    {0x11c4, 0xed9485},
    {0xb00, 0xed9488},
    {0x11c5, 0xed948b},
    {0xb01, 0xed948c},
    {0x11c6, 0xed9490},
    {0x2b38, 0xed9496},
    {0xb04, 0xed9497},
    {0x2b39, 0xed9498},
    {0xb05, 0xed9499},
    {0xb06, 0xed94a0},
    {0x11c7, 0xed94a1},
    {0x11c8, 0xed94a4},
    {0x11c9, 0xed94a8},
    {0x2b4c, 0xed94b2},
    {0x11cc, 0xed94b3},
    {0x2b4d, 0xed94b4},
    {0xb07, 0xed94b5},
    {0xb0a, 0xed9580},
    {0x11cd, 0xed9583},
    {0xb0b, 0xed9584},
    {0x2b5f, 0xed958e},
    {0x2b63, 0xed9597},
    {0xb13, 0xed959c},
    {0x11d0, 0xed959f},
    {0xb14, 0xed95a0},
    {0x11d1, 0xed95a1},
    {0x2b68, 0xed95a2},
    {0x11d2, 0xed95a3},
    {0x2b69, 0xed95a6},
    {0x11d3, 0xed95a7},
    {0x2b6a, 0xed95aa},
    {0xb19, 0xed95ab},
    {0x11d4, 0xed95ac},
    {0xb1a, 0xed95ad},
    {0x11d5, 0xed95ae},
    {0x2b6b, 0xed95af},
    {0xb1b, 0xed95b0},
    {0x11d6, 0xed95b1},
    {0x2b6c, 0xed95b2},
    {0xb1f, 0xed95b8},
    {0x2b78, 0xed9686},
    {0x2b79, 0xed968a},
    {0xb27, 0xed968b},
    {0x2b7a, 0xed968c},
    {0x11d7, 0xed968d},
    {0x2b7b, 0xed968e},
    {0x11d8, 0xed9691},
    {0xb2a, 0xed9694},
    {0x11d9, 0xed9698},
    {0x2b88, 0xed96a2},
    {0xb2b, 0xed96a3},
    {0x2b89, 0xed96a4},
    {0xb2c, 0xed96a5},
    {0x11dc, 0xed96ab},
    {0xb2d, 0xed96ac},
    {0xb2e, 0xed9780},
    {0xb31, 0xed978c},
    {0x11dd, 0xed978f},
    {0xb32, 0xed9790},
    {0x11de, 0xed9791},
    {0xb33, 0xed9792},
    {0x11df, 0xed9795},
    {0x2baf, 0xed9796},
    {0x2bb0, 0xed979a},
    {0xb37, 0xed979b},
    {0x11e0, 0xed979c},
    {0xb38, 0xed979d},
    {0x11e1, 0xed97a2},
    {0xb3e, 0xed97a8},
    {0x11e2, 0xed97ab},
    {0xb3f, 0xed97ac},
    {0x2bbe, 0xed97b6},
    {0x11e3, 0xed97be},
    {0xb45, 0xed97bf},
    {0xb48, 0xed9884},
    {0x11e4, 0xed9887},
    {0xb49, 0xed9888},
    {0x2bce, 0xed9892},
    {0xb4f, 0xed989c},
    {0x11e5, 0xed989d},
    {0xb50, 0xed98a0},
    {0xb51, 0xed98a4},
    {0x11e6, 0xed98ac},
    {0xb52, 0xed98ad},
    {0x2be1, 0xed98ae},
    {0x2be8, 0xed98ba},
    {0x11ea, 0xed98bb},
    {0xb55, 0xed98bc},
    {0x11eb, 0xed98bd},
    {0x2be9, 0xed98be},
    {0x11ec, 0xed98bf},
    {0xb56, 0xed9980},
    {0x11ed, 0xed9981},
    {0x11ee, 0xed9984},
    {0xb57, 0xed9985},
    {0x2bec, 0xed9986},
    {0x11ef, 0xed9987},
    {0x2bed, 0xed998a},
    {0xb5a, 0xed998b},
    {0x2bee, 0xed998c},
    {0xb5b, 0xed998d},
    {0xb5c, 0xed9991},
    {0xb5f, 0xed9998},
    {0x11f0, 0xed999b},
    {0xb60, 0xed999c},
    {0x11f1, 0xed99a0},
    {0x11f2, 0xed99a4},
    {0xb61, 0xed99a5},
    {0x11f3, 0xed99a6},
    {0xb67, 0xed99b4},
    {0x2c0f, 0xed9a82},
    {0xb68, 0xed9a83},
    {0x11f8, 0xed9a84},
    {0xb69, 0xed9a85},
    {0xb6c, 0xed9a90},
    {0x11f9, 0xed9a93},
    {0xb6d, 0xed9a94},
    {0x11fa, 0xed9a9c},
    {0xb6e, 0xed9a9d},
    {0x2c21, 0xed9a9e},
    {0xb6f, 0xed9a9f},
    {0x2c22, 0xed9aa0},
    {0xb70, 0xed9aa1},
    {0xb71, 0xed9aa8},
    {0x11fb, 0xed9aa9},
    {0xb72, 0xed9aac},
    {0x11fc, 0xed9aaf},
    {0xb73, 0xed9ab0},
    {0x11fd, 0xed9ab8},
    {0xb74, 0xed9ab9},
    {0x2c34, 0xed9aba},
    {0xb75, 0xed9abb},
    {0x2c35, 0xed9abc},
    {0xb76, 0xed9abd},
    {0xb79, 0xed9b88},
    {0x11fe, 0xed9b8b},
    {0x11ff, 0xed9b8e},
    {0x2c40, 0xed9b8f},
    {0x1200, 0xed9b92},
    {0x2c41, 0xed9b96},
    {0xb81, 0xed9b97},
    {0x2c42, 0xed9b98},
    {0xb82, 0xed9b99},
    {0xb83, 0xed9ba0},
    {0x1203, 0xed9ba1},
    {0xb84, 0xed9ba4},
    {0xb85, 0xed9ba8},
    {0xb86, 0xed9bb0},
    {0x1204, 0xed9bb1},
    {0x2c53, 0xed9bb2},
    {0xb87, 0xed9bb5},
    {0xb8a, 0xed9c80},
    {0x1207, 0xed9c83},
    {0xb8b, 0xed9c84},
    {0x2c65, 0xed9c8e},
    {0xb8c, 0xed9c91},
    {0xb8f, 0xed9c9c},
    {0x120c, 0xed9c9f},
    {0xb90, 0xed9ca0},
    {0x2c77, 0xed9caa},
    {0xb93, 0xed9cab},
    {0x2c78, 0xed9cac},
    {0xb94, 0xed9cad},
    {0xb97, 0xed9cb8},
    {0x2c81, 0xed9cb9},
    {0xb98, 0xed9cbc},
    {0x120f, 0xed9d83},
    {0xb99, 0xed9d84},
    {0x1210, 0xed9d85},
    {0x2c88, 0xed9d86},
    {0xb9a, 0xed9d87},
    {0x2c89, 0xed9d88},
    {0xb9b, 0xed9d89},
    {0x1211, 0xed9d8d},
    {0xb9e, 0xed9d94},
    {0x1212, 0xed9d95},
    {0xba3, 0xed9d9d},
    {0x2c94, 0xed9d9e},
    {0x1213, 0xed9d9f},
    {0x2c95, 0xed9da2},
    {0xba6, 0xed9da3},
    {0x2c96, 0xed9da4},
    {0xba7, 0xed9da5},
    {0x1214, 0xed9da8},
    {0xba8, 0xed9da9},
    {0xba9, 0xed9dac},
    {0x1217, 0xed9dad},
    {0xbaa, 0xed9db0},
    {0x1218, 0xed9db3},
    {0xbab, 0xed9db4},
    {0x2ca4, 0xed9dbe},
    {0x1219, 0xed9dbf},
    {0x2ca5, 0xed9e80},
    {0xbae, 0xed9e81},
    {0xbb1, 0xed9e8c},
    {0x121a, 0xed9e8f},
    {0xbb2, 0xed9e90},
    {0x121b, 0xed9e97},
    {0x2cb6, 0xed9e9a},
    {0x121c, 0xed9ea0},
    {0xbb8, 0xed9ea3},
    {0x4693, 0xefa480},
    {0x3e29, 0xefa481},
    {0x470a, 0xefa482},
    {0x46bc, 0xefa483},
    {0x402f, 0xefa484},
    {0x37af, 0xefa485},
    {0x3967, 0xefa486},
    {0x49a9, 0xefa487},
    {0x49a9, 0xefa488},
    {0x3a85, 0xefa489},
    {0x47d2, 0xefa48a},
    {0x39c4, 0xefa48b},
    {0x3a80, 0xefa48c},
    {0x3cc1, 0xefa48d},
    {0x421a, 0xefa48e},
    {0x43f5, 0xefa48f},
    {0x457e, 0xefa490},
    {0x45ad, 0xefa491},
    {0x45ea, 0xefa492},
    {0x4791, 0xefa493},
    {0x3ef5, 0xefa494},
    {0x3faf, 0xefa495},
    {0x40b0, 0xefa496},
    {0x415c, 0xefa497},
    {0x451c, 0xefa498},
    {0x47b7, 0xefa499},
    {0x4921, 0xefa49a},
    {0x37c6, 0xefa49b},
    {0x394b, 0xefa49c},
    {0x3f20, 0xefa49d},
    {0x40f6, 0xefa49e},
    {0x457d, 0xefa49f},
    {0x497c, 0xefa4a0},
    {0x3b7c, 0xefa4a1},
    {0x4076, 0xefa4a2},
    {0x4568, 0xefa4a3},
    {0x45fa, 0xefa4a4},
    {0x3cff, 0xefa4a5},
    {0x4487, 0xefa4a6},
    {0x45b7, 0xefa4a7},
    {0x3bd8, 0xefa4a8},
    {0x3e39, 0xefa4a9},
    {0x3fc4, 0xefa4aa},
    {0x4125, 0xefa4ab},
    {0x5520, 0xefa4ac},
    {0x3820, 0xefa4ad},
    {0x38bf, 0xefa4ae},
    {0x3917, 0xefa4af},
    {0x3d6c, 0xefa4b0},
    {0x3f1b, 0xefa4b1},
    {0x40f5, 0xefa4b2},
    {0x423a, 0xefa4b3},
    {0x4415, 0xefa4b4},
    {0x4577, 0xefa4b5},
    {0x4584, 0xefa4b6},
    {0x46ee, 0xefa4b7},
    {0x48a8, 0xefa4b8},
    {0x494d, 0xefa4b9},
    {0x497a, 0xefa4ba},
    {0x427e, 0xefa4bb},
    {0x42ae, 0xefa4bc},
    {0x439f, 0xefa4bd},
    {0x4503, 0xefa4be},
    {0x4801, 0xefa4bf},
    {0x4980, 0xefa580},
    {0x4657, 0xefa581},
    {0x3a64, 0xefa582},
    {0x3be9, 0xefa583},
    {0x4350, 0xefa584},
    {0x4431, 0xefa585},
    {0x410e, 0xefa586},
    {0x428b, 0xefa587},
    {0x46b8, 0xefa588},
    {0x489a, 0xefa589},
    {0x3a61, 0xefa58a},
    {0x3b52, 0xefa58b},
    {0x3ef8, 0xefa58c},
    {0x3fe4, 0xefa58d},
    {0x403a, 0xefa58e},
    {0x4382, 0xefa58f},
    {0x43cb, 0xefa590},
    {0x485a, 0xefa591},
    {0x3910, 0xefa592},
    {0x4438, 0xefa593},
    {0x38c7, 0xefa594},
    {0x38c5, 0xefa595},
    {0x42d6, 0xefa596},
    {0x43ab, 0xefa597},
    {0x450d, 0xefa598},
    {0x4869, 0xefa599},
    {0x4688, 0xefa59a},
    {0x3d02, 0xefa59b},
    {0x3ef5, 0xefa59c},
    {0x4666, 0xefa59d},
    {0x37b1, 0xefa59e},
    {0x3b25, 0xefa59f},
    {0x3c37, 0xefa5a0},
    {0x4143, 0xefa5a1},
    {0x41e0, 0xefa5a2},
    {0x392a, 0xefa5a3},
    {0x4293, 0xefa5a4},
    {0x382f, 0xefa5a5},
    {0x3c22, 0xefa5a6},
    {0x37a6, 0xefa5a7},
    {0x3f9b, 0xefa5a8},
    {0x3da2, 0xefa5a9},
    {0x437e, 0xefa5aa},
    {0x3959, 0xefa5ab},
    {0x3a44, 0xefa5ac},
    {0x4241, 0xefa5ad},
    {0x451d, 0xefa5ae},
    {0x4649, 0xefa5af},
    {0x3f4b, 0xefa5b0},
    {0x473a, 0xefa5b1},
    {0x3f81, 0xefa5b2},
    {0x3d14, 0xefa5b3},
    {0x44d6, 0xefa5b4},
    {0x3d35, 0xefa5b5},
    {0x41dc, 0xefa5b6},
    {0x37dd, 0xefa5b7},
    {0x38a7, 0xefa5b8},
    {0x38c3, 0xefa5b9},
    {0x3e9f, 0xefa5ba},
    {0x4368, 0xefa5bb},
    {0x44af, 0xefa5bc},
    {0x4656, 0xefa5bd},
    {0x47d0, 0xefa5be},
    {0x391d, 0xefa5bf},
    {0x398b, 0xefa680},
    {0x3a92, 0xefa681},
    {0x3be2, 0xefa682},
    {0x3dbd, 0xefa683},
    {0x407a, 0xefa684},
    {0x4297, 0xefa685},
    {0x4844, 0xefa686},
    {0x4938, 0xefa687},
    {0x4983, 0xefa688},
    {0x498d, 0xefa689},
    {0x3901, 0xefa68a},
    {0x3e1d, 0xefa68b},
    {0x3f3a, 0xefa68c},
    {0x4732, 0xefa68d},
    {0x3bbb, 0xefa68e},
    {0x3ca9, 0xefa68f},
    {0x3cc7, 0xefa690},
    {0x3d61, 0xefa691},
    {0x4040, 0xefa692},
    {0x40c1, 0xefa693},
    {0x419d, 0xefa694},
    {0x42c1, 0xefa695},
    {0x43bc, 0xefa696},
    {0x442b, 0xefa697},
    {0x4720, 0xefa698},
    {0x453c, 0xefa699},
    {0x4762, 0xefa69a},
    {0x4811, 0xefa69b},
    {0x38da, 0xefa69c},
    {0x3904, 0xefa69d},
    {0x39a2, 0xefa69e},
    {0x40ac, 0xefa69f},
    {0x45dd, 0xefa6a0},
    {0x4649, 0xefa6a1},
    {0x3bd7, 0xefa6a2},
    {0x3c33, 0xefa6a3},
    {0x3d2b, 0xefa6a4},
    {0x3f46, 0xefa6a5},
    {0x434b, 0xefa6a6},
    {0x413d, 0xefa6a7},
    {0x37f0, 0xefa6a8},
    {0x39f6, 0xefa6a9},
    {0x3b25, 0xefa6aa},
    {0x3b87, 0xefa6ab},
    {0x3c39, 0xefa6ac},
    {0x414f, 0xefa6ad},
    {0x4196, 0xefa6ae},
    {0x43fb, 0xefa6af},
    {0x4425, 0xefa6b0},
    {0x47e1, 0xefa6b1},
    {0x4899, 0xefa6b2},
    {0x48ad, 0xefa6b3},
    {0x48d6, 0xefa6b4},
    {0x3823, 0xefa6b5},
    {0x42b7, 0xefa6b6},
    {0x47c7, 0xefa6b7},
    {0x55eb, 0xefa6b8},
    {0x3c72, 0xefa6b9},
    {0x37c7, 0xefa6ba},
    {0x387f, 0xefa6bb},
    {0x3b2a, 0xefa6bc},
    {0x3b46, 0xefa6bd},
    {0x3dac, 0xefa6be},
    {0x3ef5, 0xefa6bf},
    {0x40e4, 0xefa780},
    {0x4213, 0xefa781},
    {0x453e, 0xefa782},
    {0x4786, 0xefa783},
    {0x49a6, 0xefa784},
    {0x3e09, 0xefa785},
    {0x4853, 0xefa786},
    {0x38fd, 0xefa787},
    {0x3e5d, 0xefa788},
    {0x3e80, 0xefa789},
    {0x3fbd, 0xefa78a},
    {0x401d, 0xefa78b},
    {0x416e, 0xefa78c},
    {0x41d7, 0xefa78d},
    {0x4278, 0xefa78e},
    {0x4375, 0xefa78f},
    {0x48e3, 0xefa790},
    {0x38ab, 0xefa791},
    {0x3cd6, 0xefa792},
    {0x486c, 0xefa793},
    {0x385a, 0xefa794},
    {0x3b77, 0xefa795},
    {0x3fe8, 0xefa796},
    {0x4723, 0xefa797},
    {0x3c16, 0xefa798},
    {0x3c8d, 0xefa799},
    {0x3e89, 0xefa79a},
    {0x4143, 0xefa79b},
    {0x486f, 0xefa79c},
    {0x38de, 0xefa79d},
    {0x397b, 0xefa79e},
    {0x3b54, 0xefa79f},
    {0x3ddb, 0xefa7a0},
    {0x3e4d, 0xefa7a1},
    {0x3eaa, 0xefa7a2},
    {0x3fa3, 0xefa7a3},
    {0x416c, 0xefa7a4},
    {0x4203, 0xefa7a5},
    {0x43f4, 0xefa7a6},
    {0x45de, 0xefa7a7},
    {0x45e5, 0xefa7a8},
    {0x47cd, 0xefa7a9},
    {0x4891, 0xefa7aa},
    {0x3932, 0xefa7ab},
    {0x4027, 0xefa7ac},
    {0x397f, 0xefa7ad},
    {0x40e5, 0xefa7ae},
    {0x419f, 0xefa7af},
    {0x4573, 0xefa7b0},
    {0x487a, 0xefa7b1},
    {0x4960, 0xefa7b2},
    {0x4985, 0xefa7b3},
    {0x3e67, 0xefa7b4},
    {0x3fdf, 0xefa7b5},
    {0x448c, 0xefa7b6},
    {0x4303, 0xefa7b7},
    {0x4317, 0xefa7b8},
    {0x4356, 0xefa7b9},
    {0x411a, 0xefa7ba},
    {0x40a0, 0xefa7bb},
    {0x467e, 0xefa7bc},
    {0x37e0, 0xefa7bd},
    {0x44e9, 0xefa7be},
    {0x38e6, 0xefa7bf},
    {0x38d5, 0xefa880},
    {0x3bcc, 0xefa881},
    {0x3d05, 0xefa882},
    {0x4364, 0xefa883},
    {0x3af2, 0xefa884},
    {0x3fb0, 0xefa885},
    {0x3e18, 0xefa886},
    {0x4728, 0xefa887},
    {0x45bf, 0xefa888},
    {0x485c, 0xefa889},
    {0x4602, 0xefa88a},
    {0x3bda, 0xefa88b},
    {0x47a1, 0xefa8ae},
    {0x487f, 0xefa8af},
    {0x2ddb, 0xefbd9e},
    {0x30d0, 0xefbea0},
    {0x2e59, 0xefbfa3},
    {0x2fca, 0xefbfa5},
    {0x2e5a, 0xefbfa6},
    {0x2db8, 0xf09f8480},
    {0x5782, 0xf0a08397},
    {0x5783, 0xf0a084ac},
    {0x5784, 0xf0a0978a},
    {0x5785, 0xf0a0a684},
    {0x5786, 0xf0a18595},
    {0x5787, 0xf0a18a8d},
    {0x5788, 0xf0a19694},
    {0x5789, 0xf0a19ca7},
    {0x578a, 0xf0a1bd9c},
    {0x578b, 0xf0a292b0},
    {0x578c, 0xf0a293ad},
    {0x578d, 0xf0a2a58f},
    {0x578e, 0xf0a2b1af},
    {0x578f, 0xf0a2bba0},
    {0x5790, 0xf0a383bd},
    {0x5791, 0xf0a38d83},
    {0x5792, 0xf0a398bb},
    {0x5793, 0xf0a3ab99},
    {0x5794, 0xf0a48bb1},
    {0x5795, 0xf0a48e9d},
    {0x5796, 0xf0a4a3b0},
    {0x5797, 0xf0a4a881},
    {0x5798, 0xf0a4a892},
    {0x5799, 0xf0a58195},
    {0x579a, 0xf0a58cbe},
    {0x579b, 0xf0a58eb5},
    {0x579c, 0xf0a58fbe},
    {0x579d, 0xf0a5a0b2},
    {0x579e, 0xf0a5a0ba},
    {0x579f, 0xf0a5a1b4},
    {0x57a0, 0xf0a5a5b8},
    {0x57a1, 0xf0a5ae97},
    {0x57a2, 0xf0a5b984},
    {0x57a3, 0xf0a68197},
    {0x57a4, 0xf0a696a4},
    {0x57a5, 0xf0a69f98},
    {0x57a6, 0xf0a78584},
    {0x57a7, 0xf0a797bf},
    {0x57a8, 0xf0a798a5},
    {0x57a9, 0xf0a7a991},
    {0x57aa, 0xf0a7ac82},
    {0x57ab, 0xf0a7b3af},
    {0x57ac, 0xf0a7b9bd},
    {0x57ad, 0xf0a7bc9b},
    {0x57ae, 0xf0a88fb6},
    {0x57af, 0xf0a8939c},
    {0x57b0, 0xf0a8b68a},
    {0x57b1, 0xf0a8b6a1},
    {0x57b2, 0xf0a98795},
    {0x57b3, 0xf0a987a3},
    {0x57b4, 0xf0a9939e},
    {0x57b5, 0xf0a99489},
    {0x57b6, 0xf0a9a0bb},
    {0x57b7, 0xf0aa8aad},
    {0x57b8, 0xf0aa9390},
    {0x57b9, 0xf0aa99a4},
    {0x57ba, 0xf0ac8495},
    {0x57bb, 0xf0ac9f93},
    {0x57bc, 0xf0ae95a9},
    {0x57bd, 0xf0b09ca9},
};

static pdf_char_range_map_t char_range_map_UNIAKR_UTF8_H[] = {
    {0x20, 0x7e, 0x1},
    {0xc2a2, 0xc2a5, 0x60},
    {0xc2a6, 0xc2a8, 0x57d1},
    {0xc2ab, 0xc2ac, 0x2e66},
    {0xc2b0, 0xc2b1, 0x66},
    {0xc2b2, 0xc2b3, 0x2e68},
    {0xc2b4, 0xc2b5, 0x57d6},
    {0xc2b6, 0xc2b7, 0x68},
    {0xc2bb, 0xc2be, 0x2e6b},
    {0xc380, 0xc396, 0x57db},
    {0xc398, 0xc3b6, 0x57f2},
    {0xc3b8, 0xc3bf, 0x5811},
    {0xc4a6, 0xc4a7, 0x581a},
    {0xc4b1, 0xc4b3, 0x581c},
    {0xc580, 0xc582, 0x5821},
    {0xc589, 0xc58b, 0x5824},
    {0xc58e, 0xc58f, 0x5827},
    {0xc592, 0xc593, 0x5829},
    {0xc5a6, 0xc5a7, 0x582b},
    {0xc5ac, 0xc5ad, 0x582d},
    {0xcb98, 0xcb9d, 0x2e71},
    {0xce91, 0xcea1, 0x582f},
    {0xcea3, 0xcea9, 0x5840},
    {0xceb1, 0xcebf, 0x5847},
    {0xcf80, 0xcf89, 0x5856},
    {0xd090, 0xd0bf, 0x5861},
    {0xd180, 0xd18f, 0x5891},
    {0xe18480, 0xe184bf, 0x3070},
    {0xe18580, 0xe185bf, 0x30b0},
    {0xe18680, 0xe186bf, 0x30f0},
    {0xe18780, 0xe187bf, 0x3130},
    {0xe28082, 0xe28087, 0x6c},
    {0xe28089, 0xe2808a, 0x72},
    {0xe28092, 0xe28095, 0x74},
    {0xe28098, 0xe28099, 0x78},
    {0xe2809c, 0xe2809d, 0x7a},
    {0xe280a0, 0xe280a3, 0x7c},
    {0xe280a5, 0xe280a6, 0x80},
    {0xe280b2, 0xe280b3, 0x82},
    {0xe28187, 0xe28189, 0x2e7c},
    {0xe281b4, 0xe281b9, 0x2e80},
    {0xe28280, 0xe28289, 0x2e87},
    {0xe28593, 0xe28594, 0x2e96},
    {0xe2859b, 0xe2859e, 0x2e98},
    {0xe285a0, 0xe285a9, 0x2e9c},
    {0xe285b0, 0xe285b9, 0x2ea6},
    {0xe28690, 0xe28699, 0x8a},
    {0xe28882, 0xe28883, 0x2eb3},
    {0xe28887, 0xe28888, 0x2eb5},
    {0xe2889d, 0xe2889e, 0x2ebb},
    {0xe288a7, 0xe288ac, 0x2ebf},
    {0xe288b4, 0xe288b6, 0x2ec6},
    {0xe288bc, 0xe288bd, 0x2ec9},
    {0xe289a4, 0xe289a5, 0x96},
    {0xe289a6, 0xe289a7, 0x2ecd},
    {0xe289aa, 0xe289ab, 0x2ecf},
    {0xe28a82, 0xe28a83, 0x2ed1},
    {0xe28a86, 0xe28a87, 0x2ed3},
    {0xe28ca9, 0xe28caa, 0x9e},
    {0xe291a0, 0xe291bf, 0x2cbb},
    {0xe29280, 0xe292bf, 0x2cdb},
    {0xe29380, 0xe293b4, 0x2d1b},
    {0xe29480, 0xe29483, 0x2ed9},
    {0xe2948c, 0xe294bf, 0x2edd},
    {0xe29580, 0xe2958b, 0x2f11},
    {0xe296a3, 0xe296a9, 0x2f1f},
    {0xe296b2, 0xe296b3, 0x2f26},
    {0xe296b6, 0xe296b7, 0x2f28},
    {0xe296bc, 0xe296bd, 0x2f2a},
    {0xe29780, 0xe29781, 0x2f2c},
    {0xe29786, 0xe29789, 0x2f2e},
    {0xe2978e, 0xe29791, 0x2f32},
    {0xe29885, 0xe29886, 0x2f36},
    {0xe2988e, 0xe2988f, 0x2f38},
    {0xe299a0, 0xe299a1, 0x2f3e},
    {0xe299a3, 0xe299a5, 0x2f40},
    {0xe299a7, 0xe299aa, 0x2f43},
    {0xe299ac, 0xe299ad, 0x2f47},
    {0xe29db6, 0xe29dbf, 0x2d51},
    {0xe2b8ba, 0xe2b8bb, 0x9c},
    {0xe2bcb3, 0xe2bcb4, 0x4cf7},
    {0xe2bd9b, 0xe2bd9c, 0x4109},
    {0xe2bea7, 0xe2bea8, 0x4835},
    {0xe2beaf, 0xe2beb0, 0x48b3},
    {0xe2beb8, 0xe2beb9, 0x490c},
    {0xe2bf88, 0xe2bf89, 0x498b},
    {0xe2bf8d, 0xe2bf91, 0x4998},
    {0xe38081, 0xe38082, 0x2dd3},
    {0xe38088, 0xe38091, 0x9e},
    {0xe38094, 0xe38095, 0xa8},
    {0xe38096, 0xe3809c, 0x2dd5},
    {0xe380ae, 0xe380af, 0x2fcb},
    {0xe38181, 0xe381bf, 0x58a2},
    {0xe38280, 0xe38296, 0x58e1},
    {0xe3829d, 0xe3829e, 0x58f8},
    {0xe382a1, 0xe382bf, 0x58fa},
    {0xe38380, 0xe383be, 0x5919},
    {0xe384b1, 0xe384bf, 0xaa},
    {0xe38580, 0xe385a3, 0xb9},
    {0xe385a4, 0xe385bf, 0x2f4c},
    {0xe38680, 0xe3868e, 0x2f68},
    {0xe38880, 0xe3889e, 0x2d5b},
    {0xe38991, 0xe389bf, 0x2d7a},
    {0xe38ab1, 0xe38abf, 0x2da9},
    {0xe38e80, 0xe38e84, 0x2f77},
    {0xe38e88, 0xe38ebf, 0x2f7c},
    {0xe38f80, 0xe38f8a, 0x2fb4},
    {0xe38f8f, 0xe38f90, 0x2fbf},
    {0xe38f9b, 0xe38f9d, 0x2fc4},
    {0xe39b83, 0xe39b85, 0x49b0},
    {0xe3b2bd, 0xe3b2be, 0x49cf},
    {0xe4b39f, 0xe4b3a0, 0x4a04},
    {0xe4b880, 0xe4b881, 0x379e},
    {0xe4b887, 0xe4b88b, 0x37a1},
    {0xe4b894, 0xe4b896, 0x37a8},
    {0xe4b898, 0xe4b899, 0x37ab},
    {0xe4b8b0, 0xe4b8b1, 0x4a0b},
    {0xe4b8b8, 0xe4b8b9, 0x37b0},
    {0xe4b982, 0xe4b983, 0x37b3},
    {0xe4b98d, 0xe4b98f, 0x37b7},
    {0xe4b998, 0xe4b999, 0x37bb},
    {0xe4b99d, 0xe4b99f, 0x37bd},
    {0xe4b9a4, 0xe4b9a5, 0x4a11},
    {0xe4b9ae, 0xe4b9af, 0x4a15},
    {0xe4b9b6, 0xe4b9b7, 0x37c3},
    {0xe4b9ba, 0xe4b9bd, 0x4a18},
    {0xe4ba8b, 0xe4ba8c, 0x37c9},
    {0xe4ba90, 0xe4ba92, 0x37cc},
    {0xe4ba94, 0xe4ba95, 0x37cf},
    {0xe4baa1, 0xe4baa2, 0x37d4},
    {0xe4baa4, 0xe4baa6, 0x37d6},
    {0xe4baab, 0xe4baae, 0x37da},
    {0xe4bab3, 0xe4bab4, 0x4a23},
    {0xe4bb80, 0xe4bb81, 0x37e0},
    {0xe4bb8a, 0xe4bb8b, 0x37e4},
    {0xe4bb94, 0xe4bb99, 0x37e7},
    {0xe4bba3, 0xe4bba5, 0x37ef},
    {0xe4bbb6, 0xe4bbb7, 0x37f4},
    {0xe4bc89, 0xe4bc8b, 0x37f8},
    {0xe4bc8d, 0xe4bc91, 0x37fb},
    {0xe4bcbc, 0xe4bcbd, 0x3805},
    {0xe4bd86, 0xe4bd88, 0x3808},
    {0xe4bd8d, 0xe4bd91, 0x380b},
    {0xe4bd93, 0xe4bd94, 0x4a37},
    {0xe4bd96, 0xe4bd97, 0x4a39},
    {0xe4bd99, 0xe4bd9c, 0x3811},
    {0xe4bd9d, 0xe4bd9f, 0x4a3b},
    {0xe4bdaf, 0xe4bdb0, 0x3816},
    {0xe4bdb8, 0xe4bdb9, 0x4a40},
    {0xe4bdbb, 0xe4bdbd, 0x4a42},
    {0xe4bdbe, 0xe4bdbf, 0x381b},
    {0xe4be83, 0xe4be84, 0x381e},
    {0xe4be8a, 0xe4be8b, 0x3822},
    {0xe4beae, 0xe4beaf, 0x382b},
    {0xe4beb5, 0xe4beb6, 0x382d},
    {0xe4bf82, 0xe4bf84, 0x3830},
    {0xe4bf89, 0xe4bf8a, 0x3833},
    {0xe4bf8c, 0xe4bf8d, 0x4a54},
    {0xe4bf8f, 0xe4bf90, 0x4a56},
    {0xe4bf93, 0xe4bf94, 0x3837},
    {0xe4bf98, 0xe4bf99, 0x4a59},
    {0xe4bf9f, 0xe4bfa1, 0x383c},
    {0xe4bfae, 0xe4bfaf, 0x383f},
    {0xe58091, 0xe58092, 0x384b},
    {0xe58093, 0xe58094, 0x4a66},
    {0xe58099, 0xe5809a, 0x384e},
    {0xe5809e, 0xe5809f, 0x3851},
    {0xe580a3, 0xe580a4, 0x3854},
    {0xe580a6, 0xe580a8, 0x3856},
    {0xe580aa, 0xe580ad, 0x3859},
    {0xe58187, 0xe58189, 0x385f},
    {0xe58198, 0xe58199, 0x4a73},
    {0xe581b4, 0xe581b6, 0x3867},
    {0xe58298, 0xe58299, 0x386f},
    {0xe5829a, 0xe5829b, 0x4a80},
    {0xe5829d, 0xe5829e, 0x4a82},
    {0xe582ac, 0xe582ad, 0x3871},
    {0xe582b2, 0xe582b3, 0x3873},
    {0xe58389, 0xe5838a, 0x3879},
    {0xe58395, 0xe58396, 0x387d},
    {0xe58480, 0xe58481, 0x3887},
    {0xe58482, 0xe58483, 0x4a94},
    {0xe58493, 0xe58495, 0x4a99},
    {0xe58497, 0xe58498, 0x4a9c},
    {0xe5849a, 0xe5849c, 0x4a9e},
    {0xe584a4, 0xe584a5, 0x4aa2},
    {0xe584b8, 0xe584b9, 0x4aa9},
    {0xe58580, 0xe58581, 0x3894},
    {0xe58583, 0xe58589, 0x3896},
    {0xe5858b, 0xe5858e, 0x389d},
    {0xe58594, 0xe58597, 0x4aae},
    {0xe585a7, 0xe585ae, 0x38a5},
    {0xe585b5, 0xe585b8, 0x38ae},
    {0xe586a2, 0xe586a4, 0x4abd},
    {0xe586b0, 0xe586b2, 0x4ac0},
    {0xe586b6, 0xe586b7, 0x38be},
    {0xe5878b, 0xe5878d, 0x38c4},
    {0xe5879c, 0xe5879e, 0x38c7},
    {0xe587b0, 0xe587b1, 0x38cb},
    {0xe587b3, 0xe587b4, 0x4acd},
    {0xe587b8, 0xe587ba, 0x38ce},
    {0xe58886, 0xe58888, 0x38d4},
    {0xe588a4, 0xe588a5, 0x38dc},
    {0xe588a6, 0xe588a7, 0x4ad2},
    {0xe588a9, 0xe588aa, 0x38de},
    {0xe588b1, 0xe588b3, 0x4ad4},
    {0xe588b6, 0xe588bb, 0x38e2},
    {0xe5898a, 0xe5898d, 0x38ea},
    {0xe5899e, 0xe5899f, 0x4add},
    {0xe589a9, 0xe589aa, 0x38f3},
    {0xe58a87, 0xe58a89, 0x38fb},
    {0xe58a91, 0xe58a92, 0x38ff},
    {0xe58a97, 0xe58a98, 0x4ae4},
    {0xe58a9f, 0xe58aa0, 0x3902},
    {0xe58aa3, 0xe58aa4, 0x3904},
    {0xe58aa9, 0xe58aab, 0x3906},
    {0xe58aac, 0xe58aae, 0x4ae7},
    {0xe58b95, 0xe58b96, 0x3911},
    {0xe58b98, 0xe58b99, 0x3913},
    {0xe58b9d, 0xe58b9f, 0x3916},
    {0xe58ba0, 0xe58ba1, 0x4aec},
    {0xe58ba2, 0xe58ba4, 0x3919},
    {0xe58bba, 0xe58bbb, 0x391f},
    {0xe58bbe, 0xe58bbf, 0x3921},
    {0xe58c80, 0xe58c83, 0x4af1},
    {0xe58c8f, 0xe58c90, 0x3926},
    {0xe58c95, 0xe58c97, 0x3928},
    {0xe58ca0, 0xe58ca1, 0x392c},
    {0xe58cbd, 0xe58cbe, 0x4afb},
    {0xe58d80, 0xe58d81, 0x3933},
    {0xe58d83, 0xe58d84, 0x3935},
    {0xe58d87, 0xe58d8a, 0x3937},
    {0xe58d91, 0xe58d94, 0x393c},
    {0xe58daf, 0xe58db1, 0x3947},
    {0xe58db2, 0xe58db3, 0x4b02},
    {0xe58db4, 0xe58db5, 0x394a},
    {0xe58db8, 0xe58dbb, 0x4b04},
    {0xe58e9f, 0xe58ea0, 0x3953},
    {0xe58ea5, 0xe58ea6, 0x3955},
    {0xe58eb2, 0xe58eb3, 0x4b10},
    {0xe58f88, 0xe58f8b, 0x395a},
    {0xe58f96, 0xe58f97, 0x3960},
    {0xe58fa1, 0xe58fa5, 0x3963},
    {0xe58fa9, 0xe58fad, 0x3968},
    {0xe58faf, 0xe58fb3, 0x396d},
    {0xe58fb4, 0xe58fb7, 0x4b1b},
    {0xe59083, 0xe59084, 0x3973},
    {0xe59088, 0xe5908a, 0x3975},
    {0xe5908c, 0xe59091, 0x3978},
    {0xe5909f, 0xe590a0, 0x3980},
    {0xe590b8, 0xe590b9, 0x3986},
    {0xe590bb, 0xe590bc, 0x3988},
    {0xe591bb, 0xe591bd, 0x3994},
    {0xe592ab, 0xe592ac, 0x399e},
    {0xe592bb, 0xe592bc, 0x4b3d},
    {0xe59380, 0xe59381, 0x39a3},
    {0xe59382, 0xe59383, 0x4b40},
    {0xe59386, 0xe59387, 0x4b42},
    {0xe59388, 0xe59389, 0x39a6},
    {0xe593ad, 0xe593ae, 0x39ab},
    {0xe59486, 0xe59487, 0x39b0},
    {0xe595bd, 0xe595bf, 0x4b59},
    {0xe59681, 0xe59683, 0x4b5c},
    {0xe59686, 0xe59687, 0x39c3},
    {0xe59689, 0xe5968a, 0x39c5},
    {0xe59693, 0xe59694, 0x4b61},
    {0xe59698, 0xe5969a, 0x39c7},
    {0xe5969c, 0xe5969d, 0x39ca},
    {0xe5969e, 0xe5969f, 0x4b63},
    {0xe596a3, 0xe596a4, 0x4b65},
    {0xe596a9, 0xe596ac, 0x39cd},
    {0xe597a3, 0xe597a4, 0x39d8},
    {0xe597bd, 0xe597be, 0x39da},
    {0xe5988c, 0xe59890, 0x4b75},
    {0xe598b7, 0xe598b9, 0x4b7e},
    {0xe59981, 0xe59982, 0x4b83},
    {0xe5998d, 0xe5998f, 0x4b87},
    {0xe599a4, 0xe599a5, 0x4b8b},
    {0xe599a9, 0xe599aa, 0x4b8d},
    {0xe599ac, 0xe599ad, 0x4b8f},
    {0xe59a99, 0xe59a9a, 0x4b9a},
    {0xe59b80, 0xe59b83, 0x4b9f},
    {0xe59b88, 0xe59b89, 0x4ba3},
    {0xe59b9a, 0xe59b9b, 0x39f1},
    {0xe59ba6, 0xe59ba7, 0x4ba7},
    {0xe59bb9, 0xe59bba, 0x39f6},
    {0xe59c81, 0xe59c82, 0x4bae},
    {0xe59c83, 0xe59c84, 0x39f8},
    {0xe59c89, 0xe59c8a, 0x4bb1},
    {0xe59c92, 0xe59c93, 0x39fd},
    {0xe59ca9, 0xe59caa, 0x4bb5},
    {0xe59d8d, 0xe59d8e, 0x3a0a},
    {0xe59d90, 0xe59d91, 0x3a0c},
    {0xe59da7, 0xe59da9, 0x4bbd},
    {0xe59db7, 0xe59db8, 0x4bc3},
    {0xe59ea2, 0xe59ea3, 0x3a1b},
    {0xe59f87, 0xe59f88, 0x3a1e},
    {0xe59f91, 0xe59f92, 0x4bcf},
    {0xe59f9f, 0xe59fa0, 0x3a22},
    {0xe59fad, 0xe59fae, 0x4bd4},
    {0xe59fb9, 0xe59fba, 0x3a27},
    {0xe5a083, 0xe5a084, 0x4bda},
    {0xe5a085, 0xe5a086, 0x3a2c},
    {0xe5a088, 0xe5a08a, 0x3a2e},
    {0xe5a0af, 0xe5a0b1, 0x3a36},
    {0xe5a0b4, 0xe5a0b5, 0x3a39},
    {0xe5a18a, 0xe5a18b, 0x3a3c},
    {0xe5a18c, 0xe5a18d, 0x4be6},
    {0xe5a197, 0xe5a198, 0x3a41},
    {0xe5a1a1, 0xe5a1a2, 0x3a45},
    {0xe5a280, 0xe5a281, 0x4bed},
    {0xe5a28c, 0xe5a28d, 0x4bf0},
    {0xe5a29e, 0xe5a29f, 0x3a51},
    {0xe5a2a8, 0xe5a2a9, 0x3a53},
    {0xe5a2b0, 0xe5a2b1, 0x4bf7},
    {0xe5a2ba, 0xe5a2bb, 0x3a57},
    {0xe5a398, 0xe5a399, 0x3a61},
    {0xe5a39c, 0xe5a39d, 0x4bfc},
    {0xe5a39e, 0xe5a39f, 0x3a63},
    {0xe5a3ab, 0xe5a3ac, 0x3a66},
    {0xe5a3ad, 0xe5a3ae, 0x4bff},
    {0xe5a3b9, 0xe5a3bb, 0x3a69},
    {0xe5a494, 0xe5a496, 0x3a6e},
    {0xe5a499, 0xe5a49a, 0x3a71},
    {0xe5a4a4, 0xe5a4a5, 0x4c06},
    {0xe5a4a9, 0xe5a4ab, 0x3a76},
    {0xe5a4ad, 0xe5a4ae, 0x3a79},
    {0xe5a587, 0xe5a589, 0x3a7f},
    {0xe5a58e, 0xe5a591, 0x3a82},
    {0xe5a594, 0xe5a595, 0x3a86},
    {0xe5a5aa, 0xe5a5ae, 0x3a8d},
    {0xe5a5b3, 0xe5a5b4, 0x3a92},
    {0xe5a682, 0xe5a684, 0x3a96},
    {0xe5a68c, 0xe5a68d, 0x4c15},
    {0xe5a691, 0xe5a692, 0x4c17},
    {0xe5a696, 0xe5a697, 0x3a9b},
    {0xe5a6a3, 0xe5a6a4, 0x4c1a},
    {0xe5a6b5, 0xe5a6b6, 0x4c1f},
    {0xe5a790, 0xe5a791, 0x3aa8},
    {0xe5a793, 0xe5a794, 0x3aaa},
    {0xe5a799, 0xe5a79a, 0x3aac},
    {0xe5a79c, 0xe5a79d, 0x3aae},
    {0xe5a7a2, 0xe5a7a5, 0x4c29},
    {0xe5a7b9, 0xe5a7ba, 0x4c31},
    {0xe5a889, 0xe5a88a, 0x4c34},
    {0xe5a899, 0xe5a89a, 0x4c38},
    {0xe5a89b, 0xe5a89c, 0x3abc},
    {0xe5a89f, 0xe5a8a0, 0x3abe},
    {0xe5a98b, 0xe5a98c, 0x4c42},
    {0xe5a990, 0xe5a991, 0x4c44},
    {0xe5a9a9, 0xe5a9aa, 0x4c49},
    {0xe5aa9a, 0xe5aa9b, 0x3acb},
    {0xe5aa9e, 0xe5aa9f, 0x4c54},
    {0xe5aaba, 0xe5aabf, 0x4c5b},
    {0xe5ab81, 0xe5ab82, 0x3ace},
    {0xe5ab95, 0xe5ab97, 0x4c63},
    {0xe5ab99, 0xe5ab9b, 0x4c66},
    {0xe5aba2, 0xe5aba5, 0x4c6b},
    {0xe5abad, 0xe5abaf, 0x4c70},
    {0xe5abba, 0xe5abbb, 0x4c74},
    {0xe5ac8b, 0xe5ac8c, 0x3ad8},
    {0xe5acbe, 0xe5acbf, 0x4c81},
    {0xe5ad90, 0xe5ad91, 0x3ade},
    {0xe5ad94, 0xe5ad95, 0x3ae0},
    {0xe5ad97, 0xe5ad98, 0x3ae2},
    {0xe5ad9c, 0xe5ad9d, 0x3ae5},
    {0xe5ada3, 0xe5ada4, 0x3ae8},
    {0xe5ada5, 0xe5ada6, 0x4c88},
    {0xe5adb0, 0xe5adb1, 0x3aec},
    {0xe5ae81, 0xe5ae82, 0x4c8c},
    {0xe5ae87, 0xe5ae89, 0x3af3},
    {0xe5ae8b, 0xe5ae8c, 0x3af6},
    {0xe5ae95, 0xe5ae9c, 0x3afa},
    {0xe5aea2, 0xe5aea6, 0x3b02},
    {0xe5aeb3, 0xe5aeb6, 0x3b0a},
    {0xe5aeb8, 0xe5aeb9, 0x3b0e},
    {0xe5af82, 0xe5af87, 0x3b12},
    {0xe5af92, 0xe5af94, 0x3b1a},
    {0xe5af9e, 0xe5af9f, 0x3b1e},
    {0xe5afa1, 0xe5afa2, 0x3b20},
    {0xe5afa4, 0xe5afa9, 0x3b22},
    {0xe5afab, 0xe5afac, 0x3b28},
    {0xe5afae, 0xe5afaf, 0x3b2a},
    {0xe5afb5, 0xe5afb6, 0x3b2c},
    {0xe5b085, 0xe5b086, 0x4c97},
    {0xe5b087, 0xe5b08b, 0x3b32},
    {0xe5b08d, 0xe5b08f, 0x3b37},
    {0xe5b09f, 0xe5b0a0, 0x4c9b},
    {0xe5b0b8, 0xe5b0bc, 0x3b40},
    {0xe5b0be, 0xe5b0bf, 0x3b45},
    {0xe5b185, 0xe5b186, 0x3b48},
    {0xe5b18d, 0xe5b18e, 0x3b4c},
    {0xe5b1a4, 0xe5b1a5, 0x3b53},
    {0xe5b290, 0xe5b291, 0x3b59},
    {0xe5b2a5, 0xe5b2a8, 0x4cad},
    {0xe5b2ab, 0xe5b2ac, 0x3b5d},
    {0xe5b2b7, 0xe5b2b8, 0x3b62},
    {0xe5b3af, 0xe5b3b0, 0x3b6a},
    {0xe5b48d, 0xe5b48e, 0x3b71},
    {0xe5b496, 0xe5b497, 0x3b75},
    {0xe5b581, 0xe5b582, 0x4cc3},
    {0xe5b58b, 0xe5b58c, 0x3b7a},
    {0xe5b593, 0xe5b594, 0x4cc7},
    {0xe5b681, 0xe5b682, 0x4cca},
    {0xe5b694, 0xe5b695, 0x4ccf},
    {0xe5b6bc, 0xe5b6bd, 0x3b88},
    {0xe5b79d, 0xe5b79e, 0x3b8d},
    {0xe5b7a1, 0xe5b7a2, 0x3b8f},
    {0xe5b7a5, 0xe5b7a8, 0x3b91},
    {0xe5b7ac, 0xe5b7ad, 0x4cdf},
    {0xe5b7b1, 0xe5b7b4, 0x3b97},
    {0xe5b7b8, 0xe5b7b9, 0x4ce2},
    {0xe5b7bd, 0xe5b7be, 0x3b9c},
    {0xe5b882, 0xe5b883, 0x3b9e},
    {0xe5b984, 0xe5b985, 0x3bb0},
    {0xe5b9a1, 0xe5b9a3, 0x3bb6},
    {0xe5b9aa, 0xe5b9ac, 0x4cf1},
    {0xe5b9b0, 0xe5b9b1, 0x4cf4},
    {0xe5b9b2, 0xe5b9b4, 0x3bb9},
    {0xe5b9b7, 0xe5b9b9, 0x3bbc},
    {0xe5b9bb, 0xe5b9be, 0x3bbf},
    {0xe5baa6, 0xe5baa7, 0x3bcc},
    {0xe5bab5, 0xe5bab8, 0x3bd0},
    {0xe5bb88, 0xe5bb8a, 0x3bd6},
    {0xe5bb9a, 0xe5bb9b, 0x3bdc},
    {0xe5bb9d, 0xe5bb9e, 0x4d07},
    {0xe5bb9f, 0xe5bba0, 0x3bde},
    {0xe5bba2, 0xe5bba3, 0x3be0},
    {0xe5bba4, 0xe5bba5, 0x4d0a},
    {0xe5bba7, 0xe5bba9, 0x4d0c},
    {0xe5bbb6, 0xe5bbb7, 0x3be4},
    {0xe5bbba, 0xe5bbbb, 0x3be6},
    {0xe5bc87, 0xe5bc88, 0x4d12},
    {0xe5bc93, 0xe5bc95, 0x3bed},
    {0xe5bc97, 0xe5bc98, 0x3bf0},
    {0xe5bca6, 0xe5bca7, 0x3bf4},
    {0xe5bd96, 0xe5bd97, 0x3bff},
    {0xe5bda4, 0xe5bda5, 0x4d20},
    {0xe5bda6, 0xe5bda7, 0x3c04},
    {0xe5bda9, 0xe5bdad, 0x3c06},
    {0xe5bdb0, 0xe5bdb1, 0x3c0b},
    {0xe5be80, 0xe5be81, 0x3c11},
    {0xe5be88, 0xe5be89, 0x4d23},
    {0xe5be8a, 0xe5be8c, 0x3c15},
    {0xe5be90, 0xe5be92, 0x3c18},
    {0xe5be97, 0xe5be99, 0x3c1b},
    {0xe5bea0, 0xe5bea1, 0x3c1f},
    {0xe5bea8, 0xe5beaa, 0x3c21},
    {0xe5beac, 0xe5bead, 0x4d28},
    {0xe5bf88, 0xe5bf89, 0x4d2d},
    {0xe5bf8c, 0xe5bf8d, 0x3c2b},
    {0xe5bf92, 0xe5bf93, 0x4d31},
    {0xe5bf96, 0xe5bf99, 0x3c2d},
    {0xe5bf9d, 0xe5bf9f, 0x4d34},
    {0xe5bfad, 0xe5bfaf, 0x4d3a},
    {0xe5bfbb, 0xe5bfbc, 0x4d3f},
    {0xe68094, 0xe68095, 0x4d43},
    {0xe6809c, 0xe6809d, 0x3c39},
    {0xe680a0, 0xe680a1, 0x3c3b},
    {0xe680a7, 0xe680a8, 0x3c3e},
    {0xe68181, 0xe68183, 0x3c42},
    {0xe68186, 0xe68188, 0x4d4d},
    {0xe6819f, 0xe681a0, 0x4d52},
    {0xe681a2, 0xe681a5, 0x3c4b},
    {0xe681a8, 0xe681aa, 0x3c4f},
    {0xe681ac, 0xe681ad, 0x3c52},
    {0xe681af, 0xe681b0, 0x3c54},
    {0xe68283, 0xe68284, 0x4d57},
    {0xe6828a, 0xe6828b, 0x4d5a},
    {0xe6828c, 0xe6828d, 0x3c58},
    {0xe6829a, 0xe6829b, 0x3c5c},
    {0xe6829f, 0xe682a0, 0x3c5e},
    {0xe682a3, 0xe682a4, 0x3c60},
    {0xe682b2, 0xe682b4, 0x3c64},
    {0xe682bc, 0xe682bd, 0x3c69},
    {0xe68397, 0xe68399, 0x4d6c},
    {0xe6839d, 0xe6839e, 0x4d70},
    {0xe6839f, 0xe683a1, 0x3c70},
    {0xe683b0, 0xe683b1, 0x3c73},
    {0xe683b7, 0xe683b8, 0x4d75},
    {0xe683b9, 0xe683bb, 0x3c77},
    {0xe68488, 0xe68489, 0x3c7c},
    {0xe6848d, 0xe6848f, 0x3c7e},
    {0xe6849a, 0xe6849b, 0x3c82},
    {0xe684ab, 0xe684ad, 0x4d80},
    {0xe684be, 0xe684bf, 0x3c8a},
    {0xe68587, 0xe68588, 0x3c8e},
    {0xe6858a, 0xe6858c, 0x3c90},
    {0xe68598, 0xe68599, 0x3c95},
    {0xe685a0, 0xe685a1, 0x4d8a},
    {0xe685a2, 0xe685a4, 0x3c99},
    {0xe685a7, 0xe685a8, 0x3c9c},
    {0xe685b3, 0xe685b5, 0x4d8e},
    {0xe685b6, 0xe685b7, 0x3ca1},
    {0xe685bd, 0xe685be, 0x3ca3},
    {0xe68681, 0xe68682, 0x3ca5},
    {0xe68690, 0xe68691, 0x3ca9},
    {0xe68692, 0xe68693, 0x4d95},
    {0xe68698, 0xe6869a, 0x3cac},
    {0xe686ab, 0xe686ac, 0x3cb2},
    {0xe686bb, 0xe686bd, 0x4d9b},
    {0xe68787, 0xe6878b, 0x3cba},
    {0xe6879e, 0xe6879f, 0x4da3},
    {0xe687b6, 0xe687b8, 0x3cc1},
    {0xe687bd, 0xe687be, 0x4da6},
    {0xe68887, 0xe68888, 0x3cc8},
    {0xe6888c, 0xe6888e, 0x3ccb},
    {0xe68890, 0xe68892, 0x3cce},
    {0xe68894, 0xe68895, 0x4da8},
    {0xe688b0, 0xe688b1, 0x3cd7},
    {0xe688b2, 0xe688b3, 0x4daf},
    {0xe688be, 0xe688bf, 0x3cdb},
    {0xe68980, 0xe68981, 0x3cdd},
    {0xe68987, 0xe68989, 0x3cdf},
    {0xe68991, 0xe68992, 0x4db6},
    {0xe6899b, 0xe6899c, 0x4db9},
    {0xe68a89, 0xe68a8a, 0x3cee},
    {0xe68a91, 0xe68a92, 0x3cf0},
    {0xe68a97, 0xe68a98, 0x3cf3},
    {0xe68abc, 0xe68abd, 0x3cfa},
    {0xe68b84, 0xe68b86, 0x4dcb},
    {0xe68b87, 0xe68b89, 0x3cfd},
    {0xe68b8a, 0xe68b8b, 0x4dce},
    {0xe68b8c, 0xe68b8d, 0x3d00},
    {0xe68b8f, 0xe68b90, 0x3d02},
    {0xe68b92, 0xe68b94, 0x3d04},
    {0xe68b96, 0xe68b99, 0x3d07},
    {0xe68b9b, 0xe68b9c, 0x3d0b},
    {0xe68bac, 0xe68baf, 0x3d0d},
    {0xe68bb5, 0xe68bb6, 0x4dd2},
    {0xe68bbe, 0xe68bbf, 0x3d14},
    {0xe68cba, 0xe68cbb, 0x3d1c},
    {0xe68cbd, 0xe68cbe, 0x3d1e},
    {0xe68d82, 0xe68d84, 0x4ddc},
    {0xe68d8d, 0xe68d8e, 0x4de0},
    {0xe68d8f, 0xe68d90, 0x3d22},
    {0xe68da7, 0xe68da8, 0x3d25},
    {0xe68dba, 0xe68dbb, 0x3d2a},
    {0xe68e88, 0xe68e89, 0x3d2e},
    {0xe68e8e, 0xe68e8f, 0x4ded},
    {0xe68ea0, 0xe68ea2, 0x3d35},
    {0xe68ea7, 0xe68eaa, 0x3d39},
    {0xe68f8f, 0xe68f90, 0x3d40},
    {0xe68f9a, 0xe68f9b, 0x3d43},
    {0xe68f9f, 0xe68fa0, 0x4df6},
    {0xe68fad, 0xe68fae, 0x3d46},
    {0xe68fb6, 0xe68fb7, 0x3d49},
    {0xe69096, 0xe69097, 0x3d4e},
    {0xe690a4, 0xe690a5, 0x4e02},
    {0xe690aa, 0xe690ab, 0x4e05},
    {0xe690ac, 0xe690ad, 0x3d52},
    {0xe690af, 0xe690b0, 0x4e07},
    {0xe691b8, 0xe691ba, 0x3d5a},
    {0xe69291, 0xe69293, 0x3d5e},
    {0xe692a4, 0xe692a5, 0x3d63},
    {0xe692ad, 0xe692ae, 0x3d66},
    {0xe692be, 0xe692bf, 0x4e1b},
    {0xe69384, 0xe69385, 0x3d6c},
    {0xe6938d, 0xe6938e, 0x3d70},
    {0xe693a1, 0xe693a2, 0x3d76},
    {0xe693a5, 0xe693a7, 0x3d78},
    {0xe694aa, 0xe694ac, 0x3d85},
    {0xe694b6, 0xe694b9, 0x3d89},
    {0xe694be, 0xe694bf, 0x3d8e},
    {0xe6958d, 0xe6958f, 0x3d92},
    {0xe69594, 0xe69595, 0x4e33},
    {0xe69596, 0xe69597, 0x3d96},
    {0xe69598, 0xe69599, 0x4e35},
    {0xe695a2, 0xe695a3, 0x3d99},
    {0xe695ac, 0xe695ad, 0x3d9c},
    {0xe695b4, 0xe695b5, 0x3d9f},
    {0xe695b7, 0xe695b8, 0x3da1},
    {0xe69682, 0xe69683, 0x3da4},
    {0xe69690, 0xe69691, 0x3da9},
    {0xe6969b, 0xe6969c, 0x3dad},
    {0xe696a4, 0xe696a5, 0x3db1},
    {0xe696ab, 0xe696ac, 0x3db4},
    {0xe696af, 0xe696b0, 0x3db6},
    {0xe696b1, 0xe696b2, 0x4e3a},
    {0xe696bc, 0xe696bd, 0x3dba},
    {0xe69782, 0xe69784, 0x4e3e},
    {0xe6978b, 0xe6978c, 0x3dbe},
    {0xe697a5, 0xe697a6, 0x3dc5},
    {0xe697a8, 0xe697a9, 0x3dc7},
    {0xe697ac, 0xe697ad, 0x3dc9},
    {0xe697ba, 0xe697bd, 0x3dcd},
    {0xe69882, 0xe69883, 0x4e46},
    {0xe69886, 0xe69887, 0x3dd2},
    {0xe69889, 0xe6988a, 0x3dd4},
    {0xe6988e, 0xe69891, 0x3dd7},
    {0xe69893, 0xe69895, 0x3ddb},
    {0xe6989b, 0xe6989c, 0x4e49},
    {0xe6989e, 0xe698a0, 0x3dde},
    {0xe698a3, 0xe698a4, 0x4e4c},
    {0xe698a7, 0xe698a8, 0x3de2},
    {0xe698af, 0xe698b1, 0x3de5},
    {0xe698ba, 0xe698bb, 0x3dea},
    {0xe69981, 0xe69984, 0x3dec},
    {0xe69990, 0xe69991, 0x4e54},
    {0xe6999d, 0xe6999f, 0x3df5},
    {0xe699a0, 0xe699a2, 0x4e58},
    {0xe699a4, 0xe699a9, 0x3df8},
    {0xe699ac, 0xe699ad, 0x4e5b},
    {0xe699ae, 0xe699af, 0x3dff},
    {0xe699b3, 0xe699b4, 0x3e01},
    {0xe699b6, 0xe699b8, 0x3e03},
    {0xe69a87, 0xe69a89, 0x3e08},
    {0xe69a8b, 0xe69a8c, 0x4e62},
    {0xe69a90, 0xe69a91, 0x3e0c},
    {0xe69a96, 0xe69a98, 0x3e0e},
    {0xe69ab2, 0xe69ab4, 0x3e16},
    {0xe69b80, 0xe69b81, 0x4e6d},
    {0xe69b86, 0xe69b87, 0x3e1d},
    {0xe69b93, 0xe69b94, 0x4e71},
    {0xe69b9a, 0xe69b9b, 0x4e74},
    {0xe69b9c, 0xe69b9d, 0x3e22},
    {0xe69ba8, 0xe69baa, 0x4e78},
    {0xe69bae, 0xe69baf, 0x4e7c},
    {0xe69bb2, 0xe69bb4, 0x3e27},
    {0xe69bb7, 0xe69bba, 0x3e2a},
    {0xe69bbe, 0xe69bbf, 0x3e2f},
    {0xe69c84, 0xe69c85, 0x4e7e},
    {0xe69c88, 0xe69c89, 0x3e33},
    {0xe69c94, 0xe69c95, 0x3e37},
    {0xe69c9d, 0xe69c9f, 0x3e3b},
    {0xe69ca2, 0xe69ca3, 0x4e83},
    {0xe69ca6, 0xe69ca8, 0x3e3e},
    {0xe69caa, 0xe69cae, 0x3e41},
    {0xe69d8b, 0xe69d8c, 0x4e8a},
    {0xe69d8e, 0xe69d91, 0x3e4d},
    {0xe69d9e, 0xe69d9f, 0x3e54},
    {0xe69daf, 0xe69db1, 0x3e57},
    {0xe69dbe, 0xe69dbf, 0x3e5e},
    {0xe69e8f, 0xe69e90, 0x3e63},
    {0xe69e98, 0xe69e99, 0x4e97},
    {0xe69e9c, 0xe69e9d, 0x3e69},
    {0xe69eaf, 0xe69eb0, 0x3e6b},
    {0xe69eb6, 0xe69eb8, 0x3e6e},
    {0xe69f8f, 0xe69f94, 0x3e73},
    {0xe69f96, 0xe69f99, 0x4e9d},
    {0xe69f9e, 0xe69f9f, 0x4ea1},
    {0xe69faf, 0xe69fb1, 0x3e7d},
    {0xe69fb3, 0xe69fb6, 0x3e80},
    {0xe6a083, 0xe6a084, 0x4ea6},
    {0xe6a092, 0xe6a093, 0x3e86},
    {0xe6a096, 0xe6a097, 0x3e88},
    {0xe6a09d, 0xe6a09e, 0x4eaa},
    {0xe6a0a1, 0xe6a0a2, 0x3e8a},
    {0xe6a0b1, 0xe6a0b2, 0x4ead},
    {0xe6a0b8, 0xe6a0b9, 0x3e8e},
    {0xe6a0bc, 0xe6a0bd, 0x3e90},
    {0xe6a180, 0xe6a183, 0x3e92},
    {0xe6a190, 0xe6a191, 0x3e98},
    {0xe6a193, 0xe6a194, 0x3e9a},
    {0xe6a293, 0xe6a294, 0x3ea2},
    {0xe6a2a1, 0xe6a2a2, 0x3ea7},
    {0xe6a2a7, 0xe6a2a8, 0x3ea9},
    {0xe6a2af, 0xe6a2b1, 0x3eac},
    {0xe6a2b5, 0xe6a2b6, 0x3eb0},
    {0xe6a384, 0xe6a385, 0x3eb2},
    {0xe6a397, 0xe6a398, 0x3eb9},
    {0xe6a39f, 0xe6a3a0, 0x3ebc},
    {0xe6a3a7, 0xe6a3a8, 0x3ebe},
    {0xe6a3b9, 0xe6a3ba, 0x3ec2},
    {0xe6a3bb, 0xe6a3bd, 0x4ec3},
    {0xe6a48d, 0xe6a48e, 0x3ec6},
    {0xe6a4b9, 0xe6a4ba, 0x4ecf},
    {0xe6a593, 0xe6a595, 0x3ece},
    {0xe6a599, 0xe6a59a, 0x3ed2},
    {0xe6a5a0, 0xe6a5a3, 0x3ed5},
    {0xe6a5ad, 0xe6a5af, 0x3edb},
    {0xe6a5b7, 0xe6a5b9, 0x3edf},
    {0xe6a68b, 0xe6a68c, 0x4ed9},
    {0xe6a69b, 0xe6a69c, 0x3ee3},
    {0xe6a6b0, 0xe6a6b2, 0x4ee3},
    {0xe6a6be, 0xe6a6bf, 0x4ee9},
    {0xe6a78b, 0xe6a78d, 0x3eec},
    {0xe6a78e, 0xe6a78f, 0x4eee},
    {0xe6a7a5, 0xe6a7a7, 0x4ef3},
    {0xe6a89e, 0xe6a89f, 0x3efb},
    {0xe6a8b8, 0xe6a8ba, 0x3f00},
    {0xe6a989, 0xe6a98a, 0x4f06},
    {0xe6a98c, 0xe6a98d, 0x4f08},
    {0xe6a992, 0xe6a993, 0x3f07},
    {0xe6a998, 0xe6a999, 0x3f09},
    {0xe6a9b4, 0xe6a9b5, 0x4f10},
    {0xe6aa8d, 0xe6aa8e, 0x3f11},
    {0xe6aa9f, 0xe6aaa0, 0x4f19},
    {0xe6aaa2, 0xe6aaa3, 0x3f15},
    {0xe6ab82, 0xe6ab83, 0x3f19},
    {0xe6ab9a, 0xe6ab9b, 0x3f1c},
    {0xe6ab9c, 0xe6ab9f, 0x4f1f},
    {0xe6ac82, 0xe6ac83, 0x4f29},
    {0xe6aca0, 0xe6aca1, 0x3f25},
    {0xe6acb7, 0xe6acb9, 0x4f2f},
    {0xe6acbd, 0xe6acbe, 0x3f2a},
    {0xe6ad86, 0xe6ad87, 0x3f2c},
    {0xe6ad89, 0xe6ad8a, 0x4f35},
    {0xe6ad99, 0xe6ad9b, 0x4f38},
    {0xe6ada1, 0xe6ada6, 0x3f32},
    {0xe6adb7, 0xe6adb8, 0x3f3a},
    {0xe6ae83, 0xe6ae84, 0x3f3e},
    {0xe6ae89, 0xe6ae8a, 0x3f41},
    {0xe6aeae, 0xe6aeaf, 0x3f46},
    {0xe6af85, 0xe6af86, 0x3f4f},
    {0xe6af92, 0xe6af94, 0x3f54},
    {0xe6af96, 0xe6af98, 0x3f57},
    {0xe6afab, 0xe6afac, 0x3f5b},
    {0xe6b0b7, 0xe6b0b8, 0x3f63},
    {0xe6b180, 0xe6b182, 0x3f66},
    {0xe6b192, 0xe6b194, 0x4f59},
    {0xe6b19b, 0xe6b19c, 0x4f5d},
    {0xe6b19d, 0xe6b1a0, 0x3f6e},
    {0xe6b1bd, 0xe6b1be, 0x3f79},
    {0xe6b281, 0xe6b283, 0x3f7b},
    {0xe6b285, 0xe6b288, 0x3f7e},
    {0xe6b292, 0xe6b296, 0x3f84},
    {0xe6b299, 0xe6b29b, 0x3f89},
    {0xe6b2b0, 0xe6b2b1, 0x4f67},
    {0xe6b2b8, 0xe6b2b9, 0x3f8f},
    {0xe6b2bb, 0xe6b2bf, 0x3f91},
    {0xe6b381, 0xe6b382, 0x3f96},
    {0xe6b385, 0xe6b386, 0x4f6a},
    {0xe6b389, 0xe6b38a, 0x3f99},
    {0xe6b390, 0xe6b391, 0x4f6c},
    {0xe6b399, 0xe6b39a, 0x4f6f},
    {0xe6b39c, 0xe6b39d, 0x4f71},
    {0xe6b3a1, 0xe6b3a3, 0x3fa0},
    {0xe6b3ae, 0xe6b3b0, 0x3fa6},
    {0xe6b48b, 0xe6b48c, 0x3faa},
    {0xe6b4a9, 0xe6b4aa, 0x3fb3},
    {0xe6b4ab, 0xe6b4ac, 0x4f7e},
    {0xe6b4b5, 0xe6b4b6, 0x3fb6},
    {0xe6b4b8, 0xe6b4b9, 0x3fb8},
    {0xe6b4bd, 0xe6b4be, 0x3fbb},
    {0xe6b599, 0xe6b59a, 0x3fbe},
    {0xe6b5a4, 0xe6b5a5, 0x4f85},
    {0xe6b5a9, 0xe6b5aa, 0x3fc3},
    {0xe6b5b7, 0xe6b5b9, 0x3fc8},
    {0xe6b687, 0xe6b689, 0x3fcd},
    {0xe6b68c, 0xe6b68e, 0x3fd0},
    {0xe6b696, 0xe6b697, 0x4f8d},
    {0xe6b6aa, 0xe6b6ac, 0x4f8f},
    {0xe6b6b7, 0xe6b6b8, 0x4f93},
    {0xe6b783, 0xe6b787, 0x3fda},
    {0xe6b798, 0xe6b79a, 0x3fe2},
    {0xe6b7a2, 0xe6b7a6, 0x4f9e},
    {0xe6b7aa, 0xe6b7ab, 0x3fe8},
    {0xe6b7b7, 0xe6b7bb, 0x3fee},
    {0xe6b899, 0xe6b89b, 0x3ff4},
    {0xe6b89f, 0xe6b8a1, 0x3ff7},
    {0xe6b8a3, 0xe6b8a6, 0x3ffa},
    {0xe6b8ab, 0xe6b8ad, 0x3ffe},
    {0xe6b8bc, 0xe6b8be, 0x4007},
    {0xe6b983, 0xe6b984, 0x400a},
    {0xe6b993, 0xe6b995, 0x4fb1},
    {0xe6b99b, 0xe6b99c, 0x4010},
    {0xe6b99e, 0xe6b99f, 0x4012},
    {0xe6b9ae, 0xe6b9af, 0x4016},
    {0xe6b9b2, 0xe6b9b3, 0x4018},
    {0xe6ba9c, 0xe6ba9d, 0x401d},
    {0xe6baa7, 0xe6baa8, 0x4fb9},
    {0xe6baaa, 0xe6baab, 0x4022},
    {0xe6bb84, 0xe6bb85, 0x4029},
    {0xe6bb8b, 0xe6bb8c, 0x402c},
    {0xe6bb93, 0xe6bb94, 0x4030},
    {0xe6bbac, 0xe6bbad, 0x4fc3},
    {0xe6bbbe, 0xe6bbbf, 0x4035},
    {0xe6bc81, 0xe6bc82, 0x4037},
    {0xe6bc94, 0xe6bc95, 0x403c},
    {0xe6bc99, 0xe6bc9a, 0x4fcd},
    {0xe6bca2, 0xe6bca3, 0x403f},
    {0xe6bca6, 0xe6bca8, 0x4fd0},
    {0xe6bcab, 0xe6bcac, 0x4041},
    {0xe6bcb1, 0xe6bcb2, 0x4043},
    {0xe6bd97, 0xe6bd98, 0x404a},
    {0xe6bd9a, 0xe6bd9b, 0x404c},
    {0xe6bd9c, 0xe6bd9d, 0x4fdc},
    {0xe6bd9e, 0xe6bd9f, 0x404e},
    {0xe6bdad, 0xe6bdae, 0x4052},
    {0xe6bdbc, 0xe6bdbe, 0x4056},
    {0xe6be86, 0xe6be87, 0x4fe6},
    {0xe6be8b, 0xe6be8c, 0x4fe9},
    {0xe6be8d, 0xe6be8e, 0x405c},
    {0xe6be95, 0xe6be96, 0x4fec},
    {0xe6bea3, 0xe6bea4, 0x4061},
    {0xe6beae, 0xe6beaf, 0x4064},
    {0xe6bf80, 0xe6bf83, 0x406a},
    {0xe6bf86, 0xe6bf87, 0x4ff5},
    {0xe6bf9f, 0xe6bfa1, 0x4071},
    {0xe6bfa5, 0xe6bfa6, 0x4ffc},
    {0xe6bfab, 0xe6bfac, 0x4076},
    {0xe6bfb3, 0xe6bfb4, 0x4fff},
    {0xe78085, 0xe78086, 0x407c},
    {0xe78092, 0xe78093, 0x5004},
    {0xe7809a, 0xe7809f, 0x4084},
    {0xe780a7, 0xe780a8, 0x408b},
    {0xe78190, 0xe78191, 0x4091},
    {0xe781bc, 0xe781bd, 0x4099},
    {0xe78298, 0xe7829a, 0x409f},
    {0xe782ab, 0xe782ad, 0x40a4},
    {0xe782b7, 0xe782b9, 0x40a9},
    {0xe78393, 0xe78394, 0x501d},
    {0xe78398, 0xe78399, 0x40af},
    {0xe78499, 0xe7849a, 0x40b9},
    {0xe784ad, 0xe784af, 0x5026},
    {0xe78589, 0xe7858a, 0x40c1},
    {0xe78592, 0xe78593, 0x502c},
    {0xe785a4, 0xe785a7, 0x40ca},
    {0xe78687, 0xe78688, 0x5035},
    {0xe78689, 0xe7868a, 0x40d3},
    {0xe786a0, 0xe786a1, 0x5038},
    {0xe786a8, 0xe786a9, 0x503b},
    {0xe786b9, 0xe786ba, 0x40dd},
    {0xe78788, 0xe78789, 0x40e2},
    {0xe78794, 0xe78795, 0x40e7},
    {0xe787a5, 0xe787a7, 0x40ea},
    {0xe787ad, 0xe787ae, 0x40ed},
    {0xe787bb, 0xe787bc, 0x40ef},
    {0xe787be, 0xe787bf, 0x40f1},
    {0xe7888b, 0xe7888d, 0x504a},
    {0xe788ac, 0xe788ad, 0x40f8},
    {0xe788b5, 0xe788b6, 0x40fc},
    {0xe788b8, 0xe788b9, 0x5054},
    {0xe788ba, 0xe788bb, 0x40fe},
    {0xe788bd, 0xe788be, 0x4100},
    {0xe78986, 0xe78988, 0x4103},
    {0xe78993, 0xe78994, 0x5058},
    {0xe78998, 0xe78999, 0x4108},
    {0xe789a1, 0xe789a2, 0x410d},
    {0xe78a80, 0xe78a81, 0x4114},
    {0xe78ab3, 0xe78ab5, 0x5066},
    {0xe78bb8, 0xe78bb9, 0x4123},
    {0xe78bba, 0xe78bbb, 0x5070},
    {0xe78bbc, 0xe78bbd, 0x4125},
    {0xe78c97, 0xe78c99, 0x5074},
    {0xe78c9b, 0xe78c9d, 0x4129},
    {0xe78ca7, 0xe78ca8, 0x5079},
    {0xe78ca9, 0xe78cab, 0x412d},
    {0xe78cb6, 0xe78cb7, 0x4130},
    {0xe78cbe, 0xe78cbf, 0x4132},
    {0xe78d84, 0xe78d85, 0x4134},
    {0xe78dab, 0xe78dac, 0x5084},
    {0xe78dba, 0xe78dbb, 0x413f},
    {0xe78e86, 0xe78e87, 0x4142},
    {0xe78e96, 0xe78e98, 0x4148},
    {0xe78eaa, 0xe78eab, 0x5090},
    {0xe78eb2, 0xe78eb3, 0x414f},
    {0xe78ebb, 0xe78ebd, 0x5094},
    {0xe78f89, 0xe78f8a, 0x4154},
    {0xe78f8c, 0xe78f8d, 0x4156},
    {0xe78f97, 0xe78f98, 0x509b},
    {0xe78f9d, 0xe78f9e, 0x415b},
    {0xe78fa3, 0xe78fa6, 0x415e},
    {0xe78fa9, 0xe78faa, 0x4162},
    {0xe78fbd, 0xe78fbe, 0x4167},
    {0xe79085, 0xe79087, 0x416b},
    {0xe79097, 0xe79098, 0x50a3},
    {0xe790a0, 0xe790a2, 0x4171},
    {0xe790a5, 0xe790a6, 0x4174},
    {0xe790aa, 0xe790ac, 0x4177},
    {0xe790ae, 0xe790b0, 0x417a},
    {0xe790b1, 0xe790b2, 0x50a8},
    {0xe790b3, 0xe790b6, 0x417d},
    {0xe79180, 0xe79181, 0x4184},
    {0xe79183, 0xe79184, 0x4186},
    {0xe79185, 0xe79186, 0x50ab},
    {0xe79188, 0xe79189, 0x50ad},
    {0xe79199, 0xe7919c, 0x418b},
    {0xe7919e, 0xe791a0, 0x418f},
    {0xe791a4, 0xe791a5, 0x4193},
    {0xe791a8, 0xe791aa, 0x4195},
    {0xe791ad, 0xe791ae, 0x50b3},
    {0xe791b0, 0xe791b3, 0x50b5},
    {0xe79282, 0xe79283, 0x419a},
    {0xe79284, 0xe79286, 0x50bb},
    {0xe7929e, 0xe7929f, 0x41a1},
    {0xe792a7, 0xe792a8, 0x41a6},
    {0xe793a2, 0xe793a3, 0x41b7},
    {0xe793b2, 0xe793b3, 0x50cd},
    {0xe7948c, 0xe7948e, 0x50d0},
    {0xe7949a, 0xe7949b, 0x41c1},
    {0xe794a5, 0xe794a6, 0x41c5},
    {0xe794ab, 0xe794ac, 0x41c8},
    {0xe794b0, 0xe794b3, 0x41ca},
    {0xe794b7, 0xe794b8, 0x41ce},
    {0xe7958a, 0xe7958b, 0x50db},
    {0xe79593, 0xe79594, 0x41d5},
    {0xe7959b, 0xe7959d, 0x41d8},
    {0xe795a5, 0xe795a6, 0x41dc},
    {0xe795af, 0xe795b0, 0x41df},
    {0xe795b5, 0xe795b6, 0x41e1},
    {0xe79686, 0xe79687, 0x41e6},
    {0xe7968a, 0xe7968b, 0x41e8},
    {0xe7968e, 0xe7968f, 0x41ea},
    {0xe79699, 0xe7969a, 0x50e5},
    {0xe796b1, 0xe796b3, 0x41f0},
    {0xe796b8, 0xe796b9, 0x41f4},
    {0xe796bc, 0xe796be, 0x41f6},
    {0xe79794, 0xe79795, 0x41fe},
    {0xe79798, 0xe79799, 0x4200},
    {0xe797a3, 0xe797a4, 0x50f0},
    {0xe79887, 0xe79889, 0x50f7},
    {0xe7989f, 0xe798a2, 0x420c},
    {0xe798af, 0xe798b1, 0x50fe},
    {0xe798b3, 0xe798b4, 0x5101},
    {0xe79986, 0xe79989, 0x5104},
    {0xe799a7, 0xe799a8, 0x510d},
    {0xe799ad, 0xe799af, 0x510f},
    {0xe799bb, 0xe799be, 0x421f},
    {0xe79a80, 0xe79a81, 0x5113},
    {0xe79a86, 0xe79a87, 0x4224},
    {0xe79a96, 0xe79a97, 0x5118},
    {0xe79a9a, 0xe79a9c, 0x511a},
    {0xe79b82, 0xe79b83, 0x422c},
    {0xe79b8c, 0xe79b8e, 0x5123},
    {0xe79b93, 0xe79b94, 0x5126},
    {0xe79b9b, 0xe79b9c, 0x4233},
    {0xe79b9e, 0xe79b9f, 0x4235},
    {0xe79ba3, 0xe79ba4, 0x4238},
    {0xe79c88, 0xe79c89, 0x4243},
    {0xe79c9a, 0xe79c9b, 0x5136},
    {0xe79ca5, 0xe79ca6, 0x5139},
    {0xe79cb7, 0xe79cb8, 0x4249},
    {0xe79d86, 0xe79d87, 0x5141},
    {0xe79d9f, 0xe79da0, 0x5145},
    {0xe79dbe, 0xe79dbf, 0x4255},
    {0xe79e8d, 0xe79e8e, 0x514d},
    {0xe79eac, 0xe79ead, 0x425b},
    {0xe79ebb, 0xe79ebc, 0x425f},
    {0xe79f99, 0xe79f9a, 0x515a},
    {0xe79f9b, 0xe79f9c, 0x4263},
    {0xe79fa2, 0xe79fa3, 0x4265},
    {0xe79fad, 0xe79faf, 0x4269},
    {0xe79fba, 0xe79fbd, 0x5161},
    {0xe7a0a5, 0xe7a0a7, 0x426f},
    {0xe7a19b, 0xe7a19c, 0x516d},
    {0xe7a1a7, 0xe7a1a8, 0x5170},
    {0xe7a1ab, 0xe7a1ac, 0x4278},
    {0xe7a28c, 0xe7a28e, 0x427e},
    {0xe7a2ac, 0xe7a2ad, 0x517b},
    {0xe7a2ba, 0xe7a2bc, 0x4286},
    {0xe7a38a, 0xe7a38b, 0x428b},
    {0xe7a394, 0xe7a395, 0x5181},
    {0xe7a3bc, 0xe7a3bd, 0x518b},
    {0xe7a491, 0xe7a492, 0x518f},
    {0xe7a4aa, 0xe7a4ac, 0x4297},
    {0xe7a580, 0xe7a581, 0x429c},
    {0xe7a584, 0xe7a586, 0x5196},
    {0xe7a587, 0xe7a589, 0x429e},
    {0xe7a593, 0xe7a595, 0x519a},
    {0xe7a596, 0xe7a597, 0x42a2},
    {0xe7a59a, 0xe7a59e, 0x42a4},
    {0xe7a68a, 0xe7a68b, 0x51a4},
    {0xe7a68d, 0xe7a68f, 0x42b0},
    {0xe7a6a6, 0xe7a6a7, 0x42b4},
    {0xe7a6ba, 0xe7a6bc, 0x51ad},
    {0xe7a6bd, 0xe7a6bf, 0x42bb},
    {0xe7a780, 0xe7a781, 0x42be},
    {0xe7a789, 0xe7a78b, 0x42c0},
    {0xe7a791, 0xe7a792, 0x42c3},
    {0xe7a7a2, 0xe7a7a3, 0x51b3},
    {0xe7a7a6, 0xe7a7a7, 0x42c9},
    {0xe7a7aa, 0xe7a7ac, 0x51b5},
    {0xe7a881, 0xe7a882, 0x51ba},
    {0xe7a899, 0xe7a89a, 0x42d4},
    {0xe7a89f, 0xe7a8a0, 0x42d7},
    {0xe7a8b6, 0xe7a8b7, 0x42db},
    {0xe7a8bb, 0xe7a8bd, 0x42dd},
    {0xe7a98d, 0xe7a98e, 0x42e4},
    {0xe7a9a1, 0xe7a9a2, 0x42e7},
    {0xe7a9b9, 0xe7a9ba, 0x42ee},
    {0xe7aa82, 0xe7aa83, 0x51cf},
    {0xe7aa85, 0xe7aa86, 0x51d1},
    {0xe7aa92, 0xe7aa93, 0x42f5},
    {0xe7aa96, 0xe7aa97, 0x51d4},
    {0xe7aaa9, 0xe7aaaa, 0x42fa},
    {0xe7aaae, 0xe7aaaf, 0x42fc},
    {0xe7aabe, 0xe7aabf, 0x51df},
    {0xe7ab84, 0xe7ab85, 0x42ff},
    {0xe7ab8a, 0xe7ab8b, 0x4302},
    {0xe7ab9f, 0xe7aba0, 0x4307},
    {0xe7abb9, 0xe7abba, 0x430f},
    {0xe7aca7, 0xe7aca8, 0x51f0},
    {0xe7acac, 0xe7acad, 0x4319},
    {0xe7ad8b, 0xe7ad8d, 0x431e},
    {0xe7ad8f, 0xe7ad92, 0x4321},
    {0xe7ada5, 0xe7ada7, 0x51f9},
    {0xe7ae8d, 0xe7ae8e, 0x51ff},
    {0xe7ae94, 0xe7ae95, 0x432f},
    {0xe7af80, 0xe7af81, 0x4339},
    {0xe7af86, 0xe7af87, 0x433c},
    {0xe7af8a, 0xe7af8c, 0x5206},
    {0xe7b09f, 0xe7b0a0, 0x5217},
    {0xe7b0aa, 0xe7b0ab, 0x4348},
    {0xe7b0b7, 0xe7b0b8, 0x5219},
    {0xe7b0bd, 0xe7b0bf, 0x434a},
    {0xe7b18c, 0xe7b18d, 0x434e},
    {0xe7b19b, 0xe7b19c, 0x521e},
    {0xe7b297, 0xe7b298, 0x4358},
    {0xe7b2b1, 0xe7b2b3, 0x435e},
    {0xe7b2bc, 0xe7b2bd, 0x522c},
    {0xe7b385, 0xe7b386, 0x522e},
    {0xe7b399, 0xe7b39a, 0x5232},
    {0xe7b39c, 0xe7b39d, 0x5234},
    {0xe7b39e, 0xe7b3a0, 0x4365},
    {0xe7b3b1, 0xe7b3b2, 0x5239},
    {0xe7b3b4, 0xe7b3b6, 0x523b},
    {0xe7b484, 0xe7b488, 0x436d},
    {0xe7b48a, 0xe7b48b, 0x4372},
    {0xe7b497, 0xe7b49b, 0x4377},
    {0xe7b4a0, 0xe7b4a2, 0x437c},
    {0xe7b4ab, 0xe7b4ac, 0x437f},
    {0xe7b4ae, 0xe7b4b0, 0x4381},
    {0xe7b4b1, 0xe7b4b2, 0x5244},
    {0xe7b4b9, 0xe7b4ba, 0x4386},
    {0xe7b582, 0xe7b586, 0x4388},
    {0xe7b595, 0xe7b596, 0x524b},
    {0xe7b59b, 0xe7b59c, 0x524e},
    {0xe7b5a1, 0xe7b5a2, 0x438f},
    {0xe7b5b1, 0xe7b5b3, 0x4395},
    {0xe7b68e, 0xe7b68f, 0x439b},
    {0xe7b6a5, 0xe7b6a7, 0x5259},
    {0xe7b6ac, 0xe7b6ad, 0x43a1},
    {0xe7b6b1, 0xe7b6b2, 0x43a3},
    {0xe7b6b4, 0xe7b6b5, 0x43a5},
    {0xe7b6ba, 0xe7b6bb, 0x43a8},
    {0xe7b6bd, 0xe7b6bf, 0x43aa},
    {0xe7b78a, 0xe7b78b, 0x43ae},
    {0xe7b78c, 0xe7b78d, 0x5261},
    {0xe7b79d, 0xe7b79e, 0x43b3},
    {0xe7b7a0, 0xe7b7a1, 0x43b5},
    {0xe7b7a8, 0xe7b7a9, 0x43b8},
    {0xe7b887, 0xe7b888, 0x526a},
    {0xe7b889, 0xe7b88a, 0x43be},
    {0xe7b890, 0xe7b891, 0x526d},
    {0xe7b897, 0xe7b898, 0x526f},
    {0xe7b89d, 0xe7b89f, 0x43c2},
    {0xe7b8ae, 0xe7b8af, 0x43c8},
    {0xe7b8b2, 0xe7b8b3, 0x5273},
    {0xe7b8bd, 0xe7b8be, 0x43cc},
    {0xe7b984, 0xe7b985, 0x5278},
    {0xe7b986, 0xe7b987, 0x43d0},
    {0xe7b994, 0xe7b995, 0x43d3},
    {0xe7b996, 0xe7b997, 0x527c},
    {0xe7b999, 0xe7b99a, 0x527e},
    {0xe7b9a9, 0xe7b9ab, 0x43d7},
    {0xe7b9bd, 0xe7b9be, 0x5283},
    {0xe7ba87, 0xe7ba88, 0x5286},
    {0xe7ba9b, 0xe7ba9c, 0x43e4},
    {0xe7bcbe, 0xe7bcbf, 0x528c},
    {0xe7bd83, 0xe7bd85, 0x528e},
    {0xe7bd8d, 0xe7bd8e, 0x5293},
    {0xe7bd94, 0xe7bd95, 0x43eb},
    {0xe7bd9f, 0xe7bda1, 0x5298},
    {0xe7bdaa, 0xe7bdab, 0x43ed},
    {0xe7bdbc, 0xe7bdbe, 0x529f},
    {0xe7be86, 0xe7be87, 0x52a3},
    {0xe7be96, 0xe7be98, 0x52a5},
    {0xe7bea8, 0xe7bea9, 0x43fe},
    {0xe7beb8, 0xe7beb9, 0x4401},
    {0xe7bf94, 0xe7bf95, 0x440a},
    {0xe7bf9f, 0xe7bfa1, 0x440c},
    {0xe7bfa3, 0xe7bfa4, 0x52b0},
    {0xe7bfba, 0xe7bfbb, 0x52b6},
    {0xe88080, 0xe88081, 0x4414},
    {0xe88085, 0xe88086, 0x4417},
    {0xe88087, 0xe88088, 0x52ba},
    {0xe88091, 0xe88092, 0x52bc},
    {0xe88097, 0xe88098, 0x441d},
    {0xe881af, 0xe881b0, 0x442b},
    {0xe881b2, 0xe881b3, 0x442d},
    {0xe881b5, 0xe881b6, 0x52cc},
    {0xe881bd, 0xe881bf, 0x4430},
    {0xe88284, 0xe88287, 0x4433},
    {0xe8828b, 0xe8828c, 0x4438},
    {0xe882a1, 0xe882a2, 0x443d},
    {0xe882a9, 0xe882aa, 0x4440},
    {0xe882b1, 0xe882b2, 0x4443},
    {0xe88383, 0xe88384, 0x4447},
    {0xe88395, 0xe88396, 0x52d7},
    {0xe8839a, 0xe8839b, 0x444b},
    {0xe883a4, 0xe883a5, 0x444f},
    {0xe88485, 0xe88488, 0x4456},
    {0xe88496, 0xe88497, 0x52e0},
    {0xe8849a, 0xe8849b, 0x445c},
    {0xe88590, 0xe88591, 0x4466},
    {0xe88592, 0xe88593, 0x52e9},
    {0xe88594, 0xe88595, 0x4468},
    {0xe885a5, 0xe885a6, 0x446a},
    {0xe885b0, 0xe885b1, 0x446d},
    {0xe885b6, 0xe885b7, 0x52ef},
    {0xe885b8, 0xe885ba, 0x446f},
    {0xe88682, 0xe88684, 0x52f1},
    {0xe8869c, 0xe8869d, 0x4478},
    {0xe886b8, 0xe886b9, 0x52fa},
    {0xe886bd, 0xe886bf, 0x4480},
    {0xe88799, 0xe8879a, 0x52ff},
    {0xe887a7, 0xe887a8, 0x448b},
    {0xe887b3, 0xe887b4, 0x448f},
    {0xe887ba, 0xe887bc, 0x4491},
    {0xe88881, 0xe88883, 0x5305},
    {0xe88887, 0xe88888, 0x4496},
    {0xe8888c, 0xe8888d, 0x4499},
    {0xe8889b, 0xe8889c, 0x449c},
    {0xe8889e, 0xe8889f, 0x449e},
    {0xe888aa, 0xe888ac, 0x44a1},
    {0xe888b5, 0xe888b7, 0x44a4},
    {0xe889aa, 0xe889ab, 0x5314},
    {0xe889ae, 0xe889af, 0x44ae},
    {0xe889b1, 0xe889b2, 0x44b0},
    {0xe88a8d, 0xe88a8e, 0x44b6},
    {0xe88a99, 0xe88a9a, 0x44b9},
    {0xe88aa1, 0xe88aa3, 0x531d},
    {0xe88aa5, 0xe88aa6, 0x44bd},
    {0xe88aa7, 0xe88aa8, 0x5320},
    {0xe88aaa, 0xe88aab, 0x5322},
    {0xe88aac, 0xe88aaf, 0x44c0},
    {0xe88ab7, 0xe88ab9, 0x44c6},
    {0xe88abb, 0xe88abd, 0x44c9},
    {0xe88b91, 0xe88b92, 0x44cd},
    {0xe88b94, 0xe88b95, 0x44cf},
    {0xe88b9e, 0xe88b9f, 0x44d3},
    {0xe88ba5, 0xe88ba7, 0x44d6},
    {0xe88bb3, 0xe88bb4, 0x532d},
    {0xe88bb9, 0xe88bbb, 0x532f},
    {0xe88bbd, 0xe88bbe, 0x44da},
    {0xe88c81, 0xe88c85, 0x44dc},
    {0xe88c9b, 0xe88c9d, 0x5335},
    {0xe88ca3, 0xe88ca5, 0x5338},
    {0xe88cb2, 0xe88cb3, 0x533c},
    {0xe88cb4, 0xe88cb6, 0x44e7},
    {0xe88cb8, 0xe88cb9, 0x44ea},
    {0xe88d89, 0xe88d8a, 0x44ee},
    {0xe88d91, 0xe88d92, 0x44f1},
    {0xe88e89, 0xe88e8a, 0x44f6},
    {0xe88e92, 0xe88e93, 0x5345},
    {0xe88e9a, 0xe88e9b, 0x5347},
    {0xe88e9f, 0xe88ea0, 0x534a},
    {0xe88ea9, 0xe88eab, 0x44fd},
    {0xe88ebe, 0xe88ebf, 0x534e},
    {0xe88f89, 0xe88f8a, 0x4503},
    {0xe88f9f, 0xe88fa1, 0x5355},
    {0xe88faf, 0xe88fb2, 0x450b},
    {0xe89083, 0xe89084, 0x4512},
    {0xe89086, 0xe89087, 0x535a},
    {0xe8908c, 0xe8908e, 0x4515},
    {0xe891a9, 0xe891aa, 0x5364},
    {0xe891ab, 0xe891ac, 0x4523},
    {0xe891b0, 0xe891b1, 0x5367},
    {0xe892b9, 0xe892ba, 0x5373},
    {0xe892bb, 0xe892bc, 0x452f},
    {0xe8938f, 0xe89390, 0x5378},
    {0xe89493, 0xe89494, 0x4540},
    {0xe89497, 0xe89498, 0x4542},
    {0xe894ac, 0xe894ad, 0x4549},
    {0xe8958a, 0xe8958b, 0x538a},
    {0xe89595, 0xe89598, 0x538c},
    {0xe895a8, 0xe895aa, 0x4555},
    {0xe89689, 0xe8968a, 0x5399},
    {0xe896a4, 0xe896a5, 0x539f},
    {0xe896a8, 0xe896aa, 0x4560},
    {0xe896af, 0xe896b0, 0x4563},
    {0xe8978d, 0xe8978f, 0x4568},
    {0xe8979c, 0xe8979d, 0x456c},
    {0xe897a4, 0xe897a5, 0x456e},
    {0xe897a9, 0xe897aa, 0x4570},
    {0xe897ba, 0xe897bb, 0x4573},
    {0xe89886, 0xe89887, 0x4577},
    {0xe89896, 0xe89897, 0x457a},
    {0xe898a9, 0xe898aa, 0x53ad},
    {0xe89994, 0xe89995, 0x4581},
    {0xe8999b, 0xe8999c, 0x4583},
    {0xe8999e, 0xe8999f, 0x4585},
    {0xe899ab, 0xe899ac, 0x53b4},
    {0xe899ba, 0xe899bb, 0x53b9},
    {0xe89aa3, 0xe89aa4, 0x458c},
    {0xe89aaf, 0xe89ab1, 0x53c0},
    {0xe89b85, 0xe89b86, 0x53c5},
    {0xe89bb8, 0xe89bb9, 0x53cc},
    {0xe89c82, 0xe89c83, 0x4599},
    {0xe89c89, 0xe89c8b, 0x53d0},
    {0xe89ca8, 0xe89ca9, 0x53d7},
    {0xe89cb4, 0xe89cb5, 0x53d9},
    {0xe89cba, 0xe89cbb, 0x53dc},
    {0xe89da4, 0xe89da5, 0x53e3},
    {0xe89f8a, 0xe89f8b, 0x53f2},
    {0xe89f9a, 0xe89f9b, 0x53f5},
    {0xe8a0a2, 0xe8a0a3, 0x45b8},
    {0xe8a18c, 0xe8a18d, 0x45bf},
    {0xe8a192, 0xe8a193, 0x45c1},
    {0xe8a1a1, 0xe8a1a3, 0x45c7},
    {0xe8a1be, 0xe8a1bf, 0x45cf},
    {0xe8a281, 0xe8a282, 0x45d1},
    {0xe8a296, 0xe8a297, 0x45d7},
    {0xe8a381, 0xe8a382, 0x45dc},
    {0xe8a394, 0xe8a395, 0x45df},
    {0xe8a39c, 0xe8a39d, 0x45e2},
    {0xe8a3b3, 0xe8a3b5, 0x45e7},
    {0xe8a492, 0xe8a493, 0x45ee},
    {0xe8a498, 0xe8a499, 0x45f0},
    {0xe8a4af, 0xe8a4b0, 0x541b},
    {0xe8a686, 0xe8a687, 0x4600},
    {0xe8a688, 0xe8a689, 0x5429},
    {0xe8a697, 0xe8a698, 0x542b},
    {0xe8a6a9, 0xe8a6aa, 0x4607},
    {0xe8a6b6, 0xe8a6b7, 0x5431},
    {0xe8a796, 0xe8a797, 0x5435},
    {0xe8a79c, 0xe8a79d, 0x5438},
    {0xe8a7b0, 0xe8a7b1, 0x543b},
    {0xe8a882, 0xe8a883, 0x4612},
    {0xe8a890, 0xe8a891, 0x5440},
    {0xe8a894, 0xe8a895, 0x5442},
    {0xe8a896, 0xe8a898, 0x4619},
    {0xe8a8ba, 0xe8a8bb, 0x4626},
    {0xe8a994, 0xe8a995, 0x4629},
    {0xe8a996, 0xe8a998, 0x544b},
    {0xe8a9a2, 0xe8a9a3, 0x462e},
    {0xe8a9ab, 0xe8a9ac, 0x544f},
    {0xe8a9ad, 0xe8a9ae, 0x4632},
    {0xe8a9b0, 0xe8a9b3, 0x4634},
    {0xe8aa8c, 0xe8aa8d, 0x463c},
    {0xe8aaa0, 0xe8aaa1, 0x4642},
    {0xe8aaa3, 0xe8aaa6, 0x4644},
    {0xe8aabe, 0xe8aabf, 0x464e},
    {0xe8ab9b, 0xe8ab9c, 0x4658},
    {0xe8ab9d, 0xe8aba0, 0x545b},
    {0xe8aba6, 0xe8aba7, 0x465b},
    {0xe8abaa, 0xe8abab, 0x465d},
    {0xe8abad, 0xe8abae, 0x465f},
    {0xe8abb2, 0xe8abb4, 0x5461},
    {0xe8abb6, 0xe8abb8, 0x4662},
    {0xe8ac80, 0xe8ac82, 0x4667},
    {0xe8ac96, 0xe8ac97, 0x466e},
    {0xe8ac99, 0xe8ac9b, 0x4670},
    {0xe8acab, 0xe8acac, 0x4676},
    {0xe8ad8e, 0xe8ad8f, 0x467c},
    {0xe8ad93, 0xe8ad94, 0x5471},
    {0xe8ad9e, 0xe8ad9f, 0x5475},
    {0xe8adaf, 0xe8adb0, 0x4683},
    {0xe8ae92, 0xe8ae93, 0x468b},
    {0xe8b1aa, 0xe8b1ab, 0x4699},
    {0xe8b1b9, 0xe8b1ba, 0x469b},
    {0xe8b293, 0xe8b294, 0x548c},
    {0xe8b29d, 0xe8b29e, 0x46a0},
    {0xe8b2a0, 0xe8b2a2, 0x46a2},
    {0xe8b2a7, 0xe8b2ac, 0x46a5},
    {0xe8b2af, 0xe8b2b0, 0x46ab},
    {0xe8b2b3, 0xe8b2b4, 0x46ad},
    {0xe8b2b6, 0xe8b2b8, 0x46af},
    {0xe8b2b9, 0xe8b2ba, 0x5491},
    {0xe8b2bb, 0xe8b2bd, 0x46b2},
    {0xe8b380, 0xe8b384, 0x46b6},
    {0xe8b387, 0xe8b388, 0x46bb},
    {0xe8b3a2, 0xe8b3a4, 0x46c4},
    {0xe8b3b0, 0xe8b3b1, 0x5499},
    {0xe8b3bb, 0xe8b3bd, 0x46cb},
    {0xe8b484, 0xe8b485, 0x46ce},
    {0xe8b487, 0xe8b488, 0x46d0},
    {0xe8b48f, 0xe8b490, 0x549d},
    {0xe8b5ad, 0xe8b5ae, 0x54a2},
    {0xe8b5b3, 0xe8b5b4, 0x46da},
    {0xe8b78b, 0xe8b78c, 0x46e6},
    {0xe8b795, 0xe8b797, 0x54ad},
    {0xe8b7aa, 0xe8b7ad, 0x54b1},
    {0xe8b888, 0xe8b889, 0x54b8},
    {0xe8b88f, 0xe8b890, 0x46f1},
    {0xe8b987, 0xe8b98a, 0x46f9},
    {0xe8b99f, 0xe8b9a0, 0x46fe},
    {0xe8b9a3, 0xe8b9a4, 0x54c6},
    {0xe8ba90, 0xe8ba91, 0x54cd},
    {0xe8ba93, 0xe8ba94, 0x54cf},
    {0xe8baaa, 0xe8baac, 0x4706},
    {0xe8bb8a, 0xe8bb8d, 0x470a},
    {0xe8bbb9, 0xe8bbba, 0x54db},
    {0xe8bc87, 0xe8bc88, 0x54de},
    {0xe8bc92, 0xe8bc95, 0x4717},
    {0xe8bc9b, 0xe8bc9f, 0x471b},
    {0xe8bca6, 0xe8bca7, 0x4720},
    {0xe8bca9, 0xe8bcaa, 0x4722},
    {0xe8bcb8, 0xe8bcb9, 0x4726},
    {0xe8bcbe, 0xe8bcbf, 0x4729},
    {0xe8bd84, 0xe8bd85, 0x472b},
    {0xe8bd8d, 0xe8bd8e, 0x472e},
    {0xe8bd97, 0xe8bd98, 0x54e8},
    {0xe8bda3, 0xe8bda4, 0x54ec},
    {0xe8be9b, 0xe8be9c, 0x4733},
    {0xe8beaf, 0xe8beb2, 0x4739},
    {0xe8bf83, 0xe8bf84, 0x54f4},
    {0xe8bfa4, 0xe8bfa5, 0x54fa},
    {0xe8bfaa, 0xe8bfab, 0x4743},
    {0xe98080, 0xe98083, 0x474b},
    {0xe98085, 0xe98086, 0x474f},
    {0xe9808f, 0xe98091, 0x4754},
    {0xe98094, 0xe98095, 0x4757},
    {0xe98099, 0xe9809a, 0x475a},
    {0xe9809d, 0xe980a3, 0x475c},
    {0xe980b1, 0xe980b2, 0x4764},
    {0xe98181, 0xe98182, 0x476a},
    {0xe9818a, 0xe9818b, 0x476d},
    {0xe9818d, 0xe9818e, 0x476f},
    {0xe98190, 0xe98191, 0x4771},
    {0xe98193, 0xe98195, 0x4773},
    {0xe9819c, 0xe9819e, 0x4777},
    {0xe981a0, 0xe981a1, 0x477a},
    {0xe981ad, 0xe981af, 0x477e},
    {0xe981b7, 0xe981b8, 0x4783},
    {0xe981bc, 0xe981bd, 0x4786},
    {0xe98280, 0xe98284, 0x4789},
    {0xe98287, 0xe98288, 0x478e},
    {0xe9828c, 0xe9828d, 0x5514},
    {0xe98297, 0xe98298, 0x5517},
    {0xe982a2, 0xe982a3, 0x4795},
    {0xe982af, 0xe982b1, 0x479a},
    {0xe982bd, 0xe982be, 0x551b},
    {0xe98383, 0xe98385, 0x551d},
    {0xe9839c, 0xe9839d, 0x5521},
    {0xe983aa, 0xe983ab, 0x5524},
    {0xe983b3, 0xe983b4, 0x5527},
    {0xe98496, 0xe98497, 0x5529},
    {0xe984a2, 0xe984a3, 0x552c},
    {0xe984b0, 0xe984b1, 0x552e},
    {0xe98589, 0xe9858e, 0x47ae},
    {0xe98596, 0xe98597, 0x5533},
    {0xe985a3, 0xe985a5, 0x5535},
    {0xe985a9, 0xe985aa, 0x47b6},
    {0xe985b7, 0xe985b8, 0x47ba},
    {0xe986ab, 0xe986ac, 0x47c2},
    {0xe986ae, 0xe986af, 0x47c4},
    {0xe986b4, 0xe986b5, 0x47c7},
    {0xe98785, 0xe98786, 0x5545},
    {0xe9878b, 0xe98791, 0x47cc},
    {0xe98797, 0xe98798, 0x47d3},
    {0xe9879c, 0xe9879d, 0x47d5},
    {0xe987a4, 0xe987a6, 0x5547},
    {0xe98890, 0xe98892, 0x47dc},
    {0xe98894, 0xe98895, 0x554e},
    {0xe988b7, 0xe988b8, 0x5555},
    {0xe9898d, 0xe98992, 0x555a},
    {0xe989a4, 0xe989a6, 0x47eb},
    {0xe989b7, 0xe989b8, 0x5560},
    {0xe98a99, 0xe98a9b, 0x5566},
    {0xe98ab6, 0xe98ab7, 0x47f7},
    {0xe98bb9, 0xe98bba, 0x5571},
    {0xe98bbd, 0xe98bbe, 0x5573},
    {0xe98c9e, 0xe98ca2, 0x4805},
    {0xe98cae, 0xe98caf, 0x480e},
    {0xe98d8a, 0xe98d8b, 0x4811},
    {0xe98d9c, 0xe98d9d, 0x5581},
    {0xe98da4, 0xe98da5, 0x5583},
    {0xe98dab, 0xe98dac, 0x5585},
    {0xe98e9f, 0xe98ea1, 0x558b},
    {0xe98eac, 0xe98ead, 0x4820},
    {0xe98f87, 0xe98f88, 0x5590},
    {0xe98f8a, 0xe98f8c, 0x5592},
    {0xe98f96, 0xe98f98, 0x5595},
    {0xe98f9c, 0xe98f9d, 0x5598},
    {0xe98fb8, 0xe98fb9, 0x559e},
    {0xe9908f, 0xe99090, 0x55a2},
    {0xe99093, 0xe99094, 0x55a4},
    {0xe99191, 0xe99192, 0x4830},
    {0xe991a2, 0xe991a3, 0x55b0},
    {0xe991aa, 0xe991ab, 0x55b2},
    {0xe991b0, 0xe991b2, 0x55b4},
    {0xe99691, 0xe99694, 0x483b},
    {0xe9969f, 0xe996a0, 0x55bf},
    {0xe996a3, 0xe996a5, 0x4840},
    {0xe996a9, 0xe996ac, 0x55c1},
    {0xe996bb, 0xe996bc, 0x4846},
    {0xe996bd, 0xe996be, 0x55c7},
    {0xe9978b, 0xe9978d, 0x55cb},
    {0xe99794, 0xe99796, 0x484a},
    {0xe997a1, 0xe997a2, 0x484e},
    {0xe998a7, 0xe998a9, 0x55d5},
    {0xe9998b, 0xe9998d, 0x485a},
    {0xe9999b, 0xe9999f, 0x485e},
    {0xe999a2, 0xe999a4, 0x4863},
    {0xe999b5, 0xe999b8, 0x4869},
    {0xe99a85, 0xe99a86, 0x486e},
    {0xe99a8a, 0xe99a8b, 0x4870},
    {0xe99a8d, 0xe99a8e, 0x4872},
    {0xe99a94, 0xe99a95, 0x4874},
    {0xe99a98, 0xe99a99, 0x4876},
    {0xe99a9b, 0xe99a9c, 0x4878},
    {0xe99aa7, 0xe99aa8, 0x487b},
    {0xe99ab3, 0xe99ab4, 0x55e8},
    {0xe99ab8, 0xe99ab9, 0x55eb},
    {0xe99b80, 0xe99b81, 0x4881},
    {0xe99b84, 0xe99b87, 0x4883},
    {0xe99b8b, 0xe99b8e, 0x4888},
    {0xe99b95, 0xe99b96, 0x488c},
    {0xe99b9b, 0xe99b9c, 0x488f},
    {0xe99b9d, 0xe99b9e, 0x55ef},
    {0xe99ba2, 0xe99ba3, 0x4891},
    {0xe99ba8, 0xe99baa, 0x4893},
    {0xe99baf, 0xe99bb0, 0x4896},
    {0xe99bb6, 0xe99bb7, 0x4899},
    {0xe99c84, 0xe99c85, 0x55f2},
    {0xe99c86, 0xe99c87, 0x489e},
    {0xe99c88, 0xe99c89, 0x55f4},
    {0xe99c8c, 0xe99c8f, 0x55f6},
    {0xe99d98, 0xe99d9b, 0x5604},
    {0xe99da1, 0xe99da2, 0x48b2},
    {0xe99e80, 0xe99e81, 0x560f},
    {0xe99e84, 0xe99e85, 0x5611},
    {0xe99eb0, 0xe99eb1, 0x5617},
    {0xe99eb8, 0xe99eb9, 0x561a},
    {0xe99f8c, 0xe99f8d, 0x561e},
    {0xe99f9d, 0xe99f9e, 0x5622},
    {0xe99fa0, 0xe99fa1, 0x5624},
    {0xe99fad, 0xe99fae, 0x5626},
    {0xe99fb1, 0xe99fb2, 0x5628},
    {0xe9a080, 0xe9a083, 0x48c8},
    {0xe9a085, 0xe9a086, 0x48cc},
    {0xe9a08d, 0xe9a08f, 0x562d},
    {0xe9a090, 0xe9a093, 0x48d1},
    {0xe9a097, 0xe9a098, 0x48d5},
    {0xe9a0a3, 0xe9a0a4, 0x5633},
    {0xe9a0b8, 0xe9a0b9, 0x48d9},
    {0xe9a187, 0xe9a188, 0x563d},
    {0xe9a18c, 0xe9a18e, 0x48dd},
    {0xe9a192, 0xe9a193, 0x5640},
    {0xe9a1b0, 0xe9a1b1, 0x5646},
    {0xe9a1b3, 0xe9a1b4, 0x5648},
    {0xe9a39b, 0xe9a39c, 0x48ed},
    {0xe9a3a1, 0xe9a3a2, 0x48f0},
    {0xe9a3a6, 0xe9a3a7, 0x5654},
    {0xe9a3aa, 0xe9a3ab, 0x5656},
    {0xe9a3ad, 0xe9a3af, 0x48f2},
    {0xe9a3bc, 0xe9a3be, 0x48f6},
    {0xe9a489, 0xe9a48a, 0x48fa},
    {0xe9a494, 0xe9a495, 0x565b},
    {0xe9a4a6, 0xe9a4a7, 0x565e},
    {0xe9a4b0, 0xe9a4b1, 0x5663},
    {0xe9a4bc, 0xe9a4bd, 0x5667},
    {0xe9a58b, 0xe9a58d, 0x4905},
    {0xe9a591, 0xe9a592, 0x4908},
    {0xe9a697, 0xe9a698, 0x566f},
    {0xe9a6ac, 0xe9a6ae, 0x4911},
    {0xe9a6b3, 0xe9a6b4, 0x4915},
    {0xe9a788, 0xe9a789, 0x567a},
    {0xe9a790, 0xe9a792, 0x4919},
    {0xe9a79b, 0xe9a79c, 0x567e},
    {0xe9a7ba, 0xe9a7bb, 0x5686},
    {0xe9a882, 0xe9a885, 0x5689},
    {0xe9a88e, 0xe9a88f, 0x4925},
    {0xe9a8b6, 0xe9a8b7, 0x492a},
    {0xe9a981, 0xe9a982, 0x5697},
    {0xe9a98e, 0xe9a98f, 0x569c},
    {0xe9a99a, 0xe9a99b, 0x4932},
    {0xe9a9a9, 0xe9a9aa, 0x4937},
    {0xe9ab93, 0xe9ab94, 0x493b},
    {0xe9ab96, 0xe9ab97, 0x56aa},
    {0xe9abb9, 0xe9abbb, 0x56b5},
    {0xe9ac85, 0xe9ac86, 0x56ba},
    {0xe9ac8a, 0xe9ac8b, 0x56bc},
    {0xe9ac98, 0xe9ac99, 0x56c2},
    {0xe9aca2, 0xe9aca3, 0x56c5},
    {0xe9aca8, 0xe9aca9, 0x56c7},
    {0xe9acae, 0xe9acaf, 0x56c9},
    {0xe9ad81, 0xe9ad85, 0x4945},
    {0xe9ad8d, 0xe9ad8e, 0x56cf},
    {0xe9ae92, 0xe9ae93, 0x56d8},
    {0xe9aea7, 0xe9aea8, 0x56db},
    {0xe9b0ad, 0xe9b0af, 0x56ec},
    {0xe9b0b9, 0xe9b0ba, 0x56f1},
    {0xe9b192, 0xe9b193, 0x56f5},
    {0xe9b3b3, 0xe9b3b4, 0x4964},
    {0xe9b486, 0xe9b488, 0x56fe},
    {0xe9b498, 0xe9b499, 0x5704},
    {0xe9b4af, 0xe9b4b0, 0x5709},
    {0xe9b581, 0xe9b582, 0x570c},
    {0xe9b593, 0xe9b594, 0x570f},
    {0xe9b5a0, 0xe9b5a1, 0x496e},
    {0xe9b5af, 0xe9b5b0, 0x5714},
    {0xe9b689, 0xe9b68a, 0x571a},
    {0xe9b6b8, 0xe9b6b9, 0x5722},
    {0xe9b781, 0xe9b782, 0x5726},
    {0xe9b7a9, 0xe9b7ab, 0x572d},
    {0xe9b7b0, 0xe9b7b1, 0x5730},
    {0xe9b7b8, 0xe9b7ba, 0x4978},
    {0xe9b89b, 0xe9b89c, 0x5738},
    {0xe9b9ba, 0xe9b9bb, 0x573b},
    {0xe9ba8b, 0xe9ba8c, 0x5740},
    {0xe9ba92, 0xe9ba93, 0x4981},
    {0xe9baa9, 0xe9baaa, 0x5747},
    {0xe9bab4, 0xe9bab5, 0x4987},
    {0xe9bb8d, 0xe9bb8e, 0x498c},
    {0xe9bb8f, 0xe9bb90, 0x574e},
    {0xe9bb9b, 0xe9bb9c, 0x4991},
    {0xe9bbae, 0xe9bbaf, 0x5755},
    {0xe9bbb5, 0xe9bbb7, 0x5758},
    {0xe9bbba, 0xe9bbbd, 0x575b},
    {0xe9bc87, 0xe9bc88, 0x4996},
    {0xe9bc89, 0xe9bc8a, 0x5763},
    {0xe9bcab, 0xe9bcac, 0x576a},
    {0xe9bcb8, 0xe9bcb9, 0x576e},
    {0xe9bd8a, 0xe9bd8b, 0x499c},
    {0xe9bd94, 0xe9bd95, 0x5771},
    {0xe9be91, 0xe9be92, 0x577b},
    {0xeaa5a0, 0xeaa5bc, 0x3170},
    {0xeab080, 0xeab081, 0xdd},
    {0xeab082, 0xeab083, 0xbf3},
    {0xeab085, 0xeab086, 0x121d},
    {0xeab087, 0xeab08b, 0xe0},
    {0xeab08d, 0xeab08f, 0x121f},
    {0xeab090, 0xeab097, 0xe5},
    {0xeab099, 0xeab09d, 0xed},
    {0xeab09e, 0xeab09f, 0x1223},
    {0xeab0a3, 0xeab0a4, 0xf3},
    {0xeab0a5, 0xeab0ab, 0x1226},
    {0xeab0ac, 0xeab0ad, 0xf5},
    {0xeab0af, 0xeab0b1, 0xf7},
    {0xeab0b3, 0xeab0b4, 0x122e},
    {0xeab0b5, 0xeab0b6, 0xbf8},
    {0xeab0b8, 0xeab0b9, 0xfa},
    {0xeab0ba, 0xeab0bb, 0x1231},
    {0xeab0bd, 0xeab0be, 0x1233},
    {0xeab182, 0xeab186, 0x1235},
    {0xeab187, 0xeab189, 0xbfc},
    {0xeab18e, 0xeab193, 0x123b},
    {0xeab195, 0xeab197, 0x1241},
    {0xeab199, 0xeab19b, 0x1244},
    {0xeab19d, 0xeab1a3, 0x1247},
    {0xeab1a6, 0xeab1af, 0x124e},
    {0xeab1b0, 0xeab1b1, 0x104},
    {0xeab1b7, 0xeab1b8, 0x107},
    {0xeab1bb, 0xeab1bf, 0x125a},
    {0xeab280, 0xeab286, 0x10a},
    {0xeab289, 0xeab28d, 0x111},
    {0xeab28e, 0xeab28f, 0x1260},
    {0xeab291, 0xeab292, 0x1262},
    {0xeab295, 0xeab29b, 0x1264},
    {0xeab29c, 0xeab29d, 0x118},
    {0xeab29f, 0xeab2a1, 0x11a},
    {0xeab2a2, 0xeab2a4, 0x126c},
    {0xeab2a8, 0xeab2aa, 0x11d},
    {0xeab2ad, 0xeab2ae, 0x1271},
    {0xeab2af, 0xeab2b0, 0x121},
    {0xeab2b2, 0xeab2b3, 0x1273},
    {0xeab2b5, 0xeab2b6, 0x1275},
    {0xeab2b7, 0xeab2b9, 0x123},
    {0xeab2bb, 0xeab2bd, 0x126},
    {0xeab386, 0xeab387, 0x127a},
    {0xeab389, 0xeab38a, 0x127c},
    {0xeab38d, 0xeab393, 0x127e},
    {0xeab397, 0xeab398, 0x12f},
    {0xeab39a, 0xeab39f, 0x1286},
    {0xeab3a0, 0xeab3a1, 0x131},
    {0xeab3a2, 0xeab3a3, 0x128c},
    {0xeab3a5, 0xeab3a6, 0x128e},
    {0xeab3a7, 0xeab3a8, 0x134},
    {0xeab3af, 0xeab3b1, 0x138},
    {0xeab3b5, 0xeab3b6, 0x13c},
    {0xeab3ba, 0xeab3bb, 0xc14},
    {0xeab3bc, 0xeab3bd, 0x13f},
    {0xeab3be, 0xeab3bf, 0x1294},
    {0xeab481, 0xeab482, 0x1296},
    {0xeab487, 0xeab48b, 0x1299},
    {0xeab48c, 0xeab48d, 0x144},
    {0xeab48f, 0xeab492, 0x146},
    {0xeab493, 0xeab497, 0x129f},
    {0xeab49a, 0xeab49b, 0x12a4},
    {0xeab49d, 0xeab49e, 0x12a6},
    {0xeab4a3, 0xeab4a7, 0x12a9},
    {0xeab4ac, 0xeab4ad, 0x14f},
    {0xeab4ae, 0xeab4b3, 0x12af},
    {0xeab4b4, 0xeab4b5, 0x151},
    {0xeab4b6, 0xeab4b7, 0x12b5},
    {0xeab4b9, 0xeab4ba, 0x12b7},
    {0xeab580, 0xeab583, 0x12bb},
    {0xeab584, 0xeab585, 0x155},
    {0xeab58a, 0xeab58f, 0x12c0},
    {0xeab592, 0xeab593, 0x12c6},
    {0xeab595, 0xeab596, 0x12c8},
    {0xeab599, 0xeab59f, 0x12ca},
    {0xeab5a0, 0xeab5a1, 0x15c},
    {0xeab5a6, 0xeab5ab, 0x12d3},
    {0xeab5ac, 0xeab5ad, 0x160},
    {0xeab5ae, 0xeab5af, 0x12d9},
    {0xeab5b1, 0xeab5b2, 0x12db},
    {0xeab5b3, 0xeab5b6, 0x163},
    {0xeab5b9, 0xeab5ba, 0x12de},
    {0xeab5bb, 0xeab5bd, 0x167},
    {0xeab681, 0xeab683, 0x16b},
    {0xeab684, 0xeab685, 0x12e2},
    {0xeab688, 0xeab689, 0x16e},
    {0xeab68a, 0xeab68b, 0x12e5},
    {0xeab68d, 0xeab68e, 0x12e7},
    {0xeab691, 0xeab697, 0x12e9},
    {0xeab698, 0xeab699, 0xc23},
    {0xeab69c, 0xeab69d, 0x172},
    {0xeab69e, 0xeab6a3, 0x12f1},
    {0xeab6a6, 0xeab6a7, 0x12f7},
    {0xeab6a9, 0xeab6aa, 0x12f9},
    {0xeab6ab, 0xeab6ac, 0xc28},
    {0xeab6ad, 0xeab6b3, 0x12fb},
    {0xeab6b4, 0xeab6b5, 0xc2a},
    {0xeab6b7, 0xeab6b8, 0x175},
    {0xeab6ba, 0xeab6bf, 0x1303},
    {0xeab780, 0xeab781, 0x177},
    {0xeab782, 0xeab783, 0x1309},
    {0xeab785, 0xeab786, 0x130b},
    {0xeab78b, 0xeab78f, 0x130e},
    {0xeab790, 0xeab791, 0x17b},
    {0xeab796, 0xeab79b, 0x1314},
    {0xeab79e, 0xeab79f, 0x131a},
    {0xeab7a1, 0xeab7a3, 0x131c},
    {0xeab7a5, 0xeab7a7, 0x131f},
    {0xeab7a9, 0xeab7ab, 0x1322},
    {0xeab7ac, 0xeab7ad, 0x182},
    {0xeab7b2, 0xeab7b7, 0x1327},
    {0xeab7b8, 0xeab7b9, 0x184},
    {0xeab7ba, 0xeab7bb, 0x132d},
    {0xeab880, 0xeab882, 0x188},
    {0xeab883, 0xeab884, 0xc35},
    {0xeab885, 0xeab886, 0x1330},
    {0xeab887, 0xeab889, 0x18b},
    {0xeab893, 0xeab894, 0x192},
    {0xeab896, 0xeab897, 0x1335},
    {0xeab899, 0xeab89b, 0x1337},
    {0xeab89d, 0xeab89f, 0x133a},
    {0xeab8a1, 0xeab8a3, 0x133d},
    {0xeab8a4, 0xeab8a5, 0xc3c},
    {0xeab8aa, 0xeab8af, 0x1342},
    {0xeab8b0, 0xeab8b1, 0x196},
    {0xeab8b2, 0xeab8b3, 0x1348},
    {0xeab8b5, 0xeab8b6, 0x134a},
    {0xeab8b7, 0xeab8b8, 0x199},
    {0xeab8bd, 0xeab8bf, 0x134d},
    {0xeab980, 0xeab981, 0x19c},
    {0xeab983, 0xeab986, 0x19e},
    {0xeab98c, 0xeab98e, 0x1a3},
    {0xeab991, 0xeab992, 0x1353},
    {0xeab997, 0xeab99b, 0x1356},
    {0xeab99c, 0xeab99d, 0x1a9},
    {0xeab99f, 0xeab9a1, 0x1ab},
    {0xeab9a2, 0xeab9a3, 0xc45},
    {0xeab9a6, 0xeab9a7, 0x135d},
    {0xeab9a8, 0xeab9a9, 0x1af},
    {0xeab9ad, 0xeab9ae, 0x1360},
    {0xeab9af, 0xeab9b0, 0x1b2},
    {0xeab9b1, 0xeab9b2, 0x1362},
    {0xeab9b4, 0xeab9b5, 0x1364},
    {0xeab9b8, 0xeab9b9, 0x1b4},
    {0xeab9bb, 0xeab9bd, 0x1b6},
    {0xeab9be, 0xeab9bf, 0x1368},
    {0xeaba82, 0xeaba83, 0x136b},
    {0xeaba84, 0xeaba86, 0x1b9},
    {0xeaba89, 0xeaba8a, 0x136e},
    {0xeaba8c, 0xeaba8d, 0x1bc},
    {0xeaba8e, 0xeaba96, 0x1370},
    {0xeaba9a, 0xeaba9f, 0x137a},
    {0xeabaa1, 0xeabaa3, 0x1380},
    {0xeabaa5, 0xeabab4, 0x1383},
    {0xeabab6, 0xeababb, 0x1393},
    {0xeababc, 0xeababe, 0x1c0},
    {0xeabb82, 0xeabb83, 0xc50},
    {0xeabb85, 0xeabb8b, 0x139b},
    {0xeabb8c, 0xeabb8d, 0x1c5},
    {0xeabb8f, 0xeabb91, 0x1c7},
    {0xeabb96, 0xeabb97, 0x13a4},
    {0xeabb98, 0xeabb99, 0x1cc},
    {0xeabb9d, 0xeabb9e, 0x13a7},
    {0xeabb9f, 0xeabba0, 0xc54},
    {0xeabba1, 0xeabba7, 0x13a9},
    {0xeabbae, 0xeabbb0, 0x13b1},
    {0xeabbb2, 0xeabbb3, 0x13b4},
    {0xeabbb6, 0xeabbb7, 0x13b6},
    {0xeabbb9, 0xeabbba, 0x13b8},
    {0xeabbbd, 0xeabbbf, 0x13ba},
    {0xeabc80, 0xeabc83, 0x13bd},
    {0xeabc84, 0xeabc85, 0xc5b},
    {0xeabc87, 0xeabc89, 0x1d5},
    {0xeabc8a, 0xeabc8c, 0x13c2},
    {0xeabc8e, 0xeabc8f, 0x13c5},
    {0xeabc91, 0xeabc96, 0x13c7},
    {0xeabc98, 0xeabca4, 0x13cd},
    {0xeabca6, 0xeabcab, 0x13da},
    {0xeabcac, 0xeabcad, 0x1da},
    {0xeabcae, 0xeabcaf, 0x13e0},
    {0xeabcb2, 0xeabcb4, 0x1dd},
    {0xeabcb9, 0xeabcba, 0x13e4},
    {0xeabcbc, 0xeabcbd, 0x1e0},
    {0xeabd81, 0xeabd83, 0x1e3},
    {0xeabd88, 0xeabd89, 0x1e7},
    {0xeabd8a, 0xeabd8b, 0x13ea},
    {0xeabd8d, 0xeabd8e, 0x13ec},
    {0xeabd91, 0xeabd97, 0x13ee},
    {0xeabd98, 0xeabd99, 0xc65},
    {0xeabd9c, 0xeabd9d, 0x1eb},
    {0xeabd9e, 0xeabda3, 0x13f6},
    {0xeabda4, 0xeabda5, 0x1ed},
    {0xeabda6, 0xeabda7, 0x13fc},
    {0xeabda9, 0xeabdaa, 0x13fe},
    {0xeabdab, 0xeabdac, 0xc68},
    {0xeabdad, 0xeabdb3, 0x1400},
    {0xeabdb4, 0xeabdb5, 0xc6a},
    {0xeabdb6, 0xeabdb7, 0x1407},
    {0xeabdb8, 0xeabdb9, 0x1f0},
    {0xeabdba, 0xeabdbf, 0x1409},
    {0xeabe82, 0xeabe83, 0x140f},
    {0xeabe85, 0xeabe86, 0x1411},
    {0xeabe89, 0xeabe8f, 0x1413},
    {0xeabe90, 0xeabe91, 0x1f5},
    {0xeabe93, 0xeabe94, 0xc6e},
    {0xeabe96, 0xeabe9b, 0x141b},
    {0xeabe9d, 0xeabe9f, 0x1421},
    {0xeabea1, 0xeabea2, 0x1424},
    {0xeabea3, 0xeabea4, 0xc71},
    {0xeabea5, 0xeabeab, 0x1426},
    {0xeabeac, 0xeabead, 0xc73},
    {0xeabeae, 0xeabeb1, 0x142d},
    {0xeabeb3, 0xeabeb7, 0x1431},
    {0xeabeb8, 0xeabeb9, 0x1f9},
    {0xeabeba, 0xeabebb, 0x1436},
    {0xeabebd, 0xeabebe, 0x1438},
    {0xeabf82, 0xeabf86, 0x143a},
    {0xeabf87, 0xeabf89, 0x1fd},
    {0xeabf8d, 0xeabf8f, 0x201},
    {0xeabf90, 0xeabf93, 0x1441},
    {0xeabf96, 0xeabf97, 0x1445},
    {0xeabf99, 0xeabf9a, 0x1447},
    {0xeabf9d, 0xeabfa3, 0x1449},
    {0xeabfa4, 0xeabfa5, 0xc7a},
    {0xeabfa8, 0xeabfa9, 0x207},
    {0xeabfaa, 0xeabfaf, 0x1451},
    {0xeabfb0, 0xeabfb1, 0x209},
    {0xeabfb2, 0xeabfb3, 0x1457},
    {0xeabfb5, 0xeabfb6, 0x1459},
    {0xeabfb9, 0xeabfbf, 0x145b},
    {0xeb8080, 0xeb8081, 0x20d},
    {0xeb8086, 0xeb808b, 0x1463},
    {0xeb808e, 0xeb808f, 0x1469},
    {0xeb8091, 0xeb8092, 0x146b},
    {0xeb8095, 0xeb809b, 0x146d},
    {0xeb809c, 0xeb809d, 0x213},
    {0xeb80a2, 0xeb80a7, 0x1476},
    {0xeb80a9, 0xeb80ab, 0x147c},
    {0xeb80ad, 0xeb80af, 0x147f},
    {0xeb80b1, 0xeb80b7, 0x1482},
    {0xeb80b8, 0xeb80b9, 0xc85},
    {0xeb80ba, 0xeb80bb, 0x1489},
    {0xeb80bd, 0xeb80bf, 0x148b},
    {0xeb8180, 0xeb8183, 0x148e},
    {0xeb8184, 0xeb8185, 0x218},
    {0xeb8186, 0xeb8187, 0x1492},
    {0xeb818f, 0xeb8192, 0x1495},
    {0xeb8193, 0xeb8195, 0x21e},
    {0xeb81a2, 0xeb81a3, 0x149e},
    {0xeb81a5, 0xeb81a6, 0x14a0},
    {0xeb81a7, 0xeb81a8, 0xc8c},
    {0xeb81a9, 0xeb81aa, 0x14a2},
    {0xeb81ac, 0xeb81b2, 0x14a4},
    {0xeb81b6, 0xeb81bb, 0x14ac},
    {0xeb81bc, 0xeb81bd, 0x226},
    {0xeb81be, 0xeb81bf, 0x14b2},
    {0xeb8281, 0xeb8282, 0x14b4},
    {0xeb8285, 0xeb828a, 0x14b6},
    {0xeb828c, 0xeb828d, 0x22a},
    {0xeb828f, 0xeb8291, 0x22c},
    {0xeb8292, 0xeb8294, 0x14bd},
    {0xeb8296, 0xeb8297, 0x14c0},
    {0xeb8298, 0xeb829a, 0x22f},
    {0xeb829d, 0xeb829e, 0x14c2},
    {0xeb829f, 0xeb82a2, 0x233},
    {0xeb82a5, 0xeb82a7, 0x14c5},
    {0xeb82a8, 0xeb82a9, 0x237},
    {0xeb82ab, 0xeb82af, 0x239},
    {0xeb82b3, 0xeb82b5, 0x23f},
    {0xeb82b6, 0xeb82b7, 0x14c8},
    {0xeb82b9, 0xeb82ba, 0x14ca},
    {0xeb82bb, 0xeb82bc, 0x243},
    {0xeb82bd, 0xeb82bf, 0x14cc},
    {0xeb8380, 0xeb8383, 0x14cf},
    {0xeb8384, 0xeb8385, 0x245},
    {0xeb8387, 0xeb8389, 0x247},
    {0xeb838a, 0xeb838d, 0x14d4},
    {0xeb8390, 0xeb8391, 0x24a},
    {0xeb8392, 0xeb8393, 0x14d9},
    {0xeb8395, 0xeb8396, 0x14db},
    {0xeb8397, 0xeb8398, 0x24d},
    {0xeb8399, 0xeb839f, 0x14dd},
    {0xeb83a0, 0xeb83a1, 0x24f},
    {0xeb83a7, 0xeb83a8, 0x14e6},
    {0xeb83aa, 0xeb83ab, 0x14e8},
    {0xeb83ad, 0xeb83bf, 0x14ea},
    {0xeb8482, 0xeb8487, 0x14fe},
    {0xeb8488, 0xeb8489, 0x254},
    {0xeb848b, 0xeb848c, 0x256},
    {0xeb848d, 0xeb848e, 0x1504},
    {0xeb848f, 0xeb8493, 0x258},
    {0xeb8494, 0xeb8496, 0x1506},
    {0xeb8498, 0xeb8499, 0x25d},
    {0xeb849b, 0xeb849d, 0x25f},
    {0xeb84a0, 0xeb84a1, 0xca0},
    {0xeb84a2, 0xeb84a5, 0x262},
    {0xeb84a6, 0xeb84a7, 0x150b},
    {0xeb84a9, 0xeb84aa, 0x150d},
    {0xeb84ab, 0xeb84ac, 0x267},
    {0xeb84ad, 0xeb84b3, 0x150f},
    {0xeb84b4, 0xeb84b5, 0x269},
    {0xeb84b7, 0xeb84b9, 0x26b},
    {0xeb84ba, 0xeb84bb, 0x1517},
    {0xeb84bc, 0xeb84bd, 0xca2},
    {0xeb8580, 0xeb8581, 0x26f},
    {0xeb8585, 0xeb8586, 0x151a},
    {0xeb8587, 0xeb8588, 0x272},
    {0xeb8589, 0xeb858a, 0x151c},
    {0xeb858c, 0xeb858f, 0x151e},
    {0xeb8590, 0xeb8591, 0x274},
    {0xeb8594, 0xeb8595, 0x276},
    {0xeb8596, 0xeb8597, 0x1523},
    {0xeb8599, 0xeb859b, 0xca8},
    {0xeb859e, 0xeb859f, 0x1525},
    {0xeb85a1, 0xeb85a2, 0x1527},
    {0xeb85a3, 0xeb85a4, 0xcac},
    {0xeb85a5, 0xeb85ab, 0x1529},
    {0xeb85ac, 0xeb85ad, 0xcae},
    {0xeb85b2, 0xeb85b7, 0x1532},
    {0xeb85b8, 0xeb85b9, 0x27c},
    {0xeb85ba, 0xeb85bb, 0xcb1},
    {0xeb85be, 0xeb85bf, 0xcb3},
    {0xeb8680, 0xeb8682, 0x27f},
    {0xeb8683, 0xeb8687, 0x1539},
    {0xeb8688, 0xeb8689, 0x282},
    {0xeb8691, 0xeb8694, 0x286},
    {0xeb8696, 0xeb8697, 0x1541},
    {0xeb8699, 0xeb869a, 0x1543},
    {0xeb869d, 0xeb86a3, 0x1545},
    {0xeb86aa, 0xeb86af, 0x154d},
    {0xeb86b1, 0xeb86b3, 0x1553},
    {0xeb86b5, 0xeb86b7, 0x1556},
    {0xeb86b9, 0xeb86bf, 0x1559},
    {0xeb8780, 0xeb8783, 0x1560},
    {0xeb8785, 0xeb878b, 0x1564},
    {0xeb878c, 0xeb878d, 0x290},
    {0xeb878e, 0xeb878f, 0x156b},
    {0xeb8791, 0xeb8792, 0x156d},
    {0xeb8795, 0xeb879b, 0x156f},
    {0xeb879c, 0xeb879d, 0x294},
    {0xeb87a2, 0xeb87a5, 0x1577},
    {0xeb87a8, 0xeb87a9, 0x298},
    {0xeb87aa, 0xeb87ab, 0x157c},
    {0xeb87ad, 0xeb87ae, 0x157e},
    {0xeb87b1, 0xeb87b7, 0x1580},
    {0xeb87b8, 0xeb87b9, 0x29c},
    {0xeb87be, 0xeb87bf, 0x1589},
    {0xeb8880, 0xeb8883, 0x158b},
    {0xeb8884, 0xeb8885, 0x2a0},
    {0xeb8886, 0xeb8887, 0x158f},
    {0xeb8889, 0xeb888a, 0x1591},
    {0xeb888b, 0xeb888d, 0x2a3},
    {0xeb888e, 0xeb888f, 0x1593},
    {0xeb8891, 0xeb8892, 0x1595},
    {0xeb8894, 0xeb8895, 0x2a6},
    {0xeb88a2, 0xeb88a3, 0x159c},
    {0xeb88a5, 0xeb88a6, 0x159e},
    {0xeb88a7, 0xeb88a8, 0xcc8},
    {0xeb88a9, 0xeb88af, 0x15a0},
    {0xeb88b0, 0xeb88b1, 0xcca},
    {0xeb88b6, 0xeb88bb, 0x15a8},
    {0xeb88be, 0xeb88bf, 0x15ae},
    {0xeb8981, 0xeb8982, 0x15b0},
    {0xeb8983, 0xeb8984, 0xcd0},
    {0xeb8985, 0xeb898b, 0x15b2},
    {0xeb898c, 0xeb898d, 0xcd2},
    {0xeb898f, 0xeb8991, 0xcd4},
    {0xeb8992, 0xeb8997, 0x15ba},
    {0xeb899a, 0xeb899b, 0x15c0},
    {0xeb899d, 0xeb899e, 0x15c2},
    {0xeb89a1, 0xeb89a7, 0x15c4},
    {0xeb89a8, 0xeb89a9, 0x2b1},
    {0xeb89b0, 0xeb89b3, 0x15ce},
    {0xeb89b4, 0xeb89b5, 0x2b3},
    {0xeb89b6, 0xeb89b7, 0x15d2},
    {0xeb89b9, 0xeb89ba, 0x15d4},
    {0xeb89bb, 0xeb89bc, 0x2b5},
    {0xeb89bd, 0xeb89bf, 0x15d6},
    {0xeb8a80, 0xeb8a83, 0x15d9},
    {0xeb8a84, 0xeb8a85, 0x2b7},
    {0xeb8a8a, 0xeb8a8b, 0xcde},
    {0xeb8a8c, 0xeb8a8f, 0x15df},
    {0xeb8a90, 0xeb8a91, 0x2ba},
    {0xeb8a92, 0xeb8a93, 0x15e3},
    {0xeb8a95, 0xeb8a96, 0x15e5},
    {0xeb8a97, 0xeb8a9a, 0x2bd},
    {0xeb8a9d, 0xeb8a9f, 0x15e8},
    {0xeb8aa0, 0xeb8aa1, 0x2c1},
    {0xeb8aa5, 0xeb8aa7, 0x2c4},
    {0xeb8aa8, 0xeb8aa9, 0x15ed},
    {0xeb8aaa, 0xeb8aac, 0x2c7},
    {0xeb8aae, 0xeb8aaf, 0x15ef},
    {0xeb8ab1, 0xeb8ab2, 0x15f1},
    {0xeb8ab5, 0xeb8abb, 0x15f3},
    {0xeb8b82, 0xeb8b87, 0x15fb},
    {0xeb8b88, 0xeb8b89, 0x2cf},
    {0xeb8b8a, 0xeb8b8b, 0x1601},
    {0xeb8b8d, 0xeb8b8e, 0x1603},
    {0xeb8b8f, 0xeb8b90, 0x2d2},
    {0xeb8b93, 0xeb8b94, 0xce6},
    {0xeb8b95, 0xeb8b97, 0x1605},
    {0xeb8b98, 0xeb8b99, 0x2d5},
    {0xeb8b9d, 0xeb8b9e, 0x2d8},
    {0xeb8ba4, 0xeb8ba6, 0x2dc},
    {0xeb8ba9, 0xeb8baa, 0x160d},
    {0xeb8bab, 0xeb8baf, 0x2e0},
    {0xeb8bb3, 0xeb8bb5, 0x2e5},
    {0xeb8bb7, 0xeb8bbb, 0x2e8},
    {0xeb8c80, 0xeb8c81, 0x2ef},
    {0xeb8c82, 0xeb8c83, 0x1610},
    {0xeb8c85, 0xeb8c86, 0x1612},
    {0xeb8c89, 0xeb8c8f, 0x1614},
    {0xeb8c90, 0xeb8c91, 0x2f3},
    {0xeb8c93, 0xeb8c96, 0x2f5},
    {0xeb8c97, 0xeb8c98, 0x161c},
    {0xeb8c9a, 0xeb8c9b, 0x161e},
    {0xeb8c9e, 0xeb8c9f, 0x1620},
    {0xeb8ca1, 0xeb8ca3, 0x1622},
    {0xeb8ca5, 0xeb8ca6, 0x1625},
    {0xeb8ca8, 0xeb8cab, 0x1627},
    {0xeb8cac, 0xeb8cad, 0xcf3},
    {0xeb8cb2, 0xeb8cb7, 0x162d},
    {0xeb8cb9, 0xeb8cbb, 0x1633},
    {0xeb8cbd, 0xeb8cbf, 0x1636},
    {0xeb8d80, 0xeb8d8c, 0x1639},
    {0xeb8d8e, 0xeb8d93, 0x1646},
    {0xeb8d94, 0xeb8d96, 0x2fc},
    {0xeb8d9b, 0xeb8d9c, 0x300},
    {0xeb8d9e, 0xeb8d9f, 0x302},
    {0xeb8da0, 0xeb8da3, 0x164f},
    {0xeb8da4, 0xeb8da5, 0x304},
    {0xeb8dae, 0xeb8db1, 0x309},
    {0xeb8db2, 0xeb8db3, 0x1654},
    {0xeb8db5, 0xeb8db6, 0x1656},
    {0xeb8db9, 0xeb8dbf, 0x1658},
    {0xeb8e80, 0xeb8e81, 0x30f},
    {0xeb8e83, 0xeb8e85, 0x311},
    {0xeb8e87, 0xeb8e89, 0x1660},
    {0xeb8e91, 0xeb8e92, 0x1665},
    {0xeb8e95, 0xeb8e97, 0x1667},
    {0xeb8e99, 0xeb8e9b, 0x166a},
    {0xeb8e9c, 0xeb8e9d, 0xd05},
    {0xeb8ea0, 0xeb8ea1, 0x317},
    {0xeb8ea2, 0xeb8ea7, 0x166e},
    {0xeb8eaa, 0xeb8eab, 0x1674},
    {0xeb8ead, 0xeb8eaf, 0x1676},
    {0xeb8eb1, 0xeb8eb7, 0x1679},
    {0xeb8eb8, 0xeb8eb9, 0xd0a},
    {0xeb8ebe, 0xeb8ebf, 0x1682},
    {0xeb8f80, 0xeb8f83, 0x1684},
    {0xeb8f84, 0xeb8f85, 0x31b},
    {0xeb8f86, 0xeb8f87, 0xd0e},
    {0xeb8f89, 0xeb8f8a, 0x1688},
    {0xeb8f8b, 0xeb8f8c, 0x31e},
    {0xeb8f91, 0xeb8f92, 0x168b},
    {0xeb8f94, 0xeb8f95, 0x322},
    {0xeb8f9e, 0xeb8f9f, 0xd14},
    {0xeb8fa2, 0xeb8fa3, 0x168f},
    {0xeb8fa5, 0xeb8fa7, 0x1691},
    {0xeb8fa9, 0xeb8faf, 0x1694},
    {0xeb8fb0, 0xeb8fb1, 0xd17},
    {0xeb8fb3, 0xeb8fb5, 0xd19},
    {0xeb8fb6, 0xeb8fbb, 0x169c},
    {0xeb8fbd, 0xeb8fbf, 0x16a2},
    {0xeb9081, 0xeb9082, 0x16a5},
    {0xeb9083, 0xeb9084, 0xd1d},
    {0xeb9085, 0xeb908b, 0x16a7},
    {0xeb908c, 0xeb908d, 0xd1f},
    {0xeb908f, 0xeb9090, 0x32c},
    {0xeb9091, 0xeb9097, 0x16af},
    {0xeb909a, 0xeb909b, 0x16b6},
    {0xeb909d, 0xeb909e, 0x16b8},
    {0xeb90a1, 0xeb90a3, 0x16ba},
    {0xeb90a5, 0xeb90a7, 0x16bd},
    {0xeb90a8, 0xeb90a9, 0x331},
    {0xeb90ab, 0xeb90ad, 0x333},
    {0xeb90ae, 0xeb90b3, 0x16c1},
    {0xeb90b6, 0xeb90b7, 0x16c7},
    {0xeb90b9, 0xeb90ba, 0x16c9},
    {0xeb90bb, 0xeb90bc, 0xd26},
    {0xeb90bd, 0xeb90bf, 0x16cb},
    {0xeb9180, 0xeb9183, 0x16ce},
    {0xeb9184, 0xeb9185, 0xd28},
    {0xeb918a, 0xeb918e, 0x16d4},
    {0xeb9190, 0xeb9191, 0x337},
    {0xeb9192, 0xeb9193, 0x16d9},
    {0xeb9195, 0xeb9196, 0x16db},
    {0xeb9197, 0xeb9198, 0x33a},
    {0xeb919c, 0xeb919f, 0x16dd},
    {0xeb91a0, 0xeb91a1, 0x33d},
    {0xeb91a6, 0xeb91a9, 0x16e3},
    {0xeb91ae, 0xeb91af, 0x16e8},
    {0xeb91b1, 0xeb91b2, 0x16ea},
    {0xeb91b3, 0xeb91b4, 0xd32},
    {0xeb91b5, 0xeb91bb, 0x16ec},
    {0xeb91bc, 0xeb91bd, 0xd34},
    {0xeb9282, 0xeb9287, 0x16f4},
    {0xeb928a, 0xeb928b, 0x16fa},
    {0xeb928d, 0xeb928e, 0x16fc},
    {0xeb928f, 0xeb9290, 0xd3a},
    {0xeb9291, 0xeb9297, 0x16fe},
    {0xeb929b, 0xeb929c, 0xd3d},
    {0xeb929e, 0xeb92a3, 0x1706},
    {0xeb92a6, 0xeb92a7, 0x170c},
    {0xeb92a9, 0xeb92aa, 0x170e},
    {0xeb92ad, 0xeb92b3, 0x1710},
    {0xeb92b7, 0xeb92b9, 0x34a},
    {0xeb92ba, 0xeb92bf, 0x1718},
    {0xeb9382, 0xeb9383, 0x171e},
    {0xeb9385, 0xeb9387, 0x1720},
    {0xeb9389, 0xeb938f, 0x1723},
    {0xeb9396, 0xeb939b, 0x172c},
    {0xeb939c, 0xeb939d, 0x352},
    {0xeb939e, 0xeb939f, 0x1732},
    {0xeb93a1, 0xeb93a2, 0x1734},
    {0xeb93a3, 0xeb93a7, 0x355},
    {0xeb93a9, 0xeb93ab, 0x1736},
    {0xeb93ac, 0xeb93ad, 0x35a},
    {0xeb93b2, 0xeb93b7, 0x173b},
    {0xeb93ba, 0xeb93bb, 0x1741},
    {0xeb93bd, 0xeb93be, 0x1743},
    {0xeb9481, 0xeb9487, 0x1745},
    {0xeb9488, 0xeb9489, 0xd48},
    {0xeb948e, 0xeb9493, 0x174e},
    {0xeb9494, 0xeb9495, 0x361},
    {0xeb9496, 0xeb9497, 0x1754},
    {0xeb9499, 0xeb949a, 0x1756},
    {0xeb949b, 0xeb949c, 0x364},
    {0xeb949d, 0xeb94a3, 0x1758},
    {0xeb94a4, 0xeb94a5, 0x366},
    {0xeb94a7, 0xeb94ab, 0x368},
    {0xeb94b0, 0xeb94b2, 0x36e},
    {0xeb94b5, 0xeb94b6, 0x1762},
    {0xeb94b7, 0xeb94b8, 0x372},
    {0xeb94b9, 0xeb94bb, 0xd4e},
    {0xeb94bc, 0xeb94be, 0x1764},
    {0xeb9580, 0xeb9581, 0x374},
    {0xeb9583, 0xeb9585, 0x376},
    {0xeb9586, 0xeb958a, 0x1768},
    {0xeb958b, 0xeb958d, 0x379},
    {0xeb9591, 0xeb9592, 0x176e},
    {0xeb9595, 0xeb959b, 0x1770},
    {0xeb959c, 0xeb959d, 0x37e},
    {0xeb959f, 0xeb95a1, 0x380},
    {0xeb95a2, 0xeb95a6, 0x1778},
    {0xeb95a7, 0xeb95a9, 0xd54},
    {0xeb95aa, 0xeb95ab, 0x177d},
    {0xeb95ad, 0xeb95af, 0x177f},
    {0xeb95b1, 0xeb95bc, 0x1782},
    {0xeb95be, 0xeb95bf, 0x178e},
    {0xeb9680, 0xeb9683, 0x1790},
    {0xeb9685, 0xeb9687, 0x1794},
    {0xeb9689, 0xeb9693, 0x1797},
    {0xeb9695, 0xeb9698, 0x17a2},
    {0xeb969a, 0xeb969f, 0x17a6},
    {0xeb96a0, 0xeb96a1, 0x387},
    {0xeb96a2, 0xeb96a3, 0x17ac},
    {0xeb96a5, 0xeb96a6, 0x17ae},
    {0xeb96aa, 0xeb96ab, 0x38b},
    {0xeb96ac, 0xeb96ae, 0x17b1},
    {0xeb96b0, 0xeb96b1, 0x38d},
    {0xeb96b3, 0xeb96b5, 0x38f},
    {0xeb96b6, 0xeb96ba, 0x17b5},
    {0xeb96bb, 0xeb96bd, 0x392},
    {0xeb96be, 0xeb96bf, 0x17ba},
    {0xeb9781, 0xeb9782, 0x17bc},
    {0xeb9785, 0xeb978b, 0x17be},
    {0xeb978c, 0xeb978d, 0x397},
    {0xeb978f, 0xeb9791, 0x399},
    {0xeb9792, 0xeb9797, 0x17c6},
    {0xeb979a, 0xeb979b, 0x17cc},
    {0xeb979d, 0xeb979e, 0x17ce},
    {0xeb97a0, 0xeb97a7, 0x17d0},
    {0xeb97a8, 0xeb97a9, 0xd60},
    {0xeb97ae, 0xeb97b3, 0x17d9},
    {0xeb97b5, 0xeb97b7, 0x17df},
    {0xeb97b9, 0xeb97bf, 0x17e2},
    {0xeb9880, 0xeb9884, 0x17e9},
    {0xeb9886, 0xeb9888, 0x17ee},
    {0xeb988a, 0xeb988f, 0x17f1},
    {0xeb9890, 0xeb9891, 0x39e},
    {0xeb9895, 0xeb9896, 0x17f8},
    {0xeb9899, 0xeb989a, 0xd6a},
    {0xeb989b, 0xeb989e, 0x17fa},
    {0xeb98a0, 0xeb98a1, 0x3a2},
    {0xeb98a6, 0xeb98ab, 0x1800},
    {0xeb98ac, 0xeb98ad, 0x3a6},
    {0xeb98ae, 0xeb98af, 0x1806},
    {0xeb98b1, 0xeb98b3, 0x1808},
    {0xeb98b5, 0xeb98bf, 0x180b},
    {0xeb9982, 0xeb9986, 0x1817},
    {0xeb9987, 0xeb9988, 0x3aa},
    {0xeb998a, 0xeb998b, 0x181c},
    {0xeb998d, 0xeb998e, 0x181e},
    {0xeb998f, 0xeb9990, 0xd70},
    {0xeb9991, 0xeb9997, 0x1820},
    {0xeb9998, 0xeb9999, 0xd72},
    {0xeb999d, 0xeb99a3, 0x1828},
    {0xeb99a6, 0xeb99a7, 0x182f},
    {0xeb99a9, 0xeb99aa, 0x1831},
    {0xeb99ab, 0xeb99ac, 0xd76},
    {0xeb99ad, 0xeb99b3, 0x1833},
    {0xeb99b4, 0xeb99b5, 0xd78},
    {0xeb99b7, 0xeb99b9, 0xd7a},
    {0xeb99ba, 0xeb99bf, 0x183b},
    {0xeb9a80, 0xeb9a81, 0xd7d},
    {0xeb9a82, 0xeb9a9b, 0x1841},
    {0xeb9a9c, 0xeb9a9d, 0x3af},
    {0xeb9a9e, 0xeb9a9f, 0x185b},
    {0xeb9aa1, 0xeb9aa2, 0x185d},
    {0xeb9aa8, 0xeb9aaa, 0x1860},
    {0xeb9aab, 0xeb9aac, 0x3b4},
    {0xeb9ab2, 0xeb9ab4, 0x1865},
    {0xeb9ab6, 0xeb9ab7, 0x1868},
    {0xeb9ab9, 0xeb9abb, 0x186a},
    {0xeb9abd, 0xeb9abe, 0x186d},
    {0xeb9b80, 0xeb9b8a, 0x186f},
    {0xeb9b8b, 0xeb9b8c, 0xd85},
    {0xeb9b8d, 0xeb9b93, 0x187a},
    {0xeb9b95, 0xeb9b97, 0x1881},
    {0xeb9b99, 0xeb9b9a, 0x1884},
    {0xeb9b9b, 0xeb9b9c, 0xd88},
    {0xeb9b9d, 0xeb9ba3, 0x1886},
    {0xeb9ba4, 0xeb9ba5, 0xd8a},
    {0xeb9ba6, 0xeb9ba7, 0x188d},
    {0xeb9ba8, 0xeb9ba9, 0xd8c},
    {0xeb9baa, 0xeb9baf, 0x188f},
    {0xeb9bb1, 0xeb9bb3, 0x1895},
    {0xeb9bb5, 0xeb9bb6, 0x1898},
    {0xeb9bb9, 0xeb9bbf, 0x189a},
    {0xeb9c80, 0xeb9c81, 0x3bd},
    {0xeb9c84, 0xeb9c85, 0x3bf},
    {0xeb9c86, 0xeb9c8b, 0x18a2},
    {0xeb9c8e, 0xeb9c93, 0x18a8},
    {0xeb9c95, 0xeb9c9b, 0x18ae},
    {0xeb9c9d, 0xeb9ca0, 0x18b5},
    {0xeb9ca2, 0xeb9ca7, 0x18b9},
    {0xeb9ca8, 0xeb9ca9, 0x3c2},
    {0xeb9caa, 0xeb9cab, 0x18bf},
    {0xeb9cad, 0xeb9cae, 0x18c1},
    {0xeb9caf, 0xeb9cb0, 0x3c5},
    {0xeb9cb4, 0xeb9cb6, 0x18c4},
    {0xeb9cb8, 0xeb9cb9, 0x3c8},
    {0xeb9cbd, 0xeb9cbe, 0x3cb},
    {0xeb9d80, 0xeb9d82, 0x18ca},
    {0xeb9d83, 0xeb9d84, 0x3cd},
    {0xeb9d86, 0xeb9d87, 0x18cd},
    {0xeb9d89, 0xeb9d8b, 0x18cf},
    {0xeb9d8d, 0xeb9d93, 0x18d2},
    {0xeb9d94, 0xeb9d95, 0x3d1},
    {0xeb9d96, 0xeb9d98, 0x18d9},
    {0xeb9d9a, 0xeb9d9f, 0x18dc},
    {0xeb9da0, 0xeb9da1, 0x3d3},
    {0xeb9da2, 0xeb9da3, 0x18e2},
    {0xeb9da5, 0xeb9da6, 0x18e4},
    {0xeb9da9, 0xeb9daf, 0x18e6},
    {0xeb9db0, 0xeb9db1, 0x3d7},
    {0xeb9db6, 0xeb9dba, 0x18ef},
    {0xeb9dbc, 0xeb9dbd, 0x3db},
    {0xeb9dbe, 0xeb9dbf, 0x18f4},
    {0xeb9e81, 0xeb9e82, 0x18f6},
    {0xeb9e83, 0xeb9e84, 0x3de},
    {0xeb9e85, 0xeb9e87, 0x18f8},
    {0xeb9e89, 0xeb9e8b, 0x18fb},
    {0xeb9e8c, 0xeb9e8d, 0x3e0},
    {0xeb9e8f, 0xeb9e92, 0x3e2},
    {0xeb9e93, 0xeb9e95, 0xd9b},
    {0xeb9e96, 0xeb9e99, 0x3e6},
    {0xeb9e9a, 0xeb9e9b, 0x18ff},
    {0xeb9e9d, 0xeb9e9e, 0x1901},
    {0xeb9e9f, 0xeb9ea0, 0x3eb},
    {0xeb9ea1, 0xeb9ea7, 0x1903},
    {0xeb9ea8, 0xeb9ea9, 0x3ed},
    {0xeb9eab, 0xeb9ead, 0x3ef},
    {0xeb9eae, 0xeb9eaf, 0x190b},
    {0xeb9eb4, 0xeb9eb5, 0x3f4},
    {0xeb9eb6, 0xeb9eb7, 0x190e},
    {0xeb9eb9, 0xeb9eba, 0x1910},
    {0xeb9ebb, 0xeb9ebc, 0xd9f},
    {0xeb9ebd, 0xeb9ebf, 0x1912},
    {0xeb9f80, 0xeb9f83, 0x1915},
    {0xeb9f8a, 0xeb9f8f, 0x191b},
    {0xeb9f91, 0xeb9f93, 0x1921},
    {0xeb9f95, 0xeb9fa2, 0x1924},
    {0xeb9fa4, 0xeb9fab, 0x1932},
    {0xeb9fac, 0xeb9fad, 0x3fc},
    {0xeb9fae, 0xeb9faf, 0x193a},
    {0xeb9fb2, 0xeb9fb4, 0x3ff},
    {0xeb9fb5, 0xeb9fbb, 0x193d},
    {0xeb9fbc, 0xeb9fbd, 0x402},
    {0xeba080, 0xeba081, 0x405},
    {0xeba087, 0xeba089, 0x407},
    {0xeba08a, 0xeba08b, 0x1946},
    {0xeba08d, 0xeba08e, 0x1948},
    {0xeba091, 0xeba097, 0x194a},
    {0xeba098, 0xeba099, 0x40c},
    {0xeba09b, 0xeba09d, 0x40e},
    {0xeba09e, 0xeba0a0, 0x1952},
    {0xeba0a1, 0xeba0a3, 0xda8},
    {0xeba0a4, 0xeba0a5, 0x411},
    {0xeba0a6, 0xeba0a7, 0x1955},
    {0xeba0a9, 0xeba0aa, 0x1957},
    {0xeba0ab, 0xeba0ac, 0x414},
    {0xeba0ad, 0xeba0af, 0x1959},
    {0xeba0b1, 0xeba0b3, 0x195c},
    {0xeba0b4, 0xeba0b5, 0x416},
    {0xeba0b7, 0xeba0b9, 0x418},
    {0xeba0ba, 0xeba0bb, 0x1960},
    {0xeba182, 0xeba183, 0x1964},
    {0xeba185, 0xeba186, 0x1966},
    {0xeba187, 0xeba188, 0xdaf},
    {0xeba189, 0xeba18f, 0x1968},
    {0xeba196, 0xeba19b, 0x1971},
    {0xeba19c, 0xeba19d, 0x41f},
    {0xeba19e, 0xeba19f, 0x1977},
    {0xeba1a1, 0xeba1a2, 0x1979},
    {0xeba1a3, 0xeba1a4, 0x422},
    {0xeba1a5, 0xeba1a7, 0x197b},
    {0xeba1a9, 0xeba1aa, 0x197e},
    {0xeba1ac, 0xeba1ad, 0x424},
    {0xeba1b2, 0xeba1b3, 0x1982},
    {0xeba1b6, 0xeba1b7, 0xdb6},
    {0xeba1b8, 0xeba1b9, 0x428},
    {0xeba1ba, 0xeba1bb, 0x1985},
    {0xeba1bd, 0xeba1bf, 0x1987},
    {0xeba281, 0xeba287, 0x198a},
    {0xeba288, 0xeba289, 0xdb9},
    {0xeba28b, 0xeba28c, 0xdbb},
    {0xeba28e, 0xeba293, 0x1992},
    {0xeba295, 0xeba297, 0x1998},
    {0xeba299, 0xeba29a, 0x199b},
    {0xeba29b, 0xeba29c, 0xdbe},
    {0xeba29d, 0xeba2a6, 0x199d},
    {0xeba2a9, 0xeba2af, 0x19a7},
    {0xeba2b2, 0xeba2b3, 0x19ae},
    {0xeba2b9, 0xeba2bf, 0x19b1},
    {0xeba380, 0xeba381, 0x431},
    {0xeba386, 0xeba38b, 0x19b9},
    {0xeba38e, 0xeba38f, 0x19bf},
    {0xeba391, 0xeba392, 0x19c1},
    {0xeba395, 0xeba39b, 0x19c3},
    {0xeba3a2, 0xeba3a7, 0x19cc},
    {0xeba3a8, 0xeba3a9, 0x43b},
    {0xeba3aa, 0xeba3ab, 0x19d2},
    {0xeba3ad, 0xeba3ae, 0x19d4},
    {0xeba3b1, 0xeba3b2, 0x19d6},
    {0xeba3b4, 0xeba3b7, 0x19d8},
    {0xeba3b8, 0xeba3b9, 0x43f},
    {0xeba3be, 0xeba3bf, 0x19de},
    {0xeba486, 0xeba487, 0x19e2},
    {0xeba489, 0xeba48a, 0x19e4},
    {0xeba48b, 0xeba48c, 0xdcd},
    {0xeba48d, 0xeba493, 0x19e6},
    {0xeba494, 0xeba495, 0xdcf},
    {0xeba49a, 0xeba49f, 0x19ee},
    {0xeba4a2, 0xeba4a3, 0x19f4},
    {0xeba4a5, 0xeba4a7, 0x19f6},
    {0xeba4a9, 0xeba4af, 0x19f9},
    {0xeba4b0, 0xeba4b1, 0xdd5},
    {0xeba4b3, 0xeba4b5, 0xdd7},
    {0xeba4b6, 0xeba4bb, 0x1a01},
    {0xeba4bc, 0xeba4bd, 0x448},
    {0xeba4be, 0xeba4bf, 0x1a07},
    {0xeba581, 0xeba582, 0x1a09},
    {0xeba585, 0xeba58b, 0x1a0b},
    {0xeba592, 0xeba597, 0x1a13},
    {0xeba598, 0xeba599, 0x44f},
    {0xeba59a, 0xeba59b, 0x1a19},
    {0xeba59d, 0xeba59e, 0x1a1b},
    {0xeba5a1, 0xeba5a7, 0x1a1d},
    {0xeba5a8, 0xeba5a9, 0x453},
    {0xeba5ae, 0xeba5b3, 0x1a26},
    {0xeba5b4, 0xeba5b5, 0x457},
    {0xeba5b6, 0xeba5b7, 0x1a2c},
    {0xeba5b9, 0xeba5ba, 0x1a2e},
    {0xeba5be, 0xeba5bf, 0x1a30},
    {0xeba681, 0xeba683, 0x1a32},
    {0xeba684, 0xeba685, 0x45b},
    {0xeba689, 0xeba68a, 0x45e},
    {0xeba68d, 0xeba690, 0x460},
    {0xeba692, 0xeba693, 0x1a38},
    {0xeba695, 0xeba697, 0x1a3a},
    {0xeba699, 0xeba69d, 0x1a3d},
    {0xeba6a0, 0xeba6a1, 0xde5},
    {0xeba6a6, 0xeba6ab, 0x1a45},
    {0xeba6ac, 0xeba6ad, 0x465},
    {0xeba6ae, 0xeba6af, 0x1a4b},
    {0xeba6b1, 0xeba6b2, 0x1a4d},
    {0xeba6b5, 0xeba6bb, 0x1a4f},
    {0xeba6bc, 0xeba6bd, 0x469},
    {0xeba780, 0xeba781, 0x46c},
    {0xeba782, 0xeba783, 0x1a56},
    {0xeba788, 0xeba789, 0x46f},
    {0xeba78e, 0xeba792, 0x472},
    {0xeba795, 0xeba797, 0x1a5d},
    {0xeba798, 0xeba799, 0x478},
    {0xeba79b, 0xeba79f, 0x47a},
    {0xeba7a1, 0xeba7a5, 0x47f},
    {0xeba7a9, 0xeba7aa, 0x1a62},
    {0xeba7ab, 0xeba7ac, 0x485},
    {0xeba7ae, 0xeba7b3, 0x1a64},
    {0xeba7b4, 0xeba7b5, 0x487},
    {0xeba7b7, 0xeba7bb, 0x489},
    {0xeba880, 0xeba881, 0x48f},
    {0xeba882, 0xeba883, 0x1a6d},
    {0xeba885, 0xeba887, 0x1a6f},
    {0xeba889, 0xeba88f, 0x1a72},
    {0xeba896, 0xeba897, 0x1a7b},
    {0xeba899, 0xeba89b, 0x1a7d},
    {0xeba89d, 0xeba8b7, 0x1a80},
    {0xeba8b8, 0xeba8b9, 0x495},
    {0xeba8bd, 0xeba8be, 0x1a9c},
    {0xeba983, 0xeba987, 0x1a9e},
    {0xeba988, 0xeba989, 0x49a},
    {0xeba98b, 0xeba98e, 0x49c},
    {0xeba990, 0xeba992, 0x1aa4},
    {0xeba993, 0xeba995, 0x4a0},
    {0xeba996, 0xeba997, 0x1aa7},
    {0xeba999, 0xeba99a, 0x1aa9},
    {0xeba99b, 0xeba99c, 0x4a4},
    {0xeba99d, 0xeba99f, 0x1aab},
    {0xeba9a1, 0xeba9a3, 0x1aae},
    {0xeba9a4, 0xeba9a5, 0x4a6},
    {0xeba9a7, 0xeba9a9, 0x4a8},
    {0xeba9ae, 0xeba9af, 0x1ab3},
    {0xeba9b0, 0xeba9b1, 0x4ac},
    {0xeba9b2, 0xeba9b3, 0x1ab5},
    {0xeba9b5, 0xeba9b6, 0x1ab7},
    {0xeba9b7, 0xeba9b8, 0x4af},
    {0xeba9bb, 0xeba9bf, 0x1aba},
    {0xebaa80, 0xebaa81, 0xdfd},
    {0xebaa83, 0xebaa85, 0x4b1},
    {0xebaa8a, 0xebaa8b, 0x1ac2},
    {0xebaa8e, 0xebaa8f, 0x1ac4},
    {0xebaa91, 0xebaa92, 0x1ac6},
    {0xebaa93, 0xebaa94, 0xe01},
    {0xebaa95, 0xebaa9b, 0x1ac8},
    {0xebaa9c, 0xebaa9d, 0xe03},
    {0xebaaa5, 0xebaaa6, 0xe08},
    {0xebaaa8, 0xebaaa9, 0x4b7},
    {0xebaaab, 0xebaaac, 0x4b9},
    {0xebaaad, 0xebaaae, 0x1ad5},
    {0xebaaaf, 0xebaab2, 0x4bb},
    {0xebaab5, 0xebaab7, 0x1ad8},
    {0xebaab8, 0xebaab9, 0x4bf},
    {0xebab80, 0xebab82, 0x1ade},
    {0xebab86, 0xebab87, 0x1ae1},
    {0xebab89, 0xebab8a, 0x1ae3},
    {0xebab8b, 0xebab8c, 0xe0e},
    {0xebab8d, 0xebab93, 0x1ae5},
    {0xebab94, 0xebab95, 0xe10},
    {0xebab98, 0xebab99, 0x4c5},
    {0xebab9a, 0xebab9f, 0x1aed},
    {0xebaba1, 0xebaba3, 0x1af3},
    {0xebaba5, 0xebaba7, 0x1af6},
    {0xebaba9, 0xebabb0, 0x1af9},
    {0xebabb2, 0xebabb3, 0x1b01},
    {0xebabb5, 0xebabbb, 0x1b03},
    {0xebabbe, 0xebabbf, 0x1b0a},
    {0xebac81, 0xebac82, 0x1b0c},
    {0xebac85, 0xebac8b, 0x1b0e},
    {0xebac8c, 0xebac8d, 0x4cc},
    {0xebac92, 0xebac97, 0x1b17},
    {0xebac9a, 0xebac9b, 0x1b1d},
    {0xebac9d, 0xebac9e, 0x1b1f},
    {0xebaca1, 0xebaca7, 0x1b21},
    {0xebacae, 0xebacb3, 0x1b2a},
    {0xebacb4, 0xebacb6, 0x4d5},
    {0xebacbb, 0xebacbe, 0x4d9},
    {0xebad81, 0xebad83, 0x1b33},
    {0xebad84, 0xebad85, 0x4dd},
    {0xebad8f, 0xebad90, 0x4e2},
    {0xebad92, 0xebad93, 0x1b3b},
    {0xebad95, 0xebad96, 0x1b3d},
    {0xebad99, 0xebad9f, 0x1b3f},
    {0xebada3, 0xebada5, 0x4e7},
    {0xebada6, 0xebadab, 0x1b47},
    {0xebadae, 0xebadaf, 0x1b4d},
    {0xebadb1, 0xebadb3, 0x1b4f},
    {0xebadb5, 0xebadbb, 0x1b52},
    {0xebadbc, 0xebadbd, 0xe25},
    {0xebae80, 0xebae81, 0xe28},
    {0xebae82, 0xebae87, 0x1b5a},
    {0xebae8d, 0xebae8f, 0x1b61},
    {0xebae91, 0xebae97, 0x1b64},
    {0xebae9c, 0xebae9d, 0xe2c},
    {0xebae9e, 0xebaea3, 0x1b6c},
    {0xebaea6, 0xebaea7, 0x1b72},
    {0xebaea9, 0xebaeaa, 0x1b74},
    {0xebaead, 0xebaeb3, 0x1b76},
    {0xebaeba, 0xebaebf, 0x1b7f},
    {0xebaf80, 0xebaf81, 0x4f7},
    {0xebaf85, 0xebaf86, 0x1b86},
    {0xebaf8a, 0xebaf8b, 0x1b88},
    {0xebaf8d, 0xebaf8e, 0x1b8a},
    {0xebaf90, 0xebaf91, 0x4fb},
    {0xebaf96, 0xebaf98, 0x1b8e},
    {0xebaf9a, 0xebaf9b, 0x1b91},
    {0xebaf9e, 0xebaf9f, 0x1b93},
    {0xebafa1, 0xebafa3, 0x1b95},
    {0xebafa5, 0xebafab, 0x1b98},
    {0xebafb3, 0xebafb7, 0x1ba1},
    {0xebafb8, 0xebafb9, 0x503},
    {0xebafba, 0xebafbb, 0x1ba6},
    {0xebafbd, 0xebafbe, 0x1ba8},
    {0xebb085, 0xebb087, 0x1bab},
    {0xebb088, 0xebb089, 0x509},
    {0xebb08b, 0xebb08d, 0x50b},
    {0xebb092, 0xebb093, 0x1baf},
    {0xebb094, 0xebb098, 0x510},
    {0xebb099, 0xebb09a, 0x1bb1},
    {0xebb09b, 0xebb09f, 0x515},
    {0xebb0a1, 0xebb0a2, 0x1bb3},
    {0xebb0a3, 0xebb0a5, 0x51a},
    {0xebb0a7, 0xebb0a9, 0x51d},
    {0xebb0b0, 0xebb0b2, 0x522},
    {0xebb0b5, 0xebb0b6, 0x1bb9},
    {0xebb0b7, 0xebb0b8, 0x526},
    {0xebb0b9, 0xebb0bf, 0x1bbb},
    {0xebb180, 0xebb181, 0x528},
    {0xebb183, 0xebb185, 0x52a},
    {0xebb187, 0xebb188, 0x1bc3},
    {0xebb18a, 0xebb18b, 0x1bc5},
    {0xebb18c, 0xebb18d, 0x52e},
    {0xebb18e, 0xebb18f, 0x1bc7},
    {0xebb191, 0xebb193, 0x1bc9},
    {0xebb195, 0xebb19b, 0x1bcc},
    {0xebb19c, 0xebb19d, 0x531},
    {0xebb1a2, 0xebb1a6, 0x1bd5},
    {0xebb1a7, 0xebb1a8, 0xe45},
    {0xebb1a9, 0xebb1af, 0x1bda},
    {0xebb1b1, 0xebb1b6, 0x1be1},
    {0xebb1b8, 0xebb1bc, 0x1be7},
    {0xebb1be, 0xebb1bf, 0x1bec},
    {0xebb280, 0xebb283, 0x1bee},
    {0xebb284, 0xebb285, 0x535},
    {0xebb289, 0xebb28a, 0x1bf3},
    {0xebb28b, 0xebb28c, 0x538},
    {0xebb291, 0xebb293, 0x1bf6},
    {0xebb294, 0xebb295, 0x53b},
    {0xebb297, 0xebb29a, 0x53d},
    {0xebb29f, 0xebb2a1, 0x542},
    {0xebb2a5, 0xebb2a6, 0x1bfd},
    {0xebb2a7, 0xebb2a8, 0x546},
    {0xebb2a9, 0xebb2af, 0x1bff},
    {0xebb2b0, 0xebb2b1, 0x548},
    {0xebb2b3, 0xebb2b5, 0x54a},
    {0xebb2b6, 0xebb2b7, 0x1c07},
    {0xebb2b8, 0xebb2b9, 0xe4f},
    {0xebb2ba, 0xebb2bb, 0x1c09},
    {0xebb2bc, 0xebb2bd, 0x54d},
    {0xebb2be, 0xebb2bf, 0x1c0b},
    {0xebb381, 0xebb382, 0x1c0d},
    {0xebb385, 0xebb387, 0x1c0f},
    {0xebb389, 0xebb38b, 0x1c12},
    {0xebb38c, 0xebb38d, 0x551},
    {0xebb38f, 0xebb391, 0x553},
    {0xebb396, 0xebb397, 0x1c16},
    {0xebb39a, 0xebb39b, 0x1c18},
    {0xebb39d, 0xebb39f, 0x1c1a},
    {0xebb3a1, 0xebb3a7, 0x1c1d},
    {0xebb3a8, 0xebb3a9, 0xe57},
    {0xebb3ae, 0xebb3b3, 0x1c26},
    {0xebb3b4, 0xebb3b6, 0x55a},
    {0xebb3b9, 0xebb3ba, 0x1c2c},
    {0xebb3bb, 0xebb3bf, 0x55e},
    {0xebb480, 0xebb483, 0x1c2e},
    {0xebb484, 0xebb485, 0x563},
    {0xebb48a, 0xebb48b, 0xe5c},
    {0xebb492, 0xebb493, 0x1c36},
    {0xebb495, 0xebb496, 0x1c38},
    {0xebb497, 0xebb498, 0xe61},
    {0xebb499, 0xebb49f, 0x1c3a},
    {0xebb4a0, 0xebb4a1, 0xe63},
    {0xebb4a3, 0xebb4a5, 0x569},
    {0xebb4a6, 0xebb4ab, 0x1c42},
    {0xebb4ad, 0xebb4af, 0x1c48},
    {0xebb4b1, 0xebb4b2, 0x1c4b},
    {0xebb4b3, 0xebb4b4, 0xe66},
    {0xebb4b5, 0xebb4bf, 0x1c4d},
    {0xebb581, 0xebb587, 0x1c58},
    {0xebb588, 0xebb589, 0x56e},
    {0xebb58d, 0xebb58e, 0x1c60},
    {0xebb591, 0xebb597, 0x1c62},
    {0xebb598, 0xebb599, 0x572},
    {0xebb59e, 0xebb5a3, 0x1c6a},
    {0xebb5a6, 0xebb5a7, 0x1c70},
    {0xebb5a9, 0xebb5ab, 0x1c72},
    {0xebb5ad, 0xebb5b3, 0x1c75},
    {0xebb5ba, 0xebb5bf, 0x1c7e},
    {0xebb680, 0xebb681, 0x578},
    {0xebb685, 0xebb686, 0x1c85},
    {0xebb687, 0xebb68a, 0x57b},
    {0xebb68c, 0xebb68d, 0x1c87},
    {0xebb690, 0xebb691, 0x57f},
    {0xebb693, 0xebb695, 0x581},
    {0xebb696, 0xebb698, 0xe74},
    {0xebb699, 0xebb69a, 0x584},
    {0xebb69c, 0xebb69d, 0x586},
    {0xebb69e, 0xebb69f, 0x1c8b},
    {0xebb6a1, 0xebb6a2, 0x1c8d},
    {0xebb6a5, 0xebb6ab, 0x1c8f},
    {0xebb6b2, 0xebb6b3, 0x1c97},
    {0xebb6b5, 0xebb6b7, 0x1c99},
    {0xebb6ba, 0xebb6bb, 0x1c9c},
    {0xebb6bd, 0xebb6be, 0x1c9e},
    {0xebb782, 0xebb787, 0x1ca0},
    {0xebb788, 0xebb789, 0xe80},
    {0xebb78b, 0xebb78d, 0xe82},
    {0xebb78e, 0xebb793, 0x1ca7},
    {0xebb794, 0xebb795, 0x58f},
    {0xebb796, 0xebb797, 0x1cad},
    {0xebb799, 0xebb79a, 0x1caf},
    {0xebb79d, 0xebb7a3, 0x1cb1},
    {0xebb7aa, 0xebb7af, 0x1cba},
    {0xebb7b2, 0xebb7b3, 0x1cc0},
    {0xebb7b5, 0xebb7b6, 0x1cc2},
    {0xebb7b9, 0xebb7bf, 0x1cc4},
    {0xebb880, 0xebb881, 0x598},
    {0xebb886, 0xebb88b, 0x1ccd},
    {0xebb88c, 0xebb88d, 0x59c},
    {0xebb88e, 0xebb88f, 0x1cd3},
    {0xebb891, 0xebb892, 0x1cd5},
    {0xebb894, 0xebb895, 0x59f},
    {0xebb897, 0xebb898, 0xe8b},
    {0xebb899, 0xebb89a, 0x1cd8},
    {0xebb89c, 0xebb89d, 0x5a1},
    {0xebb8a8, 0xebb8a9, 0x5a5},
    {0xebb8aa, 0xebb8ab, 0x1cdf},
    {0xebb8ad, 0xebb8af, 0x1ce1},
    {0xebb8b1, 0xebb8b7, 0x1ce4},
    {0xebb8b8, 0xebb8b9, 0xe92},
    {0xebb8be, 0xebb8bf, 0x1ced},
    {0xebb980, 0xebb983, 0x1cef},
    {0xebb984, 0xebb985, 0x5a9},
    {0xebb986, 0xebb987, 0x1cf3},
    {0xebb989, 0xebb98a, 0x1cf5},
    {0xebb98b, 0xebb98c, 0x5ac},
    {0xebb98f, 0xebb993, 0x1cf8},
    {0xebb994, 0xebb995, 0x5af},
    {0xebb997, 0xebb99b, 0x5b1},
    {0xebb99c, 0xebb99d, 0xe95},
    {0xebb9a0, 0xebb9a1, 0x5b6},
    {0xebb9a5, 0xebb9a6, 0x1d00},
    {0xebb9a7, 0xebb9aa, 0x5b9},
    {0xebb9ab, 0xebb9af, 0x1d02},
    {0xebb9b0, 0xebb9b1, 0x5bd},
    {0xebb9b3, 0xebb9b5, 0x5bf},
    {0xebb9b7, 0xebb9b8, 0x1d08},
    {0xebb9bb, 0xebb9be, 0x5c2},
    {0xebba81, 0xebba82, 0x1d0c},
    {0xebba85, 0xebba8b, 0x1d0e},
    {0xebba8c, 0xebba8d, 0x5c8},
    {0xebba8f, 0xebba91, 0x5ca},
    {0xebba92, 0xebba97, 0x1d16},
    {0xebba98, 0xebba99, 0x5cd},
    {0xebba9a, 0xebba9b, 0x1d1c},
    {0xebba9d, 0xebbaa7, 0x1d1e},
    {0xebbaa9, 0xebbab3, 0x1d29},
    {0xebbab5, 0xebbab7, 0x1d34},
    {0xebbab9, 0xebbabf, 0x1d37},
    {0xebbb80, 0xebbb8f, 0x1d3e},
    {0xebbb90, 0xebbb91, 0x5d1},
    {0xebbb92, 0xebbb93, 0x1d4e},
    {0xebbb95, 0xebbb96, 0x1d50},
    {0xebbb97, 0xebbb99, 0x5d4},
    {0xebbb9a, 0xebbb9f, 0x1d52},
    {0xebbba3, 0xebbba5, 0x5d8},
    {0xebbba7, 0xebbbab, 0x1d59},
    {0xebbbae, 0xebbbaf, 0x1d5e},
    {0xebbbb1, 0xebbbb2, 0x1d60},
    {0xebbbb3, 0xebbbb4, 0xea1},
    {0xebbbb5, 0xebbbbb, 0x1d62},
    {0xebbbbc, 0xebbbbd, 0xea3},
    {0xebbc82, 0xebbc87, 0x1d6b},
    {0xebbc88, 0xebbc89, 0x5de},
    {0xebbc8a, 0xebbc8b, 0x1d71},
    {0xebbc8d, 0xebbc8e, 0x1d73},
    {0xebbc8f, 0xebbc90, 0xea6},
    {0xebbc91, 0xebbc97, 0x1d75},
    {0xebbc98, 0xebbc99, 0x5e1},
    {0xebbc9b, 0xebbc9d, 0x5e3},
    {0xebbca2, 0xebbca3, 0x1d7f},
    {0xebbca5, 0xebbcb6, 0x1d81},
    {0xebbcb7, 0xebbcb9, 0xeab},
    {0xebbcba, 0xebbcbf, 0x1d93},
    {0xebbd80, 0xebbd81, 0x5e6},
    {0xebbd82, 0xebbd83, 0x1d99},
    {0xebbd85, 0xebbd86, 0x1d9b},
    {0xebbd89, 0xebbd8f, 0x1d9d},
    {0xebbd90, 0xebbd91, 0x5ea},
    {0xebbd96, 0xebbd98, 0x1da6},
    {0xebbd9b, 0xebbd9c, 0xeb0},
    {0xebbd9d, 0xebbd9f, 0x1daa},
    {0xebbda1, 0xebbda2, 0x1dad},
    {0xebbda4, 0xebbdb7, 0x1daf},
    {0xebbdb9, 0xebbdbe, 0x1dc3},
    {0xebbe80, 0xebbe93, 0x1dc9},
    {0xebbe95, 0xebbea3, 0x1ddd},
    {0xebbea4, 0xebbea5, 0xeb6},
    {0xebbea6, 0xebbeab, 0x1dec},
    {0xebbead, 0xebbeaf, 0x1df2},
    {0xebbeb0, 0xebbeb1, 0x5ef},
    {0xebbeb2, 0xebbebf, 0x1df5},
    {0xebbf80, 0xebbf81, 0xeb9},
    {0xebbf82, 0xebbf84, 0x1e03},
    {0xebbf86, 0xebbf8b, 0x1e06},
    {0xebbf8c, 0xebbf8d, 0x5f2},
    {0xebbf8e, 0xebbf8f, 0x1e0c},
    {0xebbf91, 0xebbf92, 0x1e0e},
    {0xebbf94, 0xebbf95, 0x5f5},
    {0xebbf96, 0xebbf9b, 0x1e10},
    {0xebbf9c, 0xebbf9d, 0x5f7},
    {0xebbfa2, 0xebbfa4, 0x1e18},
    {0xebbfa6, 0xebbfa7, 0x1e1b},
    {0xebbfa9, 0xebbfae, 0x1e1d},
    {0xebbfb0, 0xebbfbf, 0x1e23},
    {0xec8080, 0xec8083, 0x1e33},
    {0xec8085, 0xec809f, 0x1e37},
    {0xec80a2, 0xec80bb, 0x1e52},
    {0xec80bd, 0xec80bf, 0x1e6c},
    {0xec8180, 0xec8182, 0x1e6f},
    {0xec8183, 0xec8184, 0xec1},
    {0xec8185, 0xec8190, 0x1e72},
    {0xec8192, 0xec8197, 0x1e7e},
    {0xec819a, 0xec819b, 0x1e84},
    {0xec819d, 0xec819e, 0x1e86},
    {0xec81a1, 0xec81a7, 0x1e88},
    {0xec81a8, 0xec81a9, 0x601},
    {0xec81ae, 0xec81b3, 0x1e91},
    {0xec81b5, 0xec81bf, 0x1e97},
    {0xec8280, 0xec828f, 0x1ea2},
    {0xec8290, 0xec8291, 0x604},
    {0xec8292, 0xec8293, 0x1eb2},
    {0xec8295, 0xec8296, 0x1eb4},
    {0xec8299, 0xec829f, 0x1eb6},
    {0xec82a0, 0xec82a1, 0x608},
    {0xec82a6, 0xec82a7, 0xec9},
    {0xec82a8, 0xec82aa, 0x1ebe},
    {0xec82ac, 0xec82ad, 0x60c},
    {0xec82af, 0xec82b0, 0x60e},
    {0xec82b1, 0xec82b2, 0x1ec1},
    {0xec82b3, 0xec82b6, 0x610},
    {0xec82b7, 0xec82b8, 0xecd},
    {0xec82ba, 0xec82bb, 0xecf},
    {0xec82bc, 0xec82bd, 0x614},
    {0xec8380, 0xec8381, 0x617},
    {0xec8382, 0xec8384, 0xed1},
    {0xec8385, 0xec8386, 0x619},
    {0xec8388, 0xec8389, 0x61b},
    {0xec838d, 0xec838e, 0x1ec6},
    {0xec838f, 0xec8390, 0x61e},
    {0xec8391, 0xec8397, 0x1ec8},
    {0xec8398, 0xec8399, 0x620},
    {0xec839b, 0xec839d, 0x622},
    {0xec839e, 0xec83a2, 0x1ed0},
    {0xec83a4, 0xec83a5, 0x625},
    {0xec83a6, 0xec83a7, 0x1ed5},
    {0xec83a9, 0xec83aa, 0x1ed7},
    {0xec83ad, 0xec83b3, 0x1ed9},
    {0xec83b4, 0xec83b5, 0x629},
    {0xec83bc, 0xec83bd, 0x1ee2},
    {0xec8480, 0xec8481, 0x62e},
    {0xec8482, 0xec8483, 0x1ee4},
    {0xec8485, 0xec8487, 0x1ee6},
    {0xec8489, 0xec848f, 0x1ee9},
    {0xec8491, 0xec8494, 0x1ef0},
    {0xec8496, 0xec849b, 0x1ef4},
    {0xec849c, 0xec84a0, 0x634},
    {0xec84a1, 0xec84a2, 0x1efa},
    {0xec84a3, 0xec84a4, 0x639},
    {0xec84a6, 0xec84a7, 0x63b},
    {0xec84ac, 0xec84ad, 0x63d},
    {0xec84af, 0xec84b1, 0x63f},
    {0xec84b2, 0xec84b3, 0x1eff},
    {0xec84b8, 0xec84b9, 0x643},
    {0xec84ba, 0xec84bb, 0x1f03},
    {0xec84bd, 0xec84be, 0x1f05},
    {0xec8581, 0xec8587, 0x1f07},
    {0xec8588, 0xec8589, 0x648},
    {0xec858b, 0xec858d, 0x64a},
    {0xec858f, 0xec8590, 0x1f0f},
    {0xec8594, 0xec8595, 0x64e},
    {0xec8599, 0xec859a, 0x1f13},
    {0xec859d, 0xec859e, 0x1f15},
    {0xec859f, 0xec85a0, 0xee3},
    {0xec85a1, 0xec85a3, 0x1f17},
    {0xec85a4, 0xec85a5, 0x652},
    {0xec85a7, 0xec85a9, 0x654},
    {0xec85aa, 0xec85af, 0x1f1b},
    {0xec85b0, 0xec85b1, 0x657},
    {0xec85b5, 0xec85b7, 0x1f22},
    {0xec85b9, 0xec85bf, 0x1f25},
    {0xec8680, 0xec8681, 0x65b},
    {0xec8683, 0xec8684, 0xee6},
    {0xec8686, 0xec868b, 0x1f2d},
    {0xec868c, 0xec868e, 0x65e},
    {0xec8691, 0xec8692, 0x1f34},
    {0xec8693, 0xec8694, 0x662},
    {0xec8697, 0xec8698, 0xee9},
    {0xec8699, 0xec869b, 0x1f36},
    {0xec869c, 0xec869d, 0x665},
    {0xec86a8, 0xec86a9, 0x66a},
    {0xec86aa, 0xec86ab, 0x1f3e},
    {0xec86ad, 0xec86af, 0x1f40},
    {0xec86b1, 0xec86b7, 0x1f43},
    {0xec86b8, 0xec86b9, 0xeed},
    {0xec86bb, 0xec86bc, 0xeef},
    {0xec86be, 0xec86bf, 0x1f4b},
    {0xec8780, 0xec8783, 0x1f4d},
    {0xec8786, 0xec8787, 0x1f51},
    {0xec8789, 0xec878a, 0x1f53},
    {0xec878d, 0xec8793, 0x1f55},
    {0xec8797, 0xec8798, 0x673},
    {0xec879a, 0xec879f, 0x1f5d},
    {0xec87a2, 0xec87a3, 0x1f63},
    {0xec87a5, 0xec87a6, 0x1f65},
    {0xec87a9, 0xec87af, 0x1f67},
    {0xec87b0, 0xec87b1, 0x678},
    {0xec87b3, 0xec87b5, 0x67a},
    {0xec87b6, 0xec87bb, 0x1f6f},
    {0xec87bc, 0xec87bd, 0x67d},
    {0xec87be, 0xec87bf, 0x1f75},
    {0xec8881, 0xec8882, 0x1f77},
    {0xec8885, 0xec888b, 0x1f79},
    {0xec888c, 0xec888d, 0x681},
    {0xec8892, 0xec8895, 0x1f82},
    {0xec8898, 0xec8899, 0x686},
    {0xec889a, 0xec889b, 0x1f87},
    {0xec889d, 0xec889e, 0x1f89},
    {0xec889f, 0xec88a0, 0x689},
    {0xec88a2, 0xec88a3, 0x1f8b},
    {0xec88a5, 0xec88a6, 0x1f8d},
    {0xec88a8, 0xec88a9, 0x68b},
    {0xec88b1, 0xec88b2, 0x690},
    {0xec88b6, 0xec88b7, 0x1f92},
    {0xec88b9, 0xec88ba, 0x1f94},
    {0xec88bb, 0xec88bc, 0xeff},
    {0xec88bd, 0xec88bf, 0x1f96},
    {0xec8980, 0xec8983, 0x1f99},
    {0xec8984, 0xec8985, 0xf01},
    {0xec898a, 0xec898f, 0x1f9e},
    {0xec8990, 0xec8991, 0x694},
    {0xec8992, 0xec8993, 0x1fa4},
    {0xec8995, 0xec8996, 0x1fa6},
    {0xec8999, 0xec899f, 0x1fa8},
    {0xec89a3, 0xec89a4, 0xf07},
    {0xec89a6, 0xec89ab, 0x1fb0},
    {0xec89ac, 0xec89ad, 0x69a},
    {0xec89ae, 0xec89af, 0x1fb6},
    {0xec89b1, 0xec89b2, 0x1fb8},
    {0xec89b5, 0xec89bb, 0x1fba},
    {0xec89bc, 0xec89bd, 0x69e},
    {0xec8a82, 0xec8a85, 0x1fc3},
    {0xec8a88, 0xec8a89, 0x6a2},
    {0xec8a8a, 0xec8a8b, 0x1fc8},
    {0xec8a8d, 0xec8a8e, 0x1fca},
    {0xec8a91, 0xec8a97, 0x1fcc},
    {0xec8a9e, 0xec8aa3, 0x1fd5},
    {0xec8aa4, 0xec8aa5, 0x6a9},
    {0xec8aa6, 0xec8aa7, 0x1fdb},
    {0xec8aa9, 0xec8aaa, 0x1fdd},
    {0xec8aab, 0xec8aad, 0x6ac},
    {0xec8aae, 0xec8ab0, 0xf0d},
    {0xec8ab4, 0xec8ab5, 0x6b0},
    {0xec8aba, 0xec8abb, 0xf11},
    {0xec8abc, 0xec8abd, 0x1fe2},
    {0xec8b80, 0xec8b81, 0x6b4},
    {0xec8b82, 0xec8b83, 0x1fe5},
    {0xec8b85, 0xec8b87, 0x1fe7},
    {0xec8b89, 0xec8b8f, 0x1fea},
    {0xec8b90, 0xec8b91, 0xf16},
    {0xec8b96, 0xec8b9b, 0x1ff3},
    {0xec8b9c, 0xec8b9d, 0x6b6},
    {0xec8ba3, 0xec8ba5, 0x6b9},
    {0xec8ba9, 0xec8baa, 0x1ffc},
    {0xec8bab, 0xec8bad, 0x6bc},
    {0xec8baf, 0xec8bb1, 0x6bf},
    {0xec8bb8, 0xec8bb9, 0x6c4},
    {0xec8bbb, 0xec8bbc, 0x6c6},
    {0xec8bbd, 0xec8bbe, 0x2003},
    {0xec8c81, 0xec8c82, 0xf1f},
    {0xec8c83, 0xec8c87, 0x2005},
    {0xec8c88, 0xec8c89, 0x6ca},
    {0xec8c8c, 0xec8c8d, 0x6cc},
    {0xec8c8f, 0xec8c90, 0x200b},
    {0xec8c93, 0xec8c95, 0x6ce},
    {0xec8c96, 0xec8c97, 0x200e},
    {0xec8c99, 0xec8c9a, 0x2010},
    {0xec8c9d, 0xec8ca3, 0x2012},
    {0xec8ca4, 0xec8ca5, 0x6d3},
    {0xec8ca8, 0xec8ca9, 0x6d5},
    {0xec8caa, 0xec8cae, 0x201a},
    {0xec8cb0, 0xec8cb1, 0x6d7},
    {0xec8cb2, 0xec8cb3, 0x201f},
    {0xec8cb5, 0xec8cb6, 0x2021},
    {0xec8cb7, 0xec8cb8, 0xf28},
    {0xec8cb9, 0xec8cbf, 0x2023},
    {0xec8d80, 0xec8d81, 0xf2a},
    {0xec8d86, 0xec8d8b, 0x202c},
    {0xec8d8d, 0xec8d8f, 0x2032},
    {0xec8d91, 0xec8d93, 0x2035},
    {0xec8d95, 0xec8d9b, 0x2038},
    {0xec8d9d, 0xec8da0, 0x203f},
    {0xec8da2, 0xec8da7, 0x2043},
    {0xec8da8, 0xec8da9, 0x6da},
    {0xec8dad, 0xec8dae, 0x204a},
    {0xec8db3, 0xec8db7, 0x204d},
    {0xec8db8, 0xec8db9, 0x6df},
    {0xec8dbc, 0xec8dbd, 0x6e1},
    {0xec8dbe, 0xec8dbf, 0x2053},
    {0xec8e80, 0xec8e81, 0x2055},
    {0xec8e84, 0xec8e85, 0x6e4},
    {0xec8e86, 0xec8e87, 0x2058},
    {0xec8e89, 0xec8e8a, 0x205a},
    {0xec8e8d, 0xec8e93, 0x205c},
    {0xec8e97, 0xec8e99, 0xf37},
    {0xec8e9a, 0xec8e9c, 0x2064},
    {0xec8e9e, 0xec8e9f, 0x2067},
    {0xec8ea2, 0xec8ea3, 0x2069},
    {0xec8ea5, 0xec8ea6, 0x206b},
    {0xec8ea7, 0xec8ea8, 0xf3c},
    {0xec8ea9, 0xec8eaf, 0x206d},
    {0xec8eb0, 0xec8eb1, 0xf3e},
    {0xec8eb3, 0xec8eb4, 0xf40},
    {0xec8eb6, 0xec8ebb, 0x2075},
    {0xec8ebe, 0xec8ebf, 0x207b},
    {0xec8f81, 0xec8f8b, 0x207d},
    {0xec8f8c, 0xec8f8d, 0xf43},
    {0xec8f8f, 0xec8f91, 0xf45},
    {0xec8f92, 0xec8f97, 0x2089},
    {0xec8f98, 0xec8f9a, 0x6ee},
    {0xec8f9d, 0xec8f9e, 0x2090},
    {0xec8f9f, 0xec8fa0, 0x6f2},
    {0xec8fa3, 0xec8fa7, 0x2093},
    {0xec8fa8, 0xec8fa9, 0x6f5},
    {0xec8fae, 0xec8fb0, 0x209a},
    {0xec8fb2, 0xec8fb3, 0x209d},
    {0xec8fb4, 0xec8fb5, 0x6f8},
    {0xec8fb6, 0xec8fb7, 0x209f},
    {0xec8fb9, 0xec8fba, 0x20a1},
    {0xec8fbd, 0xec8fbf, 0x20a3},
    {0xec9080, 0xec9083, 0x20a6},
    {0xec9084, 0xec9085, 0xf4b},
    {0xec908c, 0xec908f, 0x20ac},
    {0xec9092, 0xec9093, 0x20b0},
    {0xec9095, 0xec9096, 0x20b2},
    {0xec9097, 0xec9098, 0xf51},
    {0xec9099, 0xec90a2, 0x20b4},
    {0xec90a5, 0xec90ab, 0x20be},
    {0xec90ae, 0xec90af, 0x20c5},
    {0xec90b1, 0xec90b2, 0x20c7},
    {0xec90b5, 0xec90bb, 0x20c9},
    {0xec90bc, 0xec90bd, 0x703},
    {0xec9182, 0xec9187, 0x20d1},
    {0xec918a, 0xec918b, 0x20d7},
    {0xec918d, 0xec918e, 0x20d9},
    {0xec918f, 0xec9190, 0xf5a},
    {0xec9191, 0xec9197, 0x20db},
    {0xec9198, 0xec9199, 0xf5c},
    {0xec919e, 0xec91a3, 0x20e4},
    {0xec91a4, 0xec91a5, 0x708},
    {0xec91a6, 0xec91a7, 0x20ea},
    {0xec91a9, 0xec91aa, 0x20ec},
    {0xec91ad, 0xec91b3, 0x20ee},
    {0xec91b4, 0xec91b5, 0x70c},
    {0xec91ba, 0xec91bd, 0x20f7},
    {0xec9282, 0xec9283, 0x20fc},
    {0xec9285, 0xec9286, 0x20fe},
    {0xec9287, 0xec9288, 0xf64},
    {0xec9289, 0xec928f, 0x2100},
    {0xec9296, 0xec929b, 0x2108},
    {0xec929e, 0xec929f, 0x210e},
    {0xec92a1, 0xec92a2, 0x2110},
    {0xec92a3, 0xec92a4, 0xf6a},
    {0xec92a5, 0xec92ab, 0x2112},
    {0xec92af, 0xec92b1, 0xf6d},
    {0xec92b2, 0xec92b7, 0x211a},
    {0xec92ba, 0xec92bb, 0x2120},
    {0xec92bd, 0xec92be, 0x2122},
    {0xec9381, 0xec9387, 0x2124},
    {0xec9388, 0xec9389, 0xf73},
    {0xec938e, 0xec9392, 0x212d},
    {0xec9396, 0xec9397, 0x2132},
    {0xec9399, 0xec939a, 0x2134},
    {0xec939b, 0xec939c, 0xf7a},
    {0xec939d, 0xec93a3, 0x2136},
    {0xec93a4, 0xec93a5, 0xf7c},
    {0xec93aa, 0xec93af, 0x213f},
    {0xec93b0, 0xec93b1, 0x719},
    {0xec93b2, 0xec93b3, 0x2145},
    {0xec93b5, 0xec93b6, 0x2147},
    {0xec93bb, 0xec93be, 0x214a},
    {0xec9480, 0xec9481, 0x71f},
    {0xec9486, 0xec948b, 0x2150},
    {0xec948e, 0xec948f, 0x2156},
    {0xec9491, 0xec9493, 0x2158},
    {0xec9495, 0xec949b, 0x215b},
    {0xec94a2, 0xec94a7, 0x2164},
    {0xec94a8, 0xec94a9, 0x726},
    {0xec94ab, 0xec94ac, 0x728},
    {0xec94ad, 0xec94ae, 0x216b},
    {0xec94b2, 0xec94b7, 0x216d},
    {0xec94b8, 0xec94b9, 0x72b},
    {0xec94bb, 0xec94bd, 0x72d},
    {0xec9581, 0xec9582, 0x2175},
    {0xec9584, 0xec9585, 0x731},
    {0xec9586, 0xec9587, 0x2177},
    {0xec9588, 0xec958f, 0x733},
    {0xec9590, 0xec9591, 0x2179},
    {0xec9593, 0xec9595, 0x73b},
    {0xec9597, 0xec9599, 0x73e},
    {0xec959a, 0xec959b, 0xf8b},
    {0xec959c, 0xec959e, 0x741},
    {0xec95a0, 0xec95a1, 0x744},
    {0xec95a2, 0xec95a3, 0x217b},
    {0xec95a5, 0xec95a6, 0x217d},
    {0xec95a9, 0xec95af, 0x217f},
    {0xec95b0, 0xec95b1, 0x748},
    {0xec95b3, 0xec95b5, 0x74a},
    {0xec95b6, 0xec95b8, 0x2187},
    {0xec95b9, 0xec95ba, 0xf8f},
    {0xec95bc, 0xec95bd, 0x74d},
    {0xec9681, 0xec9682, 0x218c},
    {0xec9685, 0xec9686, 0x218e},
    {0xec9688, 0xec968b, 0x2190},
    {0xec968c, 0xec968d, 0x752},
    {0xec968f, 0xec9691, 0x754},
    {0xec9697, 0xec9698, 0x758},
    {0xec969a, 0xec969b, 0x2197},
    {0xec969d, 0xec969e, 0x2199},
    {0xec96a1, 0xec96a7, 0x219b},
    {0xec96ac, 0xec96ad, 0x75d},
    {0xec96ae, 0xec96b3, 0x21a3},
    {0xec96b4, 0xec96b5, 0x75f},
    {0xec96b8, 0xec96be, 0x761},
    {0xec9780, 0xec9783, 0x21aa},
    {0xec9784, 0xec978a, 0x768},
    {0xec978e, 0xec9791, 0x770},
    {0xec9792, 0xec9793, 0x21b0},
    {0xec9795, 0xec9796, 0x21b2},
    {0xec9799, 0xec979f, 0x21b4},
    {0xec97a0, 0xec97a1, 0x776},
    {0xec97a3, 0xec97a5, 0x778},
    {0xec97a6, 0xec97a8, 0x21bc},
    {0xec97a9, 0xec97aa, 0xf9c},
    {0xec97ac, 0xec97ae, 0x77b},
    {0xec97b6, 0xec97b7, 0x780},
    {0xec97b9, 0xec97bb, 0x21c3},
    {0xec97bc, 0xec97bf, 0x782},
    {0xec9880, 0xec9881, 0x786},
    {0xec9882, 0xec9883, 0x21c6},
    {0xec9885, 0xec9888, 0x788},
    {0xec988a, 0xec988b, 0x21c8},
    {0xec988d, 0xec988e, 0x21ca},
    {0xec988f, 0xec9890, 0x78d},
    {0xec9891, 0xec9897, 0x21cc},
    {0xec9898, 0xec9899, 0x78f},
    {0xec989b, 0xec989d, 0x791},
    {0xec989e, 0xec989f, 0x21d4},
    {0xec98a1, 0xec98a3, 0x21d6},
    {0xec98a4, 0xec98a6, 0x794},
    {0xec98ab, 0xec98b0, 0x798},
    {0xec98b3, 0xec98b5, 0x79e},
    {0xec98bd, 0xec98be, 0xfa7},
    {0xec9980, 0xec9981, 0x7a4},
    {0xec9982, 0xec9983, 0x21e0},
    {0xec9985, 0xec9986, 0x21e2},
    {0xec9989, 0xec998d, 0x21e4},
    {0xec9990, 0xec9991, 0x7a9},
    {0xec9993, 0xec9995, 0x7ab},
    {0xec9996, 0xec9997, 0x21eb},
    {0xec999a, 0xec999b, 0x21ed},
    {0xec999c, 0xec999d, 0x7af},
    {0xec999e, 0xec999f, 0x21ef},
    {0xec99a1, 0xec99a2, 0x21f1},
    {0xec99a3, 0xec99a4, 0xfab},
    {0xec99a5, 0xec99ab, 0x21f3},
    {0xec99ac, 0xec99ad, 0x7b2},
    {0xec99af, 0xec99b1, 0x7b4},
    {0xec99b2, 0xec99b7, 0x21fb},
    {0xec99b8, 0xec99b9, 0x7b7},
    {0xec99ba, 0xec99bb, 0x2201},
    {0xec99bd, 0xec99be, 0x2203},
    {0xec9a83, 0xec9a87, 0x2206},
    {0xec9a88, 0xec9a89, 0x7bb},
    {0xec9a8b, 0xec9a8d, 0x7bd},
    {0xec9a8e, 0xec9a91, 0x220c},
    {0xec9a94, 0xec9a95, 0x7c0},
    {0xec9a96, 0xec9a97, 0x2211},
    {0xec9a99, 0xec9a9a, 0x2213},
    {0xec9a9e, 0xec9aa3, 0x2215},
    {0xec9aa4, 0xec9aa5, 0x7c4},
    {0xec9aaa, 0xec9aab, 0x221d},
    {0xec9aad, 0xec9aaf, 0x221f},
    {0xec9ab0, 0xec9ab1, 0x7c8},
    {0xec9ab2, 0xec9ab3, 0x2222},
    {0xec9ab5, 0xec9ab6, 0x2224},
    {0xec9ab7, 0xec9aba, 0x7cb},
    {0xec9abd, 0xec9abf, 0x2227},
    {0xec9b80, 0xec9b83, 0x7cf},
    {0xec9b8a, 0xec9b8b, 0x222c},
    {0xec9b8c, 0xec9b8d, 0x7d5},
    {0xec9b8e, 0xec9b8f, 0x222e},
    {0xec9b92, 0xec9b93, 0xfb6},
    {0xec9b95, 0xec9b97, 0x2231},
    {0xec9b99, 0xec9b9b, 0x2234},
    {0xec9b9c, 0xec9b9d, 0x7d9},
    {0xec9b9f, 0xec9ba1, 0x7db},
    {0xec9ba2, 0xec9ba3, 0x2238},
    {0xec9ba4, 0xec9ba5, 0xfb9},
    {0xec9ba6, 0xec9ba7, 0x223a},
    {0xec9ba8, 0xec9ba9, 0x7de},
    {0xec9baa, 0xec9bab, 0x223c},
    {0xec9bad, 0xec9bae, 0x223e},
    {0xec9bb1, 0xec9bb7, 0x2240},
    {0xec9bb8, 0xec9bb9, 0x7e2},
    {0xec9bbe, 0xec9bbf, 0x2248},
    {0xec9c82, 0xec9c83, 0x224b},
    {0xec9c84, 0xec9c85, 0x7e6},
    {0xec9c86, 0xec9c87, 0x224d},
    {0xec9c89, 0xec9c8a, 0x224f},
    {0xec9c8f, 0xec9c92, 0x2252},
    {0xec9c94, 0xec9c95, 0x7ea},
    {0xec9c97, 0xec9c99, 0x7ec},
    {0xec9c9a, 0xec9c9b, 0x2257},
    {0xec9c9c, 0xec9c9d, 0xfc1},
    {0xec9c9e, 0xec9c9f, 0x2259},
    {0xec9ca0, 0xec9ca1, 0x7ef},
    {0xec9ca2, 0xec9ca3, 0x225b},
    {0xec9ca5, 0xec9ca6, 0x225d},
    {0xec9ca9, 0xec9caf, 0x225f},
    {0xec9cb0, 0xec9cb1, 0x7f3},
    {0xec9cb8, 0xec9cb9, 0xfc5},
    {0xec9cba, 0xec9cbb, 0x2268},
    {0xec9cbc, 0xec9cbe, 0x7f8},
    {0xec9d81, 0xec9d82, 0x226b},
    {0xec9d83, 0xec9d84, 0x7fc},
    {0xec9d85, 0xec9d86, 0xfc7},
    {0xec9d88, 0xec9d89, 0x226d},
    {0xec9d8c, 0xec9d8f, 0x800},
    {0xec9d91, 0xec9d98, 0x804},
    {0xec9d9a, 0xec9d9b, 0x2271},
    {0xec9d9d, 0xec9d9e, 0x2273},
    {0xec9da1, 0xec9da5, 0x2275},
    {0xec9da8, 0xec9da9, 0x80e},
    {0xec9dab, 0xec9dad, 0x810},
    {0xec9dae, 0xec9db3, 0x227c},
    {0xec9db4, 0xec9db5, 0x813},
    {0xec9db6, 0xec9db7, 0x2282},
    {0xec9db9, 0xec9dba, 0x2284},
    {0xec9dbb, 0xec9dbe, 0x816},
    {0xec9e83, 0xec9e85, 0x81a},
    {0xec9e87, 0xec9e8a, 0x81d},
    {0xec9e8c, 0xec9e8e, 0x821},
    {0xec9e90, 0xec9e91, 0x824},
    {0xec9e96, 0xec9e98, 0x827},
    {0xec9e9b, 0xec9e9f, 0x228a},
    {0xec9ea0, 0xec9ea1, 0x82b},
    {0xec9ea3, 0xec9ea6, 0x82d},
    {0xec9ea9, 0xec9eab, 0xfd4},
    {0xec9eac, 0xec9ead, 0x831},
    {0xec9eae, 0xec9eaf, 0x2291},
    {0xec9eb2, 0xec9eb3, 0xfd7},
    {0xec9eb5, 0xec9ebb, 0x2294},
    {0xec9ebc, 0xec9ebd, 0x835},
    {0xec9f80, 0xec9f81, 0x838},
    {0xec9f83, 0xec9f87, 0x229c},
    {0xec9f88, 0xec9f89, 0x83a},
    {0xec9f8a, 0xec9f8b, 0x22a1},
    {0xec9f91, 0xec9f97, 0x22a4},
    {0xec9f9e, 0xec9fa3, 0x22ad},
    {0xec9fa5, 0xec9fa7, 0x22b3},
    {0xec9fa9, 0xec9faa, 0x22b6},
    {0xec9fad, 0xec9fb3, 0x22b8},
    {0xec9fba, 0xec9fbf, 0x22c1},
    {0xeca080, 0xeca082, 0x845},
    {0xeca087, 0xeca08b, 0x849},
    {0xeca08c, 0xeca08f, 0x22c9},
    {0xeca090, 0xeca091, 0x84e},
    {0xeca093, 0xeca096, 0x850},
    {0xeca097, 0xeca098, 0x22ce},
    {0xeca09c, 0xeca09d, 0x854},
    {0xeca09e, 0xeca09f, 0x22d1},
    {0xeca0a1, 0xeca0a2, 0x22d3},
    {0xeca0a5, 0xeca0ab, 0x22d5},
    {0xeca0ac, 0xeca0ad, 0x858},
    {0xeca0b3, 0xeca0b5, 0x22dd},
    {0xeca0b8, 0xeca0b9, 0x85c},
    {0xeca0ba, 0xeca0bb, 0x22e1},
    {0xeca0bd, 0xeca0be, 0x22e3},
    {0xeca184, 0xeca186, 0x22e5},
    {0xeca188, 0xeca189, 0x861},
    {0xeca18b, 0xeca18d, 0x863},
    {0xeca18f, 0xeca190, 0x22e9},
    {0xeca196, 0xeca197, 0x22ec},
    {0xeca199, 0xeca19b, 0x22ee},
    {0xeca19d, 0xeca1a3, 0x22f1},
    {0xeca1a4, 0xeca1a5, 0xff2},
    {0xeca1aa, 0xeca1af, 0x22fa},
    {0xeca1b0, 0xeca1b1, 0x867},
    {0xeca1b2, 0xeca1b3, 0x2300},
    {0xeca1b5, 0xeca1b6, 0x2302},
    {0xeca1bb, 0xeca1bf, 0x2305},
    {0xeca280, 0xeca281, 0x86c},
    {0xeca285, 0xeca287, 0x86f},
    {0xeca288, 0xeca28a, 0x230c},
    {0xeca28b, 0xeca28d, 0x872},
    {0xeca28e, 0xeca28f, 0x230f},
    {0xeca292, 0xeca293, 0xff7},
    {0xeca296, 0xeca29b, 0x2312},
    {0xeca2a2, 0xeca2a5, 0x2319},
    {0xeca2aa, 0xeca2ab, 0x231e},
    {0xeca2ad, 0xeca2ae, 0x2320},
    {0xeca2af, 0xeca2b0, 0xffd},
    {0xeca2b1, 0xeca2b7, 0x2322},
    {0xeca2b9, 0xeca2ba, 0x2329},
    {0xeca2bc, 0xeca2bd, 0x87d},
    {0xeca2be, 0xeca2bf, 0x232b},
    {0xeca380, 0xeca383, 0x232d},
    {0xeca384, 0xeca385, 0x87f},
    {0xeca386, 0xeca387, 0x2331},
    {0xeca389, 0xeca38a, 0x2333},
    {0xeca38d, 0xeca393, 0x2335},
    {0xeca394, 0xeca395, 0x883},
    {0xeca39a, 0xeca39f, 0x233d},
    {0xeca3a0, 0xeca3a1, 0x887},
    {0xeca3a2, 0xeca3a3, 0x2343},
    {0xeca3a5, 0xeca3a6, 0x2345},
    {0xeca3a7, 0xeca3a8, 0x1003},
    {0xeca3a9, 0xeca3af, 0x2347},
    {0xeca3b0, 0xeca3b1, 0x1005},
    {0xeca3b6, 0xeca3ba, 0x2350},
    {0xeca3bc, 0xeca3bd, 0x88b},
    {0xeca3be, 0xeca3bf, 0x2355},
    {0xeca481, 0xeca482, 0x2357},
    {0xeca484, 0xeca486, 0x88e},
    {0xeca489, 0xeca48b, 0x235a},
    {0xeca48c, 0xeca48d, 0x891},
    {0xeca492, 0xeca496, 0x235f},
    {0xeca49a, 0xeca49b, 0x2364},
    {0xeca49d, 0xeca49e, 0x2366},
    {0xeca49f, 0xeca4a0, 0x100e},
    {0xeca4a1, 0xeca4a7, 0x2368},
    {0xeca4a8, 0xeca4a9, 0x1010},
    {0xeca4ae, 0xeca4b3, 0x2370},
    {0xeca4b6, 0xeca4b7, 0x2376},
    {0xeca4b9, 0xeca4ba, 0x2378},
    {0xeca4bb, 0xeca4bc, 0x1016},
    {0xeca4bd, 0xeca4bf, 0x237a},
    {0xeca580, 0xeca583, 0x237d},
    {0xeca584, 0xeca585, 0x1018},
    {0xeca587, 0xeca589, 0x101a},
    {0xeca58a, 0xeca58f, 0x2382},
    {0xeca590, 0xeca591, 0x898},
    {0xeca592, 0xeca593, 0x2388},
    {0xeca595, 0xeca596, 0x238a},
    {0xeca599, 0xeca59f, 0x238c},
    {0xeca5a0, 0xeca5a1, 0x89c},
    {0xeca5a6, 0xeca5ab, 0x2395},
    {0xeca5ac, 0xeca5ad, 0x89f},
    {0xeca5ae, 0xeca5af, 0x239b},
    {0xeca5b1, 0xeca5b3, 0x239d},
    {0xeca5b5, 0xeca5bb, 0x23a0},
    {0xeca682, 0xeca687, 0x23a9},
    {0xeca688, 0xeca689, 0x8a5},
    {0xeca68a, 0xeca68b, 0x23af},
    {0xeca68d, 0xeca68e, 0x23b1},
    {0xeca695, 0xeca697, 0x23b4},
    {0xeca698, 0xeca699, 0x8aa},
    {0xeca69f, 0xeca6a3, 0x23b9},
    {0xeca6a6, 0xeca6a7, 0x23be},
    {0xeca6a9, 0xeca6ab, 0x23c0},
    {0xeca6ad, 0xeca6b3, 0x23c3},
    {0xeca6b4, 0xeca6b5, 0x1028},
    {0xeca6ba, 0xeca6bf, 0x23cc},
    {0xeca780, 0xeca781, 0x8af},
    {0xeca782, 0xeca783, 0x23d2},
    {0xeca785, 0xeca786, 0x23d4},
    {0xeca787, 0xeca788, 0x8b2},
    {0xeca78b, 0xeca78e, 0x23d7},
    {0xeca790, 0xeca791, 0x8b5},
    {0xeca793, 0xeca797, 0x8b7},
    {0xeca799, 0xeca79a, 0x8bc},
    {0xeca79c, 0xeca79d, 0x8be},
    {0xeca7a2, 0xeca7a4, 0x8c1},
    {0xeca7a5, 0xeca7a6, 0x23de},
    {0xeca7a9, 0xeca7ab, 0x23e0},
    {0xeca7ac, 0xeca7ad, 0x8c5},
    {0xeca7af, 0xeca7b2, 0x8c7},
    {0xeca7b3, 0xeca7b6, 0x23e4},
    {0xeca7b8, 0xeca7b9, 0x8cb},
    {0xeca7ba, 0xeca7bb, 0x23e8},
    {0xeca7bd, 0xeca7be, 0x23ea},
    {0xeca881, 0xeca887, 0x23ec},
    {0xeca888, 0xeca889, 0x8cf},
    {0xeca88b, 0xeca88d, 0x8d1},
    {0xeca88e, 0xeca893, 0x23f4},
    {0xeca896, 0xeca897, 0x23fa},
    {0xeca89d, 0xeca8a3, 0x23fe},
    {0xeca8aa, 0xeca8ac, 0x2407},
    {0xeca8ae, 0xeca8af, 0x240a},
    {0xeca8b1, 0xeca8b3, 0x240c},
    {0xeca8b5, 0xeca8bf, 0x240f},
    {0xeca980, 0xeca98b, 0x241a},
    {0xeca98c, 0xeca98d, 0x8d9},
    {0xeca98e, 0xeca98f, 0x2426},
    {0xeca991, 0xeca992, 0x2428},
    {0xeca995, 0xeca996, 0x242a},
    {0xeca997, 0xeca998, 0x103b},
    {0xeca999, 0xeca99a, 0x242c},
    {0xeca99c, 0xeca99d, 0x8dd},
    {0xeca99f, 0xeca9a1, 0x8df},
    {0xeca9a2, 0xeca9a6, 0x242f},
    {0xeca9aa, 0xeca9ab, 0x2434},
    {0xeca9ad, 0xeca9ae, 0x2436},
    {0xeca9b1, 0xeca9b7, 0x2438},
    {0xeca9b8, 0xeca9b9, 0x1042},
    {0xeca9bb, 0xeca9bc, 0x1044},
    {0xeca9be, 0xeca9bf, 0x2440},
    {0xecaa82, 0xecaa83, 0x2443},
    {0xecaa86, 0xecaa87, 0x2445},
    {0xecaa89, 0xecaa8a, 0x2447},
    {0xecaa8b, 0xecaa8c, 0x1049},
    {0xecaa8d, 0xecaa93, 0x2449},
    {0xecaa94, 0xecaa95, 0x104b},
    {0xecaa9a, 0xecaa9f, 0x2451},
    {0xecaaa0, 0xecaaa1, 0x104f},
    {0xecaaa2, 0xecaaa3, 0x2457},
    {0xecaaa5, 0xecaaa7, 0x2459},
    {0xecaaa9, 0xecaaaf, 0x245c},
    {0xecaab0, 0xecaab1, 0x1053},
    {0xecaab6, 0xecaabb, 0x2465},
    {0xecaabc, 0xecaabd, 0x8e7},
    {0xecab81, 0xecab82, 0x246c},
    {0xecab83, 0xecab84, 0x8ea},
    {0xecab87, 0xecab8b, 0x246f},
    {0xecab8c, 0xecab8d, 0x8ec},
    {0xecab91, 0xecab93, 0x8ef},
    {0xecab94, 0xecab96, 0x2476},
    {0xecab98, 0xecab99, 0x8f2},
    {0xecab9a, 0xecab9b, 0x2479},
    {0xecab9d, 0xecab9e, 0x247b},
    {0xecaba1, 0xecaba7, 0x247d},
    {0xecaba8, 0xecaba9, 0x105b},
    {0xecabae, 0xecabb3, 0x2485},
    {0xecabb6, 0xecabb7, 0x248b},
    {0xecabb9, 0xecabba, 0x248d},
    {0xecabbb, 0xecabbc, 0x1061},
    {0xecabbd, 0xecabbf, 0x248f},
    {0xecac80, 0xecac87, 0x2492},
    {0xecac89, 0xecac8f, 0x249a},
    {0xecac92, 0xecac93, 0x24a1},
    {0xecac95, 0xecac96, 0x24a3},
    {0xecac99, 0xecac9f, 0x24a5},
    {0xecaca0, 0xecaca1, 0x8fc},
    {0xecaca3, 0xecaca5, 0x1065},
    {0xecaca8, 0xecacab, 0x24ae},
    {0xecacac, 0xecacad, 0x8ff},
    {0xecacae, 0xecacaf, 0x24b2},
    {0xecacb5, 0xecacbb, 0x24b6},
    {0xecacbc, 0xecacbd, 0x106a},
    {0xecad82, 0xecad87, 0x24bf},
    {0xecad88, 0xecad89, 0x903},
    {0xecad8d, 0xecad8e, 0x24c6},
    {0xecad93, 0xecad97, 0x24c9},
    {0xecad98, 0xecad99, 0x907},
    {0xecad9e, 0xecada3, 0x24d0},
    {0xecada6, 0xecada7, 0x24d6},
    {0xecada9, 0xecadaa, 0x24d8},
    {0xecadab, 0xecadac, 0x1072},
    {0xecadad, 0xecadb3, 0x24da},
    {0xecadb4, 0xecadb5, 0x1074},
    {0xecadb8, 0xecadb9, 0x90c},
    {0xecadba, 0xecadbf, 0x24e2},
    {0xecae82, 0xecae83, 0x24e8},
    {0xecae85, 0xecae86, 0x24ea},
    {0xecae87, 0xecae88, 0x1079},
    {0xecae89, 0xecae8f, 0x24ec},
    {0xecae90, 0xecae91, 0x107b},
    {0xecae94, 0xecae95, 0x107d},
    {0xecae96, 0xecae9b, 0x24f4},
    {0xecae9e, 0xecae9f, 0x24fa},
    {0xecaea1, 0xecaea2, 0x24fc},
    {0xecaea3, 0xecaea4, 0x1081},
    {0xecaea5, 0xecaeab, 0x24fe},
    {0xecaeac, 0xecaead, 0x1083},
    {0xecaeb2, 0xecaeb7, 0x2507},
    {0xecaeba, 0xecaebb, 0x250d},
    {0xecaebd, 0xecaebf, 0x250f},
    {0xecaf81, 0xecaf87, 0x2512},
    {0xecaf88, 0xecaf89, 0x108a},
    {0xecaf8e, 0xecaf93, 0x251b},
    {0xecaf94, 0xecaf95, 0x913},
    {0xecaf96, 0xecaf97, 0x2521},
    {0xecaf99, 0xecaf9a, 0x2523},
    {0xecaf9b, 0xecaf9c, 0x108e},
    {0xecaf9d, 0xecafa3, 0x2525},
    {0xecafab, 0xecafaf, 0x252e},
    {0xecafb0, 0xecafb1, 0x1092},
    {0xecafb2, 0xecafb3, 0x2533},
    {0xecafb5, 0xecafb7, 0x2535},
    {0xecafb9, 0xecafbf, 0x2538},
    {0xecb080, 0xecb081, 0x1096},
    {0xecb085, 0xecb086, 0x1099},
    {0xecb087, 0xecb08b, 0x2541},
    {0xecb08c, 0xecb08d, 0x918},
    {0xecb08e, 0xecb08f, 0x2546},
    {0xecb091, 0xecb092, 0x2548},
    {0xecb093, 0xecb094, 0x91b},
    {0xecb095, 0xecb09b, 0x254a},
    {0xecb09c, 0xecb09d, 0x91d},
    {0xecb0a1, 0xecb0a2, 0x920},
    {0xecb0a3, 0xecb0a5, 0x2553},
    {0xecb0a6, 0xecb0a9, 0x922},
    {0xecb0aa, 0xecb0ab, 0x2556},
    {0xecb0b2, 0xecb0b7, 0x2559},
    {0xecb0b8, 0xecb0b9, 0x929},
    {0xecb0bb, 0xecb0bf, 0x92b},
    {0xecb180, 0xecb181, 0x2560},
    {0xecb184, 0xecb185, 0x930},
    {0xecb186, 0xecb187, 0x2563},
    {0xecb189, 0xecb18a, 0x2565},
    {0xecb18d, 0xecb193, 0x2567},
    {0xecb194, 0xecb195, 0x934},
    {0xecb197, 0xecb199, 0x936},
    {0xecb19c, 0xecb19d, 0x2570},
    {0xecb1a2, 0xecb1a3, 0x2573},
    {0xecb1a9, 0xecb1af, 0x2577},
    {0xecb1b6, 0xecb1b9, 0x2580},
    {0xecb1bd, 0xecb1bf, 0x2585},
    {0xecb280, 0xecb290, 0x2588},
    {0xecb292, 0xecb297, 0x2599},
    {0xecb298, 0xecb299, 0x93f},
    {0xecb29a, 0xecb29b, 0x259f},
    {0xecb29d, 0xecb29e, 0x25a1},
    {0xecb2a1, 0xecb2a6, 0x25a3},
    {0xecb2a8, 0xecb2a9, 0x943},
    {0xecb2ab, 0xecb2ad, 0x945},
    {0xecb2af, 0xecb2b1, 0x25aa},
    {0xecb2b4, 0xecb2b5, 0x948},
    {0xecb2b6, 0xecb2b7, 0x25ae},
    {0xecb2b9, 0xecb2ba, 0x25b0},
    {0xecb2bd, 0xecb2bf, 0x25b2},
    {0xecb380, 0xecb382, 0x25b5},
    {0xecb384, 0xecb385, 0x94c},
    {0xecb389, 0xecb38a, 0x94f},
    {0xecb38b, 0xecb38f, 0x25b9},
    {0xecb392, 0xecb393, 0x25be},
    {0xecb395, 0xecb396, 0x25c0},
    {0xecb397, 0xecb398, 0x10af},
    {0xecb399, 0xecb39f, 0x25c2},
    {0xecb3a4, 0xecb3a5, 0x954},
    {0xecb3a6, 0xecb3ab, 0x25ca},
    {0xecb3ae, 0xecb3af, 0x25d0},
    {0xecb3b1, 0xecb3b3, 0x25d2},
    {0xecb3b5, 0xecb3bb, 0x25d5},
    {0xecb3bc, 0xecb3bd, 0x10b5},
    {0xecb482, 0xecb487, 0x25de},
    {0xecb488, 0xecb489, 0x959},
    {0xecb48a, 0xecb48b, 0x25e4},
    {0xecb48d, 0xecb48e, 0x25e6},
    {0xecb491, 0xecb497, 0x25e8},
    {0xecb498, 0xecb499, 0x95d},
    {0xecb49e, 0xecb4a2, 0x25f1},
    {0xecb4a3, 0xecb4a5, 0x961},
    {0xecb4a6, 0xecb4a7, 0x25f6},
    {0xecb4a9, 0xecb4aa, 0x25f8},
    {0xecb4ad, 0xecb4b3, 0x25fa},
    {0xecb4ba, 0xecb4bf, 0x2603},
    {0xecb581, 0xecb583, 0x2609},
    {0xecb585, 0xecb592, 0x260c},
    {0xecb593, 0xecb594, 0x10bd},
    {0xecb595, 0xecb59b, 0x261a},
    {0xecb59e, 0xecb59f, 0x2621},
    {0xecb5a1, 0xecb5a2, 0x2623},
    {0xecb5a5, 0xecb5ab, 0x2625},
    {0xecb5ac, 0xecb5ad, 0x96c},
    {0xecb5b2, 0xecb5b7, 0x262d},
    {0xecb5ba, 0xecb5bb, 0x2633},
    {0xecb5bd, 0xecb5bf, 0x2635},
    {0xecb681, 0xecb687, 0x2638},
    {0xecb68e, 0xecb693, 0x2641},
    {0xecb694, 0xecb695, 0x972},
    {0xecb696, 0xecb697, 0x2647},
    {0xecb699, 0xecb69a, 0x2649},
    {0xecb69d, 0xecb6a3, 0x264b},
    {0xecb6a4, 0xecb6a5, 0x976},
    {0xecb6aa, 0xecb6af, 0x2654},
    {0xecb6b2, 0xecb6b3, 0x265a},
    {0xecb6b5, 0xecb6b6, 0x265c},
    {0xecb6b7, 0xecb6b8, 0x10cb},
    {0xecb6b9, 0xecb6bf, 0x265e},
    {0xecb780, 0xecb781, 0x10cd},
    {0xecb786, 0xecb78b, 0x2666},
    {0xecb78c, 0xecb78d, 0x97c},
    {0xecb78e, 0xecb78f, 0x266c},
    {0xecb791, 0xecb793, 0x266e},
    {0xecb795, 0xecb79b, 0x2671},
    {0xecb79c, 0xecb79d, 0x10d1},
    {0xecb79f, 0xecb7a1, 0x10d3},
    {0xecb7a2, 0xecb7a7, 0x2679},
    {0xecb7aa, 0xecb7ab, 0x267f},
    {0xecb7ad, 0xecb7ae, 0x2681},
    {0xecb7b1, 0xecb7b7, 0x2683},
    {0xecb7b8, 0xecb7b9, 0x983},
    {0xecb7be, 0xecb7bf, 0x268c},
    {0xecb880, 0xecb883, 0x268e},
    {0xecb884, 0xecb885, 0x987},
    {0xecb886, 0xecb887, 0x2692},
    {0xecb889, 0xecb88b, 0x2694},
    {0xecb88d, 0xecb893, 0x2697},
    {0xecb89a, 0xecb89f, 0x26a0},
    {0xecb8a0, 0xecb8a1, 0x98d},
    {0xecb8a2, 0xecb8a3, 0x26a6},
    {0xecb8a5, 0xecb8a6, 0x26a8},
    {0xecb8a8, 0xecb8a9, 0x990},
    {0xecb8aa, 0xecb8ab, 0x26aa},
    {0xecb8ad, 0xecb8af, 0x26ac},
    {0xecb8b0, 0xecb8b1, 0x992},
    {0xecb8b6, 0xecb8bb, 0x26b1},
    {0xecb8be, 0xecb8bf, 0x26b7},
    {0xecb981, 0xecb983, 0x26b9},
    {0xecb985, 0xecb98b, 0x26bc},
    {0xecb98c, 0xecb98d, 0x10df},
    {0xecb992, 0xecb997, 0x26c5},
    {0xecb998, 0xecb999, 0x997},
    {0xecb99a, 0xecb99b, 0x26cb},
    {0xecb99d, 0xecb99e, 0x26cd},
    {0xecb99f, 0xecb9a2, 0x99a},
    {0xecb9a3, 0xecb9a7, 0x26cf},
    {0xecb9a8, 0xecb9a9, 0x99e},
    {0xecb9ab, 0xecb9ae, 0x9a0},
    {0xecb9b4, 0xecb9b5, 0x9a5},
    {0xecb9b6, 0xecb9b7, 0x26d8},
    {0xecb9b9, 0xecb9ba, 0x26da},
    {0xecb9bb, 0xecb9bc, 0x9a8},
    {0xecb9bd, 0xecb9bf, 0x26dc},
    {0xecba80, 0xecba83, 0x26df},
    {0xecba84, 0xecba85, 0x9aa},
    {0xecba8a, 0xecba8c, 0x26e4},
    {0xecba8d, 0xecba8e, 0x10e5},
    {0xecba90, 0xecba91, 0x9ae},
    {0xecba92, 0xecba93, 0x26e8},
    {0xecba95, 0xecba96, 0x26ea},
    {0xecba99, 0xecba9f, 0x26ec},
    {0xecbaa0, 0xecbaa1, 0x9b2},
    {0xecbaa3, 0xecbaa5, 0x9b4},
    {0xecbaa6, 0xecbaa7, 0x26f4},
    {0xecbaa9, 0xecbaaa, 0x10e8},
    {0xecbaac, 0xecbaad, 0x9b8},
    {0xecbaae, 0xecbaaf, 0x26f7},
    {0xecbab1, 0xecbab3, 0x26f9},
    {0xecbab5, 0xecbabb, 0x26fc},
    {0xecbabc, 0xecbabd, 0x10eb},
    {0xecbb82, 0xecbb83, 0x2705},
    {0xecbb85, 0xecbb87, 0x2707},
    {0xecbb89, 0xecbb8b, 0x270a},
    {0xecbb8d, 0xecbba3, 0x270d},
    {0xecbba4, 0xecbba5, 0x9bd},
    {0xecbba6, 0xecbba7, 0x2724},
    {0xecbba9, 0xecbbaa, 0x2726},
    {0xecbbab, 0xecbbac, 0x9c0},
    {0xecbbad, 0xecbbb3, 0x2728},
    {0xecbbb4, 0xecbbb5, 0x9c2},
    {0xecbbb7, 0xecbbb9, 0x9c4},
    {0xecbc80, 0xecbc81, 0x9c8},
    {0xecbc82, 0xecbc83, 0x2733},
    {0xecbc85, 0xecbc86, 0x2735},
    {0xecbc89, 0xecbc8f, 0x2737},
    {0xecbc90, 0xecbc91, 0x9cc},
    {0xecbc93, 0xecbc95, 0x9ce},
    {0xecbc96, 0xecbc97, 0x273f},
    {0xecbc98, 0xecbc99, 0x9d1},
    {0xecbc9e, 0xecbc9f, 0x2742},
    {0xecbca1, 0xecbca2, 0x2744},
    {0xecbca5, 0xecbcab, 0x2746},
    {0xecbcac, 0xecbcad, 0x9d6},
    {0xecbcaf, 0xecbcb1, 0x9d8},
    {0xecbcb2, 0xecbcb7, 0x274e},
    {0xecbcba, 0xecbcbb, 0x2754},
    {0xecbcbd, 0xecbcbf, 0x2756},
    {0xecbd81, 0xecbd87, 0x2759},
    {0xecbd88, 0xecbd89, 0x10f9},
    {0xecbd8b, 0xecbd8d, 0x10fb},
    {0xecbd8e, 0xecbd93, 0x2761},
    {0xecbd94, 0xecbd95, 0x9dc},
    {0xecbd96, 0xecbd97, 0x2767},
    {0xecbd99, 0xecbd9a, 0x2769},
    {0xecbd9b, 0xecbd9c, 0x9df},
    {0xecbd9d, 0xecbda3, 0x276b},
    {0xecbda4, 0xecbda5, 0x9e1},
    {0xecbdab, 0xecbdad, 0x2774},
    {0xecbdb0, 0xecbdb1, 0x9e5},
    {0xecbdb2, 0xecbdb3, 0x2778},
    {0xecbdb5, 0xecbdb7, 0x277a},
    {0xecbdb9, 0xecbdbf, 0x277d},
    {0xecbe86, 0xecbe8b, 0x2786},
    {0xecbe8e, 0xecbe8f, 0x278c},
    {0xecbe91, 0xecbe92, 0x278e},
    {0xecbe93, 0xecbe94, 0x1103},
    {0xecbe95, 0xecbe9b, 0x2790},
    {0xecbe9c, 0xecbe9d, 0x1105},
    {0xecbea2, 0xecbea7, 0x2799},
    {0xecbeaa, 0xecbeab, 0x279f},
    {0xecbead, 0xecbeaf, 0x27a1},
    {0xecbeb1, 0xecbeb7, 0x27a4},
    {0xecbeb8, 0xecbeb9, 0x110a},
    {0xecbebe, 0xecbebf, 0x27ad},
    {0xecbf80, 0xecbf83, 0x27af},
    {0xecbf86, 0xecbf87, 0x27b3},
    {0xecbf89, 0xecbf8b, 0x27b5},
    {0xecbf8d, 0xecbf93, 0x27b8},
    {0xecbf94, 0xecbf95, 0x1110},
    {0xecbf9a, 0xecbf9f, 0x27c1},
    {0xecbfa0, 0xecbfa1, 0x9f2},
    {0xecbfa2, 0xecbfa3, 0x27c7},
    {0xecbfa5, 0xecbfa6, 0x27c9},
    {0xecbfa9, 0xecbfaf, 0x27cb},
    {0xecbfb0, 0xecbfb1, 0x9f6},
    {0xecbfb6, 0xecbfb9, 0x27d4},
    {0xecbfbc, 0xecbfbd, 0x9fa},
    {0xecbfbe, 0xecbfbf, 0x27d9},
    {0xed8081, 0xed8082, 0x27db},
    {0xed8085, 0xed808b, 0x27dd},
    {0xed808e, 0xed808f, 0x27e4},
    {0xed8092, 0xed8097, 0x27e6},
    {0xed809a, 0xed809b, 0x27ec},
    {0xed809d, 0xed809f, 0x27ee},
    {0xed80a1, 0xed80a7, 0x27f1},
    {0xed80a8, 0xed80a9, 0x111a},
    {0xed80ab, 0xed80ac, 0x111c},
    {0xed80ae, 0xed80b3, 0x27f9},
    {0xed80b4, 0xed80b5, 0xa04},
    {0xed80b6, 0xed80b7, 0x27ff},
    {0xed80b9, 0xed80ba, 0x2801},
    {0xed80bd, 0xed80bf, 0x2803},
    {0xed8180, 0xed8183, 0x2806},
    {0xed8184, 0xed8185, 0xa08},
    {0xed818a, 0xed818f, 0x280c},
    {0xed8192, 0xed8193, 0x2812},
    {0xed8195, 0xed8197, 0x2814},
    {0xed8199, 0xed819f, 0x2817},
    {0xed81a6, 0xed81a7, 0x2820},
    {0xed81a9, 0xed81ab, 0x2822},
    {0xed81ac, 0xed81ad, 0xa10},
    {0xed81ae, 0xed81af, 0x2825},
    {0xed81b7, 0xed81bb, 0x282a},
    {0xed81bc, 0xed81bd, 0xa15},
    {0xed8282, 0xed8283, 0x2831},
    {0xed8285, 0xed8287, 0x2833},
    {0xed828a, 0xed828b, 0x2836},
    {0xed828d, 0xed828f, 0x2838},
    {0xed8291, 0xed8297, 0x283b},
    {0xed8298, 0xed8299, 0x1129},
    {0xed829e, 0xed82a3, 0x2844},
    {0xed82a4, 0xed82a5, 0xa1a},
    {0xed82a6, 0xed82a7, 0x284a},
    {0xed82a9, 0xed82aa, 0x284c},
    {0xed82ad, 0xed82b3, 0x284e},
    {0xed82b4, 0xed82b5, 0xa1e},
    {0xed82b7, 0xed82b9, 0xa20},
    {0xed82ba, 0xed82bd, 0x2856},
    {0xed8380, 0xed8381, 0xa23},
    {0xed8382, 0xed8383, 0x285b},
    {0xed8385, 0xed8386, 0x285d},
    {0xed8387, 0xed8389, 0xa26},
    {0xed838b, 0xed838e, 0x285f},
    {0xed8390, 0xed8391, 0xa29},
    {0xed8393, 0xed8395, 0xa2b},
    {0xed8396, 0xed8399, 0x2864},
    {0xed839c, 0xed839d, 0xa2e},
    {0xed839e, 0xed839f, 0x2869},
    {0xed83a2, 0xed83a3, 0x1132},
    {0xed83a6, 0xed83ab, 0x286c},
    {0xed83ac, 0xed83ad, 0xa32},
    {0xed83af, 0xed83b1, 0xa34},
    {0xed83b2, 0xed83b5, 0x2873},
    {0xed83ba, 0xed83bb, 0x2878},
    {0xed83bd, 0xed83bf, 0x287a},
    {0xed8481, 0xed8487, 0x287d},
    {0xed8488, 0xed8489, 0x1139},
    {0xed848e, 0xed8493, 0x2886},
    {0xed8495, 0xed8497, 0x288c},
    {0xed849b, 0xed84af, 0x2890},
    {0xed84b0, 0xed84b1, 0xa3a},
    {0xed84b2, 0xed84b3, 0x28a5},
    {0xed84b5, 0xed84b6, 0x28a7},
    {0xed84ba, 0xed84bb, 0xa3e},
    {0xed84bc, 0xed84bf, 0x28a9},
    {0xed8580, 0xed8581, 0xa40},
    {0xed8583, 0xed8585, 0xa42},
    {0xed8586, 0xed858b, 0x28ae},
    {0xed858c, 0xed858d, 0xa45},
    {0xed858e, 0xed858f, 0x28b4},
    {0xed8591, 0xed8592, 0x28b6},
    {0xed8595, 0xed859b, 0x28b8},
    {0xed859c, 0xed859d, 0xa49},
    {0xed85a2, 0xed85a5, 0x28c0},
    {0xed85aa, 0xed85ab, 0x28c5},
    {0xed85ad, 0xed85ae, 0x28c7},
    {0xed85b1, 0xed85b7, 0x28c9},
    {0xed85b8, 0xed85b9, 0x1144},
    {0xed85bb, 0xed85bc, 0xa51},
    {0xed85be, 0xed85bf, 0x28d1},
    {0xed8680, 0xed8683, 0x28d3},
    {0xed8686, 0xed8687, 0x28d7},
    {0xed8689, 0xed868b, 0x28d9},
    {0xed868d, 0xed8693, 0x28dc},
    {0xed8695, 0xed8696, 0x28e3},
    {0xed869a, 0xed869f, 0x28e6},
    {0xed86a0, 0xed86a1, 0xa55},
    {0xed86a2, 0xed86a3, 0x28ec},
    {0xed86a5, 0xed86a6, 0x28ee},
    {0xed86a7, 0xed86a8, 0xa58},
    {0xed86a9, 0xed86af, 0x28f0},
    {0xed86b0, 0xed86b1, 0xa5a},
    {0xed86b7, 0xed86b9, 0x114c},
    {0xed86be, 0xed86bf, 0x28fb},
    {0xed8781, 0xed8783, 0x28fd},
    {0xed8785, 0xed878b, 0x2900},
    {0xed878c, 0xed878d, 0x1151},
    {0xed8792, 0xed8797, 0x2909},
    {0xed8799, 0xed87ab, 0x290f},
    {0xed87ac, 0xed87ad, 0x1155},
    {0xed87ae, 0xed87b3, 0x2922},
    {0xed87b6, 0xed87b7, 0x2928},
    {0xed87b9, 0xed87ba, 0x292a},
    {0xed87bd, 0xed87bf, 0x292c},
    {0xed8880, 0xed8883, 0x292f},
    {0xed8884, 0xed8885, 0x1159},
    {0xed888a, 0xed888f, 0x2934},
    {0xed8892, 0xed8893, 0x293a},
    {0xed8895, 0xed8897, 0x293c},
    {0xed8899, 0xed889f, 0x293f},
    {0xed88a0, 0xed88a1, 0x115f},
    {0xed88a6, 0xed88ab, 0x2948},
    {0xed88ac, 0xed88ad, 0xa69},
    {0xed88ae, 0xed88af, 0x294e},
    {0xed88b1, 0xed88b2, 0x2950},
    {0xed88b7, 0xed88bb, 0x2953},
    {0xed88bc, 0xed88bd, 0xa6e},
    {0xed8982, 0xed8987, 0x295a},
    {0xed898a, 0xed898b, 0x2960},
    {0xed898d, 0xed898e, 0x2962},
    {0xed898f, 0xed8990, 0x1165},
    {0xed8991, 0xed8993, 0x2964},
    {0xed8995, 0xed8997, 0x2967},
    {0xed8998, 0xed8999, 0x1168},
    {0xed899e, 0xed89a3, 0x296b},
    {0xed89a6, 0xed89a7, 0x2971},
    {0xed89a9, 0xed89aa, 0x2973},
    {0xed89ab, 0xed89ac, 0x116e},
    {0xed89ad, 0xed89b3, 0x2975},
    {0xed89b4, 0xed89b5, 0x1170},
    {0xed89b8, 0xed89b9, 0x1172},
    {0xed89ba, 0xed89bf, 0x297d},
    {0xed8a80, 0xed8a81, 0xa76},
    {0xed8a82, 0xed8a83, 0x2983},
    {0xed8a85, 0xed8a86, 0x2985},
    {0xed8a89, 0xed8a8f, 0x2987},
    {0xed8a90, 0xed8a91, 0xa7a},
    {0xed8a96, 0xed8a9b, 0x2990},
    {0xed8a9e, 0xed8a9f, 0x2996},
    {0xed8aa1, 0xed8aa3, 0x2998},
    {0xed8aa5, 0xed8aab, 0x299b},
    {0xed8ab2, 0xed8ab7, 0x29a4},
    {0xed8ab8, 0xed8ab9, 0xa82},
    {0xed8abd, 0xed8abe, 0x29ab},
    {0xed8b85, 0xed8b87, 0x29ae},
    {0xed8b88, 0xed8b89, 0xa88},
    {0xed8b8e, 0xed8b90, 0x29b3},
    {0xed8b92, 0xed8b93, 0x29b6},
    {0xed8b96, 0xed8b97, 0x29b8},
    {0xed8b99, 0xed8b9b, 0x29ba},
    {0xed8b9d, 0xed8b9f, 0x29bd},
    {0xed8ba1, 0xed8ba3, 0x29c0},
    {0xed8ba4, 0xed8ba5, 0xa90},
    {0xed8baa, 0xed8baf, 0x29c5},
    {0xed8bb0, 0xed8bb1, 0xa92},
    {0xed8bb2, 0xed8bb3, 0x29cb},
    {0xed8bb5, 0xed8bb6, 0x29cd},
    {0xed8bb9, 0xed8bbf, 0x29cf},
    {0xed8c80, 0xed8c81, 0xa96},
    {0xed8c86, 0xed8c87, 0x29d8},
    {0xed8c8c, 0xed8c8e, 0xa9a},
    {0xed8c90, 0xed8c91, 0xa9d},
    {0xed8c93, 0xed8c94, 0xa9f},
    {0xed8c97, 0xed8c9b, 0x29df},
    {0xed8c9c, 0xed8c9d, 0xaa2},
    {0xed8c9f, 0xed8ca1, 0xaa4},
    {0xed8ca4, 0xed8ca5, 0xaa7},
    {0xed8ca8, 0xed8ca9, 0xaa9},
    {0xed8caa, 0xed8cab, 0x29e7},
    {0xed8cad, 0xed8cae, 0x29e9},
    {0xed8caf, 0xed8cb0, 0xaac},
    {0xed8cb1, 0xed8cb7, 0x29eb},
    {0xed8cb8, 0xed8cb9, 0xaae},
    {0xed8cbb, 0xed8cbd, 0xab0},
    {0xed8cbe, 0xed8cbf, 0x29f3},
    {0xed8d82, 0xed8d83, 0x29f6},
    {0xed8d84, 0xed8d85, 0xab3},
    {0xed8d86, 0xed8d87, 0x29f8},
    {0xed8d89, 0xed8d8b, 0x29fa},
    {0xed8d8d, 0xed8d93, 0x29fd},
    {0xed8d94, 0xed8d95, 0x1188},
    {0xed8d9a, 0xed8d9c, 0x2a06},
    {0xed8d9e, 0xed8d9f, 0x2a09},
    {0xed8da1, 0xed8dbb, 0x2a0b},
    {0xed8dbc, 0xed8dbd, 0xab6},
    {0xed8dbe, 0xed8dbf, 0x2a26},
    {0xed8e81, 0xed8e82, 0x2a28},
    {0xed8e85, 0xed8e8b, 0x2a2a},
    {0xed8e8c, 0xed8e8d, 0xaba},
    {0xed8e8f, 0xed8e91, 0xabc},
    {0xed8e92, 0xed8e94, 0x2a31},
    {0xed8e98, 0xed8e99, 0xac0},
    {0xed8e9a, 0xed8e9b, 0x2a35},
    {0xed8e9d, 0xed8e9e, 0x2a37},
    {0xed8ea1, 0xed8ea7, 0x2a39},
    {0xed8ea8, 0xed8ea9, 0xac4},
    {0xed8eae, 0xed8eb1, 0x2a41},
    {0xed8eb4, 0xed8eb5, 0xac8},
    {0xed8eb6, 0xed8eb7, 0x2a46},
    {0xed8ebd, 0xed8ebf, 0x2a49},
    {0xed8f80, 0xed8f83, 0x2a4c},
    {0xed8f84, 0xed8f85, 0xacc},
    {0xed8f88, 0xed8f89, 0xace},
    {0xed8f8a, 0xed8f8f, 0x2a51},
    {0xed8f92, 0xed8f93, 0x2a57},
    {0xed8f95, 0xed8f96, 0x2a59},
    {0xed8f99, 0xed8f9f, 0x2a5b},
    {0xed8fa6, 0xed8fab, 0x2a64},
    {0xed8fac, 0xed8fad, 0xad5},
    {0xed8fb1, 0xed8fb2, 0x2a6b},
    {0xed8fb5, 0xed8fbb, 0x2a6d},
    {0xed8fbc, 0xed8fbd, 0xad9},
    {0xed9082, 0xed9083, 0x2a76},
    {0xed9088, 0xed9089, 0xade},
    {0xed908a, 0xed908b, 0x2a79},
    {0xed908d, 0xed908f, 0x2a7b},
    {0xed9091, 0xed9097, 0x2a7e},
    {0xed9098, 0xed9099, 0x11a0},
    {0xed909e, 0xed90a3, 0x2a87},
    {0xed90a5, 0xed90bf, 0x2a8d},
    {0xed9182, 0xed9183, 0x2aa8},
    {0xed9185, 0xed9187, 0x2aaa},
    {0xed9189, 0xed918f, 0x2aad},
    {0xed9190, 0xed9191, 0x11a6},
    {0xed9196, 0xed919b, 0x2ab6},
    {0xed919e, 0xed919f, 0x2abc},
    {0xed91a1, 0xed91a2, 0x2abe},
    {0xed91a5, 0xed91ab, 0x2ac0},
    {0xed91b2, 0xed91b7, 0x2ac9},
    {0xed91b8, 0xed91b9, 0xae8},
    {0xed91ba, 0xed91bb, 0x2acf},
    {0xed91bd, 0xed91be, 0x2ad1},
    {0xed9283, 0xed9287, 0x2ad4},
    {0xed9288, 0xed9289, 0xaee},
    {0xed928e, 0xed9293, 0x2adb},
    {0xed9296, 0xed9297, 0x2ae1},
    {0xed9299, 0xed929a, 0x2ae3},
    {0xed929b, 0xed929c, 0x11b0},
    {0xed929d, 0xed92a3, 0x2ae5},
    {0xed92a4, 0xed92a5, 0x11b2},
    {0xed92a7, 0xed92a8, 0x11b4},
    {0xed92aa, 0xed92af, 0x2aed},
    {0xed92b0, 0xed92b1, 0x11b6},
    {0xed92b2, 0xed92b3, 0x2af3},
    {0xed92b5, 0xed92b7, 0x2af5},
    {0xed92b9, 0xed92bf, 0x2af8},
    {0xed9380, 0xed9381, 0x11ba},
    {0xed9386, 0xed938b, 0x2b01},
    {0xed938e, 0xed938f, 0x2b07},
    {0xed9391, 0xed9393, 0x2b09},
    {0xed9395, 0xed939b, 0x2b0c},
    {0xed93a2, 0xed93a7, 0x2b15},
    {0xed93aa, 0xed93ab, 0x2b1b},
    {0xed93ad, 0xed93ae, 0x2b1d},
    {0xed93b1, 0xed93b7, 0x2b1f},
    {0xed93be, 0xed93bf, 0x2b28},
    {0xed9480, 0xed9483, 0x2b2a},
    {0xed9486, 0xed9487, 0x2b2e},
    {0xed9489, 0xed948a, 0x2b30},
    {0xed948d, 0xed948f, 0x2b32},
    {0xed9491, 0xed9493, 0x2b35},
    {0xed9494, 0xed9495, 0xb02},
    {0xed949a, 0xed949f, 0x2b3a},
    {0xed94a2, 0xed94a3, 0x2b40},
    {0xed94a5, 0xed94a7, 0x2b42},
    {0xed94a9, 0xed94af, 0x2b45},
    {0xed94b0, 0xed94b1, 0x11ca},
    {0xed94b6, 0xed94bb, 0x2b4e},
    {0xed94bc, 0xed94bd, 0xb08},
    {0xed94be, 0xed94bf, 0x2b54},
    {0xed9581, 0xed9582, 0x2b56},
    {0xed9585, 0xed958b, 0x2b58},
    {0xed958c, 0xed958d, 0xb0c},
    {0xed958f, 0xed9591, 0xb0e},
    {0xed9592, 0xed9594, 0x2b60},
    {0xed9595, 0xed9596, 0x11ce},
    {0xed9598, 0xed9599, 0xb11},
    {0xed959a, 0xed959b, 0x2b64},
    {0xed959d, 0xed959e, 0x2b66},
    {0xed95a4, 0xed95a5, 0xb15},
    {0xed95a8, 0xed95a9, 0xb17},
    {0xed95b3, 0xed95b5, 0xb1c},
    {0xed95b6, 0xed95b7, 0x2b6d},
    {0xed95b9, 0xed95ba, 0x2b6f},
    {0xed95bb, 0xed95bc, 0xb20},
    {0xed95bd, 0xed95bf, 0x2b71},
    {0xed9680, 0xed9683, 0x2b74},
    {0xed9684, 0xed9685, 0xb22},
    {0xed9687, 0xed9689, 0xb24},
    {0xed968f, 0xed9690, 0xb28},
    {0xed9692, 0xed9693, 0x2b7c},
    {0xed9695, 0xed9697, 0x2b7e},
    {0xed9699, 0xed969f, 0x2b81},
    {0xed96a0, 0xed96a1, 0x11da},
    {0xed96a6, 0xed96aa, 0x2b8a},
    {0xed96ad, 0xed96bf, 0x2b8f},
    {0xed9781, 0xed9787, 0x2ba2},
    {0xed9788, 0xed9789, 0xb2f},
    {0xed978a, 0xed978b, 0x2ba9},
    {0xed978d, 0xed978e, 0x2bab},
    {0xed9793, 0xed9794, 0x2bad},
    {0xed9797, 0xed9799, 0xb34},
    {0xed979e, 0xed979f, 0x2bb1},
    {0xed97a0, 0xed97a1, 0xb39},
    {0xed97a3, 0xed97a5, 0xb3b},
    {0xed97a6, 0xed97a7, 0x2bb3},
    {0xed97a9, 0xed97aa, 0x2bb5},
    {0xed97ad, 0xed97b3, 0x2bb7},
    {0xed97b4, 0xed97b5, 0xb40},
    {0xed97b7, 0xed97b9, 0xb42},
    {0xed97ba, 0xed97bd, 0x2bbf},
    {0xed9880, 0xed9881, 0xb46},
    {0xed9882, 0xed9883, 0x2bc3},
    {0xed9885, 0xed9886, 0x2bc5},
    {0xed9889, 0xed988f, 0x2bc7},
    {0xed9890, 0xed9891, 0xb4a},
    {0xed9893, 0xed9895, 0xb4c},
    {0xed9896, 0xed989b, 0x2bcf},
    {0xed989e, 0xed989f, 0x2bd5},
    {0xed98a1, 0xed98a3, 0x2bd7},
    {0xed98a5, 0xed98ab, 0x2bda},
    {0xed98af, 0xed98b1, 0x11e7},
    {0xed98b2, 0xed98b7, 0x2be2},
    {0xed98b8, 0xed98b9, 0xb53},
    {0xed9982, 0xed9983, 0x2bea},
    {0xed9988, 0xed9989, 0xb58},
    {0xed998e, 0xed9990, 0x2bef},
    {0xed9992, 0xed9993, 0x2bf2},
    {0xed9994, 0xed9995, 0xb5d},
    {0xed9996, 0xed9997, 0x2bf4},
    {0xed9999, 0xed999a, 0x2bf6},
    {0xed999d, 0xed999f, 0x2bf8},
    {0xed99a1, 0xed99a3, 0x2bfb},
    {0xed99a7, 0xed99a9, 0xb62},
    {0xed99aa, 0xed99af, 0x2bfe},
    {0xed99b0, 0xed99b1, 0xb65},
    {0xed99b2, 0xed99b3, 0x2c04},
    {0xed99b5, 0xed99b6, 0x2c06},
    {0xed99b7, 0xed99b8, 0x11f4},
    {0xed99b9, 0xed99bf, 0x2c08},
    {0xed9a80, 0xed9a81, 0x11f6},
    {0xed9a86, 0xed9a8b, 0x2c10},
    {0xed9a8c, 0xed9a8d, 0xb6a},
    {0xed9a8e, 0xed9a8f, 0x2c16},
    {0xed9a91, 0xed9a92, 0x2c18},
    {0xed9a95, 0xed9a9b, 0x2c1a},
    {0xed9aa2, 0xed9aa7, 0x2c23},
    {0xed9aaa, 0xed9aab, 0x2c29},
    {0xed9aad, 0xed9aae, 0x2c2b},
    {0xed9ab1, 0xed9ab7, 0x2c2d},
    {0xed9abe, 0xed9abf, 0x2c36},
    {0xed9b80, 0xed9b83, 0x2c38},
    {0xed9b84, 0xed9b85, 0xb77},
    {0xed9b86, 0xed9b87, 0x2c3c},
    {0xed9b89, 0xed9b8a, 0x2c3e},
    {0xed9b8c, 0xed9b8d, 0xb7a},
    {0xed9b90, 0xed9b91, 0xb7c},
    {0xed9b93, 0xed9b95, 0xb7e},
    {0xed9b9a, 0xed9b9b, 0x2c43},
    {0xed9b9c, 0xed9b9d, 0x1201},
    {0xed9b9e, 0xed9b9f, 0x2c45},
    {0xed9ba2, 0xed9ba3, 0x2c47},
    {0xed9ba5, 0xed9ba7, 0x2c49},
    {0xed9ba9, 0xed9baf, 0x2c4c},
    {0xed9bb3, 0xed9bb4, 0x1205},
    {0xed9bb6, 0xed9bbb, 0x2c54},
    {0xed9bbc, 0xed9bbd, 0xb88},
    {0xed9bbe, 0xed9bbf, 0x2c5a},
    {0xed9c81, 0xed9c82, 0x2c5c},
    {0xed9c85, 0xed9c8b, 0x2c5e},
    {0xed9c8c, 0xed9c8d, 0x1208},
    {0xed9c8f, 0xed9c90, 0x120a},
    {0xed9c92, 0xed9c97, 0x2c66},
    {0xed9c98, 0xed9c99, 0xb8d},
    {0xed9c9a, 0xed9c9b, 0x2c6c},
    {0xed9c9d, 0xed9c9e, 0x2c6e},
    {0xed9ca1, 0xed9ca7, 0x2c70},
    {0xed9ca8, 0xed9ca9, 0xb91},
    {0xed9cae, 0xed9cb3, 0x2c79},
    {0xed9cb4, 0xed9cb5, 0xb95},
    {0xed9cb6, 0xed9cb7, 0x2c7f},
    {0xed9cba, 0xed9cbb, 0x120d},
    {0xed9cbd, 0xed9cbf, 0x2c82},
    {0xed9d80, 0xed9d82, 0x2c85},
    {0xed9d8a, 0xed9d8c, 0x2c8a},
    {0xed9d8e, 0xed9d8f, 0x2c8d},
    {0xed9d90, 0xed9d91, 0xb9c},
    {0xed9d92, 0xed9d93, 0x2c8f},
    {0xed9d96, 0xed9d99, 0xb9f},
    {0xed9d9a, 0xed9d9c, 0x2c91},
    {0xed9da0, 0xed9da1, 0xba4},
    {0xed9da6, 0xed9da7, 0x2c97},
    {0xed9daa, 0xed9dab, 0x1215},
    {0xed9dae, 0xed9daf, 0x2c99},
    {0xed9db1, 0xed9db2, 0x2c9b},
    {0xed9db5, 0xed9dbb, 0x2c9d},
    {0xed9dbc, 0xed9dbd, 0xbac},
    {0xed9e82, 0xed9e87, 0x2ca6},
    {0xed9e88, 0xed9e89, 0xbaf},
    {0xed9e8a, 0xed9e8b, 0x2cac},
    {0xed9e8d, 0xed9e8e, 0x2cae},
    {0xed9e91, 0xed9e96, 0x2cb0},
    {0xed9e98, 0xed9e99, 0xbb3},
    {0xed9e9b, 0xed9e9d, 0xbb5},
    {0xed9e9e, 0xed9e9f, 0x2cb7},
    {0xed9ea1, 0xed9ea2, 0x2cb9},
    {0xed9eb0, 0xed9ebf, 0x318d},
    {0xed9f80, 0xed9f86, 0x319d},
    {0xed9f8b, 0xed9fbb, 0x31a4},
    {0xefac80, 0xefac84, 0xbb9},
    {0xefb890, 0xefb899, 0x2ddc},
    {0xefb8b0, 0xefb8b3, 0x2de6},
    {0xefb8b5, 0xefb8bf, 0x2dea},
    {0xefb980, 0xefb984, 0x2df5},
    {0xefb987, 0xefb988, 0x2dfa},
    {0xefbc81, 0xefbcbf, 0x2dfc},
    {0xefbd80, 0xefbd9d, 0x2e3b},
    {0xefbea1, 0xefbebe, 0xaa},
    {0xefbf82, 0xefbf87, 0xc8},
    {0xefbf8a, 0xefbf8f, 0xce},
    {0xefbf92, 0xefbf97, 0xd4},
    {0xefbf9a, 0xefbf9c, 0xda},
    {0xefbfa0, 0xefbfa2, 0x2fc7},
    {0xf09f8490, 0xf09f84a9, 0x2db9},
};

pdf_cmap_t cmap_UNIAKR_UTF8_H = {
    "UniAKR-UTF8-H",    //name
    true,        //worldwide
    8290,      //unicode_map_len
    unicode_map_UNIAKR_UTF8_H,      //unicode_map
    3950,   //char_range_map_len
    char_range_map_UNIAKR_UTF8_H,   //char_range_map
    1,       //not_def_range_len
    not_def_range_UNIAKR_UTF8_H,       //not_def_range
    4,    //code_range_map_len
    code_range_map_UNIAKR_UTF8_H,    //code_range_map
     NULL//next
};

