#include "../pdf-private.h"

static pdf_code_range_map_t code_range_map_UNICNS_UTF8_H[] = {
    {1, 0x00, 0x7f},
    {2, 0xc080, 0xdfbf},
    {3, 0xe08080, 0xefbfbf},
    {4, 0xf0808080, 0xf7bfbfbf},
};

static pdf_char_range_map_t not_def_range_UNICNS_UTF8_H[] = {
    {0x00, 0x1f, 0x1},
};

static pdf_unicode_map_t unicode_map_UNICNS_UTF8_H[] = {
    {0x1, 0xc2a0},
    {0x104, 0xc2a5},
    {0xb2, 0xc2a7},
    {0x35b3, 0xc2a8},
    {0x60, 0xc2a9},
    {0x36e1, 0xc2ac},
    {0xc3, 0xc2af},
    {0x118, 0xc2b0},
    {0xd4, 0xc2b1},
    {0x73, 0xc2b7},
    {0x4964, 0xc380},
    {0x4962, 0xc381},
    {0x4968, 0xc388},
    {0x4966, 0xc389},
    {0x4971, 0xc38a},
    {0x496c, 0xc392},
    {0x496a, 0xc393},
    {0xd2, 0xc397},
    {0x4975, 0xc3a0},
    {0x4973, 0xc3a1},
    {0x497a, 0xc3a8},
    {0x4978, 0xc3a9},
    {0x4990, 0xc3aa},
    {0x497e, 0xc3ac},
    {0x497c, 0xc3ad},
    {0x4982, 0xc3b2},
    {0x4980, 0xc3b3},
    {0xd3, 0xc3b7},
    {0x4998, 0xc3b8},
    {0x4986, 0xc3b9},
    {0x4984, 0xc3ba},
    {0x498b, 0xc3bc},
    {0x4961, 0xc480},
    {0x4972, 0xc481},
    {0x4965, 0xc492},
    {0x4977, 0xc493},
    {0x4967, 0xc49a},
    {0x4979, 0xc49b},
    {0x497b, 0xc4ab},
    {0x4999, 0xc58b},
    {0x4969, 0xc58c},
    {0x497f, 0xc58d},
    {0x4997, 0xc593},
    {0x4983, 0xc5ab},
    {0x4963, 0xc78d},
    {0x4974, 0xc78e},
    {0x497d, 0xc790},
    {0x496b, 0xc791},
    {0x4981, 0xc792},
    {0x4985, 0xc794},
    {0x4987, 0xc796},
    {0x4988, 0xc798},
    {0x4989, 0xc79a},
    {0x498a, 0xc79c},
    {0x4993, 0xc990},
    {0x4976, 0xc991},
    {0x4995, 0xc994},
    {0x4994, 0xc99b},
    {0x4991, 0xc9a1},
    {0x499b, 0xc9aa},
    {0x4996, 0xc9b5},
    {0x4992, 0xca83},
    {0x499a, 0xca8a},
    {0x35b4, 0xcb86},
    {0x1f8, 0xcb87},
    {0x1f7, 0xcb8a},
    {0x1f9, 0xcb8b},
    {0xc6, 0xcb8d},
    {0x1f6, 0xcb99},
    {0xc3, 0xcc84},
    {0x35b3, 0xcc88},
    {0x1f8, 0xcc8c},
    {0x3670, 0xd081},
    {0x3691, 0xd191},
    {0x496e, 0xe1babe},
    {0x498d, 0xe1babf},
    {0x4970, 0xe1bb80},
    {0x498f, 0xe1bb81},
    {0x3550, 0xe28082},
    {0x79, 0xe28093},
    {0x7b, 0xe28094},
    {0x68, 0xe280a2},
    {0x6f, 0xe280a5},
    {0x6e, 0xe280a6},
    {0x68, 0xe280a7},
    {0xad, 0xe280b2},
    {0xac, 0xe280b5},
    {0xb1, 0xe280bb},
    {0xc3, 0xe280be},
    {0x44c1, 0xe282ac},
    {0x10a, 0xe28483},
    {0xc2, 0xe28485},
    {0x10b, 0xe28489},
    {0x36e6, 0xe28496},
    {0x36e7, 0xe284a1},
    {0x61, 0xe284a2},
    {0xf8, 0xe28690},
    {0xf5, 0xe28691},
    {0xf7, 0xe28692},
    {0xf6, 0xe28693},
    {0xfc, 0xe28698},
    {0xfb, 0xe28699},
    {0x36ac, 0xe287a7},
    {0x101, 0xe28895},
    {0xd5, 0xe2889a},
    {0xdc, 0xe2889e},
    {0xe9, 0xe2889f},
    {0xe8, 0xe288a0},
    {0xfe, 0xe288a3},
    {0xfd, 0xe288a5},
    {0xed, 0xe288ab},
    {0xee, 0xe288ae},
    {0xf0, 0xe288b4},
    {0xef, 0xe288b5},
    {0xe4, 0xe288bc},
    {0xdd, 0xe28992},
    {0xdb, 0xe289a0},
    {0xde, 0xe289a1},
    {0xf3, 0xe28a95},
    {0xf4, 0xe28a99},
    {0xe7, 0xe28aa5},
    {0xea, 0xe28abf},
    {0x6e, 0xe28baf},
    {0x252, 0xe290a1},
    {0x137, 0xe29480},
    {0x138, 0xe29482},
    {0x13a, 0xe2948c},
    {0x13b, 0xe29490},
    {0x13c, 0xe29494},
    {0x13d, 0xe29498},
    {0x135, 0xe2949c},
    {0x134, 0xe294a4},
    {0x133, 0xe294ac},
    {0x132, 0xe294b4},
    {0x131, 0xe294bc},
    {0x370b, 0xe29590},
    {0x370a, 0xe29591},
    {0x36f8, 0xe29592},
    {0x3701, 0xe29593},
    {0x36ef, 0xe29594},
    {0x36fa, 0xe29595},
    {0x3703, 0xe29596},
    {0x36f1, 0xe29597},
    {0x36fe, 0xe29598},
    {0x3707, 0xe29599},
    {0x36f5, 0xe2959a},
    {0x3700, 0xe2959b},
    {0x3709, 0xe2959c},
    {0x36f7, 0xe2959d},
    {0x36fb, 0xe2959e},
    {0x3704, 0xe2959f},
    {0x36f2, 0xe295a0},
    {0x36fd, 0xe295a1},
    {0x3706, 0xe295a2},
    {0x36f4, 0xe295a3},
    {0x36f9, 0xe295a4},
    {0x3702, 0xe295a5},
    {0x36f0, 0xe295a6},
    {0x36ff, 0xe295a7},
    {0x3708, 0xe295a8},
    {0x36f6, 0xe295a9},
    {0x36fc, 0xe295aa},
    {0x3705, 0xe295ab},
    {0x36f3, 0xe295ac},
    {0x141, 0xe295af},
    {0x140, 0xe295b0},
    {0x35b0, 0xe295b4},
    {0x130, 0xe29689},
    {0x12f, 0xe2968a},
    {0x12e, 0xe2968b},
    {0x12d, 0xe2968c},
    {0x12c, 0xe2968d},
    {0x12b, 0xe2968e},
    {0x12a, 0xe2968f},
    {0x3710, 0xe29693},
    {0x136, 0xe29694},
    {0x139, 0xe29695},
    {0xbe, 0xe296a0},
    {0xbd, 0xe296a1},
    {0xb7, 0xe296b2},
    {0xb6, 0xe296b3},
    {0xc0, 0xe296bc},
    {0xbf, 0xe296bd},
    {0xbc, 0xe29786},
    {0xbb, 0xe29787},
    {0xb4, 0xe2978b},
    {0xb8, 0xe2978e},
    {0xb5, 0xe2978f},
    {0x149, 0xe297a4},
    {0x148, 0xe297a5},
    {0xba, 0xe29885},
    {0xb9, 0xe29886},
    {0xf4, 0xe29889},
    {0xf1, 0xe29980},
    {0xf3, 0xe29981},
    {0xf2, 0xe29982},
    {0x35c0, 0xe29cbd},
    {0x44c8, 0xe2ba80},
    {0x451c, 0xe2ba84},
    {0x4520, 0xe2ba8a},
    {0x4523, 0xe2ba95},
    {0x4524, 0xe2ba9c},
    {0x499e, 0xe2ba9d},
    {0x4525, 0xe2baa5},
    {0x4526, 0xe2baa7},
    {0x4527, 0xe2baaa},
    {0x4528, 0xe2baac},
    {0x4529, 0xe2baae},
    {0x452a, 0xe2bab6},
    {0x452b, 0xe2babc},
    {0x452c, 0xe2babe},
    {0x499f, 0xe2bb86},
    {0x452d, 0xe2bb8a},
    {0x4530, 0xe2bb8f},
    {0x4533, 0xe2bb9e},
    {0x49a0, 0xe2bba3},
    {0x253, 0xe2bc80},
    {0x254, 0xe2bc84},
    {0x21b, 0xe2bc85},
    {0x25a, 0xe2bc86},
    {0x21c, 0xe2bc87},
    {0x25f, 0xe2bc8f},
    {0x176e, 0xe2bc90},
    {0x260, 0xe2bc91},
    {0x262, 0xe2bc92},
    {0x220, 0xe2bc93},
    {0x263, 0xe2bc94},
    {0x176f, 0xe2bc95},
    {0x221, 0xe2bc96},
    {0x222, 0xe2bc99},
    {0x1770, 0xe2bc9a},
    {0x223, 0xe2bc9b},
    {0x266, 0xe2bc9c},
    {0x279, 0xe2bc9d},
    {0x1775, 0xe2bc9e},
    {0x44e0, 0xe2bca1},
    {0x224, 0xe2bca2},
    {0x225, 0xe2bca7},
    {0x1776, 0xe2bcac},
    {0x286, 0xe2bcad},
    {0x226, 0xe2bcae},
    {0x1777, 0xe2bcbb},
    {0x2d5, 0xe2bd80},
    {0x22c, 0xe2bd81},
    {0x22d, 0xe2bd86},
    {0x178a, 0xe2bd8e},
    {0x178c, 0xe2bd93},
    {0x178d, 0xe2bd99},
    {0x35e, 0xe2bda5},
    {0x362, 0xe2bda6},
    {0x17b2, 0xe2bdb1},
    {0x1812, 0xe2bdb9},
    {0x1813, 0xe2be8b},
    {0x1818, 0xe2be8c},
    {0x1819, 0xe2be91},
    {0x18e7, 0xe2be98},
    {0x230, 0xe2bea1},
    {0x51b, 0xe2bea2},
    {0x231, 0xe2beaa},
    {0x44e3, 0xe2bead},
    {0x6a2, 0xe2beae},
    {0x1e33, 0xe2bebd},
    {0x9f8, 0xe2bebe},
    {0x1e34, 0xe2bebf},
    {0x2360, 0xe2bf8b},
    {0x2612, 0xe2bf8c},
    {0x1289, 0xe2bf92},
    {0x2f0d, 0xe2bf95},
    {0x63, 0xe38080},
    {0xb3, 0xe38083},
    {0x105, 0xe38092},
    {0x35bd, 0xe383bc},
    {0x44cf, 0xe38785},
    {0x44d6, 0xe38788},
    {0x36af, 0xe3878f},
    {0x36e5, 0xe388b1},
    {0xc1, 0xe38aa3},
    {0x114, 0xe38ea1},
    {0x117, 0xe38f84},
    {0x113, 0xe38f8e},
    {0xec, 0xe38f91},
    {0xeb, 0xe38f92},
    {0x10f, 0xe38f95},
    {0x39bd, 0xe390b5},
    {0x3c67, 0xe39180},
    {0x4a66, 0xe3918a},
    {0x4593, 0xe3918c},
    {0x3a85, 0xe391a4},
    {0x3dc5, 0xe391b3},
    {0x4033, 0xe391ba},
    {0x4597, 0xe391bd},
    {0x46a3, 0xe391be},
    {0x439e, 0xe39293},
    {0x37dc, 0xe39296},
    {0x4598, 0xe392a5},
    {0x3c7f, 0xe392af},
    {0x4380, 0xe392bc},
    {0x44fb, 0xe39381},
    {0x3d00, 0xe39388},
    {0x3ea4, 0xe3939f},
    {0x3e54, 0xe393a4},
    {0x4ab2, 0xe393a6},
    {0x3dca, 0xe393bb},
    {0x4336, 0xe39486},
    {0x44e7, 0xe394be},
    {0x45a1, 0xe39591},
    {0x43a5, 0xe39593},
    {0x49ac, 0xe39599},
    {0x40d8, 0xe395a1},
    {0x45a4, 0xe395ad},
    {0x3b2f, 0xe395b0},
    {0x45a5, 0xe395b2},
    {0x3ecb, 0xe395b7},
    {0x4379, 0xe395b8},
    {0x39fb, 0xe39684},
    {0x3b2d, 0xe39697},
    {0x45b0, 0xe39698},
    {0x40e2, 0xe396a1},
    {0x45b1, 0xe396a5},
    {0x3efc, 0xe396ad},
    {0x45b2, 0xe396bf},
    {0x4580, 0xe39781},
    {0x45b4, 0xe39785},
    {0x459f, 0xe39787},
    {0x3e43, 0xe3978a},
    {0x3e81, 0xe3978e},
    {0x3fc9, 0xe39792},
    {0x3fb5, 0xe39796},
    {0x470d, 0xe3979b},
    {0x43ac, 0xe3979d},
    {0x4696, 0xe397b1},
    {0x4627, 0xe397b2},
    {0x3f6c, 0xe397b3},
    {0x45c8, 0xe397bb},
    {0x3f6a, 0xe397be},
    {0x45f5, 0xe39889},
    {0x4871, 0xe39898},
    {0x461a, 0xe3989a},
    {0x36b7, 0xe3989d},
    {0x40c6, 0xe398a3},
    {0x4a44, 0xe398a5},
    {0x3e86, 0xe398ad},
    {0x492e, 0xe398b5},
    {0x4165, 0xe398b9},
    {0x3a08, 0xe398be},
    {0x4806, 0xe39987},
    {0x3806, 0xe39988},
    {0x4013, 0xe39989},
    {0x4698, 0xe3998e},
    {0x3df3, 0xe3999f},
    {0x4a8c, 0xe399a1},
    {0x3ee3, 0xe399ba},
    {0x45a6, 0xe39a81},
    {0x3c71, 0xe39a9a},
    {0x4902, 0xe39aa5},
    {0x3b30, 0xe39aaa},
    {0x4900, 0xe39aac},
    {0x3cdf, 0xe39ab0},
    {0x40cd, 0xe39ab1},
    {0x3bc2, 0xe39ab5},
    {0x4887, 0xe39ab9},
    {0x3cff, 0xe39abc},
    {0x37c5, 0xe39b81},
    {0x40e5, 0xe39b83},
    {0x3905, 0xe39b84},
    {0x4296, 0xe39b85},
    {0x3d3a, 0xe39b87},
    {0x4820, 0xe39b88},
    {0x3a38, 0xe39b93},
    {0x3bb3, 0xe39b94},
    {0x3d0c, 0xe39b96},
    {0x3a36, 0xe39b9d},
    {0x397c, 0xe39ba1},
    {0x3cdd, 0xe39ba2},
    {0x4216, 0xe39ba5},
    {0x40fc, 0xe39ba6},
    {0x3a18, 0xe39bb5},
    {0x3a34, 0xe39c81},
    {0x460f, 0xe39c83},
    {0x40ff, 0xe39c88},
    {0x3cd5, 0xe39c8a},
    {0x4238, 0xe39c8d},
    {0x3dfe, 0xe39c9c},
    {0x3979, 0xe39ca2},
    {0x3980, 0xe39ca3},
    {0x3849, 0xe39ca5},
    {0x3c8c, 0xe39cac},
    {0x3d37, 0xe39cad},
    {0x495c, 0xe39cb0},
    {0x4106, 0xe39cb2},
    {0x3997, 0xe39cb3},
    {0x3e56, 0xe39cba},
    {0x4202, 0xe39d80},
    {0x4036, 0xe39d83},
    {0x3db6, 0xe39da2},
    {0x47cb, 0xe39daf},
    {0x45ed, 0xe39e97},
    {0x3a28, 0xe39ea0},
    {0x43b7, 0xe39eb9},
    {0x393e, 0xe39ebe},
    {0x4a7b, 0xe39f96},
    {0x3ba1, 0xe39fb2},
    {0x42d2, 0xe39fb8},
    {0x3ef5, 0xe39fbb},
    {0x462c, 0xe3a08f},
    {0x39af, 0xe3a099},
    {0x462f, 0xe3a0a0},
    {0x412e, 0xe3a0ad},
    {0x4133, 0xe3a0b6},
    {0x43bb, 0xe3a0b8},
    {0x46c3, 0xe3a1a3},
    {0x4a90, 0xe3a1b5},
    {0x4145, 0xe3a2a0},
    {0x3912, 0xe3a383},
    {0x4076, 0xe3a38c},
    {0x3a95, 0xe3a391},
    {0x4a82, 0xe3a394},
    {0x44eb, 0xe3a3ba},
    {0x4632, 0xe3a488},
    {0x43be, 0xe3a494},
    {0x3c31, 0xe3a4a7},
    {0x4182, 0xe3a4b2},
    {0x4633, 0xe3a4bf},
    {0x4634, 0xe3a58d},
    {0x4163, 0xe3a5a3},
    {0x4a65, 0xe3a5b8},
    {0x3874, 0xe3a680},
    {0x4638, 0xe3a689},
    {0x3ce8, 0xe3a68a},
    {0x4376, 0xe3a692},
    {0x39ba, 0xe3a699},
    {0x3db3, 0xe3a69b},
    {0x3e19, 0xe3a6a1},
    {0x3e0f, 0xe3a6a4},
    {0x463b, 0xe3a6b8},
    {0x3ece, 0xe3a79c},
    {0x46c8, 0xe3a7a2},
    {0x393b, 0xe3a7a5},
    {0x4310, 0xe3a7ac},
    {0x463e, 0xe3a7b8},
    {0x4345, 0xe3a7bb},
    {0x4368, 0xe3a7be},
    {0x41e0, 0xe3a881},
    {0x4640, 0xe3a883},
    {0x4377, 0xe3a886},
    {0x4190, 0xe3a897},
    {0x438f, 0xe3a898},
    {0x3a5e, 0xe3a8a9},
    {0x3edf, 0xe3a8aa},
    {0x4319, 0xe3a8b4},
    {0x4644, 0xe3a98b},
    {0x3ed3, 0xe3a992},
    {0x419e, 0xe3a997},
    {0x3fc4, 0xe3a99c},
    {0x3b07, 0xe3a99e},
    {0x419c, 0xe3a9a6},
    {0x4333, 0xe3a9a7},
    {0x4647, 0xe3aa97},
    {0x4091, 0xe3aaab},
    {0x4649, 0xe3aabd},
    {0x414c, 0xe3ab9e},
    {0x3a7a, 0xe3aba0},
    {0x46b2, 0xe3abb0},
    {0x464c, 0xe3abb2},
    {0x4a96, 0xe3abb5},
    {0x3af2, 0xe3abbb},
    {0x38e8, 0xe3ac8e},
    {0x46c5, 0xe3ac99},
    {0x464e, 0xe3aca2},
    {0x4956, 0xe3acab},
    {0x474b, 0xe3acb9},
    {0x4650, 0xe3ad82},
    {0x4652, 0xe3ad98},
    {0x393a, 0xe3ada0},
    {0x4656, 0xe3adb1},
    {0x4655, 0xe3adb2},
    {0x4657, 0xe3adbb},
    {0x385a, 0xe3adbc},
    {0x41e2, 0xe3ae80},
    {0x4a20, 0xe3ae95},
    {0x3a9c, 0xe3ae96},
    {0x3a98, 0xe3ae99},
    {0x41e9, 0xe3aea1},
    {0x43c8, 0xe3aebc},
    {0x3db1, 0xe3aebe},
    {0x4134, 0xe3af82},
    {0x3aa0, 0xe3af84},
    {0x3aac, 0xe3af97},
    {0x465f, 0xe3af9d},
    {0x4664, 0xe3afac},
    {0x4666, 0xe3afb2},
    {0x41f3, 0xe3afb3},
    {0x3a6e, 0xe3afb4},
    {0x41f7, 0xe3b08d},
    {0x3e40, 0xe3b091},
    {0x3998, 0xe3b095},
    {0x4931, 0xe3b098},
    {0x3e00, 0xe3b194},
    {0x49b7, 0xe3b28b},
    {0x4670, 0xe3b38b},
    {0x3ce5, 0xe3b38d},
    {0x4003, 0xe3b391},
    {0x3cf7, 0xe3b396},
    {0x404e, 0xe3b39c},
    {0x4217, 0xe3b3ab},
    {0x4675, 0xe3b3af},
    {0x4a5c, 0xe3b492},
    {0x3773, 0xe3b493},
    {0x393c, 0xe3b49d},
    {0x4957, 0xe3b4b2},
    {0x4245, 0xe3b4bb},
    {0x4685, 0xe3b586},
    {0x3ceb, 0xe3b58c},
    {0x4242, 0xe3b58e},
    {0x38ea, 0xe3b591},
    {0x4159, 0xe3b59f},
    {0x3c5e, 0xe3b5a2},
    {0x3cea, 0xe3b5a9},
    {0x4689, 0xe3b5aa},
    {0x3cfc, 0xe3b5af},
    {0x468a, 0xe3b5b5},
    {0x3c2f, 0xe3b5bd},
    {0x494b, 0xe3b685},
    {0x4a52, 0xe3b688},
    {0x468d, 0xe3b68a},
    {0x3abd, 0xe3b68f},
    {0x468f, 0xe3b691},
    {0x3d56, 0xe3b6a5},
    {0x4699, 0xe3b6ad},
    {0x40a6, 0xe3b6b4},
    {0x37d0, 0xe3b6bf},
    {0x48de, 0xe3b786},
    {0x4164, 0xe3b787},
    {0x49a5, 0xe3b789},
    {0x3d6f, 0xe3b78c},
    {0x3af3, 0xe3b78d},
    {0x37e1, 0xe3b793},
    {0x3fff, 0xe3b79b},
    {0x3999, 0xe3b7a7},
    {0x425d, 0xe3b7a8},
    {0x3e5a, 0xe3b7ab},
    {0x46d4, 0xe3b7b3},
    {0x4a3e, 0xe3b7b4},
    {0x48ab, 0xe3b7b7},
    {0x462b, 0xe3b7bc},
    {0x3c14, 0xe3b7bd},
    {0x491d, 0xe3b886},
    {0x4169, 0xe3b980},
    {0x436d, 0xe3b983},
    {0x4595, 0xe3b988},
    {0x427f, 0xe3b995},
    {0x3ee2, 0xe3b9b4},
    {0x4304, 0xe3baa8},
    {0x46ed, 0xe3baa9},
    {0x4075, 0xe3baaa},
    {0x3b9d, 0xe3baad},
    {0x3ad8, 0xe3bab1},
    {0x3a4b, 0xe3bab8},
    {0x3b0b, 0xe3babf},
    {0x3bd8, 0xe3bb82},
    {0x3975, 0xe3bb87},
    {0x46f1, 0xe3bb8a},
    {0x3be2, 0xe3bb8c},
    {0x3854, 0xe3bb90},
    {0x46f2, 0xe3bb91},
    {0x3cad, 0xe3bb96},
    {0x429f, 0xe3bb97},
    {0x3d02, 0xe3bb9a},
    {0x49e7, 0xe3bb9b},
    {0x39f2, 0xe3bb9e},
    {0x3ca8, 0xe3bba1},
    {0x46f6, 0xe3bba2},
    {0x3bdc, 0xe3bba7},
    {0x3ca4, 0xe3bba9},
    {0x396a, 0xe3bbab},
    {0x4a94, 0xe3bbac},
    {0x46f7, 0xe3bbb0},
    {0x3add, 0xe3bbb3},
    {0x46f8, 0xe3bbb4},
    {0x46f9, 0xe3bbba},
    {0x3be8, 0xe3bbbc},
    {0x3af5, 0xe3bbbf},
    {0x3c0d, 0xe3bc80},
    {0x42c3, 0xe3bc84},
    {0x3ad7, 0xe3bc86},
    {0x4a77, 0xe3bc87},
    {0x46fb, 0xe3bc8e},
    {0x46fc, 0xe3bd93},
    {0x3ae9, 0xe3bd98},
    {0x4089, 0xe3bd99},
    {0x3ae6, 0xe3bda3},
    {0x4700, 0xe3bdbc},
    {0x45cd, 0xe3be93},
    {0x43cf, 0xe3bf80},
    {0x4a8a, 0xe3bf88},
    {0x43d1, 0xe3bf97},
    {0x4704, 0xe3bf9c},
    {0x46df, 0xe3bfa5},
    {0x4335, 0xe3bfad},
    {0x45d7, 0xe3bfb9},
    {0x4354, 0xe3bfba},
    {0x410e, 0xe48084},
    {0x49be, 0xe48089},
    {0x4709, 0xe4809d},
    {0x470b, 0xe480b9},
    {0x470c, 0xe48185},
    {0x45b6, 0xe48193},
    {0x399d, 0xe48197},
    {0x3bcb, 0xe481a2},
    {0x3fd3, 0xe481a5},
    {0x470f, 0xe481aa},
    {0x4710, 0xe481af},
    {0x4a00, 0xe481b1},
    {0x43d5, 0xe482a8},
    {0x4acd, 0xe482b4},
    {0x45c0, 0xe482bb},
    {0x3eec, 0xe482bf},
    {0x3b0e, 0xe48388},
    {0x41ab, 0xe48398},
    {0x3e17, 0xe4839f},
    {0x4a7a, 0xe483b8},
    {0x3ebe, 0xe483ba},
    {0x4a74, 0xe48482},
    {0x43d7, 0xe48483},
    {0x425c, 0xe48484},
    {0x471c, 0xe48489},
    {0x3b1b, 0xe4848e},
    {0x4aba, 0xe484b1},
    {0x3b25, 0xe484b2},
    {0x471f, 0xe485a7},
    {0x38ae, 0xe485ac},
    {0x3b23, 0xe485ae},
    {0x4a7e, 0xe485bc},
    {0x3b82, 0xe485bf},
    {0x4ac2, 0xe48681},
    {0x46c0, 0xe48690},
    {0x4720, 0xe486b2},
    {0x4723, 0xe48784},
    {0x373f, 0xe4878a},
    {0x4726, 0xe4878f},
    {0x37bf, 0xe4879b},
    {0x4a8f, 0xe487ad},
    {0x3743, 0xe487af},
    {0x3b3e, 0xe487b9},
    {0x3b41, 0xe48891},
    {0x49c1, 0xe488a3},
    {0x37f1, 0xe48980},
    {0x472b, 0xe489a0},
    {0x3b55, 0xe489aa},
    {0x4a05, 0xe489b6},
    {0x472c, 0xe489ba},
    {0x472f, 0xe48a8c},
    {0x4731, 0xe48a94},
    {0x4a01, 0xe48aa2},
    {0x4010, 0xe48ab5},
    {0x38a6, 0xe48ab9},
    {0x3c8a, 0xe48abc},
    {0x3bb9, 0xe48bb4},
    {0x3cee, 0xe48bbb},
    {0x41e6, 0xe48bbc},
    {0x4a9e, 0xe48c8a},
    {0x377d, 0xe48cab},
    {0x46ca, 0xe48dae},
    {0x473b, 0xe48e97},
    {0x4a56, 0xe48e9a},
    {0x435f, 0xe48eba},
    {0x4695, 0xe48f81},
    {0x433e, 0xe48f99},
    {0x3e49, 0xe48f9f},
    {0x4745, 0xe48fad},
    {0x4a15, 0xe48fb0},
    {0x3e48, 0xe48fb2},
    {0x474a, 0xe49081},
    {0x3b73, 0xe49082},
    {0x474f, 0xe49093},
    {0x4751, 0xe490a5},
    {0x4752, 0xe490ad},
    {0x37af, 0xe491ba},
    {0x4758, 0xe4928f},
    {0x36b4, 0xe49291},
    {0x3ae2, 0xe4929f},
    {0x37ed, 0xe492a0},
    {0x4079, 0xe492a2},
    {0x475c, 0xe492b0},
    {0x3fa1, 0xe492b7},
    {0x4a8e, 0xe492bd},
    {0x3c07, 0xe49380},
    {0x4a53, 0xe49383},
    {0x4210, 0xe49385},
    {0x3d23, 0xe4938e},
    {0x39dd, 0xe4939d},
    {0x4a8d, 0xe4939e},
    {0x3d22, 0xe4939f},
    {0x4acf, 0xe493a1},
    {0x37e2, 0xe493a4},
    {0x41cf, 0xe493a9},
    {0x3b71, 0xe493aa},
    {0x3cf2, 0xe493ab},
    {0x3eb4, 0xe493ac},
    {0x3992, 0xe493b4},
    {0x469f, 0xe49483},
    {0x4763, 0xe49484},
    {0x3e50, 0xe49489},
    {0x37d4, 0xe4948b},
    {0x37f9, 0xe49496},
    {0x4a85, 0xe4949b},
    {0x3767, 0xe4949d},
    {0x37f6, 0xe494a3},
    {0x37f7, 0xe494a7},
    {0x3cd3, 0xe494ae},
    {0x3c51, 0xe494b3},
    {0x4a57, 0xe494b6},
    {0x476a, 0xe494bb},
    {0x38c4, 0xe494bd},
    {0x3e12, 0xe494bf},
    {0x37f3, 0xe49583},
    {0x3ae4, 0xe49591},
    {0x40b3, 0xe49592},
    {0x423e, 0xe49595},
    {0x4a61, 0xe49598},
    {0x378b, 0xe4959c},
    {0x4a84, 0xe495a1},
    {0x4940, 0xe495a2},
    {0x3804, 0xe495aa},
    {0x4a81, 0xe495ad},
    {0x476e, 0xe495b7},
    {0x4a19, 0xe495b8},
    {0x38c5, 0xe49685},
    {0x4a18, 0xe496a6},
    {0x43e1, 0xe496ac},
    {0x4a1c, 0xe496b3},
    {0x4a2d, 0xe4979a},
    {0x3ee4, 0xe497a9},
    {0x4a89, 0xe497aa},
    {0x4a17, 0xe49883},
    {0x4773, 0xe49886},
    {0x3815, 0xe4988f},
    {0x3843, 0xe49895},
    {0x4774, 0xe49897},
    {0x381d, 0xe4999b},
    {0x39e9, 0xe499ba},
    {0x3d01, 0xe49a80},
    {0x4a32, 0xe49aa1},
    {0x4ac0, 0xe49aae},
    {0x4a75, 0xe49abb},
    {0x3ba0, 0xe49b8f},
    {0x3dfa, 0xe49b90},
    {0x3b9f, 0xe49bb5},
    {0x4a7c, 0xe49bb7},
    {0x3833, 0xe49c93},
    {0x3dc7, 0xe49c98},
    {0x4a21, 0xe49cb6},
    {0x4a22, 0xe49d84},
    {0x3ebc, 0xe49d8e},
    {0x4a2c, 0xe49d8f},
    {0x3dcd, 0xe49dbc},
    {0x4781, 0xe49e98},
    {0x40a3, 0xe49ea6},
    {0x3eea, 0xe49eb6},
    {0x431a, 0xe49f95},
    {0x4783, 0xe49fad},
    {0x432f, 0xe49fb4},
    {0x461e, 0xe4a080},
    {0x4352, 0xe4a08b},
    {0x4787, 0xe4a0b7},
    {0x410f, 0xe4a19d},
    {0x3d03, 0xe4a1b1},
    {0x3bbd, 0xe4a29b},
    {0x4791, 0xe4a2ad},
    {0x494d, 0xe4a2ae},
    {0x3bc5, 0xe4a2b4},
    {0x3da7, 0xe4a390},
    {0x4120, 0xe4a39d},
    {0x4288, 0xe4a3ad},
    {0x3ec1, 0xe4a3b3},
    {0x3e44, 0xe4a3ba},
    {0x3bc7, 0xe4a486},
    {0x4584, 0xe4a491},
    {0x4794, 0xe4a49e},
    {0x3c0f, 0xe4a4a5},
    {0x46ae, 0xe4a4aa},
    {0x46cd, 0xe4a4ad},
    {0x4ab8, 0xe4a4af},
    {0x4aa2, 0xe4a4b0},
    {0x3cc3, 0xe4a4b5},
    {0x3bf8, 0xe4a4bc},
    {0x3d06, 0xe4a4be},
    {0x47a3, 0xe4a585},
    {0x47a4, 0xe4a591},
    {0x42ad, 0xe4a593},
    {0x3899, 0xe4a5a5},
    {0x47a9, 0xe4a5aa},
    {0x3a24, 0xe4a5b2},
    {0x379b, 0xe4a689},
    {0x38b7, 0xe4a6a1},
    {0x47ae, 0xe4a6a7},
    {0x38aa, 0xe4a79f},
    {0x47b1, 0xe4a7a5},
    {0x4621, 0xe4a7a7},
    {0x38c3, 0xe4a88f},
    {0x3bec, 0xe4a89d},
    {0x47b2, 0xe4a8a4},
    {0x47b4, 0xe4a8b5},
    {0x3ce7, 0xe4aa96},
    {0x4a31, 0xe4aaa4},
    {0x4361, 0xe4aab4},
    {0x3da8, 0xe4aab8},
    {0x38e3, 0xe4ab91},
    {0x47b7, 0xe4aba4},
    {0x38f2, 0xe4abbf},
    {0x49b9, 0xe4ac90},
    {0x47b9, 0xe4ac99},
    {0x49aa, 0xe4aca0},
    {0x461f, 0xe4acac},
    {0x41a9, 0xe4acb7},
    {0x3c16, 0xe4adaf},
    {0x47c0, 0xe4adb0},
    {0x38fc, 0xe4adb2},
    {0x3c8d, 0xe4adbb},
    {0x400a, 0xe4adbe},
    {0x39f7, 0xe4ae8e},
    {0x3c20, 0xe4ae90},
    {0x3a8c, 0xe4ae93},
    {0x3942, 0xe4ae96},
    {0x3c24, 0xe4ae97},
    {0x47c2, 0xe4ae9d},
    {0x3c23, 0xe4aebd},
    {0x3954, 0xe4aebe},
    {0x3ddc, 0xe4af80},
    {0x3fbb, 0xe4b084},
    {0x3fb7, 0xe4b087},
    {0x390c, 0xe4b08e},
    {0x4a16, 0xe4b0b2},
    {0x3f3c, 0xe4b0bb},
    {0x457b, 0xe4b0be},
    {0x4a24, 0xe4b180},
    {0x4a23, 0xe4b187},
    {0x4a2a, 0xe4b197},
    {0x3ed9, 0xe4b19b},
    {0x47c9, 0xe4b1ad},
    {0x4a64, 0xe4b1b7},
    {0x4a87, 0xe4b1bb},
    {0x3e66, 0xe4b1bd},
    {0x4a0b, 0xe4b281},
    {0x4a2e, 0xe4b285},
    {0x48be, 0xe4b2a4},
    {0x3c42, 0xe4b2ae},
    {0x3c45, 0xe4b2b0},
    {0x3e21, 0xe4b2b7},
    {0x4578, 0xe4b38d},
    {0x3ef3, 0xe4b3a1},
    {0x4a1e, 0xe4b3a2},
    {0x40ab, 0xe4b3ad},
    {0x4a30, 0xe4b487},
    {0x3ed6, 0xe4b489},
    {0x4117, 0xe4b490},
    {0x3935, 0xe4b4b4},
    {0x4a88, 0xe4b5b6},
    {0x4a1b, 0xe4b5b7},
    {0x4a86, 0xe4b689},
    {0x43f5, 0xe4b691},
    {0x48c4, 0xe4b69c},
    {0x253, 0xe4b880},
    {0x255, 0xe4b881},
    {0x256, 0xe4b883},
    {0x48fe, 0xe4b884},
    {0x1771, 0xe4b887},
    {0x269, 0xe4b888},
    {0x267, 0xe4b889},
    {0x26a, 0xe4b88a},
    {0x268, 0xe4b88b},
    {0x1772, 0xe4b88c},
    {0x294, 0xe4b88d},
    {0x177a, 0xe4b88e},
    {0x1778, 0xe4b88f},
    {0x293, 0xe4b890},
    {0x292, 0xe4b891},
    {0x2f2, 0xe4b894},
    {0x2f1, 0xe4b895},
    {0x2f0, 0xe4b896},
    {0x2f3, 0xe4b898},
    {0x2ef, 0xe4b899},
    {0x48fd, 0xe4b89a},
    {0x48e0, 0xe4b89c},
    {0x3d6d, 0xe4b8a1},
    {0x458d, 0xe4b8a4},
    {0x528, 0xe4b8a6},
    {0x218, 0xe4b8a8},
    {0x3f57, 0xe4b8aa},
    {0x26b, 0xe4b8ab},
    {0x44f3, 0xe4b8ac},
    {0x295, 0xe4b8ad},
    {0x177b, 0xe4b8ae},
    {0x49d2, 0xe4b8af},
    {0x296, 0xe4b8b0},
    {0x178e, 0xe4b8b1},
    {0x415, 0xe4b8b2},
    {0x18f4, 0xe4b8b3},
    {0x219, 0xe4b8b6},
    {0x4517, 0xe4b8b7},
    {0x26c, 0xe4b8b8},
    {0x297, 0xe4b8b9},
    {0x2f4, 0xe4b8bb},
    {0x178f, 0xe4b8bc},
    {0x4537, 0xe4b8bd},
    {0x21a, 0xe4b8bf},
    {0x36af, 0xe4b981},
    {0x176c, 0xe4b982},
    {0x257, 0xe4b983},
    {0x26e, 0xe4b985},
    {0x1773, 0xe4b987},
    {0x26f, 0xe4b988},
    {0x408e, 0xe4b989},
    {0x298, 0xe4b98b},
    {0x2f5, 0xe4b98d},
    {0x2f7, 0xe4b98e},
    {0x2f6, 0xe4b98f},
    {0x529, 0xe4b996},
    {0x831, 0xe4b998},
    {0x254, 0xe4b999},
    {0x36b1, 0xe4b99a},
    {0x44e5, 0xe4b99b},
    {0x176d, 0xe4b99c},
    {0x258, 0xe4b99d},
    {0x271, 0xe4b99e},
    {0x270, 0xe4b99f},
    {0x372, 0xe4b9a9},
    {0x3de5, 0xe4b9aa},
    {0x52a, 0xe4b9b3},
    {0x3d8e, 0xe4b9b8},
    {0x9fb, 0xe4b9be},
    {0x1e35, 0xe4b9bf},
    {0x458e, 0xe4ba80},
    {0x43bc, 0xe4ba81},
    {0xdbe, 0xe4ba82},
    {0x21b, 0xe4ba85},
    {0x259, 0xe4ba86},
    {0x458f, 0xe4ba87},
    {0x29a, 0xe4ba88},
    {0x459c, 0xe4ba89},
    {0x52b, 0xe4ba8b},
    {0x25a, 0xe4ba8c},
    {0x1774, 0xe4ba8d},
    {0x272, 0xe4ba8e},
    {0x29b, 0xe4ba91},
    {0x29d, 0xe4ba92},
    {0x177c, 0xe4ba93},
    {0x29e, 0xe4ba94},
    {0x29c, 0xe4ba95},
    {0x39c4, 0xe4ba98},
    {0x373, 0xe4ba99},
    {0x48d5, 0xe4ba9a},
    {0x52c, 0xe4ba9b},
    {0x52d, 0xe4ba9e},
    {0x6a3, 0xe4ba9f},
    {0x21c, 0xe4baa0},
    {0x273, 0xe4baa1},
    {0x29f, 0xe4baa2},
    {0x49cf, 0xe4baa3},
    {0x374, 0xe4baa4},
    {0x376, 0xe4baa5},
    {0x375, 0xe4baa6},
    {0x416, 0xe4baa8},
    {0x832, 0xe4bab3},
    {0x2363, 0xe4bab6},
    {0x413c, 0xe4bab7},
    {0x3377, 0xe4bab9},
    {0x25b, 0xe4baba},
    {0x44e6, 0xe4babb},
    {0x39b1, 0xe4babc},
    {0x4590, 0xe4babf},
    {0x2a1, 0xe4bb80},
    {0x2a0, 0xe4bb81},
    {0x177d, 0xe4bb82},
    {0x2a2, 0xe4bb83},
    {0x2a8, 0xe4bb84},
    {0x177f, 0xe4bb88},
    {0x177e, 0xe4bb89},
    {0x2a5, 0xe4bb8d},
    {0x3f62, 0xe4bb8e},
    {0x2f9, 0xe4bb98},
    {0x300, 0xe4bb99},
    {0x1795, 0xe4bb9a},
    {0x1791, 0xe4bb9c},
    {0x1794, 0xe4bb9d},
    {0x301, 0xe4bb9e},
    {0x311, 0xe4bb9f},
    {0x1793, 0xe4bba1},
    {0x2f8, 0xe4bba5},
    {0x1790, 0xe4bba8},
    {0x1792, 0xe4bba9},
    {0x48cb, 0xe4bbaa},
    {0x4591, 0xe4bbab},
    {0x3d76, 0xe4bbae},
    {0x383, 0xe4bbb0},
    {0x17ba, 0xe4bbb1},
    {0x380, 0xe4bbb2},
    {0x384, 0xe4bbb3},
    {0x17c4, 0xe4bbb4},
    {0x17b8, 0xe4bbb5},
    {0x381, 0xe4bbb6},
    {0x17bc, 0xe4bbb7},
    {0x39ad, 0xe4bbb8},
    {0x382, 0xe4bbbb},
    {0x385, 0xe4bbbd},
    {0x439b, 0xe4bbbe},
    {0x377, 0xe4bbbf},
    {0x17bb, 0xe4bc80},
    {0x386, 0xe4bc81},
    {0x17bf, 0xe4bc82},
    {0x39c8, 0xe4bc83},
    {0x17c3, 0xe4bc84},
    {0x17c0, 0xe4bc85},
    {0x17bd, 0xe4bc88},
    {0x378, 0xe4bc89},
    {0x37a, 0xe4bc8a},
    {0x387, 0xe4bc8b},
    {0x37c, 0xe4bc8d},
    {0x17b5, 0xe4bc8e},
    {0x37f, 0xe4bc8f},
    {0x17c5, 0xe4bc92},
    {0x17c2, 0xe4bc93},
    {0x17b9, 0xe4bc94},
    {0x37b, 0xe4bc95},
    {0x49d3, 0xe4bc97},
    {0x17b6, 0xe4bc98},
    {0x379, 0xe4bc99},
    {0x453c, 0xe4bc9a},
    {0x17be, 0xe4bc9d},
    {0x17c1, 0xe4bca2},
    {0x453d, 0xe4bca8},
    {0x39be, 0xe4bca9},
    {0x17b7, 0xe4bcac},
    {0x182f, 0xe4bcad},
    {0x42c, 0xe4bcaf},
    {0x41f, 0xe4bcb0},
    {0x393d, 0xe4bcb2},
    {0x1830, 0xe4bcb3},
    {0x41c, 0xe4bcb4},
    {0x42e, 0xe4bcb6},
    {0x4592, 0xe4bcb7},
    {0x424, 0xe4bcb8},
    {0x3f65, 0xe4bcb9},
    {0x423, 0xe4bcba},
    {0x1824, 0xe4bcbb},
    {0x427, 0xe4bcbc},
    {0x422, 0xe4bcbd},
    {0x1829, 0xe4bcbe},
    {0x1831, 0xe4bcbf},
    {0x182d, 0xe4bd81},
    {0x39cb, 0xe4bd82},
    {0x425, 0xe4bd83},
    {0x3b8f, 0xe4bd85},
    {0x428, 0xe4bd86},
    {0x419, 0xe4bd87},
    {0x431, 0xe4bd88},
    {0x1826, 0xe4bd89},
    {0x39b4, 0xe4bd8b},
    {0x1900, 0xe4bd8c},
    {0x417, 0xe4bd8d},
    {0x42d, 0xe4bd8e},
    {0x418, 0xe4bd8f},
    {0x182b, 0xe4bd92},
    {0x1827, 0xe4bd93},
    {0x426, 0xe4bd94},
    {0x41e, 0xe4bd95},
    {0x1823, 0xe4bd96},
    {0x41a, 0xe4bd97},
    {0x182e, 0xe4bd98},
    {0x42f, 0xe4bd99},
    {0x432, 0xe4bd9a},
    {0x41d, 0xe4bd9b},
    {0x42a, 0xe4bd9c},
    {0x430, 0xe4bd9d},
    {0x41b, 0xe4bd9e},
    {0x182c, 0xe4bd9f},
    {0x42b, 0xe4bda0},
    {0x1832, 0xe4bda1},
    {0x1825, 0xe4bda2},
    {0x429, 0xe4bda3},
    {0x1828, 0xe4bda4},
    {0x182a, 0xe4bda7},
    {0x53d, 0xe4bda9},
    {0x1902, 0xe4bdaa},
    {0x190e, 0xe4bdab},
    {0x535, 0xe4bdac},
    {0x190f, 0xe4bdae},
    {0x530, 0xe4bdaf},
    {0x53a, 0xe4bdb0},
    {0x3c72, 0xe4bdb2},
    {0x533, 0xe4bdb3},
    {0x18fc, 0xe4bdb4},
    {0x53b, 0xe4bdb5},
    {0x18fb, 0xe4bdb6},
    {0x18ff, 0xe4bdb7},
    {0x1906, 0xe4bdb8},
    {0x1904, 0xe4bdb9},
    {0x543, 0xe4bdba},
    {0x53e, 0xe4bdbb},
    {0x18f6, 0xe4bdbc},
    {0x18f8, 0xe4bdbd},
    {0x540, 0xe4bdbe},
    {0x534, 0xe4bdbf},
    {0x18f9, 0xe4be80},
    {0x1905, 0xe4be81},
    {0x190c, 0xe4be82},
    {0x539, 0xe4be83},
    {0x18fe, 0xe4be84},
    {0x18f7, 0xe4be85},
    {0x538, 0xe4be86},
    {0x18fa, 0xe4be87},
    {0x53c, 0xe4be88},
    {0x18fd, 0xe4be89},
    {0x39b5, 0xe4be8a},
    {0x537, 0xe4be8b},
    {0x532, 0xe4be8d},
    {0x541, 0xe4be8f},
    {0x1907, 0xe4be90},
    {0x542, 0xe4be91},
    {0x190b, 0xe4be92},
    {0x1909, 0xe4be94},
    {0x190d, 0xe4be95},
    {0x53f, 0xe4be96},
    {0x1901, 0xe4be97},
    {0x18f5, 0xe4be98},
    {0x1903, 0xe4be9a},
    {0x536, 0xe4be9b},
    {0x1908, 0xe4be9c},
    {0x531, 0xe4be9d},
    {0x190a, 0xe4be9e},
    {0x39c7, 0xe4bea2},
    {0x453e, 0xe4bea8},
    {0x4022, 0xe4beab},
    {0x6b4, 0xe4beae},
    {0x6a8, 0xe4beaf},
    {0x3d4a, 0xe4beb0},
    {0x1a5d, 0xe4beb2},
    {0x1a65, 0xe4beb3},
    {0x4a6a, 0xe4beb4},
    {0x6a7, 0xe4beb5},
    {0x6af, 0xe4beb6},
    {0x6bb, 0xe4beb7},
    {0x1a6b, 0xe4beb9},
    {0x1a69, 0xe4beba},
    {0x1a64, 0xe4bebb},
    {0x4594, 0xe4bebd},
    {0x6a9, 0xe4bebf},
    {0x1a6a, 0xe4bf80},
    {0x1a60, 0xe4bf81},
    {0x6b7, 0xe4bf82},
    {0x6ae, 0xe4bf83},
    {0x6b6, 0xe4bf84},
    {0x1a5b, 0xe4bf85},
    {0x1a67, 0xe4bf87},
    {0x46e8, 0xe4bf88},
    {0x1a5e, 0xe4bf89},
    {0x6b2, 0xe4bf8a},
    {0x1a5f, 0xe4bf8b},
    {0x39cf, 0xe4bf8c},
    {0x1a5a, 0xe4bf8d},
    {0x6b9, 0xe4bf8e},
    {0x6ac, 0xe4bf8f},
    {0x6b5, 0xe4bf90},
    {0x6ab, 0xe4bf91},
    {0x1a5c, 0xe4bf93},
    {0x1a61, 0xe4bf94},
    {0x1a68, 0xe4bf96},
    {0x6b3, 0xe4bf97},
    {0x6b0, 0xe4bf98},
    {0x1a63, 0xe4bf99},
    {0x6b8, 0xe4bf9a},
    {0x1a66, 0xe4bf9b},
    {0x1a62, 0xe4bf9c},
    {0x6ad, 0xe4bf9d},
    {0x6ba, 0xe4bf9e},
    {0x6b1, 0xe4bf9f},
    {0x6aa, 0xe4bfa0},
    {0x6a6, 0xe4bfa1},
    {0x3c66, 0xe4bfa4},
    {0x39d0, 0xe4bfa5},
    {0x1a6c, 0xe4bfac},
    {0x84c, 0xe4bfae},
    {0x836, 0xe4bfaf},
    {0x49d0, 0xe4bfb0},
    {0x846, 0xe4bfb1},
    {0x3f28, 0xe4bfb2},
    {0x84b, 0xe4bfb3},
    {0x1c24, 0xe4bfb4},
    {0x1c23, 0xe4bfb5},
    {0x839, 0xe4bfb8},
    {0x37b3, 0xe4bfb9},
    {0x842, 0xe4bfba},
    {0x3f26, 0xe4bfbd},
    {0x84f, 0xe4bfbe},
    {0x843, 0xe58080},
    {0x4596, 0xe58083},
    {0x1c1d, 0xe58085},
    {0x83c, 0xe58086},
    {0x1c1e, 0xe58087},
    {0x4024, 0xe58088},
    {0x851, 0xe58089},
    {0x848, 0xe5808b},
    {0x1c31, 0xe5808e},
    {0xa0c, 0xe5808f},
    {0x841, 0xe58091},
    {0x840, 0xe58092},
    {0x1c1f, 0xe58093},
    {0x844, 0xe58094},
    {0x1e45, 0xe58095},
    {0x83b, 0xe58096},
    {0x1c2a, 0xe58097},
    {0x84a, 0xe58098},
    {0x849, 0xe58099},
    {0x83f, 0xe5809a},
    {0x1c22, 0xe5809b},
    {0x1c2b, 0xe5809c},
    {0x1c1c, 0xe5809e},
    {0x83e, 0xe5809f},
    {0x1c2c, 0xe580a0},
    {0x847, 0xe580a1},
    {0x1c20, 0xe580a2},
    {0x835, 0xe580a3},
    {0x838, 0xe580a5},
    {0x837, 0xe580a6},
    {0x1c2d, 0xe580a7},
    {0x845, 0xe580a8},
    {0x83a, 0xe580a9},
    {0x84e, 0xe580aa},
    {0x850, 0xe580ab},
    {0x1c27, 0xe580ac},
    {0x84d, 0xe580ad},
    {0x39cc, 0xe580ae},
    {0x1c2f, 0xe580af},
    {0x1c21, 0xe580b0},
    {0x1c30, 0xe580b1},
    {0x1c25, 0xe580b3},
    {0x3910, 0xe580b4},
    {0x1c2e, 0xe580b5},
    {0x1c26, 0xe580b7},
    {0x49a1, 0xe580bb},
    {0x83d, 0xe580bc},
    {0x1e4d, 0xe58180},
    {0x1e41, 0xe58181},
    {0xa00, 0xe58183},
    {0x1e46, 0xe58185},
    {0x1e4c, 0xe58186},
    {0x9ff, 0xe58187},
    {0x1e3f, 0xe58188},
    {0xa03, 0xe58189},
    {0x1e43, 0xe5818a},
    {0x1e3c, 0xe5818b},
    {0xa01, 0xe5818c},
    {0x1e40, 0xe5818d},
    {0xa06, 0xe5818e},
    {0xa0b, 0xe5818f},
    {0x1e51, 0xe58191},
    {0x1e3b, 0xe58193},
    {0xa07, 0xe58195},
    {0x3f2c, 0xe58196},
    {0x1e50, 0xe58197},
    {0x39d1, 0xe58198},
    {0xa02, 0xe5819a},
    {0x1e42, 0xe5819b},
    {0x9fe, 0xe5819c},
    {0x1e3d, 0xe5819d},
    {0x1e39, 0xe5819e},
    {0x1e47, 0xe5819f},
    {0x1e3a, 0xe581a0},
    {0x1e38, 0xe581a1},
    {0x1e44, 0xe581a2},
    {0xa04, 0xe581a5},
    {0x3dc9, 0xe581a6},
    {0x20b8, 0xe581a8},
    {0x1e48, 0xe581a9},
    {0x1e37, 0xe581aa},
    {0x1e49, 0xe581ab},
    {0x39cd, 0xe581ac},
    {0xa0e, 0xe581ad},
    {0x1e4e, 0xe581ae},
    {0xa0d, 0xe581af},
    {0x1e36, 0xe581b0},
    {0x1e3e, 0xe581b2},
    {0x1e4f, 0xe581b3},
    {0xa09, 0xe581b4},
    {0xa08, 0xe581b5},
    {0xa05, 0xe581b6},
    {0xa0a, 0xe581b7},
    {0x9fc, 0xe581ba},
    {0x9fd, 0xe581bd},
    {0xbec, 0xe58280},
    {0x39ce, 0xe58281},
    {0x20bb, 0xe58282},
    {0x20b4, 0xe58283},
    {0xbe9, 0xe58285},
    {0x20bc, 0xe58287},
    {0x439c, 0xe58288},
    {0x20b2, 0xe5828b},
    {0x20b5, 0xe5828c},
    {0xbe8, 0xe5828d},
    {0x20b6, 0xe5828e},
    {0x41ec, 0xe58290},
    {0xbeb, 0xe58291},
    {0x20ba, 0xe58292},
    {0x20b0, 0xe58294},
    {0x20af, 0xe58295},
    {0xbed, 0xe58296},
    {0xbee, 0xe58298},
    {0xbea, 0xe58299},
    {0xbef, 0xe5829a},
    {0x20ae, 0xe5829b},
    {0x20b9, 0xe5829c},
    {0x20b7, 0xe5829d},
    {0x20b1, 0xe5829e},
    {0xbe7, 0xe582a2},
    {0x20b3, 0xe582a3},
    {0x3f3f, 0xe582a6},
    {0xdc5, 0xe582ac},
    {0xdbf, 0xe582ad},
    {0x2367, 0xe582ae},
    {0xdc8, 0xe582af},
    {0x236d, 0xe582b0},
    {0x2370, 0xe582b1},
    {0x236a, 0xe582b4},
    {0xdc0, 0xe582b5},
    {0x2373, 0xe582b6},
    {0xdc6, 0xe582b7},
    {0x2374, 0xe582b8},
    {0x236f, 0xe582ba},
    {0xdc7, 0xe582bb},
    {0x49d1, 0xe582bc},
    {0x2364, 0xe582bd},
    {0xdc4, 0xe582be},
    {0x2365, 0xe582bf},
    {0x236e, 0xe58381},
    {0x236c, 0xe58382},
    {0x2368, 0xe58384},
    {0xdc3, 0xe58385},
    {0x2366, 0xe58386},
    {0xdc9, 0xe58387},
    {0x236b, 0xe58388},
    {0x2372, 0xe58389},
    {0x2369, 0xe5838a},
    {0x2371, 0xe5838b},
    {0x39c5, 0xe5838d},
    {0xf88, 0xe5838e},
    {0xf85, 0xe5838f},
    {0x38d1, 0xe58390},
    {0xf86, 0xe58391},
    {0x261c, 0xe58393},
    {0x2614, 0xe58394},
    {0xf84, 0xe58395},
    {0xf81, 0xe58396},
    {0x2615, 0xe58397},
    {0x3fce, 0xe58399},
    {0xf83, 0xe5839a},
    {0x2618, 0xe5839b},
    {0x261a, 0xe5839d},
    {0x4031, 0xe5839e},
    {0x3afd, 0xe5839f},
    {0x2621, 0xe583a0},
    {0x4171, 0xe583a1},
    {0x2620, 0xe583a3},
    {0x261b, 0xe583a4},
    {0xf80, 0xe583a5},
    {0x2613, 0xe583a6},
    {0xf7e, 0xe583a7},
    {0x2616, 0xe583a8},
    {0xf89, 0xe583a9},
    {0x2619, 0xe583aa},
    {0x261d, 0xe583ac},
    {0xf82, 0xe583ad},
    {0xf7f, 0xe583ae},
    {0x261f, 0xe583af},
    {0x261e, 0xe583b0},
    {0xf87, 0xe583b1},
    {0x2617, 0xe583b3},
    {0x3ce9, 0xe583b4},
    {0x1105, 0xe583b5},
    {0x2883, 0xe583b6},
    {0x2880, 0xe583b8},
    {0x1106, 0xe583b9},
    {0x1104, 0xe583bb},
    {0x39d2, 0xe583bc},
    {0x2887, 0xe583bd},
    {0x2884, 0xe583be},
    {0x287d, 0xe583bf},
    {0x1103, 0xe58480},
    {0x4032, 0xe58481},
    {0x1107, 0xe58482},
    {0x287e, 0xe58483},
    {0x1102, 0xe58484},
    {0x110a, 0xe58485},
    {0x2888, 0xe5848a},
    {0x39c6, 0xe5848d},
    {0x4034, 0xe5848e},
    {0x128d, 0xe58490},
    {0x2b04, 0xe58491},
    {0x128a, 0xe58492},
    {0x2b01, 0xe58493},
    {0x128c, 0xe58494},
    {0x128e, 0xe58495},
    {0x2b02, 0xe58497},
    {0x128b, 0xe58498},
    {0x2b03, 0xe5849a},
    {0x2b00, 0xe5849c},
    {0x13b5, 0xe5849f},
    {0x2d3e, 0xe584a0},
    {0x13b6, 0xe584a1},
    {0x2d3c, 0xe584a2},
    {0x2d3d, 0xe584a4},
    {0x2d3b, 0xe584a5},
    {0x2d3a, 0xe584a6},
    {0x2d3f, 0xe584a9},
    {0x13b4, 0xe584aa},
    {0x39ae, 0xe584ab},
    {0x287f, 0xe584b0},
    {0x2f0e, 0xe584b1},
    {0x13b7, 0xe584b2},
    {0x1575, 0xe584b3},
    {0x32c6, 0xe584b9},
    {0x32c5, 0xe584ba},
    {0x16bc, 0xe584bb},
    {0x16bb, 0xe584bc},
    {0x340e, 0xe584bd},
    {0x25c, 0xe584bf},
    {0x274, 0xe58580},
    {0x2aa, 0xe58581},
    {0x2a9, 0xe58583},
    {0x303, 0xe58584},
    {0x302, 0xe58585},
    {0x38a, 0xe58586},
    {0x389, 0xe58587},
    {0x38b, 0xe58588},
    {0x388, 0xe58589},
    {0x434, 0xe5858b},
    {0x433, 0xe5858c},
    {0x435, 0xe5858d},
    {0x4ad4, 0xe58591},
    {0x545, 0xe58592},
    {0x544, 0xe58594},
    {0x546, 0xe58595},
    {0x439a, 0xe58596},
    {0x6bc, 0xe58597},
    {0x119, 0xe58599},
    {0x1c32, 0xe5859a},
    {0x11a, 0xe5859b},
    {0xa0f, 0xe5859c},
    {0x11c, 0xe5859d},
    {0x11b, 0xe5859e},
    {0x20bd, 0xe5859f},
    {0x403a, 0xe585a0},
    {0x11d, 0xe585a1},
    {0xf8a, 0xe585a2},
    {0x11e, 0xe585a3},
    {0x25d, 0xe585a5},
    {0x2ab, 0xe585a7},
    {0x38c, 0xe585a8},
    {0x547, 0xe585a9},
    {0x403c, 0xe585aa},
    {0x25e, 0xe585ab},
    {0x2ae, 0xe585ac},
    {0x38d, 0xe585b1},
    {0x453f, 0xe585b4},
    {0x436, 0xe585b5},
    {0x549, 0xe585b6},
    {0x548, 0xe585b7},
    {0x54a, 0xe585b8},
    {0x3ace, 0xe585b9},
    {0x852, 0xe585bc},
    {0x128f, 0xe58680},
    {0x21d, 0xe58682},
    {0x439f, 0xe58686},
    {0x1779, 0xe58687},
    {0x36b6, 0xe58688},
    {0x38e, 0xe5868d},
    {0x1833, 0xe5868f},
    {0x6be, 0xe58691},
    {0x6bd, 0xe58692},
    {0x1c34, 0xe58693},
    {0x1c33, 0xe58694},
    {0xa10, 0xe58695},
    {0x21e, 0xe58696},
    {0x2af, 0xe58697},
    {0x1780, 0xe58698},
    {0x3ea3, 0xe5869a},
    {0x4540, 0xe5869c},
    {0x1910, 0xe5869e},
    {0x6bf, 0xe586a0},
    {0x855, 0xe586a2},
    {0x3ea6, 0xe586a7},
    {0x39da, 0xe586a8},
    {0x1290, 0xe586aa},
    {0x21f, 0xe586ab},
    {0x306, 0xe586ac},
    {0x49bc, 0xe586ae},
    {0x38f, 0xe586b0},
    {0x17c6, 0xe586b1},
    {0x4048, 0xe586b2},
    {0x4051, 0xe586b3},
    {0x3d7c, 0xe586b4},
    {0x4012, 0xe586b5},
    {0x4049, 0xe586b8},
    {0x1834, 0xe586b9},
    {0x1911, 0xe586bc},
    {0x54b, 0xe586bd},
    {0x1912, 0xe586be},
    {0x39db, 0xe58783},
    {0x858, 0xe58786},
    {0x422a, 0xe58787},
    {0x1c38, 0xe58788},
    {0x404b, 0xe58789},
    {0x1c35, 0xe5878a},
    {0x859, 0xe5878b},
    {0x857, 0xe5878c},
    {0x856, 0xe5878d},
    {0x1c39, 0xe5878e},
    {0x404c, 0xe5878f},
    {0x1e52, 0xe58790},
    {0x404d, 0xe58791},
    {0x3dad, 0xe58792},
    {0x404f, 0xe58793},
    {0x20be, 0xe58794},
    {0x2375, 0xe58797},
    {0x2622, 0xe58798},
    {0x459a, 0xe5879b},
    {0x110b, 0xe5879c},
    {0x1291, 0xe5879d},
    {0x2b05, 0xe5879e},
    {0x424f, 0xe5879f},
    {0x25f, 0xe587a0},
    {0x26d, 0xe587a1},
    {0x4946, 0xe587a2},
    {0x4541, 0xe587a4},
    {0x4054, 0xe587ad},
    {0xa11, 0xe587b0},
    {0xbf1, 0xe587b1},
    {0xf8b, 0xe587b3},
    {0x4178, 0xe587b4},
    {0x176e, 0xe587b5},
    {0x2b0, 0xe587b6},
    {0x309, 0xe587b8},
    {0x459b, 0xe587bc},
    {0x54c, 0xe587bd},
    {0x3f0a, 0xe587be},
    {0x36b3, 0xe58882},
    {0x275, 0xe58883},
    {0x43a1, 0xe58885},
    {0x1797, 0xe58889},
    {0x30a, 0xe5888a},
    {0x4059, 0xe5888b},
    {0x1796, 0xe5888c},
    {0x393, 0xe5888e},
    {0x17c8, 0xe58890},
    {0x17c7, 0xe58893},
    {0x394, 0xe58896},
    {0x390, 0xe58897},
    {0x1835, 0xe5889c},
    {0x68b, 0xe5889d},
    {0x1836, 0xe5889e},
    {0x3f60, 0xe5889f},
    {0x4930, 0xe588a0},
    {0x1837, 0xe588a1},
    {0x43a, 0xe588a4},
    {0x439, 0xe588a5},
    {0x405a, 0xe588a6},
    {0x43a2, 0xe588a7},
    {0x43d, 0xe588a8},
    {0x552, 0xe588ae},
    {0x551, 0xe588b0},
    {0x1917, 0xe588b1},
    {0x3efb, 0xe588b4},
    {0x1913, 0xe588b5},
    {0x553, 0xe588b6},
    {0x54f, 0xe588b7},
    {0x54e, 0xe588b8},
    {0x550, 0xe588ba},
    {0x54d, 0xe588bb},
    {0x405b, 0xe588bc},
    {0x554, 0xe58981},
    {0x6c1, 0xe58983},
    {0x1a6d, 0xe58984},
    {0x1916, 0xe58986},
    {0x6c6, 0xe58987},
    {0x1a6e, 0xe58989},
    {0x6c2, 0xe5898a},
    {0x6c5, 0xe5898b},
    {0x6c4, 0xe5898c},
    {0x6c3, 0xe5898d},
    {0x6c0, 0xe5898e},
    {0x4ab0, 0xe5898f},
    {0x1c3c, 0xe58992},
    {0x85c, 0xe58994},
    {0x1c3f, 0xe58995},
    {0x85a, 0xe58996},
    {0x405d, 0xe58997},
    {0x39e4, 0xe58999},
    {0x1c3b, 0xe5899a},
    {0x85d, 0xe5899b},
    {0x85b, 0xe5899c},
    {0x85e, 0xe5899d},
    {0x3f29, 0xe589a0},
    {0x1c3a, 0xe589a1},
    {0x1c40, 0xe589a2},
    {0x4619, 0xe589a8},
    {0xbf5, 0xe589a9},
    {0xa12, 0xe589aa},
    {0x1e53, 0xe589ab},
    {0x1e55, 0xe589ac},
    {0x1e54, 0xe589ad},
    {0x1e56, 0xe589ae},
    {0xa13, 0xe589af},
    {0xbf2, 0xe589b2},
    {0x3f43, 0xe589b3},
    {0xdcb, 0xe589b7},
    {0x2377, 0xe589b8},
    {0x43a3, 0xe589b9},
    {0x2376, 0xe589ba},
    {0xdcc, 0xe589bd},
    {0xdca, 0xe589bf},
    {0xf8d, 0xe58a82},
    {0xf8c, 0xe58a83},
    {0x2776, 0xe58a84},
    {0x1110, 0xe58a8a},
    {0x110f, 0xe58a8d},
    {0x3dbf, 0xe58a8f},
    {0x459d, 0xe58a90},
    {0x1292, 0xe58a91},
    {0x1293, 0xe58a93},
    {0x405e, 0xe58a94},
    {0x307c, 0xe58a96},
    {0x32c8, 0xe58a97},
    {0x32c7, 0xe58a98},
    {0x340f, 0xe58a99},
    {0x3f68, 0xe58a9a},
    {0x262, 0xe58a9b},
    {0x30c, 0xe58a9f},
    {0x30b, 0xe58aa0},
    {0x4542, 0xe58aa1},
    {0x395, 0xe58aa3},
    {0x39e5, 0xe58aa4},
    {0x17c9, 0xe58aa6},
    {0x4543, 0xe58aa8},
    {0x43e, 0xe58aab},
    {0x441, 0xe58aac},
    {0x405c, 0xe58ab5},
    {0x405f, 0xe58ab9},
    {0x556, 0xe58abb},
    {0x1918, 0xe58abc},
    {0x555, 0xe58abe},
    {0x1a6f, 0xe58b80},
    {0x6ca, 0xe58b81},
    {0x1a70, 0xe58b82},
    {0x6c9, 0xe58b83},
    {0x4060, 0xe58b85},
    {0x6c7, 0xe58b87},
    {0x6c8, 0xe58b89},
    {0x3ee1, 0xe58b8c},
    {0x1c41, 0xe58b8d},
    {0x4109, 0xe58b90},
    {0x3f2a, 0xe58b91},
    {0xa14, 0xe58b92},
    {0x1e58, 0xe58b93},
    {0xa17, 0xe58b95},
    {0x1e57, 0xe58b96},
    {0xacf, 0xe58b97},
    {0xa16, 0xe58b98},
    {0xa15, 0xe58b99},
    {0xbf8, 0xe58b9b},
    {0xbf7, 0xe58b9d},
    {0xbf6, 0xe58b9e},
    {0xdcd, 0xe58b9f},
    {0x4063, 0xe58ba0},
    {0x39e7, 0xe58ba1},
    {0xdcf, 0xe58ba4},
    {0xdce, 0xe58ba6},
    {0x2625, 0xe58ba9},
    {0x2626, 0xe58bab},
    {0x288c, 0xe58baf},
    {0x1111, 0xe58bb0},
    {0x288b, 0xe58bb1},
    {0x1294, 0xe58bb3},
    {0x2d40, 0xe58bb4},
    {0x13b8, 0xe58bb5},
    {0x307d, 0xe58bb7},
    {0x1609, 0xe58bb8},
    {0x220, 0xe58bb9},
    {0x276, 0xe58bba},
    {0x2b4, 0xe58bbb},
    {0x1781, 0xe58bbc},
    {0x3d79, 0xe58c81},
    {0x396, 0xe58c88},
    {0x183a, 0xe58c89},
    {0x6cb, 0xe58c8d},
    {0x1c42, 0xe58c8e},
    {0xa19, 0xe58c8f},
    {0xa18, 0xe58c90},
    {0x20c0, 0xe58c91},
    {0x20bf, 0xe58c92},
    {0x263, 0xe58c95},
    {0x2b7, 0xe58c96},
    {0x30f, 0xe58c97},
    {0xa1a, 0xe58c99},
    {0x176f, 0xe58c9a},
    {0x1798, 0xe58c9c},
    {0x310, 0xe58c9d},
    {0x17cb, 0xe58c9f},
    {0x398, 0xe58ca0},
    {0x397, 0xe58ca1},
    {0x17ca, 0xe58ca2},
    {0x442, 0xe58ca3},
    {0x49c8, 0xe58ca4},
    {0x459e, 0xe58ca7},
    {0x85f, 0xe58caa},
    {0x3f36, 0xe58cac},
    {0x1e59, 0xe58cad},
    {0xdd2, 0xe58caf},
    {0x2627, 0xe58cb0},
    {0xf8e, 0xe58cb1},
    {0x3fd0, 0xe58cb2},
    {0x406d, 0xe58cb3},
    {0x2b06, 0xe58cb4},
    {0x31c7, 0xe58cb7},
    {0x221, 0xe58cb8},
    {0x2b8, 0xe58cb9},
    {0x4544, 0xe58cbb},
    {0x191b, 0xe58cbc},
    {0x1a71, 0xe58cbd},
    {0xa1d, 0xe58cbe},
    {0xa1b, 0xe58cbf},
    {0xa1c, 0xe58d80},
    {0x264, 0xe58d81},
    {0x4947, 0xe58d82},
    {0x277, 0xe58d83},
    {0x16b, 0xe58d84},
    {0x2bb, 0xe58d85},
    {0x2ba, 0xe58d87},
    {0x2b9, 0xe58d88},
    {0x313, 0xe58d89},
    {0x312, 0xe58d8a},
    {0x1799, 0xe58d8c},
    {0x17cc, 0xe58d8d},
    {0x4545, 0xe58d8e},
    {0x55a, 0xe58d91},
    {0x557, 0xe58d92},
    {0x559, 0xe58d93},
    {0x558, 0xe58d94},
    {0x6cc, 0xe58d97},
    {0xbf9, 0xe58d9a},
    {0x265, 0xe58d9c},
    {0x4501, 0xe58d9d},
    {0x2bc, 0xe58d9e},
    {0x43a7, 0xe58d9f},
    {0x315, 0xe58da0},
    {0x314, 0xe58da1},
    {0x183b, 0xe58da3},
    {0x480a, 0xe58da4},
    {0x55b, 0xe58da6},
    {0x3ecd, 0xe58da7},
    {0x222, 0xe58da9},
    {0x1782, 0xe58dac},
    {0x407a, 0xe58dad},
    {0x317, 0xe58dae},
    {0x316, 0xe58daf},
    {0x183c, 0xe58db2},
    {0x443, 0xe58db3},
    {0x407b, 0xe58db4},
    {0x444, 0xe58db5},
    {0x6cd, 0xe58dbb},
    {0x1a72, 0xe58dbc},
    {0x4901, 0xe58dbd},
    {0x407d, 0xe58dbe},
    {0x860, 0xe58dbf},
    {0x1770, 0xe58e82},
    {0x2bd, 0xe58e84},
    {0x17cd, 0xe58e8a},
    {0x191c, 0xe58e92},
    {0x4082, 0xe58e93},
    {0x191d, 0xe58e94},
    {0x1a74, 0xe58e96},
    {0x1a73, 0xe58e97},
    {0x1a76, 0xe58e98},
    {0x1a75, 0xe58e99},
    {0x6ce, 0xe58e9a},
    {0x1e5a, 0xe58e9c},
    {0x862, 0xe58e9d},
    {0x1c43, 0xe58e9e},
    {0x861, 0xe58e9f},
    {0x4084, 0xe58ea0},
    {0x3e2b, 0xe58ea2},
    {0x20c1, 0xe58ea4},
    {0xbfa, 0xe58ea5},
    {0x413b, 0xe58ea6},
    {0x20c2, 0xe58ea7},
    {0x413e, 0xe58ea8},
    {0x45a0, 0xe58ea9},
    {0x3fc6, 0xe58eaa},
    {0x4085, 0xe58eab},
    {0x2628, 0xe58eac},
    {0xf8f, 0xe58ead},
    {0x4086, 0xe58eae},
    {0x45a2, 0xe58eb0},
    {0x1112, 0xe58eb2},
    {0x307e, 0xe58eb4},
    {0x223, 0xe58eb6},
    {0x1783, 0xe58eb9},
    {0x318, 0xe58ebb},
    {0x408b, 0xe58f81},
    {0x43a6, 0xe58f82},
    {0xa1e, 0xe58f83},
    {0x408c, 0xe58f85},
    {0x266, 0xe58f88},
    {0x278, 0xe58f89},
    {0x2bf, 0xe58f8a},
    {0x2be, 0xe58f8b},
    {0x38b6, 0xe58f8c},
    {0x2c0, 0xe58f8d},
    {0x39fa, 0xe58f90},
    {0x4546, 0xe58f91},
    {0x3e3d, 0xe58f92},
    {0x560, 0xe58f94},
    {0x55f, 0xe58f96},
    {0x561, 0xe58f97},
    {0x4547, 0xe58f98},
    {0x4090, 0xe58f99},
    {0x3f39, 0xe58f9a},
    {0x6cf, 0xe58f9b},
    {0x863, 0xe58f9f},
    {0x4093, 0xe58fa0},
    {0x2b07, 0xe58fa1},
    {0x14c9, 0xe58fa2},
    {0x279, 0xe58fa3},
    {0x31a, 0xe58fa4},
    {0x329, 0xe58fa5},
    {0x324, 0xe58fa6},
    {0x31f, 0xe58fa8},
    {0x31e, 0xe58fa9},
    {0x325, 0xe58faa},
    {0x323, 0xe58fab},
    {0x31c, 0xe58fac},
    {0x32a, 0xe58fad},
    {0x31d, 0xe58fae},
    {0x319, 0xe58faf},
    {0x328, 0xe58fb0},
    {0x327, 0xe58fb1},
    {0x326, 0xe58fb2},
    {0x31b, 0xe58fb3},
    {0x322, 0xe58fb5},
    {0x4096, 0xe58fb6},
    {0x3808, 0xe58fb7},
    {0x321, 0xe58fb8},
    {0x32b, 0xe58fbb},
    {0x320, 0xe58fbc},
    {0x40c1, 0xe58fbe},
    {0x3a0, 0xe59081},
    {0x3a6, 0xe59083},
    {0x3a2, 0xe59084},
    {0x3a8, 0xe59086},
    {0x17ce, 0xe59087},
    {0x3a5, 0xe59088},
    {0x39b, 0xe59089},
    {0x39e, 0xe5908a},
    {0x3a1, 0xe5908b},
    {0x39d, 0xe5908c},
    {0x3a4, 0xe5908d},
    {0x3a7, 0xe5908e},
    {0x39c, 0xe5908f},
    {0x39f, 0xe59090},
    {0x3a3, 0xe59091},
    {0x3a9, 0xe59092},
    {0x4098, 0xe59093},
    {0x3c77, 0xe59094},
    {0x3e7f, 0xe59096},
    {0x1847, 0xe59098},
    {0x1844, 0xe59099},
    {0x3e64, 0xe5909a},
    {0x451, 0xe5909b},
    {0x1845, 0xe5909c},
    {0x445, 0xe5909d},
    {0x447, 0xe5909e},
    {0x45f, 0xe5909f},
    {0x45a, 0xe590a0},
    {0x4203, 0xe590a1},
    {0x45a3, 0xe590a3},
    {0x184c, 0xe590a4},
    {0x1846, 0xe590a5},
    {0x449, 0xe590a6},
    {0x44b, 0xe590a7},
    {0x184b, 0xe590a8},
    {0x452, 0xe590a9},
    {0x1841, 0xe590aa},
    {0x45e, 0xe590ab},
    {0x460, 0xe590ac},
    {0x446, 0xe590ad},
    {0x457, 0xe590ae},
    {0x40ac, 0xe590af},
    {0x183f, 0xe590b0},
    {0x45d, 0xe590b1},
    {0x3e75, 0xe590b2},
    {0x44e, 0xe590b3},
    {0x49d5, 0xe590b4},
    {0x1840, 0xe590b7},
    {0x456, 0xe590b8},
    {0x454, 0xe590b9},
    {0x455, 0xe590bb},
    {0x45b, 0xe590bc},
    {0x1848, 0xe590bd},
    {0x448, 0xe590be},
    {0x4ad5, 0xe590bf},
    {0x45c, 0xe59180},
    {0x184a, 0xe59181},
    {0x450, 0xe59182},
    {0x44d, 0xe59183},
    {0x1843, 0xe59185},
    {0x44c, 0xe59186},
    {0x184d, 0xe59187},
    {0x44f, 0xe59188},
    {0x453, 0xe5918a},
    {0x3ed1, 0xe5918b},
    {0x4ab9, 0xe5918c},
    {0x3ea7, 0xe5918d},
    {0x44a, 0xe5918e},
    {0x1849, 0xe5918f},
    {0x1842, 0xe59194},
    {0x192e, 0xe591a0},
    {0x192d, 0xe591a1},
    {0x573, 0xe591a2},
    {0x1930, 0xe591a3},
    {0x1932, 0xe591a4},
    {0x1927, 0xe591a5},
    {0x192a, 0xe591a6},
    {0x1931, 0xe591a7},
    {0x574, 0xe591a8},
    {0x3f32, 0xe591a9},
    {0x3d83, 0xe591aa},
    {0x1924, 0xe591ab},
    {0x1928, 0xe591ac},
    {0x409d, 0xe591ad},
    {0x192c, 0xe591af},
    {0x1a85, 0xe591b0},
    {0x56f, 0xe591b1},
    {0x1a89, 0xe591b2},
    {0x562, 0xe591b3},
    {0x1929, 0xe591b4},
    {0x563, 0xe591b5},
    {0x570, 0xe591b6},
    {0x569, 0xe591b7},
    {0x565, 0xe591b8},
    {0x1925, 0xe591ba},
    {0x568, 0xe591bb},
    {0x56d, 0xe591bc},
    {0x576, 0xe591bd},
    {0x1926, 0xe591be},
    {0x191f, 0xe591bf},
    {0x567, 0xe59280},
    {0x1920, 0xe59281},
    {0x1922, 0xe59282},
    {0x56a, 0xe59284},
    {0x46d9, 0xe59285},
    {0x56c, 0xe59286},
    {0x191e, 0xe59287},
    {0x1923, 0xe59288},
    {0x575, 0xe5928b},
    {0x571, 0xe5928c},
    {0x192b, 0xe5928d},
    {0x577, 0xe5928e},
    {0x40a1, 0xe5928f},
    {0x56e, 0xe59290},
    {0x1921, 0xe59291},
    {0x56b, 0xe59292},
    {0x45a7, 0xe59293},
    {0x3e98, 0xe59294},
    {0x566, 0xe59295},
    {0x564, 0xe59296},
    {0x3e8a, 0xe59297},
    {0x192f, 0xe59298},
    {0x572, 0xe5929a},
    {0x3f66, 0xe5929c},
    {0x47ed, 0xe5929e},
    {0x1a84, 0xe592a0},
    {0x1a78, 0xe592a1},
    {0x1a87, 0xe592a2},
    {0x45a8, 0xe592a3},
    {0x40a2, 0xe592a4},
    {0x1a7a, 0xe592a5},
    {0x6d6, 0xe592a6},
    {0x6e4, 0xe592a7},
    {0x6d2, 0xe592a8},
    {0x6e3, 0xe592a9},
    {0x6db, 0xe592aa},
    {0x6e0, 0xe592ab},
    {0x6d0, 0xe592ac},
    {0x1a79, 0xe592ad},
    {0x1a7f, 0xe592ae},
    {0x6df, 0xe592af},
    {0x1a8b, 0xe592b0},
    {0x6e1, 0xe592b1},
    {0x3744, 0xe592b2},
    {0x6d7, 0xe592b3},
    {0x45a9, 0xe592b4},
    {0x1a81, 0xe592b6},
    {0x1a7e, 0xe592b7},
    {0x6d5, 0xe592b8},
    {0x45aa, 0xe592b9},
    {0x1a77, 0xe592ba},
    {0x6e2, 0xe592bb},
    {0x1a86, 0xe592bc},
    {0x6da, 0xe592bd},
    {0x1a88, 0xe592be},
    {0x6e5, 0xe592bf},
    {0x6d1, 0xe59380},
    {0x6dc, 0xe59381},
    {0x6d9, 0xe59382},
    {0x1a7c, 0xe59383},
    {0x6dd, 0xe59384},
    {0x6d8, 0xe59387},
    {0x6de, 0xe59388},
    {0x6d4, 0xe59389},
    {0x39a3, 0xe5938b},
    {0x45e2, 0xe5938c},
    {0x3a00, 0xe5938d},
    {0x6d3, 0xe5938e},
    {0x1a7b, 0xe5938f},
    {0x45ab, 0xe59390},
    {0x1a80, 0xe59396},
    {0x4923, 0xe5939a},
    {0x1a8a, 0xe5939e},
    {0x1c57, 0xe593a0},
    {0x870, 0xe593a1},
    {0x1c45, 0xe593a2},
    {0x4341, 0xe593a3},
    {0x1c4a, 0xe593a4},
    {0x869, 0xe593a5},
    {0x874, 0xe593a6},
    {0x1c48, 0xe593a7},
    {0x864, 0xe593a8},
    {0x86e, 0xe593a9},
    {0x873, 0xe593aa},
    {0x1c4f, 0xe593ab},
    {0x86f, 0xe593ad},
    {0x872, 0xe593ae},
    {0x45ac, 0xe593af},
    {0x1c52, 0xe593b1},
    {0x86a, 0xe593b2},
    {0x1c49, 0xe593b3},
    {0x86c, 0xe593ba},
    {0x1c54, 0xe593bb},
    {0x868, 0xe593bc},
    {0x877, 0xe593bd},
    {0x1c4c, 0xe593bf},
    {0x866, 0xe59481},
    {0x3ccc, 0xe59482},
    {0x1c59, 0xe59483},
    {0x1c4d, 0xe59484},
    {0x1c51, 0xe59485},
    {0x86b, 0xe59486},
    {0x876, 0xe59487},
    {0x1c4e, 0xe59488},
    {0x871, 0xe59489},
    {0x1c53, 0xe5948a},
    {0x1c5a, 0xe5948b},
    {0x1e69, 0xe5948c},
    {0x3a73, 0xe5948d},
    {0x1c58, 0xe5948e},
    {0x878, 0xe5948f},
    {0x865, 0xe59490},
    {0x1c50, 0xe59491},
    {0x1c47, 0xe59492},
    {0x3ea9, 0xe59493},
    {0x86d, 0xe59494},
    {0x1c46, 0xe59497},
    {0x45ad, 0xe59498},
    {0x1c4b, 0xe5949a},
    {0x3ea8, 0xe5949e},
    {0x45ae, 0xe594a3},
    {0x4309, 0xe594a5},
    {0x1c44, 0xe594a6},
    {0x875, 0xe594a7},
    {0x45af, 0xe594a8},
    {0x1e61, 0xe594aa},
    {0x409a, 0xe594ab},
    {0xa31, 0xe594ac},
    {0x1e6f, 0xe594ad},
    {0xa2f, 0xe594ae},
    {0xa2c, 0xe594af},
    {0x1e66, 0xe594b0},
    {0xa28, 0xe594b1},
    {0x1e6a, 0xe594b2},
    {0xa33, 0xe594b3},
    {0x1e60, 0xe594b4},
    {0x1e65, 0xe594b5},
    {0x1e64, 0xe594b6},
    {0x867, 0xe594b7},
    {0xa2e, 0xe594b8},
    {0x1e6d, 0xe594b9},
    {0x1e70, 0xe594bb},
    {0x1e5d, 0xe594bc},
    {0xc0c, 0xe594be},
    {0x43a9, 0xe594bf},
    {0x1e71, 0xe59580},
    {0xa34, 0xe59581},
    {0xa26, 0xe59583},
    {0xa23, 0xe59584},
    {0x1e68, 0xe59585},
    {0xa20, 0xe59586},
    {0x40aa, 0xe59587},
    {0x1e6e, 0xe59588},
    {0x4068, 0xe59589},
    {0xa27, 0xe5958a},
    {0x1e72, 0xe5958b},
    {0x1e5e, 0xe5958d},
    {0x1e6c, 0xe5958e},
    {0xa2a, 0xe5958f},
    {0x1e5f, 0xe59590},
    {0x1e62, 0xe59591},
    {0x1e67, 0xe59592},
    {0x494a, 0xe59593},
    {0xa2b, 0xe59595},
    {0xa29, 0xe59596},
    {0xa35, 0xe59597},
    {0xa30, 0xe5959c},
    {0x40a0, 0xe5959d},
    {0xa24, 0xe5959e},
    {0xabc, 0xe5959f},
    {0xa25, 0xe595a1},
    {0x1e63, 0xe595a2},
    {0xa32, 0xe595a3},
    {0xa2d, 0xe595a4},
    {0x1e6b, 0xe595a5},
    {0xa22, 0xe595a6},
    {0x3e9f, 0xe595a9},
    {0xa21, 0xe595aa},
    {0x3b2e, 0xe595ab},
    {0x3bc6, 0xe595b1},
    {0x3e8b, 0xe595b2},
    {0x3f24, 0xe595b3},
    {0x20c7, 0xe595b7},
    {0x435d, 0xe595b9},
    {0xbfb, 0xe595bb},
    {0xbfe, 0xe595bc},
    {0x20d2, 0xe595bd},
    {0xc12, 0xe595be},
    {0x20d5, 0xe595bf},
    {0xbfc, 0xe59680},
    {0x20ce, 0xe59681},
    {0xc02, 0xe59682},
    {0xc08, 0xe59683},
    {0xd1b, 0xe59684},
    {0x40ae, 0xe59686},
    {0xc06, 0xe59687},
    {0x20cb, 0xe59688},
    {0xc13, 0xe59689},
    {0xbff, 0xe5968a},
    {0xc07, 0xe5968b},
    {0x20d3, 0xe5968c},
    {0x2387, 0xe5968d},
    {0x20d8, 0xe5968e},
    {0x20cc, 0xe5968f},
    {0x430e, 0xe59690},
    {0x20c3, 0xe59691},
    {0x20d0, 0xe59692},
    {0x20ca, 0xe59693},
    {0xc05, 0xe59694},
    {0x20d6, 0xe59695},
    {0xc01, 0xe59698},
    {0xc15, 0xe59699},
    {0xc0e, 0xe5969a},
    {0xc03, 0xe5969c},
    {0xc00, 0xe5969d},
    {0xc0b, 0xe5969f},
    {0x20d7, 0xe596a1},
    {0x20c9, 0xe596a2},
    {0x20cf, 0xe596a3},
    {0x20d1, 0xe596a4},
    {0x20c5, 0xe596a5},
    {0x20d4, 0xe596a6},
    {0xbfd, 0xe596a7},
    {0x20c4, 0xe596a8},
    {0x40af, 0xe596a9},
    {0xc04, 0xe596aa},
    {0xc14, 0xe596ab},
    {0xc10, 0xe596ac},
    {0x20c6, 0xe596ad},
    {0xc0a, 0xe596ae},
    {0x38f5, 0xe596b0},
    {0xc11, 0xe596b1},
    {0xc0d, 0xe596b2},
    {0xc09, 0xe596b3},
    {0x39fe, 0xe596b4},
    {0x20cd, 0xe596b5},
    {0x45e4, 0xe596b9},
    {0x3e89, 0xe596ba},
    {0xc0f, 0xe596bb},
    {0x3dc3, 0xe596bc},
    {0x2385, 0xe596bf},
    {0x2381, 0xe59780},
    {0x3e4f, 0xe59781},
    {0x2390, 0xe59782},
    {0x237a, 0xe59783},
    {0x2383, 0xe59784},
    {0xdd9, 0xe59787},
    {0x238c, 0xe59788},
    {0xde3, 0xe59789},
    {0x237f, 0xe5978a},
    {0x237e, 0xe5978b},
    {0x237c, 0xe5978c},
    {0x238e, 0xe5978d},
    {0xdd7, 0xe5978e},
    {0x2388, 0xe5978f},
    {0x237d, 0xe59790},
    {0xdda, 0xe59791},
    {0x2386, 0xe59792},
    {0xdd5, 0xe59793},
    {0x2382, 0xe59794},
    {0x2389, 0xe59795},
    {0x238b, 0xe59796},
    {0x45b3, 0xe59797},
    {0x43ab, 0xe59798},
    {0x238f, 0xe59799},
    {0xdde, 0xe5979a},
    {0x237b, 0xe5979b},
    {0xdd8, 0xe5979c},
    {0x2380, 0xe5979d},
    {0x48e5, 0xe5979e},
    {0xdd3, 0xe5979f},
    {0xddf, 0xe597a1},
    {0x238a, 0xe597a2},
    {0xde2, 0xe597a5},
    {0xdd6, 0xe597a6},
    {0x11f, 0xe597a7},
    {0xdd4, 0xe597a8},
    {0x2384, 0xe597a9},
    {0x3e7c, 0xe597aa},
    {0x37d2, 0xe597ac},
    {0xddd, 0xe597af},
    {0x3e88, 0xe597b0},
    {0x3e83, 0xe597b1},
    {0x238d, 0xe597b2},
    {0x4786, 0xe597b5},
    {0xf9f, 0xe597b6},
    {0xf9a, 0xe597b7},
    {0x2637, 0xe597b9},
    {0x2633, 0xe597ba},
    {0x4626, 0xe597bb},
    {0x262d, 0xe597bc},
    {0xf94, 0xe597bd},
    {0xf90, 0xe597be},
    {0x2636, 0xe597bf},
    {0xf91, 0xe59880},
    {0x2630, 0xe59881},
    {0x2632, 0xe59882},
    {0x2635, 0xe59884},
    {0x3e82, 0xe59885},
    {0xf96, 0xe59886},
    {0xf9d, 0xe59888},
    {0xf97, 0xe59889},
    {0x262b, 0xe5988c},
    {0x262e, 0xe5988f},
    {0xf9e, 0xe59890},
    {0x3f4d, 0xe59891},
    {0x262c, 0xe59892},
    {0x2631, 0xe59893},
    {0xf95, 0xe59894},
    {0x262a, 0xe59895},
    {0xf9b, 0xe59896},
    {0xf93, 0xe59897},
    {0xf92, 0xe5989b},
    {0x262f, 0xe5989c},
    {0x2634, 0xe5989d},
    {0x3e68, 0xe5989e},
    {0xf9c, 0xe5989f},
    {0x3f7d, 0xe598a0},
    {0x43ad, 0xe598a1},
    {0x3e67, 0xe598a2},
    {0x4707, 0xe598a3},
    {0x3e78, 0xe598a5},
    {0x2629, 0xe598a7},
    {0x1119, 0xe598a9},
    {0x289d, 0xe598aa},
    {0x289a, 0xe598ac},
    {0x3e63, 0xe598ad},
    {0x1113, 0xe598ae},
    {0x1116, 0xe598b2},
    {0x2898, 0xe598b3},
    {0x1118, 0xe598b4},
    {0x2890, 0xe598b5},
    {0x111e, 0xe598b6},
    {0x40b7, 0xe598b7},
    {0x289c, 0xe598b8},
    {0x1115, 0xe598b9},
    {0x289e, 0xe598ba},
    {0x1114, 0xe598bb},
    {0x2899, 0xe598bd},
    {0x289b, 0xe598be},
    {0x1117, 0xe598bf},
    {0x2897, 0xe59980},
    {0x2891, 0xe59981},
    {0x288e, 0xe59982},
    {0x3e7e, 0xe59983},
    {0x20c8, 0xe59985},
    {0x2894, 0xe59986},
    {0x288d, 0xe59988},
    {0x2893, 0xe59989},
    {0x2892, 0xe5998a},
    {0x288f, 0xe5998c},
    {0x40bc, 0xe5998d},
    {0x111b, 0xe5998e},
    {0x40bd, 0xe5998f},
    {0x47cf, 0xe59990},
    {0x45c2, 0xe59992},
    {0x111a, 0xe59993},
    {0x43af, 0xe59994},
    {0x111c, 0xe59997},
    {0x2895, 0xe59998},
    {0x1295, 0xe59999},
    {0x2896, 0xe5999a},
    {0x3ef9, 0xe5999d},
    {0x2b10, 0xe5999e},
    {0x2b09, 0xe599a0},
    {0x3812, 0xe599a1},
    {0x12a1, 0xe599a2},
    {0x2b0d, 0xe599a3},
    {0x1299, 0xe599a4},
    {0x129d, 0xe599a5},
    {0x2b0c, 0xe599a6},
    {0x129c, 0xe599a8},
    {0x1298, 0xe599a9},
    {0x129b, 0xe599aa},
    {0x1296, 0xe599ab},
    {0x12a0, 0xe599ac},
    {0x2b0e, 0xe599ad},
    {0x2b0a, 0xe599ae},
    {0x129f, 0xe599af},
    {0x2b08, 0xe599b0},
    {0x129e, 0xe599b1},
    {0x2b0f, 0xe599b2},
    {0x2b0b, 0xe599b3},
    {0x111d, 0xe599b4},
    {0x12a2, 0xe599b6},
    {0x2b11, 0xe599b7},
    {0x129a, 0xe599b8},
    {0x1297, 0xe599b9},
    {0x3d85, 0xe599ba},
    {0x3eb7, 0xe599bb},
    {0x3eed, 0xe599bc},
    {0x2d47, 0xe599be},
    {0x2d49, 0xe599bf},
    {0x13ba, 0xe59a80},
    {0x2d4a, 0xe59a81},
    {0x2d48, 0xe59a82},
    {0x2d46, 0xe59a83},
    {0x2d45, 0xe59a84},
    {0x13bc, 0xe59a85},
    {0x2d44, 0xe59a86},
    {0x13bd, 0xe59a87},
    {0x4628, 0xe59a89},
    {0x3949, 0xe59a8a},
    {0x3e4c, 0xe59a8b},
    {0x13b9, 0xe59a8e},
    {0x13be, 0xe59a8f},
    {0x13bb, 0xe59a90},
    {0x39a6, 0xe59a92},
    {0x2d41, 0xe59a93},
    {0x14ca, 0xe59a95},
    {0x2f13, 0xe59a97},
    {0x2f11, 0xe59a98},
    {0x2f16, 0xe59a99},
    {0x2f14, 0xe59a9a},
    {0x2f12, 0xe59a9c},
    {0x2f15, 0xe59a9d},
    {0x39a4, 0xe59a9e},
    {0x3948, 0xe59a9f},
    {0x436b, 0xe59aa1},
    {0x3cc8, 0xe59aa4},
    {0x1576, 0xe59aa5},
    {0x1577, 0xe59aa8},
    {0x3083, 0xe59aaa},
    {0x307f, 0xe59aab},
    {0x3084, 0xe59aac},
    {0x3080, 0xe59aad},
    {0x14cb, 0xe59aae},
    {0x45f7, 0xe59aaf},
    {0x463f, 0xe59ab1},
    {0x31c8, 0xe59ab2},
    {0x31ca, 0xe59ab3},
    {0x160c, 0xe59ab4},
    {0x31c9, 0xe59ab5},
    {0x160b, 0xe59ab6},
    {0x160a, 0xe59ab7},
    {0x486f, 0xe59ab9},
    {0x160d, 0xe59abc},
    {0x3e5d, 0xe59abf},
    {0x166b, 0xe59b80},
    {0x166a, 0xe59b81},
    {0x166c, 0xe59b82},
    {0x32c9, 0xe59b83},
    {0x3379, 0xe59b85},
    {0x3378, 0xe59b86},
    {0x16bd, 0xe59b88},
    {0x16bf, 0xe59b89},
    {0x16be, 0xe59b8a},
    {0x337a, 0xe59b8b},
    {0x16f6, 0xe59b8c},
    {0x3481, 0xe59b8d},
    {0x171f, 0xe59b91},
    {0x3480, 0xe59b93},
    {0x34c9, 0xe59b94},
    {0x488a, 0xe59b96},
    {0x1775, 0xe59b97},
    {0x32d, 0xe59b9a},
    {0x32c, 0xe59b9b},
    {0x3ac, 0xe59b9d},
    {0x3ab, 0xe59b9e},
    {0x17d0, 0xe59b9f},
    {0x3aa, 0xe59ba0},
    {0x17cf, 0xe59ba1},
    {0x4548, 0xe59ba2},
    {0x463, 0xe59ba4},
    {0x1850, 0xe59ba5},
    {0x184f, 0xe59ba7},
    {0x461, 0xe59baa},
    {0x464, 0xe59bab},
    {0x40c4, 0xe59bad},
    {0x184e, 0xe59bae},
    {0x40c3, 0xe59baf},
    {0x462, 0xe59bb0},
    {0x40bf, 0xe59bb1},
    {0x1933, 0xe59bb7},
    {0x1934, 0xe59bb9},
    {0x578, 0xe59bba},
    {0x4a3a, 0xe59bbb},
    {0x3d64, 0xe59bbd},
    {0x6e6, 0xe59bbf},
    {0x40c2, 0xe59c80},
    {0x1e74, 0xe59c87},
    {0xa36, 0xe59c88},
    {0xa38, 0xe59c89},
    {0x1e73, 0xe59c8a},
    {0xa37, 0xe59c8b},
    {0x20d9, 0xe59c8c},
    {0xc16, 0xe59c8d},
    {0x2391, 0xe59c94},
    {0x3e36, 0xe59c95},
    {0xfa1, 0xe59c96},
    {0xfa0, 0xe59c98},
    {0x289f, 0xe59c9a},
    {0x2b13, 0xe59c9b},
    {0x2b12, 0xe59c9c},
    {0x3a02, 0xe59c9d},
    {0x3505, 0xe59c9e},
    {0x27a, 0xe59c9f},
    {0x1784, 0xe59ca0},
    {0x3af, 0xe59ca8},
    {0x3b3, 0xe59ca9},
    {0x17d2, 0xe59caa},
    {0x3b1, 0xe59cac},
    {0x3b0, 0xe59cad},
    {0x17d1, 0xe59cae},
    {0x3b2, 0xe59caf},
    {0x3ae, 0xe59cb0},
    {0x3af9, 0xe59cb2},
    {0x3ad, 0xe59cb3},
    {0x17d3, 0xe59cb4},
    {0x46e, 0xe59cbb},
    {0x4a06, 0xe59cbd},
    {0x46b, 0xe59cbe},
    {0x4855, 0xe59cbf},
    {0x467, 0xe59d80},
    {0x1851, 0xe59d81},
    {0x40cc, 0xe59d82},
    {0x40de, 0xe59d83},
    {0x1852, 0xe59d85},
    {0x40c8, 0xe59d86},
    {0x469, 0xe59d87},
    {0x1854, 0xe59d89},
    {0x465, 0xe59d8a},
    {0x1855, 0xe59d8b},
    {0x1853, 0xe59d8c},
    {0x468, 0xe59d8d},
    {0x46a, 0xe59d8e},
    {0x46d, 0xe59d8f},
    {0x46c, 0xe59d90},
    {0x466, 0xe59d91},
    {0x1856, 0xe59d92},
    {0x4785, 0xe59d94},
    {0x47e6, 0xe59d97},
    {0x3982, 0xe59d9b},
    {0x3fbf, 0xe59d9f},
    {0x57d, 0xe59da1},
    {0x1941, 0xe59da2},
    {0x57f, 0xe59da4},
    {0x57e, 0xe59da6},
    {0x3f2b, 0xe59da7},
    {0x1942, 0xe59da8},
    {0x57c, 0xe59da9},
    {0x57b, 0xe59daa},
    {0x1938, 0xe59dab},
    {0x1937, 0xe59dad},
    {0x1935, 0xe59daf},
    {0x193a, 0xe59db0},
    {0x1939, 0xe59db1},
    {0x1936, 0xe59db2},
    {0x193d, 0xe59db5},
    {0x193b, 0xe59db6},
    {0x57a, 0xe59db7},
    {0x4922, 0xe59dba},
    {0x193e, 0xe59dbb},
    {0x580, 0xe59dbc},
    {0x1943, 0xe59dbd},
    {0x46dc, 0xe59dbe},
    {0x3a07, 0xe59dbf},
    {0x193c, 0xe59e80},
    {0x6e7, 0xe59e82},
    {0x579, 0xe59e83},
    {0x484b, 0xe59e88},
    {0x3c7b, 0xe59e8a},
    {0x6e8, 0xe59e8b},
    {0x1a90, 0xe59e8c},
    {0x3a06, 0xe59e8d},
    {0x1a96, 0xe59e8f},
    {0x4166, 0xe59e90},
    {0x6ee, 0xe59e93},
    {0x1a94, 0xe59e94},
    {0x1a9a, 0xe59e95},
    {0x1a91, 0xe59e97},
    {0x1a95, 0xe59e98},
    {0x1a97, 0xe59e99},
    {0x1a99, 0xe59e9a},
    {0x1a93, 0xe59e9b},
    {0x4608, 0xe59e9c},
    {0x1a92, 0xe59e9d},
    {0x6e9, 0xe59ea0},
    {0x4864, 0xe59ea1},
    {0x6eb, 0xe59ea2},
    {0x6ea, 0xe59ea3},
    {0x1a8f, 0xe59ea4},
    {0x1a98, 0xe59ea5},
    {0x4914, 0xe59ea7},
    {0x4905, 0xe59eaa},
    {0x6ed, 0xe59eae},
    {0x4ab7, 0xe59eb3},
    {0x4741, 0xe59eb4},
    {0x1a8c, 0xe59eb5},
    {0x1c66, 0xe59eb6},
    {0x1c65, 0xe59eb8},
    {0x1c6a, 0xe59eb9},
    {0x1c61, 0xe59eba},
    {0x3c79, 0xe59ebb},
    {0x1c64, 0xe59ebc},
    {0x1c63, 0xe59ebd},
    {0x372c, 0xe59ebe},
    {0x1c67, 0xe59ebf},
    {0x1c6b, 0xe59f81},
    {0x87b, 0xe59f82},
    {0x87e, 0xe59f83},
    {0x3b5b, 0xe59f84},
    {0x1c62, 0xe59f86},
    {0x1c68, 0xe59f87},
    {0x3d0b, 0xe59f88},
    {0x87d, 0xe59f8b},
    {0x1c5d, 0xe59f8c},
    {0x6ec, 0xe59f8e},
    {0x1e82, 0xe59f8f},
    {0x1c69, 0xe59f90},
    {0x1c60, 0xe59f92},
    {0x87c, 0xe59f94},
    {0x1c5f, 0xe59f95},
    {0x3c7d, 0xe59f97},
    {0x1e79, 0xe59f9c},
    {0x3a05, 0xe59f9d},
    {0x3f01, 0xe59f9e},
    {0xa39, 0xe59f9f},
    {0xa3d, 0xe59fa0},
    {0x1e89, 0xe59fa1},
    {0x1e77, 0xe59fa2},
    {0x1e85, 0xe59fa3},
    {0xa3e, 0xe59fa4},
    {0x1e87, 0xe59fa5},
    {0x40cf, 0xe59fa6},
    {0x1e8d, 0xe59fa7},
    {0x1e91, 0xe59fa9},
    {0x1e88, 0xe59fac},
    {0x1e7c, 0xe59fad},
    {0x1e84, 0xe59fae},
    {0x4754, 0xe59faf},
    {0x1e92, 0xe59fb0},
    {0x1e90, 0xe59fb1},
    {0x1e86, 0xe59fb2},
    {0x1e81, 0xe59fb3},
    {0x1e7a, 0xe59fb4},
    {0x20e1, 0xe59fb5},
    {0x1e78, 0xe59fb6},
    {0xa42, 0xe59fb7},
    {0x1e7f, 0xe59fb8},
    {0xa43, 0xe59fb9},
    {0xa3f, 0xe59fba},
    {0x1e75, 0xe59fbb},
    {0x1e8b, 0xe59fbc},
    {0x1e7d, 0xe59fbd},
    {0x408f, 0xe59fbe},
    {0x1e7b, 0xe5a080},
    {0x1e8e, 0xe5a081},
    {0xa40, 0xe5a082},
    {0x40d1, 0xe5a083},
    {0x1e94, 0xe5a084},
    {0xa3a, 0xe5a085},
    {0xa3c, 0xe5a086},
    {0x1e83, 0xe5a087},
    {0x1e7e, 0xe5a088},
    {0x87f, 0xe5a089},
    {0xa3b, 0xe5a08a},
    {0x1e80, 0xe5a08b},
    {0x1e8f, 0xe5a08c},
    {0x1e93, 0xe5a08d},
    {0x1e8a, 0xe5a08e},
    {0x1e8c, 0xe5a090},
    {0x3d0a, 0xe5a092},
    {0x1e76, 0xe5a094},
    {0x4abc, 0xe5a098},
    {0x20dc, 0xe5a099},
    {0x20e5, 0xe5a09b},
    {0x20e4, 0xe5a09c},
    {0xc1e, 0xe5a09d},
    {0x20dd, 0xe5a09e},
    {0x40d6, 0xe5a09f},
    {0xc1f, 0xe5a0a0},
    {0xc1d, 0xe5a0a1},
    {0x3c28, 0xe5a0a2},
    {0x20df, 0xe5a0a3},
    {0xc1a, 0xe5a0a4},
    {0x20e3, 0xe5a0a5},
    {0x40d4, 0xe5a0a6},
    {0x20de, 0xe5a0a7},
    {0x20e0, 0xe5a0a8},
    {0x20da, 0xe5a0a9},
    {0xc18, 0xe5a0aa},
    {0x20ed, 0xe5a0ac},
    {0x20ec, 0xe5a0ad},
    {0x20e9, 0xe5a0ae},
    {0xc17, 0xe5a0af},
    {0x1c5e, 0xe5a0b2},
    {0x20e6, 0xe5a0b3},
    {0xc19, 0xe5a0b4},
    {0xa41, 0xe5a0b5},
    {0x20e8, 0xe5a0b6},
    {0x20db, 0xe5a0b7},
    {0x20eb, 0xe5a0b8},
    {0x20ea, 0xe5a0b9},
    {0x3d72, 0xe5a0ba},
    {0x20ee, 0xe5a0bb},
    {0x239f, 0xe5a0bd},
    {0x20e7, 0xe5a0bf},
    {0x3d82, 0xe5a180},
    {0x47bb, 0xe5a184},
    {0x3ac2, 0xe5a187},
    {0x20e2, 0xe5a188},
    {0x2397, 0xe5a189},
    {0xdef, 0xe5a18a},
    {0xdf2, 0xe5a18b},
    {0xded, 0xe5a18c},
    {0x2396, 0xe5a18d},
    {0x239a, 0xe5a18e},
    {0x2395, 0xe5a18f},
    {0xde7, 0xe5a191},
    {0xdf1, 0xe5a192},
    {0x2392, 0xe5a193},
    {0xdeb, 0xe5a194},
    {0x2399, 0xe5a195},
    {0xde9, 0xe5a197},
    {0xde8, 0xe5a198},
    {0x239c, 0xe5a199},
    {0xdea, 0xe5a19a},
    {0x239e, 0xe5a19b},
    {0x4949, 0xe5a19c},
    {0x239b, 0xe5a19d},
    {0xde6, 0xe5a19e},
    {0x43df, 0xe5a19f},
    {0xdf0, 0xe5a1a2},
    {0x23a0, 0xe5a1a3},
    {0x2394, 0xe5a1a4},
    {0x239d, 0xe5a1a5},
    {0x2393, 0xe5a1a8},
    {0x3d65, 0xe5a1a9},
    {0xdec, 0xe5a1ab},
    {0x399a, 0xe5a1ac},
    {0xdee, 0xe5a1ad},
    {0x2398, 0xe5a1af},
    {0x23a1, 0xe5a1b1},
    {0x3c26, 0xe5a1b2},
    {0x4355, 0xe5a1b3},
    {0x263f, 0xe5a1b4},
    {0xfa2, 0xe5a1b5},
    {0x2645, 0xe5a1b6},
    {0xfa7, 0xe5a1b9},
    {0x2641, 0xe5a1ba},
    {0x2648, 0xe5a1bb},
    {0x2639, 0xe5a1bc},
    {0xfa9, 0xe5a1bd},
    {0xfa3, 0xe5a1be},
    {0x263e, 0xe5a1bf},
    {0x1121, 0xe5a280},
    {0x263d, 0xe5a281},
    {0x2646, 0xe5a282},
    {0xfa4, 0xe5a283},
    {0xfa8, 0xe5a285},
    {0x263c, 0xe5a286},
    {0x2642, 0xe5a287},
    {0x2647, 0xe5a288},
    {0x2638, 0xe5a289},
    {0xfa6, 0xe5a28a},
    {0x2640, 0xe5a28b},
    {0x2644, 0xe5a28e},
    {0x264a, 0xe5a28f},
    {0x263a, 0xe5a290},
    {0x2643, 0xe5a291},
    {0x49d7, 0xe5a292},
    {0xfa5, 0xe5a293},
    {0x2649, 0xe5a294},
    {0x4aa4, 0xe5a296},
    {0x263b, 0xe5a298},
    {0x4618, 0xe5a299},
    {0x4903, 0xe5a29a},
    {0x1125, 0xe5a29c},
    {0x28a1, 0xe5a29d},
    {0x1123, 0xe5a29e},
    {0x1122, 0xe5a29f},
    {0x28a3, 0xe5a2a0},
    {0x28a8, 0xe5a2a1},
    {0x28a4, 0xe5a2a3},
    {0x28a7, 0xe5a2a5},
    {0x1128, 0xe5a2a6},
    {0x3eeb, 0xe5a2a7},
    {0x1288, 0xe5a2a8},
    {0x1127, 0xe5a2a9},
    {0x40d7, 0xe5a2aa},
    {0x28a0, 0xe5a2ab},
    {0x28a6, 0xe5a2ac},
    {0x1126, 0xe5a2ae},
    {0x28a5, 0xe5a2af},
    {0x37a4, 0xe5a2b0},
    {0x28a2, 0xe5a2b1},
    {0x1124, 0xe5a2b3},
    {0x4840, 0xe5a2b5},
    {0x3dfd, 0xe5a2b6},
    {0x2b18, 0xe5a2ba},
    {0x36eb, 0xe5a2bb},
    {0x2b1a, 0xe5a2bc},
    {0x2b15, 0xe5a2bd},
    {0x12a4, 0xe5a2be},
    {0x2b17, 0xe5a2bf},
    {0x12a3, 0xe5a381},
    {0x2b19, 0xe5a382},
    {0x12a6, 0xe5a385},
    {0x2b1b, 0xe5a386},
    {0x12a5, 0xe5a387},
    {0x2b14, 0xe5a388},
    {0x2b16, 0xe5a389},
    {0x3a09, 0xe5a38b},
    {0x13c2, 0xe5a38e},
    {0x2d4d, 0xe5a38f},
    {0x49d8, 0xe5a390},
    {0x13c1, 0xe5a391},
    {0x2d4e, 0xe5a392},
    {0x13c0, 0xe5a393},
    {0x2d4c, 0xe5a394},
    {0x13bf, 0xe5a395},
    {0x2d4b, 0xe5a396},
    {0x14cd, 0xe5a398},
    {0x14cc, 0xe5a399},
    {0x3085, 0xe5a39a},
    {0x3087, 0xe5a39b},
    {0x40da, 0xe5a39c},
    {0x3086, 0xe5a39d},
    {0x40d9, 0xe5a3a0},
    {0x157a, 0xe5a3a2},
    {0x31cb, 0xe5a3a3},
    {0x160e, 0xe5a3a4},
    {0x3411, 0xe5a3a7},
    {0x3410, 0xe5a3a8},
    {0x1720, 0xe5a3a9},
    {0x27b, 0xe5a3ab},
    {0x2c1, 0xe5a3ac},
    {0x46f, 0xe5a3af},
    {0x4549, 0xe5a3b0},
    {0x3d68, 0xe5a3b2},
    {0x3c7a, 0xe5a3b3},
    {0x1a9b, 0xe5a3b4},
    {0x40dc, 0xe5a3bb},
    {0x23a2, 0xe5a3bc},
    {0xfaa, 0xe5a3bd},
    {0x264b, 0xe5a3be},
    {0x28a9, 0xe5a3bf},
    {0x44e0, 0xe5a482},
    {0x1785, 0xe5a483},
    {0x454a, 0xe5a484},
    {0x4599, 0xe5a485},
    {0x1857, 0xe5a486},
    {0x454b, 0xe5a487},
    {0x224, 0xe5a48a},
    {0x1944, 0xe5a48c},
    {0x1a9c, 0xe5a48d},
    {0x1c6c, 0xe5a48e},
    {0x880, 0xe5a48f},
    {0x4274, 0xe5a491},
    {0x3088, 0xe5a492},
    {0x166d, 0xe5a494},
    {0x27c, 0xe5a495},
    {0x32e, 0xe5a496},
    {0x179c, 0xe5a497},
    {0x581, 0xe5a49c},
    {0x4a3c, 0xe5a49d},
    {0x40e3, 0xe5a49f},
    {0xa44, 0xe5a4a0},
    {0xfac, 0xe5a4a2},
    {0xfad, 0xe5a4a4},
    {0xfab, 0xe5a4a5},
    {0x27d, 0xe5a4a7},
    {0x2c2, 0xe5a4a9},
    {0x2c4, 0xe5a4aa},
    {0x2c3, 0xe5a4ab},
    {0x1786, 0xe5a4ac},
    {0x2c5, 0xe5a4ad},
    {0x32f, 0xe5a4ae},
    {0x179d, 0xe5a4af},
    {0x330, 0xe5a4b1},
    {0x454c, 0xe5a4b2},
    {0x454d, 0xe5a4b4},
    {0x17d4, 0xe5a4bc},
    {0x470, 0xe5a4be},
    {0x1858, 0xe5a580},
    {0x585, 0xe5a584},
    {0x1945, 0xe5a585},
    {0x582, 0xe5a589},
    {0x1c6d, 0xe5a58a},
    {0x6f2, 0xe5a58e},
    {0x6f1, 0xe5a58f},
    {0x6f3, 0xe5a590},
    {0x6f0, 0xe5a591},
    {0x1a9d, 0xe5a593},
    {0x586, 0xe5a594},
    {0x6ef, 0xe5a595},
    {0x883, 0xe5a59a},
    {0x1e95, 0xe5a59c},
    {0xc22, 0xe5a5a0},
    {0x20ef, 0xe5a5a1},
    {0xa45, 0xe5a5a2},
    {0x4852, 0xe5a5a5},
    {0xdf3, 0xe5a5a7},
    {0xfaf, 0xe5a5a9},
    {0xfae, 0xe5a5aa},
    {0x264c, 0xe5a5ab},
    {0x1129, 0xe5a5ad},
    {0x12a7, 0xe5a5ae},
    {0x2f17, 0xe5a5b0},
    {0x337b, 0xe5a5b1},
    {0x3412, 0xe5a5b2},
    {0x27e, 0xe5a5b3},
    {0x331, 0xe5a5b4},
    {0x3e6a, 0xe5a5b5},
    {0x332, 0xe5a5b6},
    {0x17da, 0xe5a5b7},
    {0x3b9, 0xe5a5b8},
    {0x3bc, 0xe5a5b9},
    {0x17d8, 0xe5a5bb},
    {0x17d6, 0xe5a5bc},
    {0x3bb, 0xe5a5bd},
    {0x17d9, 0xe5a5be},
    {0x17db, 0xe5a5bf},
    {0x17d5, 0xe5a680},
    {0x3be, 0xe5a681},
    {0x3bd, 0xe5a682},
    {0x3ba, 0xe5a683},
    {0x3b8, 0xe5a684},
    {0x17d7, 0xe5a685},
    {0x3d30, 0xe5a689},
    {0x47b, 0xe5a68a},
    {0x478, 0xe5a68d},
    {0x185d, 0xe5a68e},
    {0x1860, 0xe5a68f},
    {0x185f, 0xe5a690},
    {0x472, 0xe5a692},
    {0x47a, 0xe5a693},
    {0x3c99, 0xe5a694},
    {0x477, 0xe5a696},
    {0x185c, 0xe5a697},
    {0x185a, 0xe5a698},
    {0x476, 0xe5a699},
    {0x3bb0, 0xe5a69a},
    {0x471, 0xe5a69d},
    {0x474, 0xe5a69e},
    {0x3daf, 0xe5a69f},
    {0x185b, 0xe5a6a0},
    {0x1862, 0xe5a6a1},
    {0x185e, 0xe5a6a2},
    {0x475, 0xe5a6a3},
    {0x479, 0xe5a6a4},
    {0x47c, 0xe5a6a5},
    {0x1859, 0xe5a6a6},
    {0x1861, 0xe5a6a7},
    {0x473, 0xe5a6a8},
    {0x3d81, 0xe5a6ac},
    {0x58b, 0xe5a6ae},
    {0x593, 0xe5a6af},
    {0x3cd8, 0xe5a6b0},
    {0x1951, 0xe5a6b1},
    {0x194a, 0xe5a6b2},
    {0x594, 0xe5a6b3},
    {0x1955, 0xe5a6b4},
    {0x1946, 0xe5a6b5},
    {0x194d, 0xe5a6b6},
    {0x3f2d, 0xe5a6b7},
    {0x3a10, 0xe5a6b8},
    {0x58a, 0xe5a6b9},
    {0x1947, 0xe5a6ba},
    {0x588, 0xe5a6bb},
    {0x194e, 0xe5a6bc},
    {0x1952, 0xe5a6bd},
    {0x587, 0xe5a6be},
    {0x4a6c, 0xe5a6bf},
    {0x1953, 0xe5a780},
    {0x194c, 0xe5a781},
    {0x194f, 0xe5a783},
    {0x3d04, 0xe5a784},
    {0x596, 0xe5a785},
    {0x58d, 0xe5a786},
    {0x1956, 0xe5a787},
    {0x1954, 0xe5a788},
    {0x40ec, 0xe5a789},
    {0x592, 0xe5a78a},
    {0x590, 0xe5a78b},
    {0x194b, 0xe5a78c},
    {0x58f, 0xe5a78d},
    {0x1949, 0xe5a78e},
    {0x1948, 0xe5a78f},
    {0x58e, 0xe5a790},
    {0x58c, 0xe5a791},
    {0x595, 0xe5a792},
    {0x591, 0xe5a793},
    {0x589, 0xe5a794},
    {0x1950, 0xe5a796},
    {0x6f5, 0xe5a798},
    {0x40f1, 0xe5a799},
    {0x6fc, 0xe5a79a},
    {0x1aab, 0xe5a79b},
    {0x6f4, 0xe5a79c},
    {0x1aa3, 0xe5a79d},
    {0x1a9f, 0xe5a79e},
    {0x1aaf, 0xe5a7a0},
    {0x1a9e, 0xe5a7a1},
    {0x6f7, 0xe5a7a3},
    {0x1aa8, 0xe5a7a4},
    {0x6fa, 0xe5a7a5},
    {0x6fd, 0xe5a7a6},
    {0x6f8, 0xe5a7a8},
    {0x1aac, 0xe5a7a9},
    {0x6fb, 0xe5a7aa},
    {0x3d59, 0xe5a7ab},
    {0x88a, 0xe5a7ac},
    {0x1ab2, 0xe5a7ad},
    {0x1aa0, 0xe5a7ae},
    {0x3d38, 0xe5a7af},
    {0x3bb2, 0xe5a7b0},
    {0x1aa2, 0xe5a7b1},
    {0x1aa9, 0xe5a7b2},
    {0x1aad, 0xe5a7b3},
    {0x1ab1, 0xe5a7b4},
    {0x1aae, 0xe5a7b5},
    {0x1aa7, 0xe5a7b6},
    {0x1aaa, 0xe5a7b7},
    {0x3e4a, 0xe5a7b8},
    {0x40f8, 0xe5a7b9},
    {0x1aa4, 0xe5a7ba},
    {0x6ff, 0xe5a7bb},
    {0x1aa6, 0xe5a7bc},
    {0x1aa5, 0xe5a7bd},
    {0x1ab0, 0xe5a7be},
    {0x6f6, 0xe5a7bf},
    {0x1aa1, 0xe5a880},
    {0x6fe, 0xe5a881},
    {0x3b8d, 0xe5a882},
    {0x6f9, 0xe5a883},
    {0x890, 0xe5a889},
    {0x1c75, 0xe5a88a},
    {0x3c89, 0xe5a88b},
    {0x88f, 0xe5a88c},
    {0x3b38, 0xe5a88d},
    {0x1c73, 0xe5a88f},
    {0x884, 0xe5a891},
    {0x3a13, 0xe5a892},
    {0x889, 0xe5a893},
    {0x1c72, 0xe5a895},
    {0x1c6f, 0xe5a896},
    {0x1c74, 0xe5a897},
    {0x885, 0xe5a898},
    {0x1c6e, 0xe5a899},
    {0x4a02, 0xe5a89a},
    {0x888, 0xe5a89b},
    {0x886, 0xe5a89c},
    {0x1c76, 0xe5a89e},
    {0x887, 0xe5a89f},
    {0x88b, 0xe5a8a0},
    {0x3a1b, 0xe5a8a1},
    {0x88c, 0xe5a8a3},
    {0x40e8, 0xe5a8a4},
    {0x88e, 0xe5a8a5},
    {0x3de1, 0xe5a8a7},
    {0x88d, 0xe5a8a9},
    {0x3b3b, 0xe5a8aa},
    {0x3d40, 0xe5a8ab},
    {0x3a0f, 0xe5a8ac},
    {0x1c77, 0xe5a8b3},
    {0x1e9c, 0xe5a8b5},
    {0xa46, 0xe5a8b6},
    {0x20fd, 0xe5a8b7},
    {0x1e9b, 0xe5a8b8},
    {0x1eae, 0xe5a8b9},
    {0xa4c, 0xe5a8bc},
    {0x3ac0, 0xe5a8bd},
    {0x1eac, 0xe5a8be},
    {0xa4b, 0xe5a980},
    {0xa47, 0xe5a981},
    {0x1eb5, 0xe5a982},
    {0x1ea5, 0xe5a983},
    {0x1ea8, 0xe5a984},
    {0x3917, 0xe5a985},
    {0xa4f, 0xe5a986},
    {0x1eb2, 0xe5a987},
    {0x1eaa, 0xe5a988},
    {0xa48, 0xe5a989},
    {0xa50, 0xe5a98a},
    {0x1eaf, 0xe5a98c},
    {0x1ead, 0xe5a98d},
    {0x1e9e, 0xe5a990},
    {0x1eb3, 0xe5a991},
    {0x1ea7, 0xe5a992},
    {0x1ea2, 0xe5a993},
    {0x4603, 0xe5a994},
    {0x1e98, 0xe5a995},
    {0x1eb4, 0xe5a996},
    {0x1ea4, 0xe5a997},
    {0x1e97, 0xe5a998},
    {0x3b34, 0xe5a999},
    {0xa4e, 0xe5a99a},
    {0x1ea9, 0xe5a99b},
    {0x1eb6, 0xe5a99c},
    {0x1ea6, 0xe5a99d},
    {0x1e9a, 0xe5a99e},
    {0x1e9f, 0xe5a99f},
    {0x1e96, 0xe5a9a0},
    {0x3d33, 0xe5a9a1},
    {0xa4d, 0xe5a9a2},
    {0x40fb, 0xe5a9a3},
    {0x1ea3, 0xe5a9a4},
    {0x1ea0, 0xe5a9a5},
    {0xa49, 0xe5a9a6},
    {0x1e99, 0xe5a9a7},
    {0x39b7, 0xe5a9a8},
    {0x1eb1, 0xe5a9a9},
    {0xa4a, 0xe5a9aa},
    {0x3a42, 0xe5a9ab},
    {0x1ea1, 0xe5a9ac},
    {0x1e9d, 0xe5a9ad},
    {0x3d3f, 0xe5a9ae},
    {0x1eb0, 0xe5a9b0},
    {0x3d34, 0xe5a9b1},
    {0xc23, 0xe5a9b7},
    {0x20f6, 0xe5a9b8},
    {0x3ce1, 0xe5a9b9},
    {0x20f3, 0xe5a9ba},
    {0x2104, 0xe5a9bb},
    {0x20f8, 0xe5a9bc},
    {0x2105, 0xe5a9bd},
    {0x3a11, 0xe5a9be},
    {0xc25, 0xe5a9bf},
    {0x3a1d, 0xe5aa81},
    {0x3d31, 0xe5aa82},
    {0x2101, 0xe5aa83},
    {0x20fe, 0xe5aa84},
    {0x3b81, 0xe5aa86},
    {0x4263, 0xe5aa88},
    {0x20ff, 0xe5aa8a},
    {0x2102, 0xe5aa8b},
    {0x2106, 0xe5aa8c},
    {0x1eab, 0xe5aa8e},
    {0x2108, 0xe5aa8f},
    {0x23b6, 0xe5aa90},
    {0x4235, 0xe5aa91},
    {0xc26, 0xe5aa92},
    {0x2109, 0xe5aa93},
    {0x20f1, 0xe5aa94},
    {0x20fb, 0xe5aa95},
    {0x4100, 0xe5aa96},
    {0x2100, 0xe5aa97},
    {0x3a0a, 0xe5aa99},
    {0xc24, 0xe5aa9a},
    {0xc27, 0xe5aa9b},
    {0x2107, 0xe5aa9c},
    {0x210a, 0xe5aa9d},
    {0x20f5, 0xe5aa9e},
    {0x20f2, 0xe5aa9f},
    {0x4172, 0xe5aaa0},
    {0x3cdc, 0xe5aaa1},
    {0x20f4, 0xe5aaa2},
    {0x4a43, 0xe5aaa4},
    {0x20f9, 0xe5aaa5},
    {0x20f7, 0xe5aaa6},
    {0xc28, 0xe5aaa7},
    {0x2103, 0xe5aaa9},
    {0x4ad6, 0xe5aaaa},
    {0x40fa, 0xe5aaab},
    {0x20fa, 0xe5aaac},
    {0x20fc, 0xe5aaae},
    {0x20f0, 0xe5aaaf},
    {0x23aa, 0xe5aab0},
    {0x23a8, 0xe5aab1},
    {0xdfc, 0xe5aab2},
    {0xdfa, 0xe5aab3},
    {0x23b2, 0xe5aab4},
    {0x23a9, 0xe5aab5},
    {0x23b3, 0xe5aab6},
    {0x23af, 0xe5aab7},
    {0x23a7, 0xe5aab8},
    {0x23b5, 0xe5aab9},
    {0x23a6, 0xe5aaba},
    {0x23ad, 0xe5aabb},
    {0xdf9, 0xe5aabc},
    {0xdf8, 0xe5aabd},
    {0xdf7, 0xe5aabe},
    {0x23ab, 0xe5aabf},
    {0x23b0, 0xe5ab80},
    {0xdf4, 0xe5ab81},
    {0xdfb, 0xe5ab82},
    {0x3896, 0xe5ab83},
    {0x23a4, 0xe5ab84},
    {0x23ae, 0xe5ab86},
    {0x23a3, 0xe5ab87},
    {0x23ac, 0xe5ab88},
    {0xdf5, 0xe5ab89},
    {0x23b1, 0xe5ab8a},
    {0x23a5, 0xe5ab8b},
    {0xdf6, 0xe5ab8c},
    {0x23b4, 0xe5ab8d},
    {0x3c88, 0xe5ab8e},
    {0x3a12, 0xe5ab8f},
    {0x4a46, 0xe5ab91},
    {0x4102, 0xe5ab93},
    {0x2650, 0xe5ab95},
    {0xfb4, 0xe5ab96},
    {0xfb3, 0xe5ab97},
    {0xfb5, 0xe5ab98},
    {0x265c, 0xe5ab99},
    {0x2652, 0xe5ab9a},
    {0x2658, 0xe5ab9b},
    {0x264d, 0xe5ab9c},
    {0x265b, 0xe5ab9d},
    {0x265a, 0xe5ab9e},
    {0x265e, 0xe5ab9f},
    {0x2657, 0xe5aba0},
    {0xfb0, 0xe5aba1},
    {0x2656, 0xe5aba2},
    {0xfb6, 0xe5aba3},
    {0x3b86, 0xe5aba4},
    {0x264f, 0xe5aba5},
    {0xfb1, 0xe5aba6},
    {0x265d, 0xe5aba8},
    {0xfb2, 0xe5aba9},
    {0x2651, 0xe5abaa},
    {0x2654, 0xe5abab},
    {0x2659, 0xe5abac},
    {0x2653, 0xe5abad},
    {0x264e, 0xe5abae},
    {0x3ee7, 0xe5abb0},
    {0x37f5, 0xe5abb2},
    {0x2655, 0xe5abb3},
    {0x28ab, 0xe5abb4},
    {0x112d, 0xe5abb5},
    {0x28ae, 0xe5abb6},
    {0x28ad, 0xe5abb7},
    {0x28b0, 0xe5abb8},
    {0x28b2, 0xe5abb9},
    {0x36ee, 0xe5abba},
    {0x112b, 0xe5abbb},
    {0x28ac, 0xe5abbd},
    {0x3c1d, 0xe5abbe},
    {0x28aa, 0xe5abbf},
    {0x28b3, 0xe5ac81},
    {0x28b1, 0xe5ac82},
    {0x28af, 0xe5ac83},
    {0x28b5, 0xe5ac85},
    {0x28b4, 0xe5ac87},
    {0x112f, 0xe5ac88},
    {0x112a, 0xe5ac89},
    {0x112c, 0xe5ac8b},
    {0x112e, 0xe5ac8c},
    {0x48ff, 0xe5ac8d},
    {0x28b6, 0xe5ac8f},
    {0x2b22, 0xe5ac90},
    {0x3bf6, 0xe5ac91},
    {0x2b21, 0xe5ac93},
    {0x2b20, 0xe5ac94},
    {0x49e9, 0xe5ac95},
    {0x2b23, 0xe5ac96},
    {0x2b1c, 0xe5ac97},
    {0x2b1d, 0xe5ac99},
    {0x2b25, 0xe5ac9a},
    {0x2b1e, 0xe5ac9b},
    {0x12a8, 0xe5ac9d},
    {0x2b27, 0xe5ac9e},
    {0x4941, 0xe5ac9f},
    {0x2b26, 0xe5aca0},
    {0x2b1f, 0xe5aca1},
    {0x2d52, 0xe5aca3},
    {0x13c5, 0xe5aca4},
    {0x2d50, 0xe5aca5},
    {0x2d55, 0xe5aca6},
    {0x2d54, 0xe5aca7},
    {0x2b24, 0xe5aca8},
    {0x13c4, 0xe5acaa},
    {0x3b84, 0xe5acab},
    {0x2d53, 0xe5acac},
    {0x2d4f, 0xe5acad},
    {0x2d57, 0xe5acae},
    {0x2d56, 0xe5acaf},
    {0x13c3, 0xe5acb0},
    {0x2d51, 0xe5acb2},
    {0x12a9, 0xe5acb4},
    {0x14ce, 0xe5acb8},
    {0x2f18, 0xe5acbc},
    {0x160f, 0xe5ad80},
    {0x38c8, 0xe5ad81},
    {0x1610, 0xe5ad83},
    {0x3a44, 0xe5ad84},
    {0x31cc, 0xe5ad85},
    {0x42b2, 0xe5ad86},
    {0x32cd, 0xe5ad87},
    {0x32cc, 0xe5ad88},
    {0x38cd, 0xe5ad8a},
    {0x3413, 0xe5ad8d},
    {0x3482, 0xe5ad8e},
    {0x3a31, 0xe5ad8f},
    {0x281, 0xe5ad93},
    {0x2c6, 0xe5ad94},
    {0x333, 0xe5ad95},
    {0x17dc, 0xe5ad96},
    {0x47e, 0xe5ad9c},
    {0x47d, 0xe5ad9d},
    {0x597, 0xe5ad9f},
    {0x1957, 0xe5ada2},
    {0x599, 0xe5ada3},
    {0x598, 0xe5ada4},
    {0x1958, 0xe5ada5},
    {0x454e, 0xe5ada6},
    {0x461d, 0xe5ada8},
    {0x700, 0xe5ada9},
    {0x891, 0xe5adab},
    {0x1c78, 0xe5adac},
    {0x3e5f, 0xe5adad},
    {0x1eb8, 0xe5adae},
    {0xa51, 0xe5adb0},
    {0xc2a, 0xe5adb1},
    {0x1eb7, 0xe5adb2},
    {0xc29, 0xe5adb3},
    {0x3732, 0xe5adb4},
    {0xfb7, 0xe5adb5},
    {0x410a, 0xe5adb6},
    {0x265f, 0xe5adb7},
    {0x12aa, 0xe5adb8},
    {0x13c6, 0xe5adba},
    {0x2d58, 0xe5adbb},
    {0x410c, 0xe5adbc},
    {0x1611, 0xe5adbd},
    {0x16c0, 0xe5adbf},
    {0x225, 0xe5ae80},
    {0x179e, 0xe5ae81},
    {0x4044, 0xe5ae82},
    {0x334, 0xe5ae83},
    {0x179f, 0xe5ae84},
    {0x3c3, 0xe5ae85},
    {0x3c4, 0xe5ae89},
    {0x482, 0xe5ae8b},
    {0x481, 0xe5ae8c},
    {0x1863, 0xe5ae8e},
    {0x483, 0xe5ae8f},
    {0x48e9, 0xe5ae90},
    {0x1864, 0xe5ae92},
    {0x1959, 0xe5ae93},
    {0x195a, 0xe5ae95},
    {0x4a12, 0xe5ae96},
    {0x59a, 0xe5ae97},
    {0x59c, 0xe5ae98},
    {0x59e, 0xe5ae99},
    {0x59b, 0xe5ae9a},
    {0x59f, 0xe5ae9b},
    {0x59d, 0xe5ae9c},
    {0x4116, 0xe5ae9d},
    {0x704, 0xe5aea2},
    {0x701, 0xe5aea3},
    {0x703, 0xe5aea4},
    {0x705, 0xe5aea5},
    {0x702, 0xe5aea6},
    {0x1c79, 0xe5aea7},
    {0x1ab3, 0xe5aea8},
    {0x417b, 0xe5aeaa},
    {0x1c7b, 0xe5aeac},
    {0x1c7a, 0xe5aead},
    {0x897, 0xe5aeae},
    {0x893, 0xe5aeb0},
    {0x894, 0xe5aeb3},
    {0x896, 0xe5aeb4},
    {0x898, 0xe5aeb5},
    {0x895, 0xe5aeb6},
    {0x4a47, 0xe5aeb7},
    {0x89a, 0xe5aeb8},
    {0x899, 0xe5aeb9},
    {0xa56, 0xe5aebf},
    {0x1eba, 0xe5af80},
    {0x1eb9, 0xe5af81},
    {0xa55, 0xe5af82},
    {0x3f25, 0xe5af83},
    {0xa54, 0xe5af84},
    {0xa53, 0xe5af85},
    {0xa57, 0xe5af86},
    {0xa52, 0xe5af87},
    {0x2110, 0xe5af8a},
    {0x210d, 0xe5af8b},
    {0xc2c, 0xe5af8c},
    {0x210c, 0xe5af8d},
    {0x2111, 0xe5af8e},
    {0xc2e, 0xe5af90},
    {0x210f, 0xe5af91},
    {0xc2b, 0xe5af92},
    {0xc2d, 0xe5af93},
    {0x210e, 0xe5af94},
    {0x4111, 0xe5af95},
    {0x23b7, 0xe5af96},
    {0x42bb, 0xe5af97},
    {0x4a41, 0xe5af9b},
    {0xfb8, 0xe5af9e},
    {0xfc0, 0xe5af9f},
    {0x2660, 0xe5afa0},
    {0xfba, 0xe5afa1},
    {0xfbe, 0xe5afa2},
    {0x2661, 0xe5afa3},
    {0xfbf, 0xe5afa4},
    {0xfb9, 0xe5afa7},
    {0xfbd, 0xe5afa8},
    {0x1132, 0xe5afa9},
    {0x210b, 0xe5afaa},
    {0x1133, 0xe5afab},
    {0x1131, 0xe5afac},
    {0x1130, 0xe5afae},
    {0x2b28, 0xe5afaf},
    {0x12ab, 0xe5afb0},
    {0x4115, 0xe5afb3},
    {0x157b, 0xe5afb5},
    {0x1612, 0xe5afb6},
    {0x282, 0xe5afb8},
    {0x3c5, 0xe5afba},
    {0x40dd, 0xe5afbf},
    {0x706, 0xe5b081},
    {0x1c7c, 0xe5b083},
    {0x89b, 0xe5b084},
    {0x4118, 0xe5b085},
    {0xa5a, 0xe5b087},
    {0xa59, 0xe5b088},
    {0xa58, 0xe5b089},
    {0x2112, 0xe5b08c},
    {0xfc1, 0xe5b08d},
    {0x12ac, 0xe5b08e},
    {0x283, 0xe5b08f},
    {0x1787, 0xe5b090},
    {0x2c7, 0xe5b091},
    {0x17a0, 0xe5b092},
    {0x411a, 0xe5b093},
    {0x411c, 0xe5b094},
    {0x17dd, 0xe5b095},
    {0x3c6, 0xe5b096},
    {0x5a0, 0xe5b09a},
    {0x45ea, 0xe5b09c},
    {0x3a29, 0xe5b09e},
    {0x23ba, 0xe5b09f},
    {0x3d89, 0xe5b0a0},
    {0x284, 0xe5b0a2},
    {0x44e8, 0xe5b0a3},
    {0x2c8, 0xe5b0a4},
    {0x17de, 0xe5b0a5},
    {0x1865, 0xe5b0a8},
    {0x1866, 0xe5b0aa},
    {0x484, 0xe5b0ac},
    {0x2113, 0xe5b0b0},
    {0xc31, 0xe5b0b1},
    {0x23bb, 0xe5b0b3},
    {0x13c7, 0xe5b0b7},
    {0x285, 0xe5b0b8},
    {0x299, 0xe5b0b9},
    {0x2c9, 0xe5b0ba},
    {0x17a1, 0xe5b0bb},
    {0x335, 0xe5b0bc},
    {0x488, 0xe5b0be},
    {0x487, 0xe5b0bf},
    {0x195b, 0xe5b184},
    {0x195c, 0xe5b187},
    {0x5a1, 0xe5b188},
    {0x411f, 0xe5b189},
    {0x3f5c, 0xe5b18a},
    {0x70a, 0xe5b18b},
    {0x1ab4, 0xe5b18c},
    {0x709, 0xe5b18d},
    {0x89e, 0xe5b190},
    {0x89c, 0xe5b191},
    {0x3f02, 0xe5b193},
    {0x1c7e, 0xe5b194},
    {0x89d, 0xe5b195},
    {0x1c7d, 0xe5b196},
    {0x892, 0xe5b198},
    {0x1ebb, 0xe5b199},
    {0x3d67, 0xe5b19e},
    {0xa5b, 0xe5b1a0},
    {0xfc2, 0xe5b1a2},
    {0x2662, 0xe5b1a3},
    {0x28b7, 0xe5b1a7},
    {0x13c8, 0xe5b1a8},
    {0x166e, 0xe5b1ac},
    {0x3483, 0xe5b1ad},
    {0x1776, 0xe5b1ae},
    {0x2ca, 0xe5b1af},
    {0x286, 0xe5b1b1},
    {0x17a3, 0xe5b1b3},
    {0x17a2, 0xe5b1b4},
    {0x4a5b, 0xe5b1b8},
    {0x3c7, 0xe5b1b9},
    {0x17df, 0xe5b1bc},
    {0x17e2, 0xe5b1be},
    {0x4121, 0xe5b285},
    {0x186e, 0xe5b286},
    {0x1869, 0xe5b288},
    {0x186b, 0xe5b289},
    {0x186d, 0xe5b28a},
    {0x186a, 0xe5b28b},
    {0x48c, 0xe5b28c},
    {0x1867, 0xe5b28d},
    {0x1868, 0xe5b28f},
    {0x186c, 0xe5b292},
    {0x186f, 0xe5b293},
    {0x48b, 0xe5b294},
    {0x1870, 0xe5b295},
    {0x468c, 0xe5b299},
    {0x4551, 0xe5b29a},
    {0x495a, 0xe5b29c},
    {0x196a, 0xe5b29d},
    {0x3a2a, 0xe5b29e},
    {0x1964, 0xe5b29f},
    {0x195f, 0xe5b2a0},
    {0x5a5, 0xe5b2a1},
    {0x1967, 0xe5b2a2},
    {0x1965, 0xe5b2a3},
    {0x195e, 0xe5b2a4},
    {0x196b, 0xe5b2a5},
    {0x196e, 0xe5b2a6},
    {0x1969, 0xe5b2a7},
    {0x1962, 0xe5b2a8},
    {0x5a7, 0xe5b2a9},
    {0x1968, 0xe5b2aa},
    {0x5a8, 0xe5b2ab},
    {0x1963, 0xe5b2ac},
    {0x1966, 0xe5b2ad},
    {0x195d, 0xe5b2ae},
    {0x1961, 0xe5b2af},
    {0x196d, 0xe5b2b0},
    {0x5a9, 0xe5b2b1},
    {0x5aa, 0xe5b2b3},
    {0x1960, 0xe5b2b5},
    {0x196c, 0xe5b2b6},
    {0x5a4, 0xe5b2b7},
    {0x5a6, 0xe5b2b8},
    {0x412b, 0xe5b2ba},
    {0x43b8, 0xe5b381},
    {0x3d4c, 0xe5b382},
    {0x1ac5, 0xe5b386},
    {0x1abe, 0xe5b387},
    {0x1ac4, 0xe5b388},
    {0x1abd, 0xe5b389},
    {0x1abf, 0xe5b38a},
    {0x1ab9, 0xe5b38b},
    {0x1ab7, 0xe5b38c},
    {0x1ac6, 0xe5b38e},
    {0x1ac3, 0xe5b38f},
    {0x1ab5, 0xe5b390},
    {0x3f13, 0xe5b391},
    {0x70c, 0xe5b392},
    {0x4a58, 0xe5b395},
    {0x1ac0, 0xe5b396},
    {0x1ab8, 0xe5b397},
    {0x1ab6, 0xe5b398},
    {0x70b, 0xe5b399},
    {0x1abc, 0xe5b39a},
    {0x1aba, 0xe5b39b},
    {0x1abb, 0xe5b39e},
    {0x1ac7, 0xe5b39f},
    {0x4637, 0xe5b3a5},
    {0x8a3, 0xe5b3a8},
    {0x4122, 0xe5b3a9},
    {0x8a2, 0xe5b3aa},
    {0x1c7f, 0xe5b3ac},
    {0x89f, 0xe5b3ad},
    {0x1c81, 0xe5b3ae},
    {0x4123, 0xe5b3af},
    {0x8a4, 0xe5b3b0},
    {0x1c82, 0xe5b3b1},
    {0x8a7, 0xe5b3b4},
    {0x49a9, 0xe5b3b5},
    {0x8a5, 0xe5b3b6},
    {0x1c83, 0xe5b3b7},
    {0x1ac8, 0xe5b3b8},
    {0x1c85, 0xe5b3b9},
    {0x8a1, 0xe5b3bb},
    {0x4a48, 0xe5b3bc},
    {0x8a0, 0xe5b3bd},
    {0x1c80, 0xe5b3bf},
    {0x1c84, 0xe5b480},
    {0x8a6, 0xe5b481},
    {0xa5f, 0xe5b486},
    {0xa5e, 0xe5b487},
    {0x1ebd, 0xe5b48b},
    {0x1ec1, 0xe5b48c},
    {0x1ec3, 0xe5b48d},
    {0xa60, 0xe5b48e},
    {0x1ec6, 0xe5b48f},
    {0x4127, 0xe5b490},
    {0xa64, 0xe5b491},
    {0x1ec8, 0xe5b492},
    {0xa66, 0xe5b494},
    {0x43b9, 0xe5b495},
    {0xa62, 0xe5b496},
    {0xa6a, 0xe5b497},
    {0x4128, 0xe5b498},
    {0xa67, 0xe5b499},
    {0x1ebf, 0xe5b49a},
    {0xa61, 0xe5b49b},
    {0x1ebe, 0xe5b49d},
    {0x1ebc, 0xe5b49e},
    {0x1eca, 0xe5b49f},
    {0x1ec0, 0xe5b4a0},
    {0xa63, 0xe5b4a2},
    {0x1ec9, 0xe5b4a3},
    {0xa68, 0xe5b4a4},
    {0x1ec5, 0xe5b4a5},
    {0x1ec4, 0xe5b4a6},
    {0xa69, 0xe5b4a7},
    {0x1ec2, 0xe5b4a8},
    {0xa65, 0xe5b4a9},
    {0x3df7, 0xe5b4ac},
    {0x1ecb, 0xe5b4ae},
    {0x46d3, 0xe5b4af},
    {0x1ec7, 0xe5b4b0},
    {0x2122, 0xe5b4b1},
    {0x2129, 0xe5b4b2},
    {0x211e, 0xe5b4b3},
    {0xc34, 0xe5b4b4},
    {0x211a, 0xe5b4b5},
    {0x212a, 0xe5b4b6},
    {0x2114, 0xe5b4b7},
    {0x2127, 0xe5b4b8},
    {0x2125, 0xe5b4b9},
    {0x211f, 0xe5b4ba},
    {0x2128, 0xe5b4bc},
    {0x2121, 0xe5b4bd},
    {0x4629, 0xe5b4be},
    {0x2119, 0xe5b4bf},
    {0x212b, 0xe5b580},
    {0x2117, 0xe5b581},
    {0x2124, 0xe5b582},
    {0x2115, 0xe5b583},
    {0x212c, 0xe5b585},
    {0x4129, 0xe5b586},
    {0xc35, 0xe5b587},
    {0x462a, 0xe5b588},
    {0x2126, 0xe5b589},
    {0x23be, 0xe5b58a},
    {0x2118, 0xe5b58b},
    {0xc32, 0xe5b58c},
    {0x211c, 0xe5b58e},
    {0xc33, 0xe5b590},
    {0x211b, 0xe5b591},
    {0x2120, 0xe5b592},
    {0x211d, 0xe5b595},
    {0x43ba, 0xe5b596},
    {0x3fca, 0xe5b597},
    {0x2123, 0xe5b599},
    {0x3dd5, 0xe5b59b},
    {0x23c2, 0xe5b59e},
    {0x23c5, 0xe5b5a2},
    {0x23bd, 0xe5b5a3},
    {0x23bf, 0xe5b5a5},
    {0x23c4, 0xe5b5a7},
    {0x23c3, 0xe5b5a8},
    {0xdfd, 0xe5b5a9},
    {0x2116, 0xe5b5ab},
    {0x23c1, 0xe5b5ac},
    {0xdfe, 0xe5b5af},
    {0x46e4, 0xe5b5b0},
    {0x23bc, 0xe5b5b1},
    {0x23c0, 0xe5b5b2},
    {0x3eef, 0xe5b5b4},
    {0x2669, 0xe5b5b7},
    {0x4a5e, 0xe5b5b8},
    {0x2670, 0xe5b5b9},
    {0x2667, 0xe5b5ba},
    {0x4a0d, 0xe5b5bb},
    {0x266e, 0xe5b5bc},
    {0x2665, 0xe5b5bd},
    {0x266d, 0xe5b5be},
    {0x2671, 0xe5b5bf},
    {0x2664, 0xe5b680},
    {0x2668, 0xe5b681},
    {0x2663, 0xe5b682},
    {0xfc3, 0xe5b684},
    {0x3e34, 0xe5b685},
    {0x2666, 0xe5b686},
    {0xfc4, 0xe5b687},
    {0x266c, 0xe5b688},
    {0x266b, 0xe5b689},
    {0x266a, 0xe5b68a},
    {0x4124, 0xe5b68b},
    {0x266f, 0xe5b68d},
    {0x3f0c, 0xe5b68e},
    {0x28bb, 0xe5b692},
    {0x28bd, 0xe5b693},
    {0x1137, 0xe5b694},
    {0x28be, 0xe5b695},
    {0x28b9, 0xe5b697},
    {0x28b8, 0xe5b699},
    {0x28c2, 0xe5b69a},
    {0x28c0, 0xe5b69c},
    {0x1136, 0xe5b69d},
    {0x28c3, 0xe5b69e},
    {0x28ba, 0xe5b69f},
    {0x28bf, 0xe5b6a0},
    {0x28c1, 0xe5b6a1},
    {0x28bc, 0xe5b6a2},
    {0x462d, 0xe5b6a4},
    {0x2b2c, 0xe5b6a7},
    {0x2b31, 0xe5b6a8},
    {0x2b2b, 0xe5b6a9},
    {0x2b30, 0xe5b6aa},
    {0x3e39, 0xe5b6ab},
    {0x2b29, 0xe5b6ac},
    {0x2b33, 0xe5b6ad},
    {0x2b2f, 0xe5b6ae},
    {0x2b34, 0xe5b6af},
    {0x2b2e, 0xe5b6b0},
    {0x2b2a, 0xe5b6b1},
    {0x2b32, 0xe5b6b2},
    {0x2b35, 0xe5b6b4},
    {0x2b2d, 0xe5b6b5},
    {0x4158, 0xe5b6b6},
    {0x2d5b, 0xe5b6b7},
    {0x13cc, 0xe5b6b8},
    {0x462e, 0xe5b6b9},
    {0x13ca, 0xe5b6ba},
    {0x13c9, 0xe5b6bc},
    {0x13cb, 0xe5b6bd},
    {0x2f1b, 0xe5b780},
    {0x3bff, 0xe5b781},
    {0x3023, 0xe5b782},
    {0x308c, 0xe5b783},
    {0x1613, 0xe5b789},
    {0x32ce, 0xe5b78b},
    {0x166f, 0xe5b78d},
    {0x32cf, 0xe5b78f},
    {0x337f, 0xe5b791},
    {0x16c2, 0xe5b792},
    {0x16c1, 0xe5b794},
    {0x337e, 0xe5b795},
    {0x16f7, 0xe5b796},
    {0x412c, 0xe5b797},
    {0x3414, 0xe5b798},
    {0x226, 0xe5b79b},
    {0x287, 0xe5b79d},
    {0x3c8, 0xe5b79e},
    {0x17e3, 0xe5b79f},
    {0x1871, 0xe5b7a0},
    {0x51a, 0xe5b7a1},
    {0xa6b, 0xe5b7a2},
    {0x288, 0xe5b7a5},
    {0x338, 0xe5b7a6},
    {0x337, 0xe5b7a7},
    {0x336, 0xe5b7a8},
    {0x48d, 0xe5b7ab},
    {0x8a8, 0xe5b7ae},
    {0x23c6, 0xe5b7b0},
    {0x2cb, 0xe5b7b4},
    {0x3f61, 0xe5b7b5},
    {0x70d, 0xe5b7b7},
    {0x1ac9, 0xe5b7b9},
    {0xc36, 0xe5b7bd},
    {0x28c, 0xe5b7be},
    {0x1788, 0xe5b7bf},
    {0x17a4, 0xe5b884},
    {0x3c9, 0xe5b886},
    {0x4140, 0xe5b889},
    {0x1872, 0xe5b88a},
    {0x3d8a, 0xe5b88b},
    {0x48e, 0xe5b88c},
    {0x1873, 0xe5b88e},
    {0x5b0, 0xe5b891},
    {0x3f2e, 0xe5b892},
    {0x1970, 0xe5b894},
    {0x5ae, 0xe5b895},
    {0x5ad, 0xe5b896},
    {0x196f, 0xe5b897},
    {0x5ab, 0xe5b898},
    {0x1971, 0xe5b899},
    {0x5ac, 0xe5b89a},
    {0x5af, 0xe5b89b},
    {0x70e, 0xe5b89d},
    {0x710, 0xe5b89f},
    {0x1acd, 0xe5b8a0},
    {0x1ace, 0xe5b8a4},
    {0x70f, 0xe5b8a5},
    {0x1c87, 0xe5b8a8},
    {0x1c86, 0xe5b8a9},
    {0x8aa, 0xe5b8ab},
    {0x8a9, 0xe5b8ad},
    {0x4135, 0xe5b8ae},
    {0xa6e, 0xe5b8b3},
    {0x1ecd, 0xe5b8b4},
    {0xa6d, 0xe5b8b6},
    {0xa6f, 0xe5b8b7},
    {0xa6c, 0xe5b8b8},
    {0xc38, 0xe5b8bd},
    {0x1ecc, 0xe5b8be},
    {0xc39, 0xe5b980},
    {0x212e, 0xe5b981},
    {0x43a0, 0xe5b982},
    {0xc3a, 0xe5b983},
    {0x212d, 0xe5b984},
    {0xc37, 0xe5b985},
    {0x3a2c, 0xe5b988},
    {0x23c9, 0xe5b98a},
    {0x23cb, 0xe5b98b},
    {0xdff, 0xe5b98c},
    {0x23ca, 0xe5b98d},
    {0x23c8, 0xe5b98e},
    {0x23c7, 0xe5b98f},
    {0x2674, 0xe5b993},
    {0xfc9, 0xe5b994},
    {0xfc7, 0xe5b995},
    {0xfc8, 0xe5b997},
    {0xfc5, 0xe5b99b},
    {0x28c7, 0xe5b99c},
    {0x28c5, 0xe5b99d},
    {0x3a2b, 0xe5b99e},
    {0x1139, 0xe5b99f},
    {0x28c6, 0xe5b9a0},
    {0x113a, 0xe5b9a1},
    {0x1138, 0xe5b9a2},
    {0xfc6, 0xe5b9a3},
    {0x2b38, 0xe5b9a6},
    {0x28c4, 0xe5b9a9},
    {0x2d5d, 0xe5b9aa},
    {0x13cd, 0xe5b9ab},
    {0x2d5c, 0xe5b9ac},
    {0x2b39, 0xe5b9af},
    {0x308d, 0xe5b9b0},
    {0x28d, 0xe5b9b2},
    {0x33b, 0xe5b9b3},
    {0x3cb, 0xe5b9b4},
    {0x17e4, 0xe5b9b5},
    {0x3ca, 0xe5b9b6},
    {0x5b1, 0xe5b9b8},
    {0xe00, 0xe5b9b9},
    {0x227, 0xe5b9ba},
    {0x2cc, 0xe5b9bb},
    {0x33c, 0xe5b9bc},
    {0x711, 0xe5b9bd},
    {0xc3b, 0xe5b9be},
    {0x228, 0xe5b9bf},
    {0x17a5, 0xe5ba80},
    {0x17a6, 0xe5ba82},
    {0x4108, 0xe5ba83},
    {0x17e5, 0xe5ba84},
    {0x4552, 0xe5ba86},
    {0x490, 0xe5ba87},
    {0x1877, 0xe5ba88},
    {0x1875, 0xe5ba89},
    {0x491, 0xe5ba8a},
    {0x1874, 0xe5ba8b},
    {0x1876, 0xe5ba8c},
    {0x1878, 0xe5ba8d},
    {0x48f, 0xe5ba8f},
    {0x49da, 0xe5ba92},
    {0x5b3, 0xe5ba97},
    {0x49db, 0xe5ba99},
    {0x5b2, 0xe5ba9a},
    {0x1ad2, 0xe5ba9b},
    {0x5b4, 0xe5ba9c},
    {0x712, 0xe5baa0},
    {0x1ad1, 0xe5baa2},
    {0x1ad3, 0xe5baa3},
    {0x1ad0, 0xe5baa4},
    {0x1ad4, 0xe5baa5},
    {0x713, 0xe5baa6},
    {0x8ad, 0xe5baa7},
    {0x1c88, 0xe5baa8},
    {0x1c8a, 0xe5baaa},
    {0x8ab, 0xe5baab},
    {0x1c8b, 0xe5baac},
    {0x8ac, 0xe5baad},
    {0x1c89, 0xe5baae},
    {0x1acf, 0xe5bab0},
    {0x1ece, 0xe5bab1},
    {0x1ecf, 0xe5bab4},
    {0xa73, 0xe5bab5},
    {0xa72, 0xe5bab6},
    {0x1ed0, 0xe5bab9},
    {0x43bd, 0xe5babd},
    {0xa74, 0xe5babe},
    {0xc3f, 0xe5bb84},
    {0x23cc, 0xe5bb85},
    {0x23ce, 0xe5bb86},
    {0x23d0, 0xe5bb87},
    {0xe02, 0xe5bb88},
    {0xe01, 0xe5bb89},
    {0xc3c, 0xe5bb8a},
    {0x23cf, 0xe5bb8b},
    {0x23cd, 0xe5bb8c},
    {0x3a30, 0xe5bb8d},
    {0x2678, 0xe5bb8e},
    {0x3e8e, 0xe5bb90},
    {0x2676, 0xe5bb91},
    {0x267c, 0xe5bb92},
    {0xfca, 0xe5bb93},
    {0x267d, 0xe5bb94},
    {0x267a, 0xe5bb95},
    {0xfcb, 0xe5bb96},
    {0x2677, 0xe5bb97},
    {0x2675, 0xe5bb98},
    {0x267b, 0xe5bb99},
    {0x113c, 0xe5bb9a},
    {0x28c9, 0xe5bb9b},
    {0x2679, 0xe5bb9c},
    {0x113e, 0xe5bb9d},
    {0x28ca, 0xe5bb9e},
    {0x113d, 0xe5bb9f},
    {0x1140, 0xe5bba0},
    {0x28cb, 0xe5bba1},
    {0x113b, 0xe5bba2},
    {0x113f, 0xe5bba3},
    {0x2b3e, 0xe5bba5},
    {0x2b3c, 0xe5bba6},
    {0x2b3b, 0xe5bba7},
    {0x2b3d, 0xe5bba8},
    {0x2b3a, 0xe5bba9},
    {0x157d, 0xe5bbac},
    {0x32d0, 0xe5bbb1},
    {0x3380, 0xe5bbb2},
    {0x1742, 0xe5bbb3},
    {0x229, 0xe5bbb4},
    {0x5b7, 0xe5bbb6},
    {0x492, 0xe5bbb7},
    {0x386f, 0xe5bbb8},
    {0x4143, 0xe5bbb9},
    {0x714, 0xe5bbba},
    {0x4144, 0xe5bbbb},
    {0x4146, 0xe5bbbc},
    {0x28e, 0xe5bbbe},
    {0x2cd, 0xe5bbbf},
    {0x33d, 0xe5bc81},
    {0x17e6, 0xe5bc82},
    {0x493, 0xe5bc84},
    {0x1879, 0xe5bc85},
    {0x1ad5, 0xe5bc87},
    {0x715, 0xe5bc88},
    {0xfcc, 0xe5bc8a},
    {0x28f, 0xe5bc8b},
    {0x3a3e, 0xe5bc8c},
    {0x4149, 0xe5bc8d},
    {0x3a3f, 0xe5bc8e},
    {0x3cc, 0xe5bc8f},
    {0xe03, 0xe5bc92},
    {0x290, 0xe5bc93},
    {0x33f, 0xe5bc97},
    {0x33e, 0xe5bc98},
    {0x17e7, 0xe5bc9a},
    {0x3cd, 0xe5bc9b},
    {0x187a, 0xe5bc9d},
    {0x494, 0xe5bc9f},
    {0x4630, 0xe5bca5},
    {0x1972, 0xe5bca8},
    {0x5ba, 0xe5bca9},
    {0x716, 0xe5bcad},
    {0x1ad6, 0xe5bcae},
    {0x1c8d, 0xe5bcb0},
    {0x8ae, 0xe5bcb1},
    {0x1c8c, 0xe5bcb3},
    {0xa75, 0xe5bcb5},
    {0x1ed3, 0xe5bcb6},
    {0xa76, 0xe5bcb7},
    {0x1ed4, 0xe5bcb8},
    {0x414e, 0xe5bcba},
    {0x4a70, 0xe5bcbb},
    {0xc40, 0xe5bcbc},
    {0x23d1, 0xe5bd80},
    {0x267f, 0xe5bd83},
    {0x267e, 0xe5bd84},
    {0xfcd, 0xe5bd86},
    {0x1141, 0xe5bd88},
    {0x28cc, 0xe5bd89},
    {0x12ad, 0xe5bd8a},
    {0x2b3f, 0xe5bd8b},
    {0x13ce, 0xe5bd8c},
    {0x3ba5, 0xe5bd8d},
    {0x16c3, 0xe5bd8e},
    {0x3416, 0xe5bd8f},
    {0x22a, 0xe5bd90},
    {0x44e9, 0xe5bd91},
    {0x1976, 0xe5bd94},
    {0x1ad7, 0xe5bd96},
    {0xa77, 0xe5bd97},
    {0x212f, 0xe5bd98},
    {0xe04, 0xe5bd99},
    {0x3d5a, 0xe5bd9c},
    {0x14cf, 0xe5bd9d},
    {0x22b, 0xe5bda1},
    {0x496, 0xe5bda2},
    {0x4152, 0xe5bda3},
    {0x495, 0xe5bda4},
    {0x717, 0xe5bda5},
    {0x1c8e, 0xe5bda7},
    {0xa79, 0xe5bda9},
    {0xb89, 0xe5bdaa},
    {0xa7a, 0xe5bdab},
    {0xa78, 0xe5bdac},
    {0xc41, 0xe5bdad},
    {0x2680, 0xe5bdaf},
    {0xfce, 0xe5bdb0},
    {0x1142, 0xe5bdb1},
    {0x4154, 0xe5bdb2},
    {0x1777, 0xe5bdb3},
    {0x17e8, 0xe5bdb4},
    {0x187c, 0xe5bdb6},
    {0x497, 0xe5bdb7},
    {0x187b, 0xe5bdb8},
    {0x498, 0xe5bdb9},
    {0x4058, 0xe5bdbb},
    {0x5be, 0xe5bdbc},
    {0x1979, 0xe5bdbd},
    {0x1978, 0xe5bdbe},
    {0x5bd, 0xe5bdbf},
    {0x1977, 0xe5be82},
    {0x4631, 0xe5be83},
    {0x719, 0xe5be85},
    {0x1ad8, 0xe5be86},
    {0x71c, 0xe5be87},
    {0x718, 0xe5be88},
    {0x71e, 0xe5be89},
    {0x71d, 0xe5be8c},
    {0x8b1, 0xe5be90},
    {0x8b0, 0xe5be91},
    {0x8af, 0xe5be92},
    {0x1ed6, 0xe5be96},
    {0xa7b, 0xe5be97},
    {0xa7e, 0xe5be98},
    {0xa7c, 0xe5be99},
    {0x1ed5, 0xe5be9b},
    {0xa81, 0xe5be9c},
    {0xa7d, 0xe5be9e},
    {0x1ed7, 0xe5be9f},
    {0xa80, 0xe5bea0},
    {0xa7f, 0xe5bea1},
    {0x402c, 0xe5bea4},
    {0x2131, 0xe5bea5},
    {0x2130, 0xe5bea6},
    {0x4157, 0xe5bea7},
    {0xc44, 0xe5bea8},
    {0x2132, 0xe5beab},
    {0xe05, 0xe5beac},
    {0x23d3, 0xe5bead},
    {0xe06, 0xe5beae},
    {0x23d2, 0xe5beaf},
    {0x3d98, 0xe5beb1},
    {0x28cd, 0xe5beb2},
    {0x1144, 0xe5beb5},
    {0x2681, 0xe5beb6},
    {0x1143, 0xe5beb7},
    {0xfcf, 0xe5beb9},
    {0x3f9f, 0xe5beba},
    {0x2b41, 0xe5bebb},
    {0x2b40, 0xe5bebc},
    {0x13cf, 0xe5bebd},
    {0x2d5e, 0xe5bebe},
    {0x308e, 0xe5bebf},
    {0x49dc, 0xe5bf82},
    {0x2d0, 0xe5bf83},
    {0x44ea, 0xe5bf84},
    {0x340, 0xe5bf85},
    {0x17a7, 0xe5bf89},
    {0x49a, 0xe5bf8c},
    {0x49c, 0xe5bf8d},
    {0x17eb, 0xe5bf8f},
    {0x187f, 0xe5bf90},
    {0x187e, 0xe5bf91},
    {0x187d, 0xe5bf92},
    {0x17ea, 0xe5bf94},
    {0x17e9, 0xe5bf95},
    {0x3cf, 0xe5bf96},
    {0x49b, 0xe5bf97},
    {0x499, 0xe5bf98},
    {0x3ce, 0xe5bf99},
    {0x3a4a, 0xe5bf9b},
    {0x5bf, 0xe5bf9d},
    {0x197a, 0xe5bf9e},
    {0x41af, 0xe5bf9f},
    {0x5c0, 0xe5bfa0},
    {0x1884, 0xe5bfa1},
    {0x1886, 0xe5bfa3},
    {0x1885, 0xe5bfa4},
    {0x197b, 0xe5bfa5},
    {0x1881, 0xe5bfa8},
    {0x4a0, 0xe5bfaa},
    {0x49e, 0xe5bfab},
    {0x1880, 0xe5bfad},
    {0x1882, 0xe5bfae},
    {0x1888, 0xe5bfaf},
    {0x49d, 0xe5bfb1},
    {0x1883, 0xe5bfb3},
    {0x188c, 0xe5bfb4},
    {0x5c2, 0xe5bfb5},
    {0x1889, 0xe5bfb7},
    {0x49f, 0xe5bfb8},
    {0x1887, 0xe5bfba},
    {0x188a, 0xe5bfbb},
    {0x5c1, 0xe5bfbd},
    {0x5c3, 0xe5bfbf},
    {0x188b, 0xe68080},
    {0x198f, 0xe68089},
    {0x1982, 0xe6808a},
    {0x1980, 0xe6808b},
    {0x198e, 0xe6808c},
    {0x1989, 0xe6808d},
    {0x723, 0xe6808e},
    {0x5c4, 0xe6808f},
    {0x198a, 0xe68090},
    {0x198d, 0xe68091},
    {0x71f, 0xe68092},
    {0x198c, 0xe68093},
    {0x5c5, 0xe68094},
    {0x5ca, 0xe68095},
    {0x5c8, 0xe68096},
    {0x1983, 0xe68097},
    {0x197e, 0xe68099},
    {0x1985, 0xe6809a},
    {0x5cf, 0xe6809b},
    {0x1990, 0xe6809c},
    {0x720, 0xe6809d},
    {0x1986, 0xe6809e},
    {0x721, 0xe680a0},
    {0x5cb, 0xe680a1},
    {0x1988, 0xe680a2},
    {0x4185, 0xe680a3},
    {0x1ae7, 0xe680a4},
    {0x722, 0xe680a5},
    {0x197d, 0xe680a6},
    {0x5cc, 0xe680a7},
    {0x724, 0xe680a8},
    {0x5cd, 0xe680a9},
    {0x5c9, 0xe680aa},
    {0x5ce, 0xe680ab},
    {0x1987, 0xe680ac},
    {0x197c, 0xe680ad},
    {0x198b, 0xe680ae},
    {0x5c6, 0xe680af},
    {0x4161, 0xe680b1},
    {0x197f, 0xe680b2},
    {0x1984, 0xe680b3},
    {0x1981, 0xe680b4},
    {0x5c7, 0xe680b5},
    {0x1ad9, 0xe680b7},
    {0x1ada, 0xe680b9},
    {0x4553, 0xe680bb},
    {0x1ae4, 0xe68180},
    {0x1c92, 0xe68181},
    {0x1ae5, 0xe68182},
    {0x72a, 0xe68183},
    {0x1ae8, 0xe68184},
    {0x1ade, 0xe68185},
    {0x729, 0xe68186},
    {0x1ae0, 0xe68187},
    {0x1ae1, 0xe68189},
    {0x4074, 0xe6818a},
    {0x1ae3, 0xe6818c},
    {0x725, 0xe6818d},
    {0x8b5, 0xe68190},
    {0x36ec, 0xe68192},
    {0x1adf, 0xe68193},
    {0x1adb, 0xe68194},
    {0x8b6, 0xe68195},
    {0x1ae9, 0xe68198},
    {0x8b2, 0xe68199},
    {0x1c90, 0xe6819a},
    {0x1ae2, 0xe6819b},
    {0x1c8f, 0xe6819d},
    {0x1add, 0xe6819e},
    {0x1ae6, 0xe6819f},
    {0x728, 0xe681a2},
    {0x8b3, 0xe681a3},
    {0x72e, 0xe681a4},
    {0x8b4, 0xe681a5},
    {0x1aea, 0xe681a6},
    {0x1c91, 0xe681a7},
    {0x727, 0xe681a8},
    {0x8b8, 0xe681a9},
    {0x72d, 0xe681aa},
    {0x72c, 0xe681ab},
    {0x72b, 0xe681ac},
    {0x8b7, 0xe681ad},
    {0x1aeb, 0xe681ae},
    {0x8b9, 0xe681af},
    {0x726, 0xe681b0},
    {0x1adc, 0xe681b2},
    {0x3a56, 0xe681b5},
    {0x4005, 0xe681b7},
    {0x3a47, 0xe681be},
    {0xa82, 0xe681bf},
    {0x1c95, 0xe68280},
    {0x1c97, 0xe68281},
    {0x1c99, 0xe68283},
    {0x8ba, 0xe68284},
    {0x8c0, 0xe68285},
    {0x1eda, 0xe68286},
    {0x1c9d, 0xe68287},
    {0x1c94, 0xe68288},
    {0xa84, 0xe68289},
    {0x1ed8, 0xe6828a},
    {0x8bf, 0xe6828c},
    {0x8bd, 0xe6828d},
    {0x1c9f, 0xe6828e},
    {0x1ed9, 0xe68290},
    {0x1c96, 0xe68292},
    {0x8be, 0xe68294},
    {0x1c9a, 0xe68295},
    {0x8c1, 0xe68296},
    {0x1c9c, 0xe68297},
    {0x8bc, 0xe6829a},
    {0x1c9b, 0xe6829b},
    {0x1c9e, 0xe6829c},
    {0x1c98, 0xe6829d},
    {0x416a, 0xe6829e},
    {0x8bb, 0xe6829f},
    {0xa85, 0xe682a0},
    {0x1c93, 0xe682a2},
    {0xa83, 0xe682a3},
    {0x4001, 0xe682a4},
    {0x4ad7, 0xe682a6},
    {0x3adc, 0xe682a7},
    {0xa86, 0xe682a8},
    {0x1edc, 0xe682b0},
    {0x1ee5, 0xe682b1},
    {0xc47, 0xe682b2},
    {0x4950, 0xe682b3},
    {0xa88, 0xe682b4},
    {0xa8d, 0xe682b5},
    {0xc48, 0xe682b6},
    {0x1ee7, 0xe682b7},
    {0xa94, 0xe682b8},
    {0x2134, 0xe682b9},
    {0x1edd, 0xe682ba},
    {0xa8c, 0xe682bb},
    {0xa8f, 0xe682bc},
    {0xa8a, 0xe682bd},
    {0x1edb, 0xe682be},
    {0x1ee9, 0xe682bf},
    {0x1eec, 0xe68380},
    {0x2143, 0xe68381},
    {0x1eea, 0xe68383},
    {0x2138, 0xe68384},
    {0xa8b, 0xe68385},
    {0xa92, 0xe68386},
    {0xa96, 0xe68387},
    {0x1ee4, 0xe68388},
    {0x2133, 0xe68389},
    {0x1ee8, 0xe6838a},
    {0xa87, 0xe6838b},
    {0x2135, 0xe6838c},
    {0x1eeb, 0xe6838d},
    {0x2137, 0xe6838e},
    {0x1ee0, 0xe6838f},
    {0xc45, 0xe68391},
    {0xa91, 0xe68395},
    {0x4635, 0xe68397},
    {0xa90, 0xe68398},
    {0x1ee2, 0xe68399},
    {0xa95, 0xe6839a},
    {0x1ee6, 0xe6839b},
    {0xa8e, 0xe6839c},
    {0x1ee3, 0xe6839d},
    {0x41fa, 0xe6839e},
    {0xa93, 0xe6839f},
    {0xc49, 0xe683a0},
    {0xc46, 0xe683a1},
    {0x2136, 0xe683a2},
    {0x3d75, 0xe683a3},
    {0x1ee1, 0xe683a4},
    {0xa89, 0xe683a6},
    {0x3d84, 0xe683a7},
    {0x3d7b, 0xe683a8},
    {0x4009, 0xe683a9},
    {0x416c, 0xe683aa},
    {0xc4e, 0xe683b0},
    {0xc52, 0xe683b1},
    {0x213a, 0xe683b2},
    {0xe0b, 0xe683b3},
    {0xc50, 0xe683b4},
    {0x213e, 0xe683b5},
    {0xc54, 0xe683b6},
    {0x23d4, 0xe683b7},
    {0x2140, 0xe683b8},
    {0xe0d, 0xe683b9},
    {0xc4c, 0xe683ba},
    {0xc4f, 0xe683bb},
    {0x2141, 0xe683bc},
    {0x3fa8, 0xe683bd},
    {0x2142, 0xe683be},
    {0x2148, 0xe683bf},
    {0xc56, 0xe68480},
    {0xe0e, 0xe68481},
    {0x2144, 0xe68483},
    {0x2149, 0xe68484},
    {0x213d, 0xe68485},
    {0xe18, 0xe68486},
    {0x3c35, 0xe68487},
    {0xe0f, 0xe68488},
    {0xc55, 0xe68489},
    {0x213b, 0xe6848a},
    {0x214a, 0xe6848b},
    {0x3c87, 0xe6848c},
    {0xe17, 0xe6848d},
    {0xc53, 0xe6848e},
    {0xe08, 0xe6848f},
    {0x2147, 0xe68490},
    {0xc57, 0xe68492},
    {0x213f, 0xe68493},
    {0x2139, 0xe68494},
    {0xc4d, 0xe68495},
    {0x213c, 0xe68496},
    {0x2145, 0xe68498},
    {0x3ef6, 0xe68499},
    {0xe07, 0xe6849a},
    {0xe0c, 0xe6849b},
    {0xc4a, 0xe6849c},
    {0x2146, 0xe6849d},
    {0xe0a, 0xe6849f},
    {0x4ad8, 0xe684a0},
    {0x49ae, 0xe684a2},
    {0xc4b, 0xe684a3},
    {0xe16, 0xe684a7},
    {0x2683, 0xe684a8},
    {0x23df, 0xe684a9},
    {0x23d7, 0xe684ab},
    {0x2682, 0xe684ac},
    {0x23db, 0xe684ae},
    {0x23dd, 0xe684af},
    {0x3f37, 0xe684b0},
    {0x23da, 0xe684b2},
    {0xe15, 0xe684b4},
    {0x23d9, 0xe684b6},
    {0xe19, 0xe684b7},
    {0x2692, 0xe684bb},
    {0x4636, 0xe684bd},
    {0xe14, 0xe684be},
    {0xfd1, 0xe684bf},
    {0x23e0, 0xe68580},
    {0x2684, 0xe68581},
    {0x4174, 0xe68582},
    {0xe12, 0xe68584},
    {0x23d8, 0xe68585},
    {0x23dc, 0xe68586},
    {0xfd0, 0xe68587},
    {0xe09, 0xe68588},
    {0xfd2, 0xe6858b},
    {0xe11, 0xe6858c},
    {0xe13, 0xe6858d},
    {0xe10, 0xe6858e},
    {0x23de, 0xe6858f},
    {0x3c32, 0xe68590},
    {0x268e, 0xe68594},
    {0x1149, 0xe68595},
    {0x2695, 0xe68596},
    {0xfd8, 0xe68598},
    {0x3fba, 0xe68599},
    {0xfd7, 0xe6859a},
    {0x2690, 0xe6859b},
    {0x4186, 0xe6859c},
    {0x1148, 0xe6859d},
    {0x2685, 0xe6859e},
    {0xfd6, 0xe6859f},
    {0x494c, 0xe685a0},
    {0x2694, 0xe685a1},
    {0x4173, 0xe685a4},
    {0x2691, 0xe685a5},
    {0x28de, 0xe685a6},
    {0x1146, 0xe685a7},
    {0xc51, 0xe685a8},
    {0x2693, 0xe685aa},
    {0x114d, 0xe685ab},
    {0x268b, 0xe685ac},
    {0x1147, 0xe685ae},
    {0x3fc0, 0xe685af},
    {0x114c, 0xe685b0},
    {0x2686, 0xe685b1},
    {0x268a, 0xe685b2},
    {0x2687, 0xe685b3},
    {0x268d, 0xe685b4},
    {0xfd9, 0xe685b5},
    {0x1145, 0xe685b6},
    {0xfd3, 0xe685b7},
    {0x28d0, 0xe685b9},
    {0x268f, 0xe685ba},
    {0x114b, 0xe685bc},
    {0x3fbd, 0xe685bd},
    {0x114e, 0xe685be},
    {0x268c, 0xe68680},
    {0x4177, 0xe68681},
    {0x114a, 0xe68682},
    {0x28cf, 0xe68683},
    {0x417a, 0xe68687},
    {0x28d4, 0xe68689},
    {0x12b1, 0xe6868a},
    {0x28ce, 0xe6868b},
    {0x2b4d, 0xe6868c},
    {0x28dd, 0xe6868d},
    {0x1152, 0xe6868e},
    {0x1150, 0xe68690},
    {0x12af, 0xe68691},
    {0x28da, 0xe68692},
    {0x28d6, 0xe68693},
    {0x1156, 0xe68694},
    {0x3de0, 0xe68695},
    {0x2b44, 0xe68696},
    {0x3a55, 0xe68698},
    {0x3a54, 0xe68699},
    {0x1154, 0xe6869a},
    {0x28d5, 0xe6869b},
    {0x4002, 0xe6869c},
    {0x2b42, 0xe6869d},
    {0x28d9, 0xe6869f},
    {0x28dc, 0xe686a1},
    {0x28d3, 0xe686a2},
    {0x1155, 0xe686a4},
    {0x114f, 0xe686a7},
    {0x2b43, 0xe686a8},
    {0x12b0, 0xe686a9},
    {0x28db, 0xe686aa},
    {0x1151, 0xe686ab},
    {0x1153, 0xe686ac},
    {0x28d8, 0xe686ad},
    {0x1157, 0xe686ae},
    {0x28d7, 0xe686af},
    {0x28d2, 0xe686b0},
    {0x28d1, 0xe686b1},
    {0x12ae, 0xe686b2},
    {0x28df, 0xe686b3},
    {0x2b46, 0xe686b4},
    {0x2d60, 0xe686b5},
    {0x12b3, 0xe686b6},
    {0x4639, 0xe686b7},
    {0x2b4c, 0xe686b8},
    {0x43bf, 0xe686b9},
    {0x2b4a, 0xe686ba},
    {0x2d61, 0xe686bc},
    {0x12b4, 0xe686be},
    {0x2b4b, 0xe686bf},
    {0x3a50, 0xe68780},
    {0x2b48, 0xe68781},
    {0x13d1, 0xe68782},
    {0x2d5f, 0xe68783},
    {0x2b45, 0xe68785},
    {0x2b47, 0xe68786},
    {0x13d2, 0xe68787},
    {0x12b6, 0xe68788},
    {0x13d0, 0xe68789},
    {0x12b5, 0xe6878a},
    {0x13d4, 0xe6878b},
    {0x2b49, 0xe6878c},
    {0x12b2, 0xe6878d},
    {0x463a, 0xe6878f},
    {0x4181, 0xe68790},
    {0x417e, 0xe68793},
    {0x2f26, 0xe68796},
    {0x2f1e, 0xe68798},
    {0x38b1, 0xe6879a},
    {0x2d67, 0xe6879e},
    {0x2f1f, 0xe6879f},
    {0x2d63, 0xe687a0},
    {0x3fc5, 0xe687a2},
    {0x14d0, 0xe687a3},
    {0x2d65, 0xe687a4},
    {0x2d64, 0xe687a5},
    {0x13d3, 0xe687a6},
    {0x2d62, 0xe687a7},
    {0x2d66, 0xe687a8},
    {0x2f27, 0xe687a9},
    {0x2f23, 0xe687aa},
    {0x2f25, 0xe687ab},
    {0x2f24, 0xe687b0},
    {0x2f22, 0xe687b1},
    {0x157e, 0xe687b2},
    {0x1581, 0xe687b5},
    {0x1580, 0xe687b6},
    {0x157f, 0xe687b7},
    {0x1614, 0xe687b8},
    {0x31d3, 0xe687b9},
    {0x1615, 0xe687ba},
    {0x308f, 0xe687bb},
    {0x1670, 0xe687bc},
    {0x32d1, 0xe687bd},
    {0x1671, 0xe687be},
    {0x16c4, 0xe687bf},
    {0x16f8, 0xe68880},
    {0x3417, 0xe68881},
    {0x3533, 0xe68887},
    {0x2d1, 0xe68888},
    {0x17a8, 0xe68889},
    {0x341, 0xe6888a},
    {0x3d0, 0xe6888e},
    {0x3d3, 0xe68890},
    {0x4a2, 0xe68891},
    {0x4a1, 0xe68892},
    {0x1991, 0xe68894},
    {0x5d1, 0xe68895},
    {0x5d0, 0xe68896},
    {0x1ca0, 0xe68899},
    {0xc58, 0xe6889f},
    {0x23e1, 0xe688a0},
    {0x23e3, 0xe688a3},
    {0x23e5, 0xe688a4},
    {0x23e4, 0xe688a5},
    {0x2697, 0xe688a7},
    {0x2696, 0xe688a9},
    {0xfda, 0xe688aa},
    {0x2698, 0xe688ab},
    {0x463c, 0xe688ac},
    {0x28e0, 0xe688ad},
    {0x1158, 0xe688ae},
    {0x12b7, 0xe688b0},
    {0x13d5, 0xe688b2},
    {0x14d1, 0xe688b3},
    {0x13d6, 0xe688b4},
    {0x2d2, 0xe688b6},
    {0x451a, 0xe688b7},
    {0x3fc2, 0xe688b9},
    {0x188d, 0xe688ba},
    {0x1992, 0xe688bd},
    {0x5d3, 0xe688be},
    {0x5d2, 0xe688bf},
    {0x5d4, 0xe68980},
    {0x72f, 0xe68981},
    {0x1ca1, 0xe68986},
    {0x8c2, 0xe68987},
    {0xa99, 0xe68988},
    {0xc59, 0xe68989},
    {0x214b, 0xe6898a},
    {0x2d3, 0xe6898b},
    {0x44ec, 0xe6898c},
    {0x291, 0xe6898d},
    {0x2d4, 0xe6898e},
    {0x17a9, 0xe68990},
    {0x345, 0xe68991},
    {0x344, 0xe68992},
    {0x3d6, 0xe68998},
    {0x17f2, 0xe68999},
    {0x17f4, 0xe6899a},
    {0x3d5, 0xe6899b},
    {0x17ec, 0xe6899c},
    {0x17ed, 0xe6899e},
    {0x17f3, 0xe689a0},
    {0x17ef, 0xe689a1},
    {0x17f1, 0xe689a2},
    {0x3d4, 0xe689a3},
    {0x17ee, 0xe689a4},
    {0x17f5, 0xe689a5},
    {0x17f0, 0xe689a6},
    {0x3f15, 0xe689a8},
    {0x4a9, 0xe689ad},
    {0x4b2, 0xe689ae},
    {0x4b0, 0xe689af},
    {0x1897, 0xe689b0},
    {0x1894, 0xe689b1},
    {0x189c, 0xe689b2},
    {0x4ae, 0xe689b3},
    {0x189d, 0xe689b4},
    {0x4a7, 0xe689b6},
    {0x189a, 0xe689b7},
    {0x4ad, 0xe689b9},
    {0x1896, 0xe689ba},
    {0x1895, 0xe689bb},
    {0x4ab, 0xe689bc},
    {0x189b, 0xe689bd},
    {0x4ac, 0xe689be},
    {0x5d5, 0xe689bf},
    {0x4a6, 0xe68a80},
    {0x1898, 0xe68a81},
    {0x3f86, 0xe68a82},
    {0x188e, 0xe68a83},
    {0x4a3, 0xe68a84},
    {0x3f50, 0xe68a85},
    {0x4b6, 0xe68a86},
    {0x1893, 0xe68a87},
    {0x1899, 0xe68a88},
    {0x4a8, 0xe68a89},
    {0x4aa, 0xe68a8a},
    {0x188f, 0xe68a8c},
    {0x43c0, 0xe68a90},
    {0x4b5, 0xe68a91},
    {0x4af, 0xe68a92},
    {0x4b4, 0xe68a93},
    {0x1892, 0xe68a94},
    {0x4b3, 0xe68a95},
    {0x4a5, 0xe68a96},
    {0x4a4, 0xe68a97},
    {0x4b1, 0xe68a98},
    {0x3e96, 0xe68a9d},
    {0x3a69, 0xe68aa4},
    {0x3fc1, 0xe68aa6},
    {0x5e3, 0xe68aa8},
    {0x199e, 0xe68aa9},
    {0x1997, 0xe68aaa},
    {0x5de, 0xe68aab},
    {0x5f1, 0xe68aac},
    {0x1993, 0xe68aad},
    {0x199a, 0xe68aae},
    {0x199c, 0xe68aaf},
    {0x199f, 0xe68ab0},
    {0x5ec, 0xe68ab1},
    {0x199b, 0xe68ab3},
    {0x1994, 0xe68ab4},
    {0x5ea, 0xe68ab5},
    {0x1998, 0xe68ab6},
    {0x19a0, 0xe68ab8},
    {0x5db, 0xe68ab9},
    {0x199d, 0xe68abb},
    {0x5e5, 0xe68abc},
    {0x5e4, 0xe68abd},
    {0x1996, 0xe68abe},
    {0x5d9, 0xe68abf},
    {0x4ad1, 0xe68b81},
    {0x5da, 0xe68b82},
    {0x3d8f, 0xe68b83},
    {0x5d8, 0xe68b84},
    {0x418a, 0xe68b85},
    {0x5f0, 0xe68b86},
    {0x5e8, 0xe68b87},
    {0x5e2, 0xe68b88},
    {0x5d6, 0xe68b89},
    {0x1999, 0xe68b8a},
    {0x5e1, 0xe68b8b},
    {0x5d7, 0xe68b8c},
    {0x5e9, 0xe68b8d},
    {0x5f2, 0xe68b8e},
    {0x1aee, 0xe68b8f},
    {0x5e6, 0xe68b90},
    {0x1995, 0xe68b91},
    {0x5dc, 0xe68b92},
    {0x418c, 0xe68b95},
    {0x5ed, 0xe68b98},
    {0x5e7, 0xe68b99},
    {0x5eb, 0xe68b9a},
    {0x5dd, 0xe68b9b},
    {0x730, 0xe68b9c},
    {0x401c, 0xe68b9f},
    {0x463d, 0xe68ba5},
    {0x1af4, 0xe68bab},
    {0x73c, 0xe68bac},
    {0x734, 0xe68bad},
    {0x736, 0xe68bae},
    {0x73b, 0xe68baf},
    {0x1b00, 0xe68bb0},
    {0x739, 0xe68bb1},
    {0x1ca2, 0xe68bb2},
    {0x8c3, 0xe68bb3},
    {0x73e, 0xe68bb4},
    {0x1af1, 0xe68bb5},
    {0x1af9, 0xe68bb6},
    {0x73a, 0xe68bb7},
    {0x1af8, 0xe68bb8},
    {0x1af5, 0xe68bb9},
    {0x1afd, 0xe68bba},
    {0x1aff, 0xe68bbb},
    {0x733, 0xe68bbc},
    {0x737, 0xe68bbd},
    {0x73d, 0xe68bbe},
    {0x8c5, 0xe68bbf},
    {0x1afa, 0xe68c80},
    {0x735, 0xe68c81},
    {0x740, 0xe68c82},
    {0x1af3, 0xe68c83},
    {0x738, 0xe68c87},
    {0x8c4, 0xe68c88},
    {0x732, 0xe68c89},
    {0x1af0, 0xe68c8b},
    {0x1af7, 0xe68c8c},
    {0x1aef, 0xe68c8d},
    {0x1af2, 0xe68c8e},
    {0x1af6, 0xe68c8f},
    {0x1ca3, 0xe68c90},
    {0x73f, 0xe68c91},
    {0x1afe, 0xe68c95},
    {0x731, 0xe68c96},
    {0x43c1, 0xe68c98},
    {0x8d3, 0xe68ca8},
    {0x1caf, 0xe68ca9},
    {0x1ca5, 0xe68cac},
    {0x1cb5, 0xe68cad},
    {0x3edd, 0xe68cae},
    {0x8c8, 0xe68caf},
    {0x3a65, 0xe68cb1},
    {0x1eed, 0xe68cb2},
    {0x1cb7, 0xe68cb3},
    {0x1cb1, 0xe68cb4},
    {0x3f16, 0xe68cb5},
    {0x1ca8, 0xe68cb6},
    {0x3a63, 0xe68cb7},
    {0x1cba, 0xe68cb8},
    {0x1cab, 0xe68cb9},
    {0x8ce, 0xe68cba},
    {0x1f04, 0xe68cbb},
    {0x1cae, 0xe68cbc},
    {0x8d0, 0xe68cbd},
    {0x8c7, 0xe68cbe},
    {0x1cbc, 0xe68d80},
    {0x1cb0, 0xe68d81},
    {0x8ca, 0xe68d82},
    {0x1ca9, 0xe68d83},
    {0x8cb, 0xe68d86},
    {0x1cb6, 0xe68d87},
    {0x1cbd, 0xe68d88},
    {0x8cd, 0xe68d89},
    {0x1cad, 0xe68d8a},
    {0x1cac, 0xe68d8b},
    {0x8d5, 0xe68d8c},
    {0x8d4, 0xe68d8d},
    {0x8c6, 0xe68d8e},
    {0x8cc, 0xe68d8f},
    {0x8cf, 0xe68d90},
    {0x1cb9, 0xe68d91},
    {0x1cb3, 0xe68d94},
    {0x8c9, 0xe68d95},
    {0x1ca4, 0xe68d96},
    {0x1cbb, 0xe68d97},
    {0x1cb2, 0xe68d98},
    {0x1cb4, 0xe68d99},
    {0x1cb8, 0xe68d9a},
    {0x4ad9, 0xe68d9d},
    {0x3fc7, 0xe68da4},
    {0x1eee, 0xe68da5},
    {0xaa1, 0xe68da7},
    {0xab5, 0xe68da8},
    {0xab4, 0xe68da9},
    {0xaa9, 0xe68dab},
    {0x418e, 0xe68dac},
    {0x1f00, 0xe68dad},
    {0x1efc, 0xe68dae},
    {0x1ef9, 0xe68daf},
    {0x1f0b, 0xe68db0},
    {0xaa4, 0xe68db1},
    {0xa9c, 0xe68db2},
    {0x1efe, 0xe68db5},
    {0xc69, 0xe68db6},
    {0xaa0, 0xe68db7},
    {0x1f06, 0xe68db8},
    {0x4367, 0xe68db9},
    {0xab6, 0xe68dba},
    {0xab3, 0xe68dbb},
    {0x1f02, 0xe68dbc},
    {0x1ef1, 0xe68dbd},
    {0x3f4b, 0xe68dbf},
    {0xab2, 0xe68e80},
    {0x1f08, 0xe68e81},
    {0x1ef0, 0xe68e82},
    {0xaa7, 0xe68e83},
    {0xaab, 0xe68e84},
    {0x1f07, 0xe68e85},
    {0x1efa, 0xe68e87},
    {0xaac, 0xe68e88},
    {0xaa6, 0xe68e89},
    {0x1eef, 0xe68e8a},
    {0x4188, 0xe68e8b},
    {0xc5b, 0xe68e8c},
    {0x1f0a, 0xe68e8d},
    {0x1ef8, 0xe68e8e},
    {0xab1, 0xe68e8f},
    {0x1efb, 0xe68e90},
    {0x1f09, 0xe68e91},
    {0xab0, 0xe68e92},
    {0x214c, 0xe68e94},
    {0xa9d, 0xe68e96},
    {0x1ef6, 0xe68e97},
    {0xaa2, 0xe68e98},
    {0xaad, 0xe68e99},
    {0xaa8, 0xe68e9b},
    {0x1eff, 0xe68e9c},
    {0x1ef5, 0xe68e9d},
    {0x1ef3, 0xe68e9e},
    {0x1f05, 0xe68e9f},
    {0xa9a, 0xe68ea0},
    {0xaae, 0xe68ea1},
    {0xa9e, 0xe68ea2},
    {0xc5a, 0xe68ea3},
    {0x1f03, 0xe68ea4},
    {0xa9f, 0xe68ea5},
    {0xa9b, 0xe68ea7},
    {0xaaa, 0xe68ea8},
    {0xaa5, 0xe68ea9},
    {0xaa3, 0xe68eaa},
    {0x1ef7, 0xe68eab},
    {0xaaf, 0xe68eac},
    {0x1ef4, 0xe68ead},
    {0x1f01, 0xe68eae},
    {0x1efd, 0xe68eaf},
    {0x214e, 0xe68eb0},
    {0x214d, 0xe68eb1},
    {0x3e9d, 0xe68eb9},
    {0x1ef2, 0xe68ebd},
    {0x215e, 0xe68ebe},
    {0xc5d, 0xe68f80},
    {0x46a8, 0xe68f81},
    {0x2164, 0xe68f82},
    {0x2153, 0xe68f83},
    {0x2161, 0xe68f84},
    {0x23e6, 0xe68f85},
    {0xc60, 0xe68f86},
    {0x2165, 0xe68f87},
    {0x2168, 0xe68f88},
    {0xc5f, 0xe68f89},
    {0x2156, 0xe68f8a},
    {0x2167, 0xe68f8b},
    {0x2166, 0xe68f8c},
    {0xc61, 0xe68f8d},
    {0x214f, 0xe68f8e},
    {0xc5c, 0xe68f8f},
    {0xc64, 0xe68f90},
    {0x3a66, 0xe68f91},
    {0xc62, 0xe68f92},
    {0x2163, 0xe68f93},
    {0x2159, 0xe68f95},
    {0xc66, 0xe68f96},
    {0x216a, 0xe68f97},
    {0x2162, 0xe68f98},
    {0x216b, 0xe68f99},
    {0xc6e, 0xe68f9a},
    {0xc6c, 0xe68f9b},
    {0x2160, 0xe68f9c},
    {0x215f, 0xe68f9d},
    {0x3e60, 0xe68f9e},
    {0x215d, 0xe68f9f},
    {0x2157, 0xe68fa0},
    {0xc65, 0xe68fa1},
    {0x4641, 0xe68fa2},
    {0xc63, 0xe68fa3},
    {0x1caa, 0xe68fa4},
    {0x2150, 0xe68fa5},
    {0x489f, 0xe68fa6},
    {0x2404, 0xe68fa7},
    {0x2151, 0xe68fa8},
    {0xc5e, 0xe68fa9},
    {0xc6b, 0xe68faa},
    {0x23e8, 0xe68fab},
    {0x2152, 0xe68faf},
    {0x2169, 0xe68fb0},
    {0x23e7, 0xe68fb1},
    {0x215a, 0xe68fb2},
    {0x2155, 0xe68fb3},
    {0xc6a, 0xe68fb4},
    {0x215b, 0xe68fb5},
    {0x2158, 0xe68fb6},
    {0x4192, 0xe68fb8},
    {0xc6f, 0xe68fb9},
    {0x4642, 0xe68fbb},
    {0x3e9c, 0xe68fbc},
    {0x3e9e, 0xe68fbe},
    {0xe2a, 0xe69086},
    {0x4643, 0xe69087},
    {0x23eb, 0xe69089},
    {0x23fe, 0xe6908a},
    {0x2403, 0xe6908b},
    {0x23f7, 0xe6908c},
    {0xe26, 0xe6908d},
    {0x2408, 0xe6908e},
    {0xe23, 0xe6908f},
    {0x23e9, 0xe69090},
    {0x23ea, 0xe69092},
    {0xe1c, 0xe69093},
    {0xe25, 0xe69094},
    {0x23f1, 0xe69095},
    {0x23f2, 0xe69098},
    {0x23ff, 0xe6909a},
    {0x2405, 0xe6909b},
    {0xe24, 0xe6909c},
    {0xe1e, 0xe6909e},
    {0x23f0, 0xe6909f},
    {0x23ec, 0xe690a0},
    {0x2407, 0xe690a1},
    {0x23ed, 0xe690a4},
    {0x2401, 0xe690a5},
    {0x23f8, 0xe690a6},
    {0x2402, 0xe690a7},
    {0x23fa, 0xe690a8},
    {0xe1f, 0xe690aa},
    {0x2699, 0xe690ab},
    {0xe22, 0xe690ac},
    {0xe20, 0xe690ad},
    {0x2406, 0xe690ae},
    {0x23fd, 0xe690af},
    {0x23f9, 0xe690b0},
    {0x45d9, 0xe690b2},
    {0x23ee, 0xe690b3},
    {0xfe4, 0xe690b4},
    {0x23fc, 0xe690b5},
    {0xe27, 0xe690b6},
    {0x23f4, 0xe690b7},
    {0x4191, 0xe690b8},
    {0x23f3, 0xe690b9},
    {0x419d, 0xe690ba},
    {0x3a6b, 0xe690bb},
    {0xe21, 0xe690bd},
    {0xe1d, 0xe690be},
    {0x26ae, 0xe690bf},
    {0x2400, 0xe69180},
    {0x23fb, 0xe69181},
    {0x23ef, 0xe69183},
    {0x26a9, 0xe6918b},
    {0x269a, 0xe6918d},
    {0x26a5, 0xe6918e},
    {0x26ac, 0xe69190},
    {0xfe2, 0xe69191},
    {0xc6d, 0xe69192},
    {0x26aa, 0xe69193},
    {0xfdd, 0xe69194},
    {0xfdc, 0xe69198},
    {0x26b1, 0xe69199},
    {0x43c2, 0xe6919a},
    {0x269b, 0xe6919b},
    {0x26a8, 0xe6919c},
    {0x269c, 0xe6919d},
    {0x26a7, 0xe6919e},
    {0xfe0, 0xe6919f},
    {0x26ab, 0xe691a0},
    {0x215c, 0xe691a1},
    {0x26b2, 0xe691a5},
    {0x26a3, 0xe691a6},
    {0xfe3, 0xe691a7},
    {0x28ee, 0xe691a8},
    {0x1159, 0xe691a9},
    {0x26b0, 0xe691ab},
    {0x26af, 0xe691ac},
    {0xfe5, 0xe691ad},
    {0x28e1, 0xe691ae},
    {0x115a, 0xe691af},
    {0x28e2, 0xe691b0},
    {0x3a5b, 0xe691b1},
    {0x269d, 0xe691b4},
    {0x26a2, 0xe691b5},
    {0x269e, 0xe691b6},
    {0x26b3, 0xe691b7},
    {0xfdf, 0xe691b8},
    {0x115b, 0xe691b9},
    {0xfe1, 0xe691ba},
    {0xfe6, 0xe691bb},
    {0x436c, 0xe691bc},
    {0x26a1, 0xe691bd},
    {0x26ad, 0xe691bf},
    {0x26a6, 0xe69282},
    {0x28e5, 0xe69285},
    {0xfdb, 0xe69287},
    {0x115e, 0xe69288},
    {0x2b54, 0xe69289},
    {0x28ea, 0xe6928a},
    {0x28e9, 0xe6928b},
    {0x28eb, 0xe6928c},
    {0x4323, 0xe6928d},
    {0x28e8, 0xe6928f},
    {0x115f, 0xe69290},
    {0x43c3, 0xe69291},
    {0x1165, 0xe69292},
    {0x1162, 0xe69293},
    {0x1163, 0xe69295},
    {0x28e3, 0xe69296},
    {0x28e6, 0xe69297},
    {0x28f0, 0xe69298},
    {0x116b, 0xe69299},
    {0x1169, 0xe6929a},
    {0x28e7, 0xe6929c},
    {0x2154, 0xe6929d},
    {0x115c, 0xe6929e},
    {0x28ed, 0xe6929f},
    {0x28e4, 0xe692a0},
    {0x116c, 0xe692a2},
    {0x28ec, 0xe692a3},
    {0xfde, 0xe692a4},
    {0x1161, 0xe692a5},
    {0x26a4, 0xe692a6},
    {0x1164, 0xe692a9},
    {0x1168, 0xe692ab},
    {0x116a, 0xe692ac},
    {0x1167, 0xe692ad},
    {0x1166, 0xe692ae},
    {0x42e1, 0xe692af},
    {0x1160, 0xe692b0},
    {0x28ef, 0xe692b1},
    {0x115d, 0xe692b2},
    {0x116d, 0xe692b3},
    {0x4340, 0xe692b4},
    {0x3a64, 0xe692b6},
    {0x2b53, 0xe692bd},
    {0x12c5, 0xe692be},
    {0x12c2, 0xe692bf},
    {0x4645, 0xe69380},
    {0x12b9, 0xe69381},
    {0x12c0, 0xe69382},
    {0x2b55, 0xe69383},
    {0x12be, 0xe69384},
    {0x12b8, 0xe69385},
    {0x12bf, 0xe69387},
    {0x2b52, 0xe69389},
    {0x13d8, 0xe6938a},
    {0x12ba, 0xe6938b},
    {0x12c1, 0xe6938d},
    {0x13d7, 0xe6938e},
    {0x2b51, 0xe6938f},
    {0x2b50, 0xe69390},
    {0x12c3, 0xe69392},
    {0x3f03, 0xe69393},
    {0x12c4, 0xe69394},
    {0x2b4f, 0xe69396},
    {0x2b4e, 0xe69397},
    {0x13d9, 0xe69398},
    {0x2b58, 0xe69399},
    {0x12bd, 0xe6939a},
    {0x2b56, 0xe6939b},
    {0x431e, 0xe6939d},
    {0x13da, 0xe693a0},
    {0x4199, 0xe693a1},
    {0x13df, 0xe693a2},
    {0x2d6a, 0xe693a3},
    {0x2d6c, 0xe693a4},
    {0x419a, 0xe693a5},
    {0x13dc, 0xe693a6},
    {0x37a8, 0xe693a7},
    {0x2d6d, 0xe693a8},
    {0x2d69, 0xe693a9},
    {0x434a, 0xe693aa},
    {0x2d6b, 0xe693ab},
    {0x13dd, 0xe693ac},
    {0x13e0, 0xe693ad},
    {0x2d68, 0xe693af},
    {0x13db, 0xe693b0},
    {0x13de, 0xe693b1},
    {0x14d3, 0xe693b2},
    {0x2b57, 0xe693b3},
    {0x14d2, 0xe693b4},
    {0x14d8, 0xe693b7},
    {0x2f2b, 0xe693b8},
    {0x2f2e, 0xe693bc},
    {0x2f2a, 0xe693bd},
    {0x14d4, 0xe693be},
    {0x2f28, 0xe693bf},
    {0x1582, 0xe69480},
    {0x2f2c, 0xe69481},
    {0x2f2d, 0xe69483},
    {0x2f29, 0xe69484},
    {0x14d5, 0xe69486},
    {0x3090, 0xe69487},
    {0x3093, 0xe69489},
    {0x4536, 0xe6948a},
    {0x3094, 0xe6948c},
    {0x3092, 0xe6948d},
    {0x3095, 0xe6948e},
    {0x1583, 0xe6948f},
    {0x3091, 0xe69490},
    {0x3aa9, 0xe69491},
    {0x31d7, 0xe69493},
    {0x1617, 0xe69494},
    {0x31d6, 0xe69495},
    {0x31d5, 0xe69496},
    {0x31d4, 0xe69497},
    {0x1616, 0xe69498},
    {0x1618, 0xe69499},
    {0x32d2, 0xe6949b},
    {0x1673, 0xe6949c},
    {0x1672, 0xe6949d},
    {0x4187, 0xe6949e},
    {0x3ec0, 0xe6949f},
    {0x3382, 0xe694a0},
    {0x3381, 0xe694a1},
    {0x3384, 0xe694a2},
    {0x16f9, 0xe694a3},
    {0x16c5, 0xe694a4},
    {0x341b, 0xe694a5},
    {0x3383, 0xe694a6},
    {0x341a, 0xe694a9},
    {0x16fb, 0xe694aa},
    {0x16fa, 0xe694ab},
    {0x1721, 0xe694ac},
    {0x3484, 0xe694ad},
    {0x34ca, 0xe694ae},
    {0x2d5, 0xe694af},
    {0x3e62, 0xe694b0},
    {0x216c, 0xe694b2},
    {0x2b59, 0xe694b3},
    {0x22c, 0xe694b4},
    {0x44ed, 0xe694b5},
    {0x3d7, 0xe694b6},
    {0x17f6, 0xe694b7},
    {0x4b9, 0xe694b8},
    {0x4b7, 0xe694b9},
    {0x4b8, 0xe694bb},
    {0x19a1, 0xe694bd},
    {0x5f3, 0xe694be},
    {0x741, 0xe694bf},
    {0x1b01, 0xe69581},
    {0x1b02, 0xe69583},
    {0x742, 0xe69585},
    {0x1cbf, 0xe69586},
    {0x1cbe, 0xe6958a},
    {0x419f, 0xe6958d},
    {0xabd, 0xe6958f},
    {0xab9, 0xe69591},
    {0x1f0c, 0xe69593},
    {0xac0, 0xe69594},
    {0xabf, 0xe69595},
    {0xab8, 0xe69596},
    {0xabb, 0xe69597},
    {0xabe, 0xe69598},
    {0xaba, 0xe69599},
    {0x4ada, 0xe6959a},
    {0x2170, 0xe6959c},
    {0xab7, 0xe6959d},
    {0xc70, 0xe6959e},
    {0x41a5, 0xe6959f},
    {0x216f, 0xe695a4},
    {0x2172, 0xe695a5},
    {0xc71, 0xe695a6},
    {0x216d, 0xe695a7},
    {0x2171, 0xe695a8},
    {0x216e, 0xe695aa},
    {0x3a6c, 0xe695ab},
    {0xe2b, 0xe695ac},
    {0x41a4, 0xe695ad},
    {0x2409, 0xe695af},
    {0xfe7, 0xe695b2},
    {0x26b4, 0xe695b3},
    {0x12c6, 0xe695b4},
    {0x116e, 0xe695b5},
    {0x28f1, 0xe695b6},
    {0x28f3, 0xe695b9},
    {0x28f2, 0xe695ba},
    {0x28f4, 0xe695bb},
    {0x2b5b, 0xe695bc},
    {0x2b5a, 0xe695bf},
    {0x2d6f, 0xe69680},
    {0x2d6e, 0xe69681},
    {0x3096, 0xe69684},
    {0x41a3, 0xe69685},
    {0x4648, 0xe69686},
    {0x2d6, 0xe69687},
    {0x410b, 0xe69688},
    {0x4554, 0xe69689},
    {0x49de, 0xe6968b},
    {0x2173, 0xe6968c},
    {0xc75, 0xe69690},
    {0xc74, 0xe69691},
    {0x240a, 0xe69692},
    {0x2f2f, 0xe69694},
    {0x1674, 0xe69695},
    {0x341c, 0xe69696},
    {0x2d7, 0xe69697},
    {0x8d8, 0xe69699},
    {0xac2, 0xe6969b},
    {0xac1, 0xe6969c},
    {0xe2c, 0xe6969f},
    {0x26b5, 0xe696a0},
    {0xfe8, 0xe696a1},
    {0x2b5c, 0xe696a2},
    {0x2d8, 0xe696a4},
    {0x346, 0xe696a5},
    {0x5f4, 0xe696a7},
    {0x19a2, 0xe696a8},
    {0x1b03, 0xe696aa},
    {0x743, 0xe696ab},
    {0xac3, 0xe696ac},
    {0x2176, 0xe696ae},
    {0xc76, 0xe696af},
    {0xe2d, 0xe696b0},
    {0x41a7, 0xe696b5},
    {0x2d70, 0xe696b6},
    {0x14d9, 0xe696b7},
    {0x34cb, 0xe696b8},
    {0x2d9, 0xe696b9},
    {0x19a3, 0xe696bb},
    {0x5f5, 0xe696bc},
    {0x744, 0xe696bd},
    {0x3e3b, 0xe696be},
    {0x1b04, 0xe696bf},
    {0x8d9, 0xe69781},
    {0x1cc3, 0xe69782},
    {0x8da, 0xe69785},
    {0x1cc0, 0xe69786},
    {0x1f0d, 0xe6978d},
    {0xac7, 0xe6978e},
    {0xac4, 0xe6978f},
    {0x2177, 0xe69790},
    {0x41aa, 0xe69791},
    {0x2178, 0xe69792},
    {0x240b, 0xe69793},
    {0x3ba8, 0xe69794},
    {0xfea, 0xe69796},
    {0xfe9, 0xe69797},
    {0x2d71, 0xe6979a},
    {0x2f30, 0xe6979b},
    {0x3098, 0xe6979d},
    {0x3097, 0xe6979e},
    {0x31d8, 0xe6979f},
    {0x22d, 0xe697a0},
    {0x1789, 0xe697a1},
    {0x745, 0xe697a2},
    {0x41ae, 0xe697a3},
    {0x2da, 0xe697a5},
    {0x347, 0xe697a6},
    {0x3d9, 0xe697a8},
    {0x3d8, 0xe697a9},
    {0x17f8, 0xe697ae},
    {0x17f7, 0xe697af},
    {0x189e, 0xe697b0},
    {0x4ba, 0xe697b1},
    {0x18a1, 0xe697b2},
    {0x18a0, 0xe697b3},
    {0x189f, 0xe697b4},
    {0x18a2, 0xe697b5},
    {0x5f6, 0xe697ba},
    {0x19a9, 0xe697bb},
    {0x19a5, 0xe697bc},
    {0x19ae, 0xe697bd},
    {0x464a, 0xe697bf},
    {0x5fd, 0xe69880},
    {0x5fb, 0xe69882},
    {0x19aa, 0xe69883},
    {0x19a6, 0xe69884},
    {0x19ad, 0xe69885},
    {0x5fa, 0xe69886},
    {0x601, 0xe69887},
    {0x19a8, 0xe69888},
    {0x19a4, 0xe69889},
    {0x600, 0xe6988a},
    {0x19ab, 0xe6988b},
    {0x5f9, 0xe6988c},
    {0x19ac, 0xe6988d},
    {0x5fc, 0xe6988e},
    {0x5fe, 0xe6988f},
    {0x19b0, 0xe69890},
    {0x19af, 0xe69891},
    {0x19a7, 0xe69892},
    {0x5f8, 0xe69893},
    {0x5f7, 0xe69894},
    {0x5ff, 0xe69895},
    {0x41b1, 0xe69898},
    {0x1b09, 0xe6989c},
    {0x1b0f, 0xe6989d},
    {0x3a93, 0xe6989e},
    {0x74b, 0xe6989f},
    {0x748, 0xe698a0},
    {0x1b06, 0xe698a1},
    {0x1b0b, 0xe698a2},
    {0x4295, 0xe698a3},
    {0x74e, 0xe698a4},
    {0x746, 0xe698a5},
    {0x1b0a, 0xe698a6},
    {0x749, 0xe698a7},
    {0x74c, 0xe698a8},
    {0x1b0d, 0xe698ab},
    {0x747, 0xe698ad},
    {0x1b12, 0xe698ae},
    {0x74a, 0xe698af},
    {0x3a8d, 0xe698b0},
    {0x74d, 0xe698b1},
    {0x1b07, 0xe698b2},
    {0x1b0c, 0xe698b3},
    {0x1b10, 0xe698b4},
    {0x1b08, 0xe698b5},
    {0x1b05, 0xe698b6},
    {0x1b11, 0xe698b9},
    {0x1b0e, 0xe698ba},
    {0x8e2, 0xe69981},
    {0x8db, 0xe69982},
    {0x8de, 0xe69983},
    {0x41b4, 0xe69984},
    {0x8e1, 0xe69985},
    {0x1cc6, 0xe69987},
    {0x3d99, 0xe69988},
    {0x8dc, 0xe69989},
    {0x1cc4, 0xe6998a},
    {0x41b7, 0xe6998b},
    {0x8e0, 0xe6998c},
    {0x4a39, 0xe6998d},
    {0x8dd, 0xe6998f},
    {0x1cc7, 0xe69991},
    {0x8df, 0xe69992},
    {0x464b, 0xe69993},
    {0x409b, 0xe69997},
    {0x1f11, 0xe69999},
    {0xac9, 0xe6999a},
    {0x1f10, 0xe6999b},
    {0x1f12, 0xe6999c},
    {0xac8, 0xe6999d},
    {0xacd, 0xe6999e},
    {0x1cc5, 0xe6999f},
    {0x4aa9, 0xe699a0},
    {0x1f0f, 0xe699a1},
    {0x1f13, 0xe699a2},
    {0x3a90, 0xe699a3},
    {0xaca, 0xe699a4},
    {0x1f0e, 0xe699a5},
    {0xacc, 0xe699a6},
    {0x41b9, 0xe699a7},
    {0xacb, 0xe699a8},
    {0x217f, 0xe699aa},
    {0x3a8b, 0xe699ab},
    {0x217a, 0xe699ac},
    {0xc77, 0xe699ae},
    {0xc7b, 0xe699af},
    {0xc78, 0xe699b0},
    {0x217d, 0xe699b1},
    {0x2180, 0xe699b2},
    {0x41bb, 0xe699b3},
    {0xc79, 0xe699b4},
    {0xc7a, 0xe699b6},
    {0xc7f, 0xe699b7},
    {0x2414, 0xe699b8},
    {0x217e, 0xe699b9},
    {0xc7d, 0xe699ba},
    {0x217b, 0xe699bb},
    {0x2179, 0xe699bc},
    {0x469b, 0xe699bd},
    {0xc7e, 0xe699be},
    {0x217c, 0xe69a80},
    {0xe33, 0xe69a84},
    {0x4162, 0xe69a85},
    {0x240c, 0xe69a86},
    {0xe2f, 0xe69a89},
    {0x2411, 0xe69a8a},
    {0x2410, 0xe69a8b},
    {0x240d, 0xe69a8c},
    {0xe35, 0xe69a8d},
    {0x3a89, 0xe69a8e},
    {0x240f, 0xe69a90},
    {0xc7c, 0xe69a91},
    {0x464d, 0xe69a92},
    {0x2413, 0xe69a94},
    {0x240e, 0xe69a95},
    {0xe32, 0xe69a96},
    {0xe2e, 0xe69a97},
    {0xe34, 0xe69a98},
    {0x2412, 0xe69a99},
    {0x3d3d, 0xe69a9a},
    {0xfed, 0xe69a9d},
    {0x26b8, 0xe69a9f},
    {0x26b7, 0xe69aa0},
    {0x26b6, 0xe69aa1},
    {0xfeb, 0xe69aa2},
    {0x40ba, 0xe69aa4},
    {0xfec, 0xe69aa8},
    {0x28f9, 0xe69aa9},
    {0x28fc, 0xe69aaa},
    {0x1172, 0xe69aab},
    {0x4948, 0xe69aad},
    {0x1171, 0xe69aae},
    {0x28fd, 0xe69aaf},
    {0x28f8, 0xe69ab0},
    {0x1174, 0xe69ab1},
    {0x28fa, 0xe69ab2},
    {0x40b5, 0xe69ab3},
    {0x1173, 0xe69ab4},
    {0x28f7, 0xe69ab5},
    {0x3e13, 0xe69ab6},
    {0x28fb, 0xe69ab7},
    {0x12cc, 0xe69ab8},
    {0x12c9, 0xe69ab9},
    {0x2b65, 0xe69aba},
    {0x2b64, 0xe69abb},
    {0x2b63, 0xe69abd},
    {0x2b5e, 0xe69abe},
    {0x3d9a, 0xe69abf},
    {0x2b5f, 0xe69b80},
    {0x12ca, 0xe69b84},
    {0x12c7, 0xe69b86},
    {0x12cb, 0xe69b87},
    {0x2b5d, 0xe69b88},
    {0x12c8, 0xe69b89},
    {0x2b66, 0xe69b8c},
    {0x40b8, 0xe69b8d},
    {0x3a77, 0xe69b8e},
    {0x2b62, 0xe69b8f},
    {0x2d72, 0xe69b92},
    {0x13e4, 0xe69b96},
    {0x2f33, 0xe69b98},
    {0x13e3, 0xe69b99},
    {0x14da, 0xe69b9c},
    {0x1585, 0xe69b9d},
    {0x3099, 0xe69b9e},
    {0x1584, 0xe69ba0},
    {0x1619, 0xe69ba6},
    {0x4a4f, 0xe69ba7},
    {0x31d9, 0xe69ba8},
    {0x1675, 0xe69ba9},
    {0x341d, 0xe69bab},
    {0x16fc, 0xe69bac},
    {0x2db, 0xe69bb0},
    {0x3e84, 0xe69bb1},
    {0x4bb, 0xe69bb4},
    {0x19b1, 0xe69bb6},
    {0x74f, 0xe69bb7},
    {0x8e3, 0xe69bb8},
    {0xace, 0xe69bb9},
    {0xa1f, 0xe69bbc},
    {0xbf0, 0xe69c80},
    {0x2181, 0xe69c81},
    {0x41c4, 0xe69c82},
    {0xe36, 0xe69c83},
    {0x26ba, 0xe69c84},
    {0x26b9, 0xe69c85},
    {0x2dc, 0xe69c88},
    {0x3de, 0xe69c89},
    {0x19b2, 0xe69c8a},
    {0x603, 0xe69c8b},
    {0x3fe2, 0xe69c8c},
    {0x602, 0xe69c8d},
    {0x3da1, 0xe69c8e},
    {0x464f, 0xe69c96},
    {0x8e6, 0xe69c97},
    {0x1f14, 0xe69c98},
    {0x49b3, 0xe69c99},
    {0xad0, 0xe69c9b},
    {0xc83, 0xe69c9d},
    {0x3d8b, 0xe69c9e},
    {0xc82, 0xe69c9f},
    {0x2415, 0xe69ca0},
    {0x2522, 0xe69ca1},
    {0x26bb, 0xe69ca2},
    {0x2b67, 0xe69ca3},
    {0x379f, 0xe69ca5},
    {0x14db, 0xe69ca6},
    {0x161a, 0xe69ca7},
    {0x2dd, 0xe69ca8},
    {0x349, 0xe69cac},
    {0x34c, 0xe69cad},
    {0x348, 0xe69cae},
    {0x3e1, 0xe69cb1},
    {0x1800, 0xe69cb3},
    {0x3e0, 0xe69cb4},
    {0x3e2, 0xe69cb5},
    {0x3e41, 0xe69cb6},
    {0x17fb, 0xe69cb8},
    {0x17fa, 0xe69cb9},
    {0x17fd, 0xe69cba},
    {0x17fc, 0xe69cbb},
    {0x17ff, 0xe69cbc},
    {0x3df, 0xe69cbd},
    {0x17f9, 0xe69cbe},
    {0x17fe, 0xe69cbf},
    {0x401b, 0xe69d84},
    {0x18a3, 0xe69d85},
    {0x4c5, 0xe69d86},
    {0x18a4, 0xe69d87},
    {0x18a8, 0xe69d88},
    {0x4c4, 0xe69d89},
    {0x18ac, 0xe69d8b},
    {0x18a7, 0xe69d8c},
    {0x18aa, 0xe69d8d},
    {0x4c7, 0xe69d93},
    {0x18a6, 0xe69d95},
    {0x4c2, 0xe69d96},
    {0x4c8, 0xe69d97},
    {0x18a5, 0xe69d99},
    {0x18ab, 0xe69d9a},
    {0x4c1, 0xe69d9c},
    {0x18a9, 0xe69d9d},
    {0x4c3, 0xe69d9e},
    {0x4bc, 0xe69d9f},
    {0x4c6, 0xe69da0},
    {0x3d66, 0xe69da1},
    {0x41cb, 0xe69da2},
    {0x41ca, 0xe69da7},
    {0x618, 0xe69daa},
    {0x4a04, 0xe69dab},
    {0x19b4, 0xe69dac},
    {0x604, 0xe69dad},
    {0x4a49, 0xe69dae},
    {0x607, 0xe69db1},
    {0x619, 0xe69db2},
    {0x609, 0xe69db3},
    {0x19bc, 0xe69db4},
    {0x614, 0xe69db5},
    {0x19b7, 0xe69db6},
    {0x60a, 0xe69db7},
    {0x19bf, 0xe69dba},
    {0x19b8, 0xe69dbb},
    {0x617, 0xe69dbc},
    {0x19c4, 0xe69dbd},
    {0x612, 0xe69dbe},
    {0x610, 0xe69dbf},
    {0x19c5, 0xe69e81},
    {0x4aae, 0xe69e82},
    {0x19c3, 0xe69e83},
    {0x19bb, 0xe69e84},
    {0x19b3, 0xe69e85},
    {0x19ba, 0xe69e86},
    {0x60b, 0xe69e87},
    {0x611, 0xe69e89},
    {0x605, 0xe69e8b},
    {0x19be, 0xe69e8c},
    {0x19bd, 0xe69e8d},
    {0x19b5, 0xe69e8e},
    {0x46c1, 0xe69e8f},
    {0x613, 0xe69e90},
    {0x19c1, 0xe69e91},
    {0x19b6, 0xe69e92},
    {0x616, 0xe69e93},
    {0x19c8, 0xe69e94},
    {0x606, 0xe69e95},
    {0x60d, 0xe69e97},
    {0x19b9, 0xe69e98},
    {0x19c2, 0xe69e99},
    {0x615, 0xe69e9a},
    {0x608, 0xe69e9c},
    {0x60c, 0xe69e9d},
    {0x19c0, 0xe69e9f},
    {0x3d7a, 0xe69ea0},
    {0x4651, 0xe69ea4},
    {0x41e3, 0xe69eac},
    {0x1b34, 0xe69eae},
    {0x757, 0xe69eaf},
    {0x764, 0xe69eb0},
    {0x41f4, 0xe69eb1},
    {0x1b2f, 0xe69eb2},
    {0x1b25, 0xe69eb3},
    {0x75d, 0xe69eb4},
    {0x1b23, 0xe69eb5},
    {0x756, 0xe69eb6},
    {0x1b1e, 0xe69eb7},
    {0x760, 0xe69eb8},
    {0x1b2b, 0xe69eb9},
    {0x1b18, 0xe69eba},
    {0x1b1a, 0xe69ebb},
    {0x37fa, 0xe69ebf},
    {0x1b1d, 0xe69f80},
    {0x1b15, 0xe69f81},
    {0x1b2a, 0xe69f82},
    {0x1b3a, 0xe69f83},
    {0x75b, 0xe69f84},
    {0x1b1f, 0xe69f85},
    {0x1b31, 0xe69f86},
    {0x1b17, 0xe69f88},
    {0x1b3c, 0xe69f8b},
    {0x1b33, 0xe69f8c},
    {0x1b24, 0xe69f8d},
    {0x1b2c, 0xe69f8e},
    {0x761, 0xe69f8f},
    {0x754, 0xe69f90},
    {0x75c, 0xe69f91},
    {0x768, 0xe69f92},
    {0x751, 0xe69f93},
    {0x753, 0xe69f94},
    {0x3b58, 0xe69f96},
    {0x41ce, 0xe69f97},
    {0x1b1c, 0xe69f98},
    {0x765, 0xe69f99},
    {0x75e, 0xe69f9a},
    {0x1b36, 0xe69f9b},
    {0x1b19, 0xe69f9c},
    {0x767, 0xe69f9d},
    {0x762, 0xe69f9e},
    {0x1b22, 0xe69f9f},
    {0x766, 0xe69fa2},
    {0x1b29, 0xe69fa3},
    {0x1b21, 0xe69fa4},
    {0x75f, 0xe69fa5},
    {0x1b35, 0xe69fa6},
    {0x1b2d, 0xe69fa7},
    {0x759, 0xe69fa9},
    {0x1b3b, 0xe69faa},
    {0x1b20, 0xe69fab},
    {0x755, 0xe69fac},
    {0x1b32, 0xe69fad},
    {0x1b28, 0xe69fae},
    {0x75a, 0xe69faf},
    {0x1b2e, 0xe69fb0},
    {0x752, 0xe69fb1},
    {0x1b16, 0xe69fb2},
    {0x763, 0xe69fb3},
    {0x8f5, 0xe69fb4},
    {0x758, 0xe69fb5},
    {0x1b27, 0xe69fb6},
    {0x1b26, 0xe69fb7},
    {0x1b1b, 0xe69fb8},
    {0x3996, 0xe69fb9},
    {0x1b37, 0xe69fba},
    {0x1b30, 0xe69fbc},
    {0x4555, 0xe69fbe},
    {0x750, 0xe69fbf},
    {0x43c7, 0xe6a080},
    {0x41d3, 0xe6a081},
    {0x3fc8, 0xe6a082},
    {0x3d6a, 0xe6a083},
    {0x4556, 0xe6a084},
    {0x4281, 0xe6a08d},
    {0x399c, 0xe6a090},
    {0x1cdd, 0xe6a092},
    {0x8fc, 0xe6a093},
    {0x1cde, 0xe6a094},
    {0x1cd2, 0xe6a096},
    {0x8f1, 0xe6a097},
    {0x8fd, 0xe6a098},
    {0x1ccb, 0xe6a09a},
    {0x4072, 0xe6a09b},
    {0x1cd4, 0xe6a09c},
    {0x1cdc, 0xe6a09d},
    {0x46c2, 0xe6a09e},
    {0x1cca, 0xe6a09f},
    {0x1ce5, 0xe6a0a0},
    {0x8e7, 0xe6a0a1},
    {0x41d0, 0xe6a0a2},
    {0x1ce4, 0xe6a0a5},
    {0x1cdf, 0xe6a0a6},
    {0x1ce0, 0xe6a0a8},
    {0x8ef, 0xe6a0a9},
    {0x8fa, 0xe6a0aa},
    {0x1cd6, 0xe6a0ab},
    {0x1cd7, 0xe6a0ad},
    {0x1ce1, 0xe6a0ae},
    {0x1cd8, 0xe6a0af},
    {0x1cd3, 0xe6a0b1},
    {0x1cdb, 0xe6a0b4},
    {0x1cd5, 0xe6a0b5},
    {0x3e2e, 0xe6a0b6},
    {0x421d, 0xe6a0b7},
    {0x8e8, 0xe6a0b8},
    {0x8ec, 0xe6a0b9},
    {0x1ce3, 0xe6a0ba},
    {0x1ccf, 0xe6a0bb},
    {0x8f8, 0xe6a0bc},
    {0x8f4, 0xe6a0bd},
    {0x4147, 0xe6a0be},
    {0x8f7, 0xe6a180},
    {0x8fe, 0xe6a181},
    {0x8ed, 0xe6a182},
    {0x8f9, 0xe6a183},
    {0x1cda, 0xe6a184},
    {0x8fb, 0xe6a185},
    {0x8ea, 0xe6a186},
    {0x3beb, 0xe6a187},
    {0x8e9, 0xe6a188},
    {0x1ccc, 0xe6a189},
    {0x4653, 0xe6a18a},
    {0x1cd0, 0xe6a18b},
    {0x8f2, 0xe6a18c},
    {0x1ce2, 0xe6a18d},
    {0x1cd9, 0xe6a18e},
    {0x1cd1, 0xe6a18f},
    {0x8f6, 0xe6a190},
    {0x8f3, 0xe6a191},
    {0x8eb, 0xe6a193},
    {0x8ee, 0xe6a194},
    {0x3d90, 0xe6a195},
    {0x3814, 0xe6a196},
    {0x41d6, 0xe6a19d},
    {0x4557, 0xe6a1a5},
    {0x1f29, 0xe6a1ab},
    {0x1f1e, 0xe6a1af},
    {0x1f2d, 0xe6a1b1},
    {0x1f2a, 0xe6a1b2},
    {0x1f23, 0xe6a1b4},
    {0x1f22, 0xe6a1b5},
    {0xad7, 0xe6a1b6},
    {0x1f26, 0xe6a1b7},
    {0x1f35, 0xe6a1b8},
    {0x1f15, 0xe6a1b9},
    {0x1f36, 0xe6a1bb},
    {0x1f28, 0xe6a1bc},
    {0x1f3a, 0xe6a1bd},
    {0x1f2e, 0xe6a1be},
    {0xad6, 0xe6a1bf},
    {0x1f2c, 0xe6a280},
    {0xad1, 0xe6a281},
    {0xae6, 0xe6a282},
    {0xadc, 0xe6a283},
    {0x4654, 0xe6a284},
    {0xae0, 0xe6a285},
    {0xadf, 0xe6a286},
    {0x1f16, 0xe6a287},
    {0x46b7, 0xe6a288},
    {0x1f33, 0xe6a289},
    {0x1f39, 0xe6a28a},
    {0x1f31, 0xe6a28b},
    {0x1f38, 0xe6a28c},
    {0x1f25, 0xe6a28f},
    {0x1f17, 0xe6a290},
    {0x1f37, 0xe6a291},
    {0x1f27, 0xe6a292},
    {0xad4, 0xe6a293},
    {0xae1, 0xe6a294},
    {0x1f30, 0xe6a296},
    {0xada, 0xe6a297},
    {0x3aaa, 0xe6a298},
    {0x1f2f, 0xe6a29b},
    {0x1f18, 0xe6a29c},
    {0xae2, 0xe6a29d},
    {0xae4, 0xe6a29f},
    {0x1f32, 0xe6a2a0},
    {0xae5, 0xe6a2a1},
    {0xad3, 0xe6a2a2},
    {0x1f1f, 0xe6a2a3},
    {0x1f34, 0xe6a2a4},
    {0x40e4, 0xe6a2a6},
    {0xad9, 0xe6a2a7},
    {0xae3, 0xe6a2a8},
    {0x1f21, 0xe6a2a9},
    {0x1f2b, 0xe6a2aa},
    {0x1f1c, 0xe6a2ab},
    {0x1f20, 0xe6a2ac},
    {0xade, 0xe6a2ad},
    {0x1f1b, 0xe6a2ae},
    {0xad2, 0xe6a2af},
    {0xadb, 0xe6a2b0},
    {0xad8, 0xe6a2b1},
    {0x1f24, 0xe6a2b2},
    {0x8f0, 0xe6a2b3},
    {0x2198, 0xe6a2b4},
    {0xad5, 0xe6a2b5},
    {0x3a9e, 0xe6a2b6},
    {0x3d14, 0xe6a2b9},
    {0x427c, 0xe6a2bd},
    {0x4adb, 0xe6a381},
    {0x41dc, 0xe6a383},
    {0xadd, 0xe6a384},
    {0x3c2e, 0xe6a385},
    {0x219b, 0xe6a386},
    {0x21b1, 0xe6a387},
    {0x21a6, 0xe6a388},
    {0xc97, 0xe6a389},
    {0x42eb, 0xe6a38a},
    {0xc92, 0xe6a38b},
    {0x2195, 0xe6a38c},
    {0xc93, 0xe6a38d},
    {0x21a5, 0xe6a38e},
    {0x219e, 0xe6a390},
    {0x21ab, 0xe6a391},
    {0xc8f, 0xe6a392},
    {0x2183, 0xe6a393},
    {0x21ad, 0xe6a394},
    {0xc85, 0xe6a395},
    {0x218b, 0xe6a396},
    {0xc88, 0xe6a397},
    {0xc87, 0xe6a398},
    {0xc98, 0xe6a39a},
    {0x2185, 0xe6a39c},
    {0xc8a, 0xe6a39f},
    {0xc86, 0xe6a3a0},
    {0x2193, 0xe6a3a1},
    {0xc91, 0xe6a3a3},
    {0x218e, 0xe6a3a4},
    {0x21a9, 0xe6a3a6},
    {0xc8d, 0xe6a3a7},
    {0x21a1, 0xe6a3a8},
    {0x21ae, 0xe6a3a9},
    {0x2188, 0xe6a3aa},
    {0x218d, 0xe6a3ab},
    {0x2187, 0xe6a3ac},
    {0xc8c, 0xe6a3ae},
    {0x219a, 0xe6a3af},
    {0x242b, 0xe6a3b0},
    {0x2189, 0xe6a3b1},
    {0xc90, 0xe6a3b2},
    {0x2192, 0xe6a3b3},
    {0x21aa, 0xe6a3b4},
    {0xc8b, 0xe6a3b5},
    {0x218f, 0xe6a3b6},
    {0x218c, 0xe6a3b7},
    {0x219d, 0xe6a3b8},
    {0xc8e, 0xe6a3b9},
    {0xc84, 0xe6a3ba},
    {0xc9a, 0xe6a3bb},
    {0x21a0, 0xe6a3bc},
    {0x219f, 0xe6a3bd},
    {0x41df, 0xe6a480},
    {0x41de, 0xe6a481},
    {0x42fb, 0xe6a482},
    {0x429c, 0xe6a483},
    {0x2184, 0xe6a484},
    {0xc89, 0xe6a485},
    {0x21ac, 0xe6a486},
    {0x2194, 0xe6a487},
    {0x2196, 0xe6a488},
    {0x4658, 0xe6a489},
    {0x21a3, 0xe6a48a},
    {0x21a2, 0xe6a48b},
    {0x2182, 0xe6a48c},
    {0xc94, 0xe6a48d},
    {0xc96, 0xe6a48e},
    {0x218a, 0xe6a48f},
    {0x2191, 0xe6a490},
    {0x2199, 0xe6a491},
    {0xc95, 0xe6a492},
    {0x2190, 0xe6a493},
    {0x219c, 0xe6a494},
    {0x21af, 0xe6a495},
    {0x21a4, 0xe6a497},
    {0x3da2, 0xe6a498},
    {0x49e0, 0xe6a499},
    {0x3d80, 0xe6a49a},
    {0x37bd, 0xe6a49b},
    {0x21b0, 0xe6a4a5},
    {0x2186, 0xe6a4aa},
    {0x3f38, 0xe6a4ac},
    {0x243f, 0xe6a4af},
    {0xe3e, 0xe6a4b0},
    {0x243d, 0xe6a4b2},
    {0x2428, 0xe6a4b3},
    {0x242d, 0xe6a4b4},
    {0x2426, 0xe6a4b5},
    {0x41e7, 0xe6a4b6},
    {0x2439, 0xe6a4b7},
    {0x2418, 0xe6a4b8},
    {0x241f, 0xe6a4b9},
    {0x2437, 0xe6a4bb},
    {0x2441, 0xe6a4bc},
    {0x2429, 0xe6a4bd},
    {0x4056, 0xe6a4be},
    {0x241c, 0xe6a4bf},
    {0x242f, 0xe6a580},
    {0x2434, 0xe6a581},
    {0x2420, 0xe6a582},
    {0x4659, 0xe6a583},
    {0x2431, 0xe6a584},
    {0x241d, 0xe6a585},
    {0x456f, 0xe6a586},
    {0xe40, 0xe6a58a},
    {0x2438, 0xe6a58b},
    {0x2436, 0xe6a58c},
    {0x2419, 0xe6a58e},
    {0x243b, 0xe6a58f},
    {0x243c, 0xe6a591},
    {0x243e, 0xe6a592},
    {0xe44, 0xe6a593},
    {0xe3c, 0xe6a594},
    {0x3d86, 0xe6a595},
    {0x1f1d, 0xe6a596},
    {0x2421, 0xe6a597},
    {0x2433, 0xe6a598},
    {0x2422, 0xe6a599},
    {0xe39, 0xe6a59a},
    {0xe49, 0xe6a59b},
    {0x243a, 0xe6a59c},
    {0xe47, 0xe6a59d},
    {0xe43, 0xe6a59e},
    {0x2417, 0xe6a59f},
    {0xe3b, 0xe6a5a0},
    {0x41e4, 0xe6a5a1},
    {0x241a, 0xe6a5a2},
    {0xe48, 0xe6a5a3},
    {0x465b, 0xe6a5a4},
    {0x242a, 0xe6a5a5},
    {0x2416, 0xe6a5a6},
    {0x3d15, 0xe6a5a7},
    {0xe41, 0xe6a5a8},
    {0x242e, 0xe6a5a9},
    {0x241e, 0xe6a5aa},
    {0xe42, 0xe6a5ab},
    {0x2427, 0xe6a5ac},
    {0xe38, 0xe6a5ad},
    {0xc99, 0xe6a5ae},
    {0x2430, 0xe6a5af},
    {0x2197, 0xe6a5b0},
    {0x241b, 0xe6a5b1},
    {0x3a6d, 0xe6a5b2},
    {0x41db, 0xe6a5b3},
    {0x2435, 0xe6a5b4},
    {0xe3d, 0xe6a5b5},
    {0x2432, 0xe6a5b6},
    {0xe3a, 0xe6a5b7},
    {0x242c, 0xe6a5b8},
    {0xe45, 0xe6a5b9},
    {0x2423, 0xe6a5ba},
    {0x2440, 0xe6a5bb},
    {0x3f3e, 0xe6a680},
    {0xe3f, 0xe6a682},
    {0x24af, 0xe6a683},
    {0x465d, 0xe6a685},
    {0xe46, 0xe6a686},
    {0x3d74, 0xe6a68a},
    {0x26c9, 0xe6a68d},
    {0x26c7, 0xe6a68e},
    {0x26dd, 0xe6a690},
    {0x26c5, 0xe6a691},
    {0x26d7, 0xe6a693},
    {0xe37, 0xe6a694},
    {0xff0, 0xe6a695},
    {0x26c1, 0xe6a696},
    {0x26dc, 0xe6a697},
    {0x41e8, 0xe6a698},
    {0x26c6, 0xe6a699},
    {0x26d4, 0xe6a69a},
    {0xff5, 0xe6a69b},
    {0xfee, 0xe6a69c},
    {0x26da, 0xe6a69e},
    {0x465c, 0xe6a69f},
    {0x26bf, 0xe6a6a0},
    {0x26d9, 0xe6a6a1},
    {0x3730, 0xe6a6a2},
    {0x1000, 0xe6a6a3},
    {0x26d0, 0xe6a6a4},
    {0x26e0, 0xe6a6a5},
    {0xffe, 0xe6a6a6},
    {0x26c8, 0xe6a6a7},
    {0xfef, 0xe6a6a8},
    {0x26ca, 0xe6a6a9},
    {0x26d8, 0xe6a6aa},
    {0xff8, 0xe6a6ab},
    {0x26c3, 0xe6a6ac},
    {0xffc, 0xe6a6ad},
    {0xff2, 0xe6a6ae},
    {0x26cc, 0xe6a6af},
    {0x26c2, 0xe6a6b0},
    {0x26bc, 0xe6a6b1},
    {0x3ff6, 0xe6a6b2},
    {0x26d6, 0xe6a6b3},
    {0xff9, 0xe6a6b4},
    {0x26df, 0xe6a6b5},
    {0x26bd, 0xe6a6b6},
    {0xff6, 0xe6a6b7},
    {0x26d2, 0xe6a6b9},
    {0xff7, 0xe6a6bb},
    {0x26c4, 0xe6a6bc},
    {0x26cf, 0xe6a6bd},
    {0x26cb, 0xe6a6be},
    {0x26cd, 0xe6a6bf},
    {0x3f5d, 0xe6a780},
    {0xff1, 0xe6a781},
    {0x26de, 0xe6a782},
    {0xfff, 0xe6a783},
    {0x26ce, 0xe6a784},
    {0x26e1, 0xe6a786},
    {0x26be, 0xe6a789},
    {0x26d3, 0xe6a78a},
    {0xff4, 0xe6a78b},
    {0xffd, 0xe6a78c},
    {0xffb, 0xe6a78d},
    {0x26c0, 0xe6a78e},
    {0x26d5, 0xe6a78f},
    {0xffa, 0xe6a790},
    {0x39ef, 0xe6a791},
    {0xff3, 0xe6a793},
    {0x26d1, 0xe6a794},
    {0x3e3c, 0xe6a795},
    {0x465e, 0xe6a796},
    {0x26db, 0xe6a799},
    {0x41d8, 0xe6a7a1},
    {0x2909, 0xe6a7a2},
    {0x2905, 0xe6a7a4},
    {0x2901, 0xe6a7a5},
    {0x2915, 0xe6a7a6},
    {0x2912, 0xe6a7a7},
    {0x1177, 0xe6a7a8},
    {0x481f, 0xe6a7a9},
    {0x2919, 0xe6a7ab},
    {0x2908, 0xe6a7ac},
    {0x1182, 0xe6a7ad},
    {0x290f, 0xe6a7ae},
    {0x2904, 0xe6a7b1},
    {0x290e, 0xe6a7b2},
    {0x117f, 0xe6a7b3},
    {0x2922, 0xe6a7b4},
    {0x291f, 0xe6a7b6},
    {0x2911, 0xe6a7b7},
    {0x2902, 0xe6a7b8},
    {0x41ed, 0xe6a7b9},
    {0x41c7, 0xe6a7ba},
    {0x2916, 0xe6a7bb},
    {0x2918, 0xe6a7bc},
    {0x117b, 0xe6a7bd},
    {0x290c, 0xe6a7be},
    {0x2907, 0xe6a7bf},
    {0x28fe, 0xe6a880},
    {0x1178, 0xe6a881},
    {0x1180, 0xe6a882},
    {0x3e29, 0xe6a883},
    {0x291b, 0xe6a884},
    {0x1181, 0xe6a885},
    {0x28ff, 0xe6a886},
    {0x2921, 0xe6a887},
    {0x2914, 0xe6a888},
    {0x291a, 0xe6a889},
    {0x117e, 0xe6a88a},
    {0x41d9, 0xe6a88b},
    {0x3d50, 0xe6a88c},
    {0x2917, 0xe6a88d},
    {0x291e, 0xe6a88f},
    {0x1183, 0xe6a891},
    {0x117d, 0xe6a893},
    {0x2910, 0xe6a894},
    {0x2903, 0xe6a895},
    {0x2923, 0xe6a896},
    {0x2900, 0xe6a897},
    {0x291c, 0xe6a898},
    {0x117a, 0xe6a899},
    {0x3d1e, 0xe6a89a},
    {0x290a, 0xe6a89b},
    {0x3b68, 0xe6a89c},
    {0x290b, 0xe6a89d},
    {0x1179, 0xe6a89e},
    {0x1176, 0xe6a89f},
    {0x2906, 0xe6a8a0},
    {0x117c, 0xe6a8a1},
    {0x1175, 0xe6a8a3},
    {0x291d, 0xe6a8a5},
    {0x2920, 0xe6a8a6},
    {0x290d, 0xe6a8a7},
    {0x2b74, 0xe6a8a8},
    {0x4aaa, 0xe6a8a9},
    {0x3d42, 0xe6a8ab},
    {0x42ab, 0xe6a8ac},
    {0x3b1f, 0xe6a8ad},
    {0x2b6c, 0xe6a8b2},
    {0x3aa4, 0xe6a8b3},
    {0x2b68, 0xe6a8b4},
    {0x12d9, 0xe6a8b5},
    {0x12ce, 0xe6a8b8},
    {0x12d3, 0xe6a8b9},
    {0x12cf, 0xe6a8ba},
    {0x2b76, 0xe6a8bb},
    {0x2b81, 0xe6a8bc},
    {0x12cd, 0xe6a8bd},
    {0x2b6e, 0xe6a8be},
    {0x2b77, 0xe6a8bf},
    {0x2913, 0xe6a980},
    {0x2b78, 0xe6a981},
    {0x49e1, 0xe6a983},
    {0x12d4, 0xe6a984},
    {0x41f0, 0xe6a985},
    {0x2b87, 0xe6a986},
    {0x12d8, 0xe6a987},
    {0x12db, 0xe6a988},
    {0x2b6a, 0xe6a989},
    {0x12d7, 0xe6a98b},
    {0x3aab, 0xe6a98c},
    {0x2b7c, 0xe6a98f},
    {0x2b7b, 0xe6a990},
    {0x2b73, 0xe6a991},
    {0x3aa5, 0xe6a992},
    {0x37ac, 0xe6a993},
    {0x2b7d, 0xe6a994},
    {0x2b84, 0xe6a995},
    {0x2b83, 0xe6a996},
    {0x37da, 0xe6a997},
    {0x12d2, 0xe6a998},
    {0x12d0, 0xe6a999},
    {0x2b75, 0xe6a99a},
    {0x2b72, 0xe6a99b},
    {0x2b6f, 0xe6a99d},
    {0x2b82, 0xe6a99e},
    {0x12da, 0xe6a99f},
    {0x2b80, 0xe6a9a0},
    {0x12d6, 0xe6a9a1},
    {0x12d5, 0xe6a9a2},
    {0x49bf, 0xe6a9a3},
    {0x2b7a, 0xe6a9a4},
    {0x4660, 0xe6a9a5},
    {0x2b69, 0xe6a9a6},
    {0x2b6b, 0xe6a9a7},
    {0x2b6d, 0xe6a9a8},
    {0x2b7f, 0xe6a9a9},
    {0x2b79, 0xe6a9aa},
    {0x12d1, 0xe6a9ab},
    {0x2b70, 0xe6a9ad},
    {0x2b7e, 0xe6a9af},
    {0x4662, 0xe6a9b1},
    {0x4661, 0xe6a9b4},
    {0x2b71, 0xe6a9b6},
    {0x3aad, 0xe6a9ba},
    {0x13ec, 0xe6a9be},
    {0x2d84, 0xe6a9bf},
    {0x13e5, 0xe6aa80},
    {0x2d75, 0xe6aa81},
    {0x4663, 0xe6aa82},
    {0x2d80, 0xe6aa83},
    {0x13e7, 0xe6aa84},
    {0x2d87, 0xe6aa85},
    {0x2d7c, 0xe6aa87},
    {0x2d77, 0xe6aa89},
    {0x4136, 0xe6aa8a},
    {0x2d88, 0xe6aa8c},
    {0x2d73, 0xe6aa8d},
    {0x2d7e, 0xe6aa8e},
    {0x3c1b, 0xe6aa8f},
    {0x13ee, 0xe6aa90},
    {0x2d83, 0xe6aa91},
    {0x2d89, 0xe6aa92},
    {0x2d7d, 0xe6aa93},
    {0x13e6, 0xe6aa94},
    {0x2d7f, 0xe6aa95},
    {0x2d74, 0xe6aa96},
    {0x13ed, 0xe6aa97},
    {0x4665, 0xe6aa99},
    {0x2d86, 0xe6aa9a},
    {0x2d79, 0xe6aa9b},
    {0x13e9, 0xe6aa9c},
    {0x41f2, 0xe6aa9d},
    {0x2d7b, 0xe6aa9e},
    {0x2d78, 0xe6aa9f},
    {0x13ef, 0xe6aaa0},
    {0x2d7a, 0xe6aaa1},
    {0x13e8, 0xe6aaa2},
    {0x13eb, 0xe6aaa3},
    {0x2d82, 0xe6aaa4},
    {0x2d76, 0xe6aaa5},
    {0x2d85, 0xe6aaa6},
    {0x37e3, 0xe6aaa7},
    {0x2d81, 0xe6aaa8},
    {0x4667, 0xe6aaab},
    {0x14dd, 0xe6aaac},
    {0x2f3e, 0xe6aaad},
    {0x3e53, 0xe6aab1},
    {0x3b4b, 0xe6aab2},
    {0x14dc, 0xe6aab3},
    {0x2f3d, 0xe6aab4},
    {0x4668, 0xe6aab5},
    {0x14e0, 0xe6aab8},
    {0x2f35, 0xe6aab9},
    {0x2f39, 0xe6aaba},
    {0x14df, 0xe6aabb},
    {0x2f36, 0xe6aabd},
    {0x3aa1, 0xe6aabe},
    {0x14e1, 0xe6ab82},
    {0x14de, 0xe6ab83},
    {0x2f34, 0xe6ab85},
    {0x2f38, 0xe6ab86},
    {0x2f3c, 0xe6ab87},
    {0x41f5, 0xe6ab88},
    {0x3aa6, 0xe6ab89},
    {0x3f4c, 0xe6ab8a},
    {0x309f, 0xe6ab8b},
    {0x309c, 0xe6ab8c},
    {0x30a5, 0xe6ab8d},
    {0x30a4, 0xe6ab8f},
    {0x30a2, 0xe6ab90},
    {0x309d, 0xe6ab91},
    {0x1589, 0xe6ab93},
    {0x4669, 0xe6ab94},
    {0x3caa, 0xe6ab98},
    {0x309e, 0xe6ab99},
    {0x1588, 0xe6ab9a},
    {0x13ea, 0xe6ab9b},
    {0x30a1, 0xe6ab9c},
    {0x1587, 0xe6ab9d},
    {0x30a6, 0xe6ab9e},
    {0x30a0, 0xe6ab9f},
    {0x309b, 0xe6aba0},
    {0x2f37, 0xe6aba1},
    {0x1586, 0xe6aba5},
    {0x309a, 0xe6aba7},
    {0x31df, 0xe6aba8},
    {0x31de, 0xe6abaa},
    {0x30a3, 0xe6abab},
    {0x161b, 0xe6abac},
    {0x31dd, 0xe6abb0},
    {0x31e1, 0xe6abb1},
    {0x31dc, 0xe6abb3},
    {0x466a, 0xe6abb6},
    {0x32d6, 0xe6abb8},
    {0x31e0, 0xe6abb9},
    {0x1678, 0xe6abba},
    {0x1676, 0xe6abbb},
    {0x32d4, 0xe6abbc},
    {0x32d7, 0xe6ac80},
    {0x32d3, 0xe6ac82},
    {0x32d5, 0xe6ac83},
    {0x1677, 0xe6ac84},
    {0x3aa7, 0xe6ac85},
    {0x16c6, 0xe6ac8a},
    {0x3385, 0xe6ac8b},
    {0x3420, 0xe6ac8f},
    {0x16fd, 0xe6ac90},
    {0x3487, 0xe6ac93},
    {0x1743, 0xe6ac96},
    {0x34ce, 0xe6ac97},
    {0x34cf, 0xe6ac9a},
    {0x41f8, 0xe6ac9d},
    {0x3534, 0xe6ac9e},
    {0x2de, 0xe6aca0},
    {0x3e3, 0xe6aca1},
    {0x61a, 0xe6aca3},
    {0x19c9, 0xe6aca5},
    {0x1b3d, 0xe6aca8},
    {0x1ce6, 0xe6acac},
    {0x1ce8, 0xe6acad},
    {0x1ce7, 0xe6acaf},
    {0x1ce9, 0xe6acb1},
    {0xae7, 0xe6acb2},
    {0x1f3c, 0xe6acb3},
    {0x1cea, 0xe6acb4},
    {0x41fb, 0xe6acb5},
    {0x1f3b, 0xe6acb6},
    {0x21b2, 0xe6acb9},
    {0xc9c, 0xe6acba},
    {0x21b3, 0xe6acbb},
    {0x21b5, 0xe6acbc},
    {0xc9d, 0xe6acbd},
    {0xc9b, 0xe6acbe},
    {0x21b4, 0xe6acbf},
    {0x2447, 0xe6ad81},
    {0x2445, 0xe6ad82},
    {0x2444, 0xe6ad83},
    {0x2443, 0xe6ad85},
    {0x2442, 0xe6ad86},
    {0xe4a, 0xe6ad87},
    {0x2446, 0xe6ad88},
    {0x1001, 0xe6ad89},
    {0x26e2, 0xe6ad8a},
    {0x26e4, 0xe6ad8b},
    {0x1002, 0xe6ad8c},
    {0x26e3, 0xe6ad8d},
    {0x1185, 0xe6ad8e},
    {0x1184, 0xe6ad90},
    {0x2924, 0xe6ad91},
    {0x3f6e, 0xe6ad92},
    {0x2b89, 0xe6ad94},
    {0x2b88, 0xe6ad95},
    {0x2b8a, 0xe6ad96},
    {0x3aae, 0xe6ad97},
    {0x12dc, 0xe6ad99},
    {0x2d8a, 0xe6ad9b},
    {0x13f0, 0xe6ad9c},
    {0x2f3f, 0xe6ad9e},
    {0x14e4, 0xe6ad9f},
    {0x30a7, 0xe6ada0},
    {0x16c7, 0xe6ada1},
    {0x2df, 0xe6ada2},
    {0x34d, 0xe6ada3},
    {0x3e4, 0xe6ada4},
    {0x4c9, 0xe6ada5},
    {0x769, 0xe6adaa},
    {0x1ceb, 0xe6adad},
    {0x4515, 0xe6adaf},
    {0xe4b, 0xe6adb2},
    {0x41fc, 0xe6adb4},
    {0x29a2, 0xe6adb6},
    {0x12dd, 0xe6adb7},
    {0x14e5, 0xe6adb8},
    {0x2e0, 0xe6adb9},
    {0x44ee, 0xe6adba},
    {0x3e5, 0xe6adbb},
    {0x19cb, 0xe6adbe},
    {0x61d, 0xe6adbf},
    {0x19ca, 0xe6ae80},
    {0x466b, 0xe6ae81},
    {0x1b3e, 0xe6ae82},
    {0x76a, 0xe6ae83},
    {0x1b3f, 0xe6ae84},
    {0x76b, 0xe6ae86},
    {0x1ced, 0xe6ae88},
    {0x900, 0xe6ae89},
    {0x8ff, 0xe6ae8a},
    {0x1f43, 0xe6ae8c},
    {0x1f40, 0xe6ae8f},
    {0x1f3f, 0xe6ae91},
    {0x21b6, 0xe6ae94},
    {0x21b9, 0xe6ae95},
    {0xc9f, 0xe6ae96},
    {0x21b7, 0xe6ae97},
    {0xc9e, 0xe6ae98},
    {0x21b8, 0xe6ae99},
    {0x2448, 0xe6ae9b},
    {0x2927, 0xe6aea2},
    {0x2926, 0xe6aea3},
    {0x1186, 0xe6aea4},
    {0x2925, 0xe6aea5},
    {0x2928, 0xe6aea6},
    {0x2b8b, 0xe6aea7},
    {0x2d8b, 0xe6aead},
    {0x13f1, 0xe6aeae},
    {0x14e6, 0xe6aeaf},
    {0x30a8, 0xe6aeb0},
    {0x1679, 0xe6aeb2},
    {0x178a, 0xe6aeb3},
    {0x76c, 0xe6aeb5},
    {0x1b40, 0xe6aeb6},
    {0x901, 0xe6aeb7},
    {0xae8, 0xe6aeba},
    {0xca0, 0xe6aebc},
    {0x21ba, 0xe6aebd},
    {0xe4d, 0xe6aebf},
    {0xe4c, 0xe6af80},
    {0x466c, 0xe6af81},
    {0x2b8f, 0xe6af87},
    {0x2b8e, 0xe6af88},
    {0x2f40, 0xe6af89},
    {0x3421, 0xe6af8a},
    {0x2e1, 0xe6af8b},
    {0x178b, 0xe6af8c},
    {0x34e, 0xe6af8d},
    {0x4ca, 0xe6af8f},
    {0x18ad, 0xe6af90},
    {0x76d, 0xe6af92},
    {0xe4e, 0xe6af93},
    {0x2e2, 0xe6af94},
    {0x1b41, 0xe6af96},
    {0x76e, 0xe6af97},
    {0x1b42, 0xe6af98},
    {0x13f2, 0xe6af9a},
    {0x2e3, 0xe6af9b},
    {0x4207, 0xe6af9c},
    {0x19cc, 0xe6af9e},
    {0x1b43, 0xe6afa0},
    {0x4205, 0xe6afa1},
    {0x1cf2, 0xe6afa2},
    {0x1cf1, 0xe6afa3},
    {0x1cef, 0xe6afa4},
    {0x1cee, 0xe6afa6},
    {0x1cf3, 0xe6afa7},
    {0x1cf0, 0xe6afa8},
    {0x466d, 0xe6afaa},
    {0xca1, 0xe6afaf},
    {0x21bb, 0xe6afb0},
    {0x244b, 0xe6afb9},
    {0x3f79, 0xe6afba},
    {0xe4f, 0xe6afbd},
    {0x26ea, 0xe6afbe},
    {0x292b, 0xe6afbf},
    {0x292a, 0xe6b080},
    {0x2929, 0xe6b081},
    {0x292c, 0xe6b082},
    {0x2b91, 0xe6b083},
    {0x2b90, 0xe6b084},
    {0x12de, 0xe6b085},
    {0x2b92, 0xe6b086},
    {0x13f3, 0xe6b088},
    {0x2d8c, 0xe6b089},
    {0x2f41, 0xe6b08b},
    {0x30a9, 0xe6b08c},
    {0x3388, 0xe6b08d},
    {0x2e4, 0xe6b08f},
    {0x350, 0xe6b090},
    {0x34f, 0xe6b091},
    {0x61e, 0xe6b093},
    {0x178c, 0xe6b094},
    {0x17aa, 0xe6b095},
    {0x3e6, 0xe6b096},
    {0x1801, 0xe6b098},
    {0x61f, 0xe6b09b},
    {0x38ab, 0xe6b09c},
    {0x19cd, 0xe6b09d},
    {0x76f, 0xe6b09f},
    {0x902, 0xe6b0a3},
    {0x906, 0xe6b0a4},
    {0x1cf4, 0xe6b0a5},
    {0x905, 0xe6b0a6},
    {0x1f44, 0xe6b0aa},
    {0xaeb, 0xe6b0ab},
    {0xca4, 0xe6b0ac},
    {0x21be, 0xe6b0b0},
    {0x3f63, 0xe6b0b1},
    {0x4adc, 0xe6b0b2},
    {0x1003, 0xe6b0b3},
    {0x2e5, 0xe6b0b4},
    {0x44ef, 0xe6b0b5},
    {0x17ab, 0xe6b0b6},
    {0x4208, 0xe6b0b7},
    {0x351, 0xe6b0b8},
    {0x3e05, 0xe6b0b9},
    {0x44f0, 0xe6b0ba},
    {0x17ae, 0xe6b0bb},
    {0x4381, 0xe6b0bd},
    {0x354, 0xe6b0be},
    {0x17ad, 0xe6b0bf},
    {0x353, 0xe6b180},
    {0x352, 0xe6b181},
    {0x4cb, 0xe6b182},
    {0x17ac, 0xe6b183},
    {0x1802, 0xe6b186},
    {0x408d, 0xe6b189},
    {0x1806, 0xe6b18a},
    {0x1805, 0xe6b18f},
    {0x3ec, 0xe6b190},
    {0x1803, 0xe6b192},
    {0x1807, 0xe6b194},
    {0x3ed, 0xe6b195},
    {0x3e8, 0xe6b197},
    {0x3bba, 0xe6b198},
    {0x3e9, 0xe6b199},
    {0x420c, 0xe6b19a},
    {0x3ef, 0xe6b19b},
    {0x1804, 0xe6b19c},
    {0x3e7, 0xe6b19d},
    {0x4cc, 0xe6b19e},
    {0x3ee, 0xe6b1a1},
    {0x18c0, 0xe6b1a5},
    {0x18be, 0xe6b1a6},
    {0x18b1, 0xe6b1a7},
    {0x4d8, 0xe6b1a8},
    {0x18b8, 0xe6b1a9},
    {0x4d3, 0xe6b1aa},
    {0x18b2, 0xe6b1ab},
    {0x18ba, 0xe6b1ad},
    {0x40ca, 0xe6b1ae},
    {0x18b7, 0xe6b1af},
    {0x4d6, 0xe6b1b0},
    {0x18b6, 0xe6b1b1},
    {0x4dd, 0xe6b1b2},
    {0x18bf, 0xe6b1b3},
    {0x4df, 0xe6b1b4},
    {0x466e, 0xe6b1b5},
    {0x4e1, 0xe6b1b6},
    {0x18b0, 0xe6b1b8},
    {0x420e, 0xe6b1b9},
    {0x4d4, 0xe6b1ba},
    {0x18c1, 0xe6b1bb},
    {0x4db, 0xe6b1bd},
    {0x4de, 0xe6b1be},
    {0x37a6, 0xe6b1bf},
    {0x19e4, 0xe6b280},
    {0x4ce, 0xe6b281},
    {0x4e5, 0xe6b282},
    {0x4dc, 0xe6b283},
    {0x18b3, 0xe6b284},
    {0x4d1, 0xe6b285},
    {0x4e0, 0xe6b286},
    {0x18bb, 0xe6b287},
    {0x19e2, 0xe6b28a},
    {0x18b4, 0xe6b28b},
    {0x4d7, 0xe6b28c},
    {0x4e2, 0xe6b28d},
    {0x18c2, 0xe6b28e},
    {0x18b5, 0xe6b28f},
    {0x4d5, 0xe6b290},
    {0x4da, 0xe6b292},
    {0x19ce, 0xe6b293},
    {0x4e3, 0xe6b294},
    {0x18bc, 0xe6b295},
    {0x4d9, 0xe6b296},
    {0x4e4, 0xe6b298},
    {0x4cd, 0xe6b299},
    {0x18b9, 0xe6b29a},
    {0x4d2, 0xe6b29b},
    {0x18bd, 0xe6b29c},
    {0x19e3, 0xe6b29d},
    {0x3889, 0xe6b29f},
    {0x3d63, 0xe6b2a2},
    {0x466f, 0xe6b2aa},
    {0x62b, 0xe6b2ab},
    {0x63b, 0xe6b2ac},
    {0x19d5, 0xe6b2ad},
    {0x632, 0xe6b2ae},
    {0x3cf6, 0xe6b2af},
    {0x19ea, 0xe6b2b0},
    {0x623, 0xe6b2b1},
    {0x3ecc, 0xe6b2b2},
    {0x626, 0xe6b2b3},
    {0x19e1, 0xe6b2b4},
    {0x19d3, 0xe6b2b6},
    {0x19d7, 0xe6b2b7},
    {0x62e, 0xe6b2b8},
    {0x630, 0xe6b2b9},
    {0x19da, 0xe6b2ba},
    {0x637, 0xe6b2bb},
    {0x629, 0xe6b2bc},
    {0x636, 0xe6b2bf},
    {0x19e6, 0xe6b380},
    {0x631, 0xe6b381},
    {0x19d9, 0xe6b382},
    {0x19db, 0xe6b383},
    {0x62f, 0xe6b384},
    {0x634, 0xe6b385},
    {0x19dc, 0xe6b386},
    {0x19e9, 0xe6b387},
    {0x770, 0xe6b389},
    {0x63a, 0xe6b38a},
    {0x4070, 0xe6b38b},
    {0x624, 0xe6b38c},
    {0x19e8, 0xe6b38d},
    {0x3f91, 0xe6b38e},
    {0x19ec, 0xe6b38f},
    {0x19d8, 0xe6b390},
    {0x19ee, 0xe6b391},
    {0x19df, 0xe6b392},
    {0x62d, 0xe6b393},
    {0x19d4, 0xe6b394},
    {0x62c, 0xe6b395},
    {0x63e, 0xe6b396},
    {0x633, 0xe6b397},
    {0x19d2, 0xe6b399},
    {0x1b4e, 0xe6b39a},
    {0x639, 0xe6b39b},
    {0x63d, 0xe6b39c},
    {0x19e0, 0xe6b39d},
    {0x19e5, 0xe6b39e},
    {0x3d57, 0xe6b39f},
    {0x63f, 0xe6b3a0},
    {0x638, 0xe6b3a1},
    {0x62a, 0xe6b3a2},
    {0x620, 0xe6b3a3},
    {0x625, 0xe6b3a5},
    {0x19d6, 0xe6b3a7},
    {0x621, 0xe6b3a8},
    {0x19ed, 0xe6b3a9},
    {0x3f8d, 0xe6b3aa},
    {0x19d0, 0xe6b3ab},
    {0x19cf, 0xe6b3ac},
    {0x19dd, 0xe6b3ad},
    {0x19d1, 0xe6b3ae},
    {0x63c, 0xe6b3af},
    {0x907, 0xe6b3b0},
    {0x635, 0xe6b3b1},
    {0x19de, 0xe6b3b2},
    {0x622, 0xe6b3b3},
    {0x77f, 0xe6b3b5},
    {0x19eb, 0xe6b3b9},
    {0x49e3, 0xe6b3bf},
    {0x1b55, 0xe6b480},
    {0x1b58, 0xe6b481},
    {0x4671, 0xe6b482},
    {0x1b5b, 0xe6b483},
    {0x1b50, 0xe6b484},
    {0x3a19, 0xe6b485},
    {0x4672, 0xe6b486},
    {0x1b5e, 0xe6b487},
    {0x1b61, 0xe6b488},
    {0x1b63, 0xe6b489},
    {0x1b4d, 0xe6b48a},
    {0x771, 0xe6b48b},
    {0x776, 0xe6b48c},
    {0x1cf9, 0xe6b48d},
    {0x786, 0xe6b48e},
    {0x1b5c, 0xe6b48f},
    {0x1b64, 0xe6b490},
    {0x1b54, 0xe6b491},
    {0x1b4c, 0xe6b492},
    {0x1d14, 0xe6b496},
    {0x779, 0xe6b497},
    {0x1b59, 0xe6b498},
    {0x1b51, 0xe6b499},
    {0x1b53, 0xe6b49a},
    {0x77e, 0xe6b49b},
    {0x1b56, 0xe6b49d},
    {0x778, 0xe6b49e},
    {0x1b49, 0xe6b49f},
    {0x1b5f, 0xe6b4a0},
    {0x1b62, 0xe6b4a2},
    {0x3ac3, 0xe6b4a4},
    {0x775, 0xe6b4a5},
    {0x4673, 0xe6b4a6},
    {0x781, 0xe6b4a7},
    {0x1b46, 0xe6b4a8},
    {0x783, 0xe6b4a9},
    {0x773, 0xe6b4aa},
    {0x787, 0xe6b4ab},
    {0x1b60, 0xe6b4ac},
    {0x1b48, 0xe6b4ad},
    {0x784, 0xe6b4ae},
    {0x1d0e, 0xe6b4af},
    {0x19e7, 0xe6b4b0},
    {0x777, 0xe6b4b1},
    {0x772, 0xe6b4b2},
    {0x1b4f, 0xe6b4b3},
    {0x1b47, 0xe6b4b4},
    {0x785, 0xe6b4b5},
    {0x77d, 0xe6b4b6},
    {0x1b5a, 0xe6b4b7},
    {0x782, 0xe6b4b8},
    {0x780, 0xe6b4b9},
    {0x1b52, 0xe6b4ba},
    {0x77a, 0xe6b4bb},
    {0x1b4a, 0xe6b4bc},
    {0x1b4b, 0xe6b4bf},
    {0x1b5d, 0xe6b580},
    {0x774, 0xe6b581},
    {0x1b57, 0xe6b582},
    {0x4558, 0xe6b58e},
    {0x3cf3, 0xe6b597},
    {0x1cfc, 0xe6b598},
    {0x90f, 0xe6b599},
    {0x914, 0xe6b59a},
    {0x409c, 0xe6b59b},
    {0x4222, 0xe6b59c},
    {0x1d05, 0xe6b59e},
    {0x1d0b, 0xe6b59f},
    {0x1d07, 0xe6b5a0},
    {0x1cfa, 0xe6b5a1},
    {0x1cfd, 0xe6b5a2},
    {0x91b, 0xe6b5a5},
    {0x90c, 0xe6b5a6},
    {0x1d06, 0xe6b5a7},
    {0x1d0f, 0xe6b5a8},
    {0x916, 0xe6b5a9},
    {0x908, 0xe6b5aa},
    {0x911, 0xe6b5ac},
    {0x1cfe, 0xe6b5ad},
    {0x913, 0xe6b5ae},
    {0x1cff, 0xe6b5af},
    {0x1d09, 0xe6b5b0},
    {0x40f5, 0xe6b5b1},
    {0x39d7, 0xe6b5b2},
    {0x915, 0xe6b5b4},
    {0x1d18, 0xe6b5b5},
    {0x1cf8, 0xe6b5b6},
    {0x90e, 0xe6b5b7},
    {0x90d, 0xe6b5b8},
    {0x919, 0xe6b5b9},
    {0x1cf5, 0xe6b5ba},
    {0x1d16, 0xe6b5bb},
    {0x1d0a, 0xe6b5bc},
    {0x1d17, 0xe6b5bd},
    {0x1d11, 0xe6b5be},
    {0x1d03, 0xe6b5bf},
    {0x1d12, 0xe6b680},
    {0x4674, 0xe6b681},
    {0x1d0c, 0xe6b682},
    {0x1d15, 0xe6b683},
    {0x1d13, 0xe6b684},
    {0x91a, 0xe6b685},
    {0x1d04, 0xe6b686},
    {0x90b, 0xe6b687},
    {0x90a, 0xe6b688},
    {0x912, 0xe6b689},
    {0x918, 0xe6b68a},
    {0x1d10, 0xe6b68b},
    {0x917, 0xe6b68c},
    {0x1d01, 0xe6b68d},
    {0xaec, 0xe6b68e},
    {0x3de8, 0xe6b68f},
    {0x1d19, 0xe6b690},
    {0x1d00, 0xe6b691},
    {0x1cfb, 0xe6b692},
    {0x910, 0xe6b693},
    {0x91c, 0xe6b694},
    {0x909, 0xe6b695},
    {0x4221, 0xe6b696},
    {0x1d08, 0xe6b697},
    {0x1d0d, 0xe6b698},
    {0x4add, 0xe6b69a},
    {0x4676, 0xe6b6a4},
    {0x3ab9, 0xe6b6a5},
    {0xb0e, 0xe6b6aa},
    {0x1f46, 0xe6b6ab},
    {0x1f4a, 0xe6b6ac},
    {0xafb, 0xe6b6ae},
    {0xaf9, 0xe6b6af},
    {0x4677, 0xe6b6b1},
    {0xaf0, 0xe6b6b2},
    {0x1f48, 0xe6b6b3},
    {0x1f47, 0xe6b6b4},
    {0xb04, 0xe6b6b5},
    {0x1f4d, 0xe6b6b7},
    {0xafe, 0xe6b6b8},
    {0x3ffb, 0xe6b6b9},
    {0x1f5f, 0xe6b6ba},
    {0x1f6b, 0xe6b6bb},
    {0xaed, 0xe6b6bc},
    {0x1f5c, 0xe6b6bd},
    {0x1f55, 0xe6b6be},
    {0xb10, 0xe6b6bf},
    {0x1f45, 0xe6b780},
    {0x1f61, 0xe6b782},
    {0xb0d, 0xe6b784},
    {0xb01, 0xe6b785},
    {0xb0c, 0xe6b786},
    {0xaf7, 0xe6b787},
    {0x1f51, 0xe6b788},
    {0x1f63, 0xe6b789},
    {0x1f5b, 0xe6b78a},
    {0xaf8, 0xe6b78b},
    {0xaf2, 0xe6b78c},
    {0x1f69, 0xe6b78d},
    {0x1f62, 0xe6b78f},
    {0x1f64, 0xe6b790},
    {0xafa, 0xe6b791},
    {0xb02, 0xe6b792},
    {0x1f66, 0xe6b793},
    {0x1f4f, 0xe6b794},
    {0x1f60, 0xe6b795},
    {0x1f54, 0xe6b796},
    {0x1f68, 0xe6b797},
    {0xb07, 0xe6b798},
    {0xaef, 0xe6b799},
    {0xb05, 0xe6b79a},
    {0x1f59, 0xe6b79b},
    {0xafc, 0xe6b79e},
    {0x1f53, 0xe6b79f},
    {0x1f52, 0xe6b7a0},
    {0xaf1, 0xe6b7a1},
    {0x1f4c, 0xe6b7a2},
    {0x1f6a, 0xe6b7a3},
    {0xaf3, 0xe6b7a4},
    {0x1f56, 0xe6b7a5},
    {0xb11, 0xe6b7a6},
    {0xb0b, 0xe6b7a8},
    {0x1f4b, 0xe6b7a9},
    {0xb08, 0xe6b7aa},
    {0xb06, 0xe6b7ab},
    {0xb0f, 0xe6b7ac},
    {0x1f5d, 0xe6b7ad},
    {0xb0a, 0xe6b7ae},
    {0x1d02, 0xe6b7af},
    {0x1f5e, 0xe6b7b0},
    {0xb09, 0xe6b7b1},
    {0x1f65, 0xe6b7b2},
    {0xaee, 0xe6b7b3},
    {0x1f5a, 0xe6b7b4},
    {0xb00, 0xe6b7b5},
    {0x1f4e, 0xe6b7b6},
    {0xaff, 0xe6b7b7},
    {0xafd, 0xe6b7b9},
    {0xaf5, 0xe6b7ba},
    {0xaf4, 0xe6b7bb},
    {0x21bf, 0xe6b7bc},
    {0x1f67, 0xe6b7bd},
    {0x49a2, 0xe6b7be},
    {0x1f50, 0xe6b880},
    {0x3cfa, 0xe6b882},
    {0x21d4, 0xe6b883},
    {0x3abe, 0xe6b884},
    {0xaf6, 0xe6b885},
    {0x3ac1, 0xe6b88a},
    {0x3cf0, 0xe6b88f},
    {0x4678, 0xe6b895},
    {0x4679, 0xe6b898},
    {0xcc1, 0xe6b899},
    {0xb03, 0xe6b89a},
    {0xcaf, 0xe6b89b},
    {0x21ce, 0xe6b89c},
    {0xcbd, 0xe6b89d},
    {0x21c2, 0xe6b89f},
    {0xcac, 0xe6b8a0},
    {0xca8, 0xe6b8a1},
    {0x21e0, 0xe6b8a2},
    {0xcae, 0xe6b8a3},
    {0xcb2, 0xe6b8a4},
    {0xcad, 0xe6b8a5},
    {0xcb6, 0xe6b8a6},
    {0x21e4, 0xe6b8a7},
    {0x21db, 0xe6b8a8},
    {0x467a, 0xe6b8a9},
    {0x4302, 0xe6b8aa},
    {0x21c9, 0xe6b8ab},
    {0xcbb, 0xe6b8ac},
    {0xcb5, 0xe6b8ad},
    {0x21d5, 0xe6b8ae},
    {0xca5, 0xe6b8af},
    {0x21e1, 0xe6b8b0},
    {0x21da, 0xe6b8b1},
    {0xca9, 0xe6b8b2},
    {0x21cf, 0xe6b8b3},
    {0xcb8, 0xe6b8b4},
    {0xca6, 0xe6b8b8},
    {0x21df, 0xe6b8b9},
    {0xcba, 0xe6b8ba},
    {0x21d3, 0xe6b8bb},
    {0xcbe, 0xe6b8be},
    {0x21ca, 0xe6b8bf},
    {0x21d1, 0xe6b980},
    {0x21cb, 0xe6b981},
    {0xcbc, 0xe6b983},
    {0xcc4, 0xe6b984},
    {0x21c7, 0xe6b985},
    {0x21c3, 0xe6b989},
    {0xcab, 0xe6b98a},
    {0x21d0, 0xe6b98b},
    {0xcb9, 0xe6b98d},
    {0xcc2, 0xe6b98e},
    {0x4234, 0xe6b98f},
    {0x41d1, 0xe6b990},
    {0x21d2, 0xe6b991},
    {0x21ea, 0xe6b992},
    {0x21e2, 0xe6b993},
    {0xca7, 0xe6b994},
    {0x21e8, 0xe6b995},
    {0xcb3, 0xe6b996},
    {0x4a50, 0xe6b997},
    {0xcb1, 0xe6b998},
    {0x40e6, 0xe6b999},
    {0x21ee, 0xe6b99a},
    {0xcb0, 0xe6b99b},
    {0x21d8, 0xe6b99c},
    {0x21cc, 0xe6b99d},
    {0x21d6, 0xe6b99e},
    {0xcc7, 0xe6b99f},
    {0x21dc, 0xe6b9a0},
    {0x21d9, 0xe6b9a1},
    {0x21c8, 0xe6b9a2},
    {0xcc3, 0xe6b9a3},
    {0x21e6, 0xe6b9a4},
    {0x21e3, 0xe6b9a5},
    {0x21eb, 0xe6b9a6},
    {0xcaa, 0xe6b9a7},
    {0x21d7, 0xe6b9a8},
    {0xcc6, 0xe6b9a9},
    {0x21de, 0xe6b9ab},
    {0xcb4, 0xe6b9ae},
    {0xcb7, 0xe6b9af},
    {0x21dd, 0xe6b9b1},
    {0xcc5, 0xe6b9b2},
    {0x21cd, 0xe6b9b3},
    {0x1f49, 0xe6b9b4},
    {0x39d3, 0xe6b9b6},
    {0x21e7, 0xe6b9b7},
    {0x21e5, 0xe6b9b8},
    {0x21e9, 0xe6b9b9},
    {0x4223, 0xe6b9bc},
    {0x467b, 0xe6ba86},
    {0x21c4, 0xe6ba88},
    {0xcc0, 0xe6ba89},
    {0x3bbf, 0xe6ba8b},
    {0x246c, 0xe6ba8d},
    {0x246b, 0xe6ba8e},
    {0x2451, 0xe6ba8f},
    {0xe55, 0xe6ba90},
    {0x246a, 0xe6ba92},
    {0xe5f, 0xe6ba96},
    {0x2473, 0xe6ba97},
    {0xe5a, 0xe6ba98},
    {0x2469, 0xe6ba99},
    {0x4581, 0xe6ba9a},
    {0x244e, 0xe6ba9b},
    {0xe60, 0xe6ba9c},
    {0xe56, 0xe6ba9d},
    {0x245d, 0xe6ba9e},
    {0x2453, 0xe6ba9f},
    {0x2456, 0xe6baa0},
    {0x246e, 0xe6baa1},
    {0xe50, 0xe6baa2},
    {0x2475, 0xe6baa3},
    {0x246d, 0xe6baa4},
    {0xe59, 0xe6baa5},
    {0x2462, 0xe6baa6},
    {0xe64, 0xe6baa7},
    {0xe63, 0xe6baaa},
    {0xe5d, 0xe6baab},
    {0x2474, 0xe6baae},
    {0xe51, 0xe6baaf},
    {0x2460, 0xe6bab0},
    {0x2457, 0xe6bab1},
    {0x2464, 0xe6bab2},
    {0x2470, 0xe6bab3},
    {0xe65, 0xe6bab4},
    {0x41fe, 0xe6bab5},
    {0xe53, 0xe6bab6},
    {0x245f, 0xe6bab7},
    {0x3e0c, 0xe6bab8},
    {0x2458, 0xe6bab9},
    {0xe5c, 0xe6baba},
    {0x467d, 0xe6babb},
    {0xe5b, 0xe6babc},
    {0x245b, 0xe6babd},
    {0x2465, 0xe6babe},
    {0x246f, 0xe6babf},
    {0x2452, 0xe6bb80},
    {0x245c, 0xe6bb81},
    {0xe54, 0xe6bb82},
    {0x2466, 0xe6bb83},
    {0xe61, 0xe6bb84},
    {0xe58, 0xe6bb85},
    {0x2459, 0xe6bb86},
    {0xe57, 0xe6bb87},
    {0x2450, 0xe6bb88},
    {0x245e, 0xe6bb89},
    {0x2472, 0xe6bb8a},
    {0xcbf, 0xe6bb8b},
    {0x101f, 0xe6bb8c},
    {0x2461, 0xe6bb8d},
    {0x26eb, 0xe6bb8e},
    {0x2463, 0xe6bb8f},
    {0x2471, 0xe6bb90},
    {0xe5e, 0xe6bb91},
    {0x245a, 0xe6bb92},
    {0xe52, 0xe6bb93},
    {0xe62, 0xe6bb94},
    {0x119a, 0xe6bb95},
    {0x244f, 0xe6bb96},
    {0x2468, 0xe6bb98},
    {0x4069, 0xe6bb99},
    {0x467f, 0xe6bb9a},
    {0x402f, 0xe6bb9b},
    {0x2467, 0xe6bb9c},
    {0x4538, 0xe6bb9d},
    {0x467e, 0xe6bba2},
    {0x2707, 0xe6bbab},
    {0x101c, 0xe6bbac},
    {0x26fc, 0xe6bbad},
    {0x2701, 0xe6bbae},
    {0x1011, 0xe6bbaf},
    {0x26ed, 0xe6bbb1},
    {0x101e, 0xe6bbb2},
    {0x1008, 0xe6bbb4},
    {0x26ec, 0xe6bbb5},
    {0x270d, 0xe6bbb6},
    {0x1020, 0xe6bbb7},
    {0x26f0, 0xe6bbb8},
    {0x2700, 0xe6bbb9},
    {0x423b, 0xe6bbba},
    {0x26f2, 0xe6bbbb},
    {0x2710, 0xe6bbbc},
    {0x270c, 0xe6bbbd},
    {0x1006, 0xe6bbbe},
    {0x1010, 0xe6bbbf},
    {0x2946, 0xe6bc80},
    {0x101d, 0xe6bc81},
    {0x100e, 0xe6bc82},
    {0x26ee, 0xe6bc83},
    {0x4224, 0xe6bc84},
    {0x270b, 0xe6bc85},
    {0x1012, 0xe6bc86},
    {0x2708, 0xe6bc87},
    {0x2715, 0xe6bc88},
    {0x26f4, 0xe6bc89},
    {0x26fd, 0xe6bc8a},
    {0x3aba, 0xe6bc8b},
    {0x3cfb, 0xe6bc8c},
    {0x2713, 0xe6bc8d},
    {0x2709, 0xe6bc8e},
    {0x100d, 0xe6bc8f},
    {0x26fb, 0xe6bc92},
    {0x1007, 0xe6bc93},
    {0x1005, 0xe6bc94},
    {0x1017, 0xe6bc95},
    {0x41a0, 0xe6bc96},
    {0x46ce, 0xe6bc97},
    {0x26f9, 0xe6bc98},
    {0x270f, 0xe6bc9c},
    {0x2714, 0xe6bc9e},
    {0x2712, 0xe6bc9f},
    {0x100b, 0xe6bca0},
    {0x2716, 0xe6bca1},
    {0x100f, 0xe6bca2},
    {0x1016, 0xe6bca3},
    {0x4683, 0xe6bca4},
    {0x26ef, 0xe6bca5},
    {0x292e, 0xe6bca6},
    {0x26f8, 0xe6bca7},
    {0x1009, 0xe6bca9},
    {0x101b, 0xe6bcaa},
    {0x1018, 0xe6bcab},
    {0x100c, 0xe6bcac},
    {0x2702, 0xe6bcad},
    {0x26f3, 0xe6bcae},
    {0x1019, 0xe6bcaf},
    {0x2704, 0xe6bcb0},
    {0x1013, 0xe6bcb1},
    {0x1015, 0xe6bcb2},
    {0x1004, 0xe6bcb3},
    {0x4684, 0xe6bcb4},
    {0x2706, 0xe6bcb5},
    {0x26fe, 0xe6bcb6},
    {0x26f1, 0xe6bcb7},
    {0x1014, 0xe6bcb8},
    {0x270e, 0xe6bcb9},
    {0x2711, 0xe6bcba},
    {0x26fa, 0xe6bcbb},
    {0x2705, 0xe6bcbc},
    {0x4282, 0xe6bcbd},
    {0x100a, 0xe6bcbe},
    {0x1189, 0xe6bcbf},
    {0x2703, 0xe6bd80},
    {0x292d, 0xe6bd81},
    {0x270a, 0xe6bd83},
    {0x4240, 0xe6bd84},
    {0x26f5, 0xe6bd8e},
    {0x2937, 0xe6bd8f},
    {0x2941, 0xe6bd90},
    {0x118c, 0xe6bd91},
    {0x2940, 0xe6bd92},
    {0x294c, 0xe6bd93},
    {0x118e, 0xe6bd94},
    {0x293e, 0xe6bd95},
    {0x3e52, 0xe6bd96},
    {0x2942, 0xe6bd97},
    {0x1199, 0xe6bd98},
    {0x2939, 0xe6bd9a},
    {0x1191, 0xe6bd9b},
    {0x4241, 0xe6bd9c},
    {0x2945, 0xe6bd9d},
    {0x2b9a, 0xe6bd9e},
    {0x119d, 0xe6bd9f},
    {0x119c, 0xe6bda0},
    {0x2947, 0xe6bda1},
    {0x2936, 0xe6bda2},
    {0x2951, 0xe6bda3},
    {0x1197, 0xe6bda4},
    {0x118d, 0xe6bda6},
    {0x294a, 0xe6bda7},
    {0x294e, 0xe6bda9},
    {0x2953, 0xe6bdaa},
    {0x2948, 0xe6bdab},
    {0x293c, 0xe6bdac},
    {0x1190, 0xe6bdad},
    {0x1193, 0xe6bdae},
    {0x119b, 0xe6bdaf},
    {0x1196, 0xe6bdb0},
    {0x293f, 0xe6bdb2},
    {0x26ff, 0xe6bdb3},
    {0x4243, 0xe6bdb4},
    {0x293b, 0xe6bdb6},
    {0x2952, 0xe6bdb7},
    {0x1192, 0xe6bdb8},
    {0x3bbe, 0xe6bdb9},
    {0x1195, 0xe6bdba},
    {0x2954, 0xe6bdbb},
    {0x118a, 0xe6bdbc},
    {0x2949, 0xe6bdbd},
    {0x292f, 0xe6bdbe},
    {0x294f, 0xe6bdbf},
    {0x13fc, 0xe6be80},
    {0x4687, 0xe6be81},
    {0x293d, 0xe6be82},
    {0x118b, 0xe6be84},
    {0x2938, 0xe6be85},
    {0x118f, 0xe6be86},
    {0x2930, 0xe6be87},
    {0x101a, 0xe6be88},
    {0x2934, 0xe6be89},
    {0x4195, 0xe6be8a},
    {0x294d, 0xe6be8b},
    {0x2935, 0xe6be8c},
    {0x2933, 0xe6be8d},
    {0x1194, 0xe6be8e},
    {0x294b, 0xe6be90},
    {0x2932, 0xe6be92},
    {0x2944, 0xe6be93},
    {0x2943, 0xe6be94},
    {0x2950, 0xe6be95},
    {0x293a, 0xe6be96},
    {0x1198, 0xe6be97},
    {0x4239, 0xe6be9d},
    {0x2b9d, 0xe6be9e},
    {0x4246, 0xe6be9f},
    {0x12eb, 0xe6bea0},
    {0x12e1, 0xe6bea1},
    {0x2ba9, 0xe6bea2},
    {0x2b95, 0xe6bea3},
    {0x12e3, 0xe6bea4},
    {0x2ba1, 0xe6bea5},
    {0x12ea, 0xe6bea6},
    {0x12e5, 0xe6bea7},
    {0x2b9f, 0xe6bea8},
    {0x2d8e, 0xe6bea9},
    {0x2ba5, 0xe6beaa},
    {0x2bab, 0xe6beab},
    {0x2ba4, 0xe6beac},
    {0x2b93, 0xe6bead},
    {0x2ba2, 0xe6beae},
    {0x2bad, 0xe6beaf},
    {0x2baf, 0xe6beb0},
    {0x12e0, 0xe6beb1},
    {0x2bae, 0xe6beb2},
    {0x12e6, 0xe6beb3},
    {0x12ec, 0xe6beb4},
    {0x3e27, 0xe6beb5},
    {0x12e9, 0xe6beb6},
    {0x2ba8, 0xe6beb8},
    {0x12e8, 0xe6beb9},
    {0x2ba3, 0xe6beba},
    {0x3bbb, 0xe6bebb},
    {0x2b97, 0xe6bebc},
    {0x2b9c, 0xe6bebd},
    {0x4688, 0xe6bebe},
    {0x2ba7, 0xe6bebf},
    {0x12e7, 0xe6bf80},
    {0x12e4, 0xe6bf81},
    {0x12df, 0xe6bf82},
    {0x12e2, 0xe6bf83},
    {0x2b9b, 0xe6bf84},
    {0x2931, 0xe6bf86},
    {0x2b96, 0xe6bf87},
    {0x2b99, 0xe6bf88},
    {0x2baa, 0xe6bf89},
    {0x2b9e, 0xe6bf8a},
    {0x2b94, 0xe6bf8b},
    {0x2d8d, 0xe6bf8c},
    {0x2bac, 0xe6bf8d},
    {0x2b98, 0xe6bf8e},
    {0x2ba6, 0xe6bf8f},
    {0x4248, 0xe6bf93},
    {0x2d90, 0xe6bf94},
    {0x1400, 0xe6bf95},
    {0x13f4, 0xe6bf98},
    {0x3c74, 0xe6bf99},
    {0x3c73, 0xe6bf9a},
    {0x13f8, 0xe6bf9b},
    {0x2d92, 0xe6bf9c},
    {0x2d98, 0xe6bf9d},
    {0x2d96, 0xe6bf9e},
    {0x13fe, 0xe6bfa1},
    {0x2d99, 0xe6bfa2},
    {0x2d91, 0xe6bfa3},
    {0x13f9, 0xe6bfa4},
    {0x2d95, 0xe6bfa6},
    {0x2d94, 0xe6bfa7},
    {0x2d9a, 0xe6bfa8},
    {0x13ff, 0xe6bfa9},
    {0x13fa, 0xe6bfab},
    {0x13fd, 0xe6bfac},
    {0x2d93, 0xe6bfad},
    {0x1401, 0xe6bfae},
    {0x13fb, 0xe6bfaf},
    {0x1402, 0xe6bfb0},
    {0x13f5, 0xe6bfb1},
    {0x2d97, 0xe6bfb2},
    {0x2d8f, 0xe6bfb4},
    {0x38a5, 0xe6bfb6},
    {0x2f4e, 0xe6bfb7},
    {0x4237, 0xe6bfb8},
    {0x14eb, 0xe6bfba},
    {0x2f4b, 0xe6bfbb},
    {0x2f4d, 0xe6bfbc},
    {0x14e9, 0xe6bfbe},
    {0x2f49, 0xe6bfbf},
    {0x2f4a, 0xe78080},
    {0x2f45, 0xe78081},
    {0x46e2, 0xe78083},
    {0x2ba0, 0xe78084},
    {0x2f46, 0xe78085},
    {0x14ea, 0xe78086},
    {0x2f42, 0xe78087},
    {0x14e7, 0xe78089},
    {0x2f4f, 0xe7808a},
    {0x14e8, 0xe7808b},
    {0x2f48, 0xe7808e},
    {0x14ed, 0xe7808f},
    {0x14ec, 0xe78091},
    {0x2f47, 0xe78094},
    {0x158f, 0xe78095},
    {0x30ad, 0xe78096},
    {0x30b3, 0xe78097},
    {0x1590, 0xe78098},
    {0x30aa, 0xe78099},
    {0x158d, 0xe7809a},
    {0x158a, 0xe7809b},
    {0x30b5, 0xe7809c},
    {0x158e, 0xe7809d},
    {0x3c76, 0xe7809e},
    {0x158b, 0xe7809f},
    {0x30ac, 0xe780a0},
    {0x30b4, 0xe780a4},
    {0x2f4c, 0xe780a6},
    {0x30ab, 0xe780a7},
    {0x158c, 0xe780a8},
    {0x30b2, 0xe780a9},
    {0x31ef, 0xe780aa},
    {0x30ae, 0xe780ab},
    {0x468e, 0xe780ac},
    {0x31e6, 0xe780af},
    {0x161d, 0xe780b0},
    {0x31e9, 0xe780b1},
    {0x161e, 0xe780b2},
    {0x31f2, 0xe780b3},
    {0x31e8, 0xe780b4},
    {0x31e5, 0xe780b5},
    {0x31e7, 0xe780b7},
    {0x31eb, 0xe780b8},
    {0x31ee, 0xe780b9},
    {0x31ed, 0xe780ba},
    {0x31f1, 0xe780bb},
    {0x31e4, 0xe780bc},
    {0x161c, 0xe780be},
    {0x31ec, 0xe780bf},
    {0x31f0, 0xe78180},
    {0x31f3, 0xe78181},
    {0x31ea, 0xe78182},
    {0x32da, 0xe7818a},
    {0x4254, 0xe7818b},
    {0x167a, 0xe7818c},
    {0x49c7, 0xe7818d},
    {0x4690, 0xe78190},
    {0x16c8, 0xe78191},
    {0x338c, 0xe78192},
    {0x4691, 0xe78194},
    {0x16c9, 0xe78198},
    {0x3423, 0xe7819a},
    {0x3422, 0xe7819b},
    {0x3852, 0xe7819c},
    {0x348a, 0xe7819d},
    {0x1722, 0xe7819e},
    {0x3488, 0xe7819f},
    {0x348b, 0xe781a0},
    {0x3489, 0xe781a1},
    {0x34d0, 0xe781a2},
    {0x1744, 0xe781a3},
    {0x1752, 0xe781a4},
    {0x351c, 0xe781a5},
    {0x3506, 0xe781a6},
    {0x3cf5, 0xe781a7},
    {0x351b, 0xe781a8},
    {0x2e6, 0xe781ab},
    {0x44f1, 0xe781ac},
    {0x4ad2, 0xe781ae},
    {0x4692, 0xe781af},
    {0x3f2, 0xe781b0},
    {0x180a, 0xe781b1},
    {0x18c3, 0xe781b4},
    {0x38c7, 0xe781b5},
    {0x4e6, 0xe781b6},
    {0x49a8, 0xe781b7},
    {0x4e9, 0xe781b8},
    {0x4099, 0xe781b9},
    {0x18c4, 0xe781ba},
    {0x4255, 0xe781be},
    {0x4693, 0xe781bf},
    {0x4959, 0xe78281},
    {0x19f7, 0xe78282},
    {0x19f9, 0xe78283},
    {0x19f4, 0xe78284},
    {0x19f1, 0xe78285},
    {0x19f3, 0xe78286},
    {0x43f9, 0xe78289},
    {0x643, 0xe7828a},
    {0x40cb, 0xe7828b},
    {0x641, 0xe7828e},
    {0x46b3, 0xe7828f},
    {0x19f5, 0xe78291},
    {0x642, 0xe78292},
    {0x19f2, 0xe78293},
    {0x19ef, 0xe78294},
    {0x640, 0xe78295},
    {0x19f6, 0xe78296},
    {0x19f0, 0xe78298},
    {0x644, 0xe78299},
    {0x19f8, 0xe7829a},
    {0x1b66, 0xe7829f},
    {0x4742, 0xe782a0},
    {0x1b6a, 0xe782a1},
    {0x3972, 0xe782a3},
    {0x790, 0xe782a4},
    {0x3cb7, 0xe782a5},
    {0x46d0, 0xe782a6},
    {0x4256, 0xe782a7},
    {0x1b6d, 0xe782a9},
    {0x788, 0xe782ab},
    {0x78b, 0xe782ac},
    {0x78d, 0xe782ad},
    {0x78f, 0xe782ae},
    {0x78c, 0xe782af},
    {0x1b69, 0xe782b0},
    {0x1b68, 0xe782b1},
    {0x78a, 0xe782b3},
    {0x1b65, 0xe782b7},
    {0x78e, 0xe782b8},
    {0x3d69, 0xe782b9},
    {0x789, 0xe782ba},
    {0x4812, 0xe782bb},
    {0x4559, 0xe782bc},
    {0x4270, 0xe782bd},
    {0x1b67, 0xe782be},
    {0x4733, 0xe78380},
    {0x3baa, 0xe78384},
    {0x921, 0xe78388},
    {0x91d, 0xe7838a},
    {0x1d1e, 0xe7838b},
    {0x4258, 0xe7838c},
    {0x1d26, 0xe7838d},
    {0x1d2b, 0xe7838e},
    {0x922, 0xe7838f},
    {0x396d, 0xe78390},
    {0x1d1c, 0xe78391},
    {0x1d22, 0xe78392},
    {0x1d1b, 0xe78393},
    {0x1d25, 0xe78394},
    {0x1d21, 0xe78397},
    {0x91e, 0xe78398},
    {0x920, 0xe78399},
    {0x1d2a, 0xe7839a},
    {0x1d1a, 0xe7839c},
    {0x1d1d, 0xe7839d},
    {0x1d23, 0xe7839e},
    {0x425b, 0xe7839f},
    {0x1d24, 0xe783a0},
    {0x1d2c, 0xe783a1},
    {0x1d20, 0xe783a2},
    {0x91f, 0xe783a4},
    {0xb16, 0xe783af},
    {0x1f72, 0xe783b0},
    {0x3ac8, 0xe783b1},
    {0x1f74, 0xe783b3},
    {0x1f70, 0xe783b4},
    {0x4760, 0xe783b5},
    {0x1f7c, 0xe783b6},
    {0x1f6e, 0xe783b7},
    {0x1f7b, 0xe783b8},
    {0xb12, 0xe783b9},
    {0x1f6c, 0xe783ba},
    {0x21f2, 0xe783bb},
    {0x1f76, 0xe783bc},
    {0xb15, 0xe783bd},
    {0x3d0e, 0xe783be},
    {0x1f77, 0xe783bf},
    {0x1f7a, 0xe78480},
    {0x1f7e, 0xe78482},
    {0x1f73, 0xe78484},
    {0x3a23, 0xe78485},
    {0x1f78, 0xe78486},
    {0x1f7d, 0xe7848b},
    {0x1f71, 0xe7848c},
    {0x1f6d, 0xe7848d},
    {0x1f7f, 0xe7848e},
    {0x1f75, 0xe78490},
    {0x1f79, 0xe78493},
    {0x1f6f, 0xe78497},
    {0x21fc, 0xe7849b},
    {0xccf, 0xe7849c},
    {0x3d47, 0xe7849d},
    {0x21f0, 0xe7849e},
    {0x21f9, 0xe7849f},
    {0x21ef, 0xe784a0},
    {0xccc, 0xe784a1},
    {0x21f7, 0xe784a2},
    {0x21f5, 0xe784a3},
    {0x21f6, 0xe784a5},
    {0xcca, 0xe784a6},
    {0x21fa, 0xe784a8},
    {0x3ba9, 0xe784a9},
    {0x4261, 0xe784ab},
    {0x426a, 0xe784ac},
    {0x21f3, 0xe784ae},
    {0x21f1, 0xe784af},
    {0xccb, 0xe784b0},
    {0x21f4, 0xe784b1},
    {0x21f8, 0xe784b2},
    {0x3d54, 0xe784b3},
    {0x3c7e, 0xe784b4},
    {0x376d, 0xe784b5},
    {0xccd, 0xe784b6},
    {0x21fb, 0xe784ba},
    {0x3ac5, 0xe784bb},
    {0x372e, 0xe784be},
    {0x4398, 0xe78580},
    {0x247b, 0xe78581},
    {0x2482, 0xe78582},
    {0x2484, 0xe78583},
    {0x248a, 0xe78584},
    {0x4262, 0xe78585},
    {0xe72, 0xe78586},
    {0x2476, 0xe78587},
    {0xe6a, 0xe78589},
    {0x4264, 0xe7858a},
    {0x2485, 0xe7858b},
    {0xe6f, 0xe7858c},
    {0x248b, 0xe7858d},
    {0xe66, 0xe7858e},
    {0x4267, 0xe7858f},
    {0x2488, 0xe78590},
    {0x4865, 0xe78591},
    {0x2478, 0xe78592},
    {0x2489, 0xe78593},
    {0x2477, 0xe78594},
    {0xe74, 0xe78596},
    {0x4a60, 0xe78597},
    {0x2483, 0xe78598},
    {0xe67, 0xe78599},
    {0x248c, 0xe7859a},
    {0xe6c, 0xe7859c},
    {0x247c, 0xe7859d},
    {0xe71, 0xe7859e},
    {0x2487, 0xe7859f},
    {0x247a, 0xe785a0},
    {0x2481, 0xe785a1},
    {0x247d, 0xe785a2},
    {0x2479, 0xe785a3},
    {0xe69, 0xe785a4},
    {0xe70, 0xe785a5},
    {0xe6e, 0xe785a6},
    {0xe6b, 0xe785a7},
    {0xe73, 0xe785a8},
    {0xe68, 0xe785a9},
    {0x2480, 0xe785aa},
    {0x3cc5, 0xe785ab},
    {0xe6d, 0xe785ac},
    {0xcce, 0xe785ae},
    {0x2486, 0xe785b0},
    {0x3dc0, 0xe785b1},
    {0x247e, 0xe785b2},
    {0x47e7, 0xe785b3},
    {0x4ade, 0xe785b4},
    {0x3ced, 0xe785b5},
    {0x4000, 0xe785b6},
    {0x3957, 0xe785b7},
    {0x247f, 0xe785b8},
    {0x4924, 0xe785ba},
    {0x271e, 0xe785bb},
    {0x3835, 0xe785bc},
    {0x1023, 0xe785bd},
    {0x3970, 0xe785be},
    {0x271a, 0xe78680},
    {0x2720, 0xe78681},
    {0x271c, 0xe78682},
    {0x1025, 0xe78684},
    {0x271b, 0xe78685},
    {0x271f, 0xe78686},
    {0x2717, 0xe78687},
    {0x4706, 0xe78688},
    {0x2719, 0xe78689},
    {0x1024, 0xe7868a},
    {0x39ea, 0xe7868c},
    {0x3d3b, 0xe7868e},
    {0x271d, 0xe7868f},
    {0x2718, 0xe78690},
    {0x49b2, 0xe78691},
    {0x1026, 0xe78692},
    {0x1021, 0xe78694},
    {0x425f, 0xe78696},
    {0x2721, 0xe78697},
    {0x481d, 0xe78698},
    {0x1022, 0xe78699},
    {0x295a, 0xe7869a},
    {0x2957, 0xe7869b},
    {0x2963, 0xe7869c},
    {0x295d, 0xe7869d},
    {0x295f, 0xe7869e},
    {0x119e, 0xe7869f},
    {0x2959, 0xe786a0},
    {0x2961, 0xe786a1},
    {0x48c1, 0xe786a2},
    {0x3ec8, 0xe786a3},
    {0x2960, 0xe786a4},
    {0x295e, 0xe786a5},
    {0x2964, 0xe786a7},
    {0x11a1, 0xe786a8},
    {0x295b, 0xe786a9},
    {0x2962, 0xe786aa},
    {0x119f, 0xe786ac},
    {0x3e1d, 0xe786ad},
    {0x2956, 0xe786af},
    {0x2958, 0xe786b0},
    {0x11a0, 0xe786b1},
    {0x2955, 0xe786b2},
    {0x2965, 0xe786b3},
    {0x425e, 0xe786b4},
    {0x295c, 0xe786b5},
    {0x468b, 0xe786b7},
    {0x2bb3, 0xe786b8},
    {0x12f3, 0xe786b9},
    {0x426e, 0xe786ba},
    {0x2bbe, 0xe786bc},
    {0x2bbc, 0xe786bd},
    {0x12ed, 0xe786be},
    {0x2bb2, 0xe786bf},
    {0x2bb1, 0xe78782},
    {0x2bb0, 0xe78785},
    {0x2bbf, 0xe78786},
    {0x2bba, 0xe78787},
    {0x12f1, 0xe78788},
    {0x12ee, 0xe78789},
    {0x2bb9, 0xe7878a},
    {0x2bb7, 0xe7878b},
    {0x12f4, 0xe7878e},
    {0x2bbb, 0xe7878f},
    {0x12ef, 0xe78790},
    {0x373d, 0xe78791},
    {0x12f0, 0xe78792},
    {0x2bb8, 0xe78794},
    {0x12f2, 0xe78795},
    {0x2bb4, 0xe78796},
    {0x2bbd, 0xe78798},
    {0x12f5, 0xe78799},
    {0x12f6, 0xe7879c},
    {0x4078, 0xe7879d},
    {0x1404, 0xe7879f},
    {0x140b, 0xe787a0},
    {0x2d9b, 0xe787a1},
    {0x2da1, 0xe787a2},
    {0x2d9f, 0xe787a4},
    {0x1407, 0xe787a5},
    {0x1406, 0xe787a6},
    {0x1403, 0xe787a7},
    {0x2d9d, 0xe787a8},
    {0x3c81, 0xe787ab},
    {0x1409, 0xe787ac},
    {0x1408, 0xe787ad},
    {0x1405, 0xe787ae},
    {0x2da0, 0xe787b0},
    {0x2d9c, 0xe787b1},
    {0x2d9e, 0xe787b2},
    {0x140a, 0xe787b4},
    {0x46ee, 0xe787b5},
    {0x3e9a, 0xe787b6},
    {0x14f1, 0xe787b8},
    {0x2f52, 0xe787b9},
    {0x2f54, 0xe787bd},
    {0x14f0, 0xe787be},
    {0x2f51, 0xe787bf},
    {0x49e4, 0xe78880},
    {0x2f50, 0xe78881},
    {0x30b9, 0xe78882},
    {0x2f53, 0xe78883},
    {0x30ba, 0xe78885},
    {0x1591, 0xe78886},
    {0x30b8, 0xe78887},
    {0x3dbb, 0xe78889},
    {0x30b7, 0xe7888a},
    {0x30b6, 0xe7888c},
    {0x1592, 0xe7888d},
    {0x4271, 0xe7888e},
    {0x39fc, 0xe7888f},
    {0x161f, 0xe78890},
    {0x4273, 0xe78895},
    {0x3953, 0xe78896},
    {0x3969, 0xe78897},
    {0x32e1, 0xe78899},
    {0x32e0, 0xe7889a},
    {0x167b, 0xe7889b},
    {0x32df, 0xe7889d},
    {0x3424, 0xe788a2},
    {0x348c, 0xe788a3},
    {0x4276, 0xe788a4},
    {0x4a34, 0xe788a5},
    {0x34d1, 0xe788a6},
    {0x3535, 0xe788a7},
    {0x1766, 0xe788a8},
    {0x3549, 0xe788a9},
    {0x2e7, 0xe788aa},
    {0x44f2, 0xe788ab},
    {0x4279, 0xe788ae},
    {0x791, 0xe788b0},
    {0x140c, 0xe788b5},
    {0x2e8, 0xe788b6},
    {0x647, 0xe788b8},
    {0x923, 0xe788b9},
    {0xe75, 0xe788ba},
    {0x2e9, 0xe788bb},
    {0xb17, 0xe788bd},
    {0x1027, 0xe788be},
    {0x178d, 0xe788bf},
    {0x427a, 0xe78980},
    {0x1b6e, 0xe78981},
    {0x1d2d, 0xe78982},
    {0x2722, 0xe78984},
    {0x140d, 0xe78986},
    {0x2ea, 0xe78987},
    {0x648, 0xe78988},
    {0x21fd, 0xe7898b},
    {0xcd0, 0xe7898c},
    {0x248d, 0xe7898f},
    {0x3ac9, 0xe78990},
    {0xe76, 0xe78992},
    {0x2723, 0xe78993},
    {0x427d, 0xe78995},
    {0x11a2, 0xe78996},
    {0x427e, 0xe78997},
    {0x1593, 0xe78998},
    {0x2eb, 0xe78999},
    {0x21fe, 0xe7899a},
    {0x2ec, 0xe7899b},
    {0x465a, 0xe7899c},
    {0x3f4, 0xe7899d},
    {0x180b, 0xe7899e},
    {0x3f3, 0xe7899f},
    {0x4ec, 0xe789a0},
    {0x4eb, 0xe789a1},
    {0x4ea, 0xe789a2},
    {0x18c5, 0xe789a3},
    {0x3ebb, 0xe789a6},
    {0x649, 0xe789a7},
    {0x64a, 0xe789a9},
    {0x19fa, 0xe789aa},
    {0x1b71, 0xe789ac},
    {0x1b74, 0xe789ae},
    {0x793, 0xe789af},
    {0x1b72, 0xe789b0},
    {0x792, 0xe789b2},
    {0x1b73, 0xe789b3},
    {0x794, 0xe789b4},
    {0x1d30, 0xe789b6},
    {0x1d2f, 0xe789b7},
    {0x1d2e, 0xe789b8},
    {0x924, 0xe789b9},
    {0xb18, 0xe789bd},
    {0x1f80, 0xe789be},
    {0x1f83, 0xe789bf},
    {0xcd2, 0xe78a80},
    {0xb19, 0xe78a81},
    {0x4283, 0xe78a82},
    {0xcd1, 0xe78a84},
    {0x2202, 0xe78a85},
    {0x2201, 0xe78a86},
    {0x3aca, 0xe78a87},
    {0x2203, 0xe78a8b},
    {0x248f, 0xe78a8c},
    {0x248e, 0xe78a8d},
    {0x2492, 0xe78a8e},
    {0x43c9, 0xe78a8f},
    {0x2491, 0xe78a90},
    {0x2490, 0xe78a91},
    {0x1028, 0xe78a92},
    {0x2726, 0xe78a93},
    {0x3acb, 0xe78a94},
    {0x2725, 0xe78a95},
    {0x1029, 0xe78a96},
    {0x2724, 0xe78a97},
    {0x2966, 0xe78a98},
    {0x2967, 0xe78a9a},
    {0x11a3, 0xe78a9b},
    {0x473a, 0xe78a9f},
    {0x30bf, 0xe78aa1},
    {0x1594, 0xe78aa2},
    {0x30be, 0xe78aa3},
    {0x30bd, 0xe78aa4},
    {0x167c, 0xe78aa7},
    {0x31f6, 0xe78aa8},
    {0x338f, 0xe78aa9},
    {0x34d2, 0xe78aaa},
    {0x2ed, 0xe78aac},
    {0x44f4, 0xe78aad},
    {0x17af, 0xe78aae},
    {0x355, 0xe78aaf},
    {0x17b0, 0xe78ab0},
    {0x3fb6, 0xe78ab2},
    {0x18cb, 0xe78aba},
    {0x18c7, 0xe78abd},
    {0x18c6, 0xe78abf},
    {0x64b, 0xe78b80},
    {0x18ca, 0xe78b81},
    {0x4ee, 0xe78b82},
    {0x18c8, 0xe78b83},
    {0x4ed, 0xe78b84},
    {0x18cc, 0xe78b85},
    {0x18c9, 0xe78b86},
    {0x19fe, 0xe78b89},
    {0x1b75, 0xe78b8a},
    {0x19fc, 0xe78b8b},
    {0x1a03, 0xe78b8c},
    {0x43ca, 0xe78b8d},
    {0x64c, 0xe78b8e},
    {0x64f, 0xe78b90},
    {0x1a04, 0xe78b91},
    {0x1a00, 0xe78b92},
    {0x1a01, 0xe78b94},
    {0x19fb, 0xe78b96},
    {0x64e, 0xe78b97},
    {0x19fd, 0xe78b98},
    {0x64d, 0xe78b99},
    {0x1a02, 0xe78b9a},
    {0x19ff, 0xe78b9c},
    {0x1b79, 0xe78b9f},
    {0x3f97, 0xe78ba2},
    {0x1b7c, 0xe78ba3},
    {0x1b76, 0xe78ba4},
    {0x1b7b, 0xe78ba6},
    {0x1b77, 0xe78ba8},
    {0x795, 0xe78ba9},
    {0x1b7a, 0xe78baa},
    {0x1b78, 0xe78bab},
    {0x1d36, 0xe78bb3},
    {0x1d33, 0xe78bb4},
    {0x1d35, 0xe78bb6},
    {0x929, 0xe78bb7},
    {0x928, 0xe78bb8},
    {0x926, 0xe78bb9},
    {0x1d32, 0xe78bba},
    {0x1d37, 0xe78bbb},
    {0x925, 0xe78bbc},
    {0x927, 0xe78bbd},
    {0x1d34, 0xe78bbe},
    {0x1f8b, 0xe78bbf},
    {0x1d31, 0xe78c80},
    {0x1d38, 0xe78c81},
    {0x3f9a, 0xe78c82},
    {0x3eb5, 0xe78c84},
    {0x1f86, 0xe78c87},
    {0x1f8a, 0xe78c88},
    {0x1f89, 0xe78c8a},
    {0x2205, 0xe78c8b},
    {0x2210, 0xe78c8c},
    {0x1f8c, 0xe78c8f},
    {0x46ea, 0xe78c90},
    {0x1f87, 0xe78c91},
    {0x2204, 0xe78c92},
    {0xb1d, 0xe78c93},
    {0xb1c, 0xe78c96},
    {0x1f85, 0xe78c97},
    {0x1f88, 0xe78c98},
    {0xb1e, 0xe78c99},
    {0xb1b, 0xe78c9b},
    {0xb1a, 0xe78c9c},
    {0x1f84, 0xe78c9d},
    {0x1f8d, 0xe78c9e},
    {0x2207, 0xe78ca2},
    {0x220e, 0xe78ca3},
    {0xcd4, 0xe78ca5},
    {0x220d, 0xe78ca6},
    {0x220a, 0xe78ca7},
    {0x428a, 0xe78ca8},
    {0xcd6, 0xe78ca9},
    {0x3d70, 0xe78caa},
    {0x4285, 0xe78cab},
    {0x3fb2, 0xe78cac},
    {0x220c, 0xe78cad},
    {0x428b, 0xe78cae},
    {0x2206, 0xe78cb0},
    {0x2208, 0xe78cb1},
    {0x220b, 0xe78cb2},
    {0x2209, 0xe78cb3},
    {0xcd5, 0xe78cb4},
    {0x220f, 0xe78cb5},
    {0xcd3, 0xe78cb6},
    {0xe77, 0xe78cb7},
    {0x46eb, 0xe78cb8},
    {0x43cc, 0xe78cb9},
    {0x2496, 0xe78cba},
    {0x2495, 0xe78cbb},
    {0x2493, 0xe78cbc},
    {0xe7a, 0xe78cbe},
    {0xe79, 0xe78cbf},
    {0x2497, 0xe78d80},
    {0x46ec, 0xe78d81},
    {0x2494, 0xe78d82},
    {0x2727, 0xe78d83},
    {0x102a, 0xe78d84},
    {0xe78, 0xe78d85},
    {0x43fa, 0xe78d88},
    {0x2499, 0xe78d89},
    {0x2498, 0xe78d8a},
    {0x272a, 0xe78d8c},
    {0x2728, 0xe78d8d},
    {0x11a4, 0xe78d8e},
    {0x3f51, 0xe78d8f},
    {0x102b, 0xe78d90},
    {0x2729, 0xe78d91},
    {0x2969, 0xe78d92},
    {0x11a5, 0xe78d97},
    {0x2968, 0xe78d98},
    {0x2971, 0xe78d99},
    {0x2970, 0xe78d9a},
    {0x296e, 0xe78d9b},
    {0x296d, 0xe78d9d},
    {0x296f, 0xe78da1},
    {0x2972, 0xe78da2},
    {0x2bc8, 0xe78da5},
    {0x12f9, 0xe78da8},
    {0x2bc4, 0xe78da9},
    {0x2bca, 0xe78daa},
    {0x2bc9, 0xe78dab},
    {0x2bc7, 0xe78dac},
    {0x140e, 0xe78db0},
    {0x3f98, 0xe78db1},
    {0x140f, 0xe78db2},
    {0x2da2, 0xe78db3},
    {0x3ed4, 0xe78db4},
    {0x14f3, 0xe78db5},
    {0x2f55, 0xe78db6},
    {0x14f2, 0xe78db7},
    {0x1595, 0xe78db8},
    {0x1596, 0xe78dba},
    {0x1620, 0xe78dbb},
    {0x31f8, 0xe78dbc},
    {0x31f7, 0xe78dbd},
    {0x32e2, 0xe78dbe},
    {0x3390, 0xe78dbf},
    {0x16ca, 0xe78e80},
    {0x3426, 0xe78e81},
    {0x3425, 0xe78e82},
    {0x3427, 0xe78e83},
    {0x356, 0xe78e84},
    {0x1b7d, 0xe78e85},
    {0x92a, 0xe78e86},
    {0xb1f, 0xe78e87},
    {0x1f8e, 0xe78e88},
    {0x357, 0xe78e89},
    {0x17b1, 0xe78e8a},
    {0x2ee, 0xe78e8b},
    {0x49e6, 0xe78e8c},
    {0x180e, 0xe78e8e},
    {0x46e5, 0xe78e8f},
    {0x18d1, 0xe78e92},
    {0x18cd, 0xe78e95},
    {0x4ef, 0xe78e96},
    {0x18ce, 0xe78e97},
    {0x39f6, 0xe78e98},
    {0x408a, 0xe78e9c},
    {0x1a0c, 0xe78e9d},
    {0x395b, 0xe78e9e},
    {0x652, 0xe78e9f},
    {0x1a0a, 0xe78ea0},
    {0x1a06, 0xe78ea1},
    {0x1a09, 0xe78ea2},
    {0x1a05, 0xe78ea4},
    {0x654, 0xe78ea5},
    {0x1a08, 0xe78ea6},
    {0x4087, 0xe78ea7},
    {0x651, 0xe78ea8},
    {0x650, 0xe78ea9},
    {0x428d, 0xe78eaa},
    {0x653, 0xe78eab},
    {0x1a0b, 0xe78eac},
    {0x1a07, 0xe78ead},
    {0x79b, 0xe78eb2},
    {0x79e, 0xe78eb3},
    {0x1b85, 0xe78eb4},
    {0x1b84, 0xe78eb5},
    {0x1b83, 0xe78eb6},
    {0x798, 0xe78eb7},
    {0x1b8c, 0xe78eb8},
    {0x1b82, 0xe78eb9},
    {0x49b4, 0xe78eba},
    {0x79a, 0xe78ebb},
    {0x1d3d, 0xe78ebc},
    {0x1b89, 0xe78ebe},
    {0x1b87, 0xe78ebf},
    {0x79d, 0xe78f80},
    {0x1b7f, 0xe78f82},
    {0x1b8a, 0xe78f83},
    {0x4ab3, 0xe78f84},
    {0x1b81, 0xe78f85},
    {0x1b8b, 0xe78f86},
    {0x1b88, 0xe78f87},
    {0x1b80, 0xe78f88},
    {0x4290, 0xe78f89},
    {0x799, 0xe78f8a},
    {0x1b8d, 0xe78f8b},
    {0x1b7e, 0xe78f8c},
    {0x79c, 0xe78f8d},
    {0x411b, 0xe78f8e},
    {0x428c, 0xe78f8f},
    {0x3b17, 0xe78f90},
    {0x1d42, 0xe78f92},
    {0x1d39, 0xe78f93},
    {0x1d44, 0xe78f94},
    {0x4073, 0xe78f95},
    {0x1d3c, 0xe78f96},
    {0x1d3a, 0xe78f99},
    {0x1d46, 0xe78f9a},
    {0x1d43, 0xe78f9b},
    {0x1d41, 0xe78f9c},
    {0x1d45, 0xe78f9d},
    {0x930, 0xe78f9e},
    {0x92e, 0xe78fa0},
    {0x46f0, 0xe78fa1},
    {0x3ca3, 0xe78fa2},
    {0x1d3f, 0xe78fa3},
    {0x42a5, 0xe78fa4},
    {0x1d3b, 0xe78fa5},
    {0x3cba, 0xe78fa6},
    {0x1d3e, 0xe78fa7},
    {0x1d49, 0xe78fa8},
    {0x1d40, 0xe78fa9},
    {0x92f, 0xe78faa},
    {0x1b86, 0xe78fab},
    {0x92b, 0xe78fad},
    {0x92d, 0xe78fae},
    {0x4011, 0xe78faf},
    {0x3cab, 0xe78fb3},
    {0x1f9c, 0xe78fb4},
    {0x1f91, 0xe78fb5},
    {0x1f8f, 0xe78fb6},
    {0x429a, 0xe78fb7},
    {0x1f90, 0xe78fb8},
    {0x3bf9, 0xe78fb9},
    {0x1f97, 0xe78fba},
    {0x3cac, 0xe78fbb},
    {0x1f98, 0xe78fbc},
    {0x1f94, 0xe78fbd},
    {0xb24, 0xe78fbe},
    {0x1f99, 0xe78fbf},
    {0x1f96, 0xe79080},
    {0x1f93, 0xe79081},
    {0x49bb, 0xe79082},
    {0xb22, 0xe79083},
    {0x1f92, 0xe79084},
    {0xb20, 0xe79085},
    {0xb23, 0xe79086},
    {0x1f95, 0xe79087},
    {0x1f9d, 0xe79088},
    {0x92c, 0xe79089},
    {0xb21, 0xe7908a},
    {0x1f9b, 0xe7908b},
    {0x1f9a, 0xe7908c},
    {0xb25, 0xe7908d},
    {0x456c, 0xe79091},
    {0x3be6, 0xe79092},
    {0x39f4, 0xe79094},
    {0x429b, 0xe79095},
    {0x2215, 0xe79096},
    {0x40ad, 0xe79097},
    {0x46f3, 0xe79099},
    {0x2216, 0xe7909a},
    {0xce0, 0xe7909b},
    {0x38dd, 0xe7909c},
    {0x221c, 0xe7909d},
    {0x221e, 0xe790a0},
    {0x2217, 0xe790a1},
    {0xcda, 0xe790a2},
    {0x221b, 0xe790a3},
    {0x221a, 0xe790a4},
    {0xcdb, 0xe790a5},
    {0xce1, 0xe790a6},
    {0xce2, 0xe790a8},
    {0x221d, 0xe790a9},
    {0xcd8, 0xe790aa},
    {0x2214, 0xe790ab},
    {0x2212, 0xe790ac},
    {0x2218, 0xe790ad},
    {0x2211, 0xe790ae},
    {0xcdf, 0xe790af},
    {0x2213, 0xe790b0},
    {0x2219, 0xe790b1},
    {0x221f, 0xe790b2},
    {0xcd9, 0xe790b3},
    {0xcde, 0xe790b4},
    {0x3ae1, 0xe790b7},
    {0x3b09, 0xe790b8},
    {0x429e, 0xe790b9},
    {0xcd7, 0xe790ba},
    {0x3adf, 0xe790bc},
    {0xe81, 0xe790bf},
    {0x24a0, 0xe79180},
    {0xe80, 0xe79181},
    {0x24a4, 0xe79182},
    {0x3a1a, 0xe79183},
    {0x249a, 0xe79184},
    {0x3bd7, 0xe79185},
    {0x24a5, 0xe79186},
    {0x42a4, 0xe79187},
    {0x3cb5, 0xe79188},
    {0x4291, 0xe79189},
    {0x4aac, 0xe7918c},
    {0x24a6, 0xe7918d},
    {0x24a3, 0xe7918e},
    {0x249e, 0xe79191},
    {0x249d, 0xe79192},
    {0x4231, 0xe79193},
    {0x24a7, 0xe79194},
    {0xe7d, 0xe79195},
    {0x39f5, 0xe79196},
    {0x249f, 0xe79197},
    {0xe82, 0xe79199},
    {0xe7c, 0xe7919a},
    {0x42c6, 0xe7919d},
    {0xe7f, 0xe7919e},
    {0xe7e, 0xe7919f},
    {0x42a2, 0xe791a0},
    {0x4a4c, 0xe791a1},
    {0x272b, 0xe791a2},
    {0x102d, 0xe791a3},
    {0x102c, 0xe791a4},
    {0x4101, 0xe791a5},
    {0x2730, 0xe791a7},
    {0x3aee, 0xe791a8},
    {0x11a6, 0xe791a9},
    {0x102e, 0xe791aa},
    {0x3be7, 0xe791ab},
    {0x42a8, 0xe791ac},
    {0x1030, 0xe791ad},
    {0x2731, 0xe791ae},
    {0xe7b, 0xe791af},
    {0x102f, 0xe791b0},
    {0x272d, 0xe791b1},
    {0x272f, 0xe791b2},
    {0x272c, 0xe791b3},
    {0x42a9, 0xe791b4},
    {0x272e, 0xe791b5},
    {0x42a6, 0xe791b6},
    {0x297c, 0xe791b9},
    {0x3ad1, 0xe791ba},
    {0x297b, 0xe791bc},
    {0x2978, 0xe791bd},
    {0x11a9, 0xe791be},
    {0x2bcb, 0xe791bf},
    {0x11aa, 0xe79280},
    {0x2977, 0xe79281},
    {0x42ac, 0xe79282},
    {0x11a8, 0xe79283},
    {0x2979, 0xe79285},
    {0x2976, 0xe79286},
    {0x2973, 0xe79287},
    {0x297a, 0xe79288},
    {0x11a7, 0xe7928b},
    {0x3a21, 0xe7928c},
    {0x469d, 0xe7928d},
    {0x2da8, 0xe79290},
    {0x2bcf, 0xe79292},
    {0x2bce, 0xe79294},
    {0x2bd0, 0xe79295},
    {0x2da5, 0xe79297},
    {0x12fc, 0xe79298},
    {0x39f3, 0xe79299},
    {0x2bcc, 0xe7929a},
    {0x3b0a, 0xe7929b},
    {0x12fa, 0xe7929c},
    {0x4a4d, 0xe7929d},
    {0x12fe, 0xe7929e},
    {0x12fd, 0xe7929f},
    {0x2bcd, 0xe792a0},
    {0x2bd1, 0xe792a1},
    {0x12fb, 0xe792a3},
    {0x4170, 0xe792a4},
    {0x2dac, 0xe792a5},
    {0x1412, 0xe792a6},
    {0x14f4, 0xe792a7},
    {0x1413, 0xe792a8},
    {0x1410, 0xe792a9},
    {0x2da9, 0xe792aa},
    {0x2da7, 0xe792ab},
    {0x2daa, 0xe792ad},
    {0x2dad, 0xe792af},
    {0x1411, 0xe792b0},
    {0x2dab, 0xe792b1},
    {0x2da6, 0xe792b2},
    {0x3ca5, 0xe792b4},
    {0x2f58, 0xe792b5},
    {0x2f5b, 0xe792b6},
    {0x30c2, 0xe792b7},
    {0x2f56, 0xe792b8},
    {0x49ea, 0xe792b9},
    {0x31f9, 0xe792ba},
    {0x2f5c, 0xe792bb},
    {0x1597, 0xe792bd},
    {0x2f5a, 0xe792be},
    {0x14f5, 0xe792bf},
    {0x2f57, 0xe79380},
    {0x2f59, 0xe79381},
    {0x2f5d, 0xe79382},
    {0x30c3, 0xe79383},
    {0x30c1, 0xe79385},
    {0x4ab5, 0xe79386},
    {0x42b5, 0xe79388},
    {0x1598, 0xe7938a},
    {0x30c0, 0xe7938b},
    {0x3ade, 0xe7938c},
    {0x1621, 0xe7938f},
    {0x3a9b, 0xe79390},
    {0x46fa, 0xe79393},
    {0x167e, 0xe79394},
    {0x3392, 0xe79395},
    {0x167d, 0xe79396},
    {0x3394, 0xe79397},
    {0x3391, 0xe79398},
    {0x3393, 0xe79399},
    {0x16fe, 0xe7939a},
    {0x348d, 0xe7939b},
    {0x358, 0xe7939c},
    {0x1a0d, 0xe7939d},
    {0xb26, 0xe793a0},
    {0x24a8, 0xe793a1},
    {0x12ff, 0xe793a2},
    {0x1599, 0xe793a3},
    {0x16cb, 0xe793a4},
    {0x348e, 0xe793a5},
    {0x359, 0xe793a6},
    {0x3ffe, 0xe793a7},
    {0x1a0e, 0xe793a8},
    {0x120, 0xe793a9},
    {0x1b8e, 0xe793ac},
    {0x1b8f, 0xe793ae},
    {0x3fe6, 0xe793b0},
    {0x3f9b, 0xe793b1},
    {0x3fdf, 0xe793b2},
    {0x3ff4, 0xe793b8},
    {0x2220, 0xe793bb},
    {0x24ab, 0xe793bd},
    {0x24aa, 0xe793be},
    {0x24a9, 0xe793bf},
    {0x2732, 0xe79480},
    {0x1031, 0xe79484},
    {0x3fde, 0xe79485},
    {0x297e, 0xe79487},
    {0x297d, 0xe79488},
    {0x2bd2, 0xe7948b},
    {0x42b7, 0xe7948e},
    {0x2db1, 0xe7948f},
    {0x2f5f, 0xe79493},
    {0x2f5e, 0xe79494},
    {0x14f6, 0xe79495},
    {0x30c4, 0xe79496},
    {0x32e3, 0xe79497},
    {0x35a, 0xe79498},
    {0x4583, 0xe79499},
    {0x79f, 0xe7949a},
    {0xb29, 0xe7949c},
    {0x24ac, 0xe7949d},
    {0x42b8, 0xe7949e},
    {0x35b, 0xe7949f},
    {0x1d4e, 0xe794a1},
    {0xb2a, 0xe794a2},
    {0x180f, 0xe794aa},
    {0x4f1, 0xe794ab},
    {0x4f0, 0xe794ac},
    {0x7a0, 0xe794ad},
    {0x1b90, 0xe794ae},
    {0x2221, 0xe794af},
    {0x3e87, 0xe794b4},
    {0x455a, 0xe794b5},
    {0x18d3, 0xe794b9},
    {0x18d2, 0xe794ba},
    {0x3dfb, 0xe794bb},
    {0x655, 0xe794bd},
    {0x1a11, 0xe794be},
    {0x1a0f, 0xe794bf},
    {0x1a10, 0xe79580},
    {0x43cd, 0xe79582},
    {0x3f40, 0xe79586},
    {0x42bf, 0xe7958a},
    {0x7a4, 0xe7958b},
    {0x7a2, 0xe7958c},
    {0x42be, 0xe7958d},
    {0x7a3, 0xe7958e},
    {0x7a1, 0xe7958f},
    {0x3cfe, 0xe79591},
    {0x3feb, 0xe79593},
    {0x931, 0xe79594},
    {0x3aea, 0xe79595},
    {0x935, 0xe79599},
    {0x934, 0xe7959a},
    {0x1d4f, 0xe7959b},
    {0x933, 0xe7959c},
    {0x932, 0xe7959d},
    {0x1d50, 0xe7959f},
    {0x3d71, 0xe795a0},
    {0xb2d, 0xe795a2},
    {0x1f9f, 0xe795a3},
    {0x1f9e, 0xe795a4},
    {0x42c0, 0xe795a7},
    {0xce6, 0xe795aa},
    {0xce5, 0xe795ab},
    {0x2223, 0xe795ac},
    {0x46fd, 0xe795ad},
    {0x42c1, 0xe795ae},
    {0x2222, 0xe795af},
    {0xb2e, 0xe795b0},
    {0x46fe, 0xe795b2},
    {0xe85, 0xe795b6},
    {0x24ae, 0xe795b7},
    {0xe86, 0xe795b8},
    {0x24ad, 0xe795b9},
    {0x3f4f, 0xe795ba},
    {0x2735, 0xe795bd},
    {0x297f, 0xe795be},
    {0x11ab, 0xe795bf},
    {0x2bd3, 0xe79680},
    {0x3ae5, 0xe79683},
    {0x2db2, 0xe79684},
    {0x159b, 0xe79686},
    {0x159a, 0xe79687},
    {0x16cc, 0xe7968a},
    {0x362, 0xe7968b},
    {0x1a12, 0xe7968c},
    {0x46ff, 0xe7968d},
    {0x42c5, 0xe7968e},
    {0xb2f, 0xe7968f},
    {0x2736, 0xe79690},
    {0x1032, 0xe79691},
    {0x22e, 0xe79692},
    {0x1a13, 0xe79698},
    {0x656, 0xe7969d},
    {0x42c7, 0xe7969e},
    {0x1b93, 0xe796a7},
    {0x1b94, 0xe796aa},
    {0x7a5, 0xe796ab},
    {0x1d51, 0xe796b0},
    {0x3ead, 0xe796b1},
    {0x42c8, 0xe796b4},
    {0xb32, 0xe796b5},
    {0x1d57, 0xe796b6},
    {0x93f, 0xe796b8},
    {0x93d, 0xe796b9},
    {0x1d58, 0xe796ba},
    {0x1d53, 0xe796bb},
    {0x93c, 0xe796bc},
    {0x93b, 0xe796bd},
    {0x936, 0xe796be},
    {0x1d56, 0xe796bf},
    {0x1d55, 0xe79780},
    {0x1d52, 0xe79781},
    {0x93e, 0xe79782},
    {0x3f93, 0xe79783},
    {0x1d54, 0xe79784},
    {0x937, 0xe79785},
    {0x938, 0xe79787},
    {0x4701, 0xe79788},
    {0xb33, 0xe7978a},
    {0xb34, 0xe7978d},
    {0x1fa0, 0xe7978e},
    {0x1fa2, 0xe7978f},
    {0x1fa6, 0xe79790},
    {0x1fa5, 0xe79791},
    {0x1fa1, 0xe79792},
    {0x222b, 0xe79797},
    {0xceb, 0xe79798},
    {0xcea, 0xe79799},
    {0x2225, 0xe7979a},
    {0xce8, 0xe7979b},
    {0x43ce, 0xe7979c},
    {0x2228, 0xe7979d},
    {0xcec, 0xe7979e},
    {0x2229, 0xe7979f},
    {0xced, 0xe797a0},
    {0x2226, 0xe797a1},
    {0xce7, 0xe797a2},
    {0xce9, 0xe797a3},
    {0x222a, 0xe797a4},
    {0x2227, 0xe797a6},
    {0x2224, 0xe797a7},
    {0x24bb, 0xe797ad},
    {0x24b0, 0xe797af},
    {0xe88, 0xe797b0},
    {0xe8b, 0xe797b1},
    {0xe8a, 0xe797b2},
    {0xe8f, 0xe797b3},
    {0xe8e, 0xe797b4},
    {0x24bc, 0xe797b5},
    {0x24ba, 0xe797b6},
    {0x24b3, 0xe797b7},
    {0x24b7, 0xe797b8},
    {0x24b6, 0xe797b9},
    {0xe8c, 0xe797ba},
    {0x24b9, 0xe797bb},
    {0x24b5, 0xe797bc},
    {0x24bd, 0xe797bd},
    {0x24b4, 0xe797be},
    {0xe8d, 0xe797bf},
    {0xe87, 0xe79880},
    {0xe89, 0xe79881},
    {0x42c9, 0xe79882},
    {0x24b2, 0xe79883},
    {0x3f8f, 0xe79887},
    {0x2738, 0xe79888},
    {0x1036, 0xe79889},
    {0x273c, 0xe7988a},
    {0x1035, 0xe7988b},
    {0x2739, 0xe7988c},
    {0x1034, 0xe7988d},
    {0x24b1, 0xe7988f},
    {0x24b8, 0xe79890},
    {0x273b, 0xe79891},
    {0x1037, 0xe79893},
    {0x273d, 0xe79894},
    {0x273a, 0xe79895},
    {0x2737, 0xe79896},
    {0x2982, 0xe79899},
    {0x2986, 0xe7989a},
    {0x2988, 0xe7989b},
    {0x2984, 0xe7989c},
    {0x2983, 0xe7989d},
    {0x2981, 0xe7989e},
    {0x11ae, 0xe7989f},
    {0x11ac, 0xe798a0},
    {0x2985, 0xe798a3},
    {0x11af, 0xe798a4},
    {0x2980, 0xe798a5},
    {0x11b0, 0xe798a6},
    {0x1033, 0xe798a7},
    {0x2987, 0xe798a8},
    {0x11ad, 0xe798a9},
    {0x42ca, 0xe798ac},
    {0x2bd5, 0xe798ad},
    {0x2bd4, 0xe798af},
    {0x2bdc, 0xe798b0},
    {0x2bd6, 0xe798b1},
    {0x2bdb, 0xe798b2},
    {0x2bd8, 0xe798b3},
    {0x1302, 0xe798b4},
    {0x2bda, 0xe798b5},
    {0x1303, 0xe798b8},
    {0x1304, 0xe798ba},
    {0x3e70, 0xe798bb},
    {0x2bd9, 0xe798bc},
    {0x2bd7, 0xe798bd},
    {0x3ee6, 0xe79980},
    {0x1415, 0xe79982},
    {0x2db3, 0xe79983},
    {0x1414, 0xe79986},
    {0x2db6, 0xe79987},
    {0x1416, 0xe7998c},
    {0x4702, 0xe7998d},
    {0x3e72, 0xe7998e},
    {0x42cc, 0xe7998f},
    {0x2f63, 0xe79990},
    {0x42cb, 0xe79991},
    {0x14f9, 0xe79992},
    {0x2f64, 0xe79993},
    {0x3ef0, 0xe79994},
    {0x14f7, 0xe79996},
    {0x2f65, 0xe79997},
    {0x14f8, 0xe79998},
    {0x2f62, 0xe79999},
    {0x2f66, 0xe7999a},
    {0x2f60, 0xe7999c},
    {0x159c, 0xe7999f},
    {0x30c5, 0xe799a0},
    {0x159d, 0xe799a1},
    {0x1622, 0xe799a2},
    {0x2f61, 0xe799a4},
    {0x1623, 0xe799a5},
    {0x3eaa, 0xe799a6},
    {0x3fa9, 0xe799a7},
    {0x167f, 0xe799a9},
    {0x32e4, 0xe799aa},
    {0x16ce, 0xe799ac},
    {0x3395, 0xe799ad},
    {0x16cd, 0xe799ae},
    {0x42cd, 0xe799af},
    {0x3428, 0xe799b0},
    {0x3aeb, 0xe799b3},
    {0x4703, 0xe799b4},
    {0x3543, 0xe799b5},
    {0x22f, 0xe799b6},
    {0x7aa, 0xe799b8},
    {0x1b95, 0xe799b9},
    {0x4705, 0xe799ba},
    {0x363, 0xe799bd},
    {0x3f5, 0xe799be},
    {0x1810, 0xe799bf},
    {0x43d3, 0xe79a80},
    {0x18d6, 0xe79a81},
    {0x4f4, 0xe79a82},
    {0x659, 0xe79a84},
    {0x1fa8, 0xe79a89},
    {0x1d59, 0xe79a8a},
    {0x940, 0xe79a8b},
    {0x43d4, 0xe79a8c},
    {0xb35, 0xe79a8e},
    {0x1fa7, 0xe79a8f},
    {0x42d0, 0xe79a90},
    {0x222d, 0xe79a92},
    {0xcf1, 0xe79a93},
    {0x222c, 0xe79a95},
    {0xcf0, 0xe79a96},
    {0x24be, 0xe79a99},
    {0x11b3, 0xe79a9a},
    {0x298c, 0xe79a9b},
    {0x42d5, 0xe79aa1},
    {0x2db7, 0xe79aa4},
    {0x42d6, 0xe79aa5},
    {0x2f67, 0xe79aa6},
    {0x31fb, 0xe79aaa},
    {0x31fa, 0xe79aab},
    {0x3396, 0xe79aad},
    {0x364, 0xe79aae},
    {0x1a14, 0xe79aaf},
    {0x941, 0xe79ab0},
    {0xcf2, 0xe79ab4},
    {0x24bf, 0xe79ab5},
    {0x42d7, 0xe79ab7},
    {0x273e, 0xe79ab8},
    {0x11b4, 0xe79aba},
    {0x2bdd, 0xe79abb},
    {0x2f68, 0xe79abd},
    {0x31fc, 0xe79abe},
    {0x365, 0xe79abf},
    {0x65a, 0xe79b82},
    {0x7b0, 0xe79b83},
    {0x1b96, 0xe79b84},
    {0x7b1, 0xe79b85},
    {0x7af, 0xe79b86},
    {0x7ae, 0xe79b88},
    {0x1d5a, 0xe79b89},
    {0x942, 0xe79b8a},
    {0x42d8, 0xe79b8c},
    {0xb37, 0xe79b92},
    {0x1fa9, 0xe79b93},
    {0xb36, 0xe79b94},
    {0x3f55, 0xe79b96},
    {0x49cb, 0xe79b99},
    {0x222e, 0xe79b9a},
    {0xb38, 0xe79b9b},
    {0xcf3, 0xe79b9c},
    {0x24c0, 0xe79b9d},
    {0x1038, 0xe79ba1},
    {0x1039, 0xe79ba3},
    {0x11b5, 0xe79ba4},
    {0x1306, 0xe79ba5},
    {0x2bde, 0xe79ba6},
    {0x1305, 0xe79ba7},
    {0x2db8, 0xe79ba9},
    {0x1417, 0xe79baa},
    {0x2f69, 0xe79bac},
    {0x31fd, 0xe79bad},
    {0x366, 0xe79bae},
    {0x4f5, 0xe79baf},
    {0x1a17, 0xe79bb0},
    {0x1a16, 0xe79bb1},
    {0x65b, 0xe79bb2},
    {0x1a15, 0xe79bb3},
    {0x65c, 0xe79bb4},
    {0x1a18, 0xe79bb5},
    {0x1b9c, 0xe79bb7},
    {0x7b4, 0xe79bb8},
    {0x7b3, 0xe79bb9},
    {0x1b9e, 0xe79bba},
    {0x1b9d, 0xe79bbb},
    {0x7b8, 0xe79bbc},
    {0x7b7, 0xe79bbe},
    {0x7b2, 0xe79c81},
    {0x7b9, 0xe79c87},
    {0x1b97, 0xe79c88},
    {0x7b5, 0xe79c89},
    {0x1b9b, 0xe79c8a},
    {0x7b6, 0xe79c8b},
    {0x3d62, 0xe79c8c},
    {0x1d5d, 0xe79c90},
    {0x1d61, 0xe79c91},
    {0x1d5f, 0xe79c92},
    {0x1d5e, 0xe79c93},
    {0x1d62, 0xe79c95},
    {0x1d5c, 0xe79c9b},
    {0x1d5b, 0xe79c9d},
    {0x42de, 0xe79c9e},
    {0x1d65, 0xe79ca2},
    {0x1d60, 0xe79ca3},
    {0x3fe8, 0xe79ca4},
    {0x1fb2, 0xe79ca5},
    {0x42df, 0xe79ca6},
    {0x1d66, 0xe79ca7},
    {0x948, 0xe79ca8},
    {0x945, 0xe79ca9},
    {0x3ff3, 0xe79cab},
    {0x1fac, 0xe79cad},
    {0x1fab, 0xe79caf},
    {0x1fb0, 0xe79cb3},
    {0x1faf, 0xe79cb4},
    {0x1fb4, 0xe79cb5},
    {0xb3c, 0xe79cb6},
    {0xb39, 0xe79cb7},
    {0xb3d, 0xe79cb8},
    {0x1faa, 0xe79cb9},
    {0xb3e, 0xe79cba},
    {0x1fb3, 0xe79cbb},
    {0xb3b, 0xe79cbc},
    {0x1fb1, 0xe79cbd},
    {0xb3a, 0xe79cbe},
    {0x42e0, 0xe79d80},
    {0x470a, 0xe79d83},
    {0x2231, 0xe79d84},
    {0x2233, 0xe79d85},
    {0x2234, 0xe79d8a},
    {0x2232, 0xe79d8d},
    {0x2235, 0xe79d8e},
    {0xcf4, 0xe79d8f},
    {0x24c4, 0xe79d92},
    {0x24c9, 0xe79d94},
    {0x24c1, 0xe79d95},
    {0x24c5, 0xe79d96},
    {0x42e3, 0xe79d98},
    {0x24ca, 0xe79d99},
    {0x24c6, 0xe79d9a},
    {0xe92, 0xe79d9b},
    {0xe9a, 0xe79d9c},
    {0xe95, 0xe79d9e},
    {0x103d, 0xe79da1},
    {0xe9d, 0xe79da2},
    {0xe96, 0xe79da3},
    {0xe9b, 0xe79da5},
    {0xe94, 0xe79da6},
    {0x24c8, 0xe79da7},
    {0xe9c, 0xe79da8},
    {0x24c7, 0xe79da9},
    {0xe98, 0xe79daa},
    {0xe93, 0xe79dab},
    {0xe99, 0xe79dac},
    {0x24cb, 0xe79dad},
    {0x2743, 0xe79dae},
    {0x2745, 0xe79daf},
    {0x396b, 0xe79db2},
    {0x46a9, 0xe79db7},
    {0x3b00, 0xe79db8},
    {0xe97, 0xe79db9},
    {0x4317, 0xe79dba},
    {0x3b04, 0xe79dbb},
    {0x2740, 0xe79dbc},
    {0x103b, 0xe79dbd},
    {0x2746, 0xe79dbe},
    {0x103c, 0xe79dbf},
    {0x2744, 0xe79e80},
    {0x273f, 0xe79e81},
    {0x2742, 0xe79e82},
    {0x2747, 0xe79e83},
    {0x103a, 0xe79e84},
    {0x2741, 0xe79e85},
    {0x11b7, 0xe79e87},
    {0x2990, 0xe79e88},
    {0x298f, 0xe79e89},
    {0x11ba, 0xe79e8b},
    {0x11b8, 0xe79e8c},
    {0x298d, 0xe79e8d},
    {0x11b6, 0xe79e8e},
    {0x298e, 0xe79e8f},
    {0x11b9, 0xe79e91},
    {0x382d, 0xe79e93},
    {0x2be6, 0xe79e95},
    {0x2be8, 0xe79e97},
    {0x470e, 0xe79e98},
    {0x2be7, 0xe79e99},
    {0x2bdf, 0xe79e9a},
    {0x2be3, 0xe79e9b},
    {0x2be2, 0xe79e9c},
    {0x2be0, 0xe79e9d},
    {0x1307, 0xe79ea0},
    {0x2be1, 0xe79ea1},
    {0x130a, 0xe79ea5},
    {0x141c, 0xe79ea7},
    {0x2dc0, 0xe79ea8},
    {0x1419, 0xe79eaa},
    {0x2dba, 0xe79eab},
    {0x141b, 0xe79eac},
    {0x141d, 0xe79ead},
    {0x42e5, 0xe79eaf},
    {0x141a, 0xe79eb0},
    {0x2dbf, 0xe79eb1},
    {0x2dbb, 0xe79eb2},
    {0x1418, 0xe79eb3},
    {0x2dbe, 0xe79eb4},
    {0x2db9, 0xe79eb5},
    {0x2dbd, 0xe79eb6},
    {0x2dbc, 0xe79eb7},
    {0x3e73, 0xe79eb9},
    {0x2f6b, 0xe79eba},
    {0x14fa, 0xe79ebd},
    {0x4711, 0xe79ebe},
    {0x14fb, 0xe79ebf},
    {0x2f6a, 0xe79f82},
    {0x3bb1, 0xe79f83},
    {0x30c8, 0xe79f84},
    {0x41c1, 0xe79f85},
    {0x159e, 0xe79f87},
    {0x4712, 0xe79f8b},
    {0x31fe, 0xe79f8c},
    {0x3201, 0xe79f8d},
    {0x32e5, 0xe79f90},
    {0x1680, 0xe79f93},
    {0x3429, 0xe79f94},
    {0x348f, 0xe79f95},
    {0x1725, 0xe79f97},
    {0x1753, 0xe79f9a},
    {0x367, 0xe79f9b},
    {0x7ba, 0xe79f9c},
    {0x49ce, 0xe79f9d},
    {0x2238, 0xe79f9e},
    {0x24cc, 0xe79fa0},
    {0x368, 0xe79fa2},
    {0x4f6, 0xe79fa3},
    {0x65d, 0xe79fa5},
    {0x4081, 0xe79fa6},
    {0x949, 0xe79fa9},
    {0x2239, 0xe79fac},
    {0xcf5, 0xe79fad},
    {0xe9e, 0xe79fae},
    {0x141e, 0xe79faf},
    {0x2dc1, 0xe79fb0},
    {0x30c9, 0xe79fb1},
    {0x3202, 0xe79fb2},
    {0x369, 0xe79fb3},
    {0x42e9, 0xe79fb4},
    {0x1a1e, 0xe79fb7},
    {0x1a19, 0xe79fb8},
    {0x1a1b, 0xe79fb9},
    {0x1a1d, 0xe79fba},
    {0x1a1c, 0xe79fbb},
    {0x1a1a, 0xe79fbc},
    {0x65e, 0xe79fbd},
    {0x3fd5, 0xe79fbe},
    {0x7bb, 0xe7a082},
    {0x1ba9, 0xe7a083},
    {0x1ba4, 0xe7a085},
    {0x1ba1, 0xe7a086},
    {0x3e46, 0xe7a088},
    {0x1ba8, 0xe7a089},
    {0x1ba7, 0xe7a08e},
    {0x1ba6, 0xe7a08f},
    {0x1ba5, 0xe7a090},
    {0x1baa, 0xe7a093},
    {0x7bc, 0xe7a094},
    {0x4713, 0xe7a098},
    {0x4714, 0xe7a09c},
    {0x94d, 0xe7a09d},
    {0x3b13, 0xe7a09e},
    {0x953, 0xe7a09f},
    {0x952, 0xe7a0a0},
    {0x1d6f, 0xe7a0a1},
    {0x1d69, 0xe7a0a2},
    {0x1d67, 0xe7a0a3},
    {0x950, 0xe7a0a5},
    {0x1fbb, 0xe7a0a6},
    {0x94b, 0xe7a0a7},
    {0x1d6c, 0xe7a0a8},
    {0x1d70, 0xe7a0a9},
    {0x1d72, 0xe7a0aa},
    {0x1d6e, 0xe7a0ab},
    {0x1d68, 0xe7a0ac},
    {0x951, 0xe7a0ad},
    {0x1d6d, 0xe7a0ae},
    {0x1d6b, 0xe7a0af},
    {0x94a, 0xe7a0b0},
    {0x1d73, 0xe7a0b1},
    {0x954, 0xe7a0b2},
    {0x1d71, 0xe7a0b3},
    {0x94e, 0xe7a0b4},
    {0x1d6a, 0xe7a0b5},
    {0x94f, 0xe7a0b7},
    {0x94c, 0xe7a0b8},
    {0x43d6, 0xe7a0b9},
    {0x401a, 0xe7a0bc},
    {0x3c6a, 0xe7a0bd},
    {0x3ac4, 0xe7a182},
    {0xb40, 0xe7a183},
    {0x3c2b, 0xe7a184},
    {0x1fbc, 0xe7a185},
    {0x4715, 0xe7a187},
    {0x1fb5, 0xe7a188},
    {0x1fb7, 0xe7a189},
    {0x1fb9, 0xe7a18a},
    {0x3c6d, 0xe7a18b},
    {0x1fba, 0xe7a18c},
    {0x1fb8, 0xe7a18d},
    {0xb41, 0xe7a18e},
    {0x1fbd, 0xe7a190},
    {0x4716, 0xe7a191},
    {0x1fb6, 0xe7a192},
    {0x3f95, 0xe7a193},
    {0x3c6b, 0xe7a194},
    {0x223d, 0xe7a19c},
    {0xcf6, 0xe7a19d},
    {0x2245, 0xe7a19e},
    {0x223a, 0xe7a1a0},
    {0x2246, 0xe7a1a2},
    {0x4717, 0xe7a1a6},
    {0x2244, 0xe7a1a8},
    {0x2243, 0xe7a1a9},
    {0x2240, 0xe7a1aa},
    {0xb3f, 0xe7a1ab},
    {0xcf7, 0xe7a1ac},
    {0x223e, 0xe7a1ad},
    {0x2241, 0xe7a1ae},
    {0xcf8, 0xe7a1af},
    {0x2242, 0xe7a1b0},
    {0x223f, 0xe7a1b1},
    {0x24d7, 0xe7a1b9},
    {0x3ee9, 0xe7a1ba},
    {0x24db, 0xe7a1bb},
    {0xea5, 0xe7a1bc},
    {0x274d, 0xe7a1be},
    {0xea8, 0xe7a1bf},
    {0x24d9, 0xe7a280},
    {0x36e8, 0xe7a281},
    {0x24d6, 0xe7a283},
    {0x24d1, 0xe7a284},
    {0x24cd, 0xe7a287},
    {0x3b15, 0xe7a288},
    {0xea4, 0xe7a289},
    {0xea3, 0xe7a28c},
    {0x3b14, 0xe7a28d},
    {0xe9f, 0xe7a28e},
    {0x24d0, 0xe7a28f},
    {0xea6, 0xe7a291},
    {0xea7, 0xe7a293},
    {0x24cf, 0xe7a294},
    {0x24d2, 0xe7a295},
    {0x24da, 0xe7a296},
    {0x24d8, 0xe7a299},
    {0x24ce, 0xe7a29a},
    {0x274f, 0xe7a29e},
    {0x103f, 0xe7a29f},
    {0x2751, 0xe7a2a0},
    {0x24d5, 0xe7a2a1},
    {0x2753, 0xe7a2a2},
    {0x1043, 0xe7a2a3},
    {0x2754, 0xe7a2a4},
    {0x2750, 0xe7a2a5},
    {0x1040, 0xe7a2a7},
    {0x274c, 0xe7a2a8},
    {0x1042, 0xe7a2a9},
    {0x2749, 0xe7a2aa},
    {0x274e, 0xe7a2ab},
    {0x2752, 0xe7a2ac},
    {0x274b, 0xe7a2ad},
    {0x42ec, 0xe7a2af},
    {0xea0, 0xe7a2b0},
    {0x42f4, 0xe7a2b1},
    {0x2748, 0xe7a2b2},
    {0x1041, 0xe7a2b3},
    {0x274a, 0xe7a2b4},
    {0x3c6c, 0xe7a2b6},
    {0x4571, 0xe7a2b8},
    {0x3c63, 0xe7a2b9},
    {0x11bd, 0xe7a2ba},
    {0x2992, 0xe7a2bb},
    {0x11c1, 0xe7a2bc},
    {0x11bf, 0xe7a2be},
    {0x103e, 0xe7a381},
    {0x11bc, 0xe7a385},
    {0x42ed, 0xe7a387},
    {0x2998, 0xe7a388},
    {0x299b, 0xe7a389},
    {0x11be, 0xe7a38a},
    {0x11bb, 0xe7a38b},
    {0x2994, 0xe7a38c},
    {0x2991, 0xe7a38d},
    {0x2996, 0xe7a38e},
    {0x2993, 0xe7a38f},
    {0x11c2, 0xe7a390},
    {0x2995, 0xe7a391},
    {0x3b16, 0xe7a392},
    {0x42ee, 0xe7a393},
    {0x2997, 0xe7a394},
    {0x11c0, 0xe7a395},
    {0x42f2, 0xe7a397},
    {0x3f8c, 0xe7a398},
    {0x130c, 0xe7a39a},
    {0x2bef, 0xe7a39b},
    {0x2be9, 0xe7a39d},
    {0x2bed, 0xe7a39e},
    {0x2bee, 0xe7a3a3},
    {0x49ba, 0xe7a3a4},
    {0x2beb, 0xe7a3a5},
    {0x130e, 0xe7a3a7},
    {0x130b, 0xe7a3a8},
    {0x2bea, 0xe7a3a9},
    {0x2bec, 0xe7a3aa},
    {0x130d, 0xe7a3ac},
    {0x2bf2, 0xe7a3ad},
    {0x3a81, 0xe7a3ae},
    {0x1422, 0xe7a3af},
    {0x3b3a, 0xe7a3b0},
    {0x40be, 0xe7a3b1},
    {0x2dc8, 0xe7a3b2},
    {0x2dc2, 0xe7a3b3},
    {0x1421, 0xe7a3b4},
    {0x38b3, 0xe7a3b5},
    {0x141f, 0xe7a3b7},
    {0x2dca, 0xe7a3b9},
    {0x1420, 0xe7a3ba},
    {0x2dc3, 0xe7a3bd},
    {0x2dcb, 0xe7a3be},
    {0x2dc7, 0xe7a3bf},
    {0x1423, 0xe7a481},
    {0x2dc4, 0xe7a482},
    {0x2dcc, 0xe7a484},
    {0x2dc9, 0xe7a485},
    {0x3fcf, 0xe7a486},
    {0x2f6f, 0xe7a489},
    {0x2f6c, 0xe7a48c},
    {0x14fe, 0xe7a48e},
    {0x2f70, 0xe7a490},
    {0x2f72, 0xe7a491},
    {0x2f71, 0xe7a492},
    {0x30ce, 0xe7a497},
    {0x159f, 0xe7a499},
    {0x30cb, 0xe7a49b},
    {0x30cd, 0xe7a49c},
    {0x30ca, 0xe7a49d},
    {0x30cf, 0xe7a49e},
    {0x30cc, 0xe7a4a1},
    {0x3204, 0xe7a4a3},
    {0x3207, 0xe7a4a4},
    {0x3203, 0xe7a4a5},
    {0x1624, 0xe7a4a6},
    {0x3208, 0xe7a4a9},
    {0x1625, 0xe7a4aa},
    {0x1627, 0xe7a4ab},
    {0x1626, 0xe7a4ac},
    {0x32e6, 0xe7a4ad},
    {0x42f0, 0xe7a4ae},
    {0x32e8, 0xe7a4af},
    {0x32e7, 0xe7a4b1},
    {0x471b, 0xe7a4b2},
    {0x471a, 0xe7a4b3},
    {0x42f3, 0xe7a4b4},
    {0x3397, 0xe7a4b5},
    {0x3783, 0xe7a4b6},
    {0x3490, 0xe7a4b8},
    {0x34d5, 0xe7a4b9},
    {0x36a, 0xe7a4ba},
    {0x44f7, 0xe7a4bb},
    {0x4300, 0xe7a4bc},
    {0x18d7, 0xe7a4bd},
    {0x65f, 0xe7a4be},
    {0x1a20, 0xe7a4bf},
    {0x1a1f, 0xe7a582},
    {0x1baf, 0xe7a584},
    {0x1bae, 0xe7a585},
    {0x7bf, 0xe7a586},
    {0x7c2, 0xe7a587},
    {0x7c1, 0xe7a588},
    {0x7c0, 0xe7a589},
    {0x1bab, 0xe7a58a},
    {0x1bad, 0xe7a58b},
    {0x1bac, 0xe7a58c},
    {0x1d76, 0xe7a58f},
    {0x956, 0xe7a590},
    {0x1d7a, 0xe7a591},
    {0x1d79, 0xe7a592},
    {0x1d78, 0xe7a593},
    {0x1d74, 0xe7a594},
    {0x955, 0xe7a595},
    {0x959, 0xe7a596},
    {0x95c, 0xe7a597},
    {0x37e5, 0xe7a598},
    {0x3b18, 0xe7a599},
    {0x95d, 0xe7a59a},
    {0x1d75, 0xe7a59b},
    {0x1d77, 0xe7a59c},
    {0x95b, 0xe7a59d},
    {0x95a, 0xe7a59e},
    {0x958, 0xe7a59f},
    {0x957, 0xe7a5a0},
    {0x1fc4, 0xe7a5a1},
    {0x3e7d, 0xe7a5a2},
    {0x1fc2, 0xe7a5a3},
    {0x1fbe, 0xe7a5a4},
    {0xb42, 0xe7a5a5},
    {0x1fbf, 0xe7a5a7},
    {0xb43, 0xe7a5a8},
    {0x1fc3, 0xe7a5ab},
    {0xb44, 0xe7a5ad},
    {0x224a, 0xe7a5b0},
    {0x4168, 0xe7a5b1},
    {0x2249, 0xe7a5b2},
    {0x2248, 0xe7a5b3},
    {0x2247, 0xe7a5b4},
    {0x24df, 0xe7a5b9},
    {0xea9, 0xe7a5ba},
    {0x24dc, 0xe7a5bc},
    {0x24de, 0xe7a5bd},
    {0x3e26, 0xe7a5be},
    {0xeaa, 0xe7a5bf},
    {0x42fc, 0xe7a680},
    {0xeab, 0xe7a681},
    {0x24dd, 0xe7a682},
    {0x3df6, 0xe7a683},
    {0x42f9, 0xe7a686},
    {0x4588, 0xe7a687},
    {0x275d, 0xe7a688},
    {0x1046, 0xe7a68d},
    {0x275f, 0xe7a690},
    {0x471d, 0xe7a691},
    {0x275e, 0xe7a692},
    {0x275b, 0xe7a693},
    {0x275a, 0xe7a694},
    {0x2759, 0xe7a695},
    {0x2758, 0xe7a696},
    {0x275c, 0xe7a697},
    {0x2755, 0xe7a698},
    {0x43fc, 0xe7a699},
    {0x299c, 0xe7a69a},
    {0x29a1, 0xe7a69b},
    {0x299f, 0xe7a69c},
    {0x42fe, 0xe7a69d},
    {0x395e, 0xe7a69f},
    {0x299e, 0xe7a6a0},
    {0x299d, 0xe7a6a1},
    {0x29a0, 0xe7a6a2},
    {0x2bf5, 0xe7a6a4},
    {0x3b1e, 0xe7a6a5},
    {0x130f, 0xe7a6a6},
    {0x1424, 0xe7a6a7},
    {0x2dce, 0xe7a6a8},
    {0x4301, 0xe7a6a9},
    {0x1425, 0xe7a6aa},
    {0x2dcd, 0xe7a6ab},
    {0x2f74, 0xe7a6ac},
    {0x2f73, 0xe7a6ad},
    {0x14ff, 0xe7a6ae},
    {0x30d0, 0xe7a6b0},
    {0x15a0, 0xe7a6b1},
    {0x3209, 0xe7a6b2},
    {0x16cf, 0xe7a6b3},
    {0x3398, 0xe7a6b4},
    {0x3492, 0xe7a6b6},
    {0x3491, 0xe7a6b7},
    {0x17b2, 0xe7a6b8},
    {0x1fc5, 0xe7a6bb},
    {0xead, 0xe7a6bd},
    {0x36b, 0xe7a6be},
    {0x4f9, 0xe7a6bf},
    {0x4f8, 0xe7a780},
    {0x4f7, 0xe7a781},
    {0x3ccd, 0xe7a784},
    {0x1a21, 0xe7a785},
    {0x4305, 0xe7a786},
    {0x663, 0xe7a788},
    {0x662, 0xe7a789},
    {0x4a51, 0xe7a78a},
    {0x7c7, 0xe7a78b},
    {0x4233, 0xe7a78c},
    {0x1bb1, 0xe7a78d},
    {0x1bb4, 0xe7a78e},
    {0x1bb2, 0xe7a78f},
    {0x4aa7, 0xe7a790},
    {0x4307, 0xe7a794},
    {0x1bb0, 0xe7a795},
    {0x1bb3, 0xe7a796},
    {0x964, 0xe7a798},
    {0x1d81, 0xe7a79c},
    {0x1d83, 0xe7a79d},
    {0x1d82, 0xe7a79e},
    {0x961, 0xe7a79f},
    {0x1d7d, 0xe7a7a0},
    {0x3c5a, 0xe7a7a2},
    {0x95f, 0xe7a7a3},
    {0x95e, 0xe7a7a4},
    {0x962, 0xe7a7a6},
    {0x960, 0xe7a7a7},
    {0x963, 0xe7a7a9},
    {0x1d80, 0xe7a7aa},
    {0x1d7f, 0xe7a7ad},
    {0x1d7e, 0xe7a7ae},
    {0x3b27, 0xe7a7b1},
    {0x3b22, 0xe7a7b4},
    {0x1fc7, 0xe7a7b8},
    {0x1fc6, 0xe7a7ba},
    {0xb45, 0xe7a7bb},
    {0xcfd, 0xe7a880},
    {0x224b, 0xe7a882},
    {0x224d, 0xe7a883},
    {0x224f, 0xe7a884},
    {0xcfc, 0xe7a885},
    {0x471e, 0xe7a886},
    {0xcfa, 0xe7a888},
    {0x224c, 0xe7a88a},
    {0xcfb, 0xe7a88b},
    {0x224e, 0xe7a88c},
    {0xcf9, 0xe7a88d},
    {0x4adf, 0xe7a88e},
    {0x24e9, 0xe7a890},
    {0x24e0, 0xe7a891},
    {0x24e3, 0xe7a892},
    {0x24e7, 0xe7a893},
    {0xeb1, 0xe7a894},
    {0x24e5, 0xe7a895},
    {0x24e4, 0xe7a897},
    {0xeaf, 0xe7a89a},
    {0x24e8, 0xe7a89b},
    {0xeae, 0xe7a89c},
    {0xeb3, 0xe7a89e},
    {0xeb2, 0xe7a89f},
    {0xeb0, 0xe7a8a0},
    {0x24e6, 0xe7a8a2},
    {0x2765, 0xe7a8a6},
    {0x2764, 0xe7a8a8},
    {0x49c3, 0xe7a8aa},
    {0x2760, 0xe7a8ab},
    {0x4aaf, 0xe7a8ac},
    {0x3fda, 0xe7a8ad},
    {0x1047, 0xe7a8ae},
    {0x2763, 0xe7a8af},
    {0x2762, 0xe7a8b0},
    {0x1048, 0xe7a8b1},
    {0x4aa8, 0xe7a8b2},
    {0x11c7, 0xe7a8b7},
    {0x29a3, 0xe7a8b9},
    {0x3b21, 0xe7a8ba},
    {0x11c8, 0xe7a8bb},
    {0x11c4, 0xe7a8bc},
    {0x11c6, 0xe7a8bd},
    {0x3f8b, 0xe7a8be},
    {0x11c3, 0xe7a8bf},
    {0x11c5, 0xe7a980},
    {0x396c, 0xe7a983},
    {0x2bf6, 0xe7a984},
    {0x3df1, 0xe7a985},
    {0x1312, 0xe7a986},
    {0x2bf8, 0xe7a987},
    {0x2bf7, 0xe7a988},
    {0x3733, 0xe7a989},
    {0x2761, 0xe7a98a},
    {0x1314, 0xe7a98b},
    {0x1313, 0xe7a98c},
    {0x2dd3, 0xe7a994},
    {0x2dd1, 0xe7a996},
    {0x1426, 0xe7a997},
    {0x2dd2, 0xe7a998},
    {0x2dd4, 0xe7a99a},
    {0x2dd0, 0xe7a99b},
    {0x2dcf, 0xe7a99c},
    {0x2f75, 0xe7a99f},
    {0x1502, 0xe7a9a0},
    {0x3736, 0xe7a9a5},
    {0x15a2, 0xe7a9a9},
    {0x15a1, 0xe7a9ab},
    {0x320a, 0xe7a9ae},
    {0x4abd, 0xe7a9b2},
    {0x36c, 0xe7a9b4},
    {0x1811, 0xe7a9b5},
    {0x4fa, 0xe7a9b6},
    {0x1a22, 0xe7a9b8},
    {0x665, 0xe7a9b9},
    {0x664, 0xe7a9ba},
    {0x1a23, 0xe7a9bb},
    {0x3737, 0xe7a9bd},
    {0x1bb6, 0xe7a9be},
    {0x7c8, 0xe7a9bf},
    {0x1bb5, 0xe7aa80},
    {0x7c9, 0xe7aa81},
    {0x3d7d, 0xe7aa83},
    {0x965, 0xe7aa84},
    {0x1d86, 0xe7aa85},
    {0x1d84, 0xe7aa86},
    {0x1d8a, 0xe7aa87},
    {0x966, 0xe7aa88},
    {0x1d85, 0xe7aa89},
    {0x1d89, 0xe7aa8a},
    {0x1fca, 0xe7aa8f},
    {0x1fcc, 0xe7aa90},
    {0x43d8, 0xe7aa91},
    {0xb46, 0xe7aa92},
    {0x49ee, 0xe7aa93},
    {0x1fcb, 0xe7aa94},
    {0xb47, 0xe7aa95},
    {0xd00, 0xe7aa96},
    {0xcff, 0xe7aa97},
    {0xcfe, 0xe7aa98},
    {0x2250, 0xe7aa99},
    {0x24ec, 0xe7aa9e},
    {0x24eb, 0xe7aaa2},
    {0x24ea, 0xe7aaa3},
    {0x2766, 0xe7aaa8},
    {0x104a, 0xe7aaa9},
    {0x1049, 0xe7aaaa},
    {0x11ca, 0xe7aaae},
    {0x11c9, 0xe7aaaf},
    {0x373a, 0xe7aab0},
    {0x2bfc, 0xe7aab1},
    {0x29a4, 0xe7aab2},
    {0x29a6, 0xe7aab3},
    {0x29a5, 0xe7aab4},
    {0x2bfb, 0xe7aab5},
    {0x2bf9, 0xe7aab6},
    {0x2bfd, 0xe7aab7},
    {0x2bfa, 0xe7aab8},
    {0x1315, 0xe7aaba},
    {0x3739, 0xe7aabb},
    {0x4721, 0xe7aabc},
    {0x2dd5, 0xe7aabe},
    {0x1427, 0xe7aabf},
    {0x1628, 0xe7ab87},
    {0x3d7f, 0xe7ab88},
    {0x4570, 0xe7ab89},
    {0x16ff, 0xe7ab8a},
    {0x36d, 0xe7ab8b},
    {0x4724, 0xe7ab8f},
    {0x1bb7, 0xe7ab91},
    {0x3f8a, 0xe7ab93},
    {0x1d8b, 0xe7ab98},
    {0x967, 0xe7ab99},
    {0x3740, 0xe7ab9a},
    {0x4725, 0xe7ab9b},
    {0x3951, 0xe7ab9c},
    {0x3741, 0xe7ab9d},
    {0xbde, 0xe7ab9f},
    {0xbdd, 0xe7aba0},
    {0x3b33, 0xe7aba2},
    {0xd02, 0xe7aba3},
    {0x2252, 0xe7aba4},
    {0xd01, 0xe7aba5},
    {0x2251, 0xe7aba6},
    {0x385d, 0xe7aba7},
    {0x3831, 0xe7aba9},
    {0x3742, 0xe7abaa},
    {0x24ed, 0xe7abab},
    {0x104b, 0xe7abad},
    {0x2769, 0xe7abae},
    {0x104c, 0xe7abaf},
    {0x1629, 0xe7abb6},
    {0x320d, 0xe7abb7},
    {0x3f6, 0xe7abb9},
    {0x666, 0xe7abba},
    {0x1a24, 0xe7abbb},
    {0x4a97, 0xe7abbc},
    {0x7cb, 0xe7abbd},
    {0x3b3d, 0xe7abbe},
    {0x7ca, 0xe7abbf},
    {0x1d8d, 0xe7ac84},
    {0x1d8f, 0xe7ac85},
    {0x968, 0xe7ac86},
    {0x1d91, 0xe7ac88},
    {0x1d94, 0xe7ac89},
    {0x1d92, 0xe7ac8a},
    {0x3746, 0xe7ac8b},
    {0x3b63, 0xe7ac8c},
    {0x1d93, 0xe7ac8e},
    {0x1d90, 0xe7ac8f},
    {0x1d8c, 0xe7ac90},
    {0x969, 0xe7ac91},
    {0x1d95, 0xe7ac92},
    {0x1d8e, 0xe7ac93},
    {0x3f77, 0xe7ac94},
    {0x1fd5, 0xe7ac98},
    {0xb4d, 0xe7ac99},
    {0x1fde, 0xe7ac9a},
    {0xb4a, 0xe7ac9b},
    {0x1fd7, 0xe7ac9d},
    {0xb4e, 0xe7ac9e},
    {0x3f11, 0xe7ac9f},
    {0xb48, 0xe7aca0},
    {0x1fd2, 0xe7aca2},
    {0x1fdf, 0xe7aca3},
    {0x1fd3, 0xe7aca4},
    {0x1fd0, 0xe7aca5},
    {0xb4c, 0xe7aca6},
    {0x3b5f, 0xe7aca7},
    {0xb49, 0xe7aca8},
    {0x3748, 0xe7aca9},
    {0x1fd6, 0xe7acaa},
    {0x1fd9, 0xe7acab},
    {0xb4b, 0xe7acac},
    {0x1fda, 0xe7acad},
    {0xb4f, 0xe7acae},
    {0x1fdb, 0xe7acaf},
    {0x1fd1, 0xe7acb0},
    {0x1fd8, 0xe7acb1},
    {0x1fdc, 0xe7acb2},
    {0x1fd4, 0xe7acb3},
    {0x1fcf, 0xe7acb4},
    {0x1fcd, 0xe7acb5},
    {0x1fdd, 0xe7acb8},
    {0x3d6e, 0xe7acb9},
    {0x1fce, 0xe7acbb},
    {0x2259, 0xe7ad80},
    {0x3ded, 0xe7ad82},
    {0x3e25, 0xe7ad83},
    {0x2255, 0xe7ad84},
    {0x225b, 0xe7ad85},
    {0xd05, 0xe7ad86},
    {0x2254, 0xe7ad87},
    {0x2256, 0xe7ad88},
    {0xd03, 0xe7ad89},
    {0x2253, 0xe7ad8a},
    {0xd0a, 0xe7ad8b},
    {0x2257, 0xe7ad8c},
    {0xd09, 0xe7ad8d},
    {0x2258, 0xe7ad8e},
    {0xd0b, 0xe7ad8f},
    {0xd06, 0xe7ad90},
    {0xd0c, 0xe7ad91},
    {0xd07, 0xe7ad92},
    {0xd08, 0xe7ad94},
    {0x3747, 0xe7ad95},
    {0xd04, 0xe7ad96},
    {0x225a, 0xe7ad98},
    {0xeb8, 0xe7ada0},
    {0x24f8, 0xe7ada1},
    {0x4727, 0xe7ada2},
    {0x24fb, 0xe7ada3},
    {0x24ef, 0xe7ada4},
    {0x24f4, 0xe7ada5},
    {0x24ee, 0xe7ada6},
    {0xeba, 0xe7ada7},
    {0x24f2, 0xe7ada9},
    {0x4728, 0xe7adac},
    {0x24f0, 0xe7adad},
    {0xeb9, 0xe7adae},
    {0x374c, 0xe7adaf},
    {0x24f7, 0xe7adb0},
    {0x24f6, 0xe7adb1},
    {0x24f3, 0xe7adb2},
    {0x24f5, 0xe7adb3},
    {0x24f1, 0xe7adb4},
    {0x1050, 0xe7adb5},
    {0x24fa, 0xe7adb6},
    {0xeb6, 0xe7adb7},
    {0x24f9, 0xe7adb8},
    {0x4729, 0xe7adbb},
    {0x2779, 0xe7ae82},
    {0x1057, 0xe7ae84},
    {0x2774, 0xe7ae85},
    {0x1056, 0xe7ae87},
    {0x276a, 0xe7ae88},
    {0x276c, 0xe7ae8a},
    {0x104f, 0xe7ae8b},
    {0x2771, 0xe7ae8c},
    {0x2770, 0xe7ae8d},
    {0x2773, 0xe7ae8e},
    {0x1054, 0xe7ae8f},
    {0x276e, 0xe7ae90},
    {0x276d, 0xe7ae91},
    {0x3752, 0xe7ae92},
    {0x1053, 0xe7ae94},
    {0x104e, 0xe7ae95},
    {0x276f, 0xe7ae96},
    {0x1051, 0xe7ae97},
    {0x2775, 0xe7ae98},
    {0x2777, 0xe7ae99},
    {0x2772, 0xe7ae9b},
    {0x276b, 0xe7ae9c},
    {0x1052, 0xe7ae9d},
    {0x11d2, 0xe7aea0},
    {0x104d, 0xe7aea1},
    {0x374b, 0xe7aea2},
    {0x3f14, 0xe7aea3},
    {0x2778, 0xe7aea4},
    {0x29aa, 0xe7aeac},
    {0x11cb, 0xe7aead},
    {0x4ac4, 0xe7aeae},
    {0x29ac, 0xe7aeaf},
    {0x11cc, 0xe7aeb1},
    {0x461c, 0xe7aeb2},
    {0x11ce, 0xe7aeb4},
    {0x29af, 0xe7aeb5},
    {0x29a7, 0xe7aeb7},
    {0x1055, 0xe7aeb8},
    {0x29ad, 0xe7aeb9},
    {0x29a9, 0xe7aebe},
    {0xeb7, 0xe7af80},
    {0x11d1, 0xe7af81},
    {0x11cd, 0xe7af84},
    {0x4aad, 0xe7af85},
    {0x1318, 0xe7af89},
    {0x29ae, 0xe7af8a},
    {0x29a8, 0xe7af8b},
    {0x11d3, 0xe7af8c},
    {0x29ab, 0xe7af8e},
    {0x3f18, 0xe7af8f},
    {0x3750, 0xe7af90},
    {0x2c07, 0xe7af94},
    {0x2c02, 0xe7af95},
    {0x2c0c, 0xe7af98},
    {0x1316, 0xe7af99},
    {0x2c04, 0xe7af9a},
    {0x131a, 0xe7af9b},
    {0x2c0a, 0xe7af9c},
    {0x2c01, 0xe7af9d},
    {0x2bfe, 0xe7af9e},
    {0x2c0d, 0xe7af9f},
    {0x142d, 0xe7afa0},
    {0x131b, 0xe7afa1},
    {0x2c09, 0xe7afa2},
    {0x2bff, 0xe7afa3},
    {0x1319, 0xe7afa4},
    {0x2c03, 0xe7afa5},
    {0x131d, 0xe7afa6},
    {0x2c00, 0xe7afa7},
    {0x2c05, 0xe7afa8},
    {0x131c, 0xe7afa9},
    {0x2c08, 0xe7afaa},
    {0x2c0b, 0xe7afab},
    {0x49ef, 0xe7afac},
    {0x2dda, 0xe7afb2},
    {0x2de1, 0xe7afb3},
    {0x2ddf, 0xe7afb4},
    {0x142b, 0xe7afb7},
    {0x2de6, 0xe7afb8},
    {0x2c06, 0xe7afb9},
    {0x3757, 0xe7afba},
    {0x2ddd, 0xe7afbb},
    {0x3f1f, 0xe7afbc},
    {0x2de7, 0xe7afbd},
    {0x142a, 0xe7afbe},
    {0x2ddc, 0xe7afbf},
    {0x2ddb, 0xe7b080},
    {0x2de5, 0xe7b081},
    {0x2de2, 0xe7b082},
    {0x2de4, 0xe7b083},
    {0x2dd8, 0xe7b085},
    {0x2de8, 0xe7b086},
    {0x1428, 0xe7b087},
    {0x2de3, 0xe7b089},
    {0x2dec, 0xe7b08a},
    {0x2de0, 0xe7b08b},
    {0x142c, 0xe7b08c},
    {0x1429, 0xe7b08d},
    {0x2dde, 0xe7b08e},
    {0x2dd9, 0xe7b08f},
    {0x2deb, 0xe7b090},
    {0x1317, 0xe7b091},
    {0x472a, 0xe7b092},
    {0x4061, 0xe7b095},
    {0x2f78, 0xe7b099},
    {0x43d9, 0xe7b09b},
    {0x2f76, 0xe7b09c},
    {0x2f7c, 0xe7b09d},
    {0x1508, 0xe7b09e},
    {0x2f7a, 0xe7b09f},
    {0x2f79, 0xe7b0a0},
    {0x150a, 0xe7b0a1},
    {0x2f7f, 0xe7b0a2},
    {0x1509, 0xe7b0a3},
    {0x2f80, 0xe7b0a5},
    {0x2f7d, 0xe7b0a6},
    {0x1506, 0xe7b0a7},
    {0x2f7e, 0xe7b0a8},
    {0x2f77, 0xe7b0a9},
    {0x1507, 0xe7b0aa},
    {0x1505, 0xe7b0ab},
    {0x30d6, 0xe7b0ac},
    {0x2f7b, 0xe7b0ad},
    {0x2f81, 0xe7b0b0},
    {0x30d3, 0xe7b0b3},
    {0x3759, 0xe7b0b5},
    {0x15a7, 0xe7b0b7},
    {0x15a5, 0xe7b0b8},
    {0x30d5, 0xe7b0b9},
    {0x30d7, 0xe7b0bb},
    {0x30d4, 0xe7b0bc},
    {0x15a6, 0xe7b0bd},
    {0x15a8, 0xe7b180},
    {0x3f1c, 0xe7b182},
    {0x162b, 0xe7b183},
    {0x375b, 0xe7b184},
    {0x3212, 0xe7b185},
    {0x3211, 0xe7b187},
    {0x320f, 0xe7b188},
    {0x320e, 0xe7b189},
    {0x3210, 0xe7b18a},
    {0x162a, 0xe7b18c},
    {0x162c, 0xe7b18d},
    {0x1681, 0xe7b190},
    {0x3fb8, 0xe7b191},
    {0x32ea, 0xe7b193},
    {0x32e9, 0xe7b194},
    {0x3eff, 0xe7b196},
    {0x339b, 0xe7b197},
    {0x339d, 0xe7b199},
    {0x339f, 0xe7b19a},
    {0x339e, 0xe7b19b},
    {0x339c, 0xe7b19c},
    {0x3b3f, 0xe7b19d},
    {0x16d1, 0xe7b19f},
    {0x16d0, 0xe7b1a0},
    {0x1701, 0xe7b1a3},
    {0x1700, 0xe7b1a4},
    {0x1702, 0xe7b1a5},
    {0x342b, 0xe7b1a6},
    {0x342a, 0xe7b1a7},
    {0x34d6, 0xe7b1a9},
    {0x3493, 0xe7b1aa},
    {0x34d7, 0xe7b1ab},
    {0x1745, 0xe7b1ac},
    {0x3b40, 0xe7b1ad},
    {0x1746, 0xe7b1ae},
    {0x3507, 0xe7b1af},
    {0x3f52, 0xe7b1b0},
    {0x176b, 0xe7b1b2},
    {0x3f7, 0xe7b1b3},
    {0x469c, 0xe7b1b4},
    {0x1a25, 0xe7b1b5},
    {0x1bba, 0xe7b1ba},
    {0x472d, 0xe7b1bb},
    {0x3b49, 0xe7b1bc},
    {0x7cc, 0xe7b1bd},
    {0x3f1a, 0xe7b1be},
    {0x1bbd, 0xe7b1bf},
    {0x375c, 0xe7b283},
    {0x1d96, 0xe7b284},
    {0x1d9c, 0xe7b285},
    {0x3f1d, 0xe7b286},
    {0x1d9a, 0xe7b288},
    {0x96a, 0xe7b289},
    {0x1d98, 0xe7b28a},
    {0x1d99, 0xe7b28c},
    {0x1d9b, 0xe7b28d},
    {0x3b48, 0xe7b28e},
    {0x1d97, 0xe7b291},
    {0xb50, 0xe7b292},
    {0x1fe0, 0xe7b294},
    {0xb52, 0xe7b295},
    {0x1fe2, 0xe7b296},
    {0xb51, 0xe7b297},
    {0x1fe1, 0xe7b298},
    {0x472e, 0xe7b29c},
    {0x225d, 0xe7b29e},
    {0xd0d, 0xe7b29f},
    {0x225f, 0xe7b2a1},
    {0x225c, 0xe7b2a2},
    {0x1fe3, 0xe7b2a3},
    {0xd0e, 0xe7b2a5},
    {0x375e, 0xe7b2a6},
    {0x36ed, 0xe7b2a7},
    {0x225e, 0xe7b2a8},
    {0x3885, 0xe7b2ac},
    {0x3b4a, 0xe7b2ae},
    {0x24fe, 0xe7b2af},
    {0xebb, 0xe7b2b1},
    {0x24fc, 0xe7b2b2},
    {0xebc, 0xe7b2b3},
    {0x24fd, 0xe7b2b4},
    {0xebd, 0xe7b2b5},
    {0x4730, 0xe7b2b8},
    {0x1058, 0xe7b2b9},
    {0x277d, 0xe7b2ba},
    {0x277a, 0xe7b2bb},
    {0x277c, 0xe7b2bc},
    {0x277b, 0xe7b2bf},
    {0x3fd7, 0xe7b382},
    {0x49f0, 0xe7b383},
    {0x29b0, 0xe7b385},
    {0x3761, 0xe7b387},
    {0x29b1, 0xe7b388},
    {0x3760, 0xe7b389},
    {0x11d4, 0xe7b38a},
    {0x29b3, 0xe7b38b},
    {0x29b2, 0xe7b38c},
    {0x3b45, 0xe7b38d},
    {0x121, 0xe7b38e},
    {0x2c0e, 0xe7b392},
    {0x3d5c, 0xe7b393},
    {0x2c0f, 0xe7b394},
    {0x2c10, 0xe7b397},
    {0x1433, 0xe7b399},
    {0x3fd9, 0xe7b39a},
    {0x142f, 0xe7b39c},
    {0x1434, 0xe7b39d},
    {0x1430, 0xe7b39e},
    {0x1432, 0xe7b39f},
    {0x142e, 0xe7b3a0},
    {0x1431, 0xe7b3a2},
    {0x3762, 0xe7b3a6},
    {0x150b, 0xe7b3a7},
    {0x2ded, 0xe7b3a8},
    {0x30d9, 0xe7b3aa},
    {0x30d8, 0xe7b3ac},
    {0x43da, 0xe7b3ad},
    {0x3213, 0xe7b3ae},
    {0x33a1, 0xe7b3b1},
    {0x32eb, 0xe7b3b2},
    {0x3764, 0xe7b3b3},
    {0x33a0, 0xe7b3b4},
    {0x3765, 0xe7b3b5},
    {0x34d8, 0xe7b3b6},
    {0x351d, 0xe7b3b7},
    {0x3f8, 0xe7b3b8},
    {0x44f8, 0xe7b3b9},
    {0x4fb, 0xe7b3bb},
    {0x456d, 0xe7b3bc},
    {0x1a26, 0xe7b3bd},
    {0x667, 0xe7b3be},
    {0x7cf, 0xe7b480},
    {0x1bc2, 0xe7b481},
    {0x7cd, 0xe7b482},
    {0x1bc0, 0xe7b483},
    {0x7d2, 0xe7b484},
    {0x7ce, 0xe7b485},
    {0x7d3, 0xe7b486},
    {0x7d1, 0xe7b487},
    {0x1bc1, 0xe7b488},
    {0x7d0, 0xe7b489},
    {0x96e, 0xe7b48a},
    {0x96d, 0xe7b48b},
    {0x1da7, 0xe7b48c},
    {0x976, 0xe7b48d},
    {0x1da0, 0xe7b48e},
    {0x1da6, 0xe7b48f},
    {0x972, 0xe7b490},
    {0x1d9f, 0xe7b491},
    {0x1da5, 0xe7b492},
    {0x1da3, 0xe7b493},
    {0x971, 0xe7b494},
    {0x973, 0xe7b495},
    {0x1da2, 0xe7b496},
    {0x96c, 0xe7b497},
    {0x1da1, 0xe7b498},
    {0x977, 0xe7b499},
    {0x974, 0xe7b49a},
    {0x978, 0xe7b49b},
    {0x975, 0xe7b49c},
    {0x1d9e, 0xe7b49d},
    {0x1d9d, 0xe7b49e},
    {0x1da4, 0xe7b49f},
    {0x96f, 0xe7b4a0},
    {0x96b, 0xe7b4a1},
    {0x970, 0xe7b4a2},
    {0x3ede, 0xe7b4a5},
    {0x1ff2, 0xe7b4a8},
    {0x1feb, 0xe7b4a9},
    {0xd13, 0xe7b4ab},
    {0x1fea, 0xe7b4ac},
    {0xb56, 0xe7b4ae},
    {0xb5d, 0xe7b4af},
    {0xb5a, 0xe7b4b0},
    {0xb60, 0xe7b4b1},
    {0xb5f, 0xe7b4b2},
    {0xb5b, 0xe7b4b3},
    {0x1fe4, 0xe7b4b5},
    {0x1fe7, 0xe7b4b6},
    {0x1fe6, 0xe7b4b8},
    {0xb57, 0xe7b4b9},
    {0x1fe8, 0xe7b4ba},
    {0x1ff1, 0xe7b4bb},
    {0xb58, 0xe7b4bc},
    {0x1fe5, 0xe7b4bd},
    {0xb59, 0xe7b580},
    {0x1fec, 0xe7b581},
    {0xb5e, 0xe7b582},
    {0xb54, 0xe7b583},
    {0xb5c, 0xe7b584},
    {0x1fe9, 0xe7b585},
    {0xb53, 0xe7b586},
    {0x1fed, 0xe7b587},
    {0x1ff0, 0xe7b58a},
    {0x3fdd, 0xe7b58d},
    {0x2270, 0xe7b58e},
    {0x2267, 0xe7b58f},
    {0xd10, 0xe7b590},
    {0x226e, 0xe7b591},
    {0x226b, 0xe7b592},
    {0x2263, 0xe7b593},
    {0x226c, 0xe7b594},
    {0xd12, 0xe7b595},
    {0x2264, 0xe7b596},
    {0x2260, 0xe7b598},
    {0x3e93, 0xe7b59a},
    {0xec3, 0xe7b59b},
    {0x2269, 0xe7b59c},
    {0x3769, 0xe7b59d},
    {0xd0f, 0xe7b59e},
    {0x226f, 0xe7b59f},
    {0xd16, 0xe7b5a1},
    {0xd18, 0xe7b5a2},
    {0x2262, 0xe7b5a3},
    {0xd17, 0xe7b5a6},
    {0x2265, 0xe7b5a7},
    {0xd11, 0xe7b5a8},
    {0x226d, 0xe7b5a9},
    {0x2266, 0xe7b5aa},
    {0x226a, 0xe7b5ab},
    {0x2268, 0xe7b5ad},
    {0xd14, 0xe7b5ae},
    {0x2261, 0xe7b5af},
    {0xd19, 0xe7b5b0},
    {0xb55, 0xe7b5b1},
    {0xd15, 0xe7b5b2},
    {0xd1a, 0xe7b5b3},
    {0xebf, 0xe7b5b9},
    {0x2505, 0xe7b5ba},
    {0x2507, 0xe7b5bb},
    {0x2509, 0xe7b5bc},
    {0x250d, 0xe7b5bd},
    {0x2503, 0xe7b5bf},
    {0x2501, 0xe7b680},
    {0xec1, 0xe7b681},
    {0x2508, 0xe7b683},
    {0x250c, 0xe7b684},
    {0x2504, 0xe7b685},
    {0x2500, 0xe7b686},
    {0x24ff, 0xe7b688},
    {0x376b, 0xe7b689},
    {0x49d6, 0xe7b68b},
    {0x250a, 0xe7b68c},
    {0x2502, 0xe7b68d},
    {0x2506, 0xe7b68e},
    {0xec2, 0xe7b68f},
    {0xec0, 0xe7b691},
    {0x250e, 0xe7b692},
    {0xebe, 0xe7b693},
    {0x250b, 0xe7b694},
    {0x4a3b, 0xe7b695},
    {0x278e, 0xe7b696},
    {0x3b53, 0xe7b697},
    {0x105d, 0xe7b69c},
    {0x2786, 0xe7b69d},
    {0x11e1, 0xe7b69e},
    {0x2790, 0xe7b69f},
    {0x1060, 0xe7b6a0},
    {0x2794, 0xe7b6a1},
    {0x1066, 0xe7b6a2},
    {0x2781, 0xe7b6a3},
    {0x46d7, 0xe7b6a4},
    {0x2791, 0xe7b6a6},
    {0x277e, 0xe7b6a7},
    {0x3c9c, 0xe7b6a8},
    {0x2793, 0xe7b6a9},
    {0x2782, 0xe7b6aa},
    {0x376c, 0xe7b6ab},
    {0x106d, 0xe7b6ac},
    {0x106a, 0xe7b6ad},
    {0x2792, 0xe7b6ae},
    {0x278c, 0xe7b6af},
    {0x105c, 0xe7b6b0},
    {0x1064, 0xe7b6b1},
    {0x1063, 0xe7b6b2},
    {0x376e, 0xe7b6b3},
    {0x1062, 0xe7b6b4},
    {0x1068, 0xe7b6b5},
    {0x277f, 0xe7b6b7},
    {0x1069, 0xe7b6b8},
    {0x278d, 0xe7b6b9},
    {0x1065, 0xe7b6ba},
    {0x105b, 0xe7b6bb},
    {0x278f, 0xe7b6bc},
    {0x1067, 0xe7b6bf},
    {0x2784, 0xe7b780},
    {0x2783, 0xe7b781},
    {0x2780, 0xe7b782},
    {0x2788, 0xe7b784},
    {0x2785, 0xe7b785},
    {0x2789, 0xe7b786},
    {0x106c, 0xe7b787},
    {0x2795, 0xe7b789},
    {0x1061, 0xe7b78a},
    {0x456e, 0xe7b78d},
    {0x2787, 0xe7b78e},
    {0x4735, 0xe7b78f},
    {0x4737, 0xe7b790},
    {0x106b, 0xe7b792},
    {0x3b4e, 0xe7b793},
    {0x4736, 0xe7b794},
    {0x376f, 0xe7b796},
    {0x29b8, 0xe7b797},
    {0x11d9, 0xe7b798},
    {0x11e2, 0xe7b799},
    {0x11de, 0xe7b79a},
    {0x29b5, 0xe7b79b},
    {0x3b4c, 0xe7b79c},
    {0x11db, 0xe7b79d},
    {0x11df, 0xe7b79e},
    {0x29c1, 0xe7b79f},
    {0x11d5, 0xe7b7a0},
    {0x29b9, 0xe7b7a1},
    {0x11dd, 0xe7b7a3},
    {0x3772, 0xe7b7a4},
    {0x3776, 0xe7b7a5},
    {0x29bc, 0xe7b7a6},
    {0x29b7, 0xe7b7a7},
    {0x11dc, 0xe7b7a8},
    {0x11e0, 0xe7b7a9},
    {0x29b6, 0xe7b7aa},
    {0x11da, 0xe7b7ac},
    {0x29c0, 0xe7b7ae},
    {0x11d7, 0xe7b7af},
    {0x29bf, 0xe7b7b0},
    {0x29be, 0xe7b7b1},
    {0x11e3, 0xe7b7b2},
    {0x28c8, 0xe7b7b3},
    {0x11d6, 0xe7b7b4},
    {0x3774, 0xe7b7b5},
    {0x29bd, 0xe7b7b6},
    {0x29b4, 0xe7b7b7},
    {0x11e4, 0xe7b7b9},
    {0x29bb, 0xe7b7ba},
    {0x11d8, 0xe7b7bb},
    {0x4ae0, 0xe7b7bc},
    {0x4738, 0xe7b7bd},
    {0x3ccf, 0xe7b7be},
    {0x29ba, 0xe7b883},
    {0x3b4d, 0xe7b887},
    {0x1322, 0xe7b888},
    {0x1327, 0xe7b889},
    {0x1320, 0xe7b88a},
    {0x2c1f, 0xe7b88b},
    {0x2c16, 0xe7b88c},
    {0x2c22, 0xe7b88d},
    {0x2c1a, 0xe7b88e},
    {0x2c20, 0xe7b88f},
    {0x1328, 0xe7b890},
    {0x1321, 0xe7b891},
    {0x2c13, 0xe7b892},
    {0x2c19, 0xe7b893},
    {0x2c23, 0xe7b894},
    {0x2c1c, 0xe7b895},
    {0x2c21, 0xe7b896},
    {0x2c15, 0xe7b897},
    {0x2c1d, 0xe7b89a},
    {0x1323, 0xe7b89b},
    {0x2c1b, 0xe7b89c},
    {0x1326, 0xe7b89d},
    {0x1325, 0xe7b89e},
    {0x2c14, 0xe7b8a1},
    {0x2c1e, 0xe7b8a2},
    {0x1324, 0xe7b8a3},
    {0x2c25, 0xe7b8a4},
    {0x2c24, 0xe7b8a5},
    {0x377f, 0xe7b8a7},
    {0x2df8, 0xe7b8a9},
    {0x2df4, 0xe7b8aa},
    {0x143b, 0xe7b8ab},
    {0x2dee, 0xe7b8ad},
    {0x1435, 0xe7b8ae},
    {0x1445, 0xe7b8af},
    {0x2dfa, 0xe7b8b0},
    {0x143d, 0xe7b8b1},
    {0x1439, 0xe7b8b2},
    {0x2df1, 0xe7b8b3},
    {0x1440, 0xe7b8b4},
    {0x1443, 0xe7b8b5},
    {0x2dfc, 0xe7b8b6},
    {0x1438, 0xe7b8b7},
    {0x2df3, 0xe7b8b8},
    {0x1441, 0xe7b8b9},
    {0x2dfe, 0xe7b8ba},
    {0x2dfb, 0xe7b8bb},
    {0x2def, 0xe7b8bc},
    {0x143c, 0xe7b8bd},
    {0x1436, 0xe7b8be},
    {0x1444, 0xe7b8bf},
    {0x2df6, 0xe7b980},
    {0x143f, 0xe7b981},
    {0x2df0, 0xe7b982},
    {0x143a, 0xe7b983},
    {0x2dfd, 0xe7b984},
    {0x143e, 0xe7b985},
    {0x1437, 0xe7b986},
    {0x2df7, 0xe7b987},
    {0x1442, 0xe7b988},
    {0x2df5, 0xe7b989},
    {0x2df9, 0xe7b98c},
    {0x2f83, 0xe7b990},
    {0x2f89, 0xe7b991},
    {0x1511, 0xe7b992},
    {0x2f8c, 0xe7b993},
    {0x2f84, 0xe7b996},
    {0x2f8b, 0xe7b997},
    {0x2f86, 0xe7b998},
    {0x1512, 0xe7b999},
    {0x150f, 0xe7b99a},
    {0x4a14, 0xe7b99b},
    {0x2f82, 0xe7b99c},
    {0x150e, 0xe7b99e},
    {0x2f88, 0xe7b99f},
    {0x2f8a, 0xe7b9a0},
    {0x1510, 0xe7b9a1},
    {0x2f87, 0xe7b9a2},
    {0x2f85, 0xe7b9a3},
    {0x46d2, 0xe7b9a5},
    {0x3766, 0xe7b9a7},
    {0x30e3, 0xe7b9a8},
    {0x15a9, 0xe7b9ab},
    {0x49f1, 0xe7b9ac},
    {0x15aa, 0xe7b9ad},
    {0x377b, 0xe7b9ae},
    {0x30df, 0xe7b9af},
    {0x30dd, 0xe7b9b0},
    {0x30e1, 0xe7b9b2},
    {0x15ae, 0xe7b9b3},
    {0x30e2, 0xe7b9b4},
    {0x30db, 0xe7b9b5},
    {0x30da, 0xe7b9b6},
    {0x30de, 0xe7b9b7},
    {0x30dc, 0xe7b9b8},
    {0x15ab, 0xe7b9b9},
    {0x30e0, 0xe7b9ba},
    {0x3214, 0xe7b9bb},
    {0x1631, 0xe7b9bc},
    {0x1630, 0xe7b9bd},
    {0x3215, 0xe7b9be},
    {0x3e51, 0xe7b9bf},
    {0x3217, 0xe7ba80},
    {0x3216, 0xe7ba81},
    {0x1632, 0xe7ba82},
    {0x32f0, 0xe7ba86},
    {0x32ec, 0xe7ba8a},
    {0x32ef, 0xe7ba8b},
    {0x1683, 0xe7ba8c},
    {0x32f1, 0xe7ba8d},
    {0x3ec9, 0xe7ba8e},
    {0x1682, 0xe7ba8f},
    {0x33a2, 0xe7ba91},
    {0x469e, 0xe7ba92},
    {0x1703, 0xe7ba93},
    {0x1705, 0xe7ba94},
    {0x342c, 0xe7ba95},
    {0x1704, 0xe7ba96},
    {0x3494, 0xe7ba97},
    {0x34da, 0xe7ba98},
    {0x34dc, 0xe7ba99},
    {0x34d9, 0xe7ba9a},
    {0x34db, 0xe7ba9b},
    {0x1759, 0xe7ba9c},
    {0x48bb, 0xe7ba9f},
    {0x455b, 0xe7baa4},
    {0x455c, 0xe7baac},
    {0x455d, 0xe7baba},
    {0x455e, 0xe7bb87},
    {0x455f, 0xe7bb8f},
    {0x4560, 0xe7bb9f},
    {0x4561, 0xe7bc86},
    {0x3f9, 0xe7bcb6},
    {0x4562, 0xe7bcb7},
    {0x7d4, 0xe7bcb8},
    {0x1d1f, 0xe7bcb9},
    {0x979, 0xe7bcba},
    {0xb61, 0xe7bcbd},
    {0x2c26, 0xe7bd83},
    {0x1446, 0xe7bd84},
    {0x2dff, 0xe7bd85},
    {0x3782, 0xe7bd87},
    {0x1513, 0xe7bd88},
    {0x3e69, 0xe7bd89},
    {0x30e5, 0xe7bd8a},
    {0x30e4, 0xe7bd8b},
    {0x1633, 0xe7bd8c},
    {0x32f2, 0xe7bd8d},
    {0x3b4f, 0xe7bd8e},
    {0x33a3, 0xe7bd8f},
    {0x1726, 0xe7bd90},
    {0x1812, 0xe7bd91},
    {0x44f6, 0xe7bd92},
    {0x44f9, 0xe7bd93},
    {0x668, 0xe7bd94},
    {0x4fc, 0xe7bd95},
    {0x1bc3, 0xe7bd98},
    {0x1dad, 0xe7bd9b},
    {0x1da8, 0xe7bd9c},
    {0x1dac, 0xe7bd9d},
    {0x1daa, 0xe7bd9e},
    {0x97a, 0xe7bd9f},
    {0x1dab, 0xe7bda0},
    {0x1da9, 0xe7bda1},
    {0x1ff3, 0xe7bda3},
    {0x2510, 0xe7bdab},
    {0x2513, 0xe7bdac},
    {0x250f, 0xe7bdad},
    {0xec4, 0xe7bdae},
    {0x106e, 0xe7bdb0},
    {0x4007, 0xe7bdb1},
    {0xec7, 0xe7bdb2},
    {0x2796, 0xe7bdb3},
    {0x11e5, 0xe7bdb5},
    {0x29c2, 0xe7bdb6},
    {0x11e6, 0xe7bdb7},
    {0x3f7b, 0xe7bdb8},
    {0x1329, 0xe7bdb9},
    {0x2c29, 0xe7bdba},
    {0x2e02, 0xe7bdbd},
    {0x2e01, 0xe7bdbe},
    {0x2e00, 0xe7bdbf},
    {0x30e6, 0xe7be83},
    {0x15af, 0xe7be85},
    {0x30e7, 0xe7be86},
    {0x33a4, 0xe7be87},
    {0x1727, 0xe7be88},
    {0x3495, 0xe7be89},
    {0x3fa, 0xe7be8a},
    {0x66a, 0xe7be8b},
    {0x669, 0xe7be8c},
    {0x1bc5, 0xe7be8d},
    {0x7d5, 0xe7be8e},
    {0x421c, 0xe7be8f},
    {0x1bc4, 0xe7be91},
    {0x1daf, 0xe7be92},
    {0x43db, 0xe7be93},
    {0x97b, 0xe7be94},
    {0x1ff4, 0xe7be95},
    {0x1dae, 0xe7be96},
    {0x3786, 0xe7be97},
    {0xb63, 0xe7be9a},
    {0x1ff7, 0xe7be9b},
    {0xb62, 0xe7be9e},
    {0x2275, 0xe7bea2},
    {0x3788, 0xe7bea3},
    {0xeca, 0xe7bea4},
    {0x2515, 0xe7bea5},
    {0x2514, 0xe7bea6},
    {0x2516, 0xe7bea7},
    {0xec9, 0xe7bea8},
    {0xec8, 0xe7bea9},
    {0x29c3, 0xe7beac},
    {0x29c5, 0xe7bead},
    {0x43dc, 0xe7beae},
    {0x11e7, 0xe7beaf},
    {0x29c4, 0xe7beb0},
    {0x2c2a, 0xe7beb1},
    {0x132a, 0xe7beb2},
    {0x2f8e, 0xe7beb3},
    {0x4739, 0xe7beb4},
    {0x2f8d, 0xe7beb5},
    {0x15b0, 0xe7beb6},
    {0x30e8, 0xe7beb7},
    {0x15b2, 0xe7beb8},
    {0x15b1, 0xe7beb9},
    {0x3218, 0xe7beba},
    {0x32f3, 0xe7bebb},
    {0x1684, 0xe7bebc},
    {0x3fb, 0xe7bebd},
    {0x1bc6, 0xe7bebe},
    {0x7d6, 0xe7bebf},
    {0x1db2, 0xe7bf80},
    {0x97d, 0xe7bf81},
    {0x1db1, 0xe7bf82},
    {0x1db0, 0xe7bf83},
    {0x97c, 0xe7bf85},
    {0x1ffd, 0xe7bf87},
    {0x1fff, 0xe7bf89},
    {0xb64, 0xe7bf8c},
    {0x1ffa, 0xe7bf8d},
    {0xb65, 0xe7bf8e},
    {0x1ffe, 0xe7bf8f},
    {0xb66, 0xe7bf92},
    {0x2278, 0xe7bf97},
    {0x3b5e, 0xe7bf9d},
    {0x279a, 0xe7bf9e},
    {0x1071, 0xe7bf9f},
    {0x2799, 0xe7bfa5},
    {0x29ca, 0xe7bfa6},
    {0x46e9, 0xe7bfa7},
    {0x29cb, 0xe7bfa8},
    {0x11e8, 0xe7bfa9},
    {0x29c8, 0xe7bfaa},
    {0x29c7, 0xe7bfab},
    {0x29c9, 0xe7bfac},
    {0x29c6, 0xe7bfad},
    {0x132d, 0xe7bfae},
    {0x2c2b, 0xe7bfaf},
    {0x2e04, 0xe7bfb2},
    {0x1447, 0xe7bfb3},
    {0x2e03, 0xe7bfb4},
    {0x2eff, 0xe7bfb5},
    {0x1514, 0xe7bfb9},
    {0x378e, 0xe7bfba},
    {0x1515, 0xe7bfbb},
    {0x1448, 0xe7bfbc},
    {0x3219, 0xe7bfbf},
    {0x1634, 0xe88080},
    {0x3fc, 0xe88081},
    {0x44fd, 0xe88082},
    {0x3fd, 0xe88083},
    {0x97f, 0xe88084},
    {0x66b, 0xe88085},
    {0x97e, 0xe88086},
    {0x1bc7, 0xe88087},
    {0x3791, 0xe88088},
    {0xd1e, 0xe8808b},
    {0x3fe, 0xe8808c},
    {0x7d8, 0xe8808d},
    {0x7d7, 0xe88090},
    {0x7d9, 0xe88091},
    {0x3ff, 0xe88092},
    {0x1bca, 0xe88094},
    {0x981, 0xe88095},
    {0x1db3, 0xe88096},
    {0x983, 0xe88097},
    {0x980, 0xe88098},
    {0x982, 0xe88099},
    {0x2002, 0xe8809b},
    {0xb67, 0xe8809c},
    {0x3792, 0xe8809d},
    {0x2001, 0xe8809e},
    {0x2000, 0xe8809f},
    {0x473c, 0xe880a0},
    {0x2519, 0xe880a1},
    {0x279b, 0xe880a4},
    {0x473d, 0xe880a5},
    {0x11e9, 0xe880a6},
    {0x132e, 0xe880a8},
    {0x2c2d, 0xe880a9},
    {0x2c2c, 0xe880aa},
    {0x2e05, 0xe880ac},
    {0x473e, 0xe880ae},
    {0x3794, 0xe880af},
    {0x32f4, 0xe880b0},
    {0x473f, 0xe880b1},
    {0x400, 0xe880b3},
    {0x18d8, 0xe880b4},
    {0x1a27, 0xe880b5},
    {0x7da, 0xe880b6},
    {0x1bcb, 0xe880b7},
    {0x1db5, 0xe880b9},
    {0x984, 0xe880bd},
    {0x1db4, 0xe880be},
    {0x985, 0xe880bf},
    {0x2004, 0xe88183},
    {0xb69, 0xe88186},
    {0x2003, 0xe88187},
    {0x2005, 0xe88188},
    {0xb68, 0xe8818a},
    {0x2279, 0xe88191},
    {0xd1f, 0xe88192},
    {0x4740, 0xe88194},
    {0xecb, 0xe88196},
    {0xecc, 0xe88198},
    {0x1073, 0xe8819a},
    {0x3fe5, 0xe8819b},
    {0x279d, 0xe8819c},
    {0x279c, 0xe8819d},
    {0x1072, 0xe8819e},
    {0x3799, 0xe881a1},
    {0x3fe3, 0xe881a2},
    {0x3fdc, 0xe881a3},
    {0x29cc, 0xe881a4},
    {0x3fdb, 0xe881a6},
    {0x29cd, 0xe881a7},
    {0x2c2e, 0xe881ac},
    {0x144c, 0xe881af},
    {0x144b, 0xe881b0},
    {0x144d, 0xe881b3},
    {0x2f91, 0xe881b5},
    {0x1517, 0xe881b6},
    {0x1516, 0xe881b7},
    {0x30eb, 0xe881b8},
    {0x321a, 0xe881b9},
    {0x16d3, 0xe881bd},
    {0x16d2, 0xe881be},
    {0x401, 0xe881bf},
    {0x44fe, 0xe88280},
    {0x1cec, 0xe88282},
    {0xece, 0xe88284},
    {0xd20, 0xe88285},
    {0xecd, 0xe88286},
    {0x1074, 0xe88287},
    {0x402, 0xe88289},
    {0x17b3, 0xe8828a},
    {0x1a28, 0xe8828f},
    {0x18db, 0xe88290},
    {0x18dc, 0xe88292},
    {0x4fe, 0xe88293},
    {0x18d9, 0xe88295},
    {0x4fd, 0xe88296},
    {0x500, 0xe88298},
    {0x18da, 0xe88299},
    {0x502, 0xe8829a},
    {0x501, 0xe8829b},
    {0x18dd, 0xe8829c},
    {0x4ff, 0xe8829d},
    {0x4576, 0xe8829f},
    {0x670, 0xe882a1},
    {0x66e, 0xe882a2},
    {0x1a2a, 0xe882a3},
    {0x66d, 0xe882a5},
    {0x37a0, 0xe882a7},
    {0x672, 0xe882a9},
    {0x674, 0xe882aa},
    {0x671, 0xe882ab},
    {0x1a2d, 0xe882ad},
    {0x1a29, 0xe882ae},
    {0x675, 0xe882af},
    {0x66f, 0xe882b1},
    {0x503, 0xe882b2},
    {0x673, 0xe882b4},
    {0x1a2c, 0xe882b5},
    {0x3eae, 0xe882b6},
    {0x4743, 0xe882b7},
    {0x1a2b, 0xe882b8},
    {0x66c, 0xe882ba},
    {0x4572, 0xe882bc},
    {0x3e7b, 0xe882bd},
    {0x1bd1, 0xe88382},
    {0x1bd3, 0xe88385},
    {0x3b74, 0xe88386},
    {0x1bcd, 0xe88387},
    {0x1bd0, 0xe88388},
    {0x1bd9, 0xe88389},
    {0x1bd7, 0xe8838a},
    {0x7e0, 0xe8838c},
    {0x1bdd, 0xe8838d},
    {0x7e3, 0xe8838e},
    {0x1bda, 0xe8838f},
    {0x1bd2, 0xe88390},
    {0x1bcf, 0xe88391},
    {0x227d, 0xe88394},
    {0x1bd8, 0xe88395},
    {0x7db, 0xe88396},
    {0x1bdb, 0xe88397},
    {0x1bcc, 0xe88398},
    {0x1bd5, 0xe88399},
    {0x7dd, 0xe8839a},
    {0x7e2, 0xe8839b},
    {0x1bd6, 0xe8839c},
    {0x7e6, 0xe8839d},
    {0x7e4, 0xe8839e},
    {0x1bce, 0xe883a0},
    {0x7e1, 0xe883a1},
    {0x1bd4, 0xe883a3},
    {0x7e5, 0xe883a4},
    {0x7dc, 0xe883a5},
    {0x1bdc, 0xe883a6},
    {0x4744, 0xe883a9},
    {0x45e9, 0xe883ac},
    {0x98a, 0xe883ad},
    {0x993, 0xe883af},
    {0x988, 0xe883b0},
    {0x986, 0xe883b1},
    {0x1db7, 0xe883b2},
    {0x98e, 0xe883b3},
    {0x98b, 0xe883b4},
    {0x1db9, 0xe883b5},
    {0x4574, 0xe883b6},
    {0x98d, 0xe883b8},
    {0x1db8, 0xe883b9},
    {0x1db6, 0xe883ba},
    {0x1dbb, 0xe883bb},
    {0x992, 0xe883bc},
    {0x990, 0xe883bd},
    {0x227c, 0xe883be},
    {0x1dbc, 0xe88480},
    {0x1dba, 0xe88481},
    {0x987, 0xe88482},
    {0x3fe7, 0xe88483},
    {0x989, 0xe88485},
    {0x98c, 0xe88486},
    {0x37a2, 0xe88487},
    {0x98f, 0xe88488},
    {0x3b75, 0xe88489},
    {0x991, 0xe8848a},
    {0x4746, 0xe8848c},
    {0x4747, 0xe8848e},
    {0x4748, 0xe88492},
    {0x4749, 0xe88494},
    {0x200f, 0xe88495},
    {0xb6b, 0xe88496},
    {0x3e6d, 0xe88497},
    {0x2006, 0xe88498},
    {0x2008, 0xe88499},
    {0x37a3, 0xe8849a},
    {0x2009, 0xe8849b},
    {0x2011, 0xe8849d},
    {0x200d, 0xe8849e},
    {0x200b, 0xe8849f},
    {0x200e, 0xe884a1},
    {0x2012, 0xe884a2},
    {0xb6c, 0xe884a3},
    {0xb70, 0xe884a4},
    {0x2007, 0xe884a5},
    {0x2010, 0xe884a7},
    {0xb6e, 0xe884a9},
    {0x3a39, 0xe884aa},
    {0xb6d, 0xe884ab},
    {0x200c, 0xe884ac},
    {0x200a, 0xe884ad},
    {0xb6a, 0xe884af},
    {0xb6f, 0xe884b0},
    {0x4ae1, 0xe884b1},
    {0x3e79, 0xe884b2},
    {0x45ec, 0xe884b4},
    {0x3b72, 0xe884b7},
    {0xd26, 0xe884b9},
    {0x2285, 0xe884ba},
    {0x2283, 0xe884bd},
    {0xd28, 0xe884be},
    {0x3b76, 0xe88582},
    {0x227e, 0xe88583},
    {0x2527, 0xe88584},
    {0xd27, 0xe88586},
    {0x2282, 0xe88587},
    {0x3e76, 0xe88588},
    {0x227f, 0xe8858a},
    {0xd23, 0xe8858b},
    {0xd29, 0xe8858c},
    {0x2284, 0xe8858d},
    {0xd25, 0xe8858e},
    {0x2281, 0xe8858f},
    {0x1075, 0xe88590},
    {0xd24, 0xe88591},
    {0x2280, 0xe88592},
    {0xd2a, 0xe88593},
    {0xd22, 0xe88594},
    {0xd21, 0xe88595},
    {0x474c, 0xe88596},
    {0x251f, 0xe8859b},
    {0x251d, 0xe8859c},
    {0x2523, 0xe8859e},
    {0x251b, 0xe885a0},
    {0x2528, 0xe885a1},
    {0x2520, 0xe885a2},
    {0x251a, 0xe885a4},
    {0xed2, 0xe885a5},
    {0xed8, 0xe885a6},
    {0x2525, 0xe885a7},
    {0x251e, 0xe885a9},
    {0xed5, 0xe885ab},
    {0x4a6d, 0xe885ac},
    {0x43c4, 0xe885ad},
    {0xed3, 0xe885ae},
    {0x2526, 0xe885af},
    {0xed0, 0xe885b0},
    {0xecf, 0xe885b1},
    {0x2521, 0xe885b2},
    {0xed4, 0xe885b3},
    {0xd2b, 0xe885b4},
    {0x2524, 0xe885b6},
    {0x251c, 0xe885b7},
    {0xed1, 0xe885b8},
    {0x4750, 0xe885bc},
    {0x4ae2, 0xe885bd},
    {0x107a, 0xe885bf},
    {0x1076, 0xe88680},
    {0x107b, 0xe88682},
    {0x27a0, 0xe88683},
    {0x43c5, 0xe88684},
    {0x279f, 0xe88686},
    {0x27a1, 0xe88687},
    {0x1078, 0xe88688},
    {0x279e, 0xe88689},
    {0x1079, 0xe8868a},
    {0x27a4, 0xe8868b},
    {0x27a3, 0xe8868c},
    {0x27a2, 0xe8868d},
    {0x1077, 0xe8868f},
    {0x43c6, 0xe88693},
    {0x29d1, 0xe88695},
    {0x29d4, 0xe88697},
    {0x11ef, 0xe88698},
    {0x29d3, 0xe88699},
    {0x11ee, 0xe8869a},
    {0x29d0, 0xe8869e},
    {0x29cf, 0xe8869f},
    {0x11ed, 0xe886a0},
    {0x29d2, 0xe886a2},
    {0x29ce, 0xe886a3},
    {0x4753, 0xe886a5},
    {0x2c30, 0xe886a6},
    {0x2c3a, 0xe886a7},
    {0x1331, 0xe886a8},
    {0x1330, 0xe886a9},
    {0x4364, 0xe886aa},
    {0x2c34, 0xe886ab},
    {0x2c36, 0xe886ac},
    {0x2c31, 0xe886ae},
    {0x2c35, 0xe886b0},
    {0x2c2f, 0xe886b1},
    {0x2c38, 0xe886b2},
    {0x132f, 0xe886b3},
    {0x2c37, 0xe886b4},
    {0x2c33, 0xe886b5},
    {0x3eb2, 0xe886b6},
    {0x2c39, 0xe886b7},
    {0x2c32, 0xe886b9},
    {0x1450, 0xe886ba},
    {0x2e06, 0xe886bb},
    {0x2e0c, 0xe886bc},
    {0x1454, 0xe886bd},
    {0x1456, 0xe886be},
    {0x1453, 0xe886bf},
    {0x1452, 0xe88780},
    {0x4755, 0xe88781},
    {0x1451, 0xe88782},
    {0x144f, 0xe88783},
    {0x2e07, 0xe88784},
    {0x2e0a, 0xe88785},
    {0x144e, 0xe88786},
    {0x2e0b, 0xe88787},
    {0x3fee, 0xe88788},
    {0x1455, 0xe88789},
    {0x2e09, 0xe8878a},
    {0x2e08, 0xe8878c},
    {0x1518, 0xe8878d},
    {0x1519, 0xe8878f},
    {0x2f94, 0xe88790},
    {0x30ed, 0xe88795},
    {0x30ec, 0xe88797},
    {0x15b3, 0xe88798},
    {0x321c, 0xe88799},
    {0x1635, 0xe8879a},
    {0x321b, 0xe8879b},
    {0x32f5, 0xe8879d},
    {0x33a5, 0xe8879e},
    {0x16d4, 0xe8879f},
    {0x1706, 0xe887a2},
    {0x405, 0xe887a3},
    {0x4756, 0xe887a4},
    {0x676, 0xe887a5},
    {0x2286, 0xe887a6},
    {0x107c, 0xe887a7},
    {0x1457, 0xe887a8},
    {0x2e0d, 0xe887a9},
    {0x406, 0xe887aa},
    {0x995, 0xe887ac},
    {0x994, 0xe887ad},
    {0x2287, 0xe887ae},
    {0x42d1, 0xe887af},
    {0x2c3b, 0xe887b2},
    {0x407, 0xe887b3},
    {0x7e7, 0xe887b4},
    {0x3d61, 0xe887b6},
    {0x107d, 0xe887ba},
    {0x1332, 0xe887bb},
    {0x408, 0xe887bc},
    {0x677, 0xe887be},
    {0x1bde, 0xe887bf},
    {0x996, 0xe88880},
    {0x1dbd, 0xe88881},
    {0xb71, 0xe88882},
    {0x228b, 0xe88884},
    {0xed9, 0xe88885},
    {0x107e, 0xe88887},
    {0x1333, 0xe88888},
    {0x1458, 0xe88889},
    {0x151a, 0xe8888a},
    {0x30ee, 0xe8888b},
    {0x409, 0xe8888c},
    {0x678, 0xe8888d},
    {0x997, 0xe88890},
    {0x2013, 0xe88891},
    {0xd2c, 0xe88892},
    {0x107f, 0xe88894},
    {0x27a5, 0xe88895},
    {0x29d5, 0xe88896},
    {0x37aa, 0xe88898},
    {0x3fe1, 0xe8889a},
    {0x40a, 0xe8889b},
    {0xd2d, 0xe8889c},
    {0x2529, 0xe8889d},
    {0x1080, 0xe8889e},
    {0x40b, 0xe8889f},
    {0x1a2e, 0xe888a0},
    {0x1bdf, 0xe888a1},
    {0x7e8, 0xe888a2},
    {0x1dbf, 0xe888a5},
    {0x420d, 0xe888a6},
    {0x99a, 0xe888a8},
    {0x37b0, 0xe888a9},
    {0x99b, 0xe888ac},
    {0x3ed0, 0xe888ad},
    {0x1dbe, 0xe888af},
    {0x2018, 0xe888b2},
    {0x2015, 0xe888b3},
    {0x2017, 0xe888b4},
    {0xb72, 0xe888b5},
    {0xb74, 0xe888b6},
    {0xb73, 0xe888b7},
    {0x2014, 0xe888b8},
    {0xb75, 0xe888b9},
    {0x2016, 0xe888ba},
    {0x4582, 0xe888be},
    {0x228e, 0xe888bf},
    {0x252c, 0xe88980},
    {0x252d, 0xe88982},
    {0x252b, 0xe88984},
    {0x252e, 0xe88985},
    {0xeda, 0xe88987},
    {0x252a, 0xe88989},
    {0x1081, 0xe8898b},
    {0x29da, 0xe8898e},
    {0x29d6, 0xe8898f},
    {0x29d9, 0xe88990},
    {0x29db, 0xe88991},
    {0x29d8, 0xe88992},
    {0x29d7, 0xe88993},
    {0x4757, 0xe88994},
    {0x2e0f, 0xe8899a},
    {0x2e0e, 0xe8899b},
    {0x2e10, 0xe8899c},
    {0x2f96, 0xe8899e},
    {0x2f95, 0xe8899f},
    {0x30f0, 0xe889a1},
    {0x3b7a, 0xe889a2},
    {0x30f1, 0xe889a3},
    {0x30ef, 0xe889a4},
    {0x3b7b, 0xe889a5},
    {0x1636, 0xe889a6},
    {0x33a6, 0xe889ab},
    {0x342d, 0xe889ac},
    {0x3496, 0xe889ad},
    {0x40c, 0xe889ae},
    {0x504, 0xe889af},
    {0x1459, 0xe889b1},
    {0x40d, 0xe889b2},
    {0x2019, 0xe889b4},
    {0x228f, 0xe889b5},
    {0x4759, 0xe889b6},
    {0x172e, 0xe889b7},
    {0x1813, 0xe889b8},
    {0x4722, 0xe889b9},
    {0x4563, 0xe889ba},
    {0x37c8, 0xe889bb},
    {0x1814, 0xe889bc},
    {0x1816, 0xe889bd},
    {0x40e, 0xe889be},
    {0x1817, 0xe889bf},
    {0x1815, 0xe88a80},
    {0x18e0, 0xe88a85},
    {0x4132, 0xe88a87},
    {0x18e4, 0xe88a8a},
    {0x506, 0xe88a8b},
    {0x507, 0xe88a8d},
    {0x18e1, 0xe88a8e},
    {0x18df, 0xe88a8f},
    {0x18de, 0xe88a90},
    {0x18e2, 0xe88a91},
    {0x505, 0xe88a92},
    {0x18e3, 0xe88a93},
    {0x1be0, 0xe88a94},
    {0x1a33, 0xe88a98},
    {0x67b, 0xe88a99},
    {0x1a32, 0xe88a9a},
    {0x1a34, 0xe88a9b},
    {0x67a, 0xe88a9d},
    {0x1a39, 0xe88a9e},
    {0x67e, 0xe88a9f},
    {0x1a2f, 0xe88aa0},
    {0x1a3d, 0xe88aa1},
    {0x1a43, 0xe88aa2},
    {0x685, 0xe88aa3},
    {0x1a40, 0xe88aa4},
    {0x682, 0xe88aa5},
    {0x3d73, 0xe88aa6},
    {0x1a36, 0xe88aa7},
    {0x1a3c, 0xe88aa8},
    {0x1a3e, 0xe88aa9},
    {0x37bc, 0xe88aaa},
    {0x1a31, 0xe88aab},
    {0x681, 0xe88aac},
    {0x67c, 0xe88aad},
    {0x1a37, 0xe88aae},
    {0x683, 0xe88aaf},
    {0x686, 0xe88ab0},
    {0x680, 0xe88ab1},
    {0x679, 0xe88ab3},
    {0x1a3b, 0xe88ab4},
    {0x1a35, 0xe88ab5},
    {0x1a42, 0xe88ab6},
    {0x688, 0xe88ab7},
    {0x684, 0xe88ab8},
    {0x67f, 0xe88ab9},
    {0x1a3a, 0xe88aba},
    {0x99c, 0xe88abb},
    {0x1a38, 0xe88abc},
    {0x67d, 0xe88abd},
    {0x687, 0xe88abe},
    {0x4a09, 0xe88abf},
    {0x1a30, 0xe88b80},
    {0x1a3f, 0xe88b82},
    {0x1a41, 0xe88b83},
    {0x45e3, 0xe88b84},
    {0x475a, 0xe88b8a},
    {0x4564, 0xe88b8f},
    {0x37c1, 0xe88b90},
    {0x7f9, 0xe88b91},
    {0x7f3, 0xe88b92},
    {0x7fb, 0xe88b93},
    {0x7f8, 0xe88b94},
    {0x1be7, 0xe88b95},
    {0x1bea, 0xe88b96},
    {0x7f4, 0xe88b97},
    {0x475b, 0xe88b98},
    {0x1be1, 0xe88b99},
    {0x7ed, 0xe88b9b},
    {0x7f7, 0xe88b9c},
    {0x7fa, 0xe88b9e},
    {0x7fc, 0xe88b9f},
    {0x1bf6, 0xe88ba0},
    {0x1bed, 0xe88ba1},
    {0x37c9, 0xe88ba2},
    {0x7ec, 0xe88ba3},
    {0x1bf5, 0xe88ba4},
    {0x7f0, 0xe88ba5},
    {0x7ee, 0xe88ba6},
    {0x7e9, 0xe88ba7},
    {0x1be5, 0xe88ba8},
    {0x1bf4, 0xe88baa},
    {0x1be9, 0xe88bab},
    {0x1bec, 0xe88bac},
    {0x1bf9, 0xe88bad},
    {0x4018, 0xe88bae},
    {0x7fd, 0xe88baf},
    {0x1bf3, 0xe88bb0},
    {0x7f5, 0xe88bb1},
    {0x1bee, 0xe88bb2},
    {0x1bf8, 0xe88bb3},
    {0x1beb, 0xe88bb4},
    {0x1bef, 0xe88bb5},
    {0x1bf2, 0xe88bb6},
    {0x3e77, 0xe88bb7},
    {0x49f2, 0xe88bb8},
    {0x1be3, 0xe88bb9},
    {0x1bf7, 0xe88bba},
    {0x1bf1, 0xe88bbb},
    {0x412d, 0xe88bbc},
    {0x3d92, 0xe88bbd},
    {0x1be2, 0xe88bbe},
    {0x43de, 0xe88bbf},
    {0x1be6, 0xe88c80},
    {0x7f6, 0xe88c81},
    {0x7f1, 0xe88c82},
    {0x7ea, 0xe88c83},
    {0x7ef, 0xe88c84},
    {0x7eb, 0xe88c85},
    {0x7fe, 0xe88c86},
    {0x1be4, 0xe88c87},
    {0x1dd0, 0xe88c88},
    {0x7f2, 0xe88c89},
    {0x3eb6, 0xe88c8b},
    {0x1bf0, 0xe88c8c},
    {0x1a7d, 0xe88c8d},
    {0x1dd3, 0xe88c96},
    {0x9aa, 0xe88c97},
    {0x37ca, 0xe88c98},
    {0x1dc3, 0xe88c99},
    {0x37c2, 0xe88c9a},
    {0x1dce, 0xe88c9b},
    {0x1dca, 0xe88c9c},
    {0x37d1, 0xe88c9d},
    {0x1ddd, 0xe88c9e},
    {0x1dd5, 0xe88ca0},
    {0x1dcb, 0xe88ca2},
    {0x1dd4, 0xe88ca4},
    {0x1dc5, 0xe88ca5},
    {0x1dc9, 0xe88ca6},
    {0x1de0, 0xe88ca7},
    {0x9ad, 0xe88ca8},
    {0x1dd8, 0xe88ca9},
    {0x1dcf, 0xe88caa},
    {0x99d, 0xe88cab},
    {0x1dde, 0xe88cac},
    {0x1dc1, 0xe88cad},
    {0x1dd7, 0xe88caf},
    {0x9ac, 0xe88cb1},
    {0x9a7, 0xe88cb2},
    {0x1dc0, 0xe88cb3},
    {0x9a5, 0xe88cb4},
    {0x9a4, 0xe88cb5},
    {0x9a9, 0xe88cb6},
    {0x1dd6, 0xe88cb7},
    {0x9a1, 0xe88cb8},
    {0x9a8, 0xe88cb9},
    {0x1be8, 0xe88cba},
    {0x2290, 0xe88cbb},
    {0x1dd1, 0xe88cbc},
    {0x3d2a, 0xe88cbd},
    {0x1dc7, 0xe88cbf},
    {0x9ab, 0xe88d80},
    {0x1dc8, 0xe88d81},
    {0x1dcc, 0xe88d82},
    {0x9ae, 0xe88d83},
    {0x1dc2, 0xe88d84},
    {0x1dda, 0xe88d85},
    {0x1dd9, 0xe88d87},
    {0x1de1, 0xe88d88},
    {0x9a3, 0xe88d89},
    {0x9a0, 0xe88d8a},
    {0x1ddf, 0xe88d8b},
    {0x1ddb, 0xe88d8c},
    {0x1dd2, 0xe88d8d},
    {0x1dcd, 0xe88d8e},
    {0x9a6, 0xe88d8f},
    {0x9a2, 0xe88d90},
    {0x1dc4, 0xe88d91},
    {0x99e, 0xe88d92},
    {0x1ddc, 0xe88d93},
    {0x99f, 0xe88d94},
    {0x1dc6, 0xe88d96},
    {0x475d, 0xe88d97},
    {0x37b6, 0xe88da2},
    {0x41eb, 0xe88da3},
    {0x3e1e, 0xe88da6},
    {0x4565, 0xe88daf},
    {0x201f, 0xe88db3},
    {0x2021, 0xe88db4},
    {0x2026, 0xe88db5},
    {0x203a, 0xe88db6},
    {0xb83, 0xe88db7},
    {0xb79, 0xe88db8},
    {0x201e, 0xe88dba},
    {0x2029, 0xe88dbd},
    {0x2030, 0xe88dbe},
    {0x2036, 0xe88dbf},
    {0x2023, 0xe88e81},
    {0x202a, 0xe88e83},
    {0x37d3, 0xe88e85},
    {0xb86, 0xe88e86},
    {0x2038, 0xe88e87},
    {0x2033, 0xe88e88},
    {0xb81, 0xe88e89},
    {0xb7f, 0xe88e8a},
    {0x202f, 0xe88e8b},
    {0x202b, 0xe88e8c},
    {0x201d, 0xe88e8d},
    {0xb76, 0xe88e8e},
    {0x2022, 0xe88e8f},
    {0x201a, 0xe88e90},
    {0x37ec, 0xe88e91},
    {0xb7e, 0xe88e92},
    {0xb80, 0xe88e93},
    {0x2027, 0xe88e94},
    {0x2024, 0xe88e95},
    {0xb7b, 0xe88e96},
    {0x2034, 0xe88e97},
    {0xb78, 0xe88e98},
    {0x2025, 0xe88e99},
    {0x22b9, 0xe88e9a},
    {0x202d, 0xe88e9b},
    {0x374d, 0xe88e9c},
    {0x202c, 0xe88e9d},
    {0xb77, 0xe88e9e},
    {0xb82, 0xe88ea0},
    {0xb7a, 0xe88ea2},
    {0x201b, 0xe88ea3},
    {0x2020, 0xe88ea4},
    {0x2031, 0xe88ea5},
    {0x2037, 0xe88ea6},
    {0xb87, 0xe88ea7},
    {0x201c, 0xe88ea8},
    {0x2028, 0xe88ea9},
    {0x202e, 0xe88eaa},
    {0xb7d, 0xe88eab},
    {0x37d6, 0xe88eac},
    {0x2039, 0xe88eae},
    {0x2032, 0xe88eaf},
    {0x2035, 0xe88eb0},
    {0x42a7, 0xe88eb9},
    {0xb7c, 0xe88ebd},
    {0x3f59, 0xe88ebe},
    {0x22a0, 0xe88ebf},
    {0x2294, 0xe88f80},
    {0xd35, 0xe88f81},
    {0x22b1, 0xe88f82},
    {0x22ba, 0xe88f83},
    {0x22bd, 0xe88f84},
    {0xd33, 0xe88f85},
    {0x229c, 0xe88f86},
    {0x22b5, 0xe88f87},
    {0x229d, 0xe88f88},
    {0x22ab, 0xe88f89},
    {0xd40, 0xe88f8a},
    {0x22a7, 0xe88f8b},
    {0xd3d, 0xe88f8c},
    {0x4055, 0xe88f8d},
    {0x22a8, 0xe88f8e},
    {0x2291, 0xe88f8f},
    {0x22b6, 0xe88f91},
    {0x37d8, 0xe88f93},
    {0xd46, 0xe88f94},
    {0x22b3, 0xe88f95},
    {0x22a9, 0xe88f96},
    {0x22bf, 0xe88f97},
    {0x22a4, 0xe88f98},
    {0x254e, 0xe88f99},
    {0x22c2, 0xe88f9b},
    {0xd44, 0xe88f9c},
    {0x22a2, 0xe88f9d},
    {0x22ae, 0xe88f9e},
    {0xd47, 0xe88f9f},
    {0xd32, 0xe88fa0},
    {0x22a6, 0xe88fa1},
    {0x22c0, 0xe88fa2},
    {0x229f, 0xe88fa3},
    {0x2298, 0xe88fa4},
    {0x22a3, 0xe88fa5},
    {0x2297, 0xe88fa7},
    {0x2295, 0xe88fa8},
    {0xd2e, 0xe88fa9},
    {0x22b7, 0xe88faa},
    {0x229e, 0xe88fab},
    {0x22bb, 0xe88fac},
    {0x3d2c, 0xe88fad},
    {0x22bc, 0xe88fae},
    {0xd36, 0xe88faf},
    {0xd3b, 0xe88fb0},
    {0xd37, 0xe88fb1},
    {0xd3f, 0xe88fb2},
    {0x22b2, 0xe88fb3},
    {0xd38, 0xe88fb4},
    {0x22aa, 0xe88fb5},
    {0x229a, 0xe88fb6},
    {0xd30, 0xe88fb8},
    {0x2292, 0xe88fb9},
    {0x22b4, 0xe88fba},
    {0x22be, 0xe88fbb},
    {0x2299, 0xe88fbc},
    {0xd3e, 0xe88fbd},
    {0x22c3, 0xe88fbe},
    {0x22a5, 0xe88fbf},
    {0x22a1, 0xe89081},
    {0xd2f, 0xe89083},
    {0xd43, 0xe89084},
    {0x475f, 0xe89085},
    {0x22b0, 0xe89086},
    {0xd45, 0xe89087},
    {0x22ac, 0xe89089},
    {0xd3a, 0xe8908a},
    {0xd34, 0xe8908b},
    {0xd3c, 0xe8908c},
    {0xd31, 0xe8908d},
    {0xd42, 0xe8908e},
    {0x22ad, 0xe8908f},
    {0x229b, 0xe89090},
    {0x22af, 0xe89091},
    {0x2296, 0xe89092},
    {0x22b8, 0xe89093},
    {0x3c10, 0xe89094},
    {0x4037, 0xe89096},
    {0x3e7a, 0xe89098},
    {0x22c1, 0xe8909b},
    {0x3eb3, 0xe8909c},
    {0x3c55, 0xe890a0},
    {0x3751, 0xe890a1},
    {0x2293, 0xe890a3},
    {0x4951, 0xe890a4},
    {0x46d8, 0xe890a6},
    {0x254d, 0xe890a9},
    {0x2563, 0xe890ab},
    {0xeac, 0xe890ac},
    {0x2552, 0xe890ad},
    {0x422d, 0xe890ae},
    {0x2550, 0xe890af},
    {0x253b, 0xe890b0},
    {0xede, 0xe890b1},
    {0x254b, 0xe890b2},
    {0x255f, 0xe890b3},
    {0x2547, 0xe890b4},
    {0xee6, 0xe890b5},
    {0x255e, 0xe890b6},
    {0x2545, 0xe890b7},
    {0xd41, 0xe890b8},
    {0x2555, 0xe890b9},
    {0x2546, 0xe890ba},
    {0x255c, 0xe890bb},
    {0xee5, 0xe890bc},
    {0xedd, 0xe890bd},
    {0x3d21, 0xe890be},
    {0x2530, 0xe890bf},
    {0x2538, 0xe89180},
    {0x2551, 0xe89182},
    {0x2549, 0xe89183},
    {0x2562, 0xe89184},
    {0x254c, 0xe89185},
    {0xeeb, 0xe89186},
    {0x255d, 0xe89187},
    {0x4718, 0xe89188},
    {0xee2, 0xe89189},
    {0x37e4, 0xe8918a},
    {0x254f, 0xe8918b},
    {0x2557, 0xe8918c},
    {0x253c, 0xe8918d},
    {0x2556, 0xe8918e},
    {0x2567, 0xe89190},
    {0x2537, 0xe89191},
    {0x2558, 0xe89192},
    {0x3b7d, 0xe89193},
    {0x2565, 0xe89194},
    {0x398b, 0xe89195},
    {0x2531, 0xe89196},
    {0xd39, 0xe89197},
    {0x37de, 0xe89198},
    {0x253f, 0xe89199},
    {0x253e, 0xe8919a},
    {0xee4, 0xe8919b},
    {0x3edb, 0xe8919c},
    {0x2542, 0xe8919d},
    {0x2544, 0xe8919e},
    {0x2553, 0xe8919f},
    {0x2564, 0xe891a0},
    {0xee7, 0xe891a1},
    {0x42da, 0xe891a2},
    {0xee8, 0xe891a3},
    {0x4761, 0xe891a4},
    {0x2536, 0xe891a5},
    {0xee0, 0xe891a6},
    {0x253a, 0xe891a7},
    {0x2560, 0xe891a8},
    {0xee9, 0xe891a9},
    {0xee1, 0xe891ab},
    {0xee3, 0xe891ac},
    {0xeea, 0xe891ad},
    {0x2566, 0xe891ae},
    {0x2559, 0xe891af},
    {0x2554, 0xe891b0},
    {0x37e0, 0xe891b1},
    {0x3c93, 0xe891b2},
    {0x2541, 0xe891b3},
    {0x2540, 0xe891b4},
    {0xedf, 0xe891b5},
    {0x2532, 0xe891b6},
    {0xedc, 0xe891b7},
    {0x254a, 0xe891b8},
    {0x2533, 0xe891b9},
    {0x2548, 0xe891ba},
    {0x253d, 0xe891bd},
    {0x2561, 0xe891be},
    {0x394e, 0xe891bf},
    {0x46c9, 0xe89280},
    {0xedb, 0xe89282},
    {0x4a9f, 0xe89284},
    {0x2539, 0xe89286},
    {0x4762, 0xe89288},
    {0x2535, 0xe8928d},
    {0x255b, 0xe8928e},
    {0x2534, 0xe8928f},
    {0x108e, 0xe89290},
    {0x27cd, 0xe89291},
    {0x3756, 0xe89292},
    {0x37ee, 0xe89293},
    {0x27bc, 0xe89294},
    {0x3b6e, 0xe89295},
    {0x46c6, 0xe89296},
    {0x27a6, 0xe89297},
    {0x27c4, 0xe89298},
    {0x1086, 0xe89299},
    {0x27b5, 0xe8929a},
    {0x27bf, 0xe8929b},
    {0x1089, 0xe8929c},
    {0x27b8, 0xe8929d},
    {0x1087, 0xe8929e},
    {0x27a9, 0xe8929f},
    {0x27c7, 0xe892a0},
    {0x27a8, 0xe892a1},
    {0x27bb, 0xe892a2},
    {0x3b9e, 0xe892a3},
    {0x27a7, 0xe892a4},
    {0x27b9, 0xe892a7},
    {0x27c2, 0xe892a8},
    {0x27c0, 0xe892a9},
    {0x27b4, 0xe892aa},
    {0x27af, 0xe892ab},
    {0x27ad, 0xe892ac},
    {0x3d8c, 0xe892ad},
    {0x27ae, 0xe892ae},
    {0x27c1, 0xe892af},
    {0x27cc, 0xe892b0},
    {0x27b6, 0xe892b1},
    {0x1088, 0xe892b2},
    {0x27b1, 0xe892b4},
    {0x27c5, 0xe892b6},
    {0x108b, 0xe892b8},
    {0x27b0, 0xe892b9},
    {0x27aa, 0xe892ba},
    {0x27ba, 0xe892bb},
    {0x108f, 0xe892bc},
    {0x3c4c, 0xe892bd},
    {0x4764, 0xe892be},
    {0x1083, 0xe892bf},
    {0x108c, 0xe89380},
    {0x27b2, 0xe89381},
    {0x27ac, 0xe89382},
    {0x1085, 0xe89384},
    {0x255a, 0xe89385},
    {0x1084, 0xe89386},
    {0x27bd, 0xe89387},
    {0x1082, 0xe89389},
    {0x1091, 0xe8938a},
    {0x108a, 0xe8938b},
    {0x27be, 0xe8938c},
    {0x27b3, 0xe8938d},
    {0x27ab, 0xe8938e},
    {0x27c6, 0xe8938f},
    {0x27b7, 0xe89390},
    {0x1090, 0xe89391},
    {0x27ca, 0xe89392},
    {0x108d, 0xe89393},
    {0x27c9, 0xe89394},
    {0x27c3, 0xe89396},
    {0x27c8, 0xe89397},
    {0x3ff5, 0xe8939a},
    {0x27cb, 0xe8939b},
    {0x37ea, 0xe8939e},
    {0x4765, 0xe893a1},
    {0x37b5, 0xe893a2},
    {0x37ef, 0xe893a4},
    {0x3bd0, 0xe893a5},
    {0x29f7, 0xe893a9},
    {0x29f6, 0xe893aa},
    {0x29f2, 0xe893ab},
    {0x11fb, 0xe893ac},
    {0x11f3, 0xe893ae},
    {0x2a06, 0xe893af},
    {0x2a05, 0xe893b0},
    {0x252f, 0xe893b1},
    {0x29ef, 0xe893b2},
    {0x29f3, 0xe893b3},
    {0x29ed, 0xe893b4},
    {0x2a00, 0xe893b6},
    {0x29f1, 0xe893b7},
    {0x4766, 0xe893b8},
    {0x2a07, 0xe893b9},
    {0x29ea, 0xe893ba},
    {0x29e8, 0xe893bb},
    {0x29f4, 0xe893bc},
    {0x29fe, 0xe893bd},
    {0x29f9, 0xe893be},
    {0x11fd, 0xe893bf},
    {0x29df, 0xe89480},
    {0x29fd, 0xe89482},
    {0x3988, 0xe89483},
    {0x4acb, 0xe89484},
    {0x40eb, 0xe89485},
    {0x11fe, 0xe89486},
    {0x2543, 0xe89487},
    {0x29eb, 0xe89488},
    {0x29e2, 0xe89489},
    {0x29e5, 0xe8948a},
    {0x2a0b, 0xe8948b},
    {0x29ec, 0xe8948c},
    {0x29e3, 0xe8948d},
    {0x29e1, 0xe8948e},
    {0x29de, 0xe8948f},
    {0x4767, 0xe89490},
    {0x11f7, 0xe89491},
    {0x29f5, 0xe89492},
    {0x11f6, 0xe89493},
    {0x11fa, 0xe89494},
    {0x29f0, 0xe89495},
    {0x29f8, 0xe89496},
    {0x11f0, 0xe89497},
    {0x2a08, 0xe89498},
    {0x2a0c, 0xe89499},
    {0x11f2, 0xe8949a},
    {0x29e7, 0xe8949c},
    {0x29fb, 0xe8949d},
    {0x29ff, 0xe8949e},
    {0x29e4, 0xe8949f},
    {0x2a09, 0xe894a0},
    {0x11f9, 0xe894a1},
    {0x11f8, 0xe894a3},
    {0x29dc, 0xe894a4},
    {0x11fc, 0xe894a5},
    {0x2a02, 0xe894a6},
    {0x29e6, 0xe894a7},
    {0x29fa, 0xe894a8},
    {0x29e0, 0xe894a9},
    {0x29ee, 0xe894aa},
    {0x29e9, 0xe894ab},
    {0x29fc, 0xe894ae},
    {0x2a0d, 0xe894af},
    {0x2a0a, 0xe894b0},
    {0x2a01, 0xe894b1},
    {0x4228, 0xe894b3},
    {0x37f4, 0xe894b4},
    {0x4768, 0xe894b8},
    {0x29dd, 0xe894bb},
    {0x11f1, 0xe894bd},
    {0x2c4f, 0xe894be},
    {0x2c46, 0xe89580},
    {0x2c49, 0xe89581},
    {0x4062, 0xe89582},
    {0x133b, 0xe89583},
    {0x2c4b, 0xe89584},
    {0x2c40, 0xe89585},
    {0x2c47, 0xe89586},
    {0x2c4d, 0xe89587},
    {0x1338, 0xe89588},
    {0x133c, 0xe89589},
    {0x1336, 0xe8958a},
    {0x37c0, 0xe8958b},
    {0x400f, 0xe8958c},
    {0x2c42, 0xe8958d},
    {0x2c52, 0xe8958e},
    {0x2c4c, 0xe89591},
    {0x4769, 0xe89592},
    {0x2c43, 0xe89593},
    {0x2c5b, 0xe89594},
    {0x2c55, 0xe89595},
    {0x2c3f, 0xe89596},
    {0x2e23, 0xe89597},
    {0x2c45, 0xe89598},
    {0x1337, 0xe89599},
    {0x37db, 0xe8959a},
    {0x2c50, 0xe8959b},
    {0x2c5a, 0xe8959d},
    {0x133f, 0xe8959e},
    {0x49fa, 0xe8959f},
    {0x2c57, 0xe895a0},
    {0x2c44, 0xe895a1},
    {0x2c4a, 0xe895a2},
    {0x2c4e, 0xe895a3},
    {0x2c48, 0xe895a4},
    {0x2c5c, 0xe895a5},
    {0x2c59, 0xe895a6},
    {0x2c56, 0xe895a7},
    {0x133e, 0xe895aa},
    {0x2c41, 0xe895ab},
    {0x2c5d, 0xe895ac},
    {0x133d, 0xe895ad},
    {0x2c53, 0xe895ae},
    {0x2c51, 0xe895b1},
    {0x37f8, 0xe895b3},
    {0x2c54, 0xe895b5},
    {0x2e30, 0xe895b6},
    {0x2e1d, 0xe895b7},
    {0x2e22, 0xe895b8},
    {0x2e2f, 0xe895b9},
    {0x2e21, 0xe895ba},
    {0x2e19, 0xe895bb},
    {0x2e1e, 0xe895bc},
    {0x145c, 0xe895be},
    {0x2e12, 0xe89680},
    {0x2e2a, 0xe89681},
    {0x2e2c, 0xe89682},
    {0x2e11, 0xe89683},
    {0x145b, 0xe89684},
    {0x2e2e, 0xe89685},
    {0x2e26, 0xe89686},
    {0x1462, 0xe89687},
    {0x2e2d, 0xe89688},
    {0x2e1f, 0xe89689},
    {0x1464, 0xe8968a},
    {0x2e17, 0xe8968b},
    {0x2c58, 0xe8968c},
    {0x2e27, 0xe8968d},
    {0x2e24, 0xe8968e},
    {0x2e13, 0xe8968f},
    {0x2e32, 0xe89690},
    {0x145e, 0xe89691},
    {0x4a4a, 0xe89693},
    {0x145f, 0xe89694},
    {0x2e15, 0xe89695},
    {0x2e25, 0xe89696},
    {0x49f3, 0xe89697},
    {0x2e31, 0xe89698},
    {0x2e28, 0xe89699},
    {0x2e1b, 0xe8969a},
    {0x1461, 0xe8969b},
    {0x145d, 0xe8969c},
    {0x2e29, 0xe8969d},
    {0x2e1c, 0xe8969e},
    {0x2e33, 0xe8969f},
    {0x2e16, 0xe896a0},
    {0x2e20, 0xe896a1},
    {0x2e2b, 0xe896a2},
    {0x2e18, 0xe896a3},
    {0x2e1a, 0xe896a4},
    {0x1465, 0xe896a6},
    {0x2e14, 0xe896a7},
    {0x1463, 0xe896a8},
    {0x151c, 0xe896a9},
    {0x145a, 0xe896aa},
    {0x1460, 0xe896af},
    {0x1520, 0xe896b0},
    {0x2fa6, 0xe896b1},
    {0x2f9c, 0xe896b3},
    {0x2f97, 0xe896b4},
    {0x2f9d, 0xe896b5},
    {0x2fa7, 0xe896b6},
    {0x2fab, 0xe896b7},
    {0x2faa, 0xe896b8},
    {0x1522, 0xe896b9},
    {0x1521, 0xe896ba},
    {0x2f9e, 0xe896bd},
    {0x2fac, 0xe896be},
    {0x2fa1, 0xe896bf},
    {0x2f99, 0xe89780},
    {0x37fe, 0xe89781},
    {0x2f9b, 0xe89782},
    {0x2f9a, 0xe89783},
    {0x2fa0, 0xe89784},
    {0x2fa5, 0xe89785},
    {0x2f98, 0xe89786},
    {0x2f9f, 0xe89787},
    {0x2fa4, 0xe89788},
    {0x151f, 0xe89789},
    {0x2fa2, 0xe8978b},
    {0x151d, 0xe8978d},
    {0x2fa3, 0xe8978e},
    {0x151b, 0xe8978f},
    {0x151e, 0xe89790},
    {0x3101, 0xe89791},
    {0x2fa8, 0xe89792},
    {0x15b7, 0xe89795},
    {0x4a07, 0xe89796},
    {0x30f9, 0xe89797},
    {0x30fd, 0xe89798},
    {0x30f5, 0xe89799},
    {0x30f8, 0xe8979a},
    {0x3100, 0xe8979c},
    {0x15b5, 0xe8979d},
    {0x3105, 0xe8979e},
    {0x30fe, 0xe8979f},
    {0x476d, 0xe897a0},
    {0x30f6, 0xe897a1},
    {0x3106, 0xe897a2},
    {0x30ff, 0xe897a3},
    {0x3103, 0xe897a6},
    {0x30f7, 0xe897a8},
    {0x15b4, 0xe897a9},
    {0x15b6, 0xe897aa},
    {0x30f2, 0xe897ab},
    {0x30fa, 0xe897ac},
    {0x30f4, 0xe897ad},
    {0x3c56, 0xe897ae},
    {0x3104, 0xe897af},
    {0x3102, 0xe897b0},
    {0x30f3, 0xe897b1},
    {0x30fb, 0xe897b2},
    {0x4ae3, 0xe897b4},
    {0x3225, 0xe897b6},
    {0x15ba, 0xe897b7},
    {0x30fc, 0xe897b8},
    {0x1638, 0xe897b9},
    {0x163a, 0xe897ba},
    {0x1637, 0xe897bb},
    {0x3c50, 0xe897bc},
    {0x322a, 0xe897bd},
    {0x3222, 0xe897be},
    {0x3220, 0xe897bf},
    {0x3224, 0xe89880},
    {0x3221, 0xe89881},
    {0x3800, 0xe89882},
    {0x3226, 0xe89884},
    {0x3228, 0xe89885},
    {0x163b, 0xe89886},
    {0x163d, 0xe89887},
    {0x3227, 0xe89889},
    {0x163e, 0xe8988a},
    {0x163c, 0xe8988b},
    {0x3229, 0xe8988c},
    {0x4064, 0xe8988d},
    {0x49c2, 0xe8988f},
    {0x3b7f, 0xe89890},
    {0x1639, 0xe89891},
    {0x4aa3, 0xe89893},
    {0x46be, 0xe89894},
    {0x37fb, 0xe89896},
    {0x1685, 0xe89897},
    {0x32f6, 0xe89898},
    {0x32fc, 0xe89899},
    {0x1687, 0xe8989a},
    {0x3223, 0xe8989b},
    {0x32fb, 0xe8989c},
    {0x3302, 0xe8989e},
    {0x32f9, 0xe8989f},
    {0x3300, 0xe898a0},
    {0x32ff, 0xe898a1},
    {0x321f, 0xe898a2},
    {0x32fa, 0xe898a3},
    {0x2fa9, 0xe898a4},
    {0x3303, 0xe898a5},
    {0x32f8, 0xe898a6},
    {0x32fd, 0xe898a7},
    {0x3805, 0xe898a8},
    {0x3301, 0xe898a9},
    {0x32f7, 0xe898aa},
    {0x33aa, 0xe898ac},
    {0x1686, 0xe898ad},
    {0x32fe, 0xe898ae},
    {0x3f9e, 0xe898af},
    {0x3432, 0xe898b1},
    {0x33ab, 0xe898b2},
    {0x33a9, 0xe898b3},
    {0x33ac, 0xe898b6},
    {0x1707, 0xe898b8},
    {0x3430, 0xe898b9},
    {0x342e, 0xe898ba},
    {0x3433, 0xe898bb},
    {0x3431, 0xe898bc},
    {0x3434, 0xe898be},
    {0x1708, 0xe898bf},
    {0x342f, 0xe89980},
    {0x38c1, 0xe89982},
    {0x3497, 0xe89983},
    {0x3b66, 0xe89985},
    {0x353e, 0xe8998b},
    {0x3536, 0xe8998c},
    {0x1818, 0xe8998d},
    {0x689, 0xe8998e},
    {0x7ff, 0xe89990},
    {0x1de3, 0xe89992},
    {0x1de2, 0xe89993},
    {0x9af, 0xe89994},
    {0xb88, 0xe89995},
    {0x203c, 0xe89996},
    {0x203b, 0xe89999},
    {0xd48, 0xe8999b},
    {0xeed, 0xe8999c},
    {0xeec, 0xe8999e},
    {0xeee, 0xe8999f},
    {0x27ce, 0xe899a1},
    {0x2a0e, 0xe899a2},
    {0x2c5e, 0xe899a3},
    {0x2c60, 0xe899a4},
    {0x2c5f, 0xe899a5},
    {0x1466, 0xe899a7},
    {0x2e34, 0xe899a8},
    {0x2fad, 0xe899a9},
    {0x351e, 0xe899aa},
    {0x40f, 0xe899ab},
    {0x3813, 0xe899ac},
    {0x1a45, 0xe899af},
    {0x1a44, 0xe899b0},
    {0x68a, 0xe899b1},
    {0x476f, 0xe899b2},
    {0x1bfd, 0xe899b3},
    {0x1bfb, 0xe899b4},
    {0x1bfa, 0xe899b7},
    {0x800, 0xe899b9},
    {0x802, 0xe899ba},
    {0x801, 0xe899bb},
    {0x1bfc, 0xe899bc},
    {0x380a, 0xe899be},
    {0x1def, 0xe89a85},
    {0x1dec, 0xe89a86},
    {0x1dea, 0xe89a87},
    {0x9b0, 0xe89a8a},
    {0x1ded, 0xe89a8b},
    {0x9b5, 0xe89a8c},
    {0x1de7, 0xe89a8d},
    {0x1df6, 0xe89a8e},
    {0x1df8, 0xe89a90},
    {0x1de8, 0xe89a91},
    {0x4770, 0xe89a92},
    {0x9b2, 0xe89a93},
    {0x1df9, 0xe89a94},
    {0x1df4, 0xe89a95},
    {0x1de6, 0xe89a96},
    {0x1deb, 0xe89a97},
    {0x1df5, 0xe89a98},
    {0x1df1, 0xe89a99},
    {0x1dee, 0xe89a9a},
    {0x9b7, 0xe89a9c},
    {0x1df7, 0xe89a9d},
    {0x1de9, 0xe89a9e},
    {0x3b88, 0xe89aa0},
    {0x1df2, 0xe89aa1},
    {0x1de4, 0xe89aa2},
    {0x9b6, 0xe89aa3},
    {0x9b3, 0xe89aa4},
    {0x1df0, 0xe89aa5},
    {0x1df3, 0xe89aa7},
    {0x1de5, 0xe89aa8},
    {0x9b4, 0xe89aa9},
    {0x9b1, 0xe89aaa},
    {0x3f06, 0xe89aad},
    {0xb92, 0xe89aaf},
    {0x2043, 0xe89ab0},
    {0xb91, 0xe89ab1},
    {0x43e0, 0xe89ab2},
    {0x2046, 0xe89ab3},
    {0x2049, 0xe89ab4},
    {0xb8e, 0xe89ab5},
    {0xb8c, 0xe89ab6},
    {0x203e, 0xe89ab7},
    {0x2047, 0xe89ab8},
    {0x2045, 0xe89ab9},
    {0x2042, 0xe89aba},
    {0x203d, 0xe89abf},
    {0xb8b, 0xe89b80},
    {0x2040, 0xe89b81},
    {0x203f, 0xe89b82},
    {0x204c, 0xe89b83},
    {0xb8d, 0xe89b84},
    {0x2041, 0xe89b85},
    {0xb8f, 0xe89b86},
    {0xb8a, 0xe89b87},
    {0x2044, 0xe89b88},
    {0xb93, 0xe89b89},
    {0xb90, 0xe89b8b},
    {0x2048, 0xe89b8c},
    {0xd4f, 0xe89b90},
    {0x22d2, 0xe89b91},
    {0x22c7, 0xe89b93},
    {0xd4c, 0xe89b94},
    {0x256d, 0xe89b96},
    {0x22d0, 0xe89b97},
    {0x22c4, 0xe89b98},
    {0xd4a, 0xe89b99},
    {0x22c9, 0xe89b9a},
    {0xd4d, 0xe89b9b},
    {0x22cd, 0xe89b9c},
    {0x22cb, 0xe89b9d},
    {0xd50, 0xe89b9e},
    {0xd49, 0xe89b9f},
    {0x22c5, 0xe89ba2},
    {0x22c8, 0xe89ba3},
    {0xd4e, 0xe89ba4},
    {0x22c6, 0xe89ba6},
    {0x22d1, 0xe89ba8},
    {0x22cf, 0xe89ba9},
    {0x22ca, 0xe89baa},
    {0x22cc, 0xe89bab},
    {0x22ce, 0xe89bac},
    {0xd4b, 0xe89bad},
    {0x4771, 0xe89baf},
    {0x256e, 0xe89bb5},
    {0x2574, 0xe89bb6},
    {0x256a, 0xe89bb7},
    {0x2570, 0xe89bb8},
    {0xeef, 0xe89bb9},
    {0x256c, 0xe89bba},
    {0xef5, 0xe89bbb},
    {0xef4, 0xe89bbe},
    {0xef3, 0xe89c80},
    {0x2573, 0xe89c81},
    {0x2569, 0xe89c84},
    {0x2576, 0xe89c85},
    {0xef8, 0xe89c86},
    {0xef2, 0xe89c87},
    {0xef1, 0xe89c88},
    {0x2572, 0xe89c89},
    {0xef9, 0xe89c8a},
    {0x2568, 0xe89c8b},
    {0x256b, 0xe89c8c},
    {0x2575, 0xe89c8d},
    {0x2571, 0xe89c8e},
    {0x27ee, 0xe89c91},
    {0x27e3, 0xe89c92},
    {0xef0, 0xe89c93},
    {0x4ae4, 0xe89c95},
    {0x1098, 0xe89c98},
    {0x27d7, 0xe89c99},
    {0x27ec, 0xe89c9a},
    {0x27d8, 0xe89c9b},
    {0x1093, 0xe89c9c},
    {0x27d5, 0xe89c9e},
    {0x27de, 0xe89ca0},
    {0x27d6, 0xe89ca1},
    {0x1095, 0xe89ca2},
    {0x27d0, 0xe89ca3},
    {0x27eb, 0xe89ca4},
    {0x1096, 0xe89ca5},
    {0x27d1, 0xe89ca8},
    {0x109b, 0xe89ca9},
    {0x27e0, 0xe89caa},
    {0x27da, 0xe89cac},
    {0x27e1, 0xe89cad},
    {0x27d4, 0xe89cae},
    {0x27ed, 0xe89cb0},
    {0x27e5, 0xe89cb1},
    {0x27df, 0xe89cb2},
    {0x27cf, 0xe89cb3},
    {0x1097, 0xe89cb4},
    {0x27e6, 0xe89cb5},
    {0x109a, 0xe89cb7},
    {0x27ea, 0xe89cb8},
    {0x27e4, 0xe89cba},
    {0x1094, 0xe89cbb},
    {0x27e2, 0xe89cbc},
    {0x27dc, 0xe89cbe},
    {0x1092, 0xe89cbf},
    {0x27d3, 0xe89d80},
    {0x27db, 0xe89d81},
    {0x27e7, 0xe89d82},
    {0x27d9, 0xe89d83},
    {0x27dd, 0xe89d86},
    {0x1208, 0xe89d8c},
    {0x256f, 0xe89d8d},
    {0x2a20, 0xe89d8e},
    {0x2a29, 0xe89d8f},
    {0x2a1f, 0xe89d90},
    {0x2a1b, 0xe89d91},
    {0x2a18, 0xe89d92},
    {0x1209, 0xe89d93},
    {0x2a16, 0xe89d94},
    {0x1099, 0xe89d95},
    {0x2a0f, 0xe89d96},
    {0x1207, 0xe89d97},
    {0x2a15, 0xe89d98},
    {0x1206, 0xe89d99},
    {0x2a1a, 0xe89d9a},
    {0x2a17, 0xe89d9b},
    {0x2a27, 0xe89d9c},
    {0x2a22, 0xe89d9d},
    {0x2a1c, 0xe89d9e},
    {0x2a21, 0xe89d9f},
    {0x1202, 0xe89da0},
    {0x2a19, 0xe89da1},
    {0x2a2c, 0xe89da2},
    {0x2a28, 0xe89da5},
    {0x1203, 0xe89da6},
    {0x2a2d, 0xe89da7},
    {0x1205, 0xe89da8},
    {0x2a2e, 0xe89da9},
    {0x2a1e, 0xe89daa},
    {0x27d2, 0xe89dab},
    {0x2a24, 0xe89dac},
    {0x2a1d, 0xe89dad},
    {0x2a26, 0xe89dae},
    {0x2a23, 0xe89daf},
    {0x3e6c, 0xe89db0},
    {0x46a7, 0xe89db1},
    {0x2a14, 0xe89db3},
    {0x1200, 0xe89db4},
    {0x2a2b, 0xe89db5},
    {0x1201, 0xe89db6},
    {0x2a12, 0xe89db7},
    {0x1204, 0xe89db8},
    {0x2c6b, 0xe89db9},
    {0x2a25, 0xe89dba},
    {0x2a2a, 0xe89dbb},
    {0x4045, 0xe89dbd},
    {0x2c68, 0xe89e81},
    {0x11ff, 0xe89e82},
    {0x1340, 0xe89e83},
    {0x2c72, 0xe89e84},
    {0x2c6e, 0xe89e85},
    {0x48e6, 0xe89e86},
    {0x2c6c, 0xe89e87},
    {0x2c67, 0xe89e88},
    {0x2c76, 0xe89e89},
    {0x43e2, 0xe89e8b},
    {0x3fef, 0xe89e8c},
    {0x1344, 0xe89e8d},
    {0x2c63, 0xe89e8f},
    {0x2c66, 0xe89e92},
    {0x2c65, 0xe89e93},
    {0x2c73, 0xe89e94},
    {0x2c69, 0xe89e96},
    {0x2c64, 0xe89e97},
    {0x2c6a, 0xe89e98},
    {0x2c75, 0xe89e9a},
    {0x2c62, 0xe89e9b},
    {0x2c74, 0xe89e9c},
    {0x2c71, 0xe89e9d},
    {0x1342, 0xe89e9e},
    {0x1341, 0xe89e9f},
    {0x1343, 0xe89ea2},
    {0x2c6d, 0xe89ea3},
    {0x2c61, 0xe89ea4},
    {0x3d88, 0xe89ea5},
    {0x3fec, 0xe89ea9},
    {0x2e36, 0xe89eaa},
    {0x146c, 0xe89eab},
    {0x2e3a, 0xe89eac},
    {0x2e37, 0xe89ead},
    {0x2e3e, 0xe89eae},
    {0x2e44, 0xe89eaf},
    {0x2e39, 0xe89eb0},
    {0x380f, 0xe89eb1},
    {0x2e4d, 0xe89eb2},
    {0x1469, 0xe89eb3},
    {0x2e47, 0xe89eb4},
    {0x2e3c, 0xe89eb5},
    {0x2e48, 0xe89eb6},
    {0x2e43, 0xe89eb7},
    {0x2e4a, 0xe89eb8},
    {0x2e3b, 0xe89eb9},
    {0x146e, 0xe89eba},
    {0x146d, 0xe89ebb},
    {0x2e3d, 0xe89ebc},
    {0x2e4b, 0xe89ebd},
    {0x2e35, 0xe89ebe},
    {0x2e49, 0xe89ebf},
    {0x1467, 0xe89f80},
    {0x3ffc, 0xe89f81},
    {0x2e41, 0xe89f82},
    {0x2e40, 0xe89f83},
    {0x2e45, 0xe89f84},
    {0x2e38, 0xe89f85},
    {0x146b, 0xe89f86},
    {0x146f, 0xe89f88},
    {0x2e3f, 0xe89f89},
    {0x2e46, 0xe89f8a},
    {0x1470, 0xe89f8b},
    {0x2e42, 0xe89f8c},
    {0x3fed, 0xe89f8e},
    {0x1468, 0xe89f91},
    {0x146a, 0xe89f92},
    {0x2fba, 0xe89f93},
    {0x2fb8, 0xe89f94},
    {0x3f92, 0xe89f96},
    {0x2fbe, 0xe89f97},
    {0x2fbc, 0xe89f98},
    {0x2fbf, 0xe89f99},
    {0x3810, 0xe89f9a},
    {0x2fb1, 0xe89f9b},
    {0x2fb9, 0xe89f9c},
    {0x2fc3, 0xe89f9d},
    {0x2e4c, 0xe89f9e},
    {0x2fb5, 0xe89f9f},
    {0x1526, 0xe89fa0},
    {0x2a13, 0xe89fa1},
    {0x2fb0, 0xe89fa2},
    {0x2fbd, 0xe89fa3},
    {0x2fb7, 0xe89fa4},
    {0x2fb4, 0xe89fa5},
    {0x2faf, 0xe89fa6},
    {0x2fae, 0xe89fa7},
    {0x2fc2, 0xe89fa8},
    {0x2fb3, 0xe89faa},
    {0x2fb2, 0xe89fab},
    {0x1524, 0xe89fac},
    {0x2fbb, 0xe89fad},
    {0x380d, 0xe89fae},
    {0x1523, 0xe89faf},
    {0x1525, 0xe89fb2},
    {0x2fb6, 0xe89fb3},
    {0x2fc1, 0xe89fb4},
    {0x3fae, 0xe89fb5},
    {0x15be, 0xe89fb9},
    {0x3108, 0xe89fba},
    {0x15bb, 0xe89fbb},
    {0x3110, 0xe89fbc},
    {0x15bf, 0xe89fbe},
    {0x3112, 0xe89fbf},
    {0x3107, 0xe8a080},
    {0x2fc0, 0xe8a081},
    {0x3114, 0xe8a082},
    {0x3109, 0xe8a083},
    {0x3eaf, 0xe8a084},
    {0x15bc, 0xe8a085},
    {0x310f, 0xe8a086},
    {0x3111, 0xe8a088},
    {0x310c, 0xe8a089},
    {0x3113, 0xe8a08a},
    {0x310e, 0xe8a08b},
    {0x310d, 0xe8a08c},
    {0x15bd, 0xe8a08d},
    {0x3811, 0xe8a08f},
    {0x322f, 0xe8a093},
    {0x3230, 0xe8a096},
    {0x322e, 0xe8a097},
    {0x3f7a, 0xe8a098},
    {0x322b, 0xe8a099},
    {0x3306, 0xe8a09b},
    {0x3309, 0xe8a09c},
    {0x3305, 0xe8a09d},
    {0x168b, 0xe8a09f},
    {0x3307, 0xe8a0a0},
    {0x168a, 0xe8a0a1},
    {0x1689, 0xe8a0a2},
    {0x1688, 0xe8a0a3},
    {0x3308, 0xe8a0a4},
    {0x33b1, 0xe8a0a5},
    {0x33af, 0xe8a0a6},
    {0x3e07, 0xe8a0a7},
    {0x33ae, 0xe8a0a8},
    {0x3304, 0xe8a0a9},
    {0x33b0, 0xe8a0aa},
    {0x330a, 0xe8a0ab},
    {0x33ad, 0xe8a0ac},
    {0x3b8b, 0xe8a0ad},
    {0x3437, 0xe8a0ae},
    {0x3415, 0xe8a0af},
    {0x3435, 0xe8a0b0},
    {0x1709, 0xe8a0b1},
    {0x3436, 0xe8a0b2},
    {0x3438, 0xe8a0b3},
    {0x349a, 0xe8a0b5},
    {0x1728, 0xe8a0b6},
    {0x3499, 0xe8a0b7},
    {0x3498, 0xe8a0b8},
    {0x1729, 0xe8a0b9},
    {0x1747, 0xe8a0bb},
    {0x3508, 0xe8a0bc},
    {0x3520, 0xe8a0bd},
    {0x351f, 0xe8a0be},
    {0x3521, 0xe8a0bf},
    {0x410, 0xe8a180},
    {0x1bfe, 0xe8a181},
    {0x3f5a, 0xe8a182},
    {0x22d3, 0xe8a188},
    {0x330b, 0xe8a18a},
    {0x349b, 0xe8a18b},
    {0x411, 0xe8a18c},
    {0x803, 0xe8a18d},
    {0x1bff, 0xe8a18e},
    {0x3844, 0xe8a18f},
    {0x204f, 0xe8a192},
    {0xb94, 0xe8a193},
    {0x22d5, 0xe8a195},
    {0x22d4, 0xe8a196},
    {0xd51, 0xe8a197},
    {0xefa, 0xe8a199},
    {0x2a2f, 0xe8a19a},
    {0x120a, 0xe8a19b},
    {0x120b, 0xe8a19d},
    {0x381b, 0xe8a19e},
    {0x3a46, 0xe8a1a0},
    {0x1345, 0xe8a1a1},
    {0x172a, 0xe8a1a2},
    {0x412, 0xe8a1a3},
    {0x4502, 0xe8a1a4},
    {0x3dfc, 0xe8a1a5},
    {0x1c00, 0xe8a1a7},
    {0x68c, 0xe8a1a8},
    {0x1c02, 0xe8a1a9},
    {0x1c01, 0xe8a1aa},
    {0x804, 0xe8a1ab},
    {0x1dfc, 0xe8a1ad},
    {0x3b8e, 0xe8a1ae},
    {0x1e03, 0xe8a1af},
    {0x9b8, 0xe8a1b0},
    {0x1e01, 0xe8a1b1},
    {0x1dff, 0xe8a1b2},
    {0x1e06, 0xe8a1b4},
    {0x9b9, 0xe8a1b7},
    {0x9bd, 0xe8a1b9},
    {0x1e07, 0xe8a1bc},
    {0x9bc, 0xe8a1bd},
    {0x1e05, 0xe8a1be},
    {0x1e02, 0xe8a1bf},
    {0x1e00, 0xe8a280},
    {0x1e04, 0xe8a283},
    {0x42f7, 0xe8a284},
    {0x3b90, 0xe8a287},
    {0xb96, 0xe8a288},
    {0x2050, 0xe8a289},
    {0xb9b, 0xe8a28b},
    {0x2060, 0xe8a28c},
    {0xb9a, 0xe8a28d},
    {0x2062, 0xe8a28e},
    {0x49a6, 0xe8a28f},
    {0x49f5, 0xe8a290},
    {0x2056, 0xe8a291},
    {0xb98, 0xe8a292},
    {0x2061, 0xe8a293},
    {0x2051, 0xe8a295},
    {0xb99, 0xe8a296},
    {0x205d, 0xe8a297},
    {0x2059, 0xe8a298},
    {0x205b, 0xe8a299},
    {0x2055, 0xe8a29a},
    {0x205c, 0xe8a29b},
    {0x381c, 0xe8a29c},
    {0x4aab, 0xe8a29d},
    {0xb95, 0xe8a29e},
    {0x2058, 0xe8a29f},
    {0x3fa0, 0xe8a2a0},
    {0x2057, 0xe8a2a1},
    {0x2053, 0xe8a2a2},
    {0x205e, 0xe8a2a4},
    {0x205a, 0xe8a2a7},
    {0x2052, 0xe8a2a8},
    {0x2054, 0xe8a2aa},
    {0xb97, 0xe8a2ab},
    {0x205f, 0xe8a2ac},
    {0x4775, 0xe8a2ae},
    {0xd54, 0xe8a2b1},
    {0x22e0, 0xe8a2b2},
    {0x22dc, 0xe8a2b6},
    {0x22de, 0xe8a2b7},
    {0x22d9, 0xe8a2b8},
    {0x22d8, 0xe8a2b9},
    {0x22d6, 0xe8a2ba},
    {0x22dd, 0xe8a2bc},
    {0x22df, 0xe8a2bd},
    {0x22db, 0xe8a2be},
    {0x3b91, 0xe8a2bf},
    {0x22da, 0xe8a380},
    {0x3820, 0xe8a385},
    {0x3eb1, 0xe8a387},
    {0x22e2, 0xe8a389},
    {0xf02, 0xe8a38a},
    {0x2578, 0xe8a38b},
    {0x257e, 0xe8a38c},
    {0x36ea, 0xe8a38f},
    {0x257f, 0xe8a390},
    {0xf04, 0xe8a392},
    {0xefc, 0xe8a394},
    {0xf03, 0xe8a395},
    {0x2577, 0xe8a396},
    {0x22d7, 0xe8a397},
    {0xeff, 0xe8a398},
    {0xefd, 0xe8a399},
    {0x257d, 0xe8a39a},
    {0x257c, 0xe8a39b},
    {0xefe, 0xe8a39c},
    {0xf00, 0xe8a39d},
    {0x257b, 0xe8a39e},
    {0xefb, 0xe8a39f},
    {0xf01, 0xe8a3a1},
    {0x3b92, 0xe8a3a6},
    {0x27f0, 0xe8a3a7},
    {0x10a2, 0xe8a3a8},
    {0x27fb, 0xe8a3ab},
    {0x27fa, 0xe8a3ac},
    {0x27f5, 0xe8a3ae},
    {0x10a4, 0xe8a3af},
    {0x27f9, 0xe8a3b0},
    {0x109c, 0xe8a3b3},
    {0x109e, 0xe8a3b4},
    {0x3e08, 0xe8a3b5},
    {0x27f7, 0xe8a3b6},
    {0x27ef, 0xe8a3b7},
    {0x10a0, 0xe8a3b8},
    {0x109f, 0xe8a3b9},
    {0x27f3, 0xe8a3ba},
    {0x27f8, 0xe8a3bb},
    {0x27f6, 0xe8a3bc},
    {0x10a1, 0xe8a3bd},
    {0x27f4, 0xe8a3be},
    {0x4776, 0xe8a3bf},
    {0x42fa, 0xe8a480},
    {0x22e1, 0xe8a481},
    {0x109d, 0xe8a482},
    {0x2a30, 0xe8a485},
    {0x2a37, 0xe8a486},
    {0x120d, 0xe8a487},
    {0x2a3b, 0xe8a489},
    {0x1211, 0xe8a48a},
    {0x2a33, 0xe8a48b},
    {0x2a31, 0xe8a48c},
    {0x2a3a, 0xe8a48e},
    {0x120c, 0xe8a490},
    {0x2a39, 0xe8a491},
    {0x2a32, 0xe8a494},
    {0x1210, 0xe8a495},
    {0x2a38, 0xe8a496},
    {0x10a3, 0xe8a49a},
    {0x2c77, 0xe8a49e},
    {0x2c83, 0xe8a49f},
    {0x134a, 0xe8a4a1},
    {0x2c7e, 0xe8a4a2},
    {0x2c80, 0xe8a4a3},
    {0x4777, 0xe8a4a4},
    {0x1348, 0xe8a4a5},
    {0x2c78, 0xe8a4a6},
    {0x2c7c, 0xe8a4a7},
    {0x2c7f, 0xe8a4a9},
    {0x1346, 0xe8a4aa},
    {0x1349, 0xe8a4ab},
    {0x2c82, 0xe8a4ac},
    {0x2c81, 0xe8a4af},
    {0x2c79, 0xe8a4b0},
    {0x2c7d, 0xe8a4b1},
    {0x1347, 0xe8a4b2},
    {0x2e4f, 0xe8a4b3},
    {0x2e4e, 0xe8a4b5},
    {0x1472, 0xe8a4b6},
    {0x2e54, 0xe8a4b7},
    {0x1474, 0xe8a4b8},
    {0x1471, 0xe8a4bb},
    {0x2e50, 0xe8a4bc},
    {0x1475, 0xe8a4bd},
    {0x2e51, 0xe8a4be},
    {0x2e52, 0xe8a581},
    {0x2e55, 0xe8a582},
    {0x3e16, 0xe8a583},
    {0x1473, 0xe8a584},
    {0x2fc8, 0xe8a586},
    {0x43e3, 0xe8a587},
    {0x2fcb, 0xe8a589},
    {0x2fc5, 0xe8a58b},
    {0x2fc7, 0xe8a58c},
    {0x3b94, 0xe8a58d},
    {0x2fc6, 0xe8a58f},
    {0x2e53, 0xe8a592},
    {0x2fc4, 0xe8a593},
    {0x3b96, 0xe8a594},
    {0x15c2, 0xe8a596},
    {0x3118, 0xe8a597},
    {0x311b, 0xe8a598},
    {0x311d, 0xe8a599},
    {0x311a, 0xe8a59c},
    {0x311c, 0xe8a59d},
    {0x15c3, 0xe8a59e},
    {0x15c1, 0xe8a59f},
    {0x15c0, 0xe8a5a0},
    {0x3119, 0xe8a5a1},
    {0x3115, 0xe8a5a2},
    {0x3231, 0xe8a5a3},
    {0x1641, 0xe8a5a4},
    {0x3b93, 0xe8a5a5},
    {0x3232, 0xe8a5a6},
    {0x330d, 0xe8a5a9},
    {0x168c, 0xe8a5aa},
    {0x330f, 0xe8a5ab},
    {0x168d, 0xe8a5ac},
    {0x330c, 0xe8a5ad},
    {0x330e, 0xe8a5ae},
    {0x16d6, 0xe8a5af},
    {0x33b2, 0xe8a5b1},
    {0x16d5, 0xe8a5b2},
    {0x343b, 0xe8a5b3},
    {0x343a, 0xe8a5b4},
    {0x3439, 0xe8a5b6},
    {0x3dea, 0xe8a5b7},
    {0x34e5, 0xe8a5bb},
    {0x34e4, 0xe8a5bc},
    {0x1819, 0xe8a5be},
    {0x413, 0xe8a5bf},
    {0x4708, 0xe8a680},
    {0x805, 0xe8a681},
    {0x2063, 0xe8a682},
    {0xd55, 0xe8a683},
    {0x2580, 0xe8a685},
    {0x1527, 0xe8a686},
    {0x3822, 0xe8a687},
    {0x311e, 0xe8a688},
    {0x3fe9, 0xe8a689},
    {0x46aa, 0xe8a68a},
    {0x508, 0xe8a68b},
    {0xb9d, 0xe8a68f},
    {0x4778, 0xe8a691},
    {0xb9c, 0xe8a693},
    {0x3fe0, 0xe8a694},
    {0x22e3, 0xe8a695},
    {0xd56, 0xe8a696},
    {0x22e5, 0xe8a697},
    {0x22e4, 0xe8a698},
    {0x2581, 0xe8a69b},
    {0xf05, 0xe8a69c},
    {0x27fc, 0xe8a69d},
    {0x27ff, 0xe8a69e},
    {0x27fe, 0xe8a69f},
    {0x27fd, 0xe8a6a1},
    {0x2a3c, 0xe8a6a2},
    {0x2a3e, 0xe8a6a3},
    {0x2a3d, 0xe8a6a4},
    {0x3d93, 0xe8a6a5},
    {0x134c, 0xe8a6a6},
    {0x3826, 0xe8a6a7},
    {0x3ff9, 0xe8a6a9},
    {0x134b, 0xe8a6aa},
    {0x1476, 0xe8a6ac},
    {0x2e56, 0xe8a6ad},
    {0x2e58, 0xe8a6ae},
    {0x2e57, 0xe8a6af},
    {0x1528, 0xe8a6b2},
    {0x3120, 0xe8a6b6},
    {0x311f, 0xe8a6b7},
    {0x3233, 0xe8a6b9},
    {0x1642, 0xe8a6ba},
    {0x3827, 0xe8a6bc},
    {0x168e, 0xe8a6bd},
    {0x33b4, 0xe8a6be},
    {0x33b3, 0xe8a6bf},
    {0x1748, 0xe8a780},
    {0x4503, 0xe8a781},
    {0x4566, 0xe8a786},
    {0x509, 0xe8a792},
    {0x1c03, 0xe8a793},
    {0x806, 0xe8a794},
    {0x2066, 0xe8a795},
    {0x2064, 0xe8a796},
    {0x2065, 0xe8a799},
    {0x2588, 0xe8a79c},
    {0x22e6, 0xe8a79d},
    {0x2582, 0xe8a79f},
    {0x2586, 0xe8a7a0},
    {0x2585, 0xe8a7a1},
    {0x2587, 0xe8a7a2},
    {0xf06, 0xe8a7a3},
    {0x2584, 0xe8a7a4},
    {0x2583, 0xe8a7a5},
    {0x2589, 0xe8a7a6},
    {0x3829, 0xe8a7a7},
    {0x2802, 0xe8a7a8},
    {0x2800, 0xe8a7a9},
    {0x2801, 0xe8a7ab},
    {0x2a41, 0xe8a7ac},
    {0x2a3f, 0xe8a7ad},
    {0x2a40, 0xe8a7b0},
    {0x2c84, 0xe8a7b1},
    {0x1529, 0xe8a7b4},
    {0x3121, 0xe8a7b6},
    {0x3234, 0xe8a7b7},
    {0x1643, 0xe8a7b8},
    {0x3310, 0xe8a7ba},
    {0x33b5, 0xe8a7bb},
    {0x16d7, 0xe8a7bc},
    {0x343c, 0xe8a7be},
    {0x34e6, 0xe8a7bf},
    {0x50a, 0xe8a880},
    {0x1c04, 0xe8a884},
    {0x1c05, 0xe8a887},
    {0x807, 0xe8a888},
    {0x9c3, 0xe8a88a},
    {0x9c1, 0xe8a88c},
    {0x9c0, 0xe8a88e},
    {0x9c7, 0xe8a88f},
    {0x9bf, 0xe8a890},
    {0x9c8, 0xe8a891},
    {0x1e08, 0xe8a892},
    {0x9c5, 0xe8a893},
    {0x9c2, 0xe8a895},
    {0x9c6, 0xe8a896},
    {0x9c4, 0xe8a897},
    {0x9be, 0xe8a898},
    {0xba5, 0xe8a89b},
    {0x3ba3, 0xe8a89c},
    {0xb9f, 0xe8a89d},
    {0x206a, 0xe8a89e},
    {0xba4, 0xe8a89f},
    {0xba6, 0xe8a8a2},
    {0xba0, 0xe8a8a3},
    {0xba1, 0xe8a8a5},
    {0x2068, 0xe8a8a7},
    {0x43e5, 0xe8a8a9},
    {0xb9e, 0xe8a8aa},
    {0x3bd1, 0xe8a8ab},
    {0x2069, 0xe8a8ac},
    {0xba3, 0xe8a8ad},
    {0x2067, 0xe8a8b0},
    {0xba2, 0xe8a8b1},
    {0xd61, 0xe8a8b4},
    {0xd63, 0xe8a8b6},
    {0x477a, 0xe8a8b8},
    {0x22eb, 0xe8a8b9},
    {0xd62, 0xe8a8ba},
    {0xd57, 0xe8a8bb},
    {0xd5b, 0xe8a8bc},
    {0x3ba2, 0xe8a8bd},
    {0xf19, 0xe8a8be},
    {0x258e, 0xe8a8bf},
    {0x22ed, 0xe8a980},
    {0xd5c, 0xe8a981},
    {0xd60, 0xe8a986},
    {0x22f3, 0xe8a988},
    {0x3ff0, 0xe8a989},
    {0x22f5, 0xe8a98a},
    {0x22f6, 0xe8a98c},
    {0x22ea, 0xe8a98d},
    {0x22e9, 0xe8a98e},
    {0x22f7, 0xe8a98f},
    {0xd5f, 0xe8a990},
    {0x22f4, 0xe8a991},
    {0x22f2, 0xe8a992},
    {0xd5d, 0xe8a994},
    {0xd59, 0xe8a995},
    {0xd64, 0xe8a996},
    {0x22ec, 0xe8a999},
    {0xd5e, 0xe8a99b},
    {0xd5a, 0xe8a99e},
    {0xd58, 0xe8a9a0},
    {0x258d, 0xe8a9a1},
    {0xf14, 0xe8a9a2},
    {0xf0f, 0xe8a9a3},
    {0xf0a, 0xe8a9a6},
    {0x3f8e, 0xe8a9a7},
    {0xf1a, 0xe8a9a8},
    {0xf0b, 0xe8a9a9},
    {0xf07, 0xe8a9ab},
    {0xf16, 0xe8a9ac},
    {0xf13, 0xe8a9ad},
    {0xf15, 0xe8a9ae},
    {0xf0c, 0xe8a9b0},
    {0xf11, 0xe8a9b1},
    {0x2595, 0xe8a9b4},
    {0x2592, 0xe8a9b5},
    {0x258a, 0xe8a9b6},
    {0x258f, 0xe8a9b7},
    {0xf17, 0xe8a9b9},
    {0x2596, 0xe8a9ba},
    {0xf18, 0xe8a9bb},
    {0xf0e, 0xe8a9bc},
    {0x3fa5, 0xe8a9be},
    {0x258c, 0xe8a9bf},
    {0x2594, 0xe8aa81},
    {0x2590, 0xe8aa82},
    {0x2593, 0xe8aa83},
    {0x2591, 0xe8aa84},
    {0xf12, 0xe8aa85},
    {0x258b, 0xe8aa86},
    {0xf0d, 0xe8aa87},
    {0x2805, 0xe8aa8b},
    {0x10a6, 0xe8aa8c},
    {0x10a9, 0xe8aa8d},
    {0x2807, 0xe8aa8f},
    {0x382f, 0xe8aa90},
    {0x10b1, 0xe8aa91},
    {0x2806, 0xe8aa92},
    {0x10ab, 0xe8aa93},
    {0x477b, 0xe8aa94},
    {0x1216, 0xe8aa95},
    {0x2808, 0xe8aa96},
    {0x10b0, 0xe8aa98},
    {0x2804, 0xe8aa99},
    {0x10b2, 0xe8aa9a},
    {0x382c, 0xe8aa9c},
    {0x10a7, 0xe8aa9e},
    {0xf10, 0xe8aaa0},
    {0x10aa, 0xe8aaa1},
    {0x10a8, 0xe8aaa3},
    {0x10ac, 0xe8aaa4},
    {0x10ae, 0xe8aaa5},
    {0x10a5, 0xe8aaa6},
    {0x10b3, 0xe8aaa7},
    {0x10af, 0xe8aaa8},
    {0x383d, 0xe8aaa9},
    {0x10ad, 0xe8aaaa},
    {0x2803, 0xe8aaab},
    {0x4ae5, 0xe8aaac},
    {0x3841, 0xe8aaaf},
    {0x121d, 0xe8aab0},
    {0x1219, 0xe8aab2},
    {0x477c, 0xe8aab4},
    {0x1220, 0xe8aab6},
    {0x2a44, 0xe8aab8},
    {0x1221, 0xe8aab9},
    {0x2a50, 0xe8aaba},
    {0x2a49, 0xe8aabb},
    {0x1212, 0xe8aabc},
    {0x2a51, 0xe8aabd},
    {0x2a4b, 0xe8aabe},
    {0x121c, 0xe8aabf},
    {0x2a4c, 0xe8ab80},
    {0x121b, 0xe8ab82},
    {0x2a4f, 0xe8ab83},
    {0x1215, 0xe8ab84},
    {0x2a4d, 0xe8ab85},
    {0x2a43, 0xe8ab86},
    {0x1214, 0xe8ab87},
    {0x2c8f, 0xe8ab88},
    {0x121a, 0xe8ab89},
    {0x1217, 0xe8ab8b},
    {0x4a69, 0xe8ab8c},
    {0x121f, 0xe8ab8d},
    {0x2a42, 0xe8ab8f},
    {0x2a46, 0xe8ab91},
    {0x1213, 0xe8ab92},
    {0x2a45, 0xe8ab93},
    {0x121e, 0xe8ab96},
    {0x2a4a, 0xe8ab97},
    {0x2a4e, 0xe8ab98},
    {0x2a52, 0xe8ab99},
    {0x39c2, 0xe8ab9a},
    {0x1222, 0xe8ab9b},
    {0x1352, 0xe8ab9c},
    {0x2c8a, 0xe8ab9d},
    {0x2c90, 0xe8ab9e},
    {0x2c8d, 0xe8ab9f},
    {0x2c85, 0xe8aba0},
    {0x2c91, 0xe8aba1},
    {0x2c86, 0xe8aba2},
    {0x2c8c, 0xe8aba4},
    {0x134d, 0xe8aba6},
    {0x1353, 0xe8aba7},
    {0x2c92, 0xe8aba8},
    {0x3dd9, 0xe8abaa},
    {0x134f, 0xe8abab},
    {0x1359, 0xe8abad},
    {0x1354, 0xe8abae},
    {0x2c94, 0xe8abaf},
    {0x2c8e, 0xe8abb0},
    {0x1350, 0xe8abb1},
    {0x2c87, 0xe8abb2},
    {0x135a, 0xe8abb3},
    {0x135b, 0xe8abb6},
    {0x1358, 0xe8abb7},
    {0x1218, 0xe8abb8},
    {0x4a5a, 0xe8abb9},
    {0x134e, 0xe8abba},
    {0x2c95, 0xe8abbb},
    {0x135c, 0xe8abbc},
    {0x1355, 0xe8abbe},
    {0x2c93, 0xe8abbf},
    {0x1351, 0xe8ac80},
    {0x147e, 0xe8ac84},
    {0x2e5f, 0xe8ac85},
    {0x2e68, 0xe8ac86},
    {0x2e65, 0xe8ac87},
    {0x2e67, 0xe8ac88},
    {0x147b, 0xe8ac8a},
    {0x2e60, 0xe8ac8b},
    {0x3836, 0xe8ac8c},
    {0x2e66, 0xe8ac8d},
    {0x1477, 0xe8ac8e},
    {0x2e62, 0xe8ac8f},
    {0x147f, 0xe8ac90},
    {0x2e5e, 0xe8ac91},
    {0x2e63, 0xe8ac92},
    {0x2e6a, 0xe8ac93},
    {0x2c8b, 0xe8ac94},
    {0x2e64, 0xe8ac95},
    {0x2e5d, 0xe8ac96},
    {0x1478, 0xe8ac97},
    {0x2e5c, 0xe8ac98},
    {0x1479, 0xe8ac99},
    {0x2e6b, 0xe8ac9a},
    {0x147a, 0xe8ac9b},
    {0x2e69, 0xe8ac9c},
    {0x147d, 0xe8ac9d},
    {0x2e5b, 0xe8ac9e},
    {0x3837, 0xe8ac9f},
    {0x147c, 0xe8aca0},
    {0x2e61, 0xe8aca2},
    {0x2fce, 0xe8aca3},
    {0x2fdc, 0xe8aca4},
    {0x2fd7, 0xe8aca5},
    {0x2fd9, 0xe8aca6},
    {0x2fcd, 0xe8aca7},
    {0x152a, 0xe8aca8},
    {0x2fcc, 0xe8acaa},
    {0x152d, 0xe8acab},
    {0x152c, 0xe8acac},
    {0x3f99, 0xe8acad},
    {0x2fdb, 0xe8acae},
    {0x2fd3, 0xe8acaf},
    {0x2fd0, 0xe8acb0},
    {0x2fd6, 0xe8acb1},
    {0x2fcf, 0xe8acb3},
    {0x2fd1, 0xe8acb5},
    {0x2fda, 0xe8acb6},
    {0x2fd8, 0xe8acb7},
    {0x152b, 0xe8acb9},
    {0x2fdf, 0xe8acba},
    {0x2fdd, 0xe8acbb},
    {0x2fd4, 0xe8acbc},
    {0x2fde, 0xe8acbd},
    {0x2fd5, 0xe8acbe},
    {0x383a, 0xe8acbf},
    {0x3125, 0xe8ad80},
    {0x15c4, 0xe8ad81},
    {0x312c, 0xe8ad82},
    {0x3ff2, 0xe8ad83},
    {0x3313, 0xe8ad85},
    {0x15cb, 0xe8ad86},
    {0x2fd2, 0xe8ad87},
    {0x3123, 0xe8ad88},
    {0x15c7, 0xe8ad89},
    {0x3124, 0xe8ad8a},
    {0x3129, 0xe8ad8b},
    {0x46ac, 0xe8ad8c},
    {0x383c, 0xe8ad8d},
    {0x3122, 0xe8ad90},
    {0x312b, 0xe8ad91},
    {0x312d, 0xe8ad92},
    {0x3126, 0xe8ad93},
    {0x3128, 0xe8ad94},
    {0x312a, 0xe8ad95},
    {0x3127, 0xe8ad96},
    {0x312e, 0xe8ad97},
    {0x15c6, 0xe8ad98},
    {0x15cc, 0xe8ad99},
    {0x15c8, 0xe8ad9a},
    {0x15c5, 0xe8ad9c},
    {0x3237, 0xe8ad9d},
    {0x3db8, 0xe8ad9e},
    {0x1648, 0xe8ad9f},
    {0x3235, 0xe8ada0},
    {0x3dd4, 0xe8ada2},
    {0x3239, 0xe8ada3},
    {0x323a, 0xe8ada5},
    {0x1646, 0xe8ada6},
    {0x323b, 0xe8ada7},
    {0x3238, 0xe8ada8},
    {0x3bf7, 0xe8ada9},
    {0x3236, 0xe8adaa},
    {0x1649, 0xe8adab},
    {0x1645, 0xe8adac},
    {0x323c, 0xe8adad},
    {0x1647, 0xe8adaf},
    {0x1644, 0xe8adb0},
    {0x168f, 0xe8adb4},
    {0x1690, 0xe8adb7},
    {0x3312, 0xe8adb8},
    {0x3311, 0xe8adb9},
    {0x1691, 0xe8adbd},
    {0x33b6, 0xe8adbe},
    {0x33bb, 0xe8adbf},
    {0x16d8, 0xe8ae80},
    {0x3d8d, 0xe8ae81},
    {0x33b8, 0xe8ae82},
    {0x49eb, 0xe8ae83},
    {0x33b7, 0xe8ae84},
    {0x33ba, 0xe8ae85},
    {0x33b9, 0xe8ae86},
    {0x3440, 0xe8ae88},
    {0x170a, 0xe8ae8a},
    {0x343f, 0xe8ae8b},
    {0x343d, 0xe8ae8c},
    {0x343e, 0xe8ae8e},
    {0x4abf, 0xe8ae8f},
    {0x383f, 0xe8ae90},
    {0x172c, 0xe8ae92},
    {0x172b, 0xe8ae93},
    {0x172d, 0xe8ae96},
    {0x1754, 0xe8ae9a},
    {0x3840, 0xe8ae9b},
    {0x175a, 0xe8ae9c},
    {0x3522, 0xe8ae9e},
    {0x353f, 0xe8ae9f},
    {0x4505, 0xe8aea0},
    {0x4567, 0xe8aebe},
    {0x4568, 0xe8afa2},
    {0x50b, 0xe8b0b7},
    {0x206b, 0xe8b0b9},
    {0x206c, 0xe8b0bb},
    {0x2597, 0xe8b0bc},
    {0x2809, 0xe8b0bd},
    {0x2a53, 0xe8b0be},
    {0x1481, 0xe8b0bf},
    {0x1480, 0xe8b181},
    {0x2fe0, 0xe8b182},
    {0x312f, 0xe8b183},
    {0x3441, 0xe8b185},
    {0x50c, 0xe8b186},
    {0x1e09, 0xe8b187},
    {0x9c9, 0xe8b188},
    {0xba7, 0xe8b189},
    {0x2599, 0xe8b18a},
    {0x2598, 0xe8b18b},
    {0x1223, 0xe8b18c},
    {0x2a54, 0xe8b18d},
    {0x1224, 0xe8b18e},
    {0x2e6c, 0xe8b18f},
    {0x152e, 0xe8b190},
    {0x477d, 0xe8b191},
    {0x1763, 0xe8b194},
    {0x50d, 0xe8b195},
    {0x1a48, 0xe8b196},
    {0x1e0a, 0xe8b197},
    {0xba8, 0xe8b19a},
    {0x22f8, 0xe8b19f},
    {0xd65, 0xe8b1a1},
    {0xf1b, 0xe8b1a2},
    {0x259b, 0xe8b1a4},
    {0x259a, 0xe8b1a5},
    {0x259c, 0xe8b1a6},
    {0x10b4, 0xe8b1aa},
    {0x135d, 0xe8b1ab},
    {0x1225, 0xe8b1ac},
    {0x135e, 0xe8b1ad},
    {0x2e70, 0xe8b1af},
    {0x2e6d, 0xe8b1b0},
    {0x2e6f, 0xe8b1b1},
    {0x2e6e, 0xe8b1b2},
    {0x1482, 0xe8b1b3},
    {0x2fe1, 0xe8b1b5},
    {0x3131, 0xe8b1b6},
    {0x3130, 0xe8b1b7},
    {0x18e7, 0xe8b1b8},
    {0x9cb, 0xe8b1b9},
    {0x9ca, 0xe8b1ba},
    {0x1e0b, 0xe8b1bb},
    {0x206f, 0xe8b1bd},
    {0x22fa, 0xe8b280},
    {0x22f9, 0xe8b281},
    {0xd66, 0xe8b282},
    {0x259d, 0xe8b286},
    {0xf1d, 0xe8b289},
    {0xf1c, 0xe8b28a},
    {0x10b6, 0xe8b28c},
    {0x10b5, 0xe8b28d},
    {0x2a55, 0xe8b28f},
    {0x2c98, 0xe8b290},
    {0x135f, 0xe8b293},
    {0x2e72, 0xe8b294},
    {0x2e71, 0xe8b295},
    {0x2fe4, 0xe8b297},
    {0x2fe3, 0xe8b298},
    {0x2fe2, 0xe8b299},
    {0x3132, 0xe8b29a},
    {0x3845, 0xe8b29b},
    {0x3523, 0xe8b29c},
    {0x50e, 0xe8b29d},
    {0x80a, 0xe8b29e},
    {0x3bad, 0xe8b29f},
    {0x80b, 0xe8b2a0},
    {0x1e0d, 0xe8b2a3},
    {0x1e0c, 0xe8b2a4},
    {0x2070, 0xe8b2a5},
    {0xbae, 0xe8b2a7},
    {0xbac, 0xe8b2a8},
    {0xba9, 0xe8b2a9},
    {0xbad, 0xe8b2aa},
    {0xbab, 0xe8b2ab},
    {0xbaa, 0xe8b2ac},
    {0x3ff1, 0xe8b2ad},
    {0xd67, 0xe8b2af},
    {0x22fd, 0xe8b2b0},
    {0xf22, 0xe8b2b2},
    {0xd69, 0xe8b2b3},
    {0xd6e, 0xe8b2b4},
    {0x22ff, 0xe8b2b5},
    {0xd70, 0xe8b2b6},
    {0xd6f, 0xe8b2b7},
    {0xd72, 0xe8b2b8},
    {0x22fe, 0xe8b2b9},
    {0x22fb, 0xe8b2ba},
    {0xd6c, 0xe8b2bb},
    {0xd68, 0xe8b2bc},
    {0xd6a, 0xe8b2bd},
    {0x22fc, 0xe8b2be},
    {0xd71, 0xe8b2bf},
    {0xd6d, 0xe8b380},
    {0xd6b, 0xe8b381},
    {0xf24, 0xe8b382},
    {0xf23, 0xe8b383},
    {0xf21, 0xe8b384},
    {0xf25, 0xe8b385},
    {0xf1e, 0xe8b38a},
    {0x25a0, 0xe8b38c},
    {0x3e99, 0xe8b38d},
    {0x280d, 0xe8b38f},
    {0x10b7, 0xe8b393},
    {0x477e, 0xe8b394},
    {0x280c, 0xe8b395},
    {0x384b, 0xe8b396},
    {0x280e, 0xe8b397},
    {0x2a58, 0xe8b399},
    {0x2a5a, 0xe8b39a},
    {0x3851, 0xe8b39b},
    {0x122e, 0xe8b39c},
    {0x2a5b, 0xe8b39d},
    {0x1227, 0xe8b39e},
    {0x2a57, 0xe8b39f},
    {0x1226, 0xe8b3a0},
    {0x1230, 0xe8b3a1},
    {0x1229, 0xe8b3a4},
    {0x2a56, 0xe8b3a5},
    {0x1228, 0xe8b3a6},
    {0x2a5c, 0xe8b3a7},
    {0x2a59, 0xe8b3a8},
    {0x3bae, 0xe8b3a9},
    {0x122f, 0xe8b3aa},
    {0x3f9c, 0xe8b3ab},
    {0x2c9a, 0xe8b3ae},
    {0x2c9c, 0xe8b3b0},
    {0x2c9b, 0xe8b3b1},
    {0x477f, 0xe8b3b2},
    {0x2c9d, 0xe8b3b3},
    {0x1360, 0xe8b3b4},
    {0x2c99, 0xe8b3b5},
    {0x3fb1, 0xe8b3b7},
    {0x1486, 0xe8b3b8},
    {0x2e73, 0xe8b3b9},
    {0x1483, 0xe8b3ba},
    {0x1487, 0xe8b3bb},
    {0x1485, 0xe8b3bc},
    {0x1484, 0xe8b3bd},
    {0x2fe5, 0xe8b3be},
    {0x2fe8, 0xe8b480},
    {0x2fe7, 0xe8b482},
    {0x384f, 0xe8b483},
    {0x2fe6, 0xe8b484},
    {0x152f, 0xe8b485},
    {0x15cd, 0xe8b488},
    {0x3135, 0xe8b489},
    {0x15ce, 0xe8b48a},
    {0x4573, 0xe8b48b},
    {0x3f96, 0xe8b48c},
    {0x164b, 0xe8b48d},
    {0x164a, 0xe8b48f},
    {0x3316, 0xe8b490},
    {0x3853, 0xe8b491},
    {0x384e, 0xe8b492},
    {0x1692, 0xe8b493},
    {0x3317, 0xe8b494},
    {0x33bc, 0xe8b495},
    {0x3e6f, 0xe8b498},
    {0x3442, 0xe8b499},
    {0x172f, 0xe8b49b},
    {0x4780, 0xe8b49c},
    {0x4506, 0xe8b49d},
    {0x50f, 0xe8b5a4},
    {0xbb0, 0xe8b5a6},
    {0xbaf, 0xe8b5a7},
    {0x10ba, 0xe8b5ab},
    {0x2c9e, 0xe8b5ac},
    {0x1231, 0xe8b5ad},
    {0x2c9f, 0xe8b5ae},
    {0x2e74, 0xe8b5af},
    {0x510, 0xe8b5b0},
    {0x1c06, 0xe8b5b2},
    {0x80d, 0xe8b5b3},
    {0x80c, 0xe8b5b4},
    {0x1e0e, 0xe8b5b6},
    {0x9ce, 0xe8b5b7},
    {0x1e0f, 0xe8b5b8},
    {0x2073, 0xe8b5b9},
    {0x39e1, 0xe8b5ba},
    {0x2072, 0xe8b5bb},
    {0x2071, 0xe8b5bd},
    {0x2301, 0xe8b680},
    {0xd75, 0xe8b681},
    {0x3f69, 0xe8b682},
    {0x2300, 0xe8b684},
    {0xd74, 0xe8b685},
    {0x2302, 0xe8b689},
    {0xd73, 0xe8b68a},
    {0x25a4, 0xe8b68c},
    {0x25a7, 0xe8b68d},
    {0x25aa, 0xe8b690},
    {0x25a3, 0xe8b691},
    {0x25ab, 0xe8b692},
    {0x10bc, 0xe8b695},
    {0x280f, 0xe8b696},
    {0x10bb, 0xe8b699},
    {0x2a60, 0xe8b69b},
    {0x2a5e, 0xe8b69c},
    {0x1232, 0xe8b69f},
    {0x2a5d, 0xe8b6a0},
    {0x2a5f, 0xe8b6a1},
    {0x1233, 0xe8b6a3},
    {0x2ca0, 0xe8b6a5},
    {0x3ff7, 0xe8b6a6},
    {0x2ca1, 0xe8b6a7},
    {0x1488, 0xe8b6a8},
    {0x3856, 0xe8b6a9},
    {0x3137, 0xe8b6aa},
    {0x3139, 0xe8b6ab},
    {0x3136, 0xe8b6ac},
    {0x3138, 0xe8b6ad},
    {0x323d, 0xe8b6ae},
    {0x3318, 0xe8b6af},
    {0x3509, 0xe8b6b2},
    {0x511, 0xe8b6b3},
    {0x80e, 0xe8b6b4},
    {0x1e10, 0xe8b6b5},
    {0x1e12, 0xe8b6b6},
    {0x1e11, 0xe8b6b7},
    {0x2076, 0xe8b6b9},
    {0xbb2, 0xe8b6ba},
    {0x2074, 0xe8b6bc},
    {0xbb1, 0xe8b6be},
    {0x2077, 0xe8b6bf},
    {0x436a, 0xe8b780},
    {0x2078, 0xe8b781},
    {0x2075, 0xe8b782},
    {0x4782, 0xe8b783},
    {0x230e, 0xe8b785},
    {0xd7d, 0xe8b786},
    {0x2306, 0xe8b787},
    {0x230c, 0xe8b788},
    {0xd78, 0xe8b78b},
    {0xd7b, 0xe8b78c},
    {0x2305, 0xe8b78d},
    {0xd76, 0xe8b78e},
    {0x2309, 0xe8b78f},
    {0x25b1, 0xe8b790},
    {0xd7a, 0xe8b791},
    {0x2304, 0xe8b793},
    {0x3f82, 0xe8b794},
    {0x230a, 0xe8b795},
    {0x2307, 0xe8b796},
    {0x230d, 0xe8b797},
    {0x2303, 0xe8b798},
    {0x230b, 0xe8b799},
    {0xd79, 0xe8b79a},
    {0xd7c, 0xe8b79b},
    {0x2308, 0xe8b79c},
    {0xd77, 0xe8b79d},
    {0xf27, 0xe8b79f},
    {0x25ad, 0xe8b7a0},
    {0xf26, 0xe8b7a1},
    {0x25b4, 0xe8b7a2},
    {0x25b3, 0xe8b7a3},
    {0xf2d, 0xe8b7a4},
    {0xf2e, 0xe8b7a6},
    {0x25b5, 0xe8b7a7},
    {0xf28, 0xe8b7a8},
    {0x25b2, 0xe8b7a9},
    {0xf2c, 0xe8b7aa},
    {0x25b7, 0xe8b7ab},
    {0x25ae, 0xe8b7ac},
    {0x25b0, 0xe8b7ae},
    {0xf29, 0xe8b7af},
    {0x25ac, 0xe8b7b0},
    {0x25af, 0xe8b7b1},
    {0x25b6, 0xe8b7b2},
    {0xf2a, 0xe8b7b3},
    {0x25b8, 0xe8b7b4},
    {0xf2b, 0xe8b7ba},
    {0x10bd, 0xe8b7bc},
    {0x2814, 0xe8b7bd},
    {0x281a, 0xe8b7be},
    {0x2812, 0xe8b7bf},
    {0x281b, 0xe8b880},
    {0x3f85, 0xe8b881},
    {0x2811, 0xe8b882},
    {0x2816, 0xe8b883},
    {0x281c, 0xe8b884},
    {0x2819, 0xe8b885},
    {0x2818, 0xe8b886},
    {0x2817, 0xe8b887},
    {0x2810, 0xe8b889},
    {0x2815, 0xe8b88a},
    {0x2813, 0xe8b88d},
    {0x3e5e, 0xe8b88e},
    {0x1238, 0xe8b88f},
    {0x1235, 0xe8b890},
    {0x2a69, 0xe8b891},
    {0x2a6e, 0xe8b892},
    {0x2a70, 0xe8b893},
    {0x2a6d, 0xe8b894},
    {0x2a66, 0xe8b895},
    {0x2a68, 0xe8b896},
    {0x2a72, 0xe8b897},
    {0x2a6f, 0xe8b898},
    {0x2a6a, 0xe8b899},
    {0x2a73, 0xe8b89a},
    {0x2a67, 0xe8b89b},
    {0x2a71, 0xe8b89c},
    {0x1236, 0xe8b89d},
    {0x123c, 0xe8b89e},
    {0x123a, 0xe8b89f},
    {0x2a61, 0xe8b8a0},
    {0x123b, 0xe8b8a1},
    {0x1237, 0xe8b8a2},
    {0x2a62, 0xe8b8a3},
    {0x2a64, 0xe8b8a4},
    {0x2a63, 0xe8b8a5},
    {0x3f88, 0xe8b8a8},
    {0x1239, 0xe8b8a9},
    {0x3bb4, 0xe8b8aa},
    {0x1234, 0xe8b8ab},
    {0x3eab, 0xe8b8ad},
    {0x2a65, 0xe8b8ae},
    {0x2cab, 0xe8b8b0},
    {0x1362, 0xe8b8b1},
    {0x2ca2, 0xe8b8b3},
    {0x1363, 0xe8b8b4},
    {0x1366, 0xe8b8b5},
    {0x2ca7, 0xe8b8b6},
    {0x2ca4, 0xe8b8b8},
    {0x1365, 0xe8b8b9},
    {0x4784, 0xe8b8ba},
    {0x2ca3, 0xe8b8be},
    {0x2cac, 0xe8b8bf},
    {0x2ca5, 0xe8b980},
    {0x2caa, 0xe8b981},
    {0x1364, 0xe8b982},
    {0x1361, 0xe8b984},
    {0x2ca6, 0xe8b985},
    {0x4312, 0xe8b986},
    {0x2e7a, 0xe8b987},
    {0x148b, 0xe8b988},
    {0x1489, 0xe8b989},
    {0x148c, 0xe8b98a},
    {0x148a, 0xe8b98b},
    {0x2e79, 0xe8b98c},
    {0x2e76, 0xe8b98d},
    {0x2e75, 0xe8b98e},
    {0x3f83, 0xe8b98f},
    {0x2e78, 0xe8b990},
    {0x2e77, 0xe8b993},
    {0x2ff6, 0xe8b994},
    {0x1535, 0xe8b995},
    {0x2fed, 0xe8b996},
    {0x2fec, 0xe8b997},
    {0x1530, 0xe8b999},
    {0x2ff2, 0xe8b99a},
    {0x2ff1, 0xe8b99b},
    {0x2fe9, 0xe8b99c},
    {0x2ff4, 0xe8b99d},
    {0x2fee, 0xe8b99e},
    {0x1534, 0xe8b99f},
    {0x2feb, 0xe8b9a0},
    {0x2ff3, 0xe8b9a1},
    {0x2fea, 0xe8b9a2},
    {0x1531, 0xe8b9a3},
    {0x1533, 0xe8b9a4},
    {0x2fef, 0xe8b9a5},
    {0x1532, 0xe8b9a6},
    {0x2ff0, 0xe8b9a7},
    {0x434d, 0xe8b9a8},
    {0x2ff5, 0xe8b9a9},
    {0x313d, 0xe8b9aa},
    {0x15d3, 0xe8b9ac},
    {0x313a, 0xe8b9ad},
    {0x313e, 0xe8b9af},
    {0x43e7, 0xe8b9b1},
    {0x15d0, 0xe8b9b2},
    {0x313c, 0xe8b9b3},
    {0x15d5, 0xe8b9b4},
    {0x3f89, 0xe8b9b5},
    {0x15d2, 0xe8b9b6},
    {0x3f7f, 0xe8b9b7},
    {0x313b, 0xe8b9b8},
    {0x15d4, 0xe8b9ba},
    {0x313f, 0xe8b9bb},
    {0x15cf, 0xe8b9bc},
    {0x4324, 0xe8b9be},
    {0x48cd, 0xe8ba80},
    {0x164d, 0xe8ba81},
    {0x164f, 0xe8ba82},
    {0x3240, 0xe8ba84},
    {0x164e, 0xe8ba85},
    {0x323e, 0xe8ba86},
    {0x15d1, 0xe8ba87},
    {0x323f, 0xe8ba88},
    {0x164c, 0xe8ba89},
    {0x1693, 0xe8ba8a},
    {0x1695, 0xe8ba8b},
    {0x331a, 0xe8ba8c},
    {0x1694, 0xe8ba8d},
    {0x3319, 0xe8ba8e},
    {0x33c1, 0xe8ba90},
    {0x16db, 0xe8ba91},
    {0x33c0, 0xe8ba92},
    {0x16dc, 0xe8ba93},
    {0x33be, 0xe8ba94},
    {0x33bd, 0xe8ba95},
    {0x3443, 0xe8ba98},
    {0x33bf, 0xe8ba9a},
    {0x34a1, 0xe8ba9d},
    {0x1749, 0xe8baa1},
    {0x34eb, 0xe8baa3},
    {0x34ea, 0xe8baa4},
    {0x34e9, 0xe8baa5},
    {0x350a, 0xe8baa6},
    {0x3bb5, 0xe8baa7},
    {0x3537, 0xe8baa8},
    {0x3524, 0xe8baa9},
    {0x175b, 0xe8baaa},
    {0x512, 0xe8baab},
    {0x9cf, 0xe8baac},
    {0x385e, 0xe8baad},
    {0x43e9, 0xe8bab0},
    {0xf2f, 0xe8bab2},
    {0x385f, 0xe8bab6},
    {0x49f7, 0xe8bab9},
    {0x123d, 0xe8baba},
    {0x38a0, 0xe8babc},
    {0x2cad, 0xe8babd},
    {0x1536, 0xe8bb80},
    {0x3140, 0xe8bb82},
    {0x3860, 0xe8bb83},
    {0x3525, 0xe8bb89},
    {0x513, 0xe8bb8a},
    {0x68d, 0xe8bb8b},
    {0x810, 0xe8bb8c},
    {0x80f, 0xe8bb8d},
    {0x4788, 0xe8bb8e},
    {0x9d2, 0xe8bb8f},
    {0x1e13, 0xe8bb91},
    {0x9d0, 0xe8bb92},
    {0x1e14, 0xe8bb93},
    {0x9d1, 0xe8bb94},
    {0x207d, 0xe8bb97},
    {0x2079, 0xe8bb98},
    {0x3dbe, 0xe8bb9a},
    {0xbb3, 0xe8bb9b},
    {0x207c, 0xe8bb9c},
    {0x207b, 0xe8bb9d},
    {0x207a, 0xe8bb9e},
    {0xbb4, 0xe8bb9f},
    {0x4789, 0xe8bba2},
    {0x478a, 0xe8bba4},
    {0x2315, 0xe8bba5},
    {0x2313, 0xe8bba6},
    {0x231e, 0xe8bba9},
    {0x231a, 0xe8bbab},
    {0x231c, 0xe8bbac},
    {0x478b, 0xe8bbad},
    {0x2314, 0xe8bbae},
    {0x230f, 0xe8bbaf},
    {0x231b, 0xe8bbb1},
    {0x478c, 0xe8bbb2},
    {0x231d, 0xe8bbb4},
    {0x2316, 0xe8bbb5},
    {0x2319, 0xe8bbb6},
    {0x2310, 0xe8bbb7},
    {0xd7f, 0xe8bbb8},
    {0x2312, 0xe8bbb9},
    {0x2311, 0xe8bbba},
    {0xd7e, 0xe8bbbb},
    {0xd80, 0xe8bbbc},
    {0xf32, 0xe8bbbe},
    {0x25ba, 0xe8bbbf},
    {0x25bc, 0xe8bc80},
    {0x25bb, 0xe8bc81},
    {0x25c0, 0xe8bc82},
    {0xf30, 0xe8bc83},
    {0x25bd, 0xe8bc85},
    {0x25b9, 0xe8bc86},
    {0xf31, 0xe8bc89},
    {0xf33, 0xe8bc8a},
    {0x25c1, 0xe8bc8b},
    {0x2820, 0xe8bc8d},
    {0x281f, 0xe8bc8e},
    {0x10bf, 0xe8bc92},
    {0x10c1, 0xe8bc93},
    {0x10be, 0xe8bc94},
    {0x10c0, 0xe8bc95},
    {0x2a76, 0xe8bc98},
    {0x3862, 0xe8bc99},
    {0x2a77, 0xe8bc9a},
    {0x123f, 0xe8bc9b},
    {0x1244, 0xe8bc9c},
    {0x123e, 0xe8bc9d},
    {0x1245, 0xe8bc9e},
    {0x1240, 0xe8bc9f},
    {0x2a78, 0xe8bca0},
    {0x2a79, 0xe8bca3},
    {0x2a75, 0xe8bca4},
    {0x1246, 0xe8bca5},
    {0x1242, 0xe8bca6},
    {0x1241, 0xe8bca9},
    {0x1243, 0xe8bcaa},
    {0x2a74, 0xe8bcac},
    {0x3863, 0xe8bcad},
    {0x2caf, 0xe8bcae},
    {0x1368, 0xe8bcaf},
    {0x3bb7, 0xe8bcb0},
    {0x2cb1, 0xe8bcb2},
    {0x136a, 0xe8bcb3},
    {0x2cb4, 0xe8bcb4},
    {0x2cb0, 0xe8bcb5},
    {0x2cae, 0xe8bcb6},
    {0x2cb3, 0xe8bcb7},
    {0x1369, 0xe8bcb8},
    {0x2cb2, 0xe8bcb9},
    {0x1367, 0xe8bcbb},
    {0x4ae6, 0xe8bcbc},
    {0x148e, 0xe8bcbe},
    {0x1491, 0xe8bcbf},
    {0x2e7c, 0xe8bd80},
    {0x3d07, 0xe8bd81},
    {0x148f, 0xe8bd82},
    {0x2e7b, 0xe8bd83},
    {0x148d, 0xe8bd84},
    {0x1490, 0xe8bd85},
    {0x1537, 0xe8bd89},
    {0x3bb8, 0xe8bd8a},
    {0x2ffa, 0xe8bd8b},
    {0x1538, 0xe8bd8d},
    {0x15d7, 0xe8bd8e},
    {0x3142, 0xe8bd91},
    {0x3141, 0xe8bd92},
    {0x3145, 0xe8bd93},
    {0x15d6, 0xe8bd94},
    {0x3244, 0xe8bd95},
    {0x3245, 0xe8bd98},
    {0x3241, 0xe8bd99},
    {0x3246, 0xe8bd9a},
    {0x331c, 0xe8bd9b},
    {0x3f31, 0xe8bd9c},
    {0x331d, 0xe8bd9d},
    {0x331b, 0xe8bd9e},
    {0x1696, 0xe8bd9f},
    {0x33c4, 0xe8bda0},
    {0x16dd, 0xe8bda1},
    {0x33c5, 0xe8bda2},
    {0x3445, 0xe8bda3},
    {0x3444, 0xe8bda4},
    {0x456b, 0xe8bdae},
    {0x4732, 0xe8be93},
    {0x514, 0xe8be9b},
    {0xd81, 0xe8be9c},
    {0xf34, 0xe8be9f},
    {0x3d94, 0xe8bea0},
    {0x10c2, 0xe8bea3},
    {0x3866, 0xe8bea5},
    {0x136c, 0xe8bea6},
    {0x49b0, 0xe8bea7},
    {0x136b, 0xe8bea8},
    {0x15d8, 0xe8bead},
    {0x162f, 0xe8beae},
    {0x1697, 0xe8beaf},
    {0x515, 0xe8beb0},
    {0x9d3, 0xe8beb1},
    {0xf35, 0xe8beb2},
    {0x386a, 0xe8beb3},
    {0x3146, 0xe8beb4},
    {0x230, 0xe8beb5},
    {0x47d3, 0xe8beb6},
    {0x43fd, 0xe8beb7},
    {0x42f6, 0xe8beb8},
    {0x48c9, 0xe8beb9},
    {0x48c7, 0xe8beba},
    {0x48c6, 0xe8bebe},
    {0x18e9, 0xe8bebf},
    {0x478d, 0xe8bf81},
    {0x516, 0xe8bf82},
    {0x519, 0xe8bf84},
    {0x518, 0xe8bf85},
    {0x517, 0xe8bf86},
    {0x18e8, 0xe8bf89},
    {0x478e, 0xe8bf8a},
    {0x1a4a, 0xe8bf8b},
    {0x478f, 0xe8bf8c},
    {0x1a4c, 0xe8bf8d},
    {0x68e, 0xe8bf8e},
    {0x49f9, 0xe8bf8f},
    {0x48ae, 0xe8bf90},
    {0x690, 0xe8bf91},
    {0x1a49, 0xe8bf92},
    {0x1a4b, 0xe8bf93},
    {0x68f, 0xe8bf94},
    {0x1a4e, 0xe8bf95},
    {0x1a4d, 0xe8bf96},
    {0x1a4f, 0xe8bf97},
    {0x3fcb, 0xe8bf9a},
    {0x1c0a, 0xe8bfa0},
    {0x1c08, 0xe8bfa1},
    {0x813, 0xe8bfa2},
    {0x1c07, 0xe8bfa3},
    {0x818, 0xe8bfa4},
    {0x815, 0xe8bfa5},
    {0x812, 0xe8bfa6},
    {0x819, 0xe8bfa8},
    {0x814, 0xe8bfaa},
    {0x817, 0xe8bfab},
    {0x816, 0xe8bfad},
    {0x1c09, 0xe8bfae},
    {0x811, 0xe8bfb0},
    {0x9d9, 0xe8bfb4},
    {0x1e16, 0xe8bfb5},
    {0x1e1c, 0xe8bfb6},
    {0x9d6, 0xe8bfb7},
    {0x9dd, 0xe8bfb8},
    {0x3871, 0xe8bfb9},
    {0x9d8, 0xe8bfba},
    {0x1e19, 0xe8bfbb},
    {0x1e1b, 0xe8bfbc},
    {0x9db, 0xe8bfbd},
    {0x1e15, 0xe8bfbe},
    {0x1e18, 0xe8bfbf},
    {0x9d7, 0xe98080},
    {0x9d4, 0xe98081},
    {0x1e17, 0xe98082},
    {0x9da, 0xe98083},
    {0x1e1a, 0xe98084},
    {0x9dc, 0xe98085},
    {0x9d5, 0xe98086},
    {0x3ee0, 0xe98088},
    {0x2081, 0xe9808b},
    {0x2084, 0xe9808c},
    {0xbb6, 0xe9808d},
    {0xbc0, 0xe9808f},
    {0xbbc, 0xe98090},
    {0x2082, 0xe98091},
    {0x3e4e, 0xe98092},
    {0xbc4, 0xe98094},
    {0xbbd, 0xe98095},
    {0xbc2, 0xe98096},
    {0xbb8, 0xe98097},
    {0xbb5, 0xe98099},
    {0xbb7, 0xe9809a},
    {0xbc3, 0xe9809b},
    {0x2083, 0xe9809c},
    {0xbbb, 0xe9809d},
    {0xbbe, 0xe9809e},
    {0xbba, 0xe9809f},
    {0xbbf, 0xe980a0},
    {0x2085, 0xe980a1},
    {0xbc1, 0xe980a2},
    {0xbb9, 0xe980a3},
    {0x2080, 0xe980a4},
    {0x231f, 0xe980ad},
    {0xd82, 0xe980ae},
    {0x2321, 0xe980af},
    {0xd84, 0xe980b1},
    {0xd86, 0xe980b2},
    {0x4790, 0xe980b3},
    {0x2320, 0xe980b4},
    {0xd83, 0xe980b5},
    {0xd87, 0xe980b6},
    {0x3876, 0xe980b7},
    {0xd85, 0xe980b8},
    {0xf3b, 0xe980bc},
    {0x25c6, 0xe980bd},
    {0xf43, 0xe980be},
    {0x25c3, 0xe980bf},
    {0xf44, 0xe98181},
    {0xf39, 0xe98182},
    {0x25c4, 0xe98184},
    {0x4ab1, 0xe98186},
    {0xf3e, 0xe98187},
    {0x25c5, 0xe98189},
    {0xf37, 0xe9818a},
    {0xf36, 0xe9818b},
    {0x3f10, 0xe9818c},
    {0xf41, 0xe9818d},
    {0xf40, 0xe9818e},
    {0xf3f, 0xe9818f},
    {0xf3d, 0xe98190},
    {0xf42, 0xe98191},
    {0x25c2, 0xe98192},
    {0xf38, 0xe98193},
    {0xf3a, 0xe98194},
    {0xf3c, 0xe98195},
    {0x3dd2, 0xe98196},
    {0x10c4, 0xe98198},
    {0x10c7, 0xe98199},
    {0x10cb, 0xe9819b},
    {0x10c5, 0xe9819c},
    {0x10ca, 0xe9819d},
    {0x10c8, 0xe9819e},
    {0x10c3, 0xe981a0},
    {0x3879, 0xe981a1},
    {0x10c9, 0xe981a2},
    {0x10c6, 0xe981a3},
    {0x3c68, 0xe981a4},
    {0x2a7f, 0xe981a7},
    {0x1249, 0xe981a8},
    {0x1247, 0xe981a9},
    {0x2a80, 0xe981ab},
    {0x3d60, 0xe981ac},
    {0x124a, 0xe981ad},
    {0x1248, 0xe981ae},
    {0x2a7e, 0xe981af},
    {0x2a7d, 0xe981b0},
    {0x1370, 0xe981b2},
    {0x2a7c, 0xe981b3},
    {0x136e, 0xe981b4},
    {0x136d, 0xe981b5},
    {0x2cb5, 0xe981b6},
    {0x124b, 0xe981b7},
    {0x136f, 0xe981b8},
    {0x2cb6, 0xe981b9},
    {0x1372, 0xe981ba},
    {0x2cb7, 0xe981bb},
    {0x1371, 0xe981bc},
    {0x1493, 0xe981bd},
    {0x2e7e, 0xe981be},
    {0x1492, 0xe981bf},
    {0x1497, 0xe98280},
    {0x153a, 0xe98283},
    {0x1494, 0xe98284},
    {0x2e7d, 0xe98285},
    {0x2cb8, 0xe98286},
    {0x1539, 0xe98287},
    {0x153b, 0xe98288},
    {0x3247, 0xe9828d},
    {0x170c, 0xe9828f},
    {0x170b, 0xe98290},
    {0x51b, 0xe98291},
    {0x181e, 0xe98294},
    {0x9de, 0xe98295},
    {0x181a, 0xe98299},
    {0x181d, 0xe9829b},
    {0x18ed, 0xe9829e},
    {0x18ea, 0xe9829f},
    {0x18ef, 0xe982a0},
    {0x18eb, 0xe982a1},
    {0x51c, 0xe982a2},
    {0x51f, 0xe982a3},
    {0x18ec, 0xe982a5},
    {0x51e, 0xe982a6},
    {0x18ee, 0xe982a7},
    {0x387c, 0xe982a8},
    {0x51d, 0xe982aa},
    {0x3880, 0xe982ae},
    {0x1a52, 0xe982af},
    {0x1a54, 0xe982b0},
    {0x693, 0xe982b1},
    {0x1a50, 0xe982b2},
    {0x1a53, 0xe982b3},
    {0x1a51, 0xe982b4},
    {0x691, 0xe982b5},
    {0x694, 0xe982b6},
    {0x692, 0xe982b8},
    {0x3bc4, 0xe982bb},
    {0x1c0c, 0xe982bd},
    {0x1c10, 0xe982be},
    {0x1c0d, 0xe982bf},
    {0x81c, 0xe98381},
    {0x81d, 0xe98383},
    {0x387e, 0xe98384},
    {0x1c0f, 0xe98385},
    {0x1c11, 0xe98387},
    {0x1c13, 0xe98388},
    {0x81a, 0xe9838a},
    {0x1c12, 0xe9838b},
    {0x81b, 0xe9838e},
    {0x208c, 0xe98394},
    {0x1c0e, 0xe98395},
    {0x1e1d, 0xe98396},
    {0x1e26, 0xe98397},
    {0x1e24, 0xe98398},
    {0x1e25, 0xe9839b},
    {0x1e27, 0xe9839c},
    {0x9e0, 0xe9839d},
    {0x1e22, 0xe9839f},
    {0x1e1e, 0xe983a0},
    {0x9df, 0xe983a1},
    {0x9e1, 0xe983a2},
    {0x1e21, 0xe983a3},
    {0x1e28, 0xe983a4},
    {0x1e23, 0xe983a5},
    {0xbc5, 0xe983a8},
    {0x208f, 0xe983a9},
    {0x2087, 0xe983aa},
    {0xbc6, 0xe983ad},
    {0x2086, 0xe983af},
    {0x2088, 0xe983b0},
    {0x1c0b, 0xe983b1},
    {0x2089, 0xe983b4},
    {0xd89, 0xe983b5},
    {0x2328, 0xe983b9},
    {0x2cb9, 0xe983ba},
    {0x2329, 0xe983bb},
    {0x2326, 0xe983bc},
    {0xbc7, 0xe983bd},
    {0xd8b, 0xe983be},
    {0x2325, 0xe983bf},
    {0x232b, 0xe98480},
    {0x232a, 0xe98481},
    {0xd88, 0xe98482},
    {0x232e, 0xe98483},
    {0x2324, 0xe98484},
    {0x232d, 0xe98485},
    {0x2322, 0xe98486},
    {0x232c, 0xe98487},
    {0x2327, 0xe98488},
    {0xd8a, 0xe98489},
    {0x25cd, 0xe9848b},
    {0x25c8, 0xe9848d},
    {0x25ce, 0xe9848e},
    {0x25c9, 0xe9848f},
    {0x25c7, 0xe98490},
    {0x25ca, 0xe98491},
    {0xf45, 0xe98492},
    {0x25cc, 0xe98494},
    {0x25cb, 0xe98496},
    {0xf46, 0xe98497},
    {0x10cd, 0xe98498},
    {0x10cc, 0xe98499},
    {0x2827, 0xe9849a},
    {0x282a, 0xe9849b},
    {0x2822, 0xe9849c},
    {0x2826, 0xe9849d},
    {0x10ce, 0xe9849e},
    {0x2825, 0xe9849f},
    {0x2823, 0xe984a0},
    {0x2829, 0xe984a1},
    {0x2824, 0xe984a2},
    {0x2821, 0xe984a3},
    {0x2828, 0xe984a4},
    {0x2a86, 0xe984a6},
    {0x124e, 0xe984a7},
    {0x2ffb, 0xe984a8},
    {0x2a82, 0xe984ab},
    {0x2323, 0xe984ac},
    {0x124d, 0xe984ad},
    {0x2a87, 0xe984ae},
    {0x2a81, 0xe984af},
    {0x124c, 0xe984b0},
    {0x124f, 0xe984b1},
    {0x2a85, 0xe984b2},
    {0x2cba, 0xe984b3},
    {0x1373, 0xe984b4},
    {0x2e7f, 0xe984b8},
    {0x1498, 0xe984b9},
    {0x2ffe, 0xe984be},
    {0x3148, 0xe984bf},
    {0x3147, 0xe98580},
    {0x3249, 0xe98581},
    {0x3248, 0xe98583},
    {0x331e, 0xe98586},
    {0x33c6, 0xe98587},
    {0x16de, 0xe98588},
    {0x520, 0xe98589},
    {0x81f, 0xe9858a},
    {0x81e, 0xe9858b},
    {0x9e4, 0xe9858c},
    {0x9e3, 0xe9858d},
    {0x1e29, 0xe98590},
    {0x3f49, 0xe98591},
    {0x9e2, 0xe98592},
    {0x2093, 0xe98593},
    {0x2094, 0xe98595},
    {0x2090, 0xe98596},
    {0xbc8, 0xe98597},
    {0x2091, 0xe98598},
    {0x3f45, 0xe98599},
    {0x2092, 0xe9859a},
    {0x3f47, 0xe9859c},
    {0x43eb, 0xe9859e},
    {0x2331, 0xe9859f},
    {0x2333, 0xe985a0},
    {0x232f, 0xe985a1},
    {0x2332, 0xe985a2},
    {0xd8c, 0xe985a3},
    {0x2330, 0xe985a4},
    {0xd8d, 0xe985a5},
    {0x3882, 0xe985a7},
    {0x23e2, 0xe985a8},
    {0xf49, 0xe985a9},
    {0xf48, 0xe985aa},
    {0xf47, 0xe985ac},
    {0x3eb8, 0xe985b0},
    {0x282c, 0xe985b2},
    {0x282e, 0xe985b3},
    {0x10d2, 0xe985b4},
    {0x10cf, 0xe985b5},
    {0x3e9b, 0xe985b6},
    {0x10d1, 0xe985b7},
    {0x10d0, 0xe985b8},
    {0x282d, 0xe985b9},
    {0x282b, 0xe985ba},
    {0x3f6f, 0xe985bc},
    {0x2a8e, 0xe98680},
    {0x1253, 0xe98683},
    {0x2a8d, 0xe98684},
    {0x1250, 0xe98687},
    {0x1251, 0xe98689},
    {0x2a8a, 0xe9868a},
    {0x1252, 0xe9868b},
    {0x43ec, 0xe9868c},
    {0x2cc0, 0xe9868d},
    {0x3f4e, 0xe9868e},
    {0x2cc1, 0xe9868f},
    {0x1374, 0xe98692},
    {0x2cbd, 0xe98693},
    {0x4ae7, 0xe98696},
    {0x2e83, 0xe98699},
    {0x2e80, 0xe9869a},
    {0x2e82, 0xe9869b},
    {0x149b, 0xe9869c},
    {0x2e86, 0xe9869d},
    {0x149a, 0xe9869e},
    {0x2e84, 0xe9869f},
    {0x2e87, 0xe986a0},
    {0x2e85, 0xe986a1},
    {0x2e81, 0xe986a2},
    {0x1499, 0xe986a3},
    {0x3000, 0xe986a5},
    {0x3001, 0xe986a7},
    {0x2fff, 0xe986a8},
    {0x3883, 0xe986a9},
    {0x3003, 0xe986aa},
    {0x314a, 0xe986ad},
    {0x15dc, 0xe986ae},
    {0x3002, 0xe986af},
    {0x3149, 0xe986b0},
    {0x15db, 0xe986b1},
    {0x1650, 0xe986b4},
    {0x324b, 0xe986b5},
    {0x45ef, 0xe986b6},
    {0x324a, 0xe986b7},
    {0x3321, 0xe986b9},
    {0x1698, 0xe986ba},
    {0x3bc8, 0xe986bb},
    {0x3446, 0xe986bc},
    {0x34a3, 0xe986bd},
    {0x34a2, 0xe986be},
    {0x1730, 0xe98780},
    {0x174a, 0xe98781},
    {0x34a4, 0xe98782},
    {0x350b, 0xe98783},
    {0x3884, 0xe98784},
    {0x175c, 0xe98785},
    {0x521, 0xe98786},
    {0x695, 0xe98787},
    {0xf4a, 0xe98789},
    {0x1651, 0xe9878b},
    {0x522, 0xe9878c},
    {0x820, 0xe9878d},
    {0xbc9, 0xe9878e},
    {0xd8e, 0xe9878f},
    {0x153e, 0xe98790},
    {0x696, 0xe98791},
    {0x1c15, 0xe98793},
    {0x1c14, 0xe98794},
    {0x1e2c, 0xe98795},
    {0x415e, 0xe98796},
    {0x9e7, 0xe98797},
    {0x9e5, 0xe98798},
    {0x9e9, 0xe98799},
    {0x1e2e, 0xe9879a},
    {0x9e8, 0xe9879c},
    {0x9e6, 0xe9879d},
    {0x453a, 0xe9879f},
    {0x1e2d, 0xe987a2},
    {0xbcc, 0xe987a3},
    {0x209a, 0xe987a4},
    {0x3c06, 0xe987a5},
    {0xbcb, 0xe987a6},
    {0xbcd, 0xe987a7},
    {0x209f, 0xe987a8},
    {0xbcf, 0xe987a9},
    {0x2095, 0xe987ac},
    {0xbce, 0xe987ad},
    {0x20a0, 0xe987ae},
    {0x2097, 0xe987b1},
    {0x2098, 0xe987b3},
    {0x2096, 0xe987b4},
    {0xbca, 0xe987b5},
    {0x49b1, 0xe987b6},
    {0x209e, 0xe987b7},
    {0x2099, 0xe987b8},
    {0x209b, 0xe987b9},
    {0x3af8, 0xe987ba},
    {0x233f, 0xe987bd},
    {0x382e, 0xe987be},
    {0x233e, 0xe987bf},
    {0x233c, 0xe98880},
    {0x2334, 0xe98881},
    {0x2343, 0xe98882},
    {0x2337, 0xe98883},
    {0x2341, 0xe98884},
    {0x2348, 0xe98885},
    {0x2340, 0xe98886},
    {0xd96, 0xe98887},
    {0x3eb9, 0xe98888},
    {0xd92, 0xe98889},
    {0x2335, 0xe9888a},
    {0x233b, 0xe9888c},
    {0xd94, 0xe9888d},
    {0x3888, 0xe9888e},
    {0x233a, 0xe9888f},
    {0xd95, 0xe98890},
    {0xd97, 0xe98891},
    {0x233d, 0xe98892},
    {0x4793, 0xe98893},
    {0x2349, 0xe98896},
    {0x2347, 0xe98897},
    {0x4aa6, 0xe98898},
    {0x2346, 0xe98899},
    {0x2338, 0xe9889a},
    {0x2344, 0xe9889c},
    {0xd93, 0xe9889e},
    {0x49fc, 0xe988a1},
    {0xd91, 0xe988a3},
    {0x2345, 0xe988a4},
    {0x2336, 0xe988a5},
    {0x2339, 0xe988a6},
    {0x2342, 0xe988a7},
    {0x4795, 0xe988a8},
    {0x3c0e, 0xe988aa},
    {0x3ba6, 0xe988ab},
    {0x2851, 0xe988ad},
    {0x25da, 0xe988ae},
    {0x25d3, 0xe988b0},
    {0x25e6, 0xe988b1},
    {0x25ef, 0xe988b2},
    {0x25d6, 0xe988b3},
    {0xf55, 0xe988b4},
    {0x3b26, 0xe988b5},
    {0x25e3, 0xe988b6},
    {0xf4b, 0xe988b7},
    {0xf4d, 0xe988b8},
    {0xf59, 0xe988b9},
    {0x25d4, 0xe988ba},
    {0x41d2, 0xe988bc},
    {0xf4e, 0xe988bd},
    {0xf50, 0xe988be},
    {0xf5a, 0xe988bf},
    {0xf4f, 0xe98980},
    {0x388a, 0xe98981},
    {0x389a, 0xe98984},
    {0xf58, 0xe98985},
    {0x25dc, 0xe98986},
    {0x25d1, 0xe98988},
    {0xf56, 0xe98989},
    {0x25db, 0xe9898a},
    {0xf52, 0xe9898b},
    {0x25ed, 0xe9898c},
    {0xf57, 0xe9898d},
    {0x25eb, 0xe9898e},
    {0x25df, 0xe9898f},
    {0x25e9, 0xe98990},
    {0xf54, 0xe98991},
    {0x25d2, 0xe98992},
    {0x25ec, 0xe98993},
    {0x25e7, 0xe98994},
    {0x3e47, 0xe98995},
    {0x25ee, 0xe98996},
    {0xf4c, 0xe98997},
    {0x4796, 0xe98998},
    {0xf5b, 0xe9899a},
    {0xf51, 0xe9899b},
    {0x3a03, 0xe9899d},
    {0x25d8, 0xe9899e},
    {0x3ce0, 0xe9899f},
    {0x25e0, 0xe989a0},
    {0x25e4, 0xe989a1},
    {0x388b, 0xe989a2},
    {0x25e8, 0xe989a3},
    {0xf53, 0xe989a4},
    {0x25d7, 0xe989a5},
    {0x25d5, 0xe989a6},
    {0x25e1, 0xe989a7},
    {0x4797, 0xe989ab},
    {0x25de, 0xe989ac},
    {0x25dd, 0xe989ad},
    {0x3d05, 0xe989ae},
    {0x25e2, 0xe989af},
    {0x25e5, 0xe989b0},
    {0x25ea, 0xe989b2},
    {0x2831, 0xe989b6},
    {0x3c64, 0xe989b7},
    {0x10d3, 0xe989b8},
    {0x283b, 0xe989b9},
    {0x2833, 0xe989ba},
    {0x10d9, 0xe989bb},
    {0x10dd, 0xe989bc},
    {0x2844, 0xe989bd},
    {0x284c, 0xe989be},
    {0x283d, 0xe989bf},
    {0x10d5, 0xe98a80},
    {0x3e01, 0xe98a81},
    {0x2841, 0xe98a82},
    {0x25d9, 0xe98a83},
    {0x3cb9, 0xe98a84},
    {0x10d6, 0xe98a85},
    {0x2848, 0xe98a86},
    {0x284d, 0xe98a87},
    {0x2845, 0xe98a88},
    {0x3ab5, 0xe98a89},
    {0x2847, 0xe98a8a},
    {0x2850, 0xe98a8b},
    {0x2849, 0xe98a8c},
    {0x2837, 0xe98a8d},
    {0x2840, 0xe98a8e},
    {0x46bd, 0xe98a8f},
    {0x10de, 0xe98a91},
    {0x10da, 0xe98a93},
    {0x2835, 0xe98a94},
    {0x2842, 0xe98a95},
    {0x10d8, 0xe98a96},
    {0x283c, 0xe98a97},
    {0x10d7, 0xe98a98},
    {0x284a, 0xe98a99},
    {0x2839, 0xe98a9a},
    {0x2832, 0xe98a9b},
    {0x10db, 0xe98a9c},
    {0x284f, 0xe98a9d},
    {0x2834, 0xe98aa0},
    {0x2846, 0xe98aa1},
    {0x2843, 0xe98aa2},
    {0x283e, 0xe98aa3},
    {0x2830, 0xe98aa4},
    {0x282f, 0xe98aa5},
    {0x2838, 0xe98aa6},
    {0x284b, 0xe98aa7},
    {0x10dc, 0xe98aa8},
    {0x284e, 0xe98aa9},
    {0x2836, 0xe98aaa},
    {0x283a, 0xe98aab},
    {0x10d4, 0xe98aac},
    {0x4799, 0xe98aae},
    {0x4798, 0xe98ab1},
    {0x125f, 0xe98ab2},
    {0x125a, 0xe98ab3},
    {0x2ab0, 0xe98ab4},
    {0x2aac, 0xe98ab5},
    {0x2a94, 0xe98ab6},
    {0x1256, 0xe98ab7},
    {0x36e9, 0xe98ab9},
    {0x3bf5, 0xe98aba},
    {0x1255, 0xe98abb},
    {0x125b, 0xe98abc},
    {0x3c60, 0xe98abe},
    {0x479a, 0xe98abf},
    {0x2a92, 0xe98b80},
    {0x1259, 0xe98b81},
    {0x2a9e, 0xe98b82},
    {0x1254, 0xe98b85},
    {0x2aaf, 0xe98b86},
    {0x125d, 0xe98b87},
    {0x2aa1, 0xe98b88},
    {0x2aa6, 0xe98b89},
    {0x2aa0, 0xe98b8a},
    {0x2cd3, 0xe98b8b},
    {0x2a9c, 0xe98b8c},
    {0x2aa4, 0xe98b8d},
    {0x2aa2, 0xe98b8e},
    {0x2a95, 0xe98b8f},
    {0x2a8f, 0xe98b90},
    {0x2aaa, 0xe98b91},
    {0x125c, 0xe98b92},
    {0x2aab, 0xe98b93},
    {0x3861, 0xe98b94},
    {0x2aa5, 0xe98b95},
    {0x2a9a, 0xe98b97},
    {0x2a98, 0xe98b98},
    {0x2a93, 0xe98b99},
    {0x400c, 0xe98b9b},
    {0x2a9b, 0xe98b9d},
    {0x2aa8, 0xe98b9e},
    {0x2a97, 0xe98b9f},
    {0x2aa7, 0xe98ba0},
    {0x2aad, 0xe98ba1},
    {0x479b, 0xe98ba3},
    {0x1258, 0xe98ba4},
    {0x3ca2, 0xe98ba5},
    {0x2aa3, 0xe98ba6},
    {0x2aa9, 0xe98ba7},
    {0x2a9f, 0xe98ba8},
    {0x2a99, 0xe98ba9},
    {0x1257, 0xe98baa},
    {0x479c, 0xe98bab},
    {0x3964, 0xe98bac},
    {0x4ae8, 0xe98bad},
    {0x283f, 0xe98bae},
    {0x2a9d, 0xe98baf},
    {0x125e, 0xe98bb0},
    {0x2a96, 0xe98bb1},
    {0x3ab2, 0xe98bb2},
    {0x3c04, 0xe98bb6},
    {0x2cd8, 0xe98bb7},
    {0x1377, 0xe98bb8},
    {0x2cd7, 0xe98bb9},
    {0x2cd5, 0xe98bba},
    {0x2ce7, 0xe98bbb},
    {0x137b, 0xe98bbc},
    {0x479f, 0xe98bbd},
    {0x2ce4, 0xe98bbe},
    {0x2cdc, 0xe98bbf},
    {0x2ce6, 0xe98c80},
    {0x2cce, 0xe98c81},
    {0x2cda, 0xe98c82},
    {0x3867, 0xe98c83},
    {0x137d, 0xe98c84},
    {0x2cc6, 0xe98c86},
    {0x3b11, 0xe98c87},
    {0x2cc4, 0xe98c88},
    {0x2ce5, 0xe98c89},
    {0x2ce3, 0xe98c8b},
    {0x2ce2, 0xe98c8c},
    {0x2cd2, 0xe98c8d},
    {0x2cd1, 0xe98c8e},
    {0x2cc7, 0xe98c8f},
    {0x137f, 0xe98c90},
    {0x2ccd, 0xe98c92},
    {0x2cd6, 0xe98c93},
    {0x2ce1, 0xe98c94},
    {0x1382, 0xe98c95},
    {0x2ce8, 0xe98c96},
    {0x14a3, 0xe98c98},
    {0x1384, 0xe98c99},
    {0x137e, 0xe98c9a},
    {0x2ccb, 0xe98c9b},
    {0x2cd4, 0xe98c9d},
    {0x2cc3, 0xe98c9e},
    {0x2cc5, 0xe98c9f},
    {0x1375, 0xe98ca0},
    {0x1381, 0xe98ca1},
    {0x137a, 0xe98ca2},
    {0x2ccc, 0xe98ca3},
    {0x2cdb, 0xe98ca4},
    {0x2aae, 0xe98ca5},
    {0x1380, 0xe98ca6},
    {0x2cc2, 0xe98ca7},
    {0x149e, 0xe98ca8},
    {0x2cdd, 0xe98ca9},
    {0x2ce0, 0xe98caa},
    {0x137c, 0xe98cab},
    {0x3892, 0xe98cac},
    {0x2cd0, 0xe98cad},
    {0x1383, 0xe98cae},
    {0x1379, 0xe98caf},
    {0x3e03, 0xe98cb0},
    {0x3cbd, 0xe98cb1},
    {0x1378, 0xe98cb3},
    {0x2cd9, 0xe98cb4},
    {0x2cdf, 0xe98cb5},
    {0x1376, 0xe98cb6},
    {0x2cc9, 0xe98cb8},
    {0x2cde, 0xe98cb9},
    {0x2cca, 0xe98cbc},
    {0x4155, 0xe98d80},
    {0x4277, 0xe98d81},
    {0x3afa, 0xe98d82},
    {0x47a0, 0xe98d83},
    {0x4016, 0xe98d84},
    {0x3e74, 0xe98d85},
    {0x2ccf, 0xe98d86},
    {0x2e8d, 0xe98d87},
    {0x3c61, 0xe98d88},
    {0x2e92, 0xe98d89},
    {0x14a0, 0xe98d8a},
    {0x14a2, 0xe98d8b},
    {0x2e98, 0xe98d8c},
    {0x149c, 0xe98d8d},
    {0x2ea6, 0xe98d8e},
    {0x2e9e, 0xe98d8f},
    {0x2e9d, 0xe98d92},
    {0x14a9, 0xe98d94},
    {0x2e9c, 0xe98d95},
    {0x2e8c, 0xe98d96},
    {0x2e9b, 0xe98d97},
    {0x2e8f, 0xe98d98},
    {0x2ea7, 0xe98d99},
    {0x14a8, 0xe98d9a},
    {0x14a6, 0xe98d9b},
    {0x2e90, 0xe98d9c},
    {0x2ea3, 0xe98d9e},
    {0x3cbb, 0xe98d9f},
    {0x2e95, 0xe98da0},
    {0x2ea2, 0xe98da1},
    {0x4268, 0xe98da2},
    {0x2ea4, 0xe98da3},
    {0x2e8b, 0xe98da4},
    {0x14a1, 0xe98da5},
    {0x46bc, 0xe98da6},
    {0x2ea5, 0xe98da7},
    {0x3bf0, 0xe98da8},
    {0x3961, 0xe98da9},
    {0x2e99, 0xe98daa},
    {0x3893, 0xe98dab},
    {0x14a5, 0xe98dac},
    {0x2e96, 0xe98dad},
    {0x3fac, 0xe98dae},
    {0x14a7, 0xe98db0},
    {0x2e9f, 0xe98db1},
    {0x389e, 0xe98db3},
    {0x3ce4, 0xe98db4},
    {0x149f, 0xe98db5},
    {0x2e91, 0xe98db6},
    {0x2ea0, 0xe98db7},
    {0x38f9, 0xe98db8},
    {0x2e9a, 0xe98db9},
    {0x2cc8, 0xe98dba},
    {0x2ea1, 0xe98dbb},
    {0x2e8e, 0xe98dbc},
    {0x3c25, 0xe98dbd},
    {0x14a4, 0xe98dbe},
    {0x3014, 0xe98e80},
    {0x3965, 0xe98e81},
    {0x149d, 0xe98e82},
    {0x2e89, 0xe98e83},
    {0x47a1, 0xe98e84},
    {0x42bd, 0xe98e85},
    {0x3cc0, 0xe98e86},
    {0x3ae0, 0xe98e87},
    {0x3011, 0xe98e88},
    {0x300a, 0xe98e89},
    {0x1540, 0xe98e8a},
    {0x3005, 0xe98e8c},
    {0x3015, 0xe98e8d},
    {0x300c, 0xe98e8e},
    {0x2e97, 0xe98e8f},
    {0x3d3c, 0xe98e90},
    {0x3017, 0xe98e91},
    {0x3006, 0xe98e92},
    {0x153f, 0xe98e94},
    {0x3010, 0xe98e95},
    {0x1541, 0xe98e96},
    {0x1549, 0xe98e97},
    {0x1547, 0xe98e98},
    {0x3012, 0xe98e99},
    {0x1548, 0xe98e9a},
    {0x3008, 0xe98e9b},
    {0x39ac, 0xe98e9c},
    {0x3009, 0xe98e9d},
    {0x300e, 0xe98e9e},
    {0x3013, 0xe98e9f},
    {0x3ab1, 0xe98ea0},
    {0x2e88, 0xe98ea1},
    {0x1542, 0xe98ea2},
    {0x301c, 0xe98ea3},
    {0x3019, 0xe98ea4},
    {0x3160, 0xe98ea5},
    {0x300f, 0xe98ea6},
    {0x300b, 0xe98ea7},
    {0x301a, 0xe98ea8},
    {0x3155, 0xe98ea9},
    {0x300d, 0xe98eaa},
    {0x1545, 0xe98eac},
    {0x47a2, 0xe98ead},
    {0x1544, 0xe98eae},
    {0x2e8a, 0xe98eaf},
    {0x1546, 0xe98eb0},
    {0x3016, 0xe98eb1},
    {0x3018, 0xe98eb2},
    {0x1543, 0xe98eb3},
    {0x301b, 0xe98eb4},
    {0x3004, 0xe98eb5},
    {0x3007, 0xe98eb7},
    {0x3c90, 0xe98eb8},
    {0x43f7, 0xe98eba},
    {0x3c8f, 0xe98ebb},
    {0x3a27, 0xe98ebd},
    {0x3e2d, 0xe98ebf},
    {0x315e, 0xe98f80},
    {0x314e, 0xe98f82},
    {0x15e0, 0xe98f83},
    {0x315c, 0xe98f84},
    {0x46ba, 0xe98f86},
    {0x314c, 0xe98f87},
    {0x15e1, 0xe98f88},
    {0x3157, 0xe98f8a},
    {0x3966, 0xe98f8b},
    {0x3153, 0xe98f8c},
    {0x15e6, 0xe98f8d},
    {0x315d, 0xe98f8e},
    {0x314d, 0xe98f8f},
    {0x3150, 0xe98f90},
    {0x15de, 0xe98f91},
    {0x315f, 0xe98f92},
    {0x40e1, 0xe98f93},
    {0x3158, 0xe98f94},
    {0x315b, 0xe98f95},
    {0x15e4, 0xe98f96},
    {0x15e9, 0xe98f97},
    {0x15e7, 0xe98f98},
    {0x3154, 0xe98f99},
    {0x314f, 0xe98f9a},
    {0x3c5f, 0xe98f9b},
    {0x314b, 0xe98f9e},
    {0x15df, 0xe98f9f},
    {0x3a20, 0xe98fa0},
    {0x15dd, 0xe98fa1},
    {0x15e5, 0xe98fa2},
    {0x315a, 0xe98fa3},
    {0x15e8, 0xe98fa4},
    {0x3156, 0xe98fa6},
    {0x3161, 0xe98fa7},
    {0x15ea, 0xe98fa8},
    {0x3152, 0xe98fac},
    {0x3159, 0xe98fae},
    {0x423f, 0xe98fb0},
    {0x42aa, 0xe98fb1},
    {0x3962, 0xe98fb3},
    {0x49ca, 0xe98fb4},
    {0x325a, 0xe98fb5},
    {0x3269, 0xe98fb6},
    {0x325c, 0xe98fb7},
    {0x3263, 0xe98fb8},
    {0x3151, 0xe98fb9},
    {0x3261, 0xe98fba},
    {0x3250, 0xe98fbb},
    {0x3267, 0xe98fbc},
    {0x1654, 0xe98fbd},
    {0x3254, 0xe98fbe},
    {0x3266, 0xe98fbf},
    {0x325b, 0xe99080},
    {0x3cd4, 0xe99081},
    {0x1653, 0xe99083},
    {0x3bc9, 0xe99084},
    {0x326b, 0xe99086},
    {0x325d, 0xe99087},
    {0x3a25, 0xe99088},
    {0x3262, 0xe99089},
    {0x3265, 0xe9908a},
    {0x324e, 0xe9908b},
    {0x3268, 0xe9908c},
    {0x3259, 0xe9908d},
    {0x325e, 0xe9908e},
    {0x3252, 0xe9908f},
    {0x3256, 0xe99090},
    {0x326a, 0xe99091},
    {0x3260, 0xe99092},
    {0x324f, 0xe99093},
    {0x3253, 0xe99094},
    {0x3255, 0xe99095},
    {0x325f, 0xe99096},
    {0x47a5, 0xe99097},
    {0x1652, 0xe99098},
    {0x3258, 0xe99099},
    {0x4148, 0xe9909b},
    {0x47a6, 0xe9909d},
    {0x3251, 0xe990a0},
    {0x3943, 0xe990a4},
    {0x38d0, 0xe990a5},
    {0x38a3, 0xe990a6},
    {0x3bcd, 0xe990a7},
    {0x3257, 0xe990a8},
    {0x3325, 0xe990a9},
    {0x3329, 0xe990aa},
    {0x169f, 0xe990ab},
    {0x332b, 0xe990ac},
    {0x47a7, 0xe990ad},
    {0x1699, 0xe990ae},
    {0x4aa1, 0xe990af},
    {0x3327, 0xe990b0},
    {0x332d, 0xe990b1},
    {0x169e, 0xe990b2},
    {0x169a, 0xe990b3},
    {0x169b, 0xe990b5},
    {0x3324, 0xe990b6},
    {0x332a, 0xe990b7},
    {0x169d, 0xe990b8},
    {0x3328, 0xe990b9},
    {0x169c, 0xe990ba},
    {0x3323, 0xe990bb},
    {0x3264, 0xe990bc},
    {0x3326, 0xe990bd},
    {0x47a8, 0xe990be},
    {0x3322, 0xe990bf},
    {0x332c, 0xe99180},
    {0x4272, 0xe99182},
    {0x4275, 0xe99183},
    {0x16df, 0xe99184},
    {0x33cd, 0xe99185},
    {0x33d0, 0xe99186},
    {0x33cc, 0xe99187},
    {0x33c7, 0xe9918c},
    {0x3c65, 0xe9918d},
    {0x33cb, 0xe9918f},
    {0x33c8, 0xe99190},
    {0x47aa, 0xe99194},
    {0x3448, 0xe99195},
    {0x344a, 0xe99197},
    {0x3c30, 0xe99198},
    {0x389f, 0xe9919b},
    {0x3449, 0xe9919d},
    {0x344b, 0xe9919e},
    {0x170e, 0xe991a0},
    {0x3447, 0xe991a2},
    {0x170d, 0xe991a3},
    {0x170f, 0xe991a4},
    {0x3dde, 0xe991a5},
    {0x3ab8, 0xe991a7},
    {0x1731, 0xe991aa},
    {0x34a5, 0xe991ab},
    {0x377e, 0xe991ac},
    {0x34ed, 0xe991ad},
    {0x34ec, 0xe991ae},
    {0x34ee, 0xe991af},
    {0x174c, 0xe991b0},
    {0x34ef, 0xe991b1},
    {0x174b, 0xe991b2},
    {0x34f0, 0xe991b3},
    {0x350c, 0xe991b4},
    {0x350f, 0xe991b5},
    {0x350e, 0xe991b6},
    {0x1755, 0xe991b7},
    {0x350d, 0xe991b8},
    {0x47ab, 0xe991b9},
    {0x419b, 0xe991bb},
    {0x175f, 0xe991bc},
    {0x1764, 0xe991bf},
    {0x3538, 0xe99282},
    {0x3540, 0xe99283},
    {0x4507, 0xe99285},
    {0x4885, 0xe9929f},
    {0x451b, 0xe992a2},
    {0x47e1, 0xe99381},
    {0x47df, 0xe99383},
    {0x47d7, 0xe9939c},
    {0x47d2, 0xe993b6},
    {0x47ac, 0xe994ad},
    {0x48bf, 0xe99587},
    {0x697, 0xe995b7},
    {0x4508, 0xe995b8},
    {0x20a1, 0xe995ba},
    {0x234a, 0xe995bb},
    {0x2ab1, 0xe995bc},
    {0x3162, 0xe995bd},
    {0x4509, 0xe995bf},
    {0x698, 0xe99680},
    {0x821, 0xe99682},
    {0x9ea, 0xe99683},
    {0x38a1, 0xe99685},
    {0x20a2, 0xe99686},
    {0x20a3, 0xe99688},
    {0xbd0, 0xe99689},
    {0xd9a, 0xe9968b},
    {0x234c, 0xe9968c},
    {0x234b, 0xe9968d},
    {0xd9e, 0xe9968e},
    {0xd99, 0xe9968f},
    {0x234d, 0xe99690},
    {0xd9b, 0xe99691},
    {0xd9d, 0xe99692},
    {0xd9c, 0xe99693},
    {0xd98, 0xe99694},
    {0x3bd5, 0xe99696},
    {0x3bd4, 0xe99697},
    {0xf5c, 0xe99698},
    {0x3bd2, 0xe99699},
    {0x25f3, 0xe9969b},
    {0x25f1, 0xe9969c},
    {0x25f2, 0xe9969e},
    {0x25f0, 0xe9969f},
    {0x38a4, 0xe996a0},
    {0x10df, 0xe996a1},
    {0x47ad, 0xe996a2},
    {0x10e2, 0xe996a3},
    {0x10e4, 0xe996a4},
    {0x10e3, 0xe996a5},
    {0x38a2, 0xe996a6},
    {0x3bd3, 0xe996a7},
    {0x4395, 0xe996aa},
    {0x2ab3, 0xe996ab},
    {0x2ab2, 0xe996ac},
    {0x1260, 0xe996ad},
    {0x2ab4, 0xe996ae},
    {0x2ab5, 0xe996b0},
    {0x1261, 0xe996b1},
    {0x4ae9, 0xe996b2},
    {0x2cf0, 0xe996b5},
    {0x2cee, 0xe996b6},
    {0x2ead, 0xe996b7},
    {0x1385, 0xe996bb},
    {0x2ce9, 0xe996bc},
    {0x2cf1, 0xe996bd},
    {0x2ceb, 0xe996be},
    {0x2cef, 0xe996bf},
    {0x2ea9, 0xe99780},
    {0x2eab, 0xe99783},
    {0x2eac, 0xe99785},
    {0x14ae, 0xe99786},
    {0x2ea8, 0xe99787},
    {0x14ad, 0xe99788},
    {0x2eaa, 0xe99789},
    {0x2cea, 0xe9978d},
    {0x154c, 0xe99790},
    {0x301f, 0xe99791},
    {0x154a, 0xe99794},
    {0x154d, 0xe99795},
    {0x154b, 0xe99796},
    {0x15eb, 0xe9979c},
    {0x326c, 0xe9979e},
    {0x326e, 0xe9979f},
    {0x326d, 0xe997a0},
    {0x1655, 0xe997a1},
    {0x16a0, 0xe997a2},
    {0x3330, 0xe997a3},
    {0x332f, 0xe997a4},
    {0x332e, 0xe997a5},
    {0x450a, 0xe997a8},
    {0x47af, 0xe997b4},
    {0x699, 0xe9989c},
    {0x4519, 0xe9989d},
    {0x17b4, 0xe9989e},
    {0x1821, 0xe998a0},
    {0x414, 0xe998a1},
    {0x181f, 0xe998a2},
    {0x1822, 0xe998a3},
    {0x1820, 0xe998a4},
    {0x18f1, 0xe998a8},
    {0x526, 0xe998aa},
    {0x527, 0xe998ac},
    {0x18f3, 0xe998ad},
    {0x524, 0xe998ae},
    {0x18f2, 0xe998af},
    {0x18f0, 0xe998b0},
    {0x525, 0xe998b1},
    {0x523, 0xe998b2},
    {0x47b0, 0xe998b3},
    {0x3fd1, 0xe998b8},
    {0x1a55, 0xe998b9},
    {0x1a58, 0xe998ba},
    {0x69c, 0xe998bb},
    {0x1a57, 0xe998bc},
    {0x1a56, 0xe998bd},
    {0x69b, 0xe998bf},
    {0x69a, 0xe99980},
    {0x3f3d, 0xe99981},
    {0x69e, 0xe99982},
    {0x1a59, 0xe99983},
    {0x69d, 0xe99984},
    {0x4772, 0xe99985},
    {0x1c1a, 0xe9998a},
    {0x1c1b, 0xe9998e},
    {0x1c17, 0xe9998f},
    {0x822, 0xe99990},
    {0x1c18, 0xe99991},
    {0x1c19, 0xe99993},
    {0x1c16, 0xe99994},
    {0x3de7, 0xe99996},
    {0x9f1, 0xe99998},
    {0x9ee, 0xe9999b},
    {0x1e2f, 0xe9999c},
    {0x9ef, 0xe9999d},
    {0x9f2, 0xe9999e},
    {0x1e30, 0xe9999f},
    {0x9ed, 0xe999a1},
    {0x9f0, 0xe999a4},
    {0x475e, 0xe999a9},
    {0xbd1, 0xe999aa},
    {0x20a6, 0xe999ab},
    {0xbd9, 0xe999ac},
    {0x20a5, 0xe999ad},
    {0x20a8, 0xe999af},
    {0xbd5, 0xe999b0},
    {0x20a7, 0xe999b1},
    {0xda6, 0xe999b2},
    {0xbd3, 0xe999b3},
    {0xbd6, 0xe999b4},
    {0xbd2, 0xe999b5},
    {0xbd4, 0xe999b8},
    {0x38ac, 0xe999bb},
    {0x20a4, 0xe999bc},
    {0xda2, 0xe999bd},
    {0x234f, 0xe999be},
    {0x2353, 0xe99a80},
    {0x3f46, 0xe99a81},
    {0x2352, 0xe99a83},
    {0xda7, 0xe99a84},
    {0x234e, 0xe99a87},
    {0xd9f, 0xe99a8a},
    {0xda1, 0xe99a8b},
    {0xda5, 0xe99a8d},
    {0xda0, 0xe99a8e},
    {0x3bde, 0xe99a8f},
    {0x25f6, 0xe99a91},
    {0x38ad, 0xe99a96},
    {0x25f7, 0xe99a97},
    {0xf5d, 0xe99a98},
    {0x10e5, 0xe99a99},
    {0x10e7, 0xe99a9b},
    {0x10e6, 0xe99a9c},
    {0x2852, 0xe99a9e},
    {0x2853, 0xe99aa1},
    {0x2ab7, 0xe99aa2},
    {0x38af, 0xe99aa3},
    {0x2ab6, 0xe99aa4},
    {0x42ef, 0xe99aa5},
    {0x2cf2, 0xe99aa9},
    {0x1388, 0xe99aaa},
    {0x2eb0, 0xe99aac},
    {0x2eae, 0xe99aae},
    {0x2eaf, 0xe99ab0},
    {0x14af, 0xe99ab1},
    {0x3020, 0xe99ab3},
    {0x15ec, 0xe99ab4},
    {0x231, 0xe99ab6},
    {0x14b0, 0xe99ab8},
    {0x69f, 0xe99ab9},
    {0x9f3, 0xe99abb},
    {0x1e31, 0xe99abc},
    {0x38b5, 0xe99abd},
    {0x20a9, 0xe99abf},
    {0xbda, 0xe99b80},
    {0xda8, 0xe99b81},
    {0x2354, 0xe99b82},
    {0x2356, 0xe99b83},
    {0xdaa, 0xe99b84},
    {0xda9, 0xe99b85},
    {0x2355, 0xe99b88},
    {0xf61, 0xe99b8b},
    {0x10e8, 0xe99b8c},
    {0xf60, 0xe99b8d},
    {0x25f8, 0xe99b8e},
    {0x10e9, 0xe99b92},
    {0x2ab8, 0xe99b93},
    {0x2cf3, 0xe99b94},
    {0x1389, 0xe99b95},
    {0x14b1, 0xe99b96},
    {0x3021, 0xe99b97},
    {0x3025, 0xe99b98},
    {0x1550, 0xe99b99},
    {0x3022, 0xe99b9a},
    {0x1551, 0xe99b9b},
    {0x154f, 0xe99b9c},
    {0x3026, 0xe99b9d},
    {0x1552, 0xe99b9e},
    {0x3024, 0xe99b9f},
    {0x3165, 0xe99ba1},
    {0x154e, 0xe99ba2},
    {0x15ed, 0xe99ba3},
    {0x34a8, 0xe99ba5},
    {0x6a0, 0xe99ba8},
    {0xbdc, 0xe99ba9},
    {0xbdb, 0xe99baa},
    {0xdad, 0xe99baf},
    {0x2358, 0xe99bb0},
    {0x2357, 0xe99bb1},
    {0xdae, 0xe99bb2},
    {0x3a04, 0xe99bb4},
    {0x25fc, 0xe99bb5},
    {0xf67, 0xe99bb6},
    {0xf64, 0xe99bb7},
    {0x25fb, 0xe99bb8},
    {0xf66, 0xe99bb9},
    {0x25f9, 0xe99bba},
    {0xf65, 0xe99bbb},
    {0x25fa, 0xe99bbd},
    {0x2854, 0xe99bbf},
    {0x10ea, 0xe99c80},
    {0x2abb, 0xe99c82},
    {0x3f0d, 0xe99c83},
    {0x1262, 0xe99c84},
    {0x2ab9, 0xe99c85},
    {0x2aba, 0xe99c88},
    {0x1265, 0xe99c89},
    {0x2cf4, 0xe99c8b},
    {0x138d, 0xe99c8d},
    {0x138a, 0xe99c8e},
    {0x138f, 0xe99c8f},
    {0x2cf6, 0xe99c90},
    {0x138b, 0xe99c91},
    {0x2cf5, 0xe99c92},
    {0x138e, 0xe99c93},
    {0x138c, 0xe99c96},
    {0x2eb3, 0xe99c98},
    {0x2eb5, 0xe99c99},
    {0x38c9, 0xe99c9b},
    {0x14b2, 0xe99c9c},
    {0x2eb4, 0xe99c9d},
    {0x14b3, 0xe99c9e},
    {0x2eb2, 0xe99c9f},
    {0x2eb1, 0xe99ca0},
    {0x3fb3, 0xe99ca1},
    {0x3028, 0xe99ca2},
    {0x3027, 0xe99ca3},
    {0x1553, 0xe99ca4},
    {0x3029, 0xe99ca5},
    {0x316a, 0xe99ca6},
    {0x15ef, 0xe99ca7},
    {0x3169, 0xe99ca8},
    {0x3166, 0xe99ca9},
    {0x15ee, 0xe99caa},
    {0x1656, 0xe99cb0},
    {0x38c0, 0xe99cb1},
    {0x16a3, 0xe99cb2},
    {0x4a3f, 0xe99cb4},
    {0x3331, 0xe99cb5},
    {0x38c2, 0xe99cb6},
    {0x3332, 0xe99cba},
    {0x33d1, 0xe99cbf},
    {0x47b3, 0xe99d80},
    {0x3be9, 0xe99d81},
    {0x1732, 0xe99d82},
    {0x34aa, 0xe99d83},
    {0x1734, 0xe99d84},
    {0x34a9, 0xe99d86},
    {0x34ab, 0xe99d87},
    {0x1733, 0xe99d88},
    {0x34f1, 0xe99d89},
    {0x4aa5, 0xe99d8a},
    {0x3526, 0xe99d8b},
    {0x44e3, 0xe99d91},
    {0x6a1, 0xe99d92},
    {0x49c6, 0xe99d95},
    {0xf68, 0xe99d96},
    {0x38cc, 0xe99d97},
    {0x2855, 0xe99d98},
    {0x2abc, 0xe99d9a},
    {0x3e2f, 0xe99d9d},
    {0x6a2, 0xe99d9e},
    {0x38cf, 0xe99d9f},
    {0x1266, 0xe99da0},
    {0x15f0, 0xe99da1},
    {0x826, 0xe99da2},
    {0x1392, 0xe99da6},
    {0x1710, 0xe99da8},
    {0x827, 0xe99da9},
    {0x20aa, 0xe99daa},
    {0x2359, 0xe99dac},
    {0x3e97, 0xe99dad},
    {0x235b, 0xe99dae},
    {0x235a, 0xe99db0},
    {0x46cb, 0xe99db1},
    {0x2600, 0xe99db2},
    {0x25fd, 0xe99db3},
    {0xf69, 0xe99db4},
    {0xf6a, 0xe99db6},
    {0x2857, 0xe99dba},
    {0x285c, 0xe99dbb},
    {0x10eb, 0xe99dbc},
    {0x2856, 0xe99dbd},
    {0x2858, 0xe99dbe},
    {0x285f, 0xe99dbf},
    {0x285a, 0xe99e80},
    {0x285e, 0xe99e81},
    {0x285b, 0xe99e82},
    {0x2859, 0xe99e83},
    {0x285d, 0xe99e84},
    {0x10ec, 0xe99e85},
    {0x40c0, 0xe99e87},
    {0x2abf, 0xe99e88},
    {0x38d4, 0xe99e89},
    {0x2abd, 0xe99e8a},
    {0x1268, 0xe99e8b},
    {0x1267, 0xe99e8d},
    {0x2abe, 0xe99e8e},
    {0x1269, 0xe99e8f},
    {0x2cf9, 0xe99e94},
    {0x2cf8, 0xe99e97},
    {0x1393, 0xe99e98},
    {0x2cf7, 0xe99e99},
    {0x2eb6, 0xe99e9a},
    {0x3bfb, 0xe99e9b},
    {0x2eb8, 0xe99e9c},
    {0x2eba, 0xe99e9d},
    {0x2eb9, 0xe99e9e},
    {0x38d5, 0xe99e9f},
    {0x14b4, 0xe99ea0},
    {0x2eb7, 0xe99ea1},
    {0x3030, 0xe99ea2},
    {0x1554, 0xe99ea3},
    {0x302e, 0xe99ea4},
    {0x3031, 0xe99ea5},
    {0x1555, 0xe99ea6},
    {0x302c, 0xe99ea8},
    {0x302f, 0xe99eaa},
    {0x302d, 0xe99eab},
    {0x302a, 0xe99eac},
    {0x1556, 0xe99ead},
    {0x302b, 0xe99eae},
    {0x38d6, 0xe99eb1},
    {0x47b5, 0xe99eb2},
    {0x316b, 0xe99eb3},
    {0x3f33, 0xe99eb4},
    {0x316d, 0xe99eb6},
    {0x316c, 0xe99eb7},
    {0x3d95, 0xe99eb8},
    {0x3271, 0xe99eb9},
    {0x3f35, 0xe99eba},
    {0x3272, 0xe99ebb},
    {0x494e, 0xe99ebd},
    {0x38d7, 0xe99ebe},
    {0x3333, 0xe99ebf},
    {0x38d8, 0xe99f80},
    {0x16e5, 0xe99f81},
    {0x47b6, 0xe99f82},
    {0x16e4, 0xe99f83},
    {0x1735, 0xe99f86},
    {0x34ac, 0xe99f87},
    {0x3f2f, 0xe99f88},
    {0x1756, 0xe99f89},
    {0x828, 0xe99f8b},
    {0xdaf, 0xe99f8c},
    {0x2861, 0xe99f8d},
    {0x2860, 0xe99f8e},
    {0x2ac1, 0xe99f8f},
    {0x2ac0, 0xe99f90},
    {0x38d9, 0xe99f92},
    {0x14b5, 0xe99f93},
    {0x2ebc, 0xe99f94},
    {0x2ebb, 0xe99f95},
    {0x3034, 0xe99f96},
    {0x3032, 0xe99f97},
    {0x3035, 0xe99f98},
    {0x3033, 0xe99f99},
    {0x15f1, 0xe99f9c},
    {0x38da, 0xe99fa0},
    {0x3334, 0xe99fa1},
    {0x33d2, 0xe99fa3},
    {0x34ad, 0xe99fa5},
    {0x450c, 0xe99fa6},
    {0x829, 0xe99fad},
    {0x38dc, 0xe99fae},
    {0x2cfa, 0xe99fb0},
    {0x2ebd, 0xe99fb1},
    {0x394d, 0xe99fb2},
    {0x82a, 0xe99fb3},
    {0x38e0, 0xe99fb5},
    {0x10ed, 0xe99fb6},
    {0x2cfb, 0xe99fb8},
    {0x1557, 0xe99fb9},
    {0x3036, 0xe99fba},
    {0x15f2, 0xe99fbb},
    {0x16a4, 0xe99fbf},
    {0x344e, 0xe9a080},
    {0x82b, 0xe9a081},
    {0x20ab, 0xe9a084},
    {0x235c, 0xe9a087},
    {0xdb2, 0xe9a088},
    {0xf6e, 0xe9a08a},
    {0xf70, 0xe9a08c},
    {0x2601, 0xe9a08f},
    {0xf6f, 0xe9a092},
    {0xf6d, 0xe9a093},
    {0x4952, 0xe9a094},
    {0x433c, 0xe9a095},
    {0x2862, 0xe9a096},
    {0x2ac8, 0xe9a09b},
    {0x126c, 0xe9a09c},
    {0x2ac3, 0xe9a09d},
    {0x2ac2, 0xe9a09e},
    {0x3c02, 0xe9a09f},
    {0x2ac7, 0xe9a0a0},
    {0x126a, 0xe9a0a1},
    {0x3e37, 0xe9a0a3},
    {0x139a, 0xe9a0a4},
    {0x2ac4, 0xe9a0a6},
    {0x2ac9, 0xe9a0a7},
    {0x2ac6, 0xe9a0a8},
    {0x2ac5, 0xe9a0a9},
    {0x126b, 0xe9a0ab},
    {0x1398, 0xe9a0ad},
    {0x3f72, 0xe9a0ae},
    {0x2cfd, 0xe9a0af},
    {0x1394, 0xe9a0b0},
    {0x2cfe, 0xe9a0b2},
    {0x38e5, 0xe9a0b3},
    {0x38e4, 0xe9a0b4},
    {0x2cfc, 0xe9a0b5},
    {0x1397, 0xe9a0b7},
    {0x1395, 0xe9a0b8},
    {0x1399, 0xe9a0b9},
    {0x1396, 0xe9a0bb},
    {0x2ebe, 0xe9a181},
    {0x2ec3, 0xe9a183},
    {0x2ebf, 0xe9a184},
    {0x2ec2, 0xe9a185},
    {0x14b6, 0xe9a186},
    {0x3d96, 0xe9a187},
    {0x2df2, 0xe9a188},
    {0x2ec1, 0xe9a189},
    {0x2ec0, 0xe9a18a},
    {0x38e6, 0xe9a18b},
    {0x155a, 0xe9a18c},
    {0x1558, 0xe9a18d},
    {0x155b, 0xe9a18e},
    {0x1559, 0xe9a18f},
    {0x155c, 0xe9a193},
    {0x4a6e, 0xe9a196},
    {0x3174, 0xe9a197},
    {0x15f4, 0xe9a198},
    {0x3172, 0xe9a199},
    {0x15f5, 0xe9a19b},
    {0x3171, 0xe9a19c},
    {0x3173, 0xe9a19d},
    {0x15f3, 0xe9a19e},
    {0x3278, 0xe9a19f},
    {0x3275, 0xe9a1a0},
    {0x3335, 0xe9a1a4},
    {0x16a6, 0xe9a1a5},
    {0x38e7, 0xe9a1a6},
    {0x16a5, 0xe9a1a7},
    {0x4a03, 0xe9a1a8},
    {0x33d4, 0xe9a1a9},
    {0x33d3, 0xe9a1aa},
    {0x16e6, 0xe9a1ab},
    {0x4035, 0xe9a1ac},
    {0x1711, 0xe9a1af},
    {0x1736, 0xe9a1b0},
    {0x174d, 0xe9a1b1},
    {0x34f2, 0xe9a1b2},
    {0x450d, 0xe9a1b5},
    {0x82c, 0xe9a2a8},
    {0x235d, 0xe9a2a9},
    {0x2604, 0xe9a2ac},
    {0x10f0, 0xe9a2af},
    {0x10f1, 0xe9a2b1},
    {0x2aca, 0xe9a2b2},
    {0x126d, 0xe9a2b3},
    {0x3f73, 0xe9a2b4},
    {0x14b7, 0xe9a2b6},
    {0x38ef, 0xe9a2b7},
    {0x303a, 0xe9a2b8},
    {0x47b8, 0xe9a2b9},
    {0x155d, 0xe9a2ba},
    {0x3177, 0xe9a2bb},
    {0x15f6, 0xe9a2bc},
    {0x3176, 0xe9a2bd},
    {0x3178, 0xe9a2be},
    {0x3175, 0xe9a2bf},
    {0x3338, 0xe9a380},
    {0x3b78, 0xe9a383},
    {0x1657, 0xe9a384},
    {0x3337, 0xe9a386},
    {0x38f1, 0xe9a387},
    {0x38f0, 0xe9a388},
    {0x3336, 0xe9a389},
    {0x38ee, 0xe9a38a},
    {0x33d5, 0xe9a38b},
    {0x3529, 0xe9a38c},
    {0x450e, 0xe9a38e},
    {0x82d, 0xe9a39b},
    {0x3c0b, 0xe9a39c},
    {0x450f, 0xe9a39e},
    {0x82e, 0xe9a39f},
    {0x4792, 0xe9a3a0},
    {0x38f6, 0xe9a3a1},
    {0x9f4, 0xe9a3a2},
    {0x1e32, 0xe9a3a3},
    {0x20ac, 0xe9a3a5},
    {0x38f7, 0xe9a3a6},
    {0xdb3, 0xe9a3a7},
    {0xdb6, 0xe9a3a9},
    {0xdb4, 0xe9a3aa},
    {0x235e, 0xe9a3ab},
    {0x38f8, 0xe9a3ac},
    {0xdb8, 0xe9a3ad},
    {0xdb5, 0xe9a3af},
    {0x47ba, 0xe9a3b1},
    {0xdb7, 0xe9a3b2},
    {0xf72, 0xe9a3b4},
    {0x4365, 0xe9a3b5},
    {0x2605, 0xe9a3b6},
    {0x2606, 0xe9a3b9},
    {0x2acc, 0xe9a3ba},
    {0xf71, 0xe9a3bc},
    {0x2866, 0xe9a480},
    {0x2865, 0xe9a482},
    {0x10f2, 0xe9a483},
    {0x10f3, 0xe9a485},
    {0x2867, 0xe9a487},
    {0x2acb, 0xe9a488},
    {0x10f5, 0xe9a489},
    {0x126e, 0xe9a48a},
    {0x10f4, 0xe9a48c},
    {0x43ed, 0xe9a48e},
    {0x139b, 0xe9a490},
    {0x2acd, 0xe9a491},
    {0x1270, 0xe9a492},
    {0x126f, 0xe9a493},
    {0x2ace, 0xe9a494},
    {0x2ad1, 0xe9a495},
    {0x1271, 0xe9a498},
    {0x47bc, 0xe9a499},
    {0x13a0, 0xe9a49a},
    {0x139e, 0xe9a49b},
    {0x43ee, 0xe9a49c},
    {0x139d, 0xe9a49e},
    {0x2d00, 0xe9a49f},
    {0x139f, 0xe9a4a1},
    {0x2cff, 0xe9a4a4},
    {0x2ec4, 0xe9a4a5},
    {0x2d01, 0xe9a4a7},
    {0x139c, 0xe9a4a8},
    {0x2d02, 0xe9a4a9},
    {0x2ec7, 0xe9a4aa},
    {0x2ecb, 0xe9a4ad},
    {0x1561, 0xe9a4ae},
    {0x2eca, 0xe9a4af},
    {0x2ecd, 0xe9a4b0},
    {0x2ecc, 0xe9a4b1},
    {0x2ec9, 0xe9a4b2},
    {0x2ec8, 0xe9a4b3},
    {0x14b8, 0xe9a4b5},
    {0x47bd, 0xe9a4b7},
    {0x3bfd, 0xe9a4b8},
    {0x38fa, 0xe9a4b9},
    {0x303d, 0xe9a4ba},
    {0x3c11, 0xe9a4bb},
    {0x303c, 0xe9a4bc},
    {0x1560, 0xe9a4bd},
    {0x3f34, 0xe9a580},
    {0x303b, 0xe9a581},
    {0x43ff, 0xe9a582},
    {0x317b, 0xe9a583},
    {0x15f7, 0xe9a585},
    {0x317a, 0xe9a587},
    {0x3179, 0xe9a588},
    {0x15f8, 0xe9a589},
    {0x3fb9, 0xe9a58a},
    {0x327f, 0xe9a58b},
    {0x327e, 0xe9a58c},
    {0x3c12, 0xe9a58d},
    {0x327c, 0xe9a58e},
    {0x327b, 0xe9a590},
    {0x1659, 0xe9a591},
    {0x1658, 0xe9a592},
    {0x3280, 0xe9a593},
    {0x33d6, 0xe9a594},
    {0x16e7, 0xe9a595},
    {0x333a, 0xe9a596},
    {0x16a7, 0xe9a597},
    {0x3339, 0xe9a598},
    {0x327d, 0xe9a599},
    {0x33d7, 0xe9a59b},
    {0x1712, 0xe9a59c},
    {0x47be, 0xe9a59d},
    {0x174e, 0xe9a59e},
    {0x34f3, 0xe9a59f},
    {0x352a, 0xe9a5a1},
    {0x47bf, 0xe9a5a2},
    {0x4510, 0xe9a5a3},
    {0x82f, 0xe9a696},
    {0x20ad, 0xe9a697},
    {0x2ece, 0xe9a698},
    {0x830, 0xe9a699},
    {0x46cc, 0xe9a69b},
    {0x2869, 0xe9a69c},
    {0x2868, 0xe9a69d},
    {0x2d03, 0xe9a69e},
    {0x2ed0, 0xe9a6a1},
    {0x2ecf, 0xe9a6a3},
    {0x41c3, 0xe9a6a4},
    {0x1562, 0xe9a6a5},
    {0x165a, 0xe9a6a8},
    {0x3c17, 0xe9a6aa},
    {0x352b, 0xe9a6ab},
    {0x9f5, 0xe9a6ac},
    {0xdba, 0xe9a6ad},
    {0xdb9, 0xe9a6ae},
    {0x2607, 0xe9a6af},
    {0x2609, 0xe9a6b0},
    {0xf76, 0xe9a6b1},
    {0x2608, 0xe9a6b2},
    {0xf75, 0xe9a6b3},
    {0xf77, 0xe9a6b4},
    {0x260a, 0xe9a6b5},
    {0x394b, 0xe9a6b8},
    {0x286b, 0xe9a6b9},
    {0x286d, 0xe9a6ba},
    {0x286c, 0xe9a6bb},
    {0x3c22, 0xe9a6bc},
    {0x286f, 0xe9a6bd},
    {0x10f6, 0xe9a781},
    {0x286e, 0xe9a782},
    {0x286a, 0xe9a783},
    {0x3d77, 0xe9a784},
    {0x47c1, 0xe9a785},
    {0x2870, 0xe9a787},
    {0x2ad8, 0xe9a789},
    {0x2adb, 0xe9a78b},
    {0x2add, 0xe9a78c},
    {0x2ad3, 0xe9a78d},
    {0x2ad7, 0xe9a78e},
    {0x2ad4, 0xe9a78f},
    {0x1273, 0xe9a790},
    {0x1276, 0xe9a791},
    {0x1278, 0xe9a792},
    {0x1277, 0xe9a795},
    {0x2ad9, 0xe9a796},
    {0x2adc, 0xe9a797},
    {0x2ada, 0xe9a798},
    {0x1279, 0xe9a799},
    {0x3f42, 0xe9a79a},
    {0x1275, 0xe9a79b},
    {0x2ad2, 0xe9a79c},
    {0x1272, 0xe9a79d},
    {0x1274, 0xe9a79f},
    {0x49fb, 0xe9a7a0},
    {0x3785, 0xe9a7a1},
    {0x13a2, 0xe9a7a2},
    {0x2d09, 0xe9a7a3},
    {0x2d07, 0xe9a7a4},
    {0x2d06, 0xe9a7a5},
    {0x3b65, 0xe9a7a6},
    {0x2d0c, 0xe9a7a7},
    {0x2d0b, 0xe9a7a9},
    {0x2d0a, 0xe9a7aa},
    {0x2d05, 0xe9a7ac},
    {0x13a1, 0xe9a7ad},
    {0x2d04, 0xe9a7ae},
    {0x2d08, 0xe9a7b0},
    {0x13a3, 0xe9a7b1},
    {0x2ed3, 0xe9a7b4},
    {0x38ff, 0xe9a7b5},
    {0x2ed7, 0xe9a7b6},
    {0x2ed4, 0xe9a7b7},
    {0x2ed6, 0xe9a7b8},
    {0x2ed5, 0xe9a7b9},
    {0x2ed2, 0xe9a7ba},
    {0x2ed8, 0xe9a7bb},
    {0x2edb, 0xe9a7bc},
    {0x14ba, 0xe9a7bf},
    {0x14b9, 0xe9a881},
    {0x2ed1, 0xe9a882},
    {0x2edc, 0xe9a883},
    {0x3042, 0xe9a884},
    {0x3045, 0xe9a885},
    {0x3047, 0xe9a886},
    {0x3046, 0xe9a887},
    {0x3040, 0xe9a889},
    {0x3044, 0xe9a88a},
    {0x303f, 0xe9a88b},
    {0x3900, 0xe9a88c},
    {0x3041, 0xe9a88d},
    {0x1563, 0xe9a88e},
    {0x303e, 0xe9a88f},
    {0x3902, 0xe9a890},
    {0x3043, 0xe9a891},
    {0x318a, 0xe9a894},
    {0x317f, 0xe9a895},
    {0x15f9, 0xe9a896},
    {0x15fa, 0xe9a899},
    {0x317e, 0xe9a89a},
    {0x3183, 0xe9a89b},
    {0x3189, 0xe9a89c},
    {0x3181, 0xe9a89d},
    {0x3188, 0xe9a89e},
    {0x3b6c, 0xe9a89f},
    {0x3185, 0xe9a8a0},
    {0x3c1c, 0xe9a8a1},
    {0x3184, 0xe9a8a2},
    {0x3187, 0xe9a8a3},
    {0x3182, 0xe9a8a4},
    {0x3180, 0xe9a8a5},
    {0x3df2, 0xe9a8a6},
    {0x3186, 0xe9a8a7},
    {0x3287, 0xe9a8a9},
    {0x3285, 0xe9a8aa},
    {0x165b, 0xe9a8ab},
    {0x3284, 0xe9a8ac},
    {0x328a, 0xe9a8ad},
    {0x3288, 0xe9a8ae},
    {0x3c1e, 0xe9a8af},
    {0x165c, 0xe9a8b0},
    {0x3283, 0xe9a8b1},
    {0x3281, 0xe9a8b2},
    {0x3282, 0xe9a8b4},
    {0x165e, 0xe9a8b5},
    {0x3286, 0xe9a8b6},
    {0x165d, 0xe9a8b7},
    {0x3289, 0xe9a8b8},
    {0x333b, 0xe9a8b9},
    {0x3341, 0xe9a8ba},
    {0x3901, 0xe9a8bb},
    {0x47c3, 0xe9a8bc},
    {0x333c, 0xe9a8bd},
    {0x16ab, 0xe9a8be},
    {0x3342, 0xe9a8bf},
    {0x16aa, 0xe9a980},
    {0x3340, 0xe9a981},
    {0x333f, 0xe9a982},
    {0x16a9, 0xe9a983},
    {0x333e, 0xe9a984},
    {0x16a8, 0xe9a985},
    {0x333d, 0xe9a986},
    {0x33dd, 0xe9a988},
    {0x33df, 0xe9a989},
    {0x33de, 0xe9a98a},
    {0x33db, 0xe9a98c},
    {0x16e9, 0xe9a98d},
    {0x33d8, 0xe9a98e},
    {0x33dc, 0xe9a98f},
    {0x33e1, 0xe9a990},
    {0x33e0, 0xe9a992},
    {0x16e8, 0xe9a995},
    {0x344f, 0xe9a996},
    {0x1715, 0xe9a997},
    {0x3903, 0xe9a998},
    {0x3450, 0xe9a999},
    {0x3c18, 0xe9a99c},
    {0x34ae, 0xe9a99e},
    {0x1737, 0xe9a99f},
    {0x3510, 0xe9a9a0},
    {0x1757, 0xe9a9a2},
    {0x3b67, 0xe9a9a3},
    {0x352c, 0xe9a9a4},
    {0x1758, 0xe9a9a5},
    {0x353c, 0xe9a9a8},
    {0x353b, 0xe9a9a9},
    {0x1767, 0xe9a9aa},
    {0x3544, 0xe9a9ab},
    {0x4585, 0xe9a9ac},
    {0x4586, 0xe9aa8f},
    {0x9f6, 0xe9aaa8},
    {0x260c, 0xe9aaab},
    {0x260b, 0xe9aaad},
    {0x2871, 0xe9aab1},
    {0x4332, 0xe9aab2},
    {0x2ade, 0xe9aab3},
    {0x2d0f, 0xe9aab4},
    {0x45e7, 0xe9aab6},
    {0x127a, 0xe9aab7},
    {0x13a4, 0xe9aab8},
    {0x2d0d, 0xe9aab9},
    {0x3f74, 0xe9aaba},
    {0x2d10, 0xe9aabb},
    {0x13a5, 0xe9aabc},
    {0x3d97, 0xe9aabd},
    {0x2edd, 0xe9aabe},
    {0x2d0e, 0xe9aabf},
    {0x3048, 0xe9ab80},
    {0x1564, 0xe9ab81},
    {0x318b, 0xe9ab82},
    {0x328d, 0xe9ab86},
    {0x328b, 0xe9ab87},
    {0x328c, 0xe9ab8a},
    {0x3343, 0xe9ab8d},
    {0x16ac, 0xe9ab8f},
    {0x33e2, 0xe9ab90},
    {0x1718, 0xe9ab91},
    {0x16ea, 0xe9ab92},
    {0x34af, 0xe9ab95},
    {0x174f, 0xe9ab96},
    {0x3faa, 0xe9ab97},
    {0x9f7, 0xe9ab98},
    {0x3049, 0xe9ab9c},
    {0x1e33, 0xe9ab9f},
    {0x3908, 0xe9aba0},
    {0xf78, 0xe9aba1},
    {0x3909, 0xe9aba2},
    {0x2872, 0xe9aba3},
    {0x10f9, 0xe9aba6},
    {0x2873, 0xe9aba7},
    {0x2ae0, 0xe9abab},
    {0x2adf, 0xe9abac},
    {0x13a7, 0xe9abad},
    {0x2ae3, 0xe9abb1},
    {0x2ae2, 0xe9abb2},
    {0x2ae1, 0xe9abb3},
    {0x390b, 0xe9abb4},
    {0x2d11, 0xe9abb6},
    {0x2d14, 0xe9abb7},
    {0x2d13, 0xe9abb9},
    {0x2d12, 0xe9abba},
    {0x13a6, 0xe9abbb},
    {0x2ee1, 0xe9abbc},
    {0x2edf, 0xe9abbd},
    {0x2ede, 0xe9abbe},
    {0x3f17, 0xe9abbf},
    {0x2ee0, 0xe9ac81},
    {0x3f12, 0xe9ac82},
    {0x1565, 0xe9ac83},
    {0x1566, 0xe9ac86},
    {0x304a, 0xe9ac88},
    {0x3f20, 0xe9ac89},
    {0x318d, 0xe9ac8a},
    {0x318c, 0xe9ac8b},
    {0x318f, 0xe9ac8c},
    {0x15fb, 0xe9ac8d},
    {0x318e, 0xe9ac8e},
    {0x47c4, 0xe9ac8f},
    {0x328e, 0xe9ac90},
    {0x3290, 0xe9ac91},
    {0x328f, 0xe9ac92},
    {0x390d, 0xe9ac94},
    {0x3344, 0xe9ac95},
    {0x3347, 0xe9ac96},
    {0x33e3, 0xe9ac99},
    {0x16eb, 0xe9ac9a},
    {0x1738, 0xe9aca2},
    {0x1750, 0xe9aca3},
    {0x352f, 0xe9aca4},
    {0x9f8, 0xe9aca5},
    {0x127d, 0xe9aca7},
    {0x13a8, 0xe9aca8},
    {0x304d, 0xe9aca9},
    {0x3f19, 0xe9acaa},
    {0x33e4, 0xe9acab},
    {0x390e, 0xe9acad},
    {0x3511, 0xe9acae},
    {0x1e34, 0xe9acaf},
    {0x1768, 0xe9acb1},
    {0x9f9, 0xe9acb2},
    {0x2d15, 0xe9acb3},
    {0x3911, 0xe9acb4},
    {0x304e, 0xe9acb5},
    {0x3190, 0xe9acb7},
    {0x3f00, 0xe9acb9},
    {0x3348, 0xe9acba},
    {0x33e5, 0xe9acbb},
    {0x9fa, 0xe9acbc},
    {0x3915, 0xe9ad80},
    {0x2ae5, 0xe9ad83},
    {0x127f, 0xe9ad84},
    {0x127e, 0xe9ad85},
    {0x2ae4, 0xe9ad86},
    {0x2ee2, 0xe9ad88},
    {0x304f, 0xe9ad8a},
    {0x3051, 0xe9ad8b},
    {0x3050, 0xe9ad8c},
    {0x1569, 0xe9ad8d},
    {0x1568, 0xe9ad8e},
    {0x1567, 0xe9ad8f},
    {0x3914, 0xe9ad90},
    {0x16ae, 0xe9ad91},
    {0x3349, 0xe9ad92},
    {0x16ad, 0xe9ad94},
    {0x33e7, 0xe9ad95},
    {0x33e6, 0xe9ad96},
    {0x1739, 0xe9ad98},
    {0x34b0, 0xe9ad99},
    {0xbe1, 0xe9ad9a},
    {0x260d, 0xe9ad9b},
    {0x2878, 0xe9ad9f},
    {0x2aee, 0xe9ada4},
    {0x2ae9, 0xe9ada6},
    {0x2ae6, 0xe9ada7},
    {0x2aed, 0xe9ada8},
    {0x47c5, 0xe9ada9},
    {0x2aef, 0xe9adac},
    {0x1281, 0xe9adaf},
    {0x2aec, 0xe9adb0},
    {0x2ae8, 0xe9adb1},
    {0x2ae7, 0xe9adb4},
    {0x2aeb, 0xe9adb5},
    {0x2aea, 0xe9adb6},
    {0x1280, 0xe9adb7},
    {0x2d20, 0xe9adba},
    {0x2d1b, 0xe9adbb},
    {0x2d19, 0xe9adbc},
    {0x2d22, 0xe9adbd},
    {0x2d1a, 0xe9adbe},
    {0x3c3b, 0xe9adbf},
    {0x2d16, 0xe9ae80},
    {0x43f1, 0xe9ae81},
    {0x2d1c, 0xe9ae82},
    {0x4219, 0xe9ae83},
    {0x2d17, 0xe9ae85},
    {0x2eeb, 0xe9ae86},
    {0x2d18, 0xe9ae87},
    {0x2d23, 0xe9ae88},
    {0x3eee, 0xe9ae8b},
    {0x4623, 0xe9ae8d},
    {0x3919, 0xe9ae8e},
    {0x3fad, 0xe9ae8f},
    {0x2d1f, 0xe9ae90},
    {0x13a9, 0xe9ae91},
    {0x2d1e, 0xe9ae92},
    {0x2d1d, 0xe9ae93},
    {0x2d21, 0xe9ae95},
    {0x3f71, 0xe9ae97},
    {0x2ee3, 0xe9ae9a},
    {0x2ee6, 0xe9ae9b},
    {0x3f56, 0xe9ae9d},
    {0x2ee5, 0xe9ae9e},
    {0x3c3e, 0xe9ae9f},
    {0x2eed, 0xe9aea0},
    {0x2ee8, 0xe9aea1},
    {0x2eec, 0xe9aea2},
    {0x2eea, 0xe9aea4},
    {0x2ee9, 0xe9aea5},
    {0x2ee7, 0xe9aea6},
    {0x2ee4, 0xe9aea8},
    {0x14bd, 0xe9aeaa},
    {0x14bc, 0xe9aeab},
    {0x14be, 0xe9aead},
    {0x14bb, 0xe9aeae},
    {0x2eee, 0xe9aeaf},
    {0x3fb4, 0xe9aeb0},
    {0x3057, 0xe9aeb5},
    {0x305a, 0xe9aeb6},
    {0x3058, 0xe9aeb8},
    {0x305c, 0xe9aeb9},
    {0x305d, 0xe9aebd},
    {0x3055, 0xe9aebf},
    {0x156e, 0xe9af80},
    {0x3056, 0xe9af81},
    {0x3054, 0xe9af83},
    {0x305b, 0xe9af84},
    {0x3053, 0xe9af86},
    {0x3052, 0xe9af87},
    {0x156d, 0xe9af88},
    {0x156b, 0xe9af89},
    {0x156a, 0xe9af8a},
    {0x3c3c, 0xe9af8f},
    {0x3059, 0xe9af93},
    {0x3199, 0xe9af94},
    {0x319f, 0xe9af95},
    {0x15fe, 0xe9af96},
    {0x319a, 0xe9af97},
    {0x319d, 0xe9af99},
    {0x31a1, 0xe9af9a},
    {0x15ff, 0xe9af9b},
    {0x319c, 0xe9af9c},
    {0x47c6, 0xe9af9d},
    {0x3194, 0xe9af9e},
    {0x3193, 0xe9afa0},
    {0x31a0, 0xe9afa1},
    {0x3197, 0xe9afa2},
    {0x3195, 0xe9afa4},
    {0x319e, 0xe9afa5},
    {0x3196, 0xe9afa6},
    {0x15fd, 0xe9afa7},
    {0x15fc, 0xe9afa8},
    {0x3bc1, 0xe9afa9},
    {0x319b, 0xe9afac},
    {0x3ed7, 0xe9afad},
    {0x3198, 0xe9afb0},
    {0x47c7, 0xe9afb1},
    {0x47c8, 0xe9afb4},
    {0x3293, 0xe9afb7},
    {0x3296, 0xe9afb8},
    {0x156c, 0xe9afbd},
    {0x391b, 0xe9afbf},
    {0x391a, 0xe9b082},
    {0x3294, 0xe9b085},
    {0x329a, 0xe9b086},
    {0x3298, 0xe9b087},
    {0x3292, 0xe9b088},
    {0x329d, 0xe9b089},
    {0x3f3a, 0xe9b08a},
    {0x3291, 0xe9b08b},
    {0x391c, 0xe9b08c},
    {0x1660, 0xe9b08d},
    {0x3299, 0xe9b08e},
    {0x3c3a, 0xe9b090},
    {0x3295, 0xe9b092},
    {0x165f, 0xe9b093},
    {0x329c, 0xe9b094},
    {0x3f1e, 0xe9b095},
    {0x329b, 0xe9b097},
    {0x491b, 0xe9b09b},
    {0x334c, 0xe9b09c},
    {0x334b, 0xe9b09d},
    {0x4622, 0xe9b09f},
    {0x47ca, 0xe9b0a0},
    {0x3352, 0xe9b0a1},
    {0x334e, 0xe9b0a3},
    {0x3351, 0xe9b0a4},
    {0x16b0, 0xe9b0a5},
    {0x45e6, 0xe9b0a6},
    {0x334a, 0xe9b0ab},
    {0x334d, 0xe9b0ac},
    {0x16af, 0xe9b0ad},
    {0x3f22, 0xe9b0ae},
    {0x3d87, 0xe9b0af},
    {0x16ed, 0xe9b0b1},
    {0x33f2, 0xe9b0b2},
    {0x33ed, 0xe9b0b3},
    {0x33f1, 0xe9b0b4},
    {0x3c39, 0xe9b0b5},
    {0x33f4, 0xe9b0b6},
    {0x33f0, 0xe9b0b7},
    {0x33ec, 0xe9b0b9},
    {0x3d7e, 0xe9b0ba},
    {0x16ef, 0xe9b0bb},
    {0x33ef, 0xe9b0bc},
    {0x33f3, 0xe9b0bd},
    {0x16ee, 0xe9b0be},
    {0x33ea, 0xe9b0bf},
    {0x3297, 0xe9b180},
    {0x33ee, 0xe9b181},
    {0x33eb, 0xe9b184},
    {0x3e71, 0xe9b185},
    {0x33e8, 0xe9b186},
    {0x4aea, 0xe9b187},
    {0x33e9, 0xe9b188},
    {0x16ec, 0xe9b189},
    {0x3457, 0xe9b18a},
    {0x3459, 0xe9b18b},
    {0x345c, 0xe9b18c},
    {0x3458, 0xe9b18d},
    {0x345d, 0xe9b18e},
    {0x3c36, 0xe9b18f},
    {0x3456, 0xe9b190},
    {0x3454, 0xe9b192},
    {0x3c37, 0xe9b193},
    {0x1719, 0xe9b194},
    {0x345a, 0xe9b195},
    {0x171b, 0xe9b196},
    {0x171a, 0xe9b197},
    {0x3455, 0xe9b198},
    {0x345b, 0xe9b199},
    {0x3ebf, 0xe9b19d},
    {0x34b5, 0xe9b19e},
    {0x173a, 0xe9b19f},
    {0x34b6, 0xe9b1a0},
    {0x34b4, 0xe9b1a2},
    {0x34b1, 0xe9b1a3},
    {0x34b3, 0xe9b1a6},
    {0x34b2, 0xe9b1a7},
    {0x34f4, 0xe9b1a8},
    {0x34f6, 0xe9b1ad},
    {0x34f5, 0xe9b1ae},
    {0x3514, 0xe9b1b1},
    {0x3ea1, 0xe9b1b2},
    {0x3513, 0xe9b1b3},
    {0x3512, 0xe9b1b4},
    {0x3515, 0xe9b1b5},
    {0x3541, 0xe9b1b9},
    {0x3545, 0xe9b1ba},
    {0x3c38, 0xe9b1bb},
    {0x4512, 0xe9b1bc},
    {0xbe2, 0xe9b3a5},
    {0x235f, 0xe9b3a6},
    {0x2610, 0xe9b3a7},
    {0xf79, 0xe9b3a9},
    {0x260e, 0xe9b3aa},
    {0x260f, 0xe9b3ad},
    {0x10fe, 0xe9b3b3},
    {0x10fc, 0xe9b3b4},
    {0x287b, 0xe9b3b5},
    {0x10fd, 0xe9b3b6},
    {0x2af4, 0xe9b3b7},
    {0x2af7, 0xe9b3b9},
    {0x2af1, 0xe9b3ba},
    {0x2af8, 0xe9b3bb},
    {0x2af0, 0xe9b3bc},
    {0x2af2, 0xe9b3bd},
    {0x2af3, 0xe9b3bf},
    {0x2af6, 0xe9b480},
    {0x3f3b, 0xe9b482},
    {0x1284, 0xe9b483},
    {0x2afb, 0xe9b484},
    {0x2afa, 0xe9b485},
    {0x1282, 0xe9b486},
    {0x2af5, 0xe9b487},
    {0x2af9, 0xe9b488},
    {0x1283, 0xe9b489},
    {0x3c46, 0xe9b48c},
    {0x2d2d, 0xe9b490},
    {0x13ae, 0xe9b492},
    {0x2d28, 0xe9b494},
    {0x13aa, 0xe9b495},
    {0x3c7c, 0xe9b496},
    {0x2d25, 0xe9b497},
    {0x2d2b, 0xe9b498},
    {0x2d2e, 0xe9b499},
    {0x13af, 0xe9b49b},
    {0x2d2a, 0xe9b49d},
    {0x2d27, 0xe9b49e},
    {0x2d2f, 0xe9b49f},
    {0x2d26, 0xe9b4a0},
    {0x3c41, 0xe9b4a1},
    {0x2d2c, 0xe9b4a2},
    {0x13ab, 0xe9b4a3},
    {0x2d24, 0xe9b4a5},
    {0x13ac, 0xe9b4a6},
    {0x13ad, 0xe9b4a8},
    {0x2d29, 0xe9b4a9},
    {0x2f00, 0xe9b4ad},
    {0x2ef7, 0xe9b4b0},
    {0x2ef5, 0xe9b4b1},
    {0x2eef, 0xe9b4b3},
    {0x404a, 0xe9b4b4},
    {0x2ef2, 0xe9b4b6},
    {0x2efc, 0xe9b4b7},
    {0x2ef6, 0xe9b4b8},
    {0x392e, 0xe9b4b9},
    {0x14bf, 0xe9b4bb},
    {0x2efe, 0xe9b4bd},
    {0x2efb, 0xe9b4be},
    {0x14c0, 0xe9b4bf},
    {0x2efd, 0xe9b580},
    {0x2ef0, 0xe9b581},
    {0x3fab, 0xe9b584},
    {0x2ef8, 0xe9b585},
    {0x47cd, 0xe9b589},
    {0x3061, 0xe9b58a},
    {0x3063, 0xe9b58b},
    {0x3066, 0xe9b58c},
    {0x4539, 0xe9b58e},
    {0x3060, 0xe9b58f},
    {0x3eca, 0xe9b590},
    {0x156f, 0xe9b591},
    {0x3068, 0xe9b592},
    {0x305f, 0xe9b593},
    {0x3069, 0xe9b594},
    {0x3065, 0xe9b596},
    {0x3067, 0xe9b597},
    {0x306b, 0xe9b598},
    {0x3064, 0xe9b599},
    {0x306c, 0xe9b59a},
    {0x3062, 0xe9b59b},
    {0x305e, 0xe9b59c},
    {0x1570, 0xe9b59d},
    {0x3e6e, 0xe9b59e},
    {0x306a, 0xe9b59f},
    {0x1571, 0xe9b5a0},
    {0x1601, 0xe9b5a1},
    {0x2ef1, 0xe9b5a7},
    {0x31bb, 0xe9b5a8},
    {0x31b2, 0xe9b5a9},
    {0x1603, 0xe9b5aa},
    {0x31ae, 0xe9b5ab},
    {0x1604, 0xe9b5ac},
    {0x3bac, 0xe9b5ad},
    {0x433b, 0xe9b5ae},
    {0x31b7, 0xe9b5af},
    {0x31b1, 0xe9b5b0},
    {0x31a7, 0xe9b5b1},
    {0x1602, 0xe9b5b2},
    {0x31b4, 0xe9b5b3},
    {0x31a2, 0xe9b5b7},
    {0x31a9, 0xe9b5b8},
    {0x31b8, 0xe9b5b9},
    {0x31b5, 0xe9b5bb},
    {0x3efe, 0xe9b5bc},
    {0x31ad, 0xe9b5bd},
    {0x3925, 0xe9b5be},
    {0x31b9, 0xe9b5bf},
    {0x31a8, 0xe9b680},
    {0x31a3, 0xe9b681},
    {0x31b6, 0xe9b682},
    {0x3926, 0xe9b683},
    {0x31a5, 0xe9b684},
    {0x31b3, 0xe9b685},
    {0x31aa, 0xe9b686},
    {0x31ba, 0xe9b687},
    {0x31a6, 0xe9b688},
    {0x1600, 0xe9b689},
    {0x31a4, 0xe9b68a},
    {0x32a4, 0xe9b690},
    {0x32a2, 0xe9b692},
    {0x43f3, 0xe9b693},
    {0x32a7, 0xe9b694},
    {0x32b3, 0xe9b696},
    {0x32aa, 0xe9b697},
    {0x32a3, 0xe9b698},
    {0x329f, 0xe9b699},
    {0x32ac, 0xe9b69a},
    {0x32a5, 0xe9b69b},
    {0x32a8, 0xe9b69c},
    {0x32a1, 0xe9b69d},
    {0x32af, 0xe9b69e},
    {0x329e, 0xe9b69f},
    {0x32a6, 0xe9b6a0},
    {0x32ab, 0xe9b6a1},
    {0x32ad, 0xe9b6a2},
    {0x32b0, 0xe9b6a3},
    {0x32a0, 0xe9b6a4},
    {0x3c4b, 0xe9b6a5},
    {0x32ae, 0xe9b6a8},
    {0x32b2, 0xe9b6a9},
    {0x32a9, 0xe9b6aa},
    {0x3f30, 0xe9b6ab},
    {0x3362, 0xe9b6ac},
    {0x3365, 0xe9b6ad},
    {0x16b1, 0xe9b6af},
    {0x3364, 0xe9b6b1},
    {0x3369, 0xe9b6b2},
    {0x3367, 0xe9b6b3},
    {0x16b2, 0xe9b6b4},
    {0x335e, 0xe9b6b5},
    {0x3354, 0xe9b6b6},
    {0x3353, 0xe9b6b7},
    {0x16b4, 0xe9b6b8},
    {0x335d, 0xe9b6bb},
    {0x3355, 0xe9b6bc},
    {0x47d0, 0xe9b6bd},
    {0x335a, 0xe9b6be},
    {0x32b1, 0xe9b6bf},
    {0x43f2, 0xe9b780},
    {0x3356, 0xe9b781},
    {0x16b3, 0xe9b782},
    {0x335c, 0xe9b783},
    {0x3929, 0xe9b784},
    {0x335b, 0xe9b785},
    {0x3357, 0xe9b787},
    {0x3363, 0xe9b788},
    {0x4579, 0xe9b789},
    {0x3358, 0xe9b78a},
    {0x33f9, 0xe9b78b},
    {0x3366, 0xe9b78c},
    {0x3368, 0xe9b78d},
    {0x335f, 0xe9b78e},
    {0x3359, 0xe9b78f},
    {0x33fa, 0xe9b790},
    {0x33fc, 0xe9b791},
    {0x33f6, 0xe9b792},
    {0x16f0, 0xe9b793},
    {0x391e, 0xe9b794},
    {0x3403, 0xe9b795},
    {0x3401, 0xe9b796},
    {0x16f1, 0xe9b797},
    {0x3400, 0xe9b798},
    {0x33ff, 0xe9b799},
    {0x33f8, 0xe9b79a},
    {0x33f5, 0xe9b79b},
    {0x33fb, 0xe9b79c},
    {0x3404, 0xe9b79d},
    {0x33f7, 0xe9b79e},
    {0x33fd, 0xe9b79f},
    {0x3466, 0xe9b7a1},
    {0x346b, 0xe9b7a2},
    {0x3461, 0xe9b7a3},
    {0x3464, 0xe9b7a4},
    {0x171c, 0xe9b7a5},
    {0x3468, 0xe9b7a6},
    {0x346f, 0xe9b7a8},
    {0x33fe, 0xe9b7a9},
    {0x3462, 0xe9b7ab},
    {0x346c, 0xe9b7ac},
    {0x3470, 0xe9b7ad},
    {0x3467, 0xe9b7ae},
    {0x3460, 0xe9b7af},
    {0x346a, 0xe9b7b0},
    {0x3469, 0xe9b7b2},
    {0x346e, 0xe9b7b3},
    {0x346d, 0xe9b7b4},
    {0x3402, 0xe9b7b5},
    {0x3465, 0xe9b7b6},
    {0x345f, 0xe9b7b7},
    {0x3463, 0xe9b7b8},
    {0x345e, 0xe9b7bb},
    {0x47d1, 0xe9b7bc},
    {0x34c1, 0xe9b7bd},
    {0x34b8, 0xe9b7be},
    {0x34c0, 0xe9b7bf},
    {0x34b7, 0xe9b882},
    {0x34ba, 0xe9b883},
    {0x34c2, 0xe9b884},
    {0x34bc, 0xe9b885},
    {0x34bb, 0xe9b886},
    {0x34b9, 0xe9b887},
    {0x34bf, 0xe9b889},
    {0x457e, 0xe9b88a},
    {0x34f7, 0xe9b88b},
    {0x457a, 0xe9b88c},
    {0x34f8, 0xe9b88d},
    {0x3928, 0xe9b88e},
    {0x34fa, 0xe9b88f},
    {0x34f9, 0xe9b890},
    {0x34fc, 0xe9b891},
    {0x34fb, 0xe9b892},
    {0x3517, 0xe9b893},
    {0x3516, 0xe9b894},
    {0x3530, 0xe9b895},
    {0x3531, 0xe9b897},
    {0x3c44, 0xe9b898},
    {0x353d, 0xe9b899},
    {0x1765, 0xe9b89a},
    {0x1769, 0xe9b89b},
    {0x3f84, 0xe9b89c},
    {0x3546, 0xe9b89d},
    {0x176a, 0xe9b89e},
    {0x4513, 0xe9b89f},
    {0xbe3, 0xe9b9b5},
    {0x1661, 0xe9b9b9},
    {0x336a, 0xe9b9ba},
    {0x43f8, 0xe9b9bb},
    {0xbe4, 0xe9b9bf},
    {0x2611, 0xe9ba80},
    {0x3f0f, 0xe9ba81},
    {0xf7a, 0xe9ba82},
    {0x2afc, 0xe9ba83},
    {0x3f76, 0xe9ba84},
    {0x3ef2, 0xe9ba85},
    {0x2d30, 0xe9ba88},
    {0x2f02, 0xe9ba89},
    {0x2f01, 0xe9ba8a},
    {0x14c1, 0xe9ba8b},
    {0x306e, 0xe9ba8c},
    {0x2f03, 0xe9ba8d},
    {0x306d, 0xe9ba8e},
    {0x3931, 0xe9ba90},
    {0x31bd, 0xe9ba91},
    {0x1605, 0xe9ba92},
    {0x1607, 0xe9ba93},
    {0x31bc, 0xe9ba94},
    {0x3932, 0xe9ba95},
    {0x3fbc, 0xe9ba96},
    {0x1606, 0xe9ba97},
    {0x3f27, 0xe9ba98},
    {0x32b6, 0xe9ba99},
    {0x32b8, 0xe9ba9a},
    {0x32b7, 0xe9ba9b},
    {0x336b, 0xe9ba9c},
    {0x16b5, 0xe9ba9d},
    {0x3933, 0xe9ba9e},
    {0x171d, 0xe9ba9f},
    {0x34c3, 0xe9baa0},
    {0x34fd, 0xe9baa1},
    {0x3934, 0xe9baa2},
    {0x354a, 0xe9baa4},
    {0xbe5, 0xe9baa5},
    {0x4944, 0xe9baa6},
    {0x287c, 0xe9baa7},
    {0x3f75, 0xe9baa8},
    {0x1285, 0xe9baa9},
    {0x3936, 0xe9baaa},
    {0x3e92, 0xe9baab},
    {0x43f4, 0xe9baac},
    {0x2d34, 0xe9baad},
    {0x2d33, 0xe9baae},
    {0x3937, 0xe9baaf},
    {0x2f04, 0xe9bab0},
    {0x47d4, 0xe9bab1},
    {0x1608, 0xe9bab4},
    {0x1662, 0xe9bab5},
    {0x3405, 0xe9bab6},
    {0x3542, 0xe9bab7},
    {0xbe6, 0xe9babb},
    {0x10ff, 0xe9babc},
    {0x47d5, 0xe9babd},
    {0x1286, 0xe9babe},
    {0x3d78, 0xe9babf},
    {0x31be, 0xe9bb80},
    {0x3939, 0xe9bb81},
    {0x3471, 0xe9bb82},
    {0xdbb, 0xe9bb83},
    {0x4514, 0xe9bb84},
    {0x47d6, 0xe9bb86},
    {0x4577, 0xe9bb87},
    {0x2f05, 0xe9bb88},
    {0x1751, 0xe9bb8c},
    {0xdbc, 0xe9bb8d},
    {0x1287, 0xe9bb8e},
    {0x14c2, 0xe9bb8f},
    {0x3472, 0xe9bb90},
    {0xdbd, 0xe9bb91},
    {0x2afd, 0xe9bb93},
    {0x13b1, 0xe9bb94},
    {0x13b0, 0xe9bb98},
    {0x2f06, 0xe9bb9a},
    {0x14c6, 0xe9bb9b},
    {0x14c3, 0xe9bb9e},
    {0x306f, 0xe9bb9f},
    {0x1572, 0xe9bba0},
    {0x47d8, 0xe9bba2},
    {0x32ba, 0xe9bba4},
    {0x32b9, 0xe9bba5},
    {0x32bc, 0xe9bba6},
    {0x32bb, 0xe9bba7},
    {0x1663, 0xe9bba8},
    {0x336c, 0xe9bbab},
    {0x336e, 0xe9bbad},
    {0x336d, 0xe9bbae},
    {0x16b6, 0xe9bbaf},
    {0x3406, 0xe9bbb0},
    {0x47d9, 0xe9bbb1},
    {0x171e, 0xe9bbb4},
    {0x34fe, 0xe9bbb5},
    {0x3518, 0xe9bbb6},
    {0x1762, 0xe9bbb7},
    {0x47da, 0xe9bbb8},
    {0x2360, 0xe9bbb9},
    {0x2d37, 0xe9bbba},
    {0x2f07, 0xe9bbbb},
    {0x31bf, 0xe9bbbc},
    {0x2612, 0xe9bbbd},
    {0x47ce, 0xe9bbbe},
    {0x2f08, 0xe9bbbf},
    {0x3071, 0xe9bc80},
    {0x3070, 0xe9bc81},
    {0x3940, 0xe9bc82},
    {0x3475, 0xe9bc86},
    {0x173f, 0xe9bc87},
    {0x3941, 0xe9bc88},
    {0x34ff, 0xe9bc89},
    {0x3519, 0xe9bc8a},
    {0xf7b, 0xe9bc8e},
    {0x2d38, 0xe9bc92},
    {0xf7c, 0xe9bc93},
    {0x1573, 0xe9bc95},
    {0x3072, 0xe9bc96},
    {0x3945, 0xe9bc97},
    {0x3370, 0xe9bc98},
    {0x16b7, 0xe9bc99},
    {0x3371, 0xe9bc9a},
    {0x336f, 0xe9bc9b},
    {0x3476, 0xe9bc9c},
    {0x34c4, 0xe9bc9e},
    {0xf7d, 0xe9bca0},
    {0x2f0b, 0xe9bca2},
    {0x2f0a, 0xe9bca3},
    {0x2f09, 0xe9bca4},
    {0x3073, 0xe9bca5},
    {0x3f90, 0xe9bca6},
    {0x4620, 0xe9bca7},
    {0x3077, 0xe9bca8},
    {0x3076, 0xe9bca9},
    {0x3075, 0xe9bcaa},
    {0x3074, 0xe9bcab},
    {0x1574, 0xe9bcac},
    {0x31c0, 0xe9bcad},
    {0x32be, 0xe9bcae},
    {0x1664, 0xe9bcaf},
    {0x32bd, 0xe9bcb0},
    {0x3372, 0xe9bcb1},
    {0x3409, 0xe9bcb2},
    {0x3408, 0xe9bcb3},
    {0x16f2, 0xe9bcb4},
    {0x3407, 0xe9bcb5},
    {0x3479, 0xe9bcb6},
    {0x3478, 0xe9bcb7},
    {0x3477, 0xe9bcb8},
    {0x3947, 0xe9bcb9},
    {0x1100, 0xe9bcbb},
    {0x2d39, 0xe9bcbd},
    {0x14c7, 0xe9bcbe},
    {0x340a, 0xe9bd82},
    {0x347a, 0xe9bd83},
    {0x47db, 0xe9bd84},
    {0x394a, 0xe9bd85},
    {0x34c5, 0xe9bd86},
    {0x3500, 0xe9bd87},
    {0x3532, 0xe9bd88},
    {0x354c, 0xe9bd89},
    {0x1101, 0xe9bd8a},
    {0x14c8, 0xe9bd8b},
    {0x3078, 0xe9bd8c},
    {0x31c3, 0xe9bd8d},
    {0x3373, 0xe9bd8e},
    {0x347b, 0xe9bd8f},
    {0x4943, 0xe9bd90},
    {0x1289, 0xe9bd92},
    {0x3f80, 0xe9bd93},
    {0x2f0c, 0xe9bd94},
    {0x3079, 0xe9bd95},
    {0x32c3, 0xe9bd99},
    {0x3f23, 0xe9bd9a},
    {0x32bf, 0xe9bd9b},
    {0x16b8, 0xe9bd9c},
    {0x32c2, 0xe9bd9d},
    {0x32c1, 0xe9bd9e},
    {0x1665, 0xe9bd9f},
    {0x32c0, 0xe9bda0},
    {0x1667, 0xe9bda1},
    {0x46b9, 0xe9bda2},
    {0x1666, 0xe9bda3},
    {0x3375, 0xe9bda4},
    {0x3374, 0xe9bda5},
    {0x3950, 0xe9bda9},
    {0x16f4, 0xe9bdaa},
    {0x340b, 0xe9bdab},
    {0x16f3, 0xe9bdac},
    {0x347d, 0xe9bdb0},
    {0x347c, 0xe9bdb1},
    {0x1741, 0xe9bdb2},
    {0x1740, 0xe9bdb7},
    {0x3501, 0xe9bdb8},
    {0x3504, 0xe9bdb9},
    {0x3503, 0xe9bdba},
    {0x3502, 0xe9bdbb},
    {0x354b, 0xe9bdbe},
    {0x4680, 0xe9bdbf},
    {0x13b2, 0xe9be8d},
    {0x3952, 0xe9be8e},
    {0x157c, 0xe9be90},
    {0x32c4, 0xe9be91},
    {0x3376, 0xe9be92},
    {0x16f5, 0xe9be94},
    {0x340c, 0xe9be95},
    {0x4aa0, 0xe9be96},
    {0x4a98, 0xe9be97},
    {0x354d, 0xe9be98},
    {0x4587, 0xe9be99},
    {0x13b3, 0xe9be9c},
    {0x4646, 0xe9be9f},
    {0x2f0d, 0xe9bea0},
    {0x340d, 0xe9bea2},
    {0x351a, 0xe9bea4},
    {0x3f70, 0xe9bea5},
    {0x49a4, 0xe9bea6},
    {0x49cd, 0xe9bea7},
    {0x49d4, 0xe9bea8},
    {0x49f4, 0xe9bea9},
    {0x49f6, 0xe9beaa},
    {0x49f8, 0xe9beab},
    {0x49fd, 0xe9beac},
    {0x4a13, 0xe9beaf},
    {0x36b5, 0xe9beb0},
    {0x36b7, 0xe9beb1},
    {0x4a5f, 0xe9beb2},
    {0x4a78, 0xe9beb3},
    {0x4ab6, 0xe9bf87},
    {0x4ac6, 0xe9bf88},
    {0x4aca, 0xe9bf89},
    {0x4ace, 0xe9bf8a},
    {0x4ad3, 0xe9bf8b},
    {0x48be, 0xe9bf90},
    {0x83a, 0xee809f},
    {0x9fd, 0xee80a6},
    {0x30d, 0xee819b},
    {0x16b, 0xee81a3},
    {0x860, 0xee81b3},
    {0x3e82, 0xee82a5},
    {0x4948, 0xee82b0},
    {0x4949, 0xee838b},
    {0x494a, 0xee839e},
    {0xc23, 0xee83b3},
    {0x494b, 0xee83ba},
    {0x494c, 0xee8488},
    {0x17e4, 0xee84ae},
    {0x3e8e, 0xee84b4},
    {0x494d, 0xee8584},
    {0x212f, 0xee8589},
    {0x494e, 0xee858c},
    {0x494f, 0xee859d},
    {0x4001, 0xee85a6},
    {0x4950, 0xee85a7},
    {0x4951, 0xee85af},
    {0x115f, 0xee8691},
    {0x4954, 0xee86a4},
    {0xc79, 0xee86ba},
    {0x4955, 0xee86bb},
    {0x4956, 0xee8786},
    {0x4c3, 0xee8789},
    {0x4957, 0xee87a0},
    {0x41ff, 0xee8880},
    {0x4958, 0xee8881},
    {0x18bd, 0xee88ac},
    {0xcbd, 0xee88ad},
    {0xca5, 0xee88b0},
    {0x4959, 0xee8998},
    {0xcce, 0xee89a6},
    {0x495a, 0xee89a7},
    {0x3d70, 0xee8a86},
    {0x495b, 0xee8aa1},
    {0x429f, 0xee8aa2},
    {0xe84, 0xee8aa3},
    {0x495c, 0xee8aac},
    {0x120, 0xee8abc},
    {0x1ba8, 0xee8baf},
    {0x495f, 0xee8bbf},
    {0x4960, 0xee8c80},
    {0x4698, 0xee8c96},
    {0x1055, 0xee8cba},
    {0x3754, 0xee8cbb},
    {0x2de8, 0xee8d80},
    {0x469b, 0xee8d87},
    {0x469c, 0xee8d8c},
    {0x121, 0xee8d8f},
    {0x469d, 0xee8d95},
    {0x106b, 0xee8d9a},
    {0x1326, 0xee8da3},
    {0x469e, 0xee8da7},
    {0x469f, 0xee8db8},
    {0x66b, 0xee8dbc},
    {0x132e, 0xee8dbf},
    {0x46a0, 0xee8e94},
    {0x46a1, 0xee8e9e},
    {0x46a2, 0xee8ea5},
    {0xd35, 0xee8f85},
    {0x37d8, 0xee8f86},
    {0x46a3, 0xee8f87},
    {0x46a4, 0xee8f8d},
    {0x46a5, 0xee8f95},
    {0x37e5, 0xee8f96},
    {0x27c2, 0xee8f97},
    {0x22ad, 0xee8f9c},
    {0x46a6, 0xee8fa7},
    {0x46a7, 0xee8fbc},
    {0x46a8, 0xee9091},
    {0x3820, 0xee9092},
    {0x46a9, 0xee9093},
    {0x46aa, 0xee9096},
    {0x134c, 0xee9097},
    {0x3ff9, 0xee9098},
    {0x46ab, 0xee90a6},
    {0x46ac, 0xee90af},
    {0x46ad, 0xee9188},
    {0x3854, 0xee9189},
    {0x9ce, 0xee918a},
    {0x46ae, 0xee91a0},
    {0xbc7, 0xee91b8},
    {0x3882, 0xee91b9},
    {0x46b2, 0xee91ba},
    {0x36e9, 0xee9285},
    {0x46b3, 0xee928f},
    {0x46b4, 0xee92a1},
    {0x1391, 0xee9385},
    {0x16a4, 0xee939a},
    {0x46b5, 0xee948d},
    {0x46b6, 0xee9496},
    {0x46b7, 0xee94a6},
    {0x3929, 0xee94a7},
    {0x46b8, 0xee94a8},
    {0x3072, 0xee9585},
    {0x46b9, 0xee958e},
    {0x3988, 0xee9689},
    {0x46ba, 0xee96a9},
    {0x46bb, 0xee96b2},
    {0x11c, 0xee9794},
    {0x11b, 0xee9795},
    {0x3fac, 0xee97ab},
    {0x297c, 0xee97b4},
    {0x46bc, 0xee9888},
    {0x46bd, 0xee9895},
    {0x46be, 0xee998a},
    {0x46bf, 0xee99aa},
    {0x46c0, 0xee9a82},
    {0x46c1, 0xee9aa5},
    {0x46c2, 0xee9aa8},
    {0x46c3, 0xee9aab},
    {0x46c4, 0xee9b85},
    {0x1d06, 0xee9b86},
    {0x46c5, 0xee9bb8},
    {0x29a1, 0xee9ca7},
    {0x46c6, 0xee9ca8},
    {0x46c7, 0xee9da9},
    {0x46c8, 0xee9db6},
    {0x46c9, 0xee9dbb},
    {0x46ca, 0xee9f80},
    {0x181b, 0xee9f93},
    {0x3e2f, 0xee9fbd},
    {0x46cb, 0xeea08a},
    {0x46cc, 0xeea0a3},
    {0x46cd, 0xeea1ab},
    {0x3c76, 0xeea284},
    {0x2b24, 0xeea293},
    {0x46d0, 0xeea5a2},
    {0x3d59, 0xeea5aa},
    {0x3d5a, 0xeea5ad},
    {0x3d5b, 0xeea5b4},
    {0x3d5c, 0xeea680},
    {0x43ca, 0xeea685},
    {0x46ea, 0xeea686},
    {0x3d5d, 0xeea687},
    {0x46eb, 0xeea688},
    {0x43cc, 0xeea689},
    {0x3d5e, 0xeea68a},
    {0x46ec, 0xeea68b},
    {0x43fa, 0xeea68c},
    {0x46ed, 0xeea68d},
    {0x3d61, 0xeea693},
    {0x46f1, 0xeea694},
    {0x3d62, 0xeea695},
    {0x46f2, 0xeea696},
    {0x43cd, 0xeea6a3},
    {0x4702, 0xeea6ab},
    {0x43d1, 0xeea6ac},
    {0x43d4, 0xeea6b0},
    {0x3d65, 0xeea6b4},
    {0x3d66, 0xeea6b8},
    {0x3d67, 0xeea6be},
    {0x4711, 0xeea6bf},
    {0x4712, 0xeea780},
    {0x3d68, 0xeea781},
    {0x4713, 0xeea782},
    {0x3d69, 0xeea783},
    {0x4714, 0xeea784},
    {0x3d6a, 0xeea78d},
    {0x471b, 0xeea78e},
    {0x43d7, 0xeea78f},
    {0x43fc, 0xeea792},
    {0x3d6b, 0xeea793},
    {0x471e, 0xeea794},
    {0x3d6c, 0xeea795},
    {0x471f, 0xeea796},
    {0x43d8, 0xeea797},
    {0x3d6d, 0xeea79f},
    {0x43d9, 0xeea7a4},
    {0x43da, 0xeea7ac},
    {0x43dc, 0xeea7b4},
    {0x3d6e, 0xeea7ba},
    {0x3d6f, 0xeea7be},
    {0x4741, 0xeea7bf},
    {0x3d70, 0xeea885},
    {0x3d71, 0xeea888},
    {0x3d72, 0xeea890},
    {0x4750, 0xeea891},
    {0x43c5, 0xeea892},
    {0x4751, 0xeea893},
    {0x43c6, 0xeea894},
    {0x3d73, 0xeea89c},
    {0x43de, 0xeea8a0},
    {0x3d74, 0xeea8a4},
    {0x3d75, 0xeea8a8},
    {0x43e0, 0xeea8b8},
    {0x43e2, 0xeea8bb},
    {0x4777, 0xeea980},
    {0x43e3, 0xeea981},
    {0x43e5, 0xeea984},
    {0x43df, 0xeea98d},
    {0x3d76, 0xeea990},
    {0x4784, 0xeea991},
    {0x43ab, 0xeea992},
    {0x4785, 0xeea993},
    {0x43e7, 0xeea994},
    {0x4786, 0xeea995},
    {0x43e9, 0xeea996},
    {0x43fd, 0xeea99d},
    {0x3d77, 0xeea9a2},
    {0x3d78, 0xeea9b7},
    {0x47a5, 0xeea9b8},
    {0x3d79, 0xeea9b9},
    {0x3d7a, 0xeeaa86},
    {0x43af, 0xeeaa8c},
    {0x47b7, 0xeeaa8d},
    {0x3d7b, 0xeeaa8e},
    {0x43ed, 0xeeaa93},
    {0x47bc, 0xeeaa94},
    {0x3d7c, 0xeeaa95},
    {0x43ee, 0xeeaa96},
    {0x47bd, 0xeeaa97},
    {0x43ff, 0xeeaa98},
    {0x3d7d, 0xeeaaa0},
    {0x47c5, 0xeeaaa1},
    {0x43f1, 0xeeaaa2},
    {0x3d7e, 0xeeaaab},
    {0x43f3, 0xeeaaae},
    {0x47d0, 0xeeaaaf},
    {0x43f2, 0xeeaab0},
    {0x43f8, 0xeeaab4},
    {0x43f4, 0xeeaab5},
    {0x3d7f, 0xeeaabd},
    {0x3d80, 0xeeab82},
    {0x47df, 0xeeab83},
    {0x3d81, 0xeeab84},
    {0x47e0, 0xeeab85},
    {0x3d82, 0xeeab86},
    {0x47e1, 0xeeab87},
    {0x43b7, 0xeeab88},
    {0x3d83, 0xeeab92},
    {0x3d84, 0xeeab9b},
    {0x47f3, 0xeeab9c},
    {0x3d85, 0xeeab9d},
    {0x3d89, 0xeeabad},
    {0x4800, 0xeeabae},
    {0x3d8a, 0xeeabaf},
    {0x3d8b, 0xeeabb3},
    {0x43b0, 0xeeabb4},
    {0x43b2, 0xeeabb9},
    {0x3d8c, 0xeeabbd},
    {0x480d, 0xeeac80},
    {0x3d8d, 0xeeac81},
    {0x3d8e, 0xeeac86},
    {0x3d8f, 0xeeac90},
    {0x3d90, 0xeeac94},
    {0x3d92, 0xeeac9e},
    {0x3d93, 0xeeaca2},
    {0x482a, 0xeeaca3},
    {0x3d94, 0xeeaca4},
    {0x482b, 0xeeaca5},
    {0x3d95, 0xeeaca6},
    {0x482c, 0xeeaca7},
    {0x482d, 0xeeacaa},
    {0x2f50, 0xeead80},
    {0x3d9d, 0xeead81},
    {0x1725, 0xeead82},
    {0x32ed, 0xeead85},
    {0x3da0, 0xeead86},
    {0x4840, 0xeead87},
    {0x4841, 0xeead8a},
    {0x4844, 0xeead93},
    {0x3da9, 0xeead94},
    {0x3daa, 0xeead97},
    {0x3db3, 0xeeada6},
    {0x484d, 0xeeada7},
    {0x2ad9, 0xeeadae},
    {0x3dbb, 0xeeadb2},
    {0x4851, 0xeeadb3},
    {0x3dbc, 0xeeadb4},
    {0x4852, 0xeeadb5},
    {0x43d0, 0xeeadb6},
    {0x4853, 0xeeadb7},
    {0x4854, 0xeeadba},
    {0x3dbf, 0xeeadbb},
    {0x4855, 0xeeadbc},
    {0x3dc0, 0xeeadbd},
    {0x3dc4, 0xeeae85},
    {0x1c14, 0xeeae86},
    {0x3dc5, 0xeeae87},
    {0x485a, 0xeeae88},
    {0x3dc6, 0xeeae89},
    {0x485b, 0xeeae8a},
    {0x3dc7, 0xeeae8b},
    {0x3dc8, 0xeeae8f},
    {0x485f, 0xeeae90},
    {0x41fa, 0xeeae94},
    {0x4860, 0xeeae95},
    {0x3dcf, 0xeeae9b},
    {0x12e9, 0xeeae9e},
    {0x4866, 0xeeae9f},
    {0x4867, 0xeeaea2},
    {0x2cae, 0xeeaea9},
    {0x486a, 0xeeaeaa},
    {0x486b, 0xeeaeae},
    {0x3ddb, 0xeeaeaf},
    {0x486c, 0xeeaeb0},
    {0x3ddc, 0xeeaeb1},
    {0x1a64, 0xeeaeba},
    {0x486f, 0xeeaebb},
    {0x3de4, 0xeeaebc},
    {0x4870, 0xeeaebd},
    {0x4871, 0xeeaf83},
    {0x3dea, 0xeeaf84},
    {0x3deb, 0xeeaf87},
    {0x4874, 0xeeaf88},
    {0x1404, 0xeeaf89},
    {0x4875, 0xeeaf8a},
    {0x4876, 0xeeaf8e},
    {0x2324, 0xeeaf8f},
    {0x4877, 0xeeaf90},
    {0x3df1, 0xeeaf91},
    {0x346a, 0xeeaf92},
    {0x4878, 0xeeaf93},
    {0x3df2, 0xeeaf94},
    {0x4879, 0xeeaf95},
    {0x2291, 0xeeaf9e},
    {0x487c, 0xeeaf9f},
    {0x3dfa, 0xeeafa0},
    {0x487d, 0xeeafa1},
    {0x487e, 0xeeafa4},
    {0x3e00, 0xeeafaa},
    {0x4883, 0xeeafaf},
    {0x3e03, 0xeeafb0},
    {0x4884, 0xeeafb1},
    {0x4887, 0xeeb080},
    {0x1787, 0xeeb081},
    {0x95f, 0xeeb082},
    {0x488b, 0xeeb093},
    {0x3e1f, 0xeeb094},
    {0x1e99, 0xeeb095},
    {0x4890, 0xeeb0a0},
    {0x4891, 0xeeb0ab},
    {0x4892, 0xeeb0af},
    {0x4893, 0xeeb0b2},
    {0x4894, 0xeeb0bf},
    {0x3e42, 0xeeb182},
    {0x4897, 0xeeb183},
    {0x43e8, 0xeeb184},
    {0x3e43, 0xeeb18a},
    {0x3e44, 0xeeb18d},
    {0x48a1, 0xeeb192},
    {0x3e48, 0xeeb193},
    {0x48a2, 0xeeb194},
    {0x3e49, 0xeeb195},
    {0x3e4a, 0xeeb199},
    {0x48a6, 0xeeb19a},
    {0x25c1, 0xeeb19b},
    {0xd0c, 0xeeb19e},
    {0x43c9, 0xeeb1a5},
    {0x3e4c, 0xeeb1a6},
    {0x48af, 0xeeb1a7},
    {0x3e4d, 0xeeb1a8},
    {0x43f5, 0xeeb1bc},
    {0x3e4e, 0xeeb1bd},
    {0x3e4f, 0xeeb282},
    {0x48cb, 0xeeb28b},
    {0x3e54, 0xeeb28c},
    {0x48cc, 0xeeb28d},
    {0x3e58, 0xeeb292},
    {0x3e59, 0xeeb295},
    {0x48d1, 0xeeb296},
    {0x3e5a, 0xeeb297},
    {0x48d2, 0xeeb298},
    {0x3e5b, 0xeeb299},
    {0x48d7, 0xeeb2a0},
    {0x3e60, 0xeeb2a5},
    {0x5e6, 0xeeb2a6},
    {0x48dc, 0xeeb2ab},
    {0x3e64, 0xeeb2ac},
    {0x48df, 0xeeb2b4},
    {0x48e4, 0xeeb39e},
    {0x48e5, 0xeeb3a4},
    {0x48e6, 0xeeb480},
    {0x48e7, 0xeeb484},
    {0x3eb6, 0xeeb489},
    {0x48ea, 0xeeb48a},
    {0x3eb7, 0xeeb48b},
    {0x3eb8, 0xeeb492},
    {0x48f1, 0xeeb493},
    {0x3eb9, 0xeeb494},
    {0x48f5, 0xeeb49a},
    {0x3ebc, 0xeeb49b},
    {0x48f6, 0xeeb49c},
    {0x3ebd, 0xeeb49d},
    {0x48f7, 0xeeb49e},
    {0x48f8, 0xeeb4a2},
    {0x728, 0xeeb4a8},
    {0x3ec5, 0xeeb4a9},
    {0x48fb, 0xeeb4aa},
    {0x48fc, 0xeeb4ad},
    {0x3ecb, 0xeeb4b3},
    {0x48ff, 0xeeb4b4},
    {0x4900, 0xeeb4b7},
    {0x3ece, 0xeeb4b8},
    {0x3ecf, 0xeeb4bb},
    {0x4908, 0xeeb585},
    {0x3ed9, 0xeeb58c},
    {0x490d, 0xeeb591},
    {0x3edc, 0xeeb592},
    {0x24b6, 0xeeb5ae},
    {0x4912, 0xeeb5b1},
    {0x4916, 0xeeb5ba},
    {0x3efc, 0xeeb5bb},
    {0x1806, 0xeeb5bc},
    {0x3f01, 0xeeb680},
    {0x4917, 0xeeb681},
    {0x4918, 0xeeb686},
    {0x3511, 0xeeb69e},
    {0x3945, 0xeeb6a4},
    {0x491d, 0xeeb6ae},
    {0x491e, 0xeeb791},
    {0x491f, 0xeeb797},
    {0x4920, 0xeeb79b},
    {0x3f54, 0xeeb79c},
    {0x4921, 0xeeb79d},
    {0xf82, 0xeeb7a7},
    {0x4922, 0xeeb7a8},
    {0x4923, 0xeeb7b0},
    {0x3a3e, 0xeeb7b4},
    {0x4924, 0xeeb880},
    {0x4925, 0xeeb895},
    {0x4926, 0xeeb89b},
    {0x4927, 0xeeb8a2},
    {0x4928, 0xeeb8b0},
    {0x3811, 0xeeb8be},
    {0x3fb1, 0xeeb8bf},
    {0x4929, 0xeeb988},
    {0x5f2, 0xeeb992},
    {0x492a, 0xeeb996},
    {0x492b, 0xeeb99b},
    {0x492c, 0xeeb9a0},
    {0x492d, 0xeeb9be},
    {0x3fec, 0xeeb9bf},
    {0x492e, 0xeeba89},
    {0x3aee, 0xeeba8e},
    {0x247d, 0xeeba98},
    {0x492f, 0xeeba9c},
    {0x3ac9, 0xeeba9d},
    {0x43b4, 0xeebaa7},
    {0x43b8, 0xeebaab},
    {0x4536, 0xef8ea3},
    {0x453b, 0xef8eac},
    {0x43c3, 0xef8ead},
    {0x439a, 0xef8eb1},
    {0x43a2, 0xef8fa4},
    {0x43ec, 0xef8fa9},
    {0x4571, 0xef8faa},
    {0x43eb, 0xef8fab},
    {0x4572, 0xef8fac},
    {0x4581, 0xef8fbf},
    {0x43bc, 0xef908d},
    {0x439c, 0xef9097},
    {0x4597, 0xef9098},
    {0x439e, 0xef9099},
    {0x4598, 0xef909a},
    {0x439f, 0xef909b},
    {0x43a1, 0xef909f},
    {0x459c, 0xef90a0},
    {0x43a3, 0xef90a1},
    {0x43a9, 0xef90b8},
    {0x4309, 0xef90be},
    {0x45b6, 0xef918a},
    {0x45b7, 0xef9197},
    {0x45b8, 0xef919b},
    {0x45b9, 0xef91ae},
    {0x433e, 0xef91b3},
    {0x45ba, 0xef91b4},
    {0x45bb, 0xef91b7},
    {0x4343, 0xef91b8},
    {0x45bc, 0xef91b9},
    {0x4345, 0xef91ba},
    {0x45bd, 0xef91bb},
    {0x45be, 0xef9283},
    {0x45bf, 0xef9291},
    {0x435d, 0xef9292},
    {0x45c0, 0xef9293},
    {0x435f, 0xef9294},
    {0x45c1, 0xef92a7},
    {0x438b, 0xef9380},
    {0x45c4, 0xef9381},
    {0x43db, 0xef9382},
    {0x438e, 0xef939f},
    {0x45de, 0xef93a0},
    {0x438f, 0xef93a1},
    {0x45df, 0xef93a2},
    {0x4390, 0xef93a3},
    {0x45e0, 0xef93a4},
    {0x4391, 0xef93a5},
    {0x45e1, 0xef93a6},
    {0x4397, 0xef93b2},
    {0x45e8, 0xef93b3},
    {0x4398, 0xef93b4},
    {0x43c4, 0xef93b5},
    {0x43a7, 0xef93bb},
    {0x43ac, 0xef9482},
    {0x49a7, 0xef95bd},
    {0x49af, 0xef9685},
    {0x49c9, 0xef96a0},
    {0x49d4, 0xef96ab},
    {0x49d9, 0xef96b0},
    {0x49dd, 0xef96b4},
    {0x49df, 0xef96b6},
    {0x49e2, 0xef96b9},
    {0x49e5, 0xef96bd},
    {0x49e7, 0xef96bf},
    {0x49e8, 0xef9780},
    {0x49f4, 0xef978c},
    {0x49f6, 0xef978e},
    {0x49f8, 0xef9790},
    {0x4a05, 0xef97a0},
    {0x4a08, 0xef97a4},
    {0x4a13, 0xef97af},
    {0x43ba, 0xef98b6},
    {0x43bb, 0xef98bc},
    {0x43a0, 0xef98bd},
    {0x43bd, 0xef98be},
    {0x4630, 0xef98bf},
    {0x43be, 0xef9982},
    {0x43bf, 0xef998a},
    {0x43c0, 0xef998e},
    {0x463d, 0xef998f},
    {0x43c1, 0xef9990},
    {0x43c2, 0xef9997},
    {0x43b9, 0xef999a},
    {0x43ad, 0xef999b},
    {0x43c7, 0xef99a8},
    {0x43c8, 0xef99b5},
    {0x43f9, 0xef9aac},
    {0x22e, 0xef9ba4},
    {0x230, 0xef9ba6},
    {0x499e, 0xefa0aa},
    {0x499f, 0xefa0b3},
    {0x49a0, 0xefa0bb},
    {0x4992, 0xefa0bf},
    {0x4516, 0xefa487},
    {0x274, 0xefa88c},
    {0x2381, 0xefa88d},
    {0x41bc, 0xefa892},
    {0x3881, 0xefa8a6},
    {0x4265, 0xefa988},
    {0x3790, 0xefa99b},
    {0x3718, 0xefb893},
    {0x3717, 0xefb894},
    {0x371a, 0xefb895},
    {0x3719, 0xefb896},
    {0x354e, 0xefb899},
    {0x6d, 0xefb8b0},
    {0x7a, 0xefb8b1},
    {0x35af, 0xefb8b3},
    {0x35b1, 0xefb8b4},
    {0x96, 0xefb8bf},
    {0x97, 0xefb980},
    {0x35b2, 0xefb98f},
    {0x102, 0xefb9a8},
    {0x6c, 0xefbc81},
    {0x36e4, 0xefbc82},
    {0xae, 0xefbc83},
    {0x103, 0xefbc84},
    {0x108, 0xefbc85},
    {0xaf, 0xefbc86},
    {0x36e3, 0xefbc87},
    {0xb0, 0xefbc8a},
    {0xd0, 0xefbc8b},
    {0x64, 0xefbc8c},
    {0xd1, 0xefbc8d},
    {0x67, 0xefbc8e},
    {0x101, 0xefbc8f},
    {0x6a, 0xefbc9a},
    {0x69, 0xefbc9b},
    {0xd6, 0xefbc9c},
    {0xd8, 0xefbc9d},
    {0xd7, 0xefbc9e},
    {0x6b, 0xefbc9f},
    {0x109, 0xefbca0},
    {0x35be, 0xefbcbb},
    {0x102, 0xefbcbc},
    {0x35bf, 0xefbcbd},
    {0x35b4, 0xefbcbe},
    {0xc5, 0xefbcbf},
    {0x84, 0xefbd9b},
    {0x78, 0xefbd9c},
    {0x85, 0xefbd9d},
    {0xe4, 0xefbd9e},
    {0x71, 0xefbda4},
    {0x36e1, 0xefbfa2},
    {0xc4, 0xefbfa3},
    {0x36e2, 0xefbfa4},
    {0x104, 0xefbfa5},
    {0x3710, 0xefbfad},
    {0x3df5, 0xf0a080a1},
    {0x3a51, 0xf0a080be},
    {0x3a52, 0xf0a08186},
    {0x3b59, 0xf0a0818e},
    {0x378a, 0xf0a081a8},
    {0x44e4, 0xf0a08286},
    {0x4518, 0xf0a08287},
    {0x36b2, 0xf0a0828a},
    {0x47dc, 0xf0a08294},
    {0x44d7, 0xf0a0838a},
    {0x44d4, 0xf0a0838b},
    {0x36b0, 0xf0a0838c},
    {0x44d1, 0xf0a0838d},
    {0x44d0, 0xf0a08391},
    {0x493d, 0xf0a083ae},
    {0x44ce, 0xf0a0848c},
    {0x44dc, 0xf0a0848e},
    {0x4189, 0xf0a08498},
    {0x4a67, 0xf0a086a4},
    {0x4353, 0xf0a086a9},
    {0x39b8, 0xf0a086ab},
    {0x414a, 0xf0a08781},
    {0x3b31, 0xf0a08794},
    {0x3f64, 0xf0a087b2},
    {0x4110, 0xf0a08884},
    {0x39c3, 0xf0a0888c},
    {0x46db, 0xf0a08894},
    {0x4a6b, 0xf0a088b9},
    {0x3b39, 0xf0a0899b},
    {0x38b9, 0xf0a089b4},
    {0x39c1, 0xf0a089b5},
    {0x3b2a, 0xf0a08a99},
    {0x415f, 0xf0a08a9e},
    {0x401f, 0xf0a08aa0},
    {0x47dd, 0xf0a08ab7},
    {0x3c62, 0xf0a08abf},
    {0x39bf, 0xf0a08b80},
    {0x403f, 0xf0a08ba5},
    {0x39bb, 0xf0a08c8a},
    {0x4694, 0xf0a08ca5},
    {0x4311, 0xf0a08d81},
    {0x39ff, 0xf0a08d85},
    {0x3da0, 0xf0a08d86},
    {0x402e, 0xf0a08d87},
    {0x402b, 0xf0a08dbe},
    {0x46bb, 0xf0a08dbf},
    {0x402d, 0xf0a08e80},
    {0x47de, 0xf0a08ea0},
    {0x3cb2, 0xf0a08ea7},
    {0x4958, 0xf0a08eb5},
    {0x41ea, 0xf0a08f89},
    {0x39b9, 0xf0a08f8b},
    {0x3cfd, 0xf0a08fb5},
    {0x491f, 0xf0a08fbc},
    {0x3a1f, 0xf0a09093},
    {0x39bc, 0xf0a09094},
    {0x4030, 0xf0a0909f},
    {0x39b2, 0xf0a091a5},
    {0x4039, 0xf0a09287},
    {0x3ee5, 0xf0a0928e},
    {0x39e0, 0xf0a09291},
    {0x39df, 0xf0a09292},
    {0x39de, 0xf0a092a3},
    {0x47e0, 0xf0a09397},
    {0x4359, 0xf0a093bc},
    {0x3cbc, 0xf0a093be},
    {0x400b, 0xf0a09587},
    {0x4041, 0xf0a0968e},
    {0x4114, 0xf0a096a5},
    {0x4046, 0xf0a096b3},
    {0x495b, 0xf0a09783},
    {0x3dac, 0xf0a0978a},
    {0x458b, 0xf0a09790},
    {0x47e2, 0xf0a09795},
    {0x400d, 0xf0a0979f},
    {0x39dc, 0xf0a097a0},
    {0x3ad0, 0xf0a097ab},
    {0x3dae, 0xf0a09891},
    {0x47e3, 0xf0a09895},
    {0x46de, 0xf0a09899},
    {0x3cc9, 0xf0a0989a},
    {0x38eb, 0xf0a098b0},
    {0x4179, 0xf0a09996},
    {0x47e4, 0xf0a099b6},
    {0x39e3, 0xf0a09c8e},
    {0x4350, 0xf0a09cb1},
    {0x3dbd, 0xf0a09db9},
    {0x3b60, 0xf0a0a0ac},
    {0x39e6, 0xf0a0a1b3},
    {0x46dd, 0xf0a0a395},
    {0x3b57, 0xf0a0a496},
    {0x41f9, 0xf0a0a4a3},
    {0x406b, 0xf0a0a594},
    {0x4907, 0xf0a0a5b9},
    {0x4575, 0xf0a0a7a7},
    {0x3def, 0xf0a0a891},
    {0x3869, 0xf0a0a990},
    {0x4a4e, 0xf0a0a9af},
    {0x4a9c, 0xf0a0aa8a},
    {0x3ce6, 0xf0a0aab4},
    {0x47e8, 0xf0a0ab82},
    {0x47e9, 0xf0a0ab8d},
    {0x46a1, 0xf0a0ac8d},
    {0x4092, 0xf0a0ae8f},
    {0x4a71, 0xf0a0ae9f},
    {0x39a8, 0xf0a0aea8},
    {0x45d3, 0xf0a0aea9},
    {0x47ea, 0xf0a0aebf},
    {0x3a01, 0xf0a0af86},
    {0x47ec, 0xf0a0af8b},
    {0x406f, 0xf0a0afa2},
    {0x3cca, 0xf0a0afab},
    {0x47ee, 0xf0a0afbb},
    {0x403d, 0xf0a0afbf},
    {0x45b8, 0xf0a0b08b},
    {0x3b32, 0xf0a0b08d},
    {0x39ec, 0xf0a0b0a0},
    {0x438b, 0xf0a0b0b4},
    {0x428e, 0xf0a0b0ba},
    {0x47ef, 0xf0a0b0bb},
    {0x3e8c, 0xf0a0b181},
    {0x430b, 0xf0a0b182},
    {0x434c, 0xf0a0b183},
    {0x47f0, 0xf0a0b193},
    {0x47f1, 0xf0a0b1a5},
    {0x4097, 0xf0a0b1b7},
    {0x3dbc, 0xf0a0b1b8},
    {0x47f2, 0xf0a0b1bc},
    {0x47f3, 0xf0a0b28d},
    {0x3e8d, 0xf0a0b296},
    {0x48c5, 0xf0a0b29c},
    {0x47f4, 0xf0a0b2b5},
    {0x3ccb, 0xf0a0b2b8},
    {0x4734, 0xf0a0b38f},
    {0x413a, 0xf0a0b393},
    {0x3f58, 0xf0a0b394},
    {0x4321, 0xf0a0b395},
    {0x45f6, 0xf0a0b396},
    {0x47f5, 0xf0a0b39d},
    {0x47f6, 0xf0a0b3ad},
    {0x3cc7, 0xf0a0b3bf},
    {0x430c, 0xf0a0b495},
    {0x3f07, 0xf0a0b4a8},
    {0x3891, 0xf0a0b4b1},
    {0x4218, 0xf0a0b4b2},
    {0x432c, 0xf0a0b586},
    {0x45cf, 0xf0a0b587},
    {0x45d4, 0xf0a0b588},
    {0x48e2, 0xf0a0b589},
    {0x3b28, 0xf0a0b58c},
    {0x40a7, 0xf0a0b58d},
    {0x40ed, 0xf0a0b58e},
    {0x47f7, 0xf0a0b5af},
    {0x3f08, 0xf0a0b5b1},
    {0x409f, 0xf0a0b5b4},
    {0x431f, 0xf0a0b5bc},
    {0x45bf, 0xf0a0b696},
    {0x4366, 0xf0a0b69c},
    {0x3ea5, 0xf0a0b6a7},
    {0x47f8, 0xf0a0b6b2},
    {0x47f9, 0xf0a0b788},
    {0x47fa, 0xf0a0b884},
    {0x4370, 0xf0a0b889},
    {0x48fa, 0xf0a0b88a},
    {0x39a9, 0xf0a0b88d},
    {0x47fb, 0xf0a0b88e},
    {0x45f1, 0xf0a0b88f},
    {0x45fa, 0xf0a0b890},
    {0x4609, 0xf0a0b891},
    {0x37c3, 0xf0a0b896},
    {0x39f0, 0xf0a0b89d},
    {0x45d1, 0xf0a0b98c},
    {0x48d7, 0xf0a0b9ad},
    {0x47ff, 0xf0a0b9b3},
    {0x41b8, 0xf0a0b9b5},
    {0x3e8f, 0xf0a0b9b6},
    {0x45f2, 0xf0a0b9b7},
    {0x45fb, 0xf0a0b9b8},
    {0x4600, 0xf0a0b9b9},
    {0x438a, 0xf0a0b9ba},
    {0x460d, 0xf0a0b9bb},
    {0x45ca, 0xf0a0ba8c},
    {0x4325, 0xf0a0ba96},
    {0x45df, 0xf0a0ba98},
    {0x3e80, 0xf0a0ba9d},
    {0x3e91, 0xf0a0baa2},
    {0x45cc, 0xf0a0baaa},
    {0x45d2, 0xf0a0baab},
    {0x48f4, 0xf0a0baac},
    {0x3ee8, 0xf0a0bab6},
    {0x47fc, 0xf0a0bb97},
    {0x4697, 0xf0a0bb98},
    {0x40a5, 0xf0a0bb9d},
    {0x3e06, 0xf0a0bbb8},
    {0x3eba, 0xf0a0bbb9},
    {0x45f0, 0xf0a0bbba},
    {0x45f3, 0xf0a0bbbb},
    {0x3c92, 0xf0a0bc9d},
    {0x3bfe, 0xf0a0bca6},
    {0x47fe, 0xf0a0bcad},
    {0x45e0, 0xf0a0bcae},
    {0x45ce, 0xf0a0bcb0},
    {0x45c3, 0xf0a0bcb1},
    {0x3fd2, 0xf0a0bcbb},
    {0x435b, 0xf0a0bd8c},
    {0x4327, 0xf0a0bda4},
    {0x45cb, 0xf0a0be8d},
    {0x47fd, 0xf0a0be90},
    {0x45da, 0xf0a0bead},
    {0x4320, 0xf0a0beb4},
    {0x460c, 0xf0a0beb5},
    {0x4610, 0xf0a0beb6},
    {0x4800, 0xf0a0bebc},
    {0x39a7, 0xf0a0bf9f},
    {0x48e1, 0xf0a0bfaa},
    {0x48f7, 0xf0a0bfab},
    {0x48f9, 0xf0a0bfac},
    {0x48fb, 0xf0a0bfad},
    {0x3858, 0xf0a18094},
    {0x4802, 0xf0a1818f},
    {0x4801, 0xf0a1819c},
    {0x45bd, 0xf0a181af},
    {0x3e95, 0xf0a181b5},
    {0x4803, 0xf0a181b6},
    {0x45bc, 0xf0a181b7},
    {0x45fc, 0xf0a181b8},
    {0x43b0, 0xf0a181bb},
    {0x4804, 0xf0a18288},
    {0x4805, 0xf0a18296},
    {0x4363, 0xf0a1829d},
    {0x40b6, 0xf0a182b4},
    {0x4807, 0xf0a182bf},
    {0x45d5, 0xf0a18380},
    {0x48e7, 0xf0a18381},
    {0x4390, 0xf0a18387},
    {0x4374, 0xf0a18388},
    {0x45f9, 0xf0a18389},
    {0x45c5, 0xf0a1838f},
    {0x43b2, 0xf0a18393},
    {0x39ee, 0xf0a183a4},
    {0x45b7, 0xf0a183b4},
    {0x4808, 0xf0a184af},
    {0x4809, 0xf0a184bb},
    {0x45d6, 0xf0a184bd},
    {0x4535, 0xf0a18585},
    {0x45fd, 0xf0a18588},
    {0x45d0, 0xf0a1858f},
    {0x4611, 0xf0a18680},
    {0x48fc, 0xf0a18687},
    {0x48f1, 0xf0a18799},
    {0x40db, 0xf0a188bc},
    {0x40c7, 0xf0a1898f},
    {0x38a8, 0xf0a189bc},
    {0x3985, 0xf0a18aa8},
    {0x4913, 0xf0a18aa9},
    {0x3d12, 0xf0a18ab0},
    {0x480b, 0xf0a18ba3},
    {0x43b4, 0xf0a18bbe},
    {0x3c27, 0xf0a18c82},
    {0x3a22, 0xf0a18c83},
    {0x3d52, 0xf0a18c84},
    {0x4021, 0xf0a18c85},
    {0x480d, 0xf0a18cb6},
    {0x414d, 0xf0a18cba},
    {0x480c, 0xf0a18db5},
    {0x495d, 0xf0a18db6},
    {0x4193, 0xf0a18e8e},
    {0x3d16, 0xf0a18e98},
    {0x3cec, 0xf0a18e9c},
    {0x3e1c, 0xf0a18f85},
    {0x3986, 0xf0a18f86},
    {0x3e32, 0xf0a18fad},
    {0x3984, 0xf0a18fbe},
    {0x3c95, 0xf0a19093},
    {0x40d0, 0xf0a19096},
    {0x3cb3, 0xf0a190a4},
    {0x49ff, 0xf0a190bf},
    {0x3d0d, 0xf0a19192},
    {0x40d2, 0xf0a19194},
    {0x45ff, 0xf0a19195},
    {0x37a9, 0xf0a1928a},
    {0x423c, 0xf0a19297},
    {0x3987, 0xf0a192b6},
    {0x3c2a, 0xf0a193a8},
    {0x37b4, 0xf0a193bd},
    {0x480e, 0xf0a195b7},
    {0x3801, 0xf0a19682},
    {0x407f, 0xf0a19696},
    {0x3e18, 0xf0a1988a},
    {0x4080, 0xf0a19893},
    {0x480f, 0xf0a19899},
    {0x40e7, 0xf0a198be},
    {0x3789, 0xf0a199a1},
    {0x40ea, 0xf0a19a92},
    {0x4107, 0xf0a19ab8},
    {0x47e5, 0xf0a19aba},
    {0x3981, 0xf0a19b80},
    {0x42e8, 0xf0a19b81},
    {0x3cd0, 0xf0a19b82},
    {0x38f4, 0xf0a19b93},
    {0x40f7, 0xf0a19b95},
    {0x3842, 0xf0a19b9f},
    {0x3b24, 0xf0a19ba6},
    {0x4293, 0xf0a19ba7},
    {0x4077, 0xf0a19ba8},
    {0x3a0c, 0xf0a19bba},
    {0x397a, 0xf0a19bbb},
    {0x3a7e, 0xf0a19bbc},
    {0x3a37, 0xf0a19bbe},
    {0x40a4, 0xf0a19c8d},
    {0x3a0e, 0xf0a19c90},
    {0x4071, 0xf0a19ca6},
    {0x3d2b, 0xf0a19cba},
    {0x3a43, 0xf0a19cbb},
    {0x3d39, 0xf0a19cbc},
    {0x3c6e, 0xf0a19d97},
    {0x4917, 0xf0a19dac},
    {0x3f41, 0xf0a19dad},
    {0x3b2c, 0xf0a19dae},
    {0x3a0d, 0xf0a19daf},
    {0x418b, 0xf0a19db0},
    {0x413f, 0xf0a19db1},
    {0x37ba, 0xf0a19db3},
    {0x397d, 0xf0a19db4},
    {0x3a41, 0xf0a19eab},
    {0x3b47, 0xf0a19eb0},
    {0x3e0b, 0xf0a19eb1},
    {0x40f3, 0xf0a19eb2},
    {0x3d32, 0xf0a19eb3},
    {0x37c4, 0xf0a19eb4},
    {0x3c85, 0xf0a19eb5},
    {0x4810, 0xf0a19f83},
    {0x4811, 0xf0a19f87},
    {0x3cb0, 0xf0a19f99},
    {0x3bc0, 0xf0a19f9a},
    {0x3d2f, 0xf0a19f9b},
    {0x40f0, 0xf0a19f9c},
    {0x46d6, 0xf0a19f9f},
    {0x3971, 0xf0a19faf},
    {0x48ce, 0xf0a19fb5},
    {0x48da, 0xf0a19fb6},
    {0x3978, 0xf0a19fb8},
    {0x3775, 0xf0a19fb9},
    {0x3cce, 0xf0a19fba},
    {0x40f2, 0xf0a19fbb},
    {0x4194, 0xf0a19fbc},
    {0x3e0e, 0xf0a1a0a0},
    {0x40f6, 0xf0a1a0a8},
    {0x41ac, 0xf0a1a0a9},
    {0x3a83, 0xf0a1a0aa},
    {0x4813, 0xf0a1a0ad},
    {0x397b, 0xf0a1a0b9},
    {0x4615, 0xf0a1a0ba},
    {0x4928, 0xf0a1a0bb},
    {0x3b83, 0xf0a1a180},
    {0x3bab, 0xf0a1a185},
    {0x3cd2, 0xf0a1a192},
    {0x37ab, 0xf0a1a19e},
    {0x3a16, 0xf0a1a1a1},
    {0x3ce3, 0xf0a1a1a2},
    {0x3918, 0xf0a1a1a3},
    {0x3afc, 0xf0a1a1a4},
    {0x494f, 0xf0a1a1b7},
    {0x48db, 0xf0a1a1bb},
    {0x3cda, 0xf0a1a283},
    {0x39d8, 0xf0a1a284},
    {0x3976, 0xf0a1a285},
    {0x42b4, 0xf0a1a29e},
    {0x3ca7, 0xf0a1a29f},
    {0x3a35, 0xf0a1a2a0},
    {0x3b85, 0xf0a1a2a1},
    {0x3807, 0xf0a1a2a2},
    {0x3973, 0xf0a1a2be},
    {0x3cd9, 0xf0a1a2bf},
    {0x397e, 0xf0a1a391},
    {0x3c91, 0xf0a1a396},
    {0x40b1, 0xf0a1a397},
    {0x3b87, 0xf0a1a398},
    {0x3a75, 0xf0a1a399},
    {0x395d, 0xf0a1a3ba},
    {0x3d35, 0xf0a1a485},
    {0x3850, 0xf0a1a490},
    {0x4105, 0xf0a1a491},
    {0x3aa8, 0xf0a1a492},
    {0x38be, 0xf0a1a495},
    {0x3dd8, 0xf0a1a49c},
    {0x399b, 0xf0a1a4a2},
    {0x3a40, 0xf0a1a4a7},
    {0x392c, 0xf0a1a4bb},
    {0x4936, 0xf0a1a584},
    {0x4201, 0xf0a1a598},
    {0x4814, 0xf0a1a5aa},
    {0x3a2e, 0xf0a1a5bc},
    {0x49b8, 0xf0a1a680},
    {0x4043, 0xf0a1a683},
    {0x42b6, 0xf0a1a688},
    {0x3a2d, 0xf0a1a696},
    {0x4017, 0xf0a1a79b},
    {0x3a15, 0xf0a1a7b3},
    {0x4815, 0xf0a1a8ad},
    {0x4112, 0xf0a1a8b4},
    {0x4816, 0xf0a1a985},
    {0x42ba, 0xf0a1a98b},
    {0x4a36, 0xf0a1a9a3},
    {0x4119, 0xf0a1ad84},
    {0x44e1, 0xf0a1af81},
    {0x47cc, 0xf0a1af82},
    {0x4817, 0xf0a1b0aa},
    {0x4818, 0xf0a1b1b0},
    {0x48f5, 0xf0a1b2a2},
    {0x411d, 0xf0a1b2a5},
    {0x4819, 0xf0a1b2ac},
    {0x492c, 0xf0a1b586},
    {0x4a91, 0xf0a1b593},
    {0x4a42, 0xf0a1b59e},
    {0x3dcf, 0xf0a1b690},
    {0x49d9, 0xf0a1b6b6},
    {0x3a3b, 0xf0a1b6ba},
    {0x458a, 0xf0a1b78a},
    {0x3f0e, 0xf0a1b791},
    {0x3a8f, 0xf0a1b7ab},
    {0x4125, 0xf0a1b7b9},
    {0x42dd, 0xf0a1b89c},
    {0x4a63, 0xf0a1b8a3},
    {0x4126, 0xf0a1b8b7},
    {0x4955, 0xf0a1b8bd},
    {0x3887, 0xf0a1ba89},
    {0x412a, 0xf0a1baa4},
    {0x3db0, 0xf0a1baa8},
    {0x481a, 0xf0a1bb88},
    {0x481b, 0xf0a1bb95},
    {0x3f0b, 0xf0a1bc8f},
    {0x481c, 0xf0a1bc95},
    {0x415b, 0xf0a1bdaa},
    {0x46e0, 0xf0a1be9e},
    {0x3e42, 0xf0a1bea1},
    {0x44d5, 0xf0a1bfa8},
    {0x481e, 0xf0a28185},
    {0x4130, 0xf0a28189},
    {0x49c9, 0xf0a281be},
    {0x3da6, 0xf0a2829a},
    {0x437b, 0xf0a28387},
    {0x403e, 0xf0a283bc},
    {0x41ef, 0xf0a284aa},
    {0x46b8, 0xf0a2859b},
    {0x4131, 0xf0a285b3},
    {0x3e02, 0xf0a285ba},
    {0x45be, 0xf0a286a1},
    {0x4a72, 0xf0a28781},
    {0x3db7, 0xf0a28783},
    {0x4387, 0xf0a28888},
    {0x4821, 0xf0a289bc},
    {0x3bbc, 0xf0a28ca1},
    {0x3873, 0xf0a28ca5},
    {0x3d13, 0xf0a28ebd},
    {0x4150, 0xf0a28f90},
    {0x4822, 0xf0a28f97},
    {0x4823, 0xf0a28fba},
    {0x4908, 0xf0a291a5},
    {0x4151, 0xf0a291b1},
    {0x4209, 0xf0a2928b},
    {0x421b, 0xf0a29291},
    {0x48c8, 0xf0a292b0},
    {0x4ac5, 0xf0a292bc},
    {0x4ac7, 0xf0a29381},
    {0x4ac8, 0xf0a29389},
    {0x4ac9, 0xf0a2938c},
    {0x4023, 0xf0a293ad},
    {0x4029, 0xf0a29493},
    {0x3fa6, 0xf0a2949b},
    {0x4040, 0xf0a294b0},
    {0x4104, 0xf0a29594},
    {0x3dff, 0xf0a2968d},
    {0x3a4c, 0xf0a296af},
    {0x3a4d, 0xf0a296be},
    {0x3a53, 0xf0a2989b},
    {0x42f8, 0xf0a2989c},
    {0x3a49, 0xf0a298ab},
    {0x415d, 0xf0a299a8},
    {0x46b4, 0xf0a299ba},
    {0x45d8, 0xf0a29a96},
    {0x40a9, 0xf0a29a98},
    {0x48eb, 0xf0a29bb4},
    {0x3b35, 0xf0a29bb5},
    {0x37a5, 0xf0a29bb6},
    {0x49dd, 0xf0a29c92},
    {0x379a, 0xf0a29c94},
    {0x3ddd, 0xf0a29c9b},
    {0x3c2c, 0xf0a29c9f},
    {0x4824, 0xf0a29caa},
    {0x4369, 0xf0a29db5},
    {0x3c33, 0xf0a29e81},
    {0x4a55, 0xf0a29e96},
    {0x4167, 0xf0a29eb4},
    {0x45f8, 0xf0a29eb5},
    {0x41fd, 0xf0a29f8d},
    {0x45c6, 0xf0a2a083},
    {0x417d, 0xf0a2a19f},
    {0x3a48, 0xf0a2a1a0},
    {0x4825, 0xf0a2a1b1},
    {0x42a1, 0xf0a2a2ad},
    {0x4184, 0xf0a2a381},
    {0x41c2, 0xf0a2a3b7},
    {0x3e09, 0xf0a2a4a6},
    {0x45c7, 0xf0a2a4b9},
    {0x4826, 0xf0a2a58f},
    {0x4827, 0xf0a2a5a7},
    {0x3c34, 0xf0a2a5ab},
    {0x4183, 0xf0a2a680},
    {0x4828, 0xf0a2a693},
    {0x4362, 0xf0a2a9a6},
    {0x4371, 0xf0a2ab8f},
    {0x4829, 0xf0a2ab95},
    {0x458c, 0xf0a2aba6},
    {0x482a, 0xf0a2aba8},
    {0x482b, 0xf0a2ac8e},
    {0x3a5f, 0xf0a2aca2},
    {0x482c, 0xf0a2acbf},
    {0x3ea0, 0xf0a2ad83},
    {0x3a5d, 0xf0a2adaa},
    {0x4343, 0xf0a2af8a},
    {0x438d, 0xf0a2af8e},
    {0x3c97, 0xf0a2b0a6},
    {0x380e, 0xf0a2b0a7},
    {0x4318, 0xf0a2b0b8},
    {0x482d, 0xf0a2b18c},
    {0x438e, 0xf0a2b191},
    {0x45de, 0xf0a2b195},
    {0x3e90, 0xf0a2b1a2},
    {0x482e, 0xf0a2b288},
    {0x3a57, 0xf0a2b29b},
    {0x3a6a, 0xf0a2b2a1},
    {0x4328, 0xf0a2b2a9},
    {0x437e, 0xf0a2b2b2},
    {0x482f, 0xf0a2b2b7},
    {0x4331, 0xf0a2b382},
    {0x430f, 0xf0a2b386},
    {0x45c1, 0xf0a2b389},
    {0x3a58, 0xf0a2b487},
    {0x4831, 0xf0a2b488},
    {0x4832, 0xf0a2b492},
    {0x433a, 0xf0a2b584},
    {0x45bb, 0xf0a2b58c},
    {0x3a68, 0xf0a2b5a7},
    {0x4356, 0xf0a2b68d},
    {0x4834, 0xf0a2b695},
    {0x48f8, 0xf0a2b6a0},
    {0x4095, 0xf0a2b6a3},
    {0x4602, 0xf0a2b6a4},
    {0x4833, 0xf0a2b6b7},
    {0x45e8, 0xf0a2b7ae},
    {0x418d, 0xf0a2b88d},
    {0x4196, 0xf0a2b8b6},
    {0x4835, 0xf0a2b982},
    {0x3a62, 0xf0a2b9b8},
    {0x4386, 0xf0a2ba8b},
    {0x3ea2, 0xf0a2bab3},
    {0x46a4, 0xf0a2bbaf},
    {0x4836, 0xf0a2bdb4},
    {0x4837, 0xf0a2bf8c},
    {0x3d11, 0xf0a2bfa3},
    {0x4838, 0xf0a380b3},
    {0x4280, 0xf0a38184},
    {0x4236, 0xf0a3818b},
    {0x4839, 0xf0a381a6},
    {0x3913, 0xf0a381bd},
    {0x4954, 0xf0a381be},
    {0x3a6f, 0xf0a3828e},
    {0x38d2, 0xf0a382b7},
    {0x38d3, 0xf0a382bc},
    {0x4912, 0xf0a3839a},
    {0x3a82, 0xf0a38483},
    {0x4625, 0xf0a384bd},
    {0x37c6, 0xf0a385bd},
    {0x3a87, 0xf0a38682},
    {0x3a79, 0xf0a386b3},
    {0x41bf, 0xf0a38788},
    {0x3c6f, 0xf0a38789},
    {0x4a9b, 0xf0a387aa},
    {0x421a, 0xf0a387b9},
    {0x3a86, 0xf0a3888f},
    {0x3bdd, 0xf0a388a5},
    {0x3e33, 0xf0a388af},
    {0x41bd, 0xf0a388b1},
    {0x3b01, 0xf0a388b2},
    {0x4042, 0xf0a388b3},
    {0x3a84, 0xf0a388b4},
    {0x4a54, 0xf0a38996},
    {0x4a9d, 0xf0a3899e},
    {0x3870, 0xf0a389a2},
    {0x49b5, 0xf0a38a81},
    {0x3a78, 0xf0a38a89},
    {0x40b9, 0xf0a38a8a},
    {0x3a72, 0xf0a38aab},
    {0x42e4, 0xf0a38aac},
    {0x3a70, 0xf0a38aad},
    {0x3a91, 0xf0a38b92},
    {0x3a74, 0xf0a38ba0},
    {0x3a92, 0xf0a38ba1},
    {0x3d5b, 0xf0a38c80},
    {0x38bf, 0xf0a38c8a},
    {0x483a, 0xf0a38c9f},
    {0x403b, 0xf0a38eb4},
    {0x3dcb, 0xf0a38f8c},
    {0x483b, 0xf0a38f9e},
    {0x41d4, 0xf0a38fa6},
    {0x45db, 0xf0a38fb4},
    {0x492a, 0xf0a38fb5},
    {0x49df, 0xf0a38fb9},
    {0x3d1c, 0xf0a38fba},
    {0x3a9a, 0xf0a38fbe},
    {0x41b0, 0xf0a39080},
    {0x3b69, 0xf0a390bf},
    {0x3a60, 0xf0a39190},
    {0x41d7, 0xf0a391af},
    {0x3a3c, 0xf0a391b2},
    {0x3d17, 0xf0a393a5},
    {0x3df8, 0xf0a39499},
    {0x37b9, 0xf0a394b0},
    {0x4a5d, 0xf0a39591},
    {0x37c7, 0xf0a3959a},
    {0x483c, 0xf0a395a7},
    {0x39d4, 0xf0a39695},
    {0x3974, 0xf0a39699},
    {0x3c5b, 0xf0a3969c},
    {0x4acc, 0xf0a396bb},
    {0x41dd, 0xf0a3978d},
    {0x37cf, 0xf0a3978e},
    {0x3b5a, 0xf0a3978f},
    {0x483d, 0xf0a397b3},
    {0x4027, 0xf0a39880},
    {0x4a26, 0xf0a39897},
    {0x483e, 0xf0a3989a},
    {0x41e1, 0xf0a398bc},
    {0x3c5c, 0xf0a39980},
    {0x41ee, 0xf0a39999},
    {0x3ad3, 0xf0a3999f},
    {0x493c, 0xf0a399b7},
    {0x4abb, 0xf0a39a8e},
    {0x4a92, 0xf0a39a9e},
    {0x3989, 0xf0a39aa6},
    {0x3d1f, 0xf0a39aad},
    {0x48e3, 0xf0a39aba},
    {0x3d19, 0xf0a39b9f},
    {0x3993, 0xf0a39bae},
    {0x41f1, 0xf0a39c83},
    {0x483f, 0xf0a39c96},
    {0x490f, 0xf0a39ca0},
    {0x4057, 0xf0a39cad},
    {0x3e1a, 0xf0a39caf},
    {0x399e, 0xf0a39cbf},
    {0x378c, 0xf0a39da6},
    {0x3b06, 0xf0a39e81},
    {0x3a99, 0xf0a39ea2},
    {0x3a97, 0xf0a39ebc},
    {0x41c8, 0xf0a39f82},
    {0x3aa2, 0xf0a39f95},
    {0x3d1b, 0xf0a39f96},
    {0x3c58, 0xf0a39f97},
    {0x3a96, 0xf0a3a0ba},
    {0x4375, 0xf0a3a782},
    {0x4841, 0xf0a3aaa7},
    {0x41ff, 0xf0a3ab9b},
    {0x3a2f, 0xf0a3abae},
    {0x46da, 0xf0a3abba},
    {0x4a59, 0xf0a3ac9a},
    {0x4204, 0xf0a3ad9a},
    {0x49e2, 0xf0a3b1a3},
    {0x4047, 0xf0a3b299},
    {0x3ab0, 0xf0a3b29a},
    {0x388e, 0xf0a3b29b},
    {0x46a5, 0xf0a3b2b5},
    {0x3e5b, 0xf0a3b2b7},
    {0x4932, 0xf0a3b387},
    {0x4019, 0xf0a3b388},
    {0x4215, 0xf0a3b389},
    {0x48f2, 0xf0a3b3bc},
    {0x4920, 0xf0a3b3bd},
    {0x4909, 0xf0a3b3be},
    {0x3db2, 0xf0a3b3bf},
    {0x3e6b, 0xf0a3b580},
    {0x3cde, 0xf0a3b59b},
    {0x37b2, 0xf0a3b5be},
    {0x3b8a, 0xf0a3b68f},
    {0x490d, 0xf0a3b6b6},
    {0x3c9a, 0xf0a3b6b7},
    {0x3c2d, 0xf0a3b6b8},
    {0x3819, 0xf0a3b6b9},
    {0x3b2b, 0xf0a3b6ba},
    {0x386e, 0xf0a3b6bb},
    {0x420f, 0xf0a3b6bc},
    {0x4211, 0xf0a3b6bd},
    {0x379d, 0xf0a3b7a3},
    {0x37bb, 0xf0a3b7b8},
    {0x4a37, 0xf0a3b886},
    {0x4842, 0xf0a3b891},
    {0x4911, 0xf0a3b8ac},
    {0x3cf9, 0xf0a3b8ad},
    {0x38a9, 0xf0a3b8ae},
    {0x4230, 0xf0a3b8af},
    {0x423a, 0xf0a3b8b0},
    {0x398e, 0xf0a3b8b1},
    {0x39d5, 0xf0a3b8b9},
    {0x48d8, 0xf0a3ba88},
    {0x39d9, 0xf0a3ba89},
    {0x39ca, 0xf0a3ba8a},
    {0x37cb, 0xf0a3ba8b},
    {0x4843, 0xf0a3bab9},
    {0x39d6, 0xf0a3babf},
    {0x372b, 0xf0a3bb97},
    {0x4910, 0xf0a3bbb7},
    {0x3ad2, 0xf0a3bbb8},
    {0x3d43, 0xf0a3bbb9},
    {0x3b20, 0xf0a3bbba},
    {0x3990, 0xf0a3bbbb},
    {0x4206, 0xf0a3bbbc},
    {0x3adb, 0xf0a3bcb5},
    {0x4686, 0xf0a3bd81},
    {0x3dc1, 0xf0a3bd8a},
    {0x4a38, 0xf0a3bda1},
    {0x3abc, 0xf0a3bdbf},
    {0x406a, 0xf0a3be80},
    {0x3e3f, 0xf0a3be81},
    {0x4232, 0xf0a3be82},
    {0x46ab, 0xf0a3be8f},
    {0x424d, 0xf0a3beb4},
    {0x417c, 0xf0a3beb7},
    {0x3aaf, 0xf0a3bf80},
    {0x400e, 0xf0a3bf85},
    {0x4094, 0xf0a3bfab},
    {0x406c, 0xf0a3bfac},
    {0x3cf8, 0xf0a3bfad},
    {0x3be5, 0xf0a3bfae},
    {0x3ddb, 0xf0a3bfaf},
    {0x424c, 0xf0a3bfb0},
    {0x3ffd, 0xf0a48091},
    {0x424b, 0xf0a480b9},
    {0x40b2, 0xf0a480ba},
    {0x3daa, 0xf0a480bb},
    {0x3abf, 0xf0a480bc},
    {0x423d, 0xf0a480bd},
    {0x3770, 0xf0a48197},
    {0x4226, 0xf0a48285},
    {0x39a0, 0xf0a4828b},
    {0x4953, 0xf0a4828c},
    {0x39f9, 0xf0a4828d},
    {0x4249, 0xf0a48291},
    {0x39fd, 0xf0a48389},
    {0x399f, 0xf0a483a1},
    {0x4a62, 0xf0a483ac},
    {0x3c43, 0xf0a48484},
    {0x39a1, 0xf0a4848f},
    {0x4844, 0xf0a48499},
    {0x424e, 0xf0a484bf},
    {0x4252, 0xf0a48580},
    {0x4247, 0xf0a48584},
    {0x49a7, 0xf0a4858e},
    {0x424a, 0xf0a48595},
    {0x38ec, 0xf0a4859c},
    {0x42af, 0xf0a4859f},
    {0x4a99, 0xf0a485a1},
    {0x4616, 0xf0a485b7},
    {0x3e24, 0xf0a485ba},
    {0x48ed, 0xf0a486a3},
    {0x4212, 0xf0a486a4},
    {0x40c9, 0xf0a486a5},
    {0x3c80, 0xf0a486ac},
    {0x3c78, 0xf0a486b5},
    {0x41cc, 0xf0a4878d},
    {0x4292, 0xf0a487a2},
    {0x3d36, 0xf0a487bc},
    {0x3bfa, 0xf0a4889b},
    {0x46b6, 0xf0a4898b},
    {0x3d51, 0xf0a48996},
    {0x3d48, 0xf0a48999},
    {0x3ac7, 0xf0a489b6},
    {0x4260, 0xf0a489b7},
    {0x40e0, 0xf0a489b8},
    {0x3ba7, 0xf0a48a84},
    {0x3d41, 0xf0a48a93},
    {0x3a17, 0xf0a48a95},
    {0x3d3e, 0xf0a48aa5},
    {0x4a25, 0xf0a48abf},
    {0x4269, 0xf0a48b81},
    {0x3a88, 0xf0a48b89},
    {0x3d46, 0xf0a48b8a},
    {0x4845, 0xf0a48bae},
    {0x3c96, 0xf0a48bba},
    {0x4846, 0xf0a48c8d},
    {0x3ac6, 0xf0a48c9a},
    {0x4847, 0xf0a48cb4},
    {0x3959, 0xf0a48d88},
    {0x3d0f, 0xf0a48da2},
    {0x40d3, 0xf0a48da3},
    {0x3938, 0xf0a48da4},
    {0x4266, 0xf0a48da5},
    {0x39eb, 0xf0a48e8c},
    {0x4848, 0xf0a48e96},
    {0x41c5, 0xf0a48e9c},
    {0x3d4f, 0xf0a48ebd},
    {0x3c98, 0xf0a48f81},
    {0x3d55, 0xf0a48fa9},
    {0x3bdb, 0xf0a48faa},
    {0x3ef7, 0xf0a48fb2},
    {0x396f, 0xf0a48fb8},
    {0x4849, 0xf0a49084},
    {0x40b4, 0xf0a490b5},
    {0x39b0, 0xf0a490b6},
    {0x426b, 0xf0a4919a},
    {0x3d45, 0xf0a4919b},
    {0x396e, 0xf0a491b3},
    {0x3aa3, 0xf0a49287},
    {0x3c8b, 0xf0a49288},
    {0x3968, 0xf0a492b9},
    {0x4139, 0xf0a492bc},
    {0x3d4d, 0xf0a4938e},
    {0x432a, 0xf0a49393},
    {0x484a, 0xf0a49396},
    {0x49e5, 0xf0a49485},
    {0x3de4, 0xf0a494a1},
    {0x375f, 0xf0a495b8},
    {0x4358, 0xf0a49788},
    {0x3ecf, 0xf0a49898},
    {0x3a9d, 0xf0a498aa},
    {0x3a5c, 0xf0a499a5},
    {0x484c, 0xf0a499b4},
    {0x3b05, 0xf0a49a97},
    {0x3a59, 0xf0a49b94},
    {0x48e8, 0xf0a49c86},
    {0x3acd, 0xf0a49ca5},
    {0x484d, 0xf0a49caf},
    {0x3acc, 0xf0a49e8f},
    {0x3ec2, 0xf0a49fa0},
    {0x43cb, 0xf0a49faf},
    {0x484e, 0xf0a4a092},
    {0x4286, 0xf0a4a0a3},
    {0x375d, 0xf0a4a282},
    {0x44f5, 0xf0a4a3a9},
    {0x3b08, 0xf0a4a3b0},
    {0x420a, 0xf0a4a3b1},
    {0x46ef, 0xf0a4a3b2},
    {0x3af7, 0xf0a4a3b3},
    {0x484f, 0xf0a4a3bb},
    {0x3bd9, 0xf0a4a3bf},
    {0x4214, 0xf0a4a480},
    {0x412f, 0xf0a4a481},
    {0x4213, 0xf0a4a48c},
    {0x3cb6, 0xf0a4a496},
    {0x3ad5, 0xf0a4a497},
    {0x4921, 0xf0a4a499},
    {0x3bc3, 0xf0a4a4af},
    {0x401d, 0xf0a4a4b3},
    {0x3de6, 0xf0a4a4b4},
    {0x491c, 0xf0a4a4be},
    {0x3dc8, 0xf0a4a4bf},
    {0x41a8, 0xf0a4a580},
    {0x3c70, 0xf0a4a581},
    {0x4014, 0xf0a4a582},
    {0x3cc6, 0xf0a4a583},
    {0x46c7, 0xf0a4a5a2},
    {0x4915, 0xf0a4a5a3},
    {0x427b, 0xf0a4a5b4},
    {0x3955, 0xf0a4a5b5},
    {0x3cb8, 0xf0a4a5b6},
    {0x4a08, 0xf0a4a5bb},
    {0x4225, 0xf0a4a5bf},
    {0x416d, 0xf0a4a682},
    {0x3e3a, 0xf0a4a688},
    {0x3a71, 0xf0a4a689},
    {0x3859, 0xf0a4a68a},
    {0x3ca0, 0xf0a4a68b},
    {0x3b29, 0xf0a4a68c},
    {0x4298, 0xf0a4a68d},
    {0x3af1, 0xf0a4a68e},
    {0x416e, 0xf0a4a68f},
    {0x398c, 0xf0a4a694},
    {0x4038, 0xf0a4a6a4},
    {0x37b8, 0xf0a4a6a7},
    {0x40fd, 0xf0a4a6a9},
    {0x3af0, 0xf0a4a6ab},
    {0x39ed, 0xf0a4a6ac},
    {0x3cd7, 0xf0a4a6ad},
    {0x4297, 0xf0a4a6b7},
    {0x3c29, 0xf0a4a6b8},
    {0x3c9f, 0xf0a4a6b9},
    {0x3d9d, 0xf0a4a6ba},
    {0x3956, 0xf0a4a6bb},
    {0x3af6, 0xf0a4a785},
    {0x3e04, 0xf0a4a790},
    {0x4614, 0xf0a4a79a},
    {0x3c5d, 0xf0a4a79e},
    {0x418f, 0xf0a4a79f},
    {0x3a67, 0xf0a4a7a3},
    {0x3cb4, 0xf0a4a7a5},
    {0x46c4, 0xf0a4a7ac},
    {0x3be3, 0xf0a4a7ad},
    {0x3dda, 0xf0a4a7b6},
    {0x3b6a, 0xf0a4a7b7},
    {0x3958, 0xf0a4a7b8},
    {0x3b46, 0xf0a4a7b9},
    {0x4299, 0xf0a4a7bb},
    {0x39c9, 0xf0a4a88e},
    {0x495e, 0xf0a4a892},
    {0x49e8, 0xf0a4a893},
    {0x4850, 0xf0a4a895},
    {0x41c6, 0xf0a4a8a1},
    {0x426d, 0xf0a4a8a2},
    {0x41a2, 0xf0a4a8a3},
    {0x4294, 0xf0a4a8a4},
    {0x3983, 0xf0a4a8a5},
    {0x429d, 0xf0a4a8a6},
    {0x426c, 0xf0a4a8a7},
    {0x41a1, 0xf0a4a8a8},
    {0x38fb, 0xf0a4a8a9},
    {0x3e0d, 0xf0a4a8aa},
    {0x3cae, 0xf0a4a8be},
    {0x3bda, 0xf0a4a982},
    {0x3dab, 0xf0a4a985},
    {0x3ad4, 0xf0a4a98a},
    {0x3af4, 0xf0a4a98e},
    {0x46d1, 0xf0a4a98f},
    {0x3cd1, 0xf0a4a990},
    {0x395a, 0xf0a4a991},
    {0x46d5, 0xf0a4a99d},
    {0x37ad, 0xf0a4a9a5},
    {0x3cb1, 0xf0a4a9a6},
    {0x3c09, 0xf0a4a9a7},
    {0x3d10, 0xf0a4a9b1},
    {0x4925, 0xf0a4a9b7},
    {0x3be4, 0xf0a4a9b8},
    {0x42b0, 0xf0a4a9b9},
    {0x383e, 0xf0a4a9ba},
    {0x42ae, 0xf0a4aa8c},
    {0x48ca, 0xf0a4aa93},
    {0x3caf, 0xf0a4aa94},
    {0x37ae, 0xf0a4aa95},
    {0x3b0f, 0xf0a4aa96},
    {0x3acf, 0xf0a4aaa4},
    {0x3e3e, 0xf0a4aaa5},
    {0x4050, 0xf0a4aaa6},
    {0x3dc2, 0xf0a4aaa7},
    {0x4028, 0xf0a4aab1},
    {0x3c01, 0xf0a4aab2},
    {0x3ca9, 0xf0a4aab3},
    {0x3b0c, 0xf0a4aaba},
    {0x3f9d, 0xf0a4aabb},
    {0x39f8, 0xf0a4aabc},
    {0x4851, 0xf0a4ab80},
    {0x3b0d, 0xf0a4ab87},
    {0x48ad, 0xf0a4ab8a},
    {0x38bd, 0xf0a4ab91},
    {0x3ad9, 0xf0a4ab9f},
    {0x491a, 0xf0a4aba2},
    {0x38c6, 0xf0a4aba9},
    {0x4a8b, 0xf0a4ac8f},
    {0x4904, 0xf0a4adae},
    {0x40d5, 0xf0a4afb5},
    {0x3bb6, 0xf0a4b089},
    {0x48d9, 0xf0a4b29e},
    {0x3d1d, 0xf0a4b29f},
    {0x46ad, 0xf0a4b389},
    {0x3ae7, 0xf0a4b399},
    {0x3ae8, 0xf0a4b486},
    {0x42c4, 0xf0a4b493},
    {0x4313, 0xf0a4b6b8},
    {0x431d, 0xf0a4b7aa},
    {0x45f4, 0xf0a4b7ab},
    {0x4382, 0xf0a4b8bb},
    {0x4601, 0xf0a4b990},
    {0x43d0, 0xf0a4baa5},
    {0x4330, 0xf0a4baa7},
    {0x493f, 0xf0a4bc8e},
    {0x43d4, 0xf0a4bd9c},
    {0x42c2, 0xf0a4be82},
    {0x4853, 0xf0a4be86},
    {0x3c83, 0xf0a4be97},
    {0x3dd3, 0xf0a4be9a},
    {0x490b, 0xf0a4bea9},
    {0x46a0, 0xf0a4beb8},
    {0x48f6, 0xf0a4bf82},
    {0x4854, 0xf0a580ac},
    {0x434b, 0xf0a58192},
    {0x42db, 0xf0a5829d},
    {0x430d, 0xf0a584ab},
    {0x48e4, 0xf0a58588},
    {0x42dc, 0xf0a585bd},
    {0x460e, 0xf0a585be},
    {0x49ab, 0xf0a5878d},
    {0x45c9, 0xf0a587a3},
    {0x41ba, 0xf0a587a6},
    {0x3aff, 0xf0a587a7},
    {0x42e2, 0xf0a588a0},
    {0x3afe, 0xf0a588a1},
    {0x415a, 0xf0a58990},
    {0x4856, 0xf0a58a99},
    {0x4337, 0xf0a58b87},
    {0x4612, 0xf0a58b98},
    {0x3749, 0xf0a58c8e},
    {0x48dd, 0xf0a58c91},
    {0x41c0, 0xf0a58c93},
    {0x4857, 0xf0a59099},
    {0x3a80, 0xf0a590a5},
    {0x3977, 0xf0a590af},
    {0x3838, 0xf0a590b0},
    {0x4858, 0xf0a59186},
    {0x38db, 0xf0a591ac},
    {0x4859, 0xf0a591ae},
    {0x4a83, 0xf0a5929a},
    {0x4935, 0xf0a594b1},
    {0x4719, 0xf0a594b5},
    {0x485a, 0xf0a594bf},
    {0x3a7f, 0xf0a5959b},
    {0x398f, 0xf0a5959c},
    {0x3c69, 0xf0a5959d},
    {0x485b, 0xf0a5959e},
    {0x485c, 0xf0a595a2},
    {0x3839, 0xf0a595a5},
    {0x485d, 0xf0a595a6},
    {0x3b12, 0xf0a59681},
    {0x3a7b, 0xf0a59684},
    {0x3a7d, 0xf0a5968f},
    {0x388c, 0xf0a596b9},
    {0x3cc2, 0xf0a59795},
    {0x3890, 0xf0a5979b},
    {0x42f1, 0xf0a597a0},
    {0x4278, 0xf0a59885},
    {0x48d3, 0xf0a598b5},
    {0x39b6, 0xf0a59991},
    {0x3b95, 0xf0a59a83},
    {0x49ed, 0xf0a59a95},
    {0x3b1a, 0xf0a59ba3},
    {0x3d5e, 0xf0a59bb6},
    {0x38ed, 0xf0a59c86},
    {0x4198, 0xf0a59c9d},
    {0x3904, 0xf0a59ca5},
    {0x461b, 0xf0a59cbd},
    {0x4088, 0xf0a59db2},
    {0x485e, 0xf0a59f87},
    {0x3bee, 0xf0a59f9f},
    {0x372f, 0xf0a59fa0},
    {0x3ddf, 0xf0a59fa1},
    {0x42fd, 0xf0a5a197},
    {0x485f, 0xf0a5a19d},
    {0x3a94, 0xf0a5a1b2},
    {0x3c1a, 0xf0a5a388},
    {0x4a95, 0xf0a5a39e},
    {0x3734, 0xf0a5a3a1},
    {0x4860, 0xf0a5a483},
    {0x3a14, 0xf0a5a586},
    {0x48d4, 0xf0a5a596},
    {0x3738, 0xf0a5a6ac},
    {0x4113, 0xf0a5a78c},
    {0x4a35, 0xf0a5a994},
    {0x4906, 0xf0a5aa95},
    {0x3b37, 0xf0a5aa9c},
    {0x4861, 0xf0a5aaae},
    {0x3b36, 0xf0a5aaaf},
    {0x3b61, 0xf0a5aba9},
    {0x4624, 0xf0a5adb4},
    {0x4862, 0xf0a5ae89},
    {0x3b42, 0xf0a5aeb3},
    {0x374e, 0xf0a5aeb4},
    {0x3b3c, 0xf0a5af86},
    {0x37df, 0xf0a5afa4},
    {0x4830, 0xf0a5afa8},
    {0x3745, 0xf0a5b081},
    {0x4863, 0xf0a5b086},
    {0x3f53, 0xf0a5b0a1},
    {0x48dc, 0xf0a5b18a},
    {0x469a, 0xf0a5b1a5},
    {0x37f0, 0xf0a5b291},
    {0x49ec, 0xf0a5b2a4},
    {0x37f2, 0xf0a5b380},
    {0x375a, 0xf0a5b381},
    {0x374a, 0xf0a5b3be},
    {0x3754, 0xf0a5b4a0},
    {0x49ad, 0xf0a5b4b0},
    {0x3b62, 0xf0a5b583},
    {0x4ac3, 0xf0a5b699},
    {0x4ab4, 0xf0a5b6b9},
    {0x3b64, 0xf0a5b88e},
    {0x437a, 0xf0a5b989},
    {0x48d6, 0xf0a5ba81},
    {0x3b54, 0xf0a5ba82},
    {0x3a1c, 0xf0a5ba83},
    {0x3b44, 0xf0a5baa6},
    {0x3b43, 0xf0a5babc},
    {0x4933, 0xf0a5bb97},
    {0x48df, 0xf0a5bb98},
    {0x3fd8, 0xf0a5bc9a},
    {0x397f, 0xf0a5bd8b},
    {0x3ad6, 0xf0a5bfa1},
    {0x3da4, 0xf0a5bfa2},
    {0x4a93, 0xf0a680a1},
    {0x3771, 0xf0a680a9},
    {0x3ec7, 0xf0a68188},
    {0x3c59, 0xf0a681a4},
    {0x4960, 0xf0a68283},
    {0x435a, 0xf0a68297},
    {0x3c9e, 0xf0a682a4},
    {0x45ba, 0xf0a682a5},
    {0x4866, 0xf0a68482},
    {0x3779, 0xf0a684a1},
    {0x4929, 0xf0a68599},
    {0x377a, 0xf0a6859a},
    {0x3c9d, 0xf0a6859b},
    {0x3b51, 0xf0a6859c},
    {0x493a, 0xf0a686ad},
    {0x3b10, 0xf0a686ae},
    {0x4867, 0xf0a686b2},
    {0x4253, 0xf0a6879d},
    {0x3e5c, 0xf0a68998},
    {0x3b50, 0xf0a689a1},
    {0x44fa, 0xf0a689aa},
    {0x4945, 0xf0a689ab},
    {0x3784, 0xf0a68b90},
    {0x3f05, 0xf0a68cb5},
    {0x44fc, 0xf0a68d8b},
    {0x4942, 0xf0a68d8c},
    {0x3787, 0xf0a68d91},
    {0x3bf4, 0xf0a68ebe},
    {0x42cf, 0xf0a68fb5},
    {0x3b5d, 0xf0a68fb8},
    {0x4868, 0xf0a69082},
    {0x38ba, 0xf0a69090},
    {0x3deb, 0xf0a69091},
    {0x3b5c, 0xf0a69092},
    {0x4869, 0xf0a6918a},
    {0x3df4, 0xf0a691a9},
    {0x486a, 0xf0a69284},
    {0x486b, 0xf0a69288},
    {0x378f, 0xf0a69289},
    {0x373e, 0xf0a6928d},
    {0x37a7, 0xf0a69298},
    {0x486c, 0xf0a69492},
    {0x45eb, 0xf0a695b2},
    {0x3b6d, 0xf0a696a0},
    {0x3b6b, 0xf0a696ad},
    {0x486d, 0xf0a696bf},
    {0x44ff, 0xf0a69892},
    {0x379c, 0xf0a698a6},
    {0x48d1, 0xf0a69aaf},
    {0x39a5, 0xf0a69ab1},
    {0x486e, 0xf0a69ab5},
    {0x4347, 0xf0a69b9a},
    {0x379e, 0xf0a69ba8},
    {0x4870, 0xf0a69bbc},
    {0x4348, 0xf0a69c96},
    {0x3c9b, 0xf0a69d81},
    {0x4872, 0xf0a69e99},
    {0x490e, 0xf0a69eb3},
    {0x3b77, 0xf0a69eb4},
    {0x3fea, 0xf0a69f8c},
    {0x45c4, 0xf0a6a09c},
    {0x493e, 0xf0a6a186},
    {0x4874, 0xf0a6a19e},
    {0x4873, 0xf0a6a1ae},
    {0x414f, 0xf0a6a288},
    {0x3eac, 0xf0a6a28a},
    {0x48ea, 0xf0a6a293},
    {0x4875, 0xf0a6a387},
    {0x42d4, 0xf0a6a48e},
    {0x42d3, 0xf0a6a491},
    {0x4876, 0xf0a6a4a6},
    {0x4877, 0xf0a6a4b9},
    {0x4500, 0xf0a6a591},
    {0x46b5, 0xf0a6a6a8},
    {0x3e31, 0xf0a6a6b5},
    {0x431c, 0xf0a6a7b2},
    {0x4878, 0xf0a6a7ba},
    {0x4879, 0xf0a6a8ad},
    {0x428f, 0xf0a6a8ae},
    {0x487a, 0xf0a6a8b4},
    {0x3b79, 0xf0a6a982},
    {0x3b7c, 0xf0a6a991},
    {0x37b1, 0xf0a6a992},
    {0x37cd, 0xf0a6ac85},
    {0x46a2, 0xf0a6ac8a},
    {0x4065, 0xf0a6ac93},
    {0x4a0e, 0xf0a6ac95},
    {0x4a33, 0xf0a6aca3},
    {0x411e, 0xf0a6aca8},
    {0x45e1, 0xf0a6ad90},
    {0x420b, 0xf0a6ad91},
    {0x3dc4, 0xf0a6ad92},
    {0x409e, 0xf0a6ad93},
    {0x487b, 0xf0a6ad9b},
    {0x3b56, 0xf0a6adb5},
    {0x3c4f, 0xf0a6ae82},
    {0x37e7, 0xf0a6ae96},
    {0x37ce, 0xf0a6ae97},
    {0x487c, 0xf0a6ae9d},
    {0x4020, 0xf0a6aeb3},
    {0x3d09, 0xf0a6af80},
    {0x3dd6, 0xf0a6afb7},
    {0x39a2, 0xf0a6b0a1},
    {0x3c82, 0xf0a6b180},
    {0x4a68, 0xf0a6b181},
    {0x4a7d, 0xf0a6b186},
    {0x40ce, 0xf0a6b1be},
    {0x374f, 0xf0a6b1bf},
    {0x3d2d, 0xf0a6b280},
    {0x40ee, 0xf0a6b281},
    {0x3d26, 0xf0a6b282},
    {0x487d, 0xf0a6b2a4},
    {0x3d20, 0xf0a6b2b7},
    {0x38b8, 0xf0a6b2b8},
    {0x3de9, 0xf0a6b2bd},
    {0x3c94, 0xf0a6b380},
    {0x3796, 0xf0a6b383},
    {0x3b70, 0xf0a6b391},
    {0x4919, 0xf0a6b4a2},
    {0x491e, 0xf0a6b4a3},
    {0x3a8a, 0xf0a6b4a4},
    {0x421e, 0xf0a6b4a5},
    {0x3d24, 0xf0a6b4a6},
    {0x38f3, 0xf0a6b4a7},
    {0x3d4b, 0xf0a6b4a8},
    {0x4025, 0xf0a6b4a9},
    {0x40ef, 0xf0a6b4aa},
    {0x3d25, 0xf0a6b591},
    {0x4a0c, 0xf0a6b5b4},
    {0x41d5, 0xf0a6b6a0},
    {0x421f, 0xf0a6b6a1},
    {0x3944, 0xf0a6b6a2},
    {0x37cc, 0xf0a6b6a3},
    {0x3c52, 0xf0a6b6a4},
    {0x37d5, 0xf0a6b6a5},
    {0x40f4, 0xf0a6b6a6},
    {0x3b7e, 0xf0a6b6a7},
    {0x487e, 0xf0a6b6ae},
    {0x4938, 0xf0a6b79c},
    {0x3ae3, 0xf0a6b7aa},
    {0x4220, 0xf0a6b7ab},
    {0x3c54, 0xf0a6b7b0},
    {0x3c57, 0xf0a6b880},
    {0x3fa3, 0xf0a6b885},
    {0x3e2c, 0xf0a6b887},
    {0x3c4d, 0xf0a6b892},
    {0x37dd, 0xf0a6b982},
    {0x37e9, 0xf0a6b983},
    {0x3768, 0xf0a6b984},
    {0x40f9, 0xf0a6b985},
    {0x4153, 0xf0a6b9ae},
    {0x4227, 0xf0a6b9b2},
    {0x37e8, 0xf0a6b9b7},
    {0x3c53, 0xf0a6ba84},
    {0x4ac1, 0xf0a6ba88},
    {0x4a28, 0xf0a6ba8b},
    {0x46a6, 0xf0a6ba99},
    {0x48ef, 0xf0a6bb90},
    {0x492d, 0xf0a6bb91},
    {0x4176, 0xf0a6bb92},
    {0x372d, 0xf0a6bb93},
    {0x37d9, 0xf0a6bb94},
    {0x38b0, 0xf0a6bb95},
    {0x376a, 0xf0a6bb96},
    {0x3875, 0xf0a6bb97},
    {0x3995, 0xf0a6bca6},
    {0x3a4f, 0xf0a6bdb3},
    {0x4229, 0xf0a6bdb4},
    {0x42d9, 0xf0a6be9f},
    {0x4103, 0xf0a6bea1},
    {0x4a0f, 0xf0a6bebe},
    {0x3d27, 0xf0a6bf9e},
    {0x3c4e, 0xf0a6bf9f},
    {0x457d, 0xf0a7808e},
    {0x487f, 0xf0a7818b},
    {0x3991, 0xf0a78192},
    {0x3d2e, 0xf0a78193},
    {0x37ff, 0xf0a78288},
    {0x4939, 0xf0a782ad},
    {0x4916, 0xf0a782ae},
    {0x3e22, 0xf0a782af},
    {0x3802, 0xf0a7838d},
    {0x4a29, 0xf0a78392},
    {0x3803, 0xf0a783b0},
    {0x415c, 0xf0a783b8},
    {0x46cf, 0xf0a78489},
    {0x385c, 0xf0a7848c},
    {0x4a0a, 0xf0a7848d},
    {0x4303, 0xf0a784a6},
    {0x3b6f, 0xf0a784a7},
    {0x4918, 0xf0a785a4},
    {0x398d, 0xf0a785a5},
    {0x38e9, 0xf0a785b5},
    {0x4880, 0xf0a7878d},
    {0x3b80, 0xf0a7889b},
    {0x4a1a, 0xf0a789a7},
    {0x4881, 0xf0a78a80},
    {0x4882, 0xf0a78a85},
    {0x4883, 0xf0a78a8b},
    {0x3edc, 0xf0a78ab2},
    {0x48f0, 0xf0a78ab6},
    {0x4884, 0xf0a78ba6},
    {0x4a27, 0xf0a78d92},
    {0x3809, 0xf0a78e9a},
    {0x4a80, 0xf0a78fbf},
    {0x3b8c, 0xf0a790a2},
    {0x4886, 0xf0a79190},
    {0x3cdb, 0xf0a79284},
    {0x3fe4, 0xf0a79286},
    {0x4385, 0xf0a795b4},
    {0x3ec5, 0xf0a796a3},
    {0x3818, 0xf0a797a0},
    {0x381a, 0xf0a797a4},
    {0x3a45, 0xf0a797bd},
    {0x3da5, 0xf0a797be},
    {0x36b8, 0xf0a79887},
    {0x42f5, 0xf0a7988c},
    {0x3dc6, 0xf0a798b2},
    {0x438c, 0xf0a798b9},
    {0x48d2, 0xf0a79995},
    {0x4934, 0xf0a79996},
    {0x3da3, 0xf0a79997},
    {0x460a, 0xf0a79a94},
    {0x3821, 0xf0a79c8f},
    {0x453b, 0xf0a79cb5},
    {0x3d44, 0xf0a79cb6},
    {0x3b19, 0xf0a79d81},
    {0x4397, 0xf0a79d9e},
    {0x3b98, 0xf0a79e84},
    {0x3b97, 0xf0a79e85},
    {0x4888, 0xf0a79f8c},
    {0x4889, 0xf0a7a198},
    {0x3a8e, 0xf0a7a1b0},
    {0x3e55, 0xf0a7a29d},
    {0x4504, 0xf0a7a2b2},
    {0x45b9, 0xf0a7a388},
    {0x382a, 0xf0a7a4a4},
    {0x4779, 0xf0a7a5a7},
    {0x38e2, 0xf0a7a5ba},
    {0x4349, 0xf0a7a6a0},
    {0x488b, 0xf0a7a79d},
    {0x488c, 0xf0a7a7bd},
    {0x488d, 0xf0a7a88a},
    {0x410d, 0xf0a7a88e},
    {0x3e59, 0xf0a7a8be},
    {0x416f, 0xf0a7a993},
    {0x3830, 0xf0a7a999},
    {0x3d9b, 0xf0a7a9b9},
    {0x4026, 0xf0a7aa84},
    {0x382b, 0xf0a7aabd},
    {0x3878, 0xf0a7aabe},
    {0x3d5d, 0xf0a7abb4},
    {0x3c13, 0xf0a7ac86},
    {0x488e, 0xf0a7ac8b},
    {0x3d5f, 0xf0a7ac98},
    {0x3834, 0xf0a7acb8},
    {0x42ff, 0xf0a7acb9},
    {0x3832, 0xf0a7acba},
    {0x3b52, 0xf0a7ad88},
    {0x4abe, 0xf0a7ada5},
    {0x4a40, 0xf0a7afaf},
    {0x3d18, 0xf0a7afb4},
    {0x3dd1, 0xf0a7b092},
    {0x4a2f, 0xf0a7b1ac},
    {0x4a1d, 0xf0a7b2b1},
    {0x4a1f, 0xf0a7b385},
    {0x48ec, 0xf0a7b4af},
    {0x384a, 0xf0a7b593},
    {0x3846, 0xf0a7b594},
    {0x488f, 0xf0a7b5a6},
    {0x48ee, 0xf0a7b5b3},
    {0x45b5, 0xf0a7b684},
    {0x3847, 0xf0a7b68f},
    {0x384c, 0xf0a7b698},
    {0x384d, 0xf0a7b6bd},
    {0x3baf, 0xf0a7b79c},
    {0x3d4e, 0xf0a7b98d},
    {0x3cf4, 0xf0a7b98f},
    {0x3eea, 0xf0a7bcae},
    {0x3ebd, 0xf0a7bfb9},
    {0x3857, 0xf0a88082},
    {0x4890, 0xf0a88089},
    {0x3ab6, 0xf0a8809e},
    {0x4891, 0xf0a880a3},
    {0x3e58, 0xf0a880a4},
    {0x4892, 0xf0a88188},
    {0x4893, 0xf0a88283},
    {0x4894, 0xf0a88290},
    {0x45ee, 0xf0a882bd},
    {0x4316, 0xf0a882be},
    {0x3e1b, 0xf0a883a8},
    {0x432e, 0xf0a883a9},
    {0x4895, 0xf0a883b4},
    {0x4896, 0xf0a884ae},
    {0x4897, 0xf0a8858f},
    {0x431b, 0xf0a8859d},
    {0x3e30, 0xf0a885af},
    {0x43e8, 0xf0a88689},
    {0x4898, 0xf0a886af},
    {0x385b, 0xf0a886bc},
    {0x45fe, 0xf0a88887},
    {0x3cef, 0xf0a88898},
    {0x4899, 0xf0a8889a},
    {0x4329, 0xf0a88996},
    {0x4617, 0xf0a889bc},
    {0x4378, 0xf0a88a9b},
    {0x460b, 0xf0a88b8d},
    {0x3e85, 0xf0a88ba2},
    {0x489a, 0xf0a88c86},
    {0x3e2a, 0xf0a88c98},
    {0x489b, 0xf0a88caf},
    {0x378d, 0xf0a88cba},
    {0x3864, 0xf0a88da5},
    {0x3777, 0xf0a88dad},
    {0x3f87, 0xf0a88dbd},
    {0x489c, 0xf0a88e8a},
    {0x3865, 0xf0a89092},
    {0x489d, 0xf0a891a8},
    {0x4589, 0xf0a891ac},
    {0x3e0a, 0xf0a891b3},
    {0x4142, 0xf0a89282},
    {0x46b1, 0xf0a89481},
    {0x3877, 0xf0a894bc},
    {0x386d, 0xf0a894bd},
    {0x387a, 0xf0a895ac},
    {0x3db4, 0xf0a897a8},
    {0x41be, 0xf0a897b4},
    {0x390f, 0xf0a89880},
    {0x387b, 0xf0a8988b},
    {0x37fc, 0xf0a898a5},
    {0x37fd, 0xf0a898bb},
    {0x489e, 0xf0a89aaa},
    {0x407c, 0xf0a89aab},
    {0x4a7f, 0xf0a89ab2},
    {0x46b0, 0xf0a89abc},
    {0x38a7, 0xf0a89b98},
    {0x387f, 0xf0a89ba6},
    {0x49bd, 0xf0a89c8f},
    {0x387d, 0xf0a89c93},
    {0x4289, 0xf0a8a084},
    {0x4287, 0xf0a8a0ab},
    {0x4a9a, 0xf0a8a48d},
    {0x3886, 0xf0a8a4b3},
    {0x3dce, 0xf0a8a588},
    {0x3e38, 0xf0a8a589},
    {0x48a0, 0xf0a8a596},
    {0x42e6, 0xf0a8a5a4},
    {0x42e7, 0xf0a8a5a8},
    {0x3967, 0xf0a8a5ac},
    {0x4a73, 0xf0a8a5ad},
    {0x395f, 0xf0a8a5be},
    {0x3bf1, 0xf0a8a689},
    {0x3a3d, 0xf0a8a6a8},
    {0x401e, 0xf0a8a6aa},
    {0x3e23, 0xf0a8a6ab},
    {0x48a1, 0xf0a8a6b8},
    {0x40a8, 0xf0a8a6bc},
    {0x467c, 0xf0a8a780},
    {0x3ab7, 0xf0a8a79c},
    {0x386c, 0xf0a8a79e},
    {0x3d49, 0xf0a8a7a1},
    {0x49cc, 0xf0a8a7a3},
    {0x4015, 0xf0a8a7a4},
    {0x3b9c, 0xf0a8a7b9},
    {0x3ca1, 0xf0a8a7ba},
    {0x3a26, 0xf0a8a7bb},
    {0x3c8e, 0xf0a8a7bc},
    {0x493b, 0xf0a8a88f},
    {0x3cbf, 0xf0a8a896},
    {0x3828, 0xf0a8a8a5},
    {0x4160, 0xf0a8a8a9},
    {0x49af, 0xf0a8a8b2},
    {0x4156, 0xf0a8a8b6},
    {0x3963, 0xf0a8a984},
    {0x3c0c, 0xf0a8a985},
    {0x3a0b, 0xf0a8a986},
    {0x3a3a, 0xf0a8a987},
    {0x37a1, 0xf0a8a988},
    {0x3c86, 0xf0a8a989},
    {0x41e5, 0xf0a8a98a},
    {0x3bca, 0xf0a8a98b},
    {0x46e6, 0xf0a8a999},
    {0x4926, 0xf0a8a99a},
    {0x3ce2, 0xf0a8aa81},
    {0x3cc4, 0xf0a8aa82},
    {0x3d1a, 0xf0a8aa83},
    {0x3da9, 0xf0a8aa9a},
    {0x4083, 0xf0a8aa9b},
    {0x39e2, 0xf0a8aa9c},
    {0x3cd6, 0xf0a8ab80},
    {0x388d, 0xf0a8ab86},
    {0x3ab4, 0xf0a8ab8b},
    {0x3aef, 0xf0a8ab8c},
    {0x3cbe, 0xf0a8ab8e},
    {0x4067, 0xf0a8ab9e},
    {0x41da, 0xf0a8ab9f},
    {0x38b4, 0xf0a8aba0},
    {0x3894, 0xf0a8aba1},
    {0x3897, 0xf0a8aba2},
    {0x3afb, 0xf0a8aba3},
    {0x3898, 0xf0a8aba5},
    {0x49c5, 0xf0a8abaa},
    {0x3bcc, 0xf0a8abbc},
    {0x388f, 0xf0a8ac8c},
    {0x39ab, 0xf0a8ac93},
    {0x422e, 0xf0a8aca1},
    {0x3a7c, 0xf0a8aca2},
    {0x495f, 0xf0a8acab},
    {0x48cc, 0xf0a8acac},
    {0x492f, 0xf0a8acad},
    {0x3bf3, 0xf0a8acaf},
    {0x48a4, 0xf0a8ad86},
    {0x434f, 0xf0a8ad8c},
    {0x3db9, 0xf0a8ad8e},
    {0x3c08, 0xf0a8ad90},
    {0x3ca6, 0xf0a8ada3},
    {0x3c0a, 0xf0a8ada4},
    {0x3c19, 0xf0a8ada5},
    {0x40c5, 0xf0a8ada6},
    {0x48cf, 0xf0a8adac},
    {0x42b1, 0xf0a8ae8f},
    {0x48d0, 0xf0a8ae99},
    {0x3b9b, 0xf0a8ae9c},
    {0x417f, 0xf0a8ae9d},
    {0x4a3d, 0xf0a8aeb9},
    {0x492b, 0xf0a8af82},
    {0x3c00, 0xf0a8af85},
    {0x48a5, 0xf0a8af94},
    {0x3a1e, 0xf0a8af97},
    {0x3b9a, 0xf0a8af99},
    {0x395c, 0xf0a8af9a},
    {0x3cc1, 0xf0a8afa7},
    {0x426f, 0xf0a8afa8},
    {0x3731, 0xf0a8afa9},
    {0x3ab3, 0xf0a8afaa},
    {0x3895, 0xf0a8afab},
    {0x389b, 0xf0a8afac},
    {0x3b99, 0xf0a8afb5},
    {0x389d, 0xf0a8afbf},
    {0x42b3, 0xf0a8b083},
    {0x48a6, 0xf0a8b089},
    {0x3d08, 0xf0a8b09c},
    {0x3bce, 0xf0a8b09d},
    {0x3ada, 0xf0a8b0a3},
    {0x3bf2, 0xf0a8b0a6},
    {0x393f, 0xf0a8b0ab},
    {0x3e35, 0xf0a8b0b0},
    {0x389c, 0xf0a8b0b9},
    {0x3bcf, 0xf0a8b0bb},
    {0x4394, 0xf0a8b38a},
    {0x4389, 0xf0a8b38d},
    {0x4392, 0xf0a8b392},
    {0x3bd6, 0xf0a8b4b4},
    {0x4393, 0xf0a8b699},
    {0x49fe, 0xf0a8b6b9},
    {0x450b, 0xf0a8b88f},
    {0x3960, 0xf0a8b8b6},
    {0x3fcc, 0xf0a8b8b9},
    {0x3be1, 0xf0a8b9a5},
    {0x3be0, 0xf0a8b9a6},
    {0x3f4a, 0xf0a8ba97},
    {0x42bc, 0xf0a8baac},
    {0x42a3, 0xf0a8bab2},
    {0x39c0, 0xf0a8bab3},
    {0x42b9, 0xf0a8bb99},
    {0x3bdf, 0xf0a8bba7},
    {0x48a7, 0xf0a8bf85},
    {0x4a76, 0xf0a981b9},
    {0x3a4e, 0xf0a98288},
    {0x394c, 0xf0a9828b},
    {0x3bed, 0xf0a98293},
    {0x38bb, 0xf0a982af},
    {0x3bea, 0xf0a982b0},
    {0x3906, 0xf0a982b1},
    {0x3dee, 0xf0a98380},
    {0x3cf1, 0xf0a983a4},
    {0x38bc, 0xf0a983a5},
    {0x48a8, 0xf0a983ac},
    {0x41cd, 0xf0a983ad},
    {0x4306, 0xf0a9848d},
    {0x48a9, 0xf0a98490},
    {0x48aa, 0xf0a984bc},
    {0x3a5a, 0xf0a9858d},
    {0x46e3, 0xf0a9859b},
    {0x48ac, 0xf0a9859e},
    {0x4244, 0xf0a985b0},
    {0x41f6, 0xf0a9869c},
    {0x3e1f, 0xf0a986a8},
    {0x38cb, 0xf0a98795},
    {0x38ce, 0xf0a987ab},
    {0x38e1, 0xf0a9909d},
    {0x46e7, 0xf0a990a0},
    {0x38de, 0xf0a990b3},
    {0x3a76, 0xf0a990bf},
    {0x3ba4, 0xf0a99188},
    {0x3f04, 0xf0a99390},
    {0x3735, 0xf0a99399},
    {0x3c03, 0xf0a9939a},
    {0x4314, 0xf0a993a5},
    {0x48af, 0xf0a993a7},
    {0x490c, 0xf0a9969e},
    {0x48b0, 0xf0a996b0},
    {0x48b1, 0xf0a996b8},
    {0x3c05, 0xf0a99797},
    {0x3e4d, 0xf0a997a9},
    {0x4334, 0xf0a997b4},
    {0x437f, 0xf0a99ca0},
    {0x48b2, 0xf0a99cb2},
    {0x4338, 0xf0a99f94},
    {0x4511, 0xf0a9a090},
    {0x38fd, 0xf0a9a197},
    {0x3e15, 0xf0a9a2a4},
    {0x48b3, 0xf0a9a391},
    {0x3a61, 0xf0a9a3aa},
    {0x3c1f, 0xf0a9a3b1},
    {0x4a6f, 0xf0a9a3ba},
    {0x4937, 0xf0a9a483},
    {0x38fe, 0xf0a9a485},
    {0x3c4a, 0xf0a9a4af},
    {0x4a4b, 0xf0a9a585},
    {0x49c4, 0xf0a9a587},
    {0x3c21, 0xf0a9a588},
    {0x48b4, 0xf0a9a589},
    {0x4180, 0xf0a9a59d},
    {0x48b5, 0xf0a9a5aa},
    {0x3994, 0xf0a9a69d},
    {0x48b6, 0xf0a9a783},
    {0x3db5, 0xf0a9a789},
    {0x48b7, 0xf0a9a8a8},
    {0x432d, 0xf0a9a98d},
    {0x390a, 0xf0a9ac85},
    {0x48b8, 0xf0a9ac8e},
    {0x3907, 0xf0a9af95},
    {0x49a3, 0xf0a9b1b3},
    {0x3e14, 0xf0a9b2ad},
    {0x3916, 0xf0a9b4be},
    {0x48b9, 0xf0a9b59a},
    {0x3ec3, 0xf0a9b5bc},
    {0x3e65, 0xf0a9b698},
    {0x48ba, 0xf0a9b69b},
    {0x457c, 0xf0a9b7b6},
    {0x3efa, 0xf0a9b886},
    {0x3c3d, 0xf0a9b8ad},
    {0x391d, 0xf0a9b9a8},
    {0x3ed5, 0xf0a9baac},
    {0x4a45, 0xf0a9bab0},
    {0x45e5, 0xf0a9bb83},
    {0x48bc, 0xf0a9bbb8},
    {0x48bd, 0xf0a9bca3},
    {0x490a, 0xf0a9bcb0},
    {0x391f, 0xf0a9beb7},
    {0x3eda, 0xf0a9bf9e},
    {0x46af, 0xf0aa8094},
    {0x3795, 0xf0aa8287},
    {0x392f, 0xf0aa82b9},
    {0x3922, 0xf0aa83a1},
    {0x3c48, 0xf0aa83ad},
    {0x3c49, 0xf0aa83b3},
    {0x380c, 0xf0aa83b8},
    {0x3c40, 0xf0aa83be},
    {0x49b6, 0xf0aa8487},
    {0x3923, 0xf0aa84a3},
    {0x457f, 0xf0aa84b3},
    {0x3927, 0xf0aa84b4},
    {0x40df, 0xf0aa8590},
    {0x3920, 0xf0aa8692},
    {0x392a, 0xf0aa8693},
    {0x3921, 0xf0aa86ab},
    {0x3c47, 0xf0aa86b4},
    {0x4a79, 0xf0aa86b5},
    {0x3924, 0xf0aa879f},
    {0x3c3f, 0xf0aa87b5},
    {0x392b, 0xf0aa88a0},
    {0x392d, 0xf0aa88b3},
    {0x48c0, 0xf0aa8a93},
    {0x3868, 0xf0aa8a9f},
    {0x3f94, 0xf0aa8ab2},
    {0x3930, 0xf0aa8ab4},
    {0x46e1, 0xf0aa8ab6},
    {0x49c0, 0xf0aa8aba},
    {0x4613, 0xf0aa8abd},
    {0x3e28, 0xf0aa8b9f},
    {0x48c2, 0xf0aa8bbf},
    {0x4a2b, 0xf0aa8d91},
    {0x4534, 0xf0aa8ea9},
    {0x393c, 0xf0aa8fad},
    {0x3ef1, 0xf0aa90b4},
    {0x46bf, 0xf0aa919b},
    {0x3aec, 0xf0aa9786},
    {0x48c3, 0xf0aa978b},
    {0x436f, 0xf0aa9881},
    {0x4391, 0xf0aa98b2},
    {0x3f7e, 0xf0aa998a},
    {0x4388, 0xf0aa999b},
    {0x48f3, 0xf0aa9aa9},
    {0x4ad0, 0xf0aab7bf},
    {0x3fa4, 0xf0aab9a7},
    {0x43ea, 0xf0ab90ac},
    {0x3f48, 0xf0ab91b3},
    {0x4346, 0xf0aba5b7},
    {0x4322, 0xf0abaab3},
    {0x433d, 0xf0abb397},
    {0x4372, 0xf0ac97b8},
    {0x4383, 0xf0aca6a0},
    {0x3faf, 0xf0adbcbc},
    {0x3de3, 0xf0afa086},
    {0x3d58, 0xf0afa0a5},
    {0x43a4, 0xf0afa0a8},
    {0x4066, 0xf0afa0a9},
    {0x407e, 0xf0afa0b2},
    {0x47eb, 0xf0afa0bb},
    {0x4927, 0xf0afa180},
    {0x44e2, 0xf0afa1b8},
    {0x414b, 0xf0afa294},
    {0x4175, 0xf0afa2a6},
    {0x3de2, 0xf0afa38d},
    {0x41c9, 0xf0afa39b},
    {0x422f, 0xf0afa488},
    {0x4008, 0xf0afa4a2},
    {0x42a0, 0xf0afa4af},
    {0x37b7, 0xf0afa68f},
    {0x37be, 0xf0afa694},
    {0x3803, 0xf0afa6b2},
    {0x3b89, 0xf0afa6bc},
    {0x3848, 0xf0afa794},
    {0x3855, 0xf0afa797},
    {0x3946, 0xf0afa89b},
};

static pdf_char_range_map_t char_range_map_UNICNS_UTF8_H[] = {
    {0x20, 0x7e, 0x1},
    {0xc2a2, 0xc2a3, 0x106},
    {0xce91, 0xcea1, 0x1a1},
    {0xcea3, 0xcea9, 0x1b2},
    {0xceb1, 0xcebf, 0x1b9},
    {0xcf80, 0xcf81, 0x1c8},
    {0xcf83, 0xcf89, 0x1ca},
    {0xd090, 0xd095, 0x366a},
    {0xd096, 0xd0b5, 0x3671},
    {0xd0b6, 0xd0bf, 0x3692},
    {0xd180, 0xd18f, 0x369c},
    {0xe28098, 0xe28099, 0xa6},
    {0xe2809c, 0xe2809d, 0xa8},
    {0xe285a0, 0xe285a9, 0x157},
    {0xe285b0, 0xe285b9, 0x20e},
    {0xe28696, 0xe28697, 0xf9},
    {0xe286b8, 0xe286b9, 0x36ad},
    {0xe288a9, 0xe288aa, 0xe5},
    {0xe289a6, 0xe289a7, 0xd9},
    {0xe28ca9, 0xe28caa, 0x94},
    {0xe28f9a, 0xe28f9b, 0x499c},
    {0xe29080, 0xe2909f, 0x232},
    {0xe291a0, 0xe291a9, 0x1fa},
    {0xe291b4, 0xe291bd, 0x204},
    {0xe295ad, 0xe295ae, 0x13e},
    {0xe295b1, 0xe295b3, 0x14a},
    {0xe29681, 0xe29688, 0x122},
    {0xe297a2, 0xe297a3, 0x146},
    {0xe2ba86, 0xe2ba88, 0x451d},
    {0xe2ba8c, 0xe2ba8d, 0x4521},
    {0xe2bb8c, 0xe2bb8d, 0x452e},
    {0xe2bb96, 0xe2bb97, 0x4531},
    {0xe2bc81, 0xe2bc83, 0x218},
    {0xe2bc88, 0xe2bc8b, 0x25b},
    {0xe2bc8c, 0xe2bc8e, 0x21d},
    {0xe2bc97, 0xe2bc98, 0x264},
    {0xe2bc9f, 0xe2bca0, 0x27a},
    {0xe2bca3, 0xe2bca6, 0x27c},
    {0xe2bca8, 0xe2bcab, 0x282},
    {0xe2bcaf, 0xe2bcb0, 0x288},
    {0xe2bcb1, 0xe2bcb2, 0x28c},
    {0xe2bcb3, 0xe2bcb5, 0x227},
    {0xe2bcb6, 0xe2bcb8, 0x28e},
    {0xe2bcb9, 0xe2bcba, 0x22a},
    {0xe2bcbc, 0xe2bcbf, 0x2d0},
    {0xe2bd82, 0xe2bd85, 0x2d6},
    {0xe2bd87, 0xe2bd8d, 0x2da},
    {0xe2bd8f, 0xe2bd92, 0x2e1},
    {0xe2bd94, 0xe2bd98, 0x2e5},
    {0xe2bd9a, 0xe2bd9d, 0x2ea},
    {0xe2bd9e, 0xe2bda4, 0x356},
    {0xe2bda7, 0xe2bda8, 0x22e},
    {0xe2bda9, 0xe2bdb0, 0x363},
    {0xe2bdb2, 0xe2bdb4, 0x36b},
    {0xe2bdb5, 0xe2bdb8, 0x3f6},
    {0xe2bdba, 0xe2bdbc, 0x3fa},
    {0xe2bdbd, 0xe2bdbf, 0x3fe},
    {0xe2be80, 0xe2be81, 0x401},
    {0xe2be82, 0xe2be8a, 0x405},
    {0xe2be8d, 0xe2be90, 0x40f},
    {0xe2be92, 0xe2be97, 0x508},
    {0xe2be99, 0xe2bea0, 0x50e},
    {0xe2bea3, 0xe2bea5, 0x520},
    {0xe2bea6, 0xe2bea9, 0x696},
    {0xe2beab, 0xe2beac, 0x69f},
    {0xe2beaf, 0xe2beb9, 0x826},
    {0xe2beba, 0xe2bebc, 0x9f5},
    {0xe2bf80, 0xe2bf81, 0x9f9},
    {0xe2bf82, 0xe2bf87, 0xbe1},
    {0xe2bf88, 0xe2bf8a, 0xdbb},
    {0xe2bf8d, 0xe2bf8f, 0xf7b},
    {0xe2bf90, 0xe2bf91, 0x1100},
    {0xe2bf93, 0xe2bf94, 0x13b2},
    {0xe38081, 0xe38082, 0x65},
    {0xe38085, 0xe38087, 0x35ba},
    {0xe38088, 0xe38089, 0x94},
    {0xe3808a, 0xe3808b, 0x90},
    {0xe3808c, 0xe3808d, 0x98},
    {0xe3808e, 0xe3808f, 0x9c},
    {0xe38090, 0xe38091, 0x8c},
    {0xe38094, 0xe38095, 0x88},
    {0xe3809d, 0xe3809e, 0xaa},
    {0xe380a1, 0xe380a9, 0x161},
    {0xe380b8, 0xe380ba, 0x16a},
    {0xe38181, 0xe381bf, 0x35c1},
    {0xe38280, 0xe38293, 0x3600},
    {0xe3829b, 0xe3829c, 0x44c6},
    {0xe3829d, 0xe3829e, 0x35b7},
    {0xe382a1, 0xe382bf, 0x3614},
    {0xe38380, 0xe383b6, 0x3633},
    {0xe383bd, 0xe383be, 0x35b5},
    {0xe38485, 0xe384a9, 0x1d1},
    {0xe38780, 0xe38784, 0x44c9},
    {0xe38786, 0xe38787, 0x44d2},
    {0xe38789, 0xe3878c, 0x44d8},
    {0xe3878d, 0xe3878e, 0x44dd},
    {0xe38e8e, 0xe38e8f, 0x115},
    {0xe38e9c, 0xe38e9e, 0x110},
    {0xe4b89e, 0xe4b89f, 0x36e},
    {0xe4b992, 0xe4b993, 0x370},
    {0xe4ba83, 0xe4ba84, 0x2361},
    {0xe4baab, 0xe4baac, 0x52e},
    {0xe4baad, 0xe4baae, 0x6a4},
    {0xe4bb86, 0xe4bb87, 0x2a3},
    {0xe4bb8a, 0xe4bb8b, 0x2a6},
    {0xe4bb94, 0xe4bb97, 0x2fa},
    {0xe4bba3, 0xe4bba4, 0x2fe},
    {0xe4bc90, 0xe4bc91, 0x37d},
    {0xe4bd90, 0xe4bd91, 0x420},
    {0xe4bfb6, 0xe4bfb7, 0x1c28},
    {0xe5808c, 0xe5808d, 0x833},
    {0xe581a3, 0xe581a4, 0x1e4a},
    {0xe582b2, 0xe582b3, 0xdc1},
    {0xe58486, 0xe58487, 0x2881},
    {0xe58488, 0xe58489, 0x1108},
    {0xe5848b, 0xe5848c, 0x2885},
    {0xe584ad, 0xe584ae, 0x2f0f},
    {0xe584b4, 0xe584b5, 0x307a},
    {0xe584b7, 0xe584b8, 0x1668},
    {0xe585ad, 0xe585ae, 0x2ac},
    {0xe58689, 0xe5868a, 0x304},
    {0xe586a4, 0xe586a5, 0x853},
    {0xe586b6, 0xe586b7, 0x437},
    {0xe58784, 0xe58785, 0x1c36},
    {0xe587b9, 0xe587ba, 0x307},
    {0xe58880, 0xe58881, 0x260},
    {0xe58886, 0xe58888, 0x2b1},
    {0xe58891, 0xe58892, 0x391},
    {0xe588a9, 0xe588aa, 0x43b},
    {0xe588b2, 0xe588b3, 0x1914},
    {0xe5899e, 0xe5899f, 0x1c3d},
    {0xe589b4, 0xe589b5, 0xbf3},
    {0xe589bb, 0xe589bc, 0x2378},
    {0xe58a80, 0xe58a81, 0x2623},
    {0xe58a87, 0xe58a89, 0x110c},
    {0xe58a8b, 0xe58a8c, 0x2889},
    {0xe58aa9, 0xe58aaa, 0x43f},
    {0xe58aad, 0xe58aae, 0x1838},
    {0xe58ba2, 0xe58ba3, 0xdd0},
    {0xe58bbe, 0xe58bbf, 0x2b5},
    {0xe58c85, 0xe58c86, 0x30d},
    {0xe58c8a, 0xe58c8b, 0x1919},
    {0xe58db0, 0xe58db1, 0x399},
    {0xe58db7, 0xe58db9, 0x55c},
    {0xe58e8e, 0xe58e8f, 0x183d},
    {0xe590b5, 0xe590b6, 0x458},
    {0xe59385, 0xe59386, 0x1a82},
    {0xe593b7, 0xe593b8, 0x1c55},
    {0xe595b5, 0xe595b6, 0x1e5b},
    {0xe59785, 0xe59786, 0xde0},
    {0xe597a3, 0xe597a4, 0xddb},
    {0xe5988d, 0xe5988e, 0xf98},
    {0xe598af, 0xe598b0, 0x111f},
    {0xe59a8c, 0xe59a8d, 0x2d42},
    {0xe59aa6, 0xe59aa7, 0x3081},
    {0xe59abd, 0xe59abe, 0x32ca},
    {0xe59c81, 0xe59c82, 0x1c5b},
    {0xe59c83, 0xe59c84, 0x879},
    {0xe59c92, 0xe59c93, 0xde4},
    {0xe59ca2, 0xe59ca3, 0x179a},
    {0xe59db3, 0xe59db4, 0x193f},
    {0xe59e9e, 0xe59e9f, 0x1a8d},
    {0xe5a0b0, 0xe5a0b1, 0xc1b},
    {0xe5a39e, 0xe5a39f, 0x1578},
    {0xe5a3b9, 0xe5a3ba, 0xc20},
    {0xe5a499, 0xe5a49a, 0x3b4},
    {0xe5a4b7, 0xe5a4b8, 0x3b6},
    {0xe5a587, 0xe5a588, 0x583},
    {0xe5a597, 0xe5a598, 0x881},
    {0xe5a8ad, 0xe5a8ae, 0x1c70},
    {0xe5acbd, 0xe5acbf, 0x3089},
    {0xe5ad8b, 0xe5ad8c, 0x337c},
    {0xe5ad90, 0xe5ad91, 0x27f},
    {0xe5ad97, 0xe5ad98, 0x3bf},
    {0xe5ad9a, 0xe5ad9b, 0x47f},
    {0xe5ae87, 0xe5ae88, 0x3c1},
    {0xe5ae9e, 0xe5ae9f, 0x454f},
    {0xe5af98, 0xe5af99, 0x23b8},
    {0xe5afa5, 0xe5afa6, 0xfbb},
    {0xe5afb1, 0xe5afb2, 0x2d59},
    {0xe5b08a, 0xe5b08b, 0xc2f},
    {0xe5b180, 0xe5b181, 0x485},
    {0xe5b185, 0xe5b186, 0x5a2},
    {0xe5b18e, 0xe5b18f, 0x707},
    {0xe5b19c, 0xe5b19d, 0xa5c},
    {0xe5b1a4, 0xe5b1a5, 0x1134},
    {0xe5b1a9, 0xe5b1aa, 0x2f19},
    {0xe5b1ba, 0xe5b1bb, 0x17e0},
    {0xe5b290, 0xe5b291, 0x489},
    {0xe5b393, 0xe5b394, 0x1ac1},
    {0xe5b786, 0xe5b787, 0x31cd},
    {0xe5b7b1, 0xe5b7b3, 0x289},
    {0xe5b882, 0xe5b883, 0x339},
    {0xe5b8a1, 0xe5b8a3, 0x1aca},
    {0xe5b998, 0xe5b999, 0x2672},
    {0xe5b9a7, 0xe5b9a8, 0x2b36},
    {0xe5b9ad, 0xe5b9ae, 0x2f1c},
    {0xe5ba95, 0xe5ba96, 0x5b5},
    {0xe5bab2, 0xe5bab3, 0x1ed1},
    {0xe5bab7, 0xe5bab8, 0xa70},
    {0xe5bb81, 0xe5bb82, 0xc3d},
    {0xe5bbae, 0xe5bbaf, 0x31cf},
    {0xe5bc94, 0xe5bc95, 0x2ce},
    {0xe5bca2, 0xe5bca4, 0x1973},
    {0xe5bca6, 0xe5bca7, 0x5b8},
    {0xe5be80, 0xe5be81, 0x5bb},
    {0xe5be8a, 0xe5be8b, 0x71a},
    {0xe5bea9, 0xe5beaa, 0xc42},
    {0xe5bf80, 0xe5bf81, 0x31d1},
    {0xe68393, 0xe68394, 0x1ede},
    {0xe68589, 0xe6858a, 0x23d5},
    {0xe68592, 0xe68593, 0x2688},
    {0xe685a2, 0xe685a3, 0xfd4},
    {0xe687ad, 0xe687ae, 0x2f20},
    {0xe68883, 0xe68884, 0x3418},
    {0xe6888c, 0xe6888d, 0x3d1},
    {0xe6889a, 0xe6889b, 0xa97},
    {0xe688a1, 0xe688a2, 0xe1a},
    {0xe68982, 0xe68983, 0x1aec},
    {0xe68993, 0xe68994, 0x342},
    {0xe68a8e, 0xe68a8f, 0x1890},
    {0xe68b93, 0xe68b94, 0x5df},
    {0xe68b96, 0xe68b97, 0x5ee},
    {0xe68c93, 0xe68c94, 0x1afb},
    {0xe68caa, 0xe68cab, 0x8d1},
    {0xe68d84, 0xe68d85, 0x1ca6},
    {0xe68fad, 0xe68fae, 0xc67},
    {0xe69096, 0xe69097, 0xe28},
    {0xe690a2, 0xe690a3, 0x23f5},
    {0xe691b2, 0xe691b3, 0x269f},
    {0xe692bb, 0xe692bc, 0x12bb},
    {0xe693ba, 0xe693bb, 0x14d6},
    {0xe69588, 0xe69589, 0x8d6},
    {0xe695a2, 0xe695a3, 0xc72},
    {0xe695b7, 0xe695b8, 0x116f},
    {0xe69682, 0xe69683, 0x13e1},
    {0xe6969d, 0xe6969e, 0x2174},
    {0xe696b2, 0xe696b3, 0x28f5},
    {0xe69783, 0xe69784, 0x1cc1},
    {0xe6978b, 0xe6978c, 0xac5},
    {0xe697ac, 0xe697ad, 0x3da},
    {0xe69a87, 0xe69a88, 0xe30},
    {0xe69b8a, 0xe69b8b, 0x2b60},
    {0xe69b9a, 0xe69b9b, 0x2f31},
    {0xe69ba3, 0xe69ba4, 0x31da},
    {0xe69bad, 0xe69bae, 0x3485},
    {0xe69bb2, 0xe69bb3, 0x3dc},
    {0xe69bbe, 0xe69bbf, 0xc80},
    {0xe69c8f, 0xe69c90, 0x1b13},
    {0xe69c92, 0xe69c93, 0x1cc8},
    {0xe69c94, 0xe69c95, 0x8e4},
    {0xe69caa, 0xe69cab, 0x34a},
    {0xe69d8e, 0xe69d91, 0x4bd},
    {0xe69daf, 0xe69db0, 0x60e},
    {0xe69db8, 0xe69db9, 0x19c6},
    {0xe69f89, 0xe69f8a, 0x1b38},
    {0xe6a0b2, 0xe6a0b3, 0x1ccd},
    {0xe6a1ad, 0xe6a1ae, 0x1f19},
    {0xe6a39d, 0xe6a39e, 0x21a7},
    {0xe6a588, 0xe6a589, 0x2424},
    {0xe6a98d, 0xe6a98e, 0x2b85},
    {0xe6aaae, 0xe6aaaf, 0x14e2},
    {0xe6aab6, 0xe6aab7, 0x2f3a},
    {0xe6abae, 0xe6abaf, 0x31e2},
    {0xe6ac88, 0xe6ac89, 0x3386},
    {0xe6ac91, 0xe6ac92, 0x341e},
    {0xe6ac98, 0xe6ac99, 0x34cc},
    {0xe6acb7, 0xe6acb8, 0x1f3d},
    {0xe6ada6, 0xe6ada7, 0x61b},
    {0xe6ae8d, 0xe6ae8e, 0x1f41},
    {0xe6ae9e, 0xe6aea0, 0x26e5},
    {0xe6aeaa, 0xe6aeab, 0x2b8c},
    {0xe6af83, 0xe6af84, 0x26e8},
    {0xe6af85, 0xe6af86, 0x1187},
    {0xe6afab, 0xe6afac, 0xae9},
    {0xe6afb2, 0xe6afb3, 0x21bc},
    {0xe6afb7, 0xe6afb8, 0x244c},
    {0xe6afbb, 0xe6afbc, 0x2449},
    {0xe6b099, 0xe6b09a, 0x18ae},
    {0xe6b0a0, 0xe6b0a1, 0x1b44},
    {0xe6b0a7, 0xe6b0a8, 0x903},
    {0xe6b0ae, 0xe6b0af, 0xca2},
    {0xe6b18b, 0xe6b18c, 0x1808},
    {0xe6b18d, 0xe6b18e, 0x3f0},
    {0xe6b19f, 0xe6b1a0, 0x3ea},
    {0xe6b288, 0xe6b289, 0x4cf},
    {0xe6b2bd, 0xe6b2be, 0x627},
    {0xe6b4bd, 0xe6b4be, 0x77b},
    {0xe6b5a3, 0xe6b5a4, 0x1cf6},
    {0xe6b79c, 0xe6b79d, 0x1f57},
    {0xe6b8b5, 0xe6b8b6, 0x21ec},
    {0xe6b8bc, 0xe6b8bd, 0x21c5},
    {0xe6b986, 0xe6b987, 0x21c0},
    {0xe6ba93, 0xe6ba94, 0x2454},
    {0xe6bba8, 0xe6bba9, 0x4681},
    {0xe6bc99, 0xe6bc9a, 0x26f6},
    {0xe6bf9f, 0xe6bfa0, 0x13f6},
    {0xe7808c, 0xe7808d, 0x2f43},
    {0xe780a1, 0xe780a3, 0x30af},
    {0xe78183, 0xe78184, 0x32d8},
    {0xe78185, 0xe78186, 0x32dd},
    {0xe78188, 0xe78189, 0x32db},
    {0xe78195, 0xe78197, 0x3389},
    {0xe781a9, 0xe781aa, 0x3547},
    {0xe781bc, 0xe781bd, 0x4e7},
    {0xe782b4, 0xe782b5, 0x1b6b},
    {0xe78385, 0xe78387, 0x1d27},
    {0xe78395, 0xe78396, 0x4259},
    {0xe78489, 0xe7848a, 0xb13},
    {0xe78499, 0xe7849a, 0xcc8},
    {0xe78780, 0xe78781, 0x2bb5},
    {0xe78783, 0xe78784, 0x12f7},
    {0xe7879a, 0xe7879b, 0x2bc0},
    {0xe787bb, 0xe787bc, 0x14ee},
    {0xe78893, 0xe78894, 0x31f4},
    {0xe7889e, 0xe7889f, 0x338d},
    {0xe788ac, 0xe788ad, 0x645},
    {0xe78989, 0xe7898a, 0x1b6f},
    {0xe789bb, 0xe789bc, 0x1f81},
    {0xe78a88, 0xe78a89, 0x21ff},
    {0xe78a9d, 0xe78a9e, 0x2bc2},
    {0xe78aa5, 0xe78aa6, 0x30bb},
    {0xe78ab4, 0xe78ab5, 0x180c},
    {0xe78ba0, 0xe78ba1, 0x796},
    {0xe78d9e, 0xe78da0, 0x296a},
    {0xe78da6, 0xe78da7, 0x2bc5},
    {0xe78dae, 0xe78daf, 0x2da3},
    {0xe78e93, 0xe78e94, 0x18cf},
    {0xe78f97, 0xe78f98, 0x1d47},
    {0xe7909e, 0xe7909f, 0x46f4},
    {0xe790b5, 0xe790b6, 0xcdc},
    {0xe7918a, 0xe7918b, 0x249b},
    {0xe7918f, 0xe79190, 0x24a1},
    {0xe7919b, 0xe7919c, 0xe83},
    {0xe79289, 0xe7928a, 0x2974},
    {0xe7939e, 0xe7939f, 0x1d4a},
    {0xe793b4, 0xe793b5, 0x1d4c},
    {0xe793b6, 0xe793b7, 0xb27},
    {0xe79482, 0xe79483, 0x2733},
    {0xe7948c, 0xe7948d, 0x1300},
    {0xe79490, 0xe79492, 0x2dae},
    {0xe794a5, 0xe794a6, 0xce3},
    {0xe794a8, 0xe794a9, 0x35c},
    {0xe794b0, 0xe794b3, 0x35e},
    {0xe794b7, 0xe794b8, 0x4f2},
    {0xe79587, 0xe79588, 0x1b91},
    {0xe795a5, 0xe795a6, 0xb2b},
    {0xe79694, 0xe79695, 0x18d4},
    {0xe79699, 0xe7969a, 0x657},
    {0xe796a2, 0xe796a3, 0x7a8},
    {0xe796a4, 0xe796a5, 0x7a6},
    {0xe796b2, 0xe796b3, 0x939},
    {0xe7978b, 0xe7978c, 0x1fa3},
    {0xe79794, 0xe79795, 0xb30},
    {0xe798a1, 0xe798a2, 0x11b1},
    {0xe79988, 0xe79989, 0x2db4},
    {0xe799b1, 0xe799b2, 0x1723},
    {0xe799bb, 0xe799bc, 0xcee},
    {0xe79a86, 0xe79a88, 0x7ab},
    {0xe79a9c, 0xe79a9e, 0x2989},
    {0xe79b8d, 0xe79b8e, 0x943},
    {0xe79b9e, 0xe79b9f, 0xe90},
    {0xe79c83, 0xe79c85, 0x1b98},
    {0xe79c8e, 0xe79c8f, 0x3b02},
    {0xe79c99, 0xe79c9a, 0x1d63},
    {0xe79c9f, 0xe79ca0, 0x946},
    {0xe79cb1, 0xe79cb2, 0x1fad},
    {0xe79d86, 0xe79d87, 0x222f},
    {0xe79d8b, 0xe79d8c, 0x2236},
    {0xe79d9f, 0xe79da0, 0x24c2},
    {0xe79e9e, 0xe79e9f, 0x1308},
    {0xe79ea2, 0xe79ea3, 0x2be4},
    {0xe79ebb, 0xe79ebc, 0x14fc},
    {0xe79f89, 0xe79f8a, 0x30c6},
    {0xe79f8e, 0xe79f8f, 0x31ff},
    {0xe79f98, 0xe79f99, 0x34d3},
    {0xe79fa7, 0xe79fa8, 0x1b9f},
    {0xe7a08c, 0xe7a08d, 0x7bd},
    {0xe7a091, 0xe7a092, 0x1ba2},
    {0xe7a1a4, 0xe7a1a5, 0x223b},
    {0xe7a285, 0xe7a286, 0x24d3},
    {0xe7a297, 0xe7a298, 0xea1},
    {0xe7a383, 0xe7a384, 0x2999},
    {0xe7a39f, 0xe7a3a0, 0x2bf3},
    {0xe7a3a1, 0xe7a3a2, 0x2bf0},
    {0xe7a3bb, 0xe7a3bc, 0x2dc5},
    {0xe7a493, 0xe7a494, 0x2f6d},
    {0xe7a4a7, 0xe7a4a8, 0x3205},
    {0xe7a580, 0xe7a581, 0x660},
    {0xe7a5a9, 0xe7a5aa, 0x1fc0},
    {0xe7a68a, 0xe7a68b, 0x2756},
    {0xe7a68e, 0xe7a68f, 0x1044},
    {0xe7a6b9, 0xe7a6ba, 0x7c3},
    {0xe7a791, 0xe7a792, 0x7c5},
    {0xe7a7ab, 0xe7a7ac, 0x1d7b},
    {0xe7a7b6, 0xe7a7b7, 0x1fc8},
    {0xe7a898, 0xe7a899, 0x24e1},
    {0xe7a98d, 0xe7a98e, 0x1310},
    {0xe7a9a1, 0xe7a9a2, 0x1500},
    {0xe7a9a7, 0xe7a9a8, 0x30d1},
    {0xe7a9ac, 0xe7a9ad, 0x320b},
    {0xe7a9b0, 0xe7a9b1, 0x3399},
    {0xe7aa8b, 0xe7aa8c, 0x1d87},
    {0xe7aa9f, 0xe7aaa0, 0xeb4},
    {0xe7aaab, 0xe7aaac, 0x2767},
    {0xe7ab80, 0xe7ab81, 0x2dd6},
    {0xe7ab82, 0xe7ab83, 0x373b},
    {0xe7ab84, 0xe7ab85, 0x1503},
    {0xe7ac80, 0xe7ac81, 0x1bb8},
    {0xe7af86, 0xe7af87, 0x11cf},
    {0xe7afb0, 0xe7afb1, 0x2de9},
    {0xe7b0be, 0xe7b0bf, 0x15a3},
    {0xe7b1b8, 0xe7b1b9, 0x1bbb},
    {0xe7b280, 0xe7b281, 0x1bbe},
    {0xe7b2bd, 0xe7b2be, 0x1059},
    {0xe7b390, 0xe7b391, 0x2c11},
    {0xe7b395, 0xe7b396, 0x131e},
    {0xe7b3af, 0xe7b3b0, 0x162d},
    {0xe7b4be, 0xe7b4bf, 0x1fee},
    {0xe7b6bd, 0xe7b6be, 0x105e},
    {0xe7b78b, 0xe7b78c, 0x278a},
    {0xe7b89f, 0xe7b8a0, 0x2c17},
    {0xe7b994, 0xe7b995, 0x150c},
    {0xe7b9a9, 0xe7b9aa, 0x15ac},
    {0xe7ba87, 0xe7ba88, 0x32ed},
    {0xe7bcbe, 0xe7bcbf, 0x2271},
    {0xe7bd80, 0xe7bd81, 0x3780},
    {0xe7bda5, 0xe7bda6, 0x2273},
    {0xe7bda7, 0xe7bda8, 0x2511},
    {0xe7bda9, 0xe7bdaa, 0xec5},
    {0xe7bdbb, 0xe7bdbc, 0x2c27},
    {0xe7be9c, 0xe7be9d, 0x1ff5},
    {0xe7bea0, 0xe7bea1, 0x2276},
    {0xe7bf8a, 0xe7bf8b, 0x1ff8},
    {0xe7bf90, 0xe7bf91, 0x1ffb},
    {0xe7bf94, 0xe7bf95, 0xd1c},
    {0xe7bf9b, 0xe7bf9c, 0x2517},
    {0xe7bfa0, 0xe7bfa1, 0x106f},
    {0xe7bfa2, 0xe7bfa3, 0x2797},
    {0xe7bfb0, 0xe7bfb1, 0x132b},
    {0xe7bfb7, 0xe7bfb8, 0x2f8f},
    {0xe7bfbd, 0xe7bfbe, 0x30e9},
    {0xe8808e, 0xe8808f, 0x1bc8},
    {0xe880bb, 0xe880bc, 0x3797},
    {0xe8818f, 0xe88190, 0x227a},
    {0xe881b1, 0xe881b2, 0x1449},
    {0xe8828b, 0xe8828c, 0x403},
    {0xe88383, 0xe88384, 0x7de},
    {0xe88599, 0xe8859a, 0x474d},
    {0xe885b9, 0xe885ba, 0xed6},
    {0xe8869b, 0xe8869d, 0x11ea},
    {0xe88791, 0xe88792, 0x2f92},
    {0xe887a0, 0xe887a1, 0x34dd},
    {0xe887b7, 0xe887b9, 0x2288},
    {0xe888aa, 0xe888ab, 0x998},
    {0xe888bc, 0xe888bd, 0x228c},
    {0xe88995, 0xe88997, 0x2c3c},
    {0xe88998, 0xe88999, 0x1334},
    {0xe889a8, 0xe889a9, 0x321d},
    {0xe88a83, 0xe88a84, 0x18e5},
    {0xe88dbb, 0xe88dbc, 0xb84},
    {0xe893a7, 0xe893a8, 0x2a03},
    {0xe894ac, 0xe894ad, 0x11f4},
    {0xe895a8, 0xe895a9, 0x1339},
    {0xe895af, 0xe895b0, 0x476b},
    {0xe897a4, 0xe897a5, 0x15b8},
    {0xe898b4, 0xe898b5, 0x33a7},
    {0xe89986, 0xe89988, 0x34df},
    {0xe899ad, 0xe899ae, 0x1a46},
    {0xe89abb, 0xe89abc, 0x204a},
    {0xe89abd, 0xe89abe, 0x204d},
    {0xe89c82, 0xe89c83, 0xef6},
    {0xe89ca6, 0xe89ca7, 0x27e8},
    {0xe89da3, 0xe89da4, 0x2a10},
    {0xe89e90, 0xe89e91, 0x2c6f},
    {0xe89fb6, 0xe89fb7, 0x310a},
    {0xe8a090, 0xe8a091, 0x322c},
    {0xe8a094, 0xe8a095, 0x163f},
    {0xe8a183, 0xe8a184, 0x1dfa},
    {0xe8a185, 0xe8a186, 0x3816},
    {0xe8a1b5, 0xe8a1b6, 0x1dfd},
    {0xe8a281, 0xe8a282, 0x9ba},
    {0xe8a2b4, 0xe8a2b5, 0x381e},
    {0xe8a381, 0xe8a382, 0xd52},
    {0xe8a38d, 0xe8a38e, 0x2579},
    {0xe8a3b1, 0xe8a3b2, 0x27f1},
    {0xe8a492, 0xe8a493, 0x120e},
    {0xe8a497, 0xe8a499, 0x2a34},
    {0xe8a4ad, 0xe8a4ae, 0x2c7a},
    {0xe8a590, 0xe8a591, 0x2fc9},
    {0xe8a59a, 0xe8a59b, 0x3116},
    {0xe8a5b9, 0xe8a5ba, 0x34e2},
    {0xe8a79a, 0xe8a79b, 0x22e7},
    {0xe8a7b2, 0xe8a7b3, 0x2e59},
    {0xe8a882, 0xe8a883, 0x808},
    {0xe8a984, 0xe8a985, 0x22f0},
    {0xe8a997, 0xe8a998, 0x22ee},
    {0xe8a9b2, 0xe8a9b3, 0xf08},
    {0xe8ab94, 0xe8ab95, 0x2a47},
    {0xe8abb4, 0xe8abb5, 0x2c88},
    {0xe8ac81, 0xe8ac82, 0x1356},
    {0xe8ad8e, 0xe8ad8f, 0x15c9},
    {0xe8adba, 0xe8adbb, 0x3314},
    {0xe8ae94, 0xe8ae95, 0x349c},
    {0xe8ae98, 0xe8ae99, 0x34e7},
    {0xe8b19c, 0xe8b19d, 0x206d},
    {0xe8b1a8, 0xe8b1a9, 0x280a},
    {0xe8b284, 0xe8b285, 0x259e},
    {0xe8b291, 0xe8b292, 0x2c96},
    {0xe8b2a1, 0xe8b2a2, 0x9cc},
    {0xe8b387, 0xe8b388, 0xf1f},
    {0xe8b391, 0xe8b392, 0x10b8},
    {0xe8b3a2, 0xe8b3a3, 0x122c},
    {0xe8b3ac, 0xe8b3ad, 0x122a},
    {0xe8b486, 0xe8b487, 0x3133},
    {0xe8b496, 0xe8b497, 0x16d9},
    {0xe8b5a8, 0xe8b5a9, 0x25a1},
    {0xe8b68e, 0xe8b68f, 0x25a5},
    {0xe8b693, 0xe8b694, 0x25a8},
    {0xe8b8a6, 0xe8b8a7, 0x2a6b},
    {0xe8b8bc, 0xe8b8bd, 0x2ca8},
    {0xe8ba96, 0xe8ba97, 0x33c2},
    {0xe8ba9e, 0xe8baa0, 0x349e},
    {0xe8bba0, 0xe8bba1, 0x207e},
    {0xe8bba7, 0xe8bba8, 0x2317},
    {0xe8bc87, 0xe8bc88, 0x25be},
    {0xe8bc90, 0xe8bc91, 0x281d},
    {0xe8bc96, 0xe8bc97, 0x2a7a},
    {0xe8bd86, 0xe8bd88, 0x2ff7},
    {0xe8bd8f, 0xe8bd90, 0x3143},
    {0xe8bd96, 0xe8bd97, 0x3242},
    {0xe8bda6, 0xe8bda7, 0x4569},
    {0xe8bebb, 0xe8bebc, 0x3d6b},
    {0xe98281, 0xe98282, 0x1495},
    {0xe9828a, 0xe9828b, 0x15d9},
    {0xe98297, 0xe98298, 0x181b},
    {0xe98399, 0xe9839a, 0x1e1f},
    {0xe983ab, 0xe983ac, 0x208d},
    {0xe983b2, 0xe983b3, 0x208a},
    {0xe984a9, 0xe984aa, 0x2a83},
    {0xe984b5, 0xe984b6, 0x2cbb},
    {0xe984ba, 0xe984bb, 0x2ffc},
    {0xe98584, 0xe98585, 0x331f},
    {0xe9858e, 0xe9858f, 0x1e2a},
    {0xe985ae, 0xe985af, 0x25cf},
    {0xe98681, 0xe98682, 0x2a8b},
    {0xe98685, 0xe98686, 0x2a88},
    {0xe98690, 0xe98691, 0x2cbe},
    {0xe986ab, 0xe986ac, 0x153c},
    {0xe986b2, 0xe986b3, 0x324c},
    {0xe987aa, 0xe987ab, 0x209c},
    {0xe98894, 0xe98895, 0xd8f},
    {0xe98b83, 0xe98b84, 0x2a90},
    {0xe98bb3, 0xe98bb4, 0x479d},
    {0xe98d90, 0xe98d91, 0x2e93},
    {0xe98f9c, 0xe98f9d, 0x15e2},
    {0xe99188, 0xe99189, 0x33ce},
    {0xe9918a, 0xe9918b, 0x33c9},
    {0xe99191, 0xe99192, 0x16e0},
    {0xe991a8, 0xe991a9, 0x34a6},
    {0xe991bd, 0xe991be, 0x175d},
    {0xe99280, 0xe99281, 0x3539},
    {0xe996a8, 0xe996a9, 0x10e0},
    {0xe996b9, 0xe996ba, 0x2cec},
    {0xe9978a, 0xe9978c, 0x14aa},
    {0xe99792, 0xe99793, 0x301d},
    {0xe9979a, 0xe9979b, 0x3163},
    {0xe9998b, 0xe9998d, 0x823},
    {0xe999a2, 0xe999a3, 0x9eb},
    {0xe999b6, 0xe999b7, 0xbd7},
    {0xe99a85, 0xe99a86, 0xda3},
    {0xe99a88, 0xe99a89, 0x2350},
    {0xe99a92, 0xe99a93, 0x25f4},
    {0xe99a94, 0xe99a95, 0xf5e},
    {0xe99aa7, 0xe99aa8, 0x1386},
    {0xe99b86, 0xe99b87, 0xdab},
    {0xe99b89, 0xe99b8a, 0xf62},
    {0xe99c86, 0xe99c87, 0x1263},
    {0xe99cab, 0xe99cac, 0x3167},
    {0xe99cae, 0xe99caf, 0x326f},
    {0xe99cb8, 0xe99cb9, 0x16a1},
    {0xe99cbd, 0xe99cbe, 0x16e2},
    {0xe99d9b, 0xe99d9c, 0x1390},
    {0xe99db7, 0xe99db8, 0x25fe},
    {0xe99f84, 0xe99f85, 0x344c},
    {0xe99f9d, 0xe99f9f, 0x316e},
    {0xe99fbd, 0xe99fbe, 0x3273},
    {0xe9a082, 0xe9a083, 0xbdf},
    {0xe9a085, 0xe9a086, 0xdb0},
    {0xe9a08d, 0xe9a08e, 0x2602},
    {0xe9a090, 0xe9a091, 0xf6b},
    {0xe9a097, 0xe9a098, 0x10ee},
    {0xe9a190, 0xe9a192, 0x3037},
    {0xe9a1a2, 0xe9a1a3, 0x3276},
    {0xe9a1b3, 0xe9a1b4, 0x3527},
    {0xe9a2ad, 0xe9a2ae, 0x2863},
    {0xe9a381, 0xe9a382, 0x3279},
    {0xe9a3bd, 0xe9a3be, 0xf73},
    {0xe9a496, 0xe9a497, 0x2acf},
    {0xe9a4ab, 0xe9a4ac, 0x2ec5},
    {0xe9a4be, 0xe9a4bf, 0x155e},
    {0xe9a6a6, 0xe9a6a7, 0x317c},
    {0xe9a793, 0xe9a794, 0x2ad5},
    {0xe9a7bd, 0xe9a7be, 0x2ed9},
    {0xe9a993, 0xe9a994, 0x33d9},
    {0xe9a99a, 0xe9a99b, 0x1713},
    {0xe9a9a6, 0xe9a9a7, 0x352d},
    {0xe9aaaf, 0xe9aab0, 0x10f7},
    {0xe9ab93, 0xe9ab94, 0x1716},
    {0xe9abae, 0xe9abaf, 0x127b},
    {0xe9ac84, 0xe9ac85, 0x304b},
    {0xe9ac97, 0xe9ac98, 0x3345},
    {0xe9ac9e, 0xe9aca0, 0x3451},
    {0xe9acbe, 0xe9acbf, 0x2874},
    {0xe9ad81, 0xe9ad82, 0x10fa},
    {0xe9ada0, 0xe9ada1, 0x2876},
    {0xe9afaa, 0xe9afab, 0x3191},
    {0xe9b0a8, 0xe9b0a9, 0x334f},
    {0xe9b1b7, 0xe9b1b8, 0x1760},
    {0xe9b3b1, 0xe9b3b2, 0x2879},
    {0xe9b4ae, 0xe9b4af, 0x2ef3},
    {0xe9b582, 0xe9b583, 0x2ef9},
    {0xe9b5b4, 0xe9b5b5, 0x31af},
    {0xe9b68b, 0xe9b68c, 0x31ab},
    {0xe9b6a6, 0xe9b6a7, 0x32b4},
    {0xe9b6b9, 0xe9b6ba, 0x3360},
    {0xe9b7b9, 0xe9b7ba, 0x173b},
    {0xe9b880, 0xe9b881, 0x34bd},
    {0xe9b9bc, 0xe9b9bd, 0x173d},
    {0xe9ba86, 0xe9ba87, 0x2d31},
    {0xe9bb95, 0xe9bb96, 0x2d35},
    {0xe9bb9c, 0xe9bb9d, 0x14c4},
    {0xe9bbb2, 0xe9bbb3, 0x3473},
    {0xe9bc8f, 0xe9bc90, 0x2afe},
    {0xe9bd80, 0xe9bd81, 0x31c1},
    {0xe9bd96, 0xe9bd98, 0x31c4},
    {0xe9bda6, 0xe9bda7, 0x16b9},
    {0xe9bdae, 0xe9bdaf, 0x347e},
    {0xe9bdb4, 0xe9bdb6, 0x34c6},
    {0xe9bead, 0xe9beae, 0x4a10},
    {0xee8080, 0xee809e, 0x400b},
    {0xee80a0, 0xee80a5, 0x402b},
    {0xee80a7, 0xee80bf, 0x4032},
    {0xee8180, 0xee8186, 0x404b},
    {0xee8187, 0xee8188, 0x4946},
    {0xee8189, 0xee819a, 0x4054},
    {0xee819c, 0xee81a2, 0x4067},
    {0xee81a4, 0xee81b2, 0x406f},
    {0xee81b4, 0xee81bf, 0x407f},
    {0xee8280, 0xee82a4, 0x408b},
    {0xee82a6, 0xee82af, 0x40b1},
    {0xee82b1, 0xee82bf, 0x40bc},
    {0xee8380, 0xee838a, 0x40cb},
    {0xee838c, 0xee839d, 0x40d7},
    {0xee839f, 0xee83b2, 0x40ea},
    {0xee83b4, 0xee83b9, 0x40ff},
    {0xee83bb, 0xee83bf, 0x4105},
    {0xee8480, 0xee8487, 0x410a},
    {0xee8489, 0xee84ad, 0x4112},
    {0xee84af, 0xee84b3, 0x4138},
    {0xee84b5, 0xee84bf, 0x413e},
    {0xee8580, 0xee8583, 0x4149},
    {0xee8585, 0xee8588, 0x414d},
    {0xee858a, 0xee858b, 0x4151},
    {0xee858d, 0xee859c, 0x4153},
    {0xee859e, 0xee85a5, 0x4163},
    {0xee85a8, 0xee85ae, 0x416d},
    {0xee85b0, 0xee85bf, 0x4174},
    {0xee8680, 0xee8690, 0x4184},
    {0xee8692, 0xee8693, 0x4195},
    {0xee8694, 0xee8695, 0x4952},
    {0xee8696, 0xee86a3, 0x4198},
    {0xee86a5, 0xee86b9, 0x41a7},
    {0xee86bc, 0xee86bf, 0x41bd},
    {0xee8780, 0xee8785, 0x41c1},
    {0xee8787, 0xee8788, 0x41c7},
    {0xee878a, 0xee879f, 0x41ca},
    {0xee87a1, 0xee87bf, 0x41e0},
    {0xee8882, 0xee88ab, 0x4201},
    {0xee88ae, 0xee88af, 0x422d},
    {0xee88b1, 0xee88bf, 0x4230},
    {0xee8980, 0xee8997, 0x423f},
    {0xee8999, 0xee89a5, 0x4258},
    {0xee89a8, 0xee89bf, 0x4266},
    {0xee8a80, 0xee8a85, 0x427e},
    {0xee8a87, 0xee8aa0, 0x4285},
    {0xee8aa4, 0xee8aab, 0x42a1},
    {0xee8aad, 0xee8abb, 0x42a9},
    {0xee8abd, 0xee8abf, 0x42b8},
    {0xee8b80, 0xee8bae, 0x42bb},
    {0xee8bb0, 0xee8bb1, 0x495d},
    {0xee8bb2, 0xee8bbe, 0x42eb},
    {0xee8c81, 0xee8c90, 0x42f8},
    {0xee8c91, 0xee8c95, 0x372b},
    {0xee8c97, 0xee8cb9, 0x3730},
    {0xee8cbc, 0xee8cbd, 0x4699},
    {0xee8cbe, 0xee8cbf, 0x3756},
    {0xee8d81, 0xee8d86, 0x3759},
    {0xee8d88, 0xee8d8b, 0x375f},
    {0xee8d8d, 0xee8d8e, 0x3764},
    {0xee8d90, 0xee8d94, 0x3766},
    {0xee8d96, 0xee8d99, 0x376b},
    {0xee8d9b, 0xee8da2, 0x3770},
    {0xee8da4, 0xee8da6, 0x3779},
    {0xee8da8, 0xee8db7, 0x377d},
    {0xee8db9, 0xee8dbb, 0x378d},
    {0xee8dbd, 0xee8dbe, 0x3791},
    {0xee8e80, 0xee8e93, 0x3794},
    {0xee8e95, 0xee8e9d, 0x37a8},
    {0xee8e9f, 0xee8ea4, 0x37b1},
    {0xee8ea6, 0xee8ebf, 0x37b8},
    {0xee8f80, 0xee8f84, 0x37d2},
    {0xee8f88, 0xee8f8c, 0x37d9},
    {0xee8f8e, 0xee8f94, 0x37de},
    {0xee8f98, 0xee8f9b, 0x37e7},
    {0xee8f9d, 0xee8fa6, 0x37ec},
    {0xee8fa8, 0xee8fbb, 0x37f7},
    {0xee8fbd, 0xee8fbf, 0x380c},
    {0xee9080, 0xee9090, 0x380f},
    {0xee9094, 0xee9095, 0x3821},
    {0xee9099, 0xee90a5, 0x3826},
    {0xee90a7, 0xee90ae, 0x3833},
    {0xee90b0, 0xee90bf, 0x383c},
    {0xee9180, 0xee9187, 0x384c},
    {0xee918b, 0xee919f, 0x3856},
    {0xee91a1, 0xee91a6, 0x386c},
    {0xee91a7, 0xee91a9, 0x46af},
    {0xee91aa, 0xee91b7, 0x3873},
    {0xee91bb, 0xee91bf, 0x3883},
    {0xee9280, 0xee9284, 0x3888},
    {0xee9286, 0xee928e, 0x388d},
    {0xee9290, 0xee92a0, 0x3896},
    {0xee92a2, 0xee92bf, 0x38a7},
    {0xee9380, 0xee9384, 0x38c5},
    {0xee9386, 0xee9399, 0x38cb},
    {0xee939b, 0xee93bf, 0x38e0},
    {0xee9480, 0xee948c, 0x3905},
    {0xee948e, 0xee9495, 0x3912},
    {0xee9497, 0xee94a5, 0x391a},
    {0xee94a9, 0xee94bf, 0x392a},
    {0xee9580, 0xee9584, 0x3941},
    {0xee9586, 0xee958d, 0x3947},
    {0xee958f, 0xee95bf, 0x3950},
    {0xee9680, 0xee9688, 0x3981},
    {0xee968a, 0xee96a8, 0x398b},
    {0xee96aa, 0xee96b1, 0x39ab},
    {0xee96b3, 0xee96bf, 0x39b4},
    {0xee9780, 0xee9791, 0x39c1},
    {0xee9792, 0xee9793, 0x119},
    {0xee9796, 0xee97aa, 0x39d3},
    {0xee97ac, 0xee97b3, 0x39e9},
    {0xee97b5, 0xee97bf, 0x39f2},
    {0xee9880, 0xee9887, 0x39fd},
    {0xee9889, 0xee9894, 0x3a05},
    {0xee9896, 0xee98bf, 0x3a11},
    {0xee9980, 0xee9989, 0x3a3b},
    {0xee998b, 0xee99a9, 0x3a45},
    {0xee99ab, 0xee99bf, 0x3a64},
    {0xee9a80, 0xee9a81, 0x3a79},
    {0xee9a83, 0xee9aa4, 0x3a7b},
    {0xee9aa6, 0xee9aa7, 0x3a9d},
    {0xee9aa9, 0xee9aaa, 0x3aa0},
    {0xee9aac, 0xee9abf, 0x3aa2},
    {0xee9b80, 0xee9b84, 0x3ab6},
    {0xee9b87, 0xee9bb7, 0x3abc},
    {0xee9bb9, 0xee9bbf, 0x3aee},
    {0xee9c80, 0xee9ca6, 0x3af5},
    {0xee9ca9, 0xee9cbf, 0x3b1e},
    {0xee9d80, 0xee9da8, 0x3b35},
    {0xee9daa, 0xee9db5, 0x3b5e},
    {0xee9db7, 0xee9dba, 0x3b6a},
    {0xee9dbc, 0xee9dbf, 0x3b6f},
    {0xee9e80, 0xee9ebf, 0x3b73},
    {0xee9f81, 0xee9f92, 0x3bb3},
    {0xee9f94, 0xee9fbc, 0x3bc6},
    {0xee9fbe, 0xee9fbf, 0x3bf0},
    {0xeea080, 0xeea089, 0x3bf2},
    {0xeea08b, 0xeea0a2, 0x3bfd},
    {0xeea0a4, 0xeea0bf, 0x3c16},
    {0xeea180, 0xeea1aa, 0x3c32},
    {0xeea1ac, 0xeea1bf, 0x3c5d},
    {0xeea280, 0xeea283, 0x3c71},
    {0xeea285, 0xeea292, 0x3c76},
    {0xeea294, 0xeea2bf, 0x3c85},
    {0xeea380, 0xeea3bf, 0x3cb1},
    {0xeea480, 0xeea4b6, 0x3cf1},
    {0xeea4b7, 0xeea4b8, 0x46ce},
    {0xeea4b9, 0xeea4bf, 0x3d2a},
    {0xeea580, 0xeea5a1, 0x3d31},
    {0xeea5a3, 0xeea5a7, 0x3d54},
    {0xeea5a8, 0xeea5a9, 0x46d1},
    {0xeea5ab, 0xeea5ac, 0x46d3},
    {0xeea5ae, 0xeea5b3, 0x46d5},
    {0xeea5b5, 0xeea5bf, 0x46db},
    {0xeea681, 0xeea684, 0x46e6},
    {0xeea68e, 0xeea68f, 0x3d5f},
    {0xeea690, 0xeea692, 0x46ee},
    {0xeea697, 0xeea698, 0x3d63},
    {0xeea699, 0xeea6a2, 0x46f3},
    {0xeea6a4, 0xeea6a8, 0x46fd},
    {0xeea6a9, 0xeea6aa, 0x43ce},
    {0xeea6ad, 0xeea6af, 0x4703},
    {0xeea6b1, 0xeea6b3, 0x4706},
    {0xeea6b5, 0xeea6b7, 0x4709},
    {0xeea6b9, 0xeea6bd, 0x470c},
    {0xeea785, 0xeea786, 0x43d5},
    {0xeea787, 0xeea78c, 0x4715},
    {0xeea790, 0xeea791, 0x471c},
    {0xeea798, 0xeea79e, 0x4720},
    {0xeea7a0, 0xeea7a3, 0x4727},
    {0xeea7a5, 0xeea7ab, 0x472b},
    {0xeea7ad, 0xeea7b3, 0x4732},
    {0xeea7b5, 0xeea7b9, 0x4739},
    {0xeea7bb, 0xeea7bd, 0x473e},
    {0xeea880, 0xeea884, 0x4742},
    {0xeea886, 0xeea887, 0x4747},
    {0xeea889, 0xeea88f, 0x4749},
    {0xeea895, 0xeea89b, 0x4752},
    {0xeea89d, 0xeea89f, 0x4759},
    {0xeea8a1, 0xeea8a3, 0x475c},
    {0xeea8a5, 0xeea8a7, 0x475f},
    {0xeea8a9, 0xeea8b7, 0x4762},
    {0xeea8b9, 0xeea8ba, 0x4771},
    {0xeea8bc, 0xeea8bf, 0x4773},
    {0xeea982, 0xeea983, 0x4778},
    {0xeea985, 0xeea98c, 0x477a},
    {0xeea98e, 0xeea98f, 0x4782},
    {0xeea997, 0xeea99c, 0x4787},
    {0xeea99e, 0xeea9a1, 0x478d},
    {0xeea9a3, 0xeea9b6, 0x4791},
    {0xeea9ba, 0xeea9bf, 0x47a6},
    {0xeeaa80, 0xeeaa85, 0x47ac},
    {0xeeaa87, 0xeeaa8b, 0x47b2},
    {0xeeaa8f, 0xeeaa92, 0x47b8},
    {0xeeaa99, 0xeeaa9f, 0x47be},
    {0xeeaaa3, 0xeeaaaa, 0x47c6},
    {0xeeaaac, 0xeeaaad, 0x47ce},
    {0xeeaab1, 0xeeaab3, 0x47d1},
    {0xeeaab6, 0xeeaabc, 0x47d4},
    {0xeeaabe, 0xeeaabf, 0x47db},
    {0xeeab80, 0xeeab81, 0x47dd},
    {0xeeab89, 0xeeab91, 0x47e2},
    {0xeeab93, 0xeeab9a, 0x47eb},
    {0xeeab9e, 0xeeaba3, 0x47f4},
    {0xeeaba4, 0xeeaba6, 0x3d86},
    {0xeeaba7, 0xeeabac, 0x47fa},
    {0xeeabb0, 0xeeabb2, 0x4801},
    {0xeeabb5, 0xeeabb8, 0x4804},
    {0xeeabba, 0xeeabbc, 0x4808},
    {0xeeabbe, 0xeeabbf, 0x480b},
    {0xeeac82, 0xeeac85, 0x480e},
    {0xeeac87, 0xeeac8f, 0x4812},
    {0xeeac91, 0xeeac93, 0x481b},
    {0xeeac95, 0xeeac9d, 0x481e},
    {0xeeac9f, 0xeeaca1, 0x4827},
    {0xeeaca8, 0xeeaca9, 0x3d96},
    {0xeeacac, 0xeeacb9, 0x482e},
    {0xeeacba, 0xeeacbd, 0x3d98},
    {0xeeacbe, 0xeeacbf, 0x483c},
    {0xeead83, 0xeead84, 0x483e},
    {0xeead88, 0xeead89, 0x3da1},
    {0xeead8b, 0xeead8c, 0x3da3},
    {0xeead8d, 0xeead8e, 0x4842},
    {0xeead8f, 0xeead92, 0x3da5},
    {0xeead95, 0xeead96, 0x4845},
    {0xeead98, 0xeead99, 0x4847},
    {0xeead9a, 0xeeada1, 0x3dab},
    {0xeeada2, 0xeeada5, 0x4849},
    {0xeeada8, 0xeeadad, 0x3db4},
    {0xeeadaf, 0xeeadb1, 0x484e},
    {0xeeadb8, 0xeeadb9, 0x3dbd},
    {0xeeadbe, 0xeeadbf, 0x4856},
    {0xeeae80, 0xeeae82, 0x3dc1},
    {0xeeae83, 0xeeae84, 0x4858},
    {0xeeae8c, 0xeeae8e, 0x485c},
    {0xeeae91, 0xeeae93, 0x3dc9},
    {0xeeae96, 0xeeae97, 0x3dcd},
    {0xeeae98, 0xeeae9a, 0x4861},
    {0xeeae9c, 0xeeae9d, 0x4864},
    {0xeeaea0, 0xeeaea1, 0x3dd1},
    {0xeeaea3, 0xeeaea4, 0x3dd3},
    {0xeeaea5, 0xeeaea6, 0x4868},
    {0xeeaea7, 0xeeaea8, 0x3dd5},
    {0xeeaeab, 0xeeaead, 0x3dd8},
    {0xeeaeb2, 0xeeaeb3, 0x486d},
    {0xeeaeb4, 0xeeaeb9, 0x3ddd},
    {0xeeaebe, 0xeeaebf, 0x3de5},
    {0xeeaf80, 0xeeaf82, 0x3de7},
    {0xeeaf85, 0xeeaf86, 0x4872},
    {0xeeaf8b, 0xeeaf8d, 0x3ded},
    {0xeeaf96, 0xeeaf99, 0x3df3},
    {0xeeaf9a, 0xeeaf9b, 0x487a},
    {0xeeaf9c, 0xeeaf9d, 0x3df7},
    {0xeeafa2, 0xeeafa3, 0x3dfb},
    {0xeeafa5, 0xeeafa7, 0x3dfd},
    {0xeeafa8, 0xeeafa9, 0x487f},
    {0xeeafab, 0xeeafac, 0x4881},
    {0xeeafad, 0xeeafae, 0x3e01},
    {0xeeafb2, 0xeeafb3, 0x3e04},
    {0xeeafb4, 0xeeafb5, 0x4885},
    {0xeeafb6, 0xeeafbf, 0x3e06},
    {0xeeb083, 0xeeb087, 0x3e12},
    {0xeeb088, 0xeeb08a, 0x4888},
    {0xeeb08b, 0xeeb092, 0x3e17},
    {0xeeb096, 0xeeb098, 0x3e21},
    {0xeeb099, 0xeeb09c, 0x488c},
    {0xeeb09d, 0xeeb09f, 0x3e24},
    {0xeeb0a1, 0xeeb0aa, 0x3e27},
    {0xeeb0ac, 0xeeb0ae, 0x3e31},
    {0xeeb0b0, 0xeeb0b1, 0x3e34},
    {0xeeb0b3, 0xeeb0be, 0x3e36},
    {0xeeb180, 0xeeb181, 0x4895},
    {0xeeb185, 0xeeb189, 0x4898},
    {0xeeb18b, 0xeeb18c, 0x489d},
    {0xeeb18e, 0xeeb18f, 0x489f},
    {0xeeb190, 0xeeb191, 0x3e46},
    {0xeeb196, 0xeeb198, 0x48a3},
    {0xeeb19c, 0xeeb19d, 0x48a7},
    {0xeeb19f, 0xeeb1a4, 0x48a9},
    {0xeeb1a9, 0xeeb1bb, 0x48b0},
    {0xeeb1be, 0xeeb1bf, 0x48c3},
    {0xeeb280, 0xeeb281, 0x48c5},
    {0xeeb283, 0xeeb286, 0x48c7},
    {0xeeb287, 0xeeb28a, 0x3e50},
    {0xeeb28e, 0xeeb28f, 0x3e55},
    {0xeeb290, 0xeeb291, 0x48cd},
    {0xeeb293, 0xeeb294, 0x48cf},
    {0xeeb29a, 0xeeb29d, 0x48d3},
    {0xeeb29e, 0xeeb29f, 0x3e5c},
    {0xeeb2a1, 0xeeb2a2, 0x3e5e},
    {0xeeb2a3, 0xeeb2a4, 0x48d8},
    {0xeeb2a7, 0xeeb2a8, 0x48da},
    {0xeeb2a9, 0xeeb2aa, 0x3e62},
    {0xeeb2ad, 0xeeb2ae, 0x48dd},
    {0xeeb2af, 0xeeb2b3, 0x3e65},
    {0xeeb2b5, 0xeeb2b7, 0x3e6a},
    {0xeeb2b8, 0xeeb2bb, 0x48e0},
    {0xeeb2bc, 0xeeb2bf, 0x3e6d},
    {0xeeb380, 0xeeb39d, 0x3e71},
    {0xeeb39f, 0xeeb3a3, 0x3e8f},
    {0xeeb3a5, 0xeeb3bf, 0x3e95},
    {0xeeb481, 0xeeb483, 0x3eb1},
    {0xeeb485, 0xeeb486, 0x3eb4},
    {0xeeb487, 0xeeb488, 0x48e8},
    {0xeeb48c, 0xeeb491, 0x48eb},
    {0xeeb495, 0xeeb497, 0x48f2},
    {0xeeb498, 0xeeb499, 0x3eba},
    {0xeeb49f, 0xeeb4a1, 0x3ebe},
    {0xeeb4a3, 0xeeb4a5, 0x3ec1},
    {0xeeb4a6, 0xeeb4a7, 0x48f9},
    {0xeeb4ab, 0xeeb4ac, 0x3ec6},
    {0xeeb4ae, 0xeeb4b0, 0x3ec8},
    {0xeeb4b1, 0xeeb4b2, 0x48fd},
    {0xeeb4b5, 0xeeb4b6, 0x3ecc},
    {0xeeb4b9, 0xeeb4ba, 0x4901},
    {0xeeb4bc, 0xeeb4bd, 0x4903},
    {0xeeb4be, 0xeeb4bf, 0x3ed0},
    {0xeeb580, 0xeeb582, 0x4905},
    {0xeeb583, 0xeeb584, 0x3ed2},
    {0xeeb586, 0xeeb589, 0x3ed4},
    {0xeeb58a, 0xeeb58b, 0x4909},
    {0xeeb58d, 0xeeb58e, 0x490b},
    {0xeeb58f, 0xeeb590, 0x3eda},
    {0xeeb593, 0xeeb594, 0x490e},
    {0xeeb595, 0xeeb596, 0x3edd},
    {0xeeb597, 0xeeb598, 0x4910},
    {0xeeb599, 0xeeb5ad, 0x3edf},
    {0xeeb5af, 0xeeb5b0, 0x3ef5},
    {0xeeb5b2, 0xeeb5b4, 0x3ef7},
    {0xeeb5b5, 0xeeb5b7, 0x4913},
    {0xeeb5b8, 0xeeb5b9, 0x3efa},
    {0xeeb5bd, 0xeeb5bf, 0x3efe},
    {0xeeb682, 0xeeb685, 0x3f02},
    {0xeeb687, 0xeeb688, 0x3f06},
    {0xeeb689, 0xeeb68a, 0x4919},
    {0xeeb68b, 0xeeb69d, 0x3f08},
    {0xeeb69f, 0xeeb6a3, 0x3f1c},
    {0xeeb6a5, 0xeeb6a6, 0x491b},
    {0xeeb6a7, 0xeeb6ad, 0x3f23},
    {0xeeb6af, 0xeeb6bf, 0x3f2a},
    {0xeeb780, 0xeeb790, 0x3f3b},
    {0xeeb792, 0xeeb796, 0x3f4c},
    {0xeeb798, 0xeeb79a, 0x3f51},
    {0xeeb79e, 0xeeb7a6, 0x3f55},
    {0xeeb7a9, 0xeeb7af, 0x3f60},
    {0xeeb7b1, 0xeeb7b3, 0x3f68},
    {0xeeb7b5, 0xeeb7bf, 0x3f6c},
    {0xeeb881, 0xeeb894, 0x3f77},
    {0xeeb896, 0xeeb89a, 0x3f8b},
    {0xeeb89c, 0xeeb8a1, 0x3f90},
    {0xeeb8a3, 0xeeb8af, 0x3f96},
    {0xeeb8b1, 0xeeb8bd, 0x3fa3},
    {0xeeb980, 0xeeb987, 0x3fb2},
    {0xeeb989, 0xeeb991, 0x3fba},
    {0xeeb993, 0xeeb995, 0x3fc4},
    {0xeeb997, 0xeeb99a, 0x3fc7},
    {0xeeb99c, 0xeeb99f, 0x3fcb},
    {0xeeb9a1, 0xeeb9bd, 0x3fcf},
    {0xeeba80, 0xeeba88, 0x3fed},
    {0xeeba8a, 0xeeba8d, 0x3ff6},
    {0xeeba8f, 0xeeba97, 0x3ffb},
    {0xeeba99, 0xeeba9b, 0x4005},
    {0xeeba9e, 0xeeba9f, 0x4009},
    {0xeebaa0, 0xeebaa6, 0x4930},
    {0xeebaa8, 0xeebaaa, 0x4937},
    {0xeebaac, 0xeebab7, 0x493a},
    {0xef8c83, 0xef8c98, 0x44c9},
    {0xef8c99, 0xef8cbf, 0x4961},
    {0xef8d80, 0xef8d89, 0x4988},
    {0xef8d8a, 0xef8d8b, 0x499c},
    {0xef8ea0, 0xef8ea1, 0x4534},
    {0xef8ea6, 0xef8ea9, 0x4537},
    {0xef8eae, 0xef8eb0, 0x453c},
    {0xef8eb2, 0xef8ebf, 0x453f},
    {0xef8f80, 0xef8fa3, 0x454d},
    {0xef8fae, 0xef8fb0, 0x4573},
    {0xef8fb3, 0xef8fbd, 0x4576},
    {0xef9080, 0xef9081, 0x4582},
    {0xef9083, 0xef908c, 0x4584},
    {0xef908e, 0xef9096, 0x458e},
    {0xef909c, 0xef909e, 0x4599},
    {0xef90a2, 0xef90a7, 0x459d},
    {0xef90a8, 0xef90a9, 0x43a5},
    {0xef90aa, 0xef90b7, 0x45a3},
    {0xef90b9, 0xef90bd, 0x45b1},
    {0xef9180, 0xef9189, 0x430b},
    {0xef918b, 0xef9196, 0x4316},
    {0xef9198, 0xef919a, 0x4323},
    {0xef919c, 0xef919f, 0x4327},
    {0xef91a1, 0xef91ad, 0x432c},
    {0xef91af, 0xef91b1, 0x433a},
    {0xef91b5, 0xef91b6, 0x4340},
    {0xef91bc, 0xef91bf, 0x4347},
    {0xef9280, 0xef9282, 0x434b},
    {0xef9284, 0xef9285, 0x434f},
    {0xef9287, 0xef928b, 0x4352},
    {0xef928d, 0xef9290, 0x4358},
    {0xef9296, 0xef92a2, 0x4361},
    {0xef92a4, 0xef92a6, 0x436f},
    {0xef92a9, 0xef92b0, 0x4374},
    {0xef92b1, 0xef92b2, 0x45c2},
    {0xef92b3, 0xef92b7, 0x437e},
    {0xef92ba, 0xef92bf, 0x4385},
    {0xef9383, 0xef938f, 0x45c5},
    {0xef9391, 0xef939a, 0x45d2},
    {0xef939b, 0xef939c, 0x438c},
    {0xef939d, 0xef939e, 0x45dc},
    {0xef93a7, 0xef93aa, 0x4392},
    {0xef93ab, 0xef93ad, 0x45e2},
    {0xef93af, 0xef93b1, 0x45e5},
    {0xef93b6, 0xef93ba, 0x45e9},
    {0xef93bc, 0xef93bf, 0x45ee},
    {0xef9480, 0xef9481, 0x45f2},
    {0xef9483, 0xef94b7, 0x45f4},
    {0xef94b8, 0xef94bf, 0x44df},
    {0xef9580, 0xef9594, 0x44e7},
    {0xef9596, 0xef95b5, 0x44fc},
    {0xef95b9, 0xef95bb, 0x49a3},
    {0xef9680, 0xef9683, 0x49aa},
    {0xef968b, 0xef968f, 0x49b5},
    {0xef9693, 0xef9694, 0x49bd},
    {0xef9696, 0xef9697, 0x49c0},
    {0xef969b, 0xef969c, 0x49c4},
    {0xef96a3, 0xef96a4, 0x49cc},
    {0xef9784, 0xef9785, 0x49ec},
    {0xef9795, 0xef9799, 0x49fd},
    {0xef97a6, 0xef97a8, 0x4a0a},
    {0xef97aa, 0xef97ad, 0x4a0e},
    {0xef98b4, 0xef98b5, 0x4629},
    {0xef98b7, 0xef98bb, 0x462b},
    {0xef9980, 0xef9981, 0x4631},
    {0xef9983, 0xef9989, 0x4633},
    {0xef998b, 0xef998d, 0x463a},
    {0xef9991, 0xef9996, 0x463e},
    {0xef9998, 0xef9999, 0x4644},
    {0xef999c, 0xef99a7, 0x4646},
    {0xef99a9, 0xef99b4, 0x4652},
    {0xef99b6, 0xef99bf, 0x465e},
    {0xef9a80, 0xef9aab, 0x4668},
    {0xef9aad, 0xef9ab0, 0x4694},
    {0xef9ab1, 0xef9abf, 0x1fa},
    {0xef9b80, 0xef9b8e, 0x209},
    {0xef9b8f, 0xef9b9e, 0x219},
    {0xef9ba0, 0xef9ba2, 0x22a},
    {0xef9ba8, 0xef9bad, 0x35b3},
    {0xef9bb0, 0xef9bbf, 0x35ba},
    {0xef9c80, 0xef9cbf, 0x35ca},
    {0xef9d80, 0xef9dbf, 0x360a},
    {0xef9e80, 0xef9ebf, 0x364a},
    {0xef9f80, 0xef9fae, 0x368a},
    {0xefa097, 0xefa09d, 0x36e1},
    {0xefa09e, 0xefa0a0, 0x44c6},
    {0xefa0a1, 0xefa0a9, 0x451c},
    {0xefa0ab, 0xefa0b2, 0x4525},
    {0xefa0b4, 0xefa0ba, 0x452d},
    {0xefa180, 0xefa188, 0x4993},
    {0xefb890, 0xefb892, 0x3713},
    {0xefb8b5, 0xefb8b6, 0x82},
    {0xefb8b7, 0xefb8b8, 0x86},
    {0xefb8b9, 0xefb8ba, 0x8a},
    {0xefb8bb, 0xefb8bc, 0x8e},
    {0xefb8bd, 0xefb8be, 0x92},
    {0xefb981, 0xefb982, 0x9a},
    {0xefb983, 0xefb984, 0x9e},
    {0xefb989, 0xefb98a, 0xc7},
    {0xefb98b, 0xefb98c, 0xcb},
    {0xefb98d, 0xefb98e, 0xc9},
    {0xefb990, 0xefb992, 0x70},
    {0xefb994, 0xefb997, 0x74},
    {0xefb999, 0xefb99e, 0xa0},
    {0xefb99f, 0xefb9a1, 0xcd},
    {0xefb9a2, 0xefb9a6, 0xdf},
    {0xefb9a9, 0xefb9ab, 0x10c},
    {0xefbc88, 0xefbc89, 0x80},
    {0xefbc90, 0xefbc99, 0x14d},
    {0xefbca1, 0xefbcba, 0x16d},
    {0xefbd81, 0xefbd9a, 0x187},
    {0xefbfa0, 0xefbfa1, 0x106},
    {0xf0a0b5be, 0xf0a0b5bf, 0x45dc},
    {0xf0a1809d, 0xf0a1809e, 0x4604},
    {0xf0a183b5, 0xf0a183b6, 0x4606},
    {0xf0a1a483, 0xf0a1a484, 0x3a32},
    {0xf0a386a4, 0xf0a386a5, 0x41b5},
    {0xf0a387b7, 0xf0a387b8, 0x41b2},
    {0xf0a48596, 0xf0a48597, 0x4250},
    {0xf0a8a7a7, 0xf0a8a7a8, 0x48a2},
};

pdf_cmap_t cmap_UNICNS_UTF8_H = {
    .name = "UniCNS-UTF8-H",
    .worldwide = true,
    .unicode_map_len = 17442,
    .unicode_map = unicode_map_UNICNS_UTF8_H,
    .char_range_map_len = 1126,
    .char_range_map = char_range_map_UNICNS_UTF8_H,
    .not_def_range_len = 1,
    .not_def_range = not_def_range_UNICNS_UTF8_H,
    .code_range_map_len = 4,
    .code_range_map = code_range_map_UNICNS_UTF8_H,
    .next = NULL
};

