#include "../pdf-private.h"

static pdf_code_range_map_t code_range_map_UNIGB_UTF8_H[] = {
    {1, 0x00, 0x7f},
    {2, 0xc080, 0xdfbf},
    {3, 0xe08080, 0xefbfbf},
    {4, 0xf0808080, 0xf7bfbfbf},
};

static pdf_char_range_map_t not_def_range_UNIGB_UTF8_H[] = {
    {0x00, 0x1f, 0x1},
};

static pdf_unicode_map_t unicode_map_UNIGB_UTF8_H[] = {
    {0x1, 0xc2a0},
    {0xa7, 0xc2a4},
    {0x5752, 0xc2a5},
    {0xab, 0xc2a7},
    {0x66, 0xc2a8},
    {0x1e21, 0xc2a9},
    {0xe, 0xc2ad},
    {0xa2, 0xc2b0},
    {0x7f, 0xc2b1},
    {0x63, 0xc2b7},
    {0x80, 0xc397},
    {0x29f, 0xc3a0},
    {0x29d, 0xc3a1},
    {0x2a3, 0xc3a8},
    {0x2a1, 0xc3a9},
    {0x2b5, 0xc3aa},
    {0x2a7, 0xc3ac},
    {0x2a5, 0xc3ad},
    {0x2ab, 0xc3b2},
    {0x2a9, 0xc3b3},
    {0x81, 0xc3b7},
    {0x2af, 0xc3b9},
    {0x2ad, 0xc3ba},
    {0x2b4, 0xc3bc},
    {0x29c, 0xc481},
    {0x2a0, 0xc493},
    {0x2a2, 0xc49b},
    {0x2a4, 0xc4ab},
    {0x2b8, 0xc584},
    {0x2b9, 0xc588},
    {0x2a8, 0xc58d},
    {0x2ac, 0xc5ab},
    {0x29e, 0xc78e},
    {0x2a6, 0xc790},
    {0x2aa, 0xc792},
    {0x2ae, 0xc794},
    {0x2b0, 0xc796},
    {0x2b1, 0xc798},
    {0x2b2, 0xc79a},
    {0x2b3, 0xc79c},
    {0x2ba, 0xc7b9},
    {0x2b6, 0xc991},
    {0x2bb, 0xc9a1},
    {0x65, 0xcb87},
    {0x64, 0xcb89},
    {0x26b5, 0xcb99},
    {0x260, 0xd081},
    {0x281, 0xd191},
    {0x2b7, 0xe1b8bf},
    {0x1e24, 0xe28082},
    {0x2722, 0xe28090},
    {0x26b6, 0xe28093},
    {0x69, 0xe28094},
    {0x26b7, 0xe28095},
    {0x6b, 0xe28096},
    {0x63, 0xe280a2},
    {0x26b8, 0xe280a5},
    {0x6c, 0xe280a6},
    {0xaa, 0xe280b0},
    {0x26b9, 0xe280b5},
    {0xb8, 0xe280bb},
    {0x257, 0xe2819d},
    {0x5751, 0xe282ac},
    {0xa5, 0xe28483},
    {0x26ba, 0xe28485},
    {0x26bb, 0xe28489},
    {0xac, 0xe28496},
    {0x2720, 0xe284a1},
    {0x1e22, 0xe284a2},
    {0xb9, 0xe28692},
    {0xbc, 0xe28693},
    {0x89, 0xe28888},
    {0x86, 0xe2888f},
    {0x85, 0xe28891},
    {0x26c0, 0xe28895},
    {0x8b, 0xe2889a},
    {0x97, 0xe2889d},
    {0x9d, 0xe2889e},
    {0x26c1, 0xe2889f},
    {0x8e, 0xe288a0},
    {0x26c2, 0xe288a3},
    {0x8d, 0xe288a5},
    {0x88, 0xe288a9},
    {0x87, 0xe288aa},
    {0x91, 0xe288ab},
    {0x92, 0xe288ae},
    {0x9f, 0xe288b4},
    {0x9e, 0xe288b5},
    {0x82, 0xe288b6},
    {0x8a, 0xe288b7},
    {0x96, 0xe288bd},
    {0x95, 0xe28988},
    {0x94, 0xe2898c},
    {0x26c3, 0xe28992},
    {0x98, 0xe289a0},
    {0x93, 0xe289a1},
    {0x2704, 0xe28a95},
    {0x90, 0xe28a99},
    {0x8c, 0xe28aa5},
    {0x26c6, 0xe28abf},
    {0x6c, 0xe28baf},
    {0x8f, 0xe28c92},
    {0xb5, 0xe296a0},
    {0xb4, 0xe296a1},
    {0xb7, 0xe296b2},
    {0xb6, 0xe296b3},
    {0xb3, 0xe29786},
    {0xb2, 0xe29787},
    {0xaf, 0xe2978b},
    {0xb1, 0xe2978e},
    {0xb0, 0xe2978f},
    {0xae, 0xe29885},
    {0xad, 0xe29886},
    {0x2703, 0xe29889},
    {0xa1, 0xe29980},
    {0xa0, 0xe29982},
    {0x579c, 0xe2ba80},
    {0x561f, 0xe2ba81},
    {0x5623, 0xe2ba84},
    {0x5626, 0xe2ba88},
    {0x5627, 0xe2ba8b},
    {0x562c, 0xe2ba8c},
    {0x562d, 0xe2ba97},
    {0x563a, 0xe2baa7},
    {0x563d, 0xe2baaa},
    {0x5640, 0xe2baae},
    {0x5642, 0xe2bab3},
    {0x5648, 0xe2babb},
    {0x5652, 0xe2bb8a},
    {0x1042, 0xe2bc80},
    {0x1263, 0xe2bc81},
    {0x1272, 0xe2bc82},
    {0x1265, 0xe2bc83},
    {0x1059, 0xe2bc84},
    {0x2793, 0xe2bc85},
    {0x63d, 0xe2bc86},
    {0x1303, 0xe2bc87},
    {0xca6, 0xe2bc88},
    {0x638, 0xe2bc89},
    {0xcc6, 0xe2bc8a},
    {0x3d6, 0xe2bc8b},
    {0x129d, 0xe2bc8c},
    {0x1314, 0xe2bc8d},
    {0x130f, 0xe2bc8e},
    {0x82b, 0xe2bc8f},
    {0x1399, 0xe2bc90},
    {0x597, 0xe2bc91},
    {0x9ef, 0xe2bc92},
    {0x12fc, 0xe2bc93},
    {0x1266, 0xe2bc94},
    {0x1284, 0xe2bc95},
    {0x2a1a, 0xe2bc96},
    {0xd45, 0xe2bc97},
    {0x47e, 0xe2bc98},
    {0x1352, 0xe2bc99},
    {0x4cc, 0xe2bc9a},
    {0x139c, 0xe2bc9b},
    {0x10bb, 0xe2bc9c},
    {0x967, 0xe2bc9d},
    {0x1593, 0xe2bc9e},
    {0xe72, 0xe2bc9f},
    {0xd56, 0xe2bca0},
    {0x161c, 0xe2bca1},
    {0x2d2d, 0xe2bca2},
    {0xf13, 0xe2bca3},
    {0x576, 0xe2bca4},
    {0xb6f, 0xe2bca5},
    {0x1230, 0xe2bca6},
    {0x172e, 0xe2bca7},
    {0x56a, 0xe2bca8},
    {0xf6c, 0xe2bca9},
    {0x14b6, 0xe2bcaa},
    {0xd43, 0xe2bcab},
    {0x1774, 0xe2bcac},
    {0xcf6, 0xe2bcad},
    {0x1815, 0xe2bcae},
    {0x6fd, 0xe2bcaf},
    {0x82d, 0xe2bcb0},
    {0x8be, 0xe2bcb1},
    {0x6c4, 0xe2bcb2},
    {0x1813, 0xe2bcb3},
    {0x73c, 0xe2bcb4},
    {0x1398, 0xe2bcb5},
    {0x14ad, 0xe2bcb6},
    {0x14f6, 0xe2bcb7},
    {0x706, 0xe2bcb8},
    {0x1762, 0xe2bcb9},
    {0x15ee, 0xe2bcba},
    {0x15e0, 0xe2bcbb},
    {0xf8f, 0xe2bcbc},
    {0x6e5, 0xe2bcbd},
    {0x3292, 0xe2bcbe},
    {0xd6d, 0xe2bcbf},
    {0x11a6, 0xe2bd80},
    {0x1909, 0xe2bd81},
    {0xed3, 0xe2bd82},
    {0x5f6, 0xe2bd83},
    {0x8c0, 0xe2bd84},
    {0x65a, 0xe2bd85},
    {0xeed, 0xe2bd86},
    {0xcb0, 0xe2bd87},
    {0x10fe, 0xe2bd88},
    {0x1105, 0xe2bd89},
    {0xb21, 0xe2bd8a},
    {0xc34, 0xe2bd8b},
    {0x11b8, 0xe2bd8c},
    {0x578, 0xe2bd8d},
    {0x19bd, 0xe2bd8e},
    {0xef2, 0xe2bd8f},
    {0x431, 0xe2bd90},
    {0xab0, 0xe2bd91},
    {0xd66, 0xe2bd92},
    {0xc17, 0xe2bd93},
    {0xda3, 0xe2bd94},
    {0x805, 0xe2bd95},
    {0x1203, 0xe2bd96},
    {0x6b3, 0xe2bd97},
    {0x1269, 0xe2bd98},
    {0x169d, 0xe2bd99},
    {0xbcb, 0xe2bd9a},
    {0xfe9, 0xe2bd9b},
    {0xb64, 0xe2bd9c},
    {0xc89, 0xe2bd9d},
    {0xfc9, 0xe2bd9e},
    {0x10d6, 0xe2bd9f},
    {0x728, 0xe2bda0},
    {0xe90, 0xe2bda1},
    {0x6c5, 0xe2bda2},
    {0xd33, 0xe2bda3},
    {0x10a8, 0xe2bda4},
    {0xe42, 0xe2bda5},
    {0x1bc6, 0xe2bda6},
    {0x1b60, 0xe2bda7},
    {0x3ebf, 0xe2bda8},
    {0x3e2, 0xe2bda9},
    {0xbc3, 0xe2bdaa},
    {0xaf8, 0xe2bdab},
    {0xb22, 0xe2bdac},
    {0xab1, 0xe2bdad},
    {0xd4f, 0xe2bdae},
    {0xd46, 0xe2bdaf},
    {0xd55, 0xe2bdb0},
    {0x40cb, 0xe2bdb1},
    {0x783, 0xe2bdb2},
    {0xfd1, 0xe2bdb3},
    {0x9eb, 0xe2bdb4},
    {0x11f0, 0xe2bdb5},
    {0xadc, 0xe2bdb6},
    {0x1ce7, 0xe2bdb7},
    {0x1c5e, 0xe2bdb8},
    {0xea9, 0xe2bdb9},
    {0x101b, 0xe2bdba},
    {0x10d5, 0xe2bdbb},
    {0x9ba, 0xe2bdbc},
    {0x637, 0xe2bdbd},
    {0x1bcb, 0xe2bdbe},
    {0x639, 0xe2bdbf},
    {0x1a1e, 0xe2be80},
    {0xcbd, 0xe2be81},
    {0x4e1, 0xe2be82},
    {0x1231, 0xe2be83},
    {0x11c0, 0xe2be84},
    {0x8f9, 0xe2be85},
    {0xd19, 0xe2be86},
    {0x1618, 0xe2be87},
    {0x11da, 0xe2be88},
    {0x1cdc, 0xe2be89},
    {0xce4, 0xe2be8a},
    {0x45a2, 0xe2be8b},
    {0x1bf0, 0xe2be8c},
    {0x50b, 0xe2be8d},
    {0xfd3, 0xe2be8e},
    {0xf9b, 0xe2be8f},
    {0x1049, 0xe2be90},
    {0x49dc, 0xe2be91},
    {0x1f96, 0xe2be92},
    {0x898, 0xe2be93},
    {0xffd, 0xe2be94},
    {0x721, 0xe2be95},
    {0x5f8, 0xe2be96},
    {0x1d15, 0xe2be97},
    {0x1d50, 0xe2be98},
    {0x1e3b, 0xe2be99},
    {0x505, 0xe2be9a},
    {0x123c, 0xe2be9b},
    {0x1240, 0xe2be9c},
    {0xd26, 0xe2be9d},
    {0x1e7b, 0xe2be9e},
    {0xf8c, 0xe2be9f},
    {0x4e2, 0xe2bea0},
    {0x4d13, 0xe2bea1},
    {0x105f, 0xe2bea2},
    {0x10b4, 0xe2bea3},
    {0x4e18, 0xe2bea4},
    {0x9da, 0xe2bea5},
    {0x8c1, 0xe2bea6},
    {0x1e75, 0xe2bea7},
    {0x207d, 0xe2bea8},
    {0x6b2, 0xe2bea9},
    {0x9ee, 0xe2beaa},
    {0x1d79, 0xe2beab},
    {0x10cf, 0xe2beac},
    {0x50ea, 0xe2bead},
    {0x664, 0xe2beae},
    {0xaeb, 0xe2beaf},
    {0x6ea, 0xe2beb0},
    {0x218d, 0xe2beb1},
    {0x8f1, 0xe2beb2},
    {0x107b, 0xe2beb3},
    {0x2209, 0xe2beb4},
    {0x1f00, 0xe2beb5},
    {0x1ef4, 0xe2beb6},
    {0xd4a, 0xe2beb7},
    {0xd6e, 0xe2beb8},
    {0xf50, 0xe2beb9},
    {0x206d, 0xe2beba},
    {0x720, 0xe2bebb},
    {0x6da, 0xe2bebc},
    {0x1dec, 0xe2bebd},
    {0x1ed0, 0xe2bebe},
    {0x139b, 0xe2bebf},
    {0x1260, 0xe2bf80},
    {0x746, 0xe2bf81},
    {0x2239, 0xe2bf82},
    {0x209c, 0xe2bf83},
    {0x2688, 0xe2bf84},
    {0xa60, 0xe2bf85},
    {0x2071, 0xe2bf86},
    {0xa90, 0xe2bf87},
    {0x5586, 0xe2bf88},
    {0xd89, 0xe2bf89},
    {0x791, 0xe2bf8a},
    {0x1a55, 0xe2bf8b},
    {0x2618, 0xe2bf8c},
    {0x5e5, 0xe2bf8d},
    {0x71d, 0xe2bf8e},
    {0xd8a, 0xe2bf8f},
    {0x430, 0xe2bf90},
    {0x20c6, 0xe2bf91},
    {0x1e86, 0xe2bf92},
    {0x2037, 0xe2bf93},
    {0x1f34, 0xe2bf94},
    {0x12f3, 0xe2bf95},
    {0x67, 0xe38083},
    {0x68, 0xe38085},
    {0x2728, 0xe38086},
    {0x1e17, 0xe38087},
    {0x2705, 0xe38092},
    {0xbd, 0xe38093},
    {0x274b, 0xe380be},
    {0x5755, 0xe380bf},
    {0x5767, 0xe38294},
    {0x575a, 0xe38295},
    {0x575c, 0xe38296},
    {0x5776, 0xe383b7},
    {0x5778, 0xe383b8},
    {0x5777, 0xe383b9},
    {0x5779, 0xe383ba},
    {0x63, 0xe383bb},
    {0x2723, 0xe383bc},
    {0x2e1, 0xe384a7},
    {0x2721, 0xe388b1},
    {0x2711, 0xe38aa3},
    {0x2717, 0xe38ea1},
    {0x2718, 0xe38f84},
    {0x2719, 0xe38f8e},
    {0x271c, 0xe38f95},
    {0x5625, 0xe39187},
    {0x5624, 0xe391b3},
    {0x5629, 0xe3969e},
    {0x562b, 0xe3988e},
    {0x562a, 0xe3989a},
    {0x562f, 0xe3a498},
    {0x562e, 0xe3a5ae},
    {0x5631, 0xe3a78f},
    {0x5634, 0xe3a790},
    {0x5632, 0xe3a79f},
    {0x5633, 0xe3a9b3},
    {0x5637, 0xe3ad8e},
    {0x5638, 0xe3b1ae},
    {0x5639, 0xe3b3a0},
    {0x563e, 0xe48196},
    {0x563f, 0xe4859f},
    {0x5641, 0xe48cb7},
    {0x5647, 0xe48eac},
    {0x5646, 0xe48eb1},
    {0x5649, 0xe48f9d},
    {0x564a, 0xe49396},
    {0x564c, 0xe4998c},
    {0x564b, 0xe499a1},
    {0x564e, 0xe49ca3},
    {0x564f, 0xe49ca9},
    {0x5650, 0xe49dbc},
    {0x5651, 0xe49e8d},
    {0x5653, 0xe4a587},
    {0x5654, 0xe4a5ba},
    {0x5655, 0xe4a5bd},
    {0x6d65, 0xe4a684},
    {0x565b, 0xe4a69b},
    {0x565a, 0xe4a69f},
    {0x565d, 0xe4a6b6},
    {0x565c, 0xe4a6b7},
    {0x5664, 0xe4b1b7},
    {0x5665, 0xe4b2a2},
    {0x5660, 0xe4b2a3},
    {0x566d, 0xe4b6ae},
    {0x1042, 0xe4b880},
    {0x5e0, 0xe4b881},
    {0x2758, 0xe4b882},
    {0xbfe, 0xe4b883},
    {0xea3, 0xe4b887},
    {0x116a, 0xe4b888},
    {0xcd8, 0xe4b889},
    {0xd08, 0xe4b88a},
    {0xf2f, 0xe4b88b},
    {0x1258, 0xe4b88c},
    {0x482, 0xe4b88d},
    {0x10d0, 0xe4b88e},
    {0x275c, 0xe4b88f},
    {0x125a, 0xe4b890},
    {0x518, 0xe4b891},
    {0x275d, 0xe4b892},
    {0x1205, 0xe4b893},
    {0xc4f, 0xe4b894},
    {0x125d, 0xe4b895},
    {0xd57, 0xe4b896},
    {0x275e, 0xe4b897},
    {0xc6d, 0xe4b898},
    {0x464, 0xe4b899},
    {0x103c, 0xe4b89a},
    {0x557, 0xe4b89b},
    {0x5ea, 0xe4b89c},
    {0xdb4, 0xe4b89d},
    {0x125f, 0xe4b89e},
    {0x5e9, 0xe4b8a2},
    {0x2762, 0xe4b8a3},
    {0xa06, 0xe4b8a4},
    {0xff8, 0xe4b8a5},
    {0x2763, 0xe4b8a6},
    {0xcde, 0xe4b8a7},
    {0x1263, 0xe4b8a8},
    {0x2764, 0xe4b8a9},
    {0x6f1, 0xe4b8aa},
    {0xfe7, 0xe4b8ab},
    {0x169c, 0xe4b8ac},
    {0x11cf, 0xe4b8ad},
    {0x67e, 0xe4b8b0},
    {0x2767, 0xe4b8b1},
    {0x531, 0xe4b8b2},
    {0x2768, 0xe4b8b3},
    {0xa22, 0xe4b8b4},
    {0x2769, 0xe4b8b5},
    {0x1272, 0xe4b8b6},
    {0x276a, 0xe4b8b7},
    {0xe99, 0xe4b8b8},
    {0x585, 0xe4b8b9},
    {0xeb9, 0xe4b8ba},
    {0x11f6, 0xe4b8bb},
    {0x276b, 0xe4b8bc},
    {0x9e1, 0xe4b8bd},
    {0x908, 0xe4b8be},
    {0x1265, 0xe4b8bf},
    {0xb2e, 0xe4b983},
    {0x276f, 0xe4b984},
    {0x8f2, 0xe4b985},
    {0x2770, 0xe4b986},
    {0x1267, 0xe4b987},
    {0xab9, 0xe4b988},
    {0x106c, 0xe4b989},
    {0x2771, 0xe4b98a},
    {0x11ad, 0xe4b98b},
    {0xee9, 0xe4b98c},
    {0x1148, 0xe4b98d},
    {0x7ac, 0xe4b98e},
    {0x643, 0xe4b98f},
    {0x9c1, 0xe4b990},
    {0x2772, 0xe4b991},
    {0xbd8, 0xe4b992},
    {0xb93, 0xe4b993},
    {0xc44, 0xe4b994},
    {0x2773, 0xe4b995},
    {0x72d, 0xe4b996},
    {0x2774, 0xe4b997},
    {0x4f0, 0xe4b998},
    {0x1059, 0xe4b999},
    {0x1275, 0xe4b99c},
    {0x8f4, 0xe4b99d},
    {0xc11, 0xe4b99e},
    {0x1039, 0xe4b99f},
    {0xf1d, 0xe4b9a0},
    {0xf54, 0xe4b9a1},
    {0xd80, 0xe4b9a6},
    {0x1276, 0xe4b9a9},
    {0xa99, 0xe4b9b0},
    {0xa79, 0xe4b9b1},
    {0x2783, 0xe4b9b2},
    {0xcc4, 0xe4b9b3},
    {0xc29, 0xe4b9be},
    {0x278e, 0xe4b9bf},
    {0x2059, 0xe4ba82},
    {0xa14, 0xe4ba86},
    {0x2794, 0xe4ba87},
    {0x10cd, 0xe4ba88},
    {0x119a, 0xe4ba89},
    {0x2795, 0xe4ba8a},
    {0xd59, 0xe4ba8b},
    {0x63d, 0xe4ba8c},
    {0x1257, 0xe4ba8d},
    {0x10bf, 0xe4ba8e},
    {0x984, 0xe4ba8f},
    {0x2796, 0xe4ba90},
    {0x1109, 0xe4ba91},
    {0x7ba, 0xe4ba92},
    {0x1277, 0xe4ba93},
    {0xef4, 0xe4ba94},
    {0x8dd, 0xe4ba95},
    {0x125e, 0xe4ba98},
    {0x2799, 0xe4ba99},
    {0xff0, 0xe4ba9a},
    {0xf74, 0xe4ba9b},
    {0x21f1, 0xe4ba9e},
    {0x1273, 0xe4ba9f},
    {0x1303, 0xe4baa0},
    {0xea7, 0xe4baa1},
    {0x947, 0xe4baa2},
    {0x279c, 0xe4baa3},
    {0x88c, 0xe4baa4},
    {0x75c, 0xe4baa5},
    {0x1067, 0xe4baa6},
    {0x4c1, 0xe4baa7},
    {0x797, 0xe4baa8},
    {0xb19, 0xe4baa9},
    {0x279d, 0xe4baaa},
    {0xf5a, 0xe4baab},
    {0x8d8, 0xe4baac},
    {0xe55, 0xe4baad},
    {0xa0a, 0xe4baae},
    {0xc54, 0xe4bab2},
    {0x1305, 0xe4bab3},
    {0x27a1, 0xe4bab4},
    {0x1308, 0xe4bab5},
    {0xca6, 0xe4baba},
    {0x129f, 0xe4babb},
    {0x1061, 0xe4babf},
    {0xd49, 0xe4bb80},
    {0xca5, 0xe4bb81},
    {0x12a2, 0xe4bb82},
    {0x12a0, 0xe4bb83},
    {0x127c, 0xe4bb84},
    {0x8c7, 0xe4bb85},
    {0xbec, 0xe4bb86},
    {0x515, 0xe4bb87},
    {0x27a9, 0xe4bb88},
    {0x12a1, 0xe4bb89},
    {0x8c2, 0xe4bb8a},
    {0x8ba, 0xe4bb8b},
    {0x27aa, 0xe4bb8c},
    {0xcaf, 0xe4bb8d},
    {0x556, 0xe4bb8e},
    {0xa7f, 0xe4bb91},
    {0x27ad, 0xe4bb92},
    {0x49d, 0xe4bb93},
    {0x122d, 0xe4bb94},
    {0xd62, 0xe4bb95},
    {0xdf0, 0xe4bb96},
    {0x116d, 0xe4bb97},
    {0x6b1, 0xe4bb98},
    {0xf36, 0xe4bb99},
    {0x12ee, 0xe4bb9d},
    {0x12a6, 0xe4bb9e},
    {0xc27, 0xe4bb9f},
    {0x27b1, 0xe4bba0},
    {0x12a4, 0xe4bba1},
    {0x27b2, 0xe4bba2},
    {0x57d, 0xe4bba3},
    {0xa37, 0xe4bba4},
    {0x105b, 0xe4bba5},
    {0x12a3, 0xe4bba8},
    {0x27b5, 0xe4bba9},
    {0x104e, 0xe4bbaa},
    {0x12a5, 0xe4bbab},
    {0xacc, 0xe4bbac},
    {0x101f, 0xe4bbb0},
    {0x27b9, 0xe4bbb1},
    {0x11d8, 0xe4bbb2},
    {0x12a8, 0xe4bbb3},
    {0x27ba, 0xe4bbb4},
    {0x12ab, 0xe4bbb5},
    {0x871, 0xe4bbb6},
    {0x84e, 0xe4bbb7},
    {0xca9, 0xe4bbbb},
    {0x27be, 0xe4bbbc},
    {0x67a, 0xe4bbbd},
    {0x27bf, 0xe4bbbe},
    {0x65f, 0xe4bbbf},
    {0x27c0, 0xe4bc80},
    {0xc12, 0xe4bc81},
    {0x12ae, 0xe4bc89},
    {0x1048, 0xe4bc8a},
    {0xef8, 0xe4bc8d},
    {0x832, 0xe4bc8e},
    {0x699, 0xe4bc8f},
    {0x642, 0xe4bc90},
    {0xfa8, 0xe4bc91},
    {0x11d9, 0xe4bc97},
    {0x10aa, 0xe4bc98},
    {0x804, 0xe4bc99},
    {0x7f6, 0xe4bc9a},
    {0x12a7, 0xe4bc9b},
    {0xcda, 0xe4bc9e},
    {0xebf, 0xe4bc9f},
    {0x52e, 0xe4bca0},
    {0x27d1, 0xe4bca1},
    {0x12a9, 0xe4bca2},
    {0x27d2, 0xe4bca3},
    {0xd04, 0xe4bca4},
    {0x12ac, 0xe4bca5},
    {0xa7e, 0xe4bca6},
    {0x12ad, 0xe4bca7},
    {0xec0, 0xe4bcaa},
    {0x12af, 0xe4bcab},
    {0x475, 0xe4bcaf},
    {0x719, 0xe4bcb0},
    {0x27d8, 0xe4bcb1},
    {0x12b7, 0xe4bcb2},
    {0x27d9, 0xe4bcb3},
    {0x3f4, 0xe4bcb4},
    {0x27da, 0xe4bcb5},
    {0xa2f, 0xe4bcb6},
    {0x27db, 0xe4bcb7},
    {0xd25, 0xe4bcb8},
    {0x27dc, 0xe4bcb9},
    {0xdba, 0xe4bcba},
    {0x27dd, 0xe4bcbb},
    {0xdbb, 0xe4bcbc},
    {0x12b8, 0xe4bcbd},
    {0x5c9, 0xe4bd83},
    {0x58c, 0xe4bd86},
    {0xeca, 0xe4bd8d},
    {0x5ae, 0xe4bd8e},
    {0x11fe, 0xe4bd8f},
    {0x1251, 0xe4bd90},
    {0x10b8, 0xe4bd91},
    {0x27eb, 0xe4bd92},
    {0xe38, 0xe4bd93},
    {0x27ec, 0xe4bd94},
    {0x785, 0xe4bd95},
    {0x27ed, 0xe4bd96},
    {0x12b6, 0xe4bd97},
    {0x12f0, 0xe4bd98},
    {0x10c5, 0xe4bd99},
    {0x12b3, 0xe4bd9a},
    {0x68d, 0xe4bd9b},
    {0x1254, 0xe4bd9c},
    {0x12b4, 0xe4bd9d},
    {0x12b0, 0xe4bd9e},
    {0x12b5, 0xe4bd9f},
    {0xb46, 0xe4bda0},
    {0x109b, 0xe4bda3},
    {0x12aa, 0xe4bda4},
    {0x12f1, 0xe4bda5},
    {0x27f0, 0xe4bda6},
    {0x12b1, 0xe4bda7},
    {0x27f1, 0xe4bda8},
    {0xba6, 0xe4bda9},
    {0x9bb, 0xe4bdac},
    {0x1019, 0xe4bdaf},
    {0x3e6, 0xe4bdb0},
    {0x844, 0xe4bdb3},
    {0x12ba, 0xe4bdb4},
    {0x27f8, 0xe4bdb5},
    {0x12b9, 0xe4bdb6},
    {0x12c0, 0xe4bdbb},
    {0x12c2, 0xe4bdbc},
    {0x27fd, 0xe4bdbd},
    {0x12bf, 0xe4bdbe},
    {0xd50, 0xe4bdbf},
    {0x12bd, 0xe4be83},
    {0x11b5, 0xe4be84},
    {0x2801, 0xe4be85},
    {0x1ff2, 0xe4be86},
    {0x2802, 0xe4be87},
    {0x503, 0xe4be88},
    {0x12bc, 0xe4be89},
    {0x2803, 0xe4be8a},
    {0x9e8, 0xe4be8b},
    {0x2804, 0xe4be8c},
    {0xd63, 0xe4be8d},
    {0x2805, 0xe4be8e},
    {0x12be, 0xe4be8f},
    {0x2806, 0xe4be90},
    {0x12bb, 0xe4be91},
    {0x12c4, 0xe4be94},
    {0x2809, 0xe4be95},
    {0x205d, 0xe4be96},
    {0x5f0, 0xe4be97},
    {0x702, 0xe4be9b},
    {0x280d, 0xe4be9c},
    {0x1047, 0xe4be9d},
    {0xf2d, 0xe4bea0},
    {0xa69, 0xe4bea3},
    {0x2812, 0xe4bea4},
    {0x895, 0xe4bea5},
    {0x118d, 0xe4bea6},
    {0x4a7, 0xe4bea7},
    {0xc45, 0xe4bea8},
    {0x978, 0xe4bea9},
    {0x12c1, 0xe4beaa},
    {0x2813, 0xe4beab},
    {0x12c3, 0xe4beac},
    {0x2814, 0xe4bead},
    {0xef9, 0xe4beae},
    {0x7a5, 0xe4beaf},
    {0xc53, 0xe4beb5},
    {0x44c, 0xe4bebf},
    {0x269c, 0xe4bf82},
    {0x55c, 0xe4bf83},
    {0x62c, 0xe4bf84},
    {0x12c8, 0xe4bf85},
    {0x92e, 0xe4bf8a},
    {0x12f2, 0xe4bf8e},
    {0xc4b, 0xe4bf8f},
    {0x9e9, 0xe4bf90},
    {0x12cc, 0xe4bf91},
    {0xdcc, 0xe4bf97},
    {0x69a, 0xe4bf98},
    {0x2831, 0xe4bf99},
    {0x12c9, 0xe4bf9a},
    {0x2832, 0xe4bf9b},
    {0x12cb, 0xe4bf9c},
    {0x40c, 0xe4bf9d},
    {0x10c6, 0xe4bf9e},
    {0x12cd, 0xe4bf9f},
    {0x21b5, 0xe4bfa0},
    {0xf90, 0xe4bfa1},
    {0x2833, 0xe4bfa2},
    {0x12ca, 0xe4bfa3},
    {0x12c5, 0xe4bfa6},
    {0x2836, 0xe4bfa7},
    {0x12c6, 0xe4bfa8},
    {0x9f2, 0xe4bfa9},
    {0x12c7, 0xe4bfaa},
    {0x866, 0xe4bfad},
    {0xfa9, 0xe4bfae},
    {0x6a4, 0xe4bfaf},
    {0x2839, 0xe4bfb0},
    {0x912, 0xe4bfb1},
    {0x283a, 0xe4bfb2},
    {0x12d1, 0xe4bfb3},
    {0x12ce, 0xe4bfb8},
    {0x283f, 0xe4bfb9},
    {0x3be, 0xe4bfba},
    {0x12d6, 0xe4bfbe},
    {0x2843, 0xe4bfbf},
    {0x22cc, 0xe58080},
    {0x2016, 0xe58086},
    {0x1e62, 0xe58089},
    {0x284b, 0xe5808a},
    {0x1f20, 0xe5808b},
    {0x12d8, 0xe5808c},
    {0x41f, 0xe5808d},
    {0x284c, 0xe5808e},
    {0x12d3, 0xe5808f},
    {0x284d, 0xe58090},
    {0x207f, 0xe58091},
    {0x59a, 0xe58092},
    {0x284e, 0xe58093},
    {0x922, 0xe58094},
    {0xe1b, 0xe58098},
    {0x7a9, 0xe58099},
    {0x1057, 0xe5809a},
    {0x2852, 0xe5809b},
    {0x12d7, 0xe5809c},
    {0x8b9, 0xe5809f},
    {0x2855, 0xe580a0},
    {0x4d0, 0xe580a1},
    {0x12d9, 0xe580a5},
    {0x91a, 0xe580a6},
    {0x2859, 0xe580a7},
    {0x12da, 0xe580a8},
    {0x12cf, 0xe580a9},
    {0xb42, 0xe580aa},
    {0x205c, 0xe580ab},
    {0x12d2, 0xe580ac},
    {0x12d5, 0xe580ad},
    {0x12d4, 0xe580ae},
    {0x114f, 0xe580ba},
    {0x2865, 0xe580bb},
    {0x11b4, 0xe580bc},
    {0x2866, 0xe580bd},
    {0xc60, 0xe580be},
    {0x2867, 0xe580bf},
    {0x12dc, 0xe58183},
    {0x84c, 0xe58187},
    {0x12de, 0xe58188},
    {0x2194, 0xe58189},
    {0x12d0, 0xe5818c},
    {0x2870, 0xe5818d},
    {0x12df, 0xe5818e},
    {0xbca, 0xe5818f},
    {0x12dd, 0xe58195},
    {0x1253, 0xe5819a},
    {0x287a, 0xe5819b},
    {0xe54, 0xe5819c},
    {0x872, 0xe581a5},
    {0x12e0, 0xe581ac},
    {0x1e65, 0xe581b4},
    {0x2281, 0xe581b5},
    {0xb7d, 0xe581b6},
    {0xe66, 0xe581b7},
    {0x12e1, 0xe581bb},
    {0x12db, 0xe581be},
    {0x4ca, 0xe581bf},
    {0x98b, 0xe58280},
    {0x6b0, 0xe58285},
    {0x9e7, 0xe58288},
    {0x403, 0xe5828d},
    {0x22cd, 0xe58296},
    {0x28a7, 0xe58297},
    {0x210a, 0xe58298},
    {0x1e3e, 0xe58299},
    {0x267f, 0xe582a2},
    {0x579, 0xe582a3},
    {0x28b0, 0xe582a4},
    {0x12e2, 0xe582a5},
    {0x28b1, 0xe582a6},
    {0x12e3, 0xe582a7},
    {0x525, 0xe582a8},
    {0x12e4, 0xe582a9},
    {0x562, 0xe582ac},
    {0x222e, 0xe582ad},
    {0x3cc, 0xe582b2},
    {0x1e96, 0xe582b3},
    {0x22cb, 0xe582b4},
    {0x226c, 0xe582b5},
    {0x28b8, 0xe582b6},
    {0x2117, 0xe582b7},
    {0x12e5, 0xe582ba},
    {0xcee, 0xe582bb},
    {0x20e8, 0xe582be},
    {0x28bd, 0xe582bf},
    {0x22d4, 0xe58382},
    {0x1fb9, 0xe58385},
    {0x22d8, 0xe58389},
    {0xf5e, 0xe5838f},
    {0x28ca, 0xe58390},
    {0x20df, 0xe58391},
    {0x20c2, 0xe58395},
    {0x12e6, 0xe58396},
    {0xa0e, 0xe5839a},
    {0x2195, 0xe5839e},
    {0x1fac, 0xe583a5},
    {0x12ea, 0xe583a6},
    {0xce7, 0xe583a7},
    {0x22d3, 0xe583a8},
    {0x12e9, 0xe583ac},
    {0x12e8, 0xe583ad},
    {0x12eb, 0xe583ae},
    {0xdd0, 0xe583b3},
    {0x28e1, 0xe583b4},
    {0x87a, 0xe583b5},
    {0x1f81, 0xe583b9},
    {0x28e5, 0xe583ba},
    {0xbc6, 0xe583bb},
    {0x2210, 0xe58480},
    {0x28ea, 0xe58481},
    {0x22cf, 0xe58482},
    {0x28eb, 0xe58483},
    {0x2213, 0xe58484},
    {0x28ec, 0xe58485},
    {0x12e7, 0xe58486},
    {0x12ec, 0xe58487},
    {0x1fe4, 0xe58488},
    {0x1f90, 0xe58489},
    {0x28ed, 0xe5848a},
    {0x12ed, 0xe5848b},
    {0x22d6, 0xe58490},
    {0x28f2, 0xe58491},
    {0xcc0, 0xe58492},
    {0x28f3, 0xe58493},
    {0x22d0, 0xe58494},
    {0x22ce, 0xe58495},
    {0x2681, 0xe58498},
    {0x1e76, 0xe5849f},
    {0x28fc, 0xe584a0},
    {0x9c7, 0xe584a1},
    {0x2231, 0xe584aa},
    {0x1e93, 0xe584b2},
    {0x22d2, 0xe584b7},
    {0x22d7, 0xe584ba},
    {0x22d5, 0xe584bb},
    {0x22d1, 0xe584bc},
    {0x638, 0xe584bf},
    {0x1259, 0xe58580},
    {0x110d, 0xe58581},
    {0x2914, 0xe58582},
    {0x10ed, 0xe58583},
    {0xfa1, 0xe58584},
    {0x509, 0xe58585},
    {0x1178, 0xe58586},
    {0x2915, 0xe58587},
    {0xf35, 0xe58588},
    {0x73b, 0xe58589},
    {0x2916, 0xe5858a},
    {0x958, 0xe5858b},
    {0x2917, 0xe5858c},
    {0xae7, 0xe5858d},
    {0x611, 0xe58591},
    {0x1ee5, 0xe58592},
    {0x291b, 0xe58593},
    {0xe74, 0xe58594},
    {0x1302, 0xe58595},
    {0x1304, 0xe58596},
    {0x594, 0xe5859a},
    {0x291f, 0xe5859b},
    {0x5f4, 0xe5859c},
    {0x8d3, 0xe585a2},
    {0xcc6, 0xe585a5},
    {0xc86, 0xe585a8},
    {0x2025, 0xe585a9},
    {0x2929, 0xe585aa},
    {0x3d6, 0xe585ab},
    {0x704, 0xe585ac},
    {0xa42, 0xe585ad},
    {0x12f6, 0xe585ae},
    {0x292a, 0xe585af},
    {0x9a7, 0xe585b0},
    {0x70b, 0xe585b1},
    {0x292b, 0xe585b2},
    {0x731, 0xe585b3},
    {0xf96, 0xe585b4},
    {0x461, 0xe585b5},
    {0xc03, 0xe585b6},
    {0x90e, 0xe585b7},
    {0x5c5, 0xe585b8},
    {0x1225, 0xe585b9},
    {0x292c, 0xe585ba},
    {0x1021, 0xe585bb},
    {0x859, 0xe585bc},
    {0xd75, 0xe585bd},
    {0x830, 0xe58680},
    {0x12fa, 0xe58681},
    {0x129d, 0xe58682},
    {0xb3d, 0xe58685},
    {0x6cf, 0xe58688},
    {0xc98, 0xe58689},
    {0x4a8, 0xe5868c},
    {0x111c, 0xe5868d},
    {0xab5, 0xe58692},
    {0xae6, 0xe58695},
    {0x1314, 0xe58696},
    {0xcba, 0xe58697},
    {0x293b, 0xe58698},
    {0xf7f, 0xe58699},
    {0x293c, 0xe5869a},
    {0x92b, 0xe5869b},
    {0xb6a, 0xe5869c},
    {0x733, 0xe586a0},
    {0x2940, 0xe586a1},
    {0x1315, 0xe586a2},
    {0x2941, 0xe586a3},
    {0x10ec, 0xe586a4},
    {0x1316, 0xe586a5},
    {0x130f, 0xe586ab},
    {0x5eb, 0xe586ac},
    {0x688, 0xe586af},
    {0x462, 0xe586b0},
    {0x1310, 0xe586b1},
    {0x50a, 0xe586b2},
    {0x925, 0xe586b3},
    {0x2949, 0xe586b4},
    {0x983, 0xe586b5},
    {0x1038, 0xe586b6},
    {0x9cf, 0xe586b7},
    {0x5f2, 0xe586bb},
    {0x1312, 0xe586bc},
    {0x1311, 0xe586bd},
    {0x8ea, 0xe58780},
    {0xbff, 0xe58784},
    {0x2952, 0xe58785},
    {0x1219, 0xe58786},
    {0x1313, 0xe58787},
    {0x2953, 0xe58788},
    {0xa02, 0xe58789},
    {0x2954, 0xe5878a},
    {0x5d3, 0xe5878b},
    {0xa31, 0xe5878c},
    {0x1ecf, 0xe5878d},
    {0x2955, 0xe5878e},
    {0x868, 0xe5878f},
    {0x2956, 0xe58790},
    {0x558, 0xe58791},
    {0xa26, 0xe5879b},
    {0x2960, 0xe5879c},
    {0xb60, 0xe5879d},
    {0x82b, 0xe587a0},
    {0x64f, 0xe587a1},
    {0x68c, 0xe587a4},
    {0x1300, 0xe587ab},
    {0x296b, 0xe587ac},
    {0xbdd, 0xe587ad},
    {0x296c, 0xe587ae},
    {0x93a, 0xe587af},
    {0x7e0, 0xe587b0},
    {0x1fd9, 0xe587b1},
    {0x296d, 0xe587b2},
    {0x5ab, 0xe587b3},
    {0x296e, 0xe587b4},
    {0x1399, 0xe587b5},
    {0xfa2, 0xe587b6},
    {0x296f, 0xe587b7},
    {0xe6a, 0xe587b8},
    {0x3c7, 0xe587b9},
    {0x51b, 0xe587ba},
    {0x80c, 0xe587bb},
    {0x139a, 0xe587bc},
    {0x766, 0xe587bd},
    {0x2970, 0xe587be},
    {0x1127, 0xe587bf},
    {0x597, 0xe58880},
    {0x5d4, 0xe58881},
    {0x128c, 0xe58882},
    {0xcab, 0xe58883},
    {0x673, 0xe58886},
    {0xc4d, 0xe58887},
    {0x128d, 0xe58888},
    {0x2973, 0xe58889},
    {0x93c, 0xe5888a},
    {0x138b, 0xe5888d},
    {0x128e, 0xe5888e},
    {0xf97, 0xe58891},
    {0x7c3, 0xe58892},
    {0x196e, 0xe58896},
    {0xa19, 0xe58897},
    {0xa3e, 0xe58898},
    {0x1135, 0xe58899},
    {0x6d0, 0xe5889a},
    {0x537, 0xe5889b},
    {0x297b, 0xe5889c},
    {0x51a, 0xe5889d},
    {0xcf7, 0xe588a0},
    {0xb91, 0xe588a4},
    {0xb9a, 0xe588a8},
    {0x9e6, 0xe588a9},
    {0x2984, 0xe588aa},
    {0x459, 0xe588ab},
    {0x2985, 0xe588ac},
    {0x128f, 0xe588ad},
    {0x727, 0xe588ae},
    {0x2986, 0xe588af},
    {0x59e, 0xe588b0},
    {0x1290, 0xe588b3},
    {0x11c5, 0xe588b6},
    {0xd97, 0xe588b7},
    {0xc8a, 0xe588b8},
    {0xceb, 0xe588b9},
    {0x54f, 0xe588ba},
    {0x959, 0xe588bb},
    {0x298b, 0xe588bc},
    {0x74d, 0xe588bd},
    {0x298c, 0xe588be},
    {0x1291, 0xe588bf},
    {0x1292, 0xe58980},
    {0x626, 0xe58981},
    {0x834, 0xe58982},
    {0xe3d, 0xe58983},
    {0x22c8, 0xe58984},
    {0x2263, 0xe58987},
    {0xf64, 0xe5898a},
    {0x2683, 0xe5898b},
    {0x1293, 0xe5898c},
    {0xc2d, 0xe5898d},
    {0x729, 0xe58990},
    {0x874, 0xe58991},
    {0xe31, 0xe58994},
    {0x2995, 0xe58995},
    {0xbe9, 0xe58996},
    {0x1f17, 0xe5899b},
    {0x1296, 0xe5899c},
    {0x299a, 0xe5899d},
    {0x1294, 0xe5899e},
    {0x1295, 0xe589a1},
    {0x409, 0xe589a5},
    {0x29a0, 0xe589a6},
    {0x916, 0xe589a7},
    {0x29a1, 0xe589a8},
    {0xd3a, 0xe589a9},
    {0x867, 0xe589aa},
    {0x1f2b, 0xe589ae},
    {0x6ac, 0xe589af},
    {0x6e9, 0xe589b2},
    {0x29a7, 0xe589b3},
    {0x22ca, 0xe589b4},
    {0x1e99, 0xe589b5},
    {0x1298, 0xe589bd},
    {0x29af, 0xe589be},
    {0x89c, 0xe589bf},
    {0x29b0, 0xe58a80},
    {0x129a, 0xe58a81},
    {0x1299, 0xe58a82},
    {0x1f4f, 0xe58a83},
    {0x1fcf, 0xe58a87},
    {0xbbd, 0xe58a88},
    {0x2036, 0xe58a89},
    {0x1f3a, 0xe58a8a},
    {0x29b4, 0xe58a8b},
    {0x22c9, 0xe58a8c},
    {0x1f99, 0xe58a8d},
    {0x129b, 0xe58a90},
    {0x1f75, 0xe58a91},
    {0x29b7, 0xe58a92},
    {0x129c, 0xe58a93},
    {0x9ef, 0xe58a9b},
    {0x29bf, 0xe58a9c},
    {0xc8b, 0xe58a9d},
    {0x3f7, 0xe58a9e},
    {0x6ff, 0xe58a9f},
    {0x846, 0xe58aa0},
    {0xf00, 0xe58aa1},
    {0x138d, 0xe58aa2},
    {0xa1c, 0xe58aa3},
    {0x5ee, 0xe58aa8},
    {0x11f9, 0xe58aa9},
    {0xb6d, 0xe58aaa},
    {0x8aa, 0xe58aab},
    {0x9e3, 0xe58ab1},
    {0x8d1, 0xe58ab2},
    {0x9b8, 0xe58ab3},
    {0x1390, 0xe58abe},
    {0xd5d, 0xe58abf},
    {0x29d1, 0xe58b80},
    {0x1fbe, 0xe58b81},
    {0x29d2, 0xe58b82},
    {0x471, 0xe58b83},
    {0x10a7, 0xe58b87},
    {0x29d6, 0xe58b88},
    {0xae8, 0xe58b89},
    {0x29d7, 0xe58b8a},
    {0xfd4, 0xe58b8b},
    {0x1392, 0xe58b90},
    {0x29dc, 0xe58b91},
    {0x9c0, 0xe58b92},
    {0x1ecd, 0xe58b95},
    {0x1393, 0xe58b96},
    {0x29df, 0xe58b97},
    {0x93e, 0xe58b98},
    {0x21a9, 0xe58b99},
    {0x29e0, 0xe58b9a},
    {0x21e6, 0xe58b9b},
    {0x29e1, 0xe58b9c},
    {0x2127, 0xe58b9d},
    {0x2003, 0xe58b9e},
    {0xb1f, 0xe58b9f},
    {0x2132, 0xe58ba2},
    {0x29e4, 0xe58ba3},
    {0xc57, 0xe58ba4},
    {0x1394, 0xe58bb0},
    {0x2323, 0xe58bb1},
    {0x2011, 0xe58bb5},
    {0x20f5, 0xe58bb8},
    {0x12fc, 0xe58bb9},
    {0xd10, 0xe58bba},
    {0x70d, 0xe58bbe},
    {0xeff, 0xe58bbf},
    {0x110b, 0xe58c80},
    {0x407, 0xe58c85},
    {0x555, 0xe58c86},
    {0x29fc, 0xe58c87},
    {0xfa4, 0xe58c88},
    {0x12fd, 0xe58c8d},
    {0x2a01, 0xe58c8e},
    {0x14b5, 0xe58c8f},
    {0x12ff, 0xe58c90},
    {0x1266, 0xe58c95},
    {0x7c4, 0xe58c96},
    {0x41a, 0xe58c97},
    {0x2a06, 0xe58c98},
    {0x4fc, 0xe58c99},
    {0x1284, 0xe58c9a},
    {0x1114, 0xe58c9d},
    {0x884, 0xe58ca0},
    {0x97c, 0xe58ca1},
    {0x2a0b, 0xe58ca2},
    {0xf28, 0xe58ca3},
    {0x1286, 0xe58ca6},
    {0x668, 0xe58caa},
    {0x22c5, 0xe58cad},
    {0x1287, 0xe58cae},
    {0x1f5e, 0xe58caf},
    {0x2a13, 0xe58cb0},
    {0x22c6, 0xe58cb1},
    {0xbc4, 0xe58cb9},
    {0xc75, 0xe58cba},
    {0x1044, 0xe58cbb},
    {0x1288, 0xe58cbe},
    {0xb47, 0xe58cbf},
    {0x20ef, 0xe58d80},
    {0xd45, 0xe58d81},
    {0x2a1d, 0xe58d82},
    {0xc24, 0xe58d83},
    {0x2a1e, 0xe58d84},
    {0x125c, 0xe58d85},
    {0x2a1f, 0xe58d86},
    {0xd36, 0xe58d87},
    {0xef6, 0xe58d88},
    {0x7f1, 0xe58d89},
    {0x3f6, 0xe58d8a},
    {0x7bf, 0xe58d8e},
    {0xf78, 0xe58d8f},
    {0x2a23, 0xe58d90},
    {0x419, 0xe58d91},
    {0x1241, 0xe58d92},
    {0x121c, 0xe58d93},
    {0x21d0, 0xe58d94},
    {0x586, 0xe58d95},
    {0xa9b, 0xe58d96},
    {0xb32, 0xe58d97},
    {0x470, 0xe58d9a},
    {0x2a26, 0xe58d9b},
    {0x47e, 0xe58d9c},
    {0x2a27, 0xe58d9d},
    {0x44e, 0xe58d9e},
    {0x14fa, 0xe58d9f},
    {0x115d, 0xe58da0},
    {0x935, 0xe58da1},
    {0xa53, 0xe58da2},
    {0x128b, 0xe58da3},
    {0xa58, 0xe58da4},
    {0x2a28, 0xe58da5},
    {0x128a, 0xe58da6},
    {0xee3, 0xe58da7},
    {0x2a29, 0xe58da8},
    {0x1352, 0xe58da9},
    {0x2a2a, 0xe58daa},
    {0xecf, 0xe58dab},
    {0x126a, 0xe58dae},
    {0xab3, 0xe58daf},
    {0x1086, 0xe58db0},
    {0xeb2, 0xe58db1},
    {0x2a2d, 0xe58db2},
    {0x827, 0xe58db3},
    {0xc8f, 0xe58db4},
    {0xa78, 0xe58db5},
    {0x2a2e, 0xe58db6},
    {0x91c, 0xe58db7},
    {0xf81, 0xe58db8},
    {0x2a2f, 0xe58db9},
    {0x1353, 0xe58dba},
    {0xc61, 0xe58dbf},
    {0x4cc, 0xe58e82},
    {0x2a36, 0xe58e83},
    {0x631, 0xe58e84},
    {0xe4f, 0xe58e85},
    {0x9e5, 0xe58e86},
    {0x9e2, 0xe58e89},
    {0x2a39, 0xe58e8a},
    {0xfe2, 0xe58e8b},
    {0x100a, 0xe58e8c},
    {0x127d, 0xe58e8d},
    {0x4a5, 0xe58e95},
    {0x9d0, 0xe58e98},
    {0x22c1, 0xe58e99},
    {0x7a8, 0xe58e9a},
    {0x127e, 0xe58e9d},
    {0x2a45, 0xe58e9e},
    {0x10f0, 0xe58e9f},
    {0x1e64, 0xe58ea0},
    {0x2a46, 0xe58ea1},
    {0xf4e, 0xe58ea2},
    {0x127f, 0xe58ea3},
    {0x2a47, 0xe58ea4},
    {0x1280, 0xe58ea5},
    {0xf30, 0xe58ea6},
    {0x2a48, 0xe58ea7},
    {0x51d, 0xe58ea8},
    {0x8f6, 0xe58ea9},
    {0x21f9, 0xe58ead},
    {0x1281, 0xe58eae},
    {0x2010, 0xe58eb2},
    {0x2a4f, 0xe58eb3},
    {0x22c2, 0xe58eb4},
    {0x2a50, 0xe58eb5},
    {0x139c, 0xe58eb6},
    {0xc80, 0xe58ebb},
    {0xf45, 0xe58ebf},
    {0x2a58, 0xe58f80},
    {0xcd9, 0xe58f81},
    {0x495, 0xe58f82},
    {0x1e5a, 0xe58f83},
    {0x10bb, 0xe58f88},
    {0x4ad, 0xe58f89},
    {0x823, 0xe58f8a},
    {0x10b6, 0xe58f8b},
    {0xda0, 0xe58f8c},
    {0x651, 0xe58f8d},
    {0x63f, 0xe58f91},
    {0xd7c, 0xe58f94},
    {0x2a62, 0xe58f95},
    {0xc7c, 0xe58f96},
    {0xd73, 0xe58f97},
    {0x44d, 0xe58f98},
    {0xfbb, 0xe58f99},
    {0x2a63, 0xe58f9a},
    {0xb92, 0xe58f9b},
    {0x1395, 0xe58f9f},
    {0x5df, 0xe58fa0},
    {0x2a67, 0xe58fa1},
    {0x1ea2, 0xe58fa2},
    {0x967, 0xe58fa3},
    {0x71e, 0xe58fa4},
    {0x913, 0xe58fa5},
    {0xa36, 0xe58fa6},
    {0x2a68, 0xe58fa7},
    {0x14fe, 0xe58fa8},
    {0x14fd, 0xe58fa9},
    {0x11ba, 0xe58faa},
    {0x8a1, 0xe58fab},
    {0x117a, 0xe58fac},
    {0x3d3, 0xe58fad},
    {0x5e2, 0xe58fae},
    {0x956, 0xe58faf},
    {0xdfb, 0xe58fb0},
    {0x14fb, 0xe58fb1},
    {0xd4e, 0xe58fb2},
    {0x10b7, 0xe58fb3},
    {0x2a69, 0xe58fb4},
    {0x1285, 0xe58fb5},
    {0x103d, 0xe58fb6},
    {0x77c, 0xe58fb7},
    {0xdb3, 0xe58fb8},
    {0xe11, 0xe58fb9},
    {0x2a6a, 0xe58fba},
    {0x14ff, 0xe58fbb},
    {0x5d1, 0xe58fbc},
    {0x14fc, 0xe58fbd},
    {0x2a6d, 0xe59080},
    {0x10da, 0xe59081},
    {0x2a6e, 0xe59082},
    {0x4f9, 0xe59083},
    {0x6f2, 0xe59084},
    {0x2a6f, 0xe59085},
    {0x1502, 0xe59086},
    {0x2a70, 0xe59087},
    {0x786, 0xe59088},
    {0x81d, 0xe59089},
    {0x5d6, 0xe5908a},
    {0x2a71, 0xe5908b},
    {0xe5d, 0xe5908c},
    {0xb00, 0xe5908d},
    {0x7aa, 0xe5908e},
    {0x9df, 0xe5908f},
    {0xe73, 0xe59090},
    {0xf5f, 0xe59091},
    {0x1500, 0xe59092},
    {0xf32, 0xe59093},
    {0x2a72, 0xe59094},
    {0xa67, 0xe59095},
    {0x1501, 0xe59096},
    {0xa97, 0xe59097},
    {0x92c, 0xe5909b},
    {0x2a76, 0xe5909c},
    {0xa28, 0xe5909d},
    {0xe7d, 0xe5909e},
    {0x107e, 0xe5909f},
    {0x66a, 0xe590a0},
    {0x1509, 0xe590a1},
    {0x2a77, 0xe590a2},
    {0x150c, 0xe590a3},
    {0x68e, 0xe590a6},
    {0x3d4, 0xe590a7},
    {0x615, 0xe590a8},
    {0x671, 0xe590a9},
    {0x2a7a, 0xe590aa},
    {0x763, 0xe590ab},
    {0xe50, 0xe590ac},
    {0x961, 0xe590ad},
    {0xda6, 0xe590ae},
    {0xc13, 0xe590af},
    {0x2a7b, 0xe590b0},
    {0x11a7, 0xe590b1},
    {0x150d, 0xe590b2},
    {0x2a7c, 0xe590b3},
    {0xef1, 0xe590b4},
    {0x4d8, 0xe590b5},
    {0xf0b, 0xe590b8},
    {0x538, 0xe590b9},
    {0x2a7f, 0xe590ba},
    {0xed6, 0xe590bb},
    {0x7a7, 0xe590bc},
    {0x2a80, 0xe590bd},
    {0xef0, 0xe590be},
    {0x2a81, 0xe590bf},
    {0xfe6, 0xe59180},
    {0x1508, 0xe59183},
    {0x577, 0xe59186},
    {0x2a86, 0xe59187},
    {0x4ef, 0xe59188},
    {0x2a87, 0xe59189},
    {0x6e1, 0xe5918a},
    {0x1503, 0xe5918b},
    {0xb28, 0xe59190},
    {0x2a8c, 0xe59191},
    {0xb7c, 0xe59195},
    {0x1507, 0xe59196},
    {0x150a, 0xe59197},
    {0x10f4, 0xe59198},
    {0x150b, 0xe59199},
    {0x2a8d, 0xe5919a},
    {0xc37, 0xe5919b},
    {0xee7, 0xe5919c},
    {0xb3b, 0xe591a2},
    {0x2a93, 0xe591a3},
    {0x1512, 0xe591a4},
    {0x2a94, 0xe591a5},
    {0x1517, 0xe591a6},
    {0x2a95, 0xe591a7},
    {0x11db, 0xe591a8},
    {0x1511, 0xe591b1},
    {0x1522, 0xe591b2},
    {0xec5, 0xe591b3},
    {0x2a9e, 0xe591b4},
    {0x77e, 0xe591b5},
    {0x1516, 0xe591b6},
    {0x1510, 0xe591b7},
    {0xb9f, 0xe591b8},
    {0xd24, 0xe591bb},
    {0x7ab, 0xe591bc},
    {0xb01, 0xe591bd},
    {0x906, 0xe59280},
    {0x2aa3, 0xe59281},
    {0x150e, 0xe59282},
    {0x2aa4, 0xe59283},
    {0x1515, 0xe59284},
    {0x2aa5, 0xe59285},
    {0xb99, 0xe59286},
    {0x1147, 0xe5928b},
    {0x784, 0xe5928c},
    {0x2aaa, 0xe5928d},
    {0x8fb, 0xe5928e},
    {0x10a2, 0xe5928f},
    {0x6bb, 0xe59290},
    {0x2aab, 0xe59291},
    {0x11e3, 0xe59292},
    {0x2aac, 0xe59293},
    {0x150f, 0xe59294},
    {0x717, 0xe59295},
    {0x934, 0xe59296},
    {0xa45, 0xe59299},
    {0x2aaf, 0xe5929c},
    {0x1518, 0xe5929d},
    {0x1523, 0xe592a3},
    {0x152d, 0xe592a4},
    {0x2ab5, 0xe592a5},
    {0x151f, 0xe592a6},
    {0x151e, 0xe592a7},
    {0x1226, 0xe592a8},
    {0x1767, 0xe592ab},
    {0x102e, 0xe592ac},
    {0x151a, 0xe592ad},
    {0x2ab6, 0xe592ae},
    {0x936, 0xe592af},
    {0x2ab7, 0xe592b0},
    {0x111e, 0xe592b1},
    {0x2ab8, 0xe592b2},
    {0x955, 0xe592b3},
    {0x151c, 0xe592b4},
    {0xf39, 0xe592b8},
    {0x1525, 0xe592bb},
    {0x236d, 0xe592bc},
    {0xff3, 0xe592bd},
    {0x2abe, 0xe592be},
    {0x1526, 0xe592bf},
    {0x3b2, 0xe59380},
    {0xbd6, 0xe59381},
    {0x151b, 0xe59382},
    {0x2abf, 0xe59383},
    {0x79c, 0xe59384},
    {0x2ac0, 0xe59385},
    {0x61e, 0xe59386},
    {0xe8c, 0xe59387},
    {0x757, 0xe59388},
    {0x1118, 0xe59389},
    {0x1527, 0xe5938c},
    {0xf59, 0xe5938d},
    {0x3b0, 0xe5938e},
    {0x152f, 0xe5938f},
    {0x1519, 0xe59390},
    {0xfef, 0xe59391},
    {0x151d, 0xe59392},
    {0x1524, 0xe59395},
    {0x2ac3, 0xe59396},
    {0x7be, 0xe59397},
    {0x2ac4, 0xe59398},
    {0x2ac5, 0xe5939b},
    {0x152a, 0xe5939c},
    {0x152e, 0xe5939d},
    {0x1530, 0xe5939e},
    {0x1099, 0xe5939f},
    {0x2ac6, 0xe593a0},
    {0x2247, 0xe593a1},
    {0x6e2, 0xe593a5},
    {0xb77, 0xe593a6},
    {0x1532, 0xe593a7},
    {0xd13, 0xe593a8},
    {0x9f1, 0xe593a9},
    {0xb27, 0xe593aa},
    {0x96b, 0xe593ad},
    {0xf65, 0xe593ae},
    {0x117d, 0xe593b2},
    {0x1536, 0xe593b3},
    {0x47f, 0xe593ba},
    {0x2ad5, 0xe593bb},
    {0x796, 0xe593bc},
    {0x1534, 0xe593bd},
    {0x2ad6, 0xe593be},
    {0x1391, 0xe593bf},
    {0x2ad7, 0xe59480},
    {0x100d, 0xe59481},
    {0x236c, 0xe59484},
    {0x2ada, 0xe59485},
    {0xde9, 0xe59486},
    {0x540, 0xe59487},
    {0x2adb, 0xe59488},
    {0x3b1, 0xe59489},
    {0x1539, 0xe5948f},
    {0xe19, 0xe59490},
    {0x153a, 0xe59491},
    {0x1535, 0xe59494},
    {0x1531, 0xe5949b},
    {0x1533, 0xe594a0},
    {0x2aed, 0xe594a1},
    {0x7d2, 0xe594a4},
    {0x153b, 0xe594a7},
    {0x153c, 0xe594aa},
    {0x2af2, 0xe594ab},
    {0x7b8, 0xe594ac},
    {0x2af3, 0xe594ad},
    {0xd72, 0xe594ae},
    {0xeb7, 0xe594af},
    {0x154d, 0xe594b0},
    {0x4cf, 0xe594b1},
    {0x2af4, 0xe594b2},
    {0x154c, 0xe594b3},
    {0x1547, 0xe594b7},
    {0x1546, 0xe594bc},
    {0x2afc, 0xe594bd},
    {0xe8a, 0xe594be},
    {0x1544, 0xe594bf},
    {0x2afd, 0xe59580},
    {0x1542, 0xe59581},
    {0x2afe, 0xe59582},
    {0x95d, 0xe59583},
    {0x1221, 0xe59584},
    {0x2aff, 0xe59585},
    {0xd05, 0xe59586},
    {0x1540, 0xe59589},
    {0x3ac, 0xe5958a},
    {0x219c, 0xe5958f},
    {0x1545, 0xe59590},
    {0x20c9, 0xe59593},
    {0x2b08, 0xe59594},
    {0x1543, 0xe59595},
    {0x1548, 0xe59596},
    {0x154e, 0xe5959c},
    {0x2b0e, 0xe5959d},
    {0x21f0, 0xe5959e},
    {0x665, 0xe595a1},
    {0xbc0, 0xe595a4},
    {0xcef, 0xe595a5},
    {0x99d, 0xe595a6},
    {0x153d, 0xe595a7},
    {0xb7f, 0xe595aa},
    {0x2b15, 0xe595ab},
    {0x127a, 0xe595ac},
    {0x1541, 0xe595ad},
    {0xb59, 0xe595ae},
    {0xf70, 0xe595b8},
    {0x155a, 0xe595bb},
    {0xe37, 0xe595bc},
    {0x2b1e, 0xe595bd},
    {0x1557, 0xe595be},
    {0x2b1f, 0xe595bf},
    {0x933, 0xe59680},
    {0x1555, 0xe59681},
    {0xec8, 0xe59682},
    {0x1551, 0xe59683},
    {0xcff, 0xe59684},
    {0x999, 0xe59687},
    {0x1554, 0xe59688},
    {0x7a4, 0xe59689},
    {0x767, 0xe5968a},
    {0x154f, 0xe5968b},
    {0x153e, 0xe5968f},
    {0x2b25, 0xe59690},
    {0x1559, 0xe59691},
    {0x155e, 0xe59694},
    {0x530, 0xe59698},
    {0x155f, 0xe59699},
    {0xf1f, 0xe5969c},
    {0x77f, 0xe5969d},
    {0x2b2d, 0xe5969e},
    {0x1556, 0xe5969f},
    {0xfc5, 0xe596a7},
    {0x210b, 0xe596aa},
    {0x2b37, 0xe596ab},
    {0x20de, 0xe596ac},
    {0x2b38, 0xe596ad},
    {0x1eaa, 0xe596ae},
    {0x1552, 0xe596b1},
    {0x222c, 0xe596b2},
    {0x113e, 0xe596b3},
    {0x2b3b, 0xe596b4},
    {0x153f, 0xe596b5},
    {0x2b3c, 0xe596b6},
    {0xba8, 0xe596b7},
    {0x2b3d, 0xe596b8},
    {0x1553, 0xe596b9},
    {0x2b3e, 0xe596ba},
    {0x10dc, 0xe596bb},
    {0x2b3f, 0xe596bc},
    {0x2b40, 0xe596bf},
    {0x156a, 0xe59784},
    {0xfac, 0xe59785},
    {0x20d8, 0xe59786},
    {0x22c0, 0xe59787},
    {0x2b45, 0xe59788},
    {0x1562, 0xe59789},
    {0x206f, 0xe5978e},
    {0x1564, 0xe59791},
    {0x1550, 0xe59792},
    {0xcdd, 0xe59793},
    {0x1567, 0xe59794},
    {0x2b4a, 0xe59795},
    {0x1558, 0xe59796},
    {0x21a1, 0xe5979a},
    {0x2b4e, 0xe5979b},
    {0xd5f, 0xe5979c},
    {0x1569, 0xe5979d},
    {0x2b4f, 0xe5979e},
    {0x155b, 0xe5979f},
    {0x2b50, 0xe597a0},
    {0xeda, 0xe597a1},
    {0x2b51, 0xe597a2},
    {0xdb8, 0xe597a3},
    {0x1573, 0xe597a4},
    {0x156c, 0xe597a5},
    {0x1568, 0xe597a6},
    {0x2b52, 0xe597a7},
    {0x1571, 0xe597a8},
    {0x2379, 0xe597a9},
    {0x1560, 0xe597aa},
    {0x156b, 0xe597af},
    {0x2b57, 0xe597b4},
    {0x1572, 0xe597b5},
    {0x2372, 0xe597b6},
    {0x1561, 0xe597b7},
    {0xdc9, 0xe597bd},
    {0x157b, 0xe597be},
    {0x2b5d, 0xe597bf},
    {0x157c, 0xe59880},
    {0x1578, 0xe59881},
    {0x216a, 0xe59886},
    {0x2b62, 0xe59887},
    {0x1576, 0xe59888},
    {0x841, 0xe59889},
    {0x1577, 0xe5988c},
    {0x237c, 0xe5988d},
    {0x6bd, 0xe5988e},
    {0x127b, 0xe5988f},
    {0x20b0, 0xe59894},
    {0x2b69, 0xe59895},
    {0x237a, 0xe59896},
    {0x1e74, 0xe59897},
    {0xfb5, 0xe59898},
    {0xa96, 0xe5989b},
    {0x2377, 0xe5989c},
    {0x2b6c, 0xe5989d},
    {0x1575, 0xe5989e},
    {0x1563, 0xe5989f},
    {0x157a, 0xe598a3},
    {0x1579, 0xe598a4},
    {0x157d, 0xe598a7},
    {0x2b72, 0xe598a8},
    {0x1f4c, 0xe598a9},
    {0x1582, 0xe598ac},
    {0x157e, 0xe598ad},
    {0x2378, 0xe598ae},
    {0x21cf, 0xe598af},
    {0x2368, 0xe598b0},
    {0x11f5, 0xe598b1},
    {0x4d5, 0xe598b2},
    {0x2b75, 0xe598b3},
    {0x1249, 0xe598b4},
    {0x2371, 0xe598b5},
    {0xdb0, 0xe598b6},
    {0x2b76, 0xe598b7},
    {0x2369, 0xe598b8},
    {0x1580, 0xe598b9},
    {0x2b77, 0xe598ba},
    {0xf0a, 0xe598bb},
    {0x790, 0xe598bf},
    {0x2b7b, 0xe59980},
    {0x2674, 0xe59981},
    {0x1587, 0xe5998c},
    {0x1583, 0xe5998d},
    {0x1034, 0xe5998e},
    {0x1588, 0xe59994},
    {0x1581, 0xe59997},
    {0x157f, 0xe59998},
    {0x1585, 0xe59999},
    {0x1586, 0xe5999c},
    {0x236f, 0xe5999d},
    {0x2370, 0xe599a0},
    {0x2b91, 0xe599a1},
    {0x1584, 0xe599a2},
    {0x2b92, 0xe599a3},
    {0x158a, 0xe599a4},
    {0x2376, 0xe599a5},
    {0x2373, 0xe599a6},
    {0x2b93, 0xe599a7},
    {0xc16, 0xe599a8},
    {0x1262, 0xe599a9},
    {0x112e, 0xe599aa},
    {0x158c, 0xe599ab},
    {0xd60, 0xe599ac},
    {0x237f, 0xe599af},
    {0x2b96, 0xe599b0},
    {0x158b, 0xe599b1},
    {0x2374, 0xe599b2},
    {0x2b97, 0xe599b3},
    {0x20b5, 0xe599b4},
    {0x2b98, 0xe599b5},
    {0x6bc, 0xe599b6},
    {0x2b99, 0xe599b7},
    {0x1edb, 0xe599b8},
    {0x2672, 0xe599b9},
    {0x2b9a, 0xe599ba},
    {0x236e, 0xe59a80},
    {0x158f, 0xe59a85},
    {0x1589, 0xe59a86},
    {0x21b7, 0xe59a87},
    {0x2375, 0xe59a8c},
    {0x2ba6, 0xe59a8d},
    {0x776, 0xe59a8e},
    {0xe3a, 0xe59a8f},
    {0x1590, 0xe59a93},
    {0x2baa, 0xe59a94},
    {0x2382, 0xe59a95},
    {0x209e, 0xe59a99},
    {0xf66, 0xe59aa3},
    {0x236b, 0xe59aa6},
    {0x2bb9, 0xe59aa7},
    {0x2039, 0xe59aa8},
    {0x269f, 0xe59aae},
    {0x1591, 0xe59aaf},
    {0x237d, 0xe59ab3},
    {0x21f5, 0xe59ab4},
    {0x2bc2, 0xe59ab5},
    {0x2381, 0xe59ab6},
    {0xc9d, 0xe59ab7},
    {0x891, 0xe59abc},
    {0x237b, 0xe59b80},
    {0x237e, 0xe59b81},
    {0x21cc, 0xe59b82},
    {0x22db, 0xe59b85},
    {0x236a, 0xe59b88},
    {0x2689, 0xe59b89},
    {0xb35, 0xe59b8a},
    {0x2bce, 0xe59b8b},
    {0x2697, 0xe59b8c},
    {0x22a1, 0xe59b91},
    {0x1592, 0xe59b94},
    {0x1593, 0xe59b97},
    {0xc71, 0xe59b9a},
    {0xdb9, 0xe59b9b},
    {0x2bd9, 0xe59b9c},
    {0x1594, 0xe59b9d},
    {0x7ed, 0xe59b9e},
    {0x126c, 0xe59b9f},
    {0x1079, 0xe59ba0},
    {0x1595, 0xe59ba1},
    {0xe76, 0xe59ba2},
    {0x2bda, 0xe59ba3},
    {0x619, 0xe59ba4},
    {0x1597, 0xe59bab},
    {0x2be1, 0xe59bac},
    {0x10f3, 0xe59bad},
    {0x992, 0xe59bb0},
    {0x554, 0xe59bb1},
    {0xeb6, 0xe59bb4},
    {0x1596, 0xe59bb5},
    {0x1598, 0xe59bb9},
    {0x725, 0xe59bba},
    {0x753, 0xe59bbd},
    {0xe6d, 0xe59bbe},
    {0x1599, 0xe59bbf},
    {0xbf3, 0xe59c83},
    {0x159a, 0xe59c84},
    {0x2bee, 0xe59c85},
    {0x10f5, 0xe59c86},
    {0x2383, 0xe59c87},
    {0xc81, 0xe59c88},
    {0x159c, 0xe59c89},
    {0x159b, 0xe59c8a},
    {0x1f3d, 0xe59c8b},
    {0x2bef, 0xe59c8c},
    {0x218f, 0xe59c8d},
    {0x2246, 0xe59c92},
    {0x2248, 0xe59c93},
    {0x217e, 0xe59c96},
    {0x2bf6, 0xe59c97},
    {0x2180, 0xe59c98},
    {0x159d, 0xe59c9c},
    {0xe72, 0xe59c9f},
    {0xd3c, 0xe59ca3},
    {0x111d, 0xe59ca8},
    {0x13a7, 0xe59ca9},
    {0x13a9, 0xe59caa},
    {0x2c03, 0xe59cab},
    {0x13a8, 0xe59cac},
    {0x740, 0xe59cad},
    {0x5b9, 0xe59cb0},
    {0x13aa, 0xe59cb3},
    {0x13ab, 0xe59cb9},
    {0x4c6, 0xe59cba},
    {0x13af, 0xe59cbb},
    {0x80d, 0xe59cbe},
    {0x2c0d, 0xe59cbf},
    {0x11b6, 0xe59d80},
    {0x2c0e, 0xe59d81},
    {0x13b0, 0xe59d82},
    {0x928, 0xe59d87},
    {0x658, 0xe59d8a},
    {0x2c15, 0xe59d8b},
    {0x13a0, 0xe59d8c},
    {0xe01, 0xe59d8d},
    {0x93f, 0xe59d8e},
    {0x7ca, 0xe59d8f},
    {0x1255, 0xe59d90},
    {0x960, 0xe59d91},
    {0x976, 0xe59d97},
    {0x854, 0xe59d9a},
    {0xe06, 0xe59d9b},
    {0x13ae, 0xe59d9c},
    {0x3de, 0xe59d9d},
    {0xefa, 0xe59d9e},
    {0x675, 0xe59d9f},
    {0x1216, 0xe59da0},
    {0xbe1, 0xe59da1},
    {0x98f, 0xe59da4},
    {0x2c1f, 0xe59da5},
    {0xe0c, 0xe59da6},
    {0x2c20, 0xe59da7},
    {0x13b7, 0xe59da8},
    {0x13b1, 0xe59da9},
    {0xbd9, 0xe59daa},
    {0x13b3, 0xe59dab},
    {0x2c21, 0xe59dac},
    {0x13b8, 0xe59dad},
    {0x2c22, 0xe59dae},
    {0xbb8, 0xe59daf},
    {0x13ba, 0xe59db3},
    {0x13b9, 0xe59db6},
    {0x94d, 0xe59db7},
    {0x13b6, 0xe59dbb},
    {0x13b5, 0xe59dbc},
    {0x53c, 0xe59e82},
    {0x997, 0xe59e83},
    {0xa49, 0xe59e84},
    {0x13b2, 0xe59e85},
    {0x13b4, 0xe59e86},
    {0xf98, 0xe59e8b},
    {0x13bd, 0xe59e8c},
    {0x9c8, 0xe59e92},
    {0x13c2, 0xe59e93},
    {0x621, 0xe59e9b},
    {0x13c3, 0xe59ea0},
    {0x13a2, 0xe59ea1},
    {0x711, 0xe59ea2},
    {0x10ee, 0xe59ea3},
    {0x13bc, 0xe59ea4},
    {0x2c44, 0xe59ea5},
    {0x95e, 0xe59ea6},
    {0x13c0, 0xe59ea7},
    {0x2c45, 0xe59ea8},
    {0x13a1, 0xe59ea9},
    {0x2c46, 0xe59eaa},
    {0x5c7, 0xe59eab},
    {0x2c47, 0xe59eac},
    {0x13bb, 0xe59ead},
    {0x972, 0xe59eae},
    {0x13be, 0xe59eb2},
    {0x2c4b, 0xe59eb3},
    {0x13c1, 0xe59eb4},
    {0x13c9, 0xe59eb8},
    {0x6fa, 0xe59f82},
    {0x3ae, 0xe59f83},
    {0xa98, 0xe59f8b},
    {0x4ec, 0xe59f8e},
    {0x13bf, 0xe59f8f},
    {0x13c8, 0xe59f92},
    {0x2c63, 0xe59f93},
    {0xbf1, 0xe59f94},
    {0x13c4, 0xe59f95},
    {0x13c5, 0xe59f98},
    {0x13c7, 0xe59f99},
    {0x13c6, 0xe59f9a},
    {0x13ce, 0xe59f9d},
    {0x2c68, 0xe59f9e},
    {0x10d7, 0xe59f9f},
    {0x481, 0xe59fa0},
    {0x232a, 0xe59fa1},
    {0x13cd, 0xe59fa4},
    {0x13d2, 0xe59fad},
    {0x2c73, 0xe59fae},
    {0x13cb, 0xe59faf},
    {0x13ca, 0xe59fb4},
    {0x228b, 0xe59fb7},
    {0x13cc, 0xe59fb8},
    {0xba1, 0xe59fb9},
    {0x80e, 0xe59fba},
    {0x13d1, 0xe59fbd},
    {0x13d3, 0xe5a080},
    {0x2c7e, 0xe5a081},
    {0xe16, 0xe5a082},
    {0x1f85, 0xe5a085},
    {0x610, 0xe5a086},
    {0x144c, 0xe5a087},
    {0x2325, 0xe5a08a},
    {0x13cf, 0xe5a08b},
    {0x2c83, 0xe5a08c},
    {0x13d0, 0xe5a08d},
    {0xc32, 0xe5a091},
    {0x628, 0xe5a095},
    {0x232c, 0xe5a096},
    {0x13d5, 0xe5a099},
    {0x232e, 0xe5a09d},
    {0x13d4, 0xe5a09e},
    {0x2c8f, 0xe5a09f},
    {0x13d7, 0xe5a0a0},
    {0x40d, 0xe5a0a1},
    {0x5ad, 0xe5a0a4},
    {0x93d, 0xe5a0aa},
    {0x2205, 0xe5a0af},
    {0x1008, 0xe5a0b0},
    {0x1e38, 0xe5a0b1},
    {0x1e73, 0xe5a0b4},
    {0x601, 0xe5a0b5},
    {0x13d6, 0xe5a184},
    {0x1fe3, 0xe5a18a},
    {0x2339, 0xe5a18b},
    {0xdef, 0xe5a18c},
    {0x19a3, 0xe5a18d},
    {0x2cb0, 0xe5a18e},
    {0x232b, 0xe5a18f},
    {0x2cb1, 0xe5a190},
    {0xdd1, 0xe5a191},
    {0x232d, 0xe5a192},
    {0x2cb2, 0xe5a193},
    {0xdf3, 0xe5a194},
    {0x217f, 0xe5a197},
    {0xe14, 0xe5a198},
    {0xcd6, 0xe5a19e},
    {0x21a7, 0xe5a1a2},
    {0x2cbd, 0xe5a1a3},
    {0x232f, 0xe5a1a4},
    {0x13d8, 0xe5a1a5},
    {0xe41, 0xe5a1ab},
    {0x13d9, 0xe5a1ac},
    {0x1e7d, 0xe5a1b5},
    {0x20d6, 0xe5a1b9},
    {0x13a3, 0xe5a1be},
    {0x2cd2, 0xe5a1bf},
    {0x13dd, 0xe5a280},
    {0x13da, 0xe5a281},
    {0x2cd3, 0xe5a282},
    {0x8e2, 0xe5a283},
    {0x2cd4, 0xe5a284},
    {0xd92, 0xe5a285},
    {0x13db, 0xe5a289},
    {0x1ec2, 0xe5a28a},
    {0xd03, 0xe5a292},
    {0xb1c, 0xe5a293},
    {0xc3a, 0xe5a299},
    {0x13dc, 0xe5a29a},
    {0x2ce4, 0xe5a29b},
    {0x22b2, 0xe5a29c},
    {0x2ce5, 0xe5a29d},
    {0x1139, 0xe5a29e},
    {0xfb1, 0xe5a29f},
    {0xb0e, 0xe5a2a8},
    {0x614, 0xe5a2a9},
    {0x1edf, 0xe5a2ae},
    {0x1ef9, 0xe5a2b3},
    {0x20d9, 0xe5a2bb},
    {0x13a4, 0xe5a2bc},
    {0x2cfd, 0xe5a2bd},
    {0x1fdd, 0xe5a2be},
    {0x2cfe, 0xe5a2bf},
    {0x2cff, 0xe5a380},
    {0x443, 0xe5a381},
    {0x13a5, 0xe5a385},
    {0x2d03, 0xe5a386},
    {0x2167, 0xe5a387},
    {0x13a6, 0xe5a391},
    {0x2d0d, 0xe5a392},
    {0x21ed, 0xe5a393},
    {0x2d0e, 0xe5a394},
    {0x775, 0xe5a395},
    {0x2007, 0xe5a398},
    {0x2326, 0xe5a399},
    {0x2329, 0xe5a39a},
    {0x1f52, 0xe5a39e},
    {0x203b, 0xe5a39f},
    {0x2328, 0xe5a3a0},
    {0x2d14, 0xe5a3a1},
    {0x2327, 0xe5a3a2},
    {0x2d15, 0xe5a3a3},
    {0xc9b, 0xe5a3a4},
    {0x1e2b, 0xe5a3a9},
    {0x2d1a, 0xe5a3aa},
    {0xd56, 0xe5a3ab},
    {0xca4, 0xe5a3ac},
    {0x2d1b, 0xe5a3ad},
    {0x1210, 0xe5a3ae},
    {0x22ae, 0xe5a3af},
    {0xd32, 0xe5a3b0},
    {0x954, 0xe5a3b3},
    {0x7af, 0xe5a3b6},
    {0x1043, 0xe5a3b9},
    {0x1f49, 0xe5a3ba},
    {0x2138, 0xe5a3bd},
    {0x161c, 0xe5a482},
    {0x2d28, 0xe5a483},
    {0x529, 0xe5a484},
    {0x421, 0xe5a487},
    {0x6af, 0xe5a48d},
    {0x2d30, 0xe5a48e},
    {0xf31, 0xe5a48f},
    {0x12fb, 0xe5a494},
    {0xf13, 0xe5a495},
    {0xe93, 0xe5a496},
    {0x1301, 0xe5a499},
    {0x61f, 0xe5a49a},
    {0x2d37, 0xe5a49b},
    {0x1040, 0xe5a49c},
    {0x714, 0xe5a49f},
    {0x2081, 0xe5a4a2},
    {0x2d3c, 0xe5a4a3},
    {0x161b, 0xe5a4a4},
    {0x1619, 0xe5a4a5},
    {0x2d3d, 0xe5a4a6},
    {0x576, 0xe5a4a7},
    {0x2d3e, 0xe5a4a8},
    {0xe3f, 0xe5a4a9},
    {0xdfe, 0xe5a4aa},
    {0x68f, 0xe5a4ab},
    {0x2d3f, 0xe5a4ac},
    {0x1268, 0xe5a4ad},
    {0x1014, 0xe5a4ae},
    {0x772, 0xe5a4af},
    {0x2d40, 0xe5a4b0},
    {0xd3e, 0xe5a4b1},
    {0xe68, 0xe5a4b4},
    {0x104b, 0xe5a4b7},
    {0x971, 0xe5a4b8},
    {0x843, 0xe5a4b9},
    {0x620, 0xe5a4ba},
    {0x2d45, 0xe5a4bb},
    {0x14af, 0xe5a4bc},
    {0x2d46, 0xe5a4bd},
    {0x1f7c, 0xe5a4be},
    {0x2d47, 0xe5a4bf},
    {0x2d48, 0xe5a580},
    {0x14b0, 0xe5a581},
    {0x138c, 0xe5a582},
    {0x2d49, 0xe5a583},
    {0x1002, 0xe5a584},
    {0xc05, 0xe5a587},
    {0xb31, 0xe5a588},
    {0x68b, 0xe5a589},
    {0x2d4c, 0xe5a58a},
    {0x679, 0xe5a58b},
    {0x989, 0xe5a58e},
    {0x123d, 0xe5a58f},
    {0x2d4f, 0xe5a590},
    {0xc14, 0xe5a591},
    {0x425, 0xe5a594},
    {0x14b2, 0xe5a595},
    {0x882, 0xe5a596},
    {0xe2a, 0xe5a597},
    {0x14b4, 0xe5a598},
    {0x2d52, 0xe5a599},
    {0x14b3, 0xe5a59a},
    {0x5cd, 0xe5a5a0},
    {0x2d58, 0xe5a5a1},
    {0xd16, 0xe5a5a2},
    {0x3cd, 0xe5a5a5},
    {0x235b, 0xe5a5a9},
    {0x1ede, 0xe5a5aa},
    {0x2d5e, 0xe5a5ab},
    {0x1fa2, 0xe5a5ac},
    {0x2d5f, 0xe5a5ad},
    {0x1efa, 0xe5a5ae},
    {0xb6f, 0xe5a5b3},
    {0xb6c, 0xe5a5b4},
    {0x2d64, 0xe5a5b5},
    {0xb2f, 0xe5a5b6},
    {0x2d65, 0xe5a5b7},
    {0x85c, 0xe5a5b8},
    {0xdf2, 0xe5a5b9},
    {0x77a, 0xe5a5bd},
    {0x2d6b, 0xe5a680},
    {0x1775, 0xe5a681},
    {0xcc2, 0xe5a682},
    {0x1776, 0xe5a683},
    {0xeae, 0xe5a684},
    {0x2d6c, 0xe5a685},
    {0x120e, 0xe5a686},
    {0x6b9, 0xe5a687},
    {0xa8f, 0xe5a688},
    {0x2d6d, 0xe5a689},
    {0xcac, 0xe5a68a},
    {0x1777, 0xe5a68d},
    {0x609, 0xe5a692},
    {0x83e, 0xe5a693},
    {0x1026, 0xe5a696},
    {0x177b, 0xe5a697},
    {0x2d76, 0xe5a698},
    {0xaf3, 0xe5a699},
    {0x22ad, 0xe5a69d},
    {0x177e, 0xe5a69e},
    {0x177a, 0xe5a6a3},
    {0x177f, 0xe5a6a4},
    {0xe88, 0xe5a6a5},
    {0x65e, 0xe5a6a8},
    {0x177d, 0xe5a6ab},
    {0xb40, 0xe5a6ae},
    {0x1782, 0xe5a6af},
    {0x1781, 0xe5a6b2},
    {0xac8, 0xe5a6b9},
    {0x2d8a, 0xe5a6ba},
    {0xbfd, 0xe5a6bb},
    {0x1784, 0xe5a6be},
    {0x2d8d, 0xe5a6bf},
    {0xb1a, 0xe5a786},
    {0x177c, 0xe5a78a},
    {0xd53, 0xe5a78b},
    {0x8b4, 0xe5a790},
    {0x71c, 0xe5a791},
    {0x1780, 0xe5a792},
    {0xfa0, 0xe5a793},
    {0xebe, 0xe5a794},
    {0x1783, 0xe5a797},
    {0x178a, 0xe5a798},
    {0x2d9d, 0xe5a799},
    {0x102d, 0xe5a79a},
    {0x2d9e, 0xe5a79b},
    {0x87b, 0xe5a79c},
    {0x1787, 0xe5a79d},
    {0x1789, 0xe5a7a3},
    {0x2da4, 0xe5a7a4},
    {0x9bc, 0xe5a7a5},
    {0x1053, 0xe5a7a8},
    {0x81a, 0xe5a7ac},
    {0x178b, 0xe5a7b9},
    {0x2db6, 0xe5a7ba},
    {0x107d, 0xe5a7bb},
    {0x1228, 0xe5a7bf},
    {0x2dba, 0xe5a880},
    {0xeaf, 0xe5a881},
    {0x2dbb, 0xe5a882},
    {0xe8f, 0xe5a883},
    {0xa4d, 0xe5a884},
    {0x890, 0xe5a887},
    {0x1788, 0xe5a888},
    {0x178d, 0xe5a889},
    {0x178c, 0xe5a88c},
    {0x1790, 0xe5a891},
    {0x2dc2, 0xe5a892},
    {0x1792, 0xe5a893},
    {0xb52, 0xe5a898},
    {0xb2b, 0xe5a89c},
    {0x919, 0xe5a89f},
    {0xd28, 0xe5a8a0},
    {0x1791, 0xe5a8a3},
    {0x2dce, 0xe5a8a4},
    {0x62f, 0xe5a8a5},
    {0xae9, 0xe5a8a9},
    {0x10ce, 0xe5a8b1},
    {0x178e, 0xe5a8b2},
    {0x2dd9, 0xe5a8b3},
    {0x178f, 0xe5a8b4},
    {0x2dda, 0xe5a8b5},
    {0xc7d, 0xe5a8b6},
    {0x1797, 0xe5a8bc},
    {0x1793, 0xe5a980},
    {0x203f, 0xe5a981},
    {0xbe4, 0xe5a986},
    {0xea2, 0xe5a989},
    {0x1795, 0xe5a98a},
    {0x1796, 0xe5a995},
    {0x7fe, 0xe5a99a},
    {0x1798, 0xe5a9a2},
    {0x1f0e, 0xe5a9a6},
    {0x1794, 0xe5a9a7},
    {0x9a2, 0xe5a9aa},
    {0x23f9, 0xe5a9ad},
    {0x1089, 0xe5a9b4},
    {0x1799, 0xe5a9b5},
    {0xd2d, 0xe5a9b6},
    {0x179d, 0xe5a9b7},
    {0x179e, 0xe5a9ba},
    {0xfc1, 0xe5a9bf},
    {0xac2, 0xe5aa92},
    {0xac9, 0xe5aa9a},
    {0x179c, 0xe5aa9b},
    {0x23fc, 0xe5aaa7},
    {0x179b, 0xe5aaaa},
    {0x17a1, 0xe5aab2},
    {0xf1e, 0xe5aab3},
    {0x2e3e, 0xe5aab4},
    {0x19a4, 0xe5aab5},
    {0x17a4, 0xe5aab8},
    {0x2069, 0xe5aabd},
    {0x179f, 0xe5aabe},
    {0x2e45, 0xe5aabf},
    {0x2e46, 0xe5ab80},
    {0x851, 0xe5ab81},
    {0xce2, 0xe5ab82},
    {0x828, 0xe5ab89},
    {0xf40, 0xe5ab8c},
    {0x17a2, 0xe5ab92},
    {0x2e54, 0xe5ab93},
    {0x17a3, 0xe5ab94},
    {0x2e55, 0xe5ab95},
    {0x17a8, 0xe5ab96},
    {0x23f7, 0xe5ab97},
    {0x17aa, 0xe5ab98},
    {0x17ab, 0xe5ab9c},
    {0x17a5, 0xe5aba0},
    {0x5b6, 0xe5aba1},
    {0x2e5c, 0xe5aba2},
    {0x17a6, 0xe5aba3},
    {0x17a9, 0xe5aba6},
    {0xb3e, 0xe5aba9},
    {0x2e61, 0xe5abaa},
    {0x17a0, 0xe5abab},
    {0x17a7, 0xe5abb1},
    {0x23f6, 0xe5abb5},
    {0x23fd, 0xe5abbb},
    {0x23f8, 0xe5ac80},
    {0x23fa, 0xe5ac88},
    {0x17ac, 0xe5ac89},
    {0x2e7a, 0xe5ac8a},
    {0x23fe, 0xe5ac8b},
    {0x1fa8, 0xe5ac8c},
    {0x17ae, 0xe5ac96},
    {0x17ad, 0xe5ac97},
    {0x2e84, 0xe5ac98},
    {0x2401, 0xe5ac99},
    {0x23ff, 0xe5aca1},
    {0x2400, 0xe5acaa},
    {0x2221, 0xe5acb0},
    {0x2e99, 0xe5acb1},
    {0x17af, 0xe5acb2},
    {0x2e9a, 0xe5acb3},
    {0x130c, 0xe5acb4},
    {0x17b0, 0xe5acb7},
    {0x2122, 0xe5acb8},
    {0x17b1, 0xe5ad80},
    {0x23fb, 0xe5ad8c},
    {0x1230, 0xe5ad90},
    {0x17b7, 0xe5ad91},
    {0x2eb2, 0xe5ad92},
    {0x17b8, 0xe5ad93},
    {0x964, 0xe5ad94},
    {0x1113, 0xe5ad95},
    {0x2eb3, 0xe5ad96},
    {0x1233, 0xe5ad97},
    {0x569, 0xe5ad98},
    {0xde4, 0xe5ad99},
    {0x17b4, 0xe5ad9a},
    {0x1279, 0xe5ad9b},
    {0x122b, 0xe5ad9c},
    {0xf6d, 0xe5ad9d},
    {0x2eb4, 0xe5ad9e},
    {0xad4, 0xe5ad9f},
    {0x17b9, 0xe5ada2},
    {0x831, 0xe5ada3},
    {0x71b, 0xe5ada4},
    {0x17b5, 0xe5ada5},
    {0xfd0, 0xe5ada6},
    {0x759, 0xe5ada9},
    {0xa76, 0xe5adaa},
    {0x215a, 0xe5adab},
    {0x1261, 0xe5adac},
    {0xd82, 0xe5adb0},
    {0x176a, 0xe5adb1},
    {0x2ebc, 0xe5adb2},
    {0x17b6, 0xe5adb3},
    {0x2ebd, 0xe5adb4},
    {0x692, 0xe5adb5},
    {0x21e5, 0xe5adb8},
    {0x2ec0, 0xe5adb9},
    {0xcc1, 0xe5adba},
    {0xb58, 0xe5adbd},
    {0x2ec3, 0xe5adbe},
    {0x2057, 0xe5adbf},
    {0x172e, 0xe5ae80},
    {0xb61, 0xe5ae81},
    {0x2ec4, 0xe5ae82},
    {0xdf1, 0xe5ae83},
    {0x172f, 0xe5ae84},
    {0x114d, 0xe5ae85},
    {0x2ec5, 0xe5ae86},
    {0x10d3, 0xe5ae87},
    {0xd6f, 0xe5ae88},
    {0x3bd, 0xe5ae89},
    {0x2ec6, 0xe5ae8a},
    {0xdc3, 0xe5ae8b},
    {0xe9b, 0xe5ae8c},
    {0x7a1, 0xe5ae8f},
    {0x1731, 0xe5ae93},
    {0x2ecc, 0xe5ae94},
    {0x1730, 0xe5ae95},
    {0x2ecd, 0xe5ae96},
    {0x1237, 0xe5ae97},
    {0x732, 0xe5ae98},
    {0x11e5, 0xe5ae99},
    {0x5e7, 0xe5ae9a},
    {0xea1, 0xe5ae9b},
    {0x1052, 0xe5ae9c},
    {0x40f, 0xe5ae9d},
    {0xd4c, 0xe5ae9e},
    {0x2ece, 0xe5ae9f},
    {0x50d, 0xe5aea0},
    {0xd2c, 0xe5aea1},
    {0x95a, 0xe5aea2},
    {0xfc6, 0xe5aea3},
    {0xd69, 0xe5aea4},
    {0x1732, 0xe5aea5},
    {0x7d7, 0xe5aea6},
    {0xf49, 0xe5aeaa},
    {0x705, 0xe5aeab},
    {0x111a, 0xe5aeb0},
    {0x75d, 0xe5aeb3},
    {0x1010, 0xe5aeb4},
    {0xf69, 0xe5aeb5},
    {0x845, 0xe5aeb6},
    {0x2ed8, 0xe5aeb7},
    {0x1733, 0xe5aeb8},
    {0xcb8, 0xe5aeb9},
    {0x97a, 0xe5aebd},
    {0x45f, 0xe5aebe},
    {0xdd3, 0xe5aebf},
    {0x838, 0xe5af82},
    {0x2ede, 0xe5af83},
    {0x837, 0xe5af84},
    {0x1081, 0xe5af85},
    {0xae1, 0xe5af86},
    {0x969, 0xe5af87},
    {0x6b6, 0xe5af8c},
    {0xac7, 0xe5af90},
    {0x2ee6, 0xe5af91},
    {0x765, 0xe5af92},
    {0x10e5, 0xe5af93},
    {0xc5b, 0xe5af9d},
    {0xb12, 0xe5af9e},
    {0x4b3, 0xe5af9f},
    {0x2ef0, 0xe5afa0},
    {0x72a, 0xe5afa1},
    {0x20e5, 0xe5afa2},
    {0x2ef1, 0xe5afa3},
    {0x1737, 0xe5afa4},
    {0xa11, 0xe5afa5},
    {0x212f, 0xe5afa6},
    {0x20a3, 0xe5afa7},
    {0x1150, 0xe5afa8},
    {0x2121, 0xe5afa9},
    {0x2ef2, 0xe5afaa},
    {0x21d4, 0xe5afab},
    {0x1fe5, 0xe5afac},
    {0x2ef3, 0xe5afad},
    {0x1738, 0xe5afae},
    {0x2ef4, 0xe5afaf},
    {0x173a, 0xe5afb0},
    {0x1e8a, 0xe5afb5},
    {0x1e37, 0xe5afb6},
    {0x2ef9, 0xe5afb7},
    {0x56a, 0xe5afb8},
    {0x613, 0xe5afb9},
    {0xdb7, 0xe5afba},
    {0xfd9, 0xe5afbb},
    {0x59d, 0xe5afbc},
    {0xd70, 0xe5afbf},
    {0x2efc, 0xe5b080},
    {0x67f, 0xe5b081},
    {0xd1d, 0xe5b084},
    {0x2eff, 0xe5b085},
    {0x87c, 0xe5b086},
    {0x1f9e, 0xe5b087},
    {0x22a6, 0xe5b088},
    {0xecd, 0xe5b089},
    {0x124d, 0xe5b08a},
    {0x21e8, 0xe5b08b},
    {0x2f00, 0xe5b08c},
    {0x1eda, 0xe5b08d},
    {0x1eb9, 0xe5b08e},
    {0xf6c, 0xe5b08f},
    {0x2f01, 0xe5b090},
    {0xd12, 0xe5b091},
    {0x63a, 0xe5b094},
    {0x17b2, 0xe5b095},
    {0x855, 0xe5b096},
    {0x2f04, 0xe5b097},
    {0x4e3, 0xe5b098},
    {0x2f05, 0xe5b099},
    {0xd09, 0xe5b09a},
    {0x2f06, 0xe5b09b},
    {0x17b3, 0xe5b09c},
    {0x4c7, 0xe5b09d},
    {0x14b6, 0xe5b0a2},
    {0x2f0b, 0xe5b0a3},
    {0x10ad, 0xe5b0a4},
    {0x14b7, 0xe5b0a5},
    {0x2f0c, 0xe5b0a6},
    {0x1029, 0xe5b0a7},
    {0x14b8, 0xe5b0ac},
    {0x8fc, 0xe5b0b1},
    {0x14b9, 0xe5b0b4},
    {0x235c, 0xe5b0b7},
    {0xd43, 0xe5b0b8},
    {0x1083, 0xe5b0b9},
    {0x504, 0xe5b0ba},
    {0x1766, 0xe5b0bb},
    {0xb44, 0xe5b0bc},
    {0x8d0, 0xe5b0bd},
    {0xec1, 0xe5b0be},
    {0xb55, 0xe5b0bf},
    {0x905, 0xe5b180},
    {0xbc7, 0xe5b181},
    {0x4aa, 0xe5b182},
    {0x902, 0xe5b185},
    {0xc79, 0xe5b188},
    {0xe3e, 0xe5b189},
    {0x8bd, 0xe5b18a},
    {0xeec, 0xe5b18b},
    {0xd51, 0xe5b18e},
    {0xbe0, 0xe5b18f},
    {0x1768, 0xe5b190},
    {0xf87, 0xe5b191},
    {0x115a, 0xe5b195},
    {0x1769, 0xe5b199},
    {0xd8b, 0xe5b19e},
    {0x2f29, 0xe5b19f},
    {0xe71, 0xe5b1a0},
    {0xa6c, 0xe5b1a1},
    {0x2050, 0xe5b1a2},
    {0x176b, 0xe5b1a3},
    {0x1e67, 0xe5b1a4},
    {0xa6b, 0xe5b1a5},
    {0x176c, 0xe5b1a6},
    {0x2f2a, 0xe5b1a7},
    {0x23f4, 0xe5b1a8},
    {0x213e, 0xe5b1ac},
    {0x2f2e, 0xe5b1ad},
    {0x1774, 0xe5b1ae},
    {0xe7e, 0xe5b1af},
    {0x2f2f, 0xe5b1b0},
    {0xcf6, 0xe5b1b1},
    {0x1060, 0xe5b1b9},
    {0x15ac, 0xe5b1ba},
    {0x10d1, 0xe5b1bf},
    {0x2f3b, 0xe5b280},
    {0xddf, 0xe5b281},
    {0xc10, 0xe5b282},
    {0x15b0, 0xe5b288},
    {0x15ab, 0xe5b28c},
    {0x15ad, 0xe5b28d},
    {0x15ae, 0xe5b290},
    {0x15b3, 0xe5b291},
    {0x4b4, 0xe5b294},
    {0x2f48, 0xe5b295},
    {0x15af, 0xe5b296},
    {0x6d5, 0xe5b297},
    {0x15b4, 0xe5b29a},
    {0x59b, 0xe5b29b},
    {0x15b5, 0xe5b29c},
    {0x1f16, 0xe5b2a1},
    {0x15b7, 0xe5b2a2},
    {0x15bc, 0xe5b2a3},
    {0xffb, 0xe5b2a9},
    {0x2f52, 0xe5b2aa},
    {0x15ba, 0xe5b2ab},
    {0x15b9, 0xe5b2ac},
    {0xa34, 0xe5b2ad},
    {0x15bb, 0xe5b2b1},
    {0x2f56, 0xe5b2b2},
    {0x1103, 0xe5b2b3},
    {0x2f57, 0xe5b2b4},
    {0x15b6, 0xe5b2b5},
    {0x2f58, 0xe5b2b6},
    {0x15be, 0xe5b2b7},
    {0x3c1, 0xe5b2b8},
    {0x15b8, 0xe5b2bd},
    {0x2f5d, 0xe5b2be},
    {0x986, 0xe5b2bf},
    {0x2f5e, 0xe5b380},
    {0x15bd, 0xe5b381},
    {0x15bf, 0xe5b384},
    {0x15c2, 0xe5b38b},
    {0x15c0, 0xe5b392},
    {0x11c4, 0xe5b399},
    {0xf2c, 0xe5b3a1},
    {0x15c1, 0xe5b3a4},
    {0x15c3, 0xe5b3a5},
    {0xa74, 0xe5b3a6},
    {0x2f7c, 0xe5b3a7},
    {0x62a, 0xe5b3a8},
    {0x2f7d, 0xe5b3a9},
    {0x10dd, 0xe5b3aa},
    {0xc4a, 0xe5b3ad},
    {0x682, 0xe5b3b0},
    {0x2389, 0xe5b3b4},
    {0x2f85, 0xe5b3b5},
    {0x1eb7, 0xe5b3b6},
    {0x92d, 0xe5b3bb},
    {0x2f8a, 0xe5b3bc},
    {0x21b4, 0xe5b3bd},
    {0x15cb, 0xe5b486},
    {0x50c, 0xe5b487},
    {0x238f, 0xe5b48d},
    {0xc08, 0xe5b48e},
    {0x561, 0xe5b494},
    {0x2f9b, 0xe5b495},
    {0xfeb, 0xe5b496},
    {0x1f1a, 0xe5b497},
    {0x15cc, 0xe5b49b},
    {0x15ca, 0xe5b49e},
    {0x15c9, 0xe5b4a4},
    {0x2fa6, 0xe5b4a5},
    {0x15c7, 0xe5b4a6},
    {0x15c6, 0xe5b4a7},
    {0x2fa7, 0xe5b4a8},
    {0x429, 0xe5b4a9},
    {0x238b, 0xe5b4ac},
    {0x1159, 0xe5b4ad},
    {0x15c8, 0xe5b4ae},
    {0x15cf, 0xe5b4b4},
    {0x15d0, 0xe5b4bd},
    {0x15ce, 0xe5b4be},
    {0x2fb7, 0xe5b4bf},
    {0x1b22, 0xe5b587},
    {0x15d7, 0xe5b58a},
    {0x15d6, 0xe5b58b},
    {0xc33, 0xe5b58c},
    {0x238a, 0xe5b590},
    {0x15cd, 0xe5b598},
    {0x15d2, 0xe5b59b},
    {0x2fcd, 0xe5b59c},
    {0x15d4, 0xe5b59d},
    {0x15d8, 0xe5b5a9},
    {0x2fd9, 0xe5b5aa},
    {0x15d5, 0xe5b5ab},
    {0x15d1, 0xe5b5ac},
    {0x15d3, 0xe5b5af},
    {0x15d9, 0xe5b5b4},
    {0x2feb, 0xe5b680},
    {0x2391, 0xe5b681},
    {0x15da, 0xe5b682},
    {0x2fec, 0xe5b683},
    {0x2271, 0xe5b684},
    {0x2388, 0xe5b687},
    {0x238e, 0xe5b697},
    {0x2ffe, 0xe5b698},
    {0x15db, 0xe5b699},
    {0x15dc, 0xe5b69d},
    {0x238d, 0xe5b6a0},
    {0x238c, 0xe5b6a7},
    {0x15de, 0xe5b6b7},
    {0x2390, 0xe5b6b8},
    {0x3019, 0xe5b6b9},
    {0x2033, 0xe5b6ba},
    {0x301a, 0xe5b6bb},
    {0x223c, 0xe5b6bc},
    {0x15df, 0xe5b785},
    {0x1fe9, 0xe5b78b},
    {0x3028, 0xe5b78c},
    {0xeb0, 0xe5b78d},
    {0x2055, 0xe5b792},
    {0x302d, 0xe5b793},
    {0x2392, 0xe5b794},
    {0x1815, 0xe5b79b},
    {0x3034, 0xe5b79c},
    {0x52b, 0xe5b79d},
    {0x11dc, 0xe5b79e},
    {0xfdb, 0xe5b7a1},
    {0x4d7, 0xe5b7a2},
    {0x6fd, 0xe5b7a5},
    {0x1250, 0xe5b7a6},
    {0xc46, 0xe5b7a7},
    {0x90d, 0xe5b7a8},
    {0x707, 0xe5b7a9},
    {0x3039, 0xe5b7aa},
    {0xee6, 0xe5b7ab},
    {0x4b5, 0xe5b7ae},
    {0x139f, 0xe5b7af},
    {0x2324, 0xe5b7b0},
    {0x82d, 0xe5b7b1},
    {0x1058, 0xe5b7b2},
    {0xdbd, 0xe5b7b3},
    {0x3d8, 0xe5b7b4},
    {0xf5c, 0xe5b7b7},
    {0x12f7, 0xe5b7bd},
    {0x8be, 0xe5b7be},
    {0x3043, 0xe5b7bf},
    {0x3044, 0xe5b880},
    {0x43b, 0xe5b881},
    {0xd67, 0xe5b882},
    {0x483, 0xe5b883},
    {0x3045, 0xe5b884},
    {0xd9c, 0xe5b885},
    {0x648, 0xe5b886},
    {0x3046, 0xe5b887},
    {0xd3d, 0xe5b888},
    {0xf10, 0xe5b88c},
    {0x159e, 0xe5b88f},
    {0x116b, 0xe5b890},
    {0x15a1, 0xe5b891},
    {0x15a0, 0xe5b894},
    {0xb82, 0xe5b895},
    {0xe4e, 0xe5b896},
    {0x304e, 0xe5b897},
    {0x9fa, 0xe5b898},
    {0x159f, 0xe5b899},
    {0x11e2, 0xe5b89a},
    {0x476, 0xe5b89b},
    {0x11c3, 0xe5b89c},
    {0x5bc, 0xe5b89d},
    {0x2143, 0xe5b8a5},
    {0x57b, 0xe5b8a6},
    {0x11a0, 0xe5b8a7},
    {0x2129, 0xe5b8ab},
    {0x3059, 0xe5b8ac},
    {0xf1c, 0xe5b8ad},
    {0x3fa, 0xe5b8ae},
    {0x15a2, 0xe5b8b1},
    {0x305c, 0xe5b8b2},
    {0x2277, 0xe5b8b3},
    {0x1ea7, 0xe5b8b6},
    {0x15a5, 0xe5b8b7},
    {0x4c8, 0xe5b8b8},
    {0xab6, 0xe5b8bd},
    {0x2285, 0xe5b980},
    {0x3063, 0xe5b981},
    {0xae2, 0xe5b982},
    {0x2384, 0xe5b983},
    {0x15a6, 0xe5b984},
    {0x696, 0xe5b985},
    {0x7e4, 0xe5b98c},
    {0x15a7, 0xe5b994},
    {0xb1e, 0xe5b995},
    {0x3071, 0xe5b996},
    {0x2387, 0xe5b997},
    {0x2386, 0xe5b998},
    {0x15a8, 0xe5b99b},
    {0x15a9, 0xe5b99e},
    {0x2290, 0xe5b99f},
    {0x3076, 0xe5b9a0},
    {0x15aa, 0xe5b9a1},
    {0x534, 0xe5b9a2},
    {0x1e44, 0xe5b9a3},
    {0x1e32, 0xe5b9ab},
    {0x2385, 0xe5b9ac},
    {0x6c4, 0xe5b9b2},
    {0xbdc, 0xe5b9b3},
    {0xb4d, 0xe5b9b4},
    {0x3083, 0xe5b9b5},
    {0x469, 0xe5b9b6},
    {0x3084, 0xe5b9b7},
    {0xf9d, 0xe5b9b8},
    {0x1f13, 0xe5b9b9},
    {0x1813, 0xe5b9ba},
    {0x7d8, 0xe5b9bb},
    {0x10bc, 0xe5b9bc},
    {0x10a9, 0xe5b9bd},
    {0x1f73, 0xe5b9be},
    {0x73c, 0xe5b9bf},
    {0x1631, 0xe5ba80},
    {0x120c, 0xe5ba84},
    {0x3088, 0xe5ba85},
    {0xc69, 0xe5ba86},
    {0x43c, 0xe5ba87},
    {0x535, 0xe5ba8a},
    {0x1633, 0xe5ba8b},
    {0xfbd, 0xe5ba8f},
    {0xa55, 0xe5ba90},
    {0x1632, 0xe5ba91},
    {0x308e, 0xe5ba92},
    {0x96f, 0xe5ba93},
    {0x108b, 0xe5ba94},
    {0x5b8, 0xe5ba95},
    {0x1634, 0xe5ba96},
    {0x5cb, 0xe5ba97},
    {0x308f, 0xe5ba98},
    {0xaf2, 0xe5ba99},
    {0x6f8, 0xe5ba9a},
    {0x3090, 0xe5ba9b},
    {0x6a9, 0xe5ba9c},
    {0x3091, 0xe5ba9d},
    {0xb94, 0xe5ba9e},
    {0x66c, 0xe5ba9f},
    {0x1636, 0xe5baa0},
    {0x1635, 0xe5baa5},
    {0x607, 0xe5baa6},
    {0x1256, 0xe5baa7},
    {0x1fe0, 0xe5baab},
    {0x3099, 0xe5baac},
    {0xe56, 0xe5baad},
    {0x163a, 0xe5bab3},
    {0x309f, 0xe5bab4},
    {0x1638, 0xe5bab5},
    {0xd93, 0xe5bab6},
    {0x942, 0xe5bab7},
    {0x109e, 0xe5bab8},
    {0x1637, 0xe5bab9},
    {0x1639, 0xe5babe},
    {0x30a4, 0xe5babf},
    {0x9f7, 0xe5bb89},
    {0x9b3, 0xe5bb8a},
    {0x163d, 0xe5bb91},
    {0x163c, 0xe5bb92},
    {0x995, 0xe5bb93},
    {0xa17, 0xe5bb96},
    {0x163e, 0xe5bb9b},
    {0x2087, 0xe5bb9f},
    {0x1e78, 0xe5bba0},
    {0x23ae, 0xe5bba1},
    {0x1ef6, 0xe5bba2},
    {0x1f31, 0xe5bba3},
    {0x163f, 0xe5bba8},
    {0x30c1, 0xe5bba9},
    {0x1640, 0xe5bbaa},
    {0x30c2, 0xe5bbab},
    {0x2045, 0xe5bbac},
    {0x2178, 0xe5bbb3},
    {0x1398, 0xe5bbb4},
    {0x30c9, 0xe5bbb5},
    {0xffc, 0xe5bbb6},
    {0xe53, 0xe5bbb7},
    {0x879, 0xe5bbba},
    {0x14ad, 0xe5bbbe},
    {0x125b, 0xe5bbbf},
    {0x937, 0xe5bc80},
    {0x139d, 0xe5bc81},
    {0x1073, 0xe5bc82},
    {0xc19, 0xe5bc83},
    {0xb6b, 0xe5bc84},
    {0x14ae, 0xe5bc88},
    {0x30d2, 0xe5bc89},
    {0x440, 0xe5bc8a},
    {0x14f6, 0xe5bc8b},
    {0xd54, 0xe5bc8f},
    {0x30d6, 0xe5bc90},
    {0x14f9, 0xe5bc91},
    {0x30d7, 0xe5bc92},
    {0x706, 0xe5bc93},
    {0x30d8, 0xe5bc94},
    {0x1084, 0xe5bc95},
    {0x30d9, 0xe5bc96},
    {0x6a0, 0xe5bc97},
    {0x7a2, 0xe5bc98},
    {0x4ff, 0xe5bc9b},
    {0x5bd, 0xe5bc9f},
    {0x1166, 0xe5bca0},
    {0xadb, 0xe5bca5},
    {0xf3f, 0xe5bca6},
    {0x7b6, 0xe5bca7},
    {0x30e3, 0xe5bca8},
    {0x176f, 0xe5bca9},
    {0x176e, 0xe5bcaa},
    {0x1770, 0xe5bcad},
    {0x30e6, 0xe5bcae},
    {0xe95, 0xe5bcaf},
    {0x30e7, 0xe5bcb0},
    {0xcd0, 0xe5bcb1},
    {0x30e8, 0xe5bcb2},
    {0x23f5, 0xe5bcb3},
    {0x30e9, 0xe5bcb4},
    {0x2275, 0xe5bcb5},
    {0x590, 0xe5bcb9},
    {0xc3c, 0xe5bcba},
    {0x30ed, 0xe5bcbb},
    {0x1772, 0xe5bcbc},
    {0x19be, 0xe5bd80},
    {0x266e, 0xe5bd86},
    {0x30f6, 0xe5bd87},
    {0x1eb0, 0xe5bd88},
    {0x2083, 0xe5bd8c},
    {0x30fa, 0xe5bd8d},
    {0x2188, 0xe5bd8e},
    {0x30fb, 0xe5bd8f},
    {0x1762, 0xe5bd90},
    {0x30fc, 0xe5bd91},
    {0x742, 0xe5bd92},
    {0x592, 0xe5bd93},
    {0x30fd, 0xe5bd94},
    {0xa63, 0xe5bd95},
    {0x1764, 0xe5bd96},
    {0x1763, 0xe5bd97},
    {0x1765, 0xe5bd98},
    {0x267c, 0xe5bd99},
    {0x1054, 0xe5bd9d},
    {0x15ee, 0xe5bda1},
    {0xf99, 0xe5bda2},
    {0x3104, 0xe5bda3},
    {0xe5f, 0xe5bda4},
    {0x3105, 0xe5bda5},
    {0x100e, 0xe5bda6},
    {0x491, 0xe5bda9},
    {0x454, 0xe5bdaa},
    {0x3108, 0xe5bdab},
    {0x45b, 0xe5bdac},
    {0xbae, 0xe5bdad},
    {0x1164, 0xe5bdb0},
    {0x1095, 0xe5bdb1},
    {0x310b, 0xe5bdb2},
    {0x15e0, 0xe5bdb3},
    {0x15e1, 0xe5bdb7},
    {0x310f, 0xe5bdb8},
    {0x1062, 0xe5bdb9},
    {0x3110, 0xe5bdba},
    {0x4de, 0xe5bdbb},
    {0x434, 0xe5bdbc},
    {0xeaa, 0xe5be80},
    {0x1198, 0xe5be81},
    {0x15e2, 0xe5be82},
    {0x3114, 0xe5be83},
    {0x8e5, 0xe5be84},
    {0x580, 0xe5be85},
    {0x3115, 0xe5be86},
    {0x15e3, 0xe5be87},
    {0x793, 0xe5be88},
    {0x15e4, 0xe5be89},
    {0x7c7, 0xe5be8a},
    {0xa70, 0xe5be8b},
    {0x15e5, 0xe5be8c},
    {0xfb7, 0xe5be90},
    {0x1fc5, 0xe5be91},
    {0xe6e, 0xe5be92},
    {0x15e6, 0xe5be95},
    {0x311b, 0xe5be96},
    {0x5a4, 0xe5be97},
    {0xb88, 0xe5be98},
    {0x15e7, 0xe5be99},
    {0x15e8, 0xe5be9c},
    {0x311e, 0xe5be9d},
    {0x1ea1, 0xe5be9e},
    {0x311f, 0xe5be9f},
    {0x2393, 0xe5bea0},
    {0x10de, 0xe5bea1},
    {0x15e9, 0xe5bea8},
    {0x1f0b, 0xe5bea9},
    {0xfd6, 0xe5beaa},
    {0x15ea, 0xe5bead},
    {0xeb1, 0xe5beae},
    {0x15eb, 0xe5beb5},
    {0x312e, 0xe5beb6},
    {0x5a3, 0xe5beb7},
    {0x312f, 0xe5beb8},
    {0x1e7c, 0xe5beb9},
    {0x15ec, 0xe5bebc},
    {0x7ea, 0xe5bebd},
    {0xf8f, 0xe5bf83},
    {0x1642, 0xe5bf84},
    {0x441, 0xe5bf85},
    {0x106b, 0xe5bf86},
    {0x1643, 0xe5bf89},
    {0x83c, 0xe5bf8c},
    {0xca7, 0xe5bf8d},
    {0x313b, 0xe5bf8e},
    {0x1645, 0xe5bf8f},
    {0x1a0c, 0xe5bf90},
    {0x1a0b, 0xe5bf91},
    {0x14f7, 0xe5bf92},
    {0x1644, 0xe5bf96},
    {0x11bd, 0xe5bf97},
    {0xead, 0xe5bf98},
    {0xaab, 0xe5bf99},
    {0x1683, 0xe5bf9d},
    {0x11d1, 0xe5bfa0},
    {0x1649, 0xe5bfa1},
    {0x164a, 0xe5bfa4},
    {0x10ac, 0xe5bfa7},
    {0x164e, 0xe5bfaa},
    {0x979, 0xe5bfab},
    {0x314a, 0xe5bfac},
    {0x164f, 0xe5bfad},
    {0x1647, 0xe5bfae},
    {0x4e5, 0xe5bfb1},
    {0xb51, 0xe5bfb5},
    {0x1650, 0xe5bfb8},
    {0xf8e, 0xe5bfbb},
    {0x3154, 0xe5bfbc},
    {0x7ad, 0xe5bfbd},
    {0x164b, 0xe5bfbe},
    {0x67b, 0xe5bfbf},
    {0x7c8, 0xe68080},
    {0xdff, 0xe68081},
    {0xdc0, 0xe68082},
    {0x1646, 0xe68083},
    {0x1648, 0xe68084},
    {0x1659, 0xe6808a},
    {0x1656, 0xe6808d},
    {0x1138, 0xe6808e},
    {0x1655, 0xe6808f},
    {0xb6e, 0xe68092},
    {0x315c, 0xe68093},
    {0x119b, 0xe68094},
    {0xb83, 0xe68095},
    {0x487, 0xe68096},
    {0x1651, 0xe68099},
    {0x315f, 0xe6809a},
    {0x1654, 0xe6809b},
    {0x9f8, 0xe6809c},
    {0xdb1, 0xe6809d},
    {0x582, 0xe680a0},
    {0x165b, 0xe680a1},
    {0x824, 0xe680a5},
    {0x1653, 0xe680a6},
    {0xf9f, 0xe680a7},
    {0x10fc, 0xe680a8},
    {0x1657, 0xe680a9},
    {0x72f, 0xe680aa},
    {0x1658, 0xe680ab},
    {0xc50, 0xe680af},
    {0x1652, 0xe680b5},
    {0x1239, 0xe680bb},
    {0x1a0d, 0xe680bc},
    {0x165a, 0xe680bf},
    {0x3174, 0xe68180},
    {0x1a11, 0xe68181},
    {0x1660, 0xe68182},
    {0xd68, 0xe68183},
    {0x9fe, 0xe6818b},
    {0x317c, 0xe6818c},
    {0x7e5, 0xe6818d},
    {0x963, 0xe68190},
    {0x317f, 0xe68191},
    {0x79a, 0xe68192},
    {0xd96, 0xe68195},
    {0x1a12, 0xe68199},
    {0x1a0f, 0xe6819a},
    {0x1a0e, 0xe6819d},
    {0x7eb, 0xe681a2},
    {0x1a13, 0xe681a3},
    {0xfbf, 0xe681a4},
    {0x1a10, 0xe681a7},
    {0x795, 0xe681a8},
    {0x636, 0xe681a9},
    {0x1661, 0xe681aa},
    {0x5f1, 0xe681ab},
    {0xe44, 0xe681ac},
    {0x700, 0xe681ad},
    {0x318d, 0xe681ae},
    {0xf0f, 0xe681af},
    {0xc1e, 0xe681b0},
    {0x95f, 0xe681b3},
    {0x630, 0xe681b6},
    {0x3192, 0xe681b7},
    {0x165f, 0xe681ba},
    {0x165e, 0xe681bb},
    {0xb38, 0xe681bc},
    {0x1662, 0xe681bd},
    {0x3193, 0xe681be},
    {0x10a6, 0xe681bf},
    {0x1667, 0xe68283},
    {0xc41, 0xe68284},
    {0xf11, 0xe68289},
    {0x1669, 0xe6828c},
    {0x76e, 0xe6828d},
    {0x1668, 0xe68292},
    {0x31a1, 0xe68293},
    {0x7ef, 0xe68294},
    {0x31a2, 0xe68295},
    {0x1663, 0xe68296},
    {0x1664, 0xe6829a},
    {0x166a, 0xe6829b},
    {0x31a6, 0xe6829c},
    {0x1666, 0xe6829d},
    {0x31a7, 0xe6829e},
    {0xf01, 0xe6829f},
    {0x10ab, 0xe682a0},
    {0x7d1, 0xe682a3},
    {0x1106, 0xe682a6},
    {0x31ac, 0xe682a7},
    {0xb5d, 0xe682a8},
    {0x1a14, 0xe682ab},
    {0xfc7, 0xe682ac},
    {0x1665, 0xe682ad},
    {0x31af, 0xe682ae},
    {0xafa, 0xe682af},
    {0x31b0, 0xe682b0},
    {0x166d, 0xe682b1},
    {0x418, 0xe682b2},
    {0x31b1, 0xe682b3},
    {0x1672, 0xe682b4},
    {0x23b4, 0xe682b5},
    {0x207e, 0xe682b6},
    {0x31b2, 0xe682b7},
    {0x835, 0xe682b8},
    {0x166c, 0xe682bb},
    {0x5a0, 0xe682bc},
    {0xc66, 0xe68385},
    {0x1670, 0xe68386},
    {0x8d9, 0xe6838a},
    {0xea0, 0xe6838b},
    {0x808, 0xe68391},
    {0xe3b, 0xe68395},
    {0x166f, 0xe68398},
    {0x31ca, 0xe68399},
    {0x1671, 0xe6839a},
    {0x31cb, 0xe6839b},
    {0xf14, 0xe6839c},
    {0x166e, 0xe6839d},
    {0x31cc, 0xe6839e},
    {0xeb8, 0xe6839f},
    {0x7f2, 0xe683a0},
    {0x1ee3, 0xe683a1},
    {0x5cc, 0xe683a6},
    {0x914, 0xe683a7},
    {0x499, 0xe683a8},
    {0x4f2, 0xe683a9},
    {0x31d1, 0xe683aa},
    {0x422, 0xe683ab},
    {0x166b, 0xe683ac},
    {0x498, 0xe683ad},
    {0x58d, 0xe683ae},
    {0x738, 0xe683af},
    {0x627, 0xe683b0},
    {0x2095, 0xe683b1},
    {0x23bb, 0xe683b2},
    {0xf58, 0xe683b3},
    {0x1677, 0xe683b4},
    {0x31d2, 0xe683b5},
    {0x7e1, 0xe683b6},
    {0xca2, 0xe683b9},
    {0xf95, 0xe683ba},
    {0x23b9, 0xe683bb},
    {0x1678, 0xe68480},
    {0x513, 0xe68481},
    {0x1a15, 0xe68486},
    {0x31dd, 0xe68487},
    {0x10df, 0xe68488},
    {0x10c9, 0xe68489},
    {0x1a16, 0xe6848d},
    {0x1679, 0xe6848e},
    {0x1069, 0xe6848f},
    {0x1675, 0xe68495},
    {0x10c3, 0xe6849a},
    {0x1e28, 0xe6849b},
    {0x23bd, 0xe6849c},
    {0x6cb, 0xe6849f},
    {0x1673, 0xe684a0},
    {0x1676, 0xe684a3},
    {0x67c, 0xe684a4},
    {0x31ee, 0xe684a5},
    {0x1674, 0xe684a6},
    {0x98d, 0xe684a7},
    {0x167a, 0xe684ab},
    {0x23b5, 0xe684b4},
    {0x23ba, 0xe684b7},
    {0x23b3, 0xe684be},
    {0x10fb, 0xe684bf},
    {0x54b, 0xe68588},
    {0x320a, 0xe68589},
    {0x167b, 0xe6858a},
    {0x2162, 0xe6858b},
    {0x7da, 0xe6858c},
    {0x320b, 0xe6858d},
    {0xd30, 0xe6858e},
    {0xd1e, 0xe68591},
    {0xb20, 0xe68595},
    {0x1e5e, 0xe68598},
    {0x3213, 0xe68599},
    {0x1e5d, 0xe6859a},
    {0x1a17, 0xe6859d},
    {0x3216, 0xe6859e},
    {0x23b7, 0xe6859f},
    {0xaa4, 0xe685a2},
    {0x1f2f, 0xe685a3},
    {0x24df, 0xe685a4},
    {0x7f0, 0xe685a7},
    {0x93b, 0xe685a8},
    {0x321b, 0xe685a9},
    {0x23b2, 0xe685aa},
    {0x214e, 0xe685ab},
    {0x2052, 0xe685ae},
    {0x321e, 0xe685af},
    {0xece, 0xe685b0},
    {0x23bc, 0xe685b3},
    {0x3221, 0xe685b4},
    {0x167c, 0xe685b5},
    {0x20eb, 0xe685b6},
    {0x943, 0xe685b7},
    {0x2232, 0xe68682},
    {0x1e3f, 0xe6868a},
    {0x458, 0xe6868b},
    {0x113a, 0xe6868e},
    {0x3235, 0xe6868f},
    {0x201b, 0xe68690},
    {0x20bc, 0xe68691},
    {0x23be, 0xe68692},
    {0x3236, 0xe68693},
    {0x167e, 0xe68694},
    {0x1eae, 0xe6869a},
    {0x1a19, 0xe6869d},
    {0x1efb, 0xe686a4},
    {0x167f, 0xe686a7},
    {0x760, 0xe686a8},
    {0x1a18, 0xe686a9},
    {0x3246, 0xe686aa},
    {0x2089, 0xe686ab},
    {0x167d, 0xe686ac},
    {0x3247, 0xe686ad},
    {0x23b1, 0xe686ae},
    {0x21c4, 0xe686b2},
    {0x2214, 0xe686b6},
    {0x1680, 0xe686b7},
    {0x76d, 0xe686be},
    {0x3254, 0xe686bf},
    {0x5ed, 0xe68782},
    {0x1fde, 0xe68787},
    {0xf83, 0xe68788},
    {0x2223, 0xe68789},
    {0x3ce, 0xe6878a},
    {0x1a1a, 0xe6878b},
    {0x23b6, 0xe6878c},
    {0x1a1b, 0xe68791},
    {0x9ac, 0xe68792},
    {0x325f, 0xe68793},
    {0x1681, 0xe68794},
    {0x268c, 0xe6879e},
    {0x24de, 0xe6879f},
    {0x24e0, 0xe687a3},
    {0xb74, 0xe687a6},
    {0x326e, 0xe687a7},
    {0x23b8, 0xe687a8},
    {0x1e81, 0xe687b2},
    {0x1682, 0xe687b5},
    {0x1ffe, 0xe687b6},
    {0x1f51, 0xe687b7},
    {0x21e1, 0xe687b8},
    {0x327a, 0xe687b9},
    {0x23b0, 0xe687ba},
    {0x327b, 0xe687bb},
    {0x1fce, 0xe687bc},
    {0x327c, 0xe687bd},
    {0x211e, 0xe687be},
    {0x13e0, 0xe687bf},
    {0x2021, 0xe68880},
    {0x1a1c, 0xe68886},
    {0x24e1, 0xe68887},
    {0x6e5, 0xe68888},
    {0x3282, 0xe68889},
    {0xefb, 0xe6888a},
    {0x18f9, 0xe6888b},
    {0xfb2, 0xe6888c},
    {0xd90, 0xe6888d},
    {0xcb1, 0xe6888e},
    {0xf24, 0xe6888f},
    {0x4ee, 0xe68890},
    {0xee1, 0xe68891},
    {0x8b5, 0xe68892},
    {0x3283, 0xe68893},
    {0x24a3, 0xe68894},
    {0x169e, 0xe68895},
    {0x807, 0xe68896},
    {0x18fa, 0xe68897},
    {0x115e, 0xe68898},
    {0x3284, 0xe68899},
    {0xbfc, 0xe6889a},
    {0x18fb, 0xe6889b},
    {0x18fc, 0xe6889f},
    {0x3288, 0xe688a0},
    {0x18fe, 0xe688a1},
    {0x18fd, 0xe688a2},
    {0x3289, 0xe688a3},
    {0x1900, 0xe688a4},
    {0x18ff, 0xe688a5},
    {0x328a, 0xe688a6},
    {0x24a4, 0xe688a7},
    {0x8a9, 0xe688aa},
    {0x328d, 0xe688ab},
    {0x1901, 0xe688ac},
    {0x328e, 0xe688ad},
    {0xa65, 0xe688ae},
    {0x328f, 0xe688af},
    {0x2273, 0xe688b0},
    {0x3290, 0xe688b1},
    {0x21b0, 0xe688b2},
    {0x544, 0xe688b3},
    {0x57a, 0xe688b4},
    {0x7bc, 0xe688b7},
    {0x19f4, 0xe688bd},
    {0x19f3, 0xe688be},
    {0x65c, 0xe688bf},
    {0xdee, 0xe68980},
    {0x44b, 0xe68981},
    {0x3298, 0xe68982},
    {0x19f5, 0xe68983},
    {0xd01, 0xe68987},
    {0x329c, 0xe6898a},
    {0xd6d, 0xe6898b},
    {0x14ba, 0xe6898c},
    {0x48c, 0xe6898d},
    {0x113d, 0xe6898e},
    {0xbea, 0xe68991},
    {0x3d2, 0xe68992},
    {0x575, 0xe68993},
    {0xcae, 0xe68994},
    {0xe81, 0xe68998},
    {0x945, 0xe6899b},
    {0x968, 0xe689a3},
    {0xc21, 0xe689a6},
    {0x11b3, 0xe689a7},
    {0x32ad, 0xe689a8},
    {0x994, 0xe689a9},
    {0x14bb, 0xe689aa},
    {0xce1, 0xe689ab},
    {0x1018, 0xe689ac},
    {0xb65, 0xe689ad},
    {0x3f2, 0xe689ae},
    {0x4db, 0xe689af},
    {0xca0, 0xe689b0},
    {0x3ed, 0xe689b3},
    {0x693, 0xe689b6},
    {0xbbb, 0xe689b9},
    {0x632, 0xe689bc},
    {0x32b6, 0xe689bd},
    {0x1173, 0xe689be},
    {0x4f5, 0xe689bf},
    {0x82f, 0xe68a80},
    {0x4d2, 0xe68a84},
    {0x920, 0xe68a89},
    {0x3dc, 0xe68a8a},
    {0x105d, 0xe68a91},
    {0xd7a, 0xe68a92},
    {0x1202, 0xe68a93},
    {0x32c4, 0xe68a94},
    {0xe67, 0xe68a95},
    {0x5f5, 0xe68a96},
    {0x946, 0xe68a97},
    {0x117c, 0xe68a98},
    {0x32c5, 0xe68a99},
    {0x6a2, 0xe68a9a},
    {0xb98, 0xe68a9b},
    {0x14bc, 0xe68a9f},
    {0x966, 0xe68aa0},
    {0xa7c, 0xe68aa1},
    {0xc3d, 0xe68aa2},
    {0x32c9, 0xe68aa3},
    {0x7b9, 0xe68aa4},
    {0x411, 0xe68aa5},
    {0xbab, 0xe68aa8},
    {0xbbc, 0xe68aab},
    {0xdfa, 0xe68aac},
    {0x410, 0xe68ab1},
    {0x5b7, 0xe68ab5},
    {0xb0b, 0xe68ab9},
    {0x32d8, 0xe68aba},
    {0x14bd, 0xe68abb},
    {0xfe3, 0xe68abc},
    {0x50e, 0xe68abd},
    {0x32d9, 0xe68abe},
    {0xaf7, 0xe68abf},
    {0x694, 0xe68b82},
    {0x32dc, 0xe68b83},
    {0x11f3, 0xe68b84},
    {0x584, 0xe68b85},
    {0x4b7, 0xe68b86},
    {0xb17, 0xe68b87},
    {0xb4c, 0xe68b88},
    {0x998, 0xe68b89},
    {0x14be, 0xe68b8a},
    {0x32dd, 0xe68b8b},
    {0x3f3, 0xe68b8c},
    {0xb85, 0xe68b8d},
    {0xa29, 0xe68b8e},
    {0x32de, 0xe68b8f},
    {0x72e, 0xe68b90},
    {0x32df, 0xe68b91},
    {0x90b, 0xe68b92},
    {0xe89, 0xe68b93},
    {0x3d9, 0xe68b94},
    {0x32e0, 0xe68b95},
    {0xe80, 0xe68b96},
    {0x14c0, 0xe68b97},
    {0x8ff, 0xe68b98},
    {0x121b, 0xe68b99},
    {0x14bf, 0xe68b9a},
    {0x1171, 0xe68b9b},
    {0x3e8, 0xe68b9c},
    {0xb45, 0xe68b9f},
    {0xa4a, 0xe68ba2},
    {0x863, 0xe68ba3},
    {0x32e5, 0xe68ba4},
    {0x109a, 0xe68ba5},
    {0x9a4, 0xe68ba6},
    {0xb62, 0xe68ba7},
    {0x46d, 0xe68ba8},
    {0x1134, 0xe68ba9},
    {0x993, 0xe68bac},
    {0xd5a, 0xe68bad},
    {0x14c1, 0xe68bae},
    {0x119d, 0xe68baf},
    {0x32e8, 0xe68bb0},
    {0x709, 0xe68bb1},
    {0x32e9, 0xe68bb2},
    {0xc88, 0xe68bb3},
    {0xd9e, 0xe68bb4},
    {0x32ea, 0xe68bb5},
    {0x14c3, 0xe68bb6},
    {0x94a, 0xe68bb7},
    {0xbd3, 0xe68bbc},
    {0x1204, 0xe68bbd},
    {0xd47, 0xe68bbe},
    {0xb26, 0xe68bbf},
    {0x32ef, 0xe68c80},
    {0x4fb, 0xe68c81},
    {0x72b, 0xe68c82},
    {0x11b7, 0xe68c87},
    {0x194e, 0xe68c88},
    {0x3bf, 0xe68c89},
    {0x973, 0xe68c8e},
    {0xe47, 0xe68c91},
    {0xe8b, 0xe68c96},
    {0x11be, 0xe68c9a},
    {0xa75, 0xe68c9b},
    {0x3301, 0xe68c9c},
    {0xedd, 0xe68c9d},
    {0xdf5, 0xe68c9e},
    {0xf79, 0xe68c9f},
    {0xb36, 0xe68ca0},
    {0x593, 0xe68ca1},
    {0x14c2, 0xe68ca2},
    {0x1196, 0xe68ca3},
    {0x82a, 0xe68ca4},
    {0x7e8, 0xe68ca5},
    {0x3af, 0xe68ca8},
    {0x3304, 0xe68ca9},
    {0xb73, 0xe68caa},
    {0x56f, 0xe68cab},
    {0x1192, 0xe68caf},
    {0x194f, 0xe68cb2},
    {0x14c4, 0xe68cb9},
    {0xe57, 0xe68cba},
    {0xe9d, 0xe68cbd},
    {0x21d1, 0xe68cbe},
    {0x3312, 0xe68cbf},
    {0xef5, 0xe68d82},
    {0x14c6, 0xe68d83},
    {0x3315, 0xe68d84},
    {0xe62, 0xe68d85},
    {0x991, 0xe68d86},
    {0x121a, 0xe68d89},
    {0x3318, 0xe68d8a},
    {0x14c5, 0xe68d8b},
    {0x3d1, 0xe68d8c},
    {0x76b, 0xe68d8d},
    {0xd0c, 0xe68d8e},
    {0xb56, 0xe68d8f},
    {0x917, 0xe68d90},
    {0x47d, 0xe68d95},
    {0x9b7, 0xe68d9e},
    {0xde5, 0xe68d9f},
    {0x3325, 0xe68da0},
    {0x864, 0xe68da1},
    {0x7d0, 0xe68da2},
    {0x598, 0xe68da3},
    {0xbb6, 0xe68da7},
    {0x211c, 0xe68da8},
    {0x14d0, 0xe68da9},
    {0x3329, 0xe68daa},
    {0x235d, 0xe68dab},
    {0x332a, 0xe68dac},
    {0x14cd, 0xe68dad},
    {0x90c, 0xe68dae},
    {0x14c9, 0xe68db1},
    {0x2682, 0xe68db2},
    {0x53a, 0xe68db6},
    {0x8ae, 0xe68db7},
    {0x14ca, 0xe68dba},
    {0xb50, 0xe68dbb},
    {0xf33, 0xe68e80},
    {0x3336, 0xe68e81},
    {0x5c1, 0xe68e82},
    {0x210d, 0xe68e83},
    {0x205a, 0xe68e84},
    {0x61d, 0xe68e87},
    {0xd71, 0xe68e88},
    {0x5d5, 0xe68e89},
    {0x14cf, 0xe68e8a},
    {0x3339, 0xe68e8b},
    {0x1167, 0xe68e8c},
    {0x333a, 0xe68e8d},
    {0x14cb, 0xe68e8e},
    {0xe20, 0xe68e8f},
    {0xc1d, 0xe68e90},
    {0x333b, 0xe68e91},
    {0xb86, 0xe68e92},
    {0x103b, 0xe68e96},
    {0x333f, 0xe68e97},
    {0x921, 0xe68e98},
    {0xa7a, 0xe68ea0},
    {0x3347, 0xe68ea1},
    {0xe10, 0xe68ea2},
    {0x4dd, 0xe68ea3},
    {0x3348, 0xe68ea4},
    {0x8a4, 0xe68ea5},
    {0x3349, 0xe68ea6},
    {0x965, 0xe68ea7},
    {0xe77, 0xe68ea8},
    {0x1003, 0xe68ea9},
    {0x56e, 0xe68eaa},
    {0x334a, 0xe68eab},
    {0x14ce, 0xe68eac},
    {0x14c7, 0xe68ead},
    {0x14d1, 0xe68eae},
    {0x334b, 0xe68eaf},
    {0x1950, 0xe68eb0},
    {0xa57, 0xe68eb3},
    {0x14cc, 0xe68eb4},
    {0x11bf, 0xe68eb7},
    {0x588, 0xe68eb8},
    {0x3350, 0xe68eb9},
    {0x4bb, 0xe68eba},
    {0x3351, 0xe68ebb},
    {0x14d2, 0xe68ebc},
    {0x3352, 0xe68ebd},
    {0x14dc, 0xe68ebe},
    {0x3353, 0xe68ebf},
    {0x1f8d, 0xe68f80},
    {0x14d7, 0xe68f84},
    {0x3357, 0xe68f85},
    {0x14db, 0xe68f86},
    {0xcbb, 0xe68f89},
    {0x123e, 0xe68f8d},
    {0x14d9, 0xe68f8e},
    {0xaed, 0xe68f8f},
    {0xe34, 0xe68f90},
    {0x335d, 0xe68f91},
    {0x4ac, 0xe68f92},
    {0x1045, 0xe68f96},
    {0x21ff, 0xe68f9a},
    {0x14d8, 0xe68f9e},
    {0x3367, 0xe68f9f},
    {0x14d5, 0xe68fa0},
    {0xee4, 0xe68fa1},
    {0x3368, 0xe68fa2},
    {0x52a, 0xe68fa3},
    {0x938, 0xe68fa9},
    {0x8ed, 0xe68faa},
    {0x8a3, 0xe68fad},
    {0x1f58, 0xe68fae},
    {0x14d3, 0xe68fb2},
    {0x3373, 0xe68fb3},
    {0x10f1, 0xe68fb4},
    {0x3374, 0xe68fb5},
    {0x14c8, 0xe68fb6},
    {0x3375, 0xe68fb7},
    {0x14d4, 0xe68fb8},
    {0x9aa, 0xe68fbd},
    {0x337a, 0xe68fbe},
    {0x14d6, 0xe68fbf},
    {0x4ba, 0xe69080},
    {0x6e4, 0xe69081},
    {0xa4e, 0xe69082},
    {0x892, 0xe69085},
    {0x14df, 0xe6908b},
    {0x14e2, 0xe6908c},
    {0x215b, 0xe6908d},
    {0x3382, 0xe6908e},
    {0x472, 0xe6908f},
    {0x527, 0xe69090},
    {0x56d, 0xe69093},
    {0xcdf, 0xe69094},
    {0x1eb6, 0xe69097},
    {0x14e0, 0xe6909b},
    {0xdc6, 0xe6909c},
    {0x338a, 0xe6909d},
    {0x6de, 0xe6909e},
    {0x338b, 0xe6909f},
    {0x14e1, 0xe690a0},
    {0x14e4, 0xe690a1},
    {0x14e3, 0xe690a6},
    {0xe15, 0xe690aa},
    {0x3393, 0xe690ab},
    {0x3ec, 0xe690ac},
    {0x571, 0xe690ad},
    {0x1736, 0xe690b4},
    {0x339a, 0xe690b5},
    {0x20db, 0xe690b6},
    {0xf7a, 0xe690ba},
    {0x4b2, 0xe690bd},
    {0x33a0, 0xe690be},
    {0x1951, 0xe690bf},
    {0x33a1, 0xe69180},
    {0x14de, 0xe69181},
    {0xd1c, 0xe69184},
    {0x14dd, 0xe69185},
    {0x3e5, 0xe69186},
    {0x1028, 0xe69187},
    {0x460, 0xe69188},
    {0x33a4, 0xe69189},
    {0xe02, 0xe6918a},
    {0x2360, 0xe69191},
    {0x14da, 0xe69192},
    {0x33ab, 0xe69193},
    {0xd99, 0xe69194},
    {0x114b, 0xe69198},
    {0x2361, 0xe6919c},
    {0x33b2, 0xe6919d},
    {0x14e5, 0xe6919e},
    {0x2040, 0xe6919f},
    {0x560, 0xe691a7},
    {0x33ba, 0xe691a8},
    {0xb09, 0xe691a9},
    {0x14e7, 0xe691ad},
    {0x33be, 0xe691ae},
    {0x228e, 0xe691af},
    {0x1fdf, 0xe691b3},
    {0x235e, 0xe691b6},
    {0x33c4, 0xe691b7},
    {0x14e9, 0xe691ba},
    {0x1e6a, 0xe691bb},
    {0xa15, 0xe69282},
    {0x33cb, 0xe69283},
    {0x14e6, 0xe69284},
    {0x91e, 0xe69285},
    {0x33cc, 0xe69286},
    {0xbd1, 0xe69287},
    {0x2002, 0xe69288},
    {0x4ea, 0xe69291},
    {0xcd1, 0xe69292},
    {0x2093, 0xe69293},
    {0x33d5, 0xe69294},
    {0xdaf, 0xe69295},
    {0x14e8, 0xe69296},
    {0x14ec, 0xe69299},
    {0x120f, 0xe6929e},
    {0x235f, 0xe6929f},
    {0x1eac, 0xe692a3},
    {0x4dc, 0xe692a4},
    {0x1e54, 0xe692a5},
    {0xa0c, 0xe692a9},
    {0x33e2, 0xe692aa},
    {0x1f08, 0xe692ab},
    {0xc48, 0xe692ac},
    {0x46c, 0xe692ad},
    {0x56c, 0xe692ae},
    {0x33e3, 0xe692af},
    {0x1208, 0xe692b0},
    {0x33e4, 0xe692b1},
    {0x20c0, 0xe692b2},
    {0x2362, 0xe692b3},
    {0x33e5, 0xe692b4},
    {0xb4f, 0xe692b5},
    {0x33e6, 0xe692b6},
    {0x33e7, 0xe692b9},
    {0x14ed, 0xe692ba},
    {0x2160, 0xe692bb},
    {0x76a, 0xe692bc},
    {0x33e8, 0xe692bd},
    {0x219d, 0xe692be},
    {0x1f8e, 0xe692bf},
    {0x14ee, 0xe69380},
    {0x222d, 0xe69381},
    {0x9c9, 0xe69382},
    {0x33e9, 0xe69383},
    {0x2047, 0xe69384},
    {0xcfc, 0xe69385},
    {0x33ea, 0xe69386},
    {0x2262, 0xe69387},
    {0x1f67, 0xe6938a},
    {0x1eb2, 0xe6938b},
    {0x33ed, 0xe6938c},
    {0x4a0, 0xe6938d},
    {0xc63, 0xe6938e},
    {0x33ee, 0xe6938f},
    {0x14ef, 0xe69390},
    {0x33ef, 0xe69391},
    {0xc59, 0xe69392},
    {0x33f0, 0xe69393},
    {0x1ea9, 0xe69394},
    {0x14f0, 0xe69397},
    {0x1952, 0xe69398},
    {0x33f3, 0xe69399},
    {0x1fcc, 0xe6939a},
    {0xdc8, 0xe6939e},
    {0x33f7, 0xe6939f},
    {0x1f72, 0xe693a0},
    {0x33f8, 0xe693a1},
    {0x14f2, 0xe693a2},
    {0x33f9, 0xe693a3},
    {0x14f1, 0xe693a4},
    {0x33fa, 0xe693a5},
    {0x488, 0xe693a6},
    {0x2098, 0xe693ac},
    {0x1e52, 0xe693af},
    {0x20a4, 0xe693b0},
    {0x1f1c, 0xe693b1},
    {0x228f, 0xe693b2},
    {0x3402, 0xe693b3},
    {0x1fed, 0xe693b4},
    {0x2365, 0xe693b7},
    {0x1e2d, 0xe693ba},
    {0x2152, 0xe693bb},
    {0x2366, 0xe693bc},
    {0x3407, 0xe693bd},
    {0x20fa, 0xe693be},
    {0x3408, 0xe693bf},
    {0xb8b, 0xe69480},
    {0x2363, 0xe69484},
    {0x340c, 0xe69485},
    {0x209a, 0xe69486},
    {0x14f3, 0xe69489},
    {0x203c, 0xe6948f},
    {0x111f, 0xe69492},
    {0x3416, 0xe69493},
    {0x1ff6, 0xe69494},
    {0x3417, 0xe69495},
    {0x2364, 0xe69496},
    {0x3418, 0xe69497},
    {0xc9c, 0xe69498},
    {0x1e69, 0xe69499},
    {0x3419, 0xe6949a},
    {0x2367, 0xe6949b},
    {0x341a, 0xe6949c},
    {0x211d, 0xe6949d},
    {0x2259, 0xe694a2},
    {0x2056, 0xe694a3},
    {0x2163, 0xe694a4},
    {0x14f4, 0xe694a5},
    {0x1fa9, 0xe694aa},
    {0x91f, 0xe694ab},
    {0x1ffc, 0xe694ac},
    {0x3423, 0xe694ad},
    {0x14f5, 0xe694ae},
    {0x11a6, 0xe694af},
    {0x1909, 0xe694b4},
    {0x1966, 0xe694b5},
    {0xd6c, 0xe694b6},
    {0x3428, 0xe694b7},
    {0x12b2, 0xe694b8},
    {0x6bf, 0xe694b9},
    {0x3429, 0xe694ba},
    {0x6fe, 0xe694bb},
    {0x662, 0xe694be},
    {0x119f, 0xe694bf},
    {0x723, 0xe69585},
    {0xf72, 0xe69588},
    {0x1ccb, 0xe69589},
    {0x5b1, 0xe6958c},
    {0xaf9, 0xe6958f},
    {0x3437, 0xe69590},
    {0x8f7, 0xe69591},
    {0x1967, 0xe69595},
    {0x3c8, 0xe69596},
    {0x1e2e, 0xe69597},
    {0x343b, 0xe69598},
    {0x89d, 0xe69599},
    {0x343c, 0xe6959a},
    {0x9fb, 0xe6959b},
    {0x343d, 0xe6959c},
    {0x43f, 0xe6959d},
    {0x4cd, 0xe6959e},
    {0x6cd, 0xe695a2},
    {0xcdb, 0xe695a3},
    {0x617, 0xe695a6},
    {0x1968, 0xe695ab},
    {0x8e3, 0xe695ac},
    {0xd94, 0xe695b0},
    {0x344a, 0xe695b1},
    {0xc40, 0xe695b2},
    {0x344b, 0xe695b3},
    {0x119c, 0xe695b4},
    {0x1ebc, 0xe695b5},
    {0x344c, 0xe695b6},
    {0x690, 0xe695b7},
    {0x2142, 0xe695b8},
    {0x201e, 0xe69682},
    {0x1e43, 0xe69683},
    {0xed3, 0xe69687},
    {0x114c, 0xe6968b},
    {0x45c, 0xe6968c},
    {0x19c1, 0xe69690},
    {0x3ea, 0xe69691},
    {0x345f, 0xe69692},
    {0x19c3, 0xe69693},
    {0x3460, 0xe69694},
    {0x24d4, 0xe69695},
    {0x3461, 0xe69696},
    {0x5f6, 0xe69697},
    {0x3462, 0xe69698},
    {0xa18, 0xe69699},
    {0x3463, 0xe6969a},
    {0x1d56, 0xe6969b},
    {0xf7c, 0xe6969c},
    {0x1186, 0xe6969f},
    {0x3466, 0xe696a0},
    {0xee2, 0xe696a1},
    {0x8c0, 0xe696a4},
    {0x507, 0xe696a5},
    {0x3469, 0xe696a6},
    {0x6a6, 0xe696a7},
    {0x346a, 0xe696a8},
    {0x1157, 0xe696a9},
    {0x346b, 0xe696aa},
    {0x1a29, 0xe696ab},
    {0x226f, 0xe696ac},
    {0x60e, 0xe696ad},
    {0x346c, 0xe696ae},
    {0xdae, 0xe696af},
    {0xf8d, 0xe696b0},
    {0x1ed7, 0xe696b7},
    {0x3473, 0xe696b8},
    {0x65a, 0xe696b9},
    {0x19c4, 0xe696bc},
    {0xd40, 0xe696bd},
    {0x3478, 0xe69780},
    {0xb95, 0xe69781},
    {0x3479, 0xe69782},
    {0x19c7, 0xe69783},
    {0x19c6, 0xe69784},
    {0xa6a, 0xe69785},
    {0x19c5, 0xe69786},
    {0xfc8, 0xe6978b},
    {0x19c8, 0xe6978c},
    {0x347e, 0xe6978d},
    {0x19c9, 0xe6978e},
    {0x1242, 0xe6978f},
    {0x19ca, 0xe69792},
    {0x19cb, 0xe69796},
    {0xc0b, 0xe69797},
    {0xeed, 0xe697a0},
    {0x348c, 0xe697a1},
    {0x83b, 0xe697a2},
    {0xcb0, 0xe697a5},
    {0x58a, 0xe697a6},
    {0x8f8, 0xe697a7},
    {0x11bb, 0xe697a8},
    {0x112a, 0xe697a9},
    {0xfd7, 0xe697ac},
    {0xfbc, 0xe697ad},
    {0x76c, 0xe697b1},
    {0xd48, 0xe697b6},
    {0x982, 0xe697b7},
    {0xeab, 0xe697ba},
    {0x1912, 0xe69880},
    {0x349c, 0xe69881},
    {0x3c5, 0xe69882},
    {0x1910, 0xe69883},
    {0x990, 0xe69886},
    {0x190d, 0xe6988a},
    {0x34a2, 0xe6988b},
    {0x4c4, 0xe6988c},
    {0x34a3, 0xe6988d},
    {0xafc, 0xe6988e},
    {0x7fd, 0xe6988f},
    {0x105e, 0xe69893},
    {0xf03, 0xe69894},
    {0x1911, 0xe69895},
    {0x190e, 0xe69899},
    {0x1915, 0xe6989d},
    {0x34ad, 0xe6989e},
    {0xf92, 0xe6989f},
    {0x1098, 0xe698a0},
    {0x53d, 0xe698a5},
    {0x34b2, 0xe698a6},
    {0xac6, 0xe698a7},
    {0x124f, 0xe698a8},
    {0x1172, 0xe698ad},
    {0x34b7, 0xe698ae},
    {0xd5e, 0xe698af},
    {0x34b8, 0xe698b0},
    {0x1917, 0xe698b1},
    {0x1916, 0xe698b4},
    {0x1919, 0xe698b5},
    {0x1918, 0xe698b6},
    {0x11e6, 0xe698bc},
    {0x34c0, 0xe698bd},
    {0xf41, 0xe698be},
    {0x34c1, 0xe698bf},
    {0x34c2, 0xe69980},
    {0x191d, 0xe69981},
    {0x212d, 0xe69982},
    {0x7e3, 0xe69983},
    {0x8cb, 0xe6998b},
    {0xd07, 0xe6998c},
    {0x191e, 0xe6998f},
    {0xcf2, 0xe69992},
    {0xf6b, 0xe69993},
    {0x191c, 0xe69994},
    {0x1111, 0xe69995},
    {0x191f, 0xe69996},
    {0x1921, 0xe69997},
    {0xe9e, 0xe6999a},
    {0x229b, 0xe6999d},
    {0x34d2, 0xe6999e},
    {0x191b, 0xe6999f},
    {0x34d3, 0xe699a0},
    {0x1920, 0xe699a1},
    {0xefd, 0xe699a4},
    {0x34d6, 0xe699a5},
    {0x7f3, 0xe699a6},
    {0x34d7, 0xe699a7},
    {0x4e4, 0xe699a8},
    {0xbf4, 0xe699ae},
    {0x8df, 0xe699af},
    {0xf09, 0xe699b0},
    {0xc64, 0xe699b4},
    {0x34e0, 0xe699b5},
    {0x8d6, 0xe699b6},
    {0x1922, 0xe699b7},
    {0x11c6, 0xe699ba},
    {0xa09, 0xe699be},
    {0x34e6, 0xe699bf},
    {0x1120, 0xe69a82},
    {0x34e9, 0xe69a83},
    {0x1923, 0xe69a84},
    {0xf2b, 0xe69a87},
    {0x2256, 0xe69a88},
    {0x24a8, 0xe69a89},
    {0x1924, 0xe69a8c},
    {0xd85, 0xe69a91},
    {0xb70, 0xe69a96},
    {0x3c0, 0xe69a97},
    {0x1926, 0xe69a9d},
    {0x1e79, 0xe69aa2},
    {0x1925, 0xe69aa7},
    {0x1cdd, 0xe69aa8},
    {0x225a, 0xe69aab},
    {0xb1d, 0xe69aae},
    {0x412, 0xe69ab4},
    {0x175b, 0xe69ab9},
    {0x1927, 0xe69abe},
    {0x3514, 0xe69abf},
    {0x24a7, 0xe69b84},
    {0x3519, 0xe69b85},
    {0x2686, 0xe69b86},
    {0x24a6, 0xe69b87},
    {0x351a, 0xe69b88},
    {0x21ce, 0xe69b89},
    {0x24a9, 0xe69b96},
    {0xd86, 0xe69b99},
    {0x3529, 0xe69b9a},
    {0xbf7, 0xe69b9d},
    {0x1fe7, 0xe69ba0},
    {0x192a, 0xe69ba6},
    {0x192b, 0xe69ba9},
    {0x2112, 0xe69bac},
    {0x10fe, 0xe69bb0},
    {0x3538, 0xe69bb1},
    {0xc77, 0xe69bb2},
    {0x103e, 0xe69bb3},
    {0x6f7, 0xe69bb4},
    {0x1914, 0xe69bb7},
    {0x213c, 0xe69bb8},
    {0x4a3, 0xe69bb9},
    {0xaa3, 0xe69bbc},
    {0x353d, 0xe69bbd},
    {0x113b, 0xe69bbe},
    {0xe39, 0xe69bbf},
    {0x124b, 0xe69c80},
    {0x1f5c, 0xe69c83},
    {0x1105, 0xe69c88},
    {0x10b5, 0xe69c89},
    {0x1973, 0xe69c8a},
    {0xbb4, 0xe69c8b},
    {0x3544, 0xe69c8c},
    {0x69b, 0xe69c8d},
    {0x1984, 0xe69c90},
    {0xdac, 0xe69c94},
    {0x198e, 0xe69c95},
    {0x354a, 0xe69c96},
    {0x9b5, 0xe69c97},
    {0xeac, 0xe69c9b},
    {0x354e, 0xe69c9c},
    {0x4d4, 0xe69c9d},
    {0x354f, 0xe69c9e},
    {0xbf9, 0xe69c9f},
    {0x19ac, 0xe69ca6},
    {0x24c4, 0xe69ca7},
    {0xb21, 0xe69ca8},
    {0x3556, 0xe69ca9},
    {0xec3, 0xe69caa},
    {0xb0c, 0xe69cab},
    {0x427, 0xe69cac},
    {0x1140, 0xe69cad},
    {0x3557, 0xe69cae},
    {0xd8c, 0xe69caf},
    {0x3558, 0xe69cb0},
    {0x11eb, 0xe69cb1},
    {0xbf2, 0xe69cb4},
    {0x623, 0xe69cb5},
    {0x80f, 0xe69cba},
    {0xfab, 0xe69cbd},
    {0xcea, 0xe69d80},
    {0x3563, 0xe69d81},
    {0x1116, 0xe69d82},
    {0xc83, 0xe69d83},
    {0x6c6, 0xe69d86},
    {0x3566, 0xe69d87},
    {0x1854, 0xe69d88},
    {0xcf5, 0xe69d89},
    {0x1851, 0xe69d8c},
    {0x3569, 0xe69d8d},
    {0x9d9, 0xe69d8e},
    {0xf9e, 0xe69d8f},
    {0x48b, 0xe69d90},
    {0x568, 0xe69d91},
    {0x356a, 0xe69d92},
    {0x1852, 0xe69d93},
    {0x1169, 0xe69d96},
    {0x604, 0xe69d9c},
    {0x3572, 0xe69d9d},
    {0x1853, 0xe69d9e},
    {0xd8f, 0xe69d9f},
    {0x6d7, 0xe69da0},
    {0xe48, 0xe69da1},
    {0x99f, 0xe69da5},
    {0x1017, 0xe69da8},
    {0x1855, 0xe69da9},
    {0x1858, 0xe69daa},
    {0x773, 0xe69dad},
    {0x357a, 0xe69dae},
    {0x416, 0xe69daf},
    {0x8ad, 0xe69db0},
    {0x1ecc, 0xe69db1},
    {0x190f, 0xe69db2},
    {0x1859, 0xe69db3},
    {0x357b, 0xe69db4},
    {0x185c, 0xe69db5},
    {0x357c, 0xe69db6},
    {0x1861, 0xe69db7},
    {0x1862, 0xe69dbc},
    {0x3581, 0xe69dbd},
    {0xdbe, 0xe69dbe},
    {0x3f0, 0xe69dbf},
    {0x3582, 0xe69e80},
    {0x81e, 0xe69e81},
    {0x712, 0xe69e84},
    {0x1857, 0xe69e87},
    {0x3587, 0xe69e88},
    {0xea8, 0xe69e89},
    {0x3588, 0xe69e8a},
    {0x1860, 0xe69e8b},
    {0xf05, 0xe69e90},
    {0x118e, 0xe69e95},
    {0x3591, 0xe69e96},
    {0xa1f, 0xe69e97},
    {0x185a, 0xe69e98},
    {0x3592, 0xe69e99},
    {0xabb, 0xe69e9a},
    {0x3593, 0xe69e9b},
    {0x754, 0xe69e9c},
    {0x11a5, 0xe69e9d},
    {0x185e, 0xe69e9e},
    {0xd77, 0xe69ea2},
    {0x1129, 0xe69ea3},
    {0x3597, 0xe69ea4},
    {0x1856, 0xe69ea5},
    {0x3598, 0xe69ea6},
    {0x185b, 0xe69ea7},
    {0x185d, 0xe69ea8},
    {0x3599, 0xe69ea9},
    {0xc36, 0xe69eaa},
    {0x680, 0xe69eab},
    {0x359a, 0xe69eac},
    {0x185f, 0xe69ead},
    {0x359b, 0xe69eae},
    {0x96a, 0xe69eaf},
    {0x1868, 0xe69eb0},
    {0x186d, 0xe69eb3},
    {0x359e, 0xe69eb4},
    {0x186b, 0xe69eb5},
    {0x84f, 0xe69eb6},
    {0x842, 0xe69eb7},
    {0x1871, 0xe69eb8},
    {0x35a6, 0xe69f80},
    {0x1874, 0xe69f81},
    {0x35a7, 0xe69f82},
    {0x1870, 0xe69f83},
    {0x463, 0xe69f84},
    {0x3e3, 0xe69f8f},
    {0xb16, 0xe69f90},
    {0x6c7, 0xe69f91},
    {0xc01, 0xe69f92},
    {0xc99, 0xe69f93},
    {0xcbc, 0xe69f94},
    {0x1865, 0xe69f98},
    {0x186a, 0xe69f99},
    {0x186c, 0xe69f9a},
    {0x35b5, 0xe69f9b},
    {0x74a, 0xe69f9c},
    {0x186e, 0xe69f9d},
    {0x1252, 0xe69f9e},
    {0x35b6, 0xe69f9f},
    {0xb5e, 0xe69fa0},
    {0x35b7, 0xe69fa1},
    {0x1872, 0xe69fa2},
    {0x4b0, 0xe69fa5},
    {0x1867, 0xe69fa9},
    {0x860, 0xe69fac},
    {0x94f, 0xe69faf},
    {0x1863, 0xe69fb0},
    {0x11f8, 0xe69fb1},
    {0x35c1, 0xe69fb2},
    {0xa41, 0xe69fb3},
    {0x4b8, 0xe69fb4},
    {0x1875, 0xe69fbd},
    {0x35ca, 0xe69fbe},
    {0xd58, 0xe69fbf},
    {0x186f, 0xe6a080},
    {0x1145, 0xe6a085},
    {0x35cf, 0xe6a086},
    {0x453, 0xe6a087},
    {0x115c, 0xe6a088},
    {0x1864, 0xe6a089},
    {0x1866, 0xe6a08a},
    {0x5ef, 0xe6a08b},
    {0x1869, 0xe6a08c},
    {0x35d0, 0xe6a08d},
    {0x1873, 0xe6a08e},
    {0x9a3, 0xe6a08f},
    {0x35d1, 0xe6a090},
    {0xd8e, 0xe6a091},
    {0x35d2, 0xe6a092},
    {0xd9d, 0xe6a093},
    {0xbfb, 0xe6a096},
    {0x9e0, 0xe6a097},
    {0x187f, 0xe6a09d},
    {0xf6e, 0xe6a0a1},
    {0x1888, 0xe6a0a9},
    {0x11e9, 0xe6a0aa},
    {0x1022, 0xe6a0b7},
    {0x782, 0xe6a0b8},
    {0x6f4, 0xe6a0b9},
    {0x6ec, 0xe6a0bc},
    {0x1117, 0xe6a0bd},
    {0x1885, 0xe6a0be},
    {0x35f0, 0xe6a0bf},
    {0x1884, 0xe6a180},
    {0x1882, 0xe6a181},
    {0x749, 0xe6a182},
    {0xe25, 0xe6a183},
    {0x187c, 0xe6a184},
    {0xeb5, 0xe6a185},
    {0x97f, 0xe6a186},
    {0x35f1, 0xe6a187},
    {0x3c3, 0xe6a188},
    {0x1887, 0xe6a189},
    {0x1886, 0xe6a18a},
    {0x35f2, 0xe6a18b},
    {0x121d, 0xe6a18c},
    {0x35f3, 0xe6a18d},
    {0x187a, 0xe6a18e},
    {0x35f4, 0xe6a18f},
    {0xe5a, 0xe6a190},
    {0xcdc, 0xe6a191},
    {0x35f5, 0xe6a192},
    {0x7cd, 0xe6a193},
    {0x8ac, 0xe6a194},
    {0x1880, 0xe6a195},
    {0x187b, 0xe6a1a2},
    {0x596, 0xe6a1a3},
    {0x187d, 0xe6a1a4},
    {0xc42, 0xe6a1a5},
    {0x1881, 0xe6a1a6},
    {0x1883, 0xe6a1a7},
    {0x881, 0xe6a1a8},
    {0x120b, 0xe6a1a9},
    {0x3600, 0xe6a1aa},
    {0x188e, 0xe6a1ab},
    {0x188b, 0xe6a1b4},
    {0x3609, 0xe6a1b5},
    {0xe61, 0xe6a1b6},
    {0x188c, 0xe6a1b7},
    {0x3612, 0xe6a280},
    {0xa03, 0xe6a281},
    {0x3613, 0xe6a282},
    {0x187e, 0xe6a283},
    {0x3614, 0xe6a284},
    {0xabc, 0xe6a285},
    {0x3fb, 0xe6a286},
    {0x188a, 0xe6a28f},
    {0x188d, 0xe6a293},
    {0x6fc, 0xe6a297},
    {0x246a, 0xe6a298},
    {0x2175, 0xe6a29d},
    {0x3627, 0xe6a29e},
    {0x246d, 0xe6a29f},
    {0xd0b, 0xe6a2a2},
    {0xad3, 0xe6a2a6},
    {0xeef, 0xe6a2a7},
    {0x9d1, 0xe6a2a8},
    {0xde8, 0xe6a2ad},
    {0x3631, 0xe6a2ae},
    {0xe30, 0xe6a2af},
    {0xf80, 0xe6a2b0},
    {0xd78, 0xe6a2b3},
    {0x3634, 0xe6a2b4},
    {0x1889, 0xe6a2b5},
    {0x85f, 0xe6a380},
    {0x363f, 0xe6a381},
    {0x188f, 0xe6a382},
    {0xae3, 0xe6a389},
    {0x3646, 0xe6a38a},
    {0xc04, 0xe6a38b},
    {0x3647, 0xe6a38c},
    {0x750, 0xe6a38d},
    {0x3ff, 0xe6a392},
    {0x1235, 0xe6a395},
    {0x246b, 0xe6a396},
    {0x225f, 0xe6a397},
    {0x81f, 0xe6a398},
    {0x364e, 0xe6a399},
    {0xbb0, 0xe6a39a},
    {0x1ece, 0xe6a39f},
    {0xe17, 0xe6a3a0},
    {0x189a, 0xe6a3a3},
    {0x2272, 0xe6a3a7},
    {0xce6, 0xe6a3ae},
    {0x365e, 0xe6a3af},
    {0x1896, 0xe6a3b0},
    {0x9cd, 0xe6a3b1},
    {0x950, 0xe6a3b5},
    {0x1894, 0xe6a3b9},
    {0x730, 0xe6a3ba},
    {0x3665, 0xe6a3bb},
    {0x1891, 0xe6a3bc},
    {0x3669, 0xe6a480},
    {0x1898, 0xe6a481},
    {0x1055, 0xe6a485},
    {0x1897, 0xe6a48b},
    {0x3672, 0xe6a48c},
    {0x11b1, 0xe6a48d},
    {0x1212, 0xe6a48e},
    {0x2473, 0xe6a48f},
    {0x189b, 0xe6a490},
    {0x3673, 0xe6a491},
    {0x888, 0xe6a492},
    {0x1895, 0xe6a4a4},
    {0xe87, 0xe6a4ad},
    {0x1033, 0xe6a4b0},
    {0x18a6, 0xe6a4b4},
    {0x189d, 0xe6a4b9},
    {0x52d, 0xe6a4bd},
    {0x3697, 0xe6a4be},
    {0x53e, 0xe6a4bf},
    {0x189f, 0xe6a582},
    {0x21fe, 0xe6a58a},
    {0x1efe, 0xe6a593},
    {0xf73, 0xe6a594},
    {0x1899, 0xe6a597},
    {0x523, 0xe6a59a},
    {0x18a0, 0xe6a59d},
    {0x9ce, 0xe6a59e},
    {0x36af, 0xe6a59f},
    {0x189e, 0xe6a5a0},
    {0x18ad, 0xe6a5a3},
    {0x18ac, 0xe6a5a6},
    {0x36b4, 0xe6a5a7},
    {0x2475, 0xe6a5a8},
    {0x18a2, 0xe6a5ab},
    {0x36b7, 0xe6a5ac},
    {0x220a, 0xe6a5ad},
    {0x1890, 0xe6a5ae},
    {0x189c, 0xe6a5b1},
    {0x1f6f, 0xe6a5b5},
    {0x36bd, 0xe6a5b6},
    {0x939, 0xe6a5b7},
    {0x18a5, 0xe6a5b8},
    {0x18ae, 0xe6a5b9},
    {0xa4c, 0xe6a5bc},
    {0x18a3, 0xe6a680},
    {0x36c3, 0xe6a681},
    {0x6c0, 0xe6a682},
    {0x36c4, 0xe6a683},
    {0x18a1, 0xe6a684},
    {0x36c5, 0xe6a685},
    {0x10c1, 0xe6a686},
    {0x18ab, 0xe6a689},
    {0x18bb, 0xe6a68d},
    {0x9b1, 0xe6a694},
    {0x18b9, 0xe6a695},
    {0x18a4, 0xe6a698},
    {0x18af, 0xe6a69b},
    {0x3fc, 0xe6a69c},
    {0x18b0, 0xe6a6a7},
    {0x1146, 0xe6a6a8},
    {0x36dd, 0xe6a6a9},
    {0x2468, 0xe6a6aa},
    {0x18b2, 0xe6a6ab},
    {0x36de, 0xe6a6ac},
    {0x18b3, 0xe6a6ad},
    {0x2100, 0xe6a6ae},
    {0x18b5, 0xe6a6b1},
    {0xa3a, 0xe6a6b4},
    {0xc91, 0xe6a6b7},
    {0x18b1, 0xe6a6bb},
    {0x2476, 0xe6a6bf},
    {0x36eb, 0xe6a780},
    {0x18b6, 0xe6a781},
    {0x18b7, 0xe6a78a},
    {0x1f27, 0xe6a78b},
    {0x18a7, 0xe6a78c},
    {0x20d7, 0xe6a78d},
    {0x18aa, 0xe6a78e},
    {0x36f4, 0xe6a78f},
    {0x7c6, 0xe6a790},
    {0x18b4, 0xe6a794},
    {0x86a, 0xe6a79b},
    {0x18b8, 0xe6a79f},
    {0x18ba, 0xe6a7a0},
    {0x247c, 0xe6a7a7},
    {0x18be, 0xe6a7ad},
    {0x18c2, 0xe6a7b2},
    {0x1fa1, 0xe6a7b3},
    {0x4a2, 0xe6a7bd},
    {0x3719, 0xe6a7be},
    {0x18bc, 0xe6a7bf},
    {0x371a, 0xe6a880},
    {0x22aa, 0xe6a881},
    {0x2005, 0xe6a882},
    {0x246c, 0xe6a885},
    {0x64b, 0xe6a88a},
    {0x203e, 0xe6a893},
    {0x1e4c, 0xe6a899},
    {0x213a, 0xe6a89e},
    {0x1162, 0xe6a89f},
    {0x3730, 0xe6a8a0},
    {0xb06, 0xe6a8a1},
    {0x3731, 0xe6a8a2},
    {0x2204, 0xe6a8a3},
    {0x18cc, 0xe6a8a8},
    {0x3736, 0xe6a8a9},
    {0x798, 0xe6a8aa},
    {0x18bd, 0xe6a8af},
    {0x373b, 0xe6a8b0},
    {0x1088, 0xe6a8b1},
    {0x18c8, 0xe6a8b5},
    {0x20c3, 0xe6a8b8},
    {0x2140, 0xe6a8b9},
    {0x2477, 0xe6a8ba},
    {0x18cb, 0xe6a8bd},
    {0x18c4, 0xe6a8be},
    {0x3743, 0xe6a8bf},
    {0x18c3, 0xe6a984},
    {0xc3e, 0xe6a987},
    {0x2474, 0xe6a988},
    {0x20dd, 0xe6a98b},
    {0x18c6, 0xe6a990},
    {0x18cd, 0xe6a998},
    {0x4ed, 0xe6a999},
    {0x3757, 0xe6a99a},
    {0x18c7, 0xe6a99b},
    {0x1f68, 0xe6a99f},
    {0x375b, 0xe6a9a0},
    {0xf5d, 0xe6a9a1},
    {0x2185, 0xe6a9a2},
    {0x18c1, 0xe6a9a5},
    {0x51c, 0xe6a9b1},
    {0x18ca, 0xe6a9b9},
    {0x18ce, 0xe6a9bc},
    {0xe07, 0xe6aa80},
    {0xf1a, 0xe6aa84},
    {0x2472, 0xe6aa89},
    {0x18c9, 0xe6aa8e},
    {0x3780, 0xe6aa8f},
    {0x18d0, 0xe6aa90},
    {0x18cf, 0xe6aa91},
    {0x1eb5, 0xe6aa94},
    {0x18d2, 0xe6aa97},
    {0x2478, 0xe6aa9c},
    {0x18c5, 0xe6aaa0},
    {0x378c, 0xe6aaa1},
    {0x1f8b, 0xe6aaa2},
    {0x2484, 0xe6aaa3},
    {0x18d1, 0xe6aaa9},
    {0x3792, 0xe6aaaa},
    {0x18d3, 0xe6aaab},
    {0xacf, 0xe6aaac},
    {0x2699, 0xe6aaaf},
    {0x2482, 0xe6aab3},
    {0x20a1, 0xe6aab8},
    {0x1f92, 0xe6aabb},
    {0x1f38, 0xe6ab83},
    {0x2485, 0xe6ab93},
    {0x2480, 0xe6ab9a},
    {0x246e, 0xe6ab9b},
    {0x37ba, 0xe6ab9c},
    {0x247b, 0xe6ab9d},
    {0x2486, 0xe6ab9e},
    {0x2471, 0xe6ab9f},
    {0x2483, 0xe6aba7},
    {0x2470, 0xe6aba8},
    {0x37c2, 0xe6aba9},
    {0x2469, 0xe6abaa},
    {0x37c3, 0xe6abab},
    {0x247f, 0xe6abac},
    {0x246f, 0xe6abb3},
    {0x2481, 0xe6abb8},
    {0x2220, 0xe6abbb},
    {0x1ff5, 0xe6ac84},
    {0x20f4, 0xe6ac8a},
    {0x247d, 0xe6ac8f},
    {0x2479, 0xe6ac92},
    {0x247e, 0xe6ac96},
    {0x247a, 0xe6ac9e},
    {0x37ed, 0xe6ac9f},
    {0xc34, 0xe6aca0},
    {0x551, 0xe6aca1},
    {0x7cb, 0xe6aca2},
    {0xf8b, 0xe6aca3},
    {0x19b1, 0xe6aca4},
    {0xb78, 0xe6aca7},
    {0x10e0, 0xe6acb2},
    {0x19b2, 0xe6acb7},
    {0x37fe, 0xe6acb8},
    {0x19b3, 0xe6acb9},
    {0xbfa, 0xe6acba},
    {0x20e3, 0xe6acbd},
    {0x97b, 0xe6acbe},
    {0x3801, 0xe6acbf},
    {0x19b4, 0xe6ad83},
    {0x19b5, 0xe6ad86},
    {0xf75, 0xe6ad87},
    {0x3807, 0xe6ad88},
    {0xc35, 0xe6ad89},
    {0x6e3, 0xe6ad8c},
    {0x20ad, 0xe6ad90},
    {0x19b6, 0xe6ad99},
    {0x24cb, 0xe6ad9f},
    {0x381a, 0xe6ada0},
    {0x1f53, 0xe6ada1},
    {0x11b8, 0xe6ada2},
    {0x119e, 0xe6ada3},
    {0x54e, 0xe6ada4},
    {0x484, 0xe6ada5},
    {0xef3, 0xe6ada6},
    {0xc06, 0xe6ada7},
    {0xe92, 0xe6adaa},
    {0x2159, 0xe6adb2},
    {0x2013, 0xe6adb7},
    {0x1f33, 0xe6adb8},
    {0x578, 0xe6adb9},
    {0x3828, 0xe6adba},
    {0xdb5, 0xe6adbb},
    {0x852, 0xe6adbc},
    {0x382c, 0xe6ae80},
    {0x1013, 0xe6ae83},
    {0x18d9, 0xe6ae84},
    {0x382d, 0xe6ae85},
    {0x57c, 0xe6ae86},
    {0x18d8, 0xe6ae87},
    {0x382e, 0xe6ae88},
    {0xfdc, 0xe6ae89},
    {0xd79, 0xe6ae8a},
    {0x497, 0xe6ae8b},
    {0x382f, 0xe6ae8c},
    {0x18dc, 0xe6ae8d},
    {0x11b2, 0xe6ae96},
    {0x3836, 0xe6ae97},
    {0x1e5c, 0xe6ae98},
    {0x3837, 0xe6ae99},
    {0x2488, 0xe6ae9e},
    {0x18df, 0xe6aea1},
    {0x2487, 0xe6aea4},
    {0x18e0, 0xe6aeaa},
    {0x248a, 0xe6aeab},
    {0x2489, 0xe6aeae},
    {0x248b, 0xe6aeaf},
    {0x1f83, 0xe6aeb2},
    {0x19bd, 0xe6aeb3},
    {0xb7a, 0xe6aeb4},
    {0x60d, 0xe6aeb5},
    {0x3847, 0xe6aeb6},
    {0x107a, 0xe6aeb7},
    {0x210f, 0xe6aeba},
    {0x1fdb, 0xe6aebb},
    {0x5cf, 0xe6aebf},
    {0x384d, 0xe6af80},
    {0x7ee, 0xe6af81},
    {0x19bf, 0xe6af82},
    {0x106a, 0xe6af85},
    {0x20af, 0xe6af86},
    {0xef2, 0xe6af8b},
    {0x3854, 0xe6af8c},
    {0xb1b, 0xe6af8d},
    {0x3855, 0xe6af8e},
    {0xac4, 0xe6af8f},
    {0x5fd, 0xe6af92},
    {0x126f, 0xe6af93},
    {0x431, 0xe6af94},
    {0x438, 0xe6af95},
    {0x43a, 0xe6af96},
    {0xbbf, 0xe6af97},
    {0x3858, 0xe6af98},
    {0x439, 0xe6af99},
    {0x3859, 0xe6af9a},
    {0xab0, 0xe6af9b},
    {0x1152, 0xe6afa1},
    {0x1954, 0xe6afaa},
    {0x778, 0xe6afab},
    {0xe0d, 0xe6afaf},
    {0x1955, 0xe6afb3},
    {0x386d, 0xe6afb4},
    {0x1957, 0xe6afb5},
    {0x1958, 0xe6afb9},
    {0x1956, 0xe6afbd},
    {0x3874, 0xe6afbe},
    {0x24c0, 0xe6afbf},
    {0x1959, 0xe6b085},
    {0x195b, 0xe6b086},
    {0x195a, 0xe6b087},
    {0x226d, 0xe6b088},
    {0x24c1, 0xe6b08c},
    {0x195c, 0xe6b08d},
    {0x387d, 0xe6b08e},
    {0xd66, 0xe6b08f},
    {0x126b, 0xe6b090},
    {0xaf6, 0xe6b091},
    {0x387e, 0xe6b092},
    {0xaaa, 0xe6b093},
    {0xc17, 0xe6b094},
    {0x195d, 0xe6b095},
    {0xb2d, 0xe6b096},
    {0x387f, 0xe6b097},
    {0x672, 0xe6b09b},
    {0x697, 0xe6b09f},
    {0x3883, 0xe6b0a0},
    {0x1961, 0xe6b0a1},
    {0xc5f, 0xe6b0a2},
    {0x20ca, 0xe6b0a3},
    {0x1963, 0xe6b0a4},
    {0x3884, 0xe6b0a5},
    {0x75b, 0xe6b0a6},
    {0x101e, 0xe6b0a7},
    {0x3bc, 0xe6b0a8},
    {0x1962, 0xe6b0a9},
    {0x1964, 0xe6b0aa},
    {0x20e7, 0xe6b0ab},
    {0x24c2, 0xe6b0ac},
    {0x3885, 0xe6b0ad},
    {0x58b, 0xe6b0ae},
    {0xa6f, 0xe6b0af},
    {0xc65, 0xe6b0b0},
    {0x3886, 0xe6b0b1},
    {0x1965, 0xe6b0b2},
    {0x3887, 0xe6b0b3},
    {0xda3, 0xe6b0b4},
    {0x169f, 0xe6b0b5},
    {0x10a5, 0xe6b0b8},
    {0x12ef, 0xe6b0bd},
    {0xe52, 0xe6b180},
    {0x11ac, 0xe6b181},
    {0xc70, 0xe6b182},
    {0x12f4, 0xe6b186},
    {0x7f8, 0xe6b187},
    {0x3893, 0xe6b188},
    {0x771, 0xe6b189},
    {0x16a2, 0xe6b18a},
    {0xf18, 0xe6b190},
    {0x16a0, 0xe6b194},
    {0xd00, 0xe6b195},
    {0x389c, 0xe6b196},
    {0x770, 0xe6b197},
    {0xfdd, 0xe6b19b},
    {0x16a1, 0xe6b19c},
    {0xcc5, 0xe6b19d},
    {0x708, 0xe6b19e},
    {0x87e, 0xe6b19f},
    {0x4fd, 0xe6b1a0},
    {0xeea, 0xe6b1a1},
    {0xe13, 0xe6b1a4},
    {0xea5, 0xe6b1aa},
    {0xe00, 0xe6b1b0},
    {0x38aa, 0xe6b1b1},
    {0x826, 0xe6b1b2},
    {0x38ab, 0xe6b1b3},
    {0x16aa, 0xe6b1b4},
    {0x38ac, 0xe6b1b5},
    {0x16ab, 0xe6b1b6},
    {0xfa5, 0xe6b1b9},
    {0xc1a, 0xe6b1bd},
    {0x677, 0xe6b1be},
    {0x38b2, 0xe6b1bf},
    {0x38b3, 0xe6b280},
    {0xc5c, 0xe6b281},
    {0x1051, 0xe6b282},
    {0xee5, 0xe6b283},
    {0x38b4, 0xe6b284},
    {0x16a4, 0xe6b285},
    {0x16ac, 0xe6b286},
    {0x38b5, 0xe6b287},
    {0xd2b, 0xe6b288},
    {0x4e6, 0xe6b289},
    {0x16a7, 0xe6b28c},
    {0xc02, 0xe6b28f},
    {0x16a5, 0xe6b290},
    {0x1a1f, 0xe6b293},
    {0x16a6, 0xe6b294},
    {0xcec, 0xe6b299},
    {0x38c0, 0xe6b29a},
    {0xba7, 0xe6b29b},
    {0x70e, 0xe6b29f},
    {0x38c4, 0xe6b2a0},
    {0xac0, 0xe6b2a1},
    {0x38c5, 0xe6b2a2},
    {0x16a3, 0xe6b2a3},
    {0xb7e, 0xe6b2a4},
    {0x9ed, 0xe6b2a5},
    {0xa80, 0xe6b2a6},
    {0x49e, 0xe6b2a7},
    {0x38c6, 0xe6b2a8},
    {0x16ad, 0xe6b2a9},
    {0x7bb, 0xe6b2aa},
    {0xb10, 0xe6b2ab},
    {0x38c7, 0xe6b2ac},
    {0x16b0, 0xe6b2ad},
    {0x909, 0xe6b2ae},
    {0x16bb, 0xe6b2b1},
    {0x16b5, 0xe6b2b2},
    {0x78a, 0xe6b2b3},
    {0x66d, 0xe6b2b8},
    {0x10b2, 0xe6b2b9},
    {0x38ce, 0xe6b2ba},
    {0x11cd, 0xe6b2bb},
    {0x1174, 0xe6b2bc},
    {0x71a, 0xe6b2bd},
    {0x1155, 0xe6b2be},
    {0x1001, 0xe6b2bf},
    {0xf84, 0xe6b384},
    {0xc73, 0xe6b385},
    {0xc85, 0xe6b389},
    {0x47b, 0xe6b38a},
    {0x38d6, 0xe6b38b},
    {0xadf, 0xe6b38c},
    {0x16ae, 0xe6b390},
    {0x16bc, 0xe6b393},
    {0x16af, 0xe6b394},
    {0x645, 0xe6b395},
    {0x16b7, 0xe6b396},
    {0x16b4, 0xe6b397},
    {0x657, 0xe6b39b},
    {0xb63, 0xe6b39e},
    {0x38e1, 0xe6b39f},
    {0x16b6, 0xe6b3a0},
    {0xb9e, 0xe6b3a1},
    {0x46f, 0xe6b3a2},
    {0xc1b, 0xe6b3a3},
    {0x38e2, 0xe6b3a4},
    {0xb43, 0xe6b3a5},
    {0x11ff, 0xe6b3a8},
    {0x38e5, 0xe6b3a9},
    {0x9cc, 0xe6b3aa},
    {0x16b9, 0xe6b3ab},
    {0x16ba, 0xe6b3ae},
    {0x16bd, 0xe6b3af},
    {0xdfc, 0xe6b3b0},
    {0x16b3, 0xe6b3b1},
    {0x38e8, 0xe6b3b2},
    {0x10a3, 0xe6b3b3},
    {0x38e9, 0xe6b3b4},
    {0x42c, 0xe6b3b5},
    {0x1a20, 0xe6b3b6},
    {0x38ea, 0xe6b3b9},
    {0x16b8, 0xe6b3ba},
    {0xf85, 0xe6b3bb},
    {0xbe2, 0xe6b3bc},
    {0x1136, 0xe6b3bd},
    {0x16be, 0xe6b3be},
    {0x38eb, 0xe6b3bf},
    {0x38ec, 0xe6b480},
    {0x8b1, 0xe6b481},
    {0x16c5, 0xe6b484},
    {0x16c4, 0xe6b487},
    {0x101c, 0xe6b48b},
    {0x16c1, 0xe6b48c},
    {0x38f4, 0xe6b48d},
    {0x16c7, 0xe6b48e},
    {0xcd2, 0xe6b492},
    {0xf21, 0xe6b497},
    {0x38fc, 0xe6b498},
    {0x16c6, 0xe6b499},
    {0x16cc, 0xe6b49a},
    {0xa8c, 0xe6b49b},
    {0x5f3, 0xe6b49e},
    {0x8c3, 0xe6b4a5},
    {0x3905, 0xe6b4a6},
    {0x16c0, 0xe6b4a7},
    {0x7a0, 0xe6b4aa},
    {0x16c8, 0xe6b4ab},
    {0x16ca, 0xe6b4ae},
    {0x63c, 0xe6b4b1},
    {0x11dd, 0xe6b4b2},
    {0x16d0, 0xe6b4b3},
    {0x390c, 0xe6b4b4},
    {0x16cb, 0xe6b4b5},
    {0x16bf, 0xe6b4b9},
    {0x3910, 0xe6b4ba},
    {0x803, 0xe6b4bb},
    {0xe8e, 0xe6b4bc},
    {0xc1f, 0xe6b4bd},
    {0xb8a, 0xe6b4be},
    {0x3911, 0xe6b4bf},
    {0x3912, 0xe6b580},
    {0xa40, 0xe6b581},
    {0x3913, 0xe6b582},
    {0x16c2, 0xe6b583},
    {0x3914, 0xe6b584},
    {0xc30, 0xe6b585},
    {0x87d, 0xe6b586},
    {0x88e, 0xe6b587},
    {0x16c3, 0xe6b588},
    {0x3915, 0xe6b589},
    {0x1224, 0xe6b58a},
    {0x4a9, 0xe6b58b},
    {0x3916, 0xe6b58c},
    {0x16c9, 0xe6b58d},
    {0x836, 0xe6b58e},
    {0x16cd, 0xe6b58f},
    {0x3917, 0xe6b590},
    {0x800, 0xe6b591},
    {0x16ce, 0xe6b592},
    {0xb69, 0xe6b593},
    {0x16cf, 0xe6b594},
    {0x1184, 0xe6b599},
    {0x930, 0xe6b59a},
    {0x391c, 0xe6b59b},
    {0x16d8, 0xe6b59c},
    {0x391d, 0xe6b59d},
    {0x16d5, 0xe6b59e},
    {0x391e, 0xe6b59f},
    {0x16d9, 0xe6b5a0},
    {0x16db, 0xe6b5a3},
    {0xbf5, 0xe6b5a6},
    {0x77d, 0xe6b5a9},
    {0x9b6, 0xe6b5aa},
    {0x69c, 0xe6b5ae},
    {0x16d2, 0xe6b5af},
    {0x10e4, 0xe6b5b4},
    {0x75a, 0xe6b5b7},
    {0x8cf, 0xe6b5b8},
    {0x23dc, 0xe6b5b9},
    {0x16da, 0xe6b5bc},
    {0xe70, 0xe6b682},
    {0xb5c, 0xe6b685},
    {0x3937, 0xe6b686},
    {0x23db, 0xe6b687},
    {0xf68, 0xe6b688},
    {0xd1f, 0xe6b689},
    {0x10a4, 0xe6b68c},
    {0x393a, 0xe6b68d},
    {0xf3e, 0xe6b68e},
    {0x16d1, 0xe6b691},
    {0x393d, 0xe6b692},
    {0xe3c, 0xe6b695},
    {0xe21, 0xe6b69b},
    {0x3943, 0xe6b69c},
    {0x9bf, 0xe6b69d},
    {0x16d3, 0xe6b69e},
    {0x9f9, 0xe6b69f},
    {0x16d4, 0xe6b6a0},
    {0xedf, 0xe6b6a1},
    {0x3944, 0xe6b6a2},
    {0x7d6, 0xe6b6a3},
    {0x5b4, 0xe6b6a4},
    {0x3945, 0xe6b6a5},
    {0xcce, 0xe6b6a6},
    {0x878, 0xe6b6a7},
    {0x1168, 0xe6b6a8},
    {0xce5, 0xe6b6a9},
    {0x69d, 0xe6b6aa},
    {0x16e8, 0xe6b6ab},
    {0x16ea, 0xe6b6ae},
    {0xfed, 0xe6b6af},
    {0x1041, 0xe6b6b2},
    {0x764, 0xe6b6b5},
    {0x78b, 0xe6b6b8},
    {0x16e1, 0xe6b6bf},
    {0x5ce, 0xe6b780},
    {0x122a, 0xe6b784},
    {0x16de, 0xe6b785},
    {0xf6a, 0xe6b786},
    {0x16dd, 0xe6b787},
    {0xa25, 0xe6b78b},
    {0xe1d, 0xe6b78c},
    {0xd7e, 0xe6b791},
    {0xb3a, 0xe6b796},
    {0x3962, 0xe6b797},
    {0xe27, 0xe6b798},
    {0x16e6, 0xe6b799},
    {0x16e5, 0xe6b79d},
    {0x16df, 0xe6b79e},
    {0x3966, 0xe6b79f},
    {0x16e2, 0xe6b7a0},
    {0x58e, 0xe6b7a1},
    {0x10be, 0xe6b7a4},
    {0x3969, 0xe6b7a5},
    {0x16e4, 0xe6b7a6},
    {0x205e, 0xe6b7aa},
    {0x1080, 0xe6b7ab},
    {0x566, 0xe6b7ac},
    {0x396d, 0xe6b7ad},
    {0x7c9, 0xe6b7ae},
    {0xd27, 0xe6b7b1},
    {0x3970, 0xe6b7b2},
    {0x541, 0xe6b7b3},
    {0x3971, 0xe6b7b4},
    {0x2244, 0xe6b7b5},
    {0x23e2, 0xe6b7b6},
    {0x801, 0xe6b7b7},
    {0x3972, 0xe6b7b8},
    {0xff6, 0xe6b7b9},
    {0x20d4, 0xe6b7ba},
    {0xe40, 0xe6b7bb},
    {0x1a21, 0xe6b7bc},
    {0xc62, 0xe6b885},
    {0x10eb, 0xe6b88a},
    {0x397f, 0xe6b88b},
    {0x16e9, 0xe6b88c},
    {0x1232, 0xe6b88d},
    {0x16e0, 0xe6b88e},
    {0x3980, 0xe6b88f},
    {0x876, 0xe6b890},
    {0x16e3, 0xe6b891},
    {0x10cb, 0xe6b894},
    {0x3983, 0xe6b895},
    {0x16e7, 0xe6b896},
    {0xd31, 0xe6b897},
    {0x16dc, 0xe6b89a},
    {0x10ca, 0xe6b89d},
    {0xc7b, 0xe6b8a0},
    {0x608, 0xe6b8a1},
    {0x398a, 0xe6b8a2},
    {0x113f, 0xe6b8a3},
    {0x47a, 0xe6b8a4},
    {0x16f5, 0xe6b8a5},
    {0x219f, 0xe6b8a6},
    {0xed1, 0xe6b8a9},
    {0x398d, 0xe6b8aa},
    {0x16eb, 0xe6b8ab},
    {0x1e66, 0xe6b8ac},
    {0xecb, 0xe6b8ad},
    {0x398e, 0xe6b8ae},
    {0x6d6, 0xe6b8af},
    {0x16f4, 0xe6b8b2},
    {0x3991, 0xe6b8b3},
    {0x957, 0xe6b8b4},
    {0x10b3, 0xe6b8b8},
    {0x3995, 0xe6b8b9},
    {0xaf1, 0xe6b8ba},
    {0x1f63, 0xe6b8be},
    {0x3999, 0xe6b8bf},
    {0xb89, 0xe6b983},
    {0x16f6, 0xe6b984},
    {0xe75, 0xe6b98d},
    {0x16ed, 0xe6b98e},
    {0x39a9, 0xe6b995},
    {0x7b5, 0xe6b996},
    {0x39aa, 0xe6b997},
    {0xf53, 0xe6b998},
    {0x1160, 0xe6b99b},
    {0x23dd, 0xe6b99e},
    {0x16f0, 0xe6b99f},
    {0x16ee, 0xe6b9ab},
    {0x16ec, 0xe6b9ae},
    {0x216b, 0xe6b9af},
    {0xe96, 0xe6b9be},
    {0xd41, 0xe6b9bf},
    {0x98e, 0xe6ba83},
    {0x39cd, 0xe6ba84},
    {0x877, 0xe6ba85},
    {0x16f1, 0xe6ba86},
    {0x6c3, 0xe6ba89},
    {0x1705, 0xe6ba8f},
    {0x10f7, 0xe6ba90},
    {0x22b5, 0xe6ba96},
    {0x39da, 0xe6ba97},
    {0x16f9, 0xe6ba98},
    {0xa38, 0xe6ba9c},
    {0x1f26, 0xe6ba9d},
    {0x39de, 0xe6ba9e},
    {0x1707, 0xe6ba9f},
    {0x106e, 0xe6baa2},
    {0x16fd, 0xe6baa5},
    {0x39e3, 0xe6baa6},
    {0x16fe, 0xe6baa7},
    {0xf17, 0xe6baaa},
    {0xdd2, 0xe6baaf},
    {0x39ea, 0xe6bab0},
    {0x16f8, 0xe6bab1},
    {0x16ef, 0xe6bab2},
    {0x39eb, 0xe6bab3},
    {0x1703, 0xe6bab4},
    {0x39ec, 0xe6bab5},
    {0xcb7, 0xe6bab6},
    {0x1701, 0xe6bab7},
    {0xb4a, 0xe6baba},
    {0x1700, 0xe6babb},
    {0x39ef, 0xe6babc},
    {0x16ff, 0xe6babd},
    {0x39f2, 0xe6bb80},
    {0x521, 0xe6bb81},
    {0x1706, 0xe6bb82},
    {0x39f3, 0xe6bb83},
    {0x1e63, 0xe6bb84},
    {0x2088, 0xe6bb85},
    {0x39f4, 0xe6bb86},
    {0x5c2, 0xe6bb87},
    {0x1229, 0xe6bb8b},
    {0x1ebd, 0xe6bb8c},
    {0x39f8, 0xe6bb8d},
    {0x2341, 0xe6bb8e},
    {0x1704, 0xe6bb8f},
    {0x39f9, 0xe6bb90},
    {0x7c1, 0xe6bb91},
    {0x39fa, 0xe6bb92},
    {0x122f, 0xe6bb93},
    {0xe22, 0xe6bb94},
    {0x19a8, 0xe6bb95},
    {0x39fb, 0xe6bb96},
    {0x1702, 0xe6bb97},
    {0x74f, 0xe6bb9a},
    {0x11cc, 0xe6bb9e},
    {0x16f7, 0xe6bb9f},
    {0x16fa, 0xe6bba0},
    {0xaa1, 0xe6bba1},
    {0x16fc, 0xe6bba2},
    {0x3a01, 0xe6bba3},
    {0xa72, 0xe6bba4},
    {0x9af, 0xe6bba5},
    {0xa77, 0xe6bba6},
    {0x3a02, 0xe6bba7},
    {0x45e, 0xe6bba8},
    {0xe05, 0xe6bba9},
    {0x1f4b, 0xe6bbac},
    {0x2292, 0xe6bbaf},
    {0x2124, 0xe6bbb2},
    {0x3a09, 0xe6bbb3},
    {0x5af, 0xe6bbb4},
    {0x2048, 0xe6bbb7},
    {0x23e0, 0xe6bbb8},
    {0x170d, 0xe6bbb9},
    {0x2077, 0xe6bbbf},
    {0x3a11, 0xe6bc80},
    {0x223a, 0xe6bc81},
    {0xbce, 0xe6bc82},
    {0xc00, 0xe6bc86},
    {0x1713, 0xe6bc89},
    {0xa50, 0xe6bc8f},
    {0x9d7, 0xe6bc93},
    {0x1006, 0xe6bc94},
    {0x170c, 0xe6bc95},
    {0x20b1, 0xe6bc9a},
    {0xb11, 0xe6bca0},
    {0x3a28, 0xe6bca1},
    {0x1f41, 0xe6bca2},
    {0x201c, 0xe6bca3},
    {0x170b, 0xe6bca4},
    {0x1714, 0xe6bca9},
    {0x1712, 0xe6bcaa},
    {0xaa5, 0xe6bcab},
    {0x22b8, 0xe6bcac},
    {0x16fb, 0xe6bcad},
    {0x3a2d, 0xe6bcae},
    {0x170e, 0xe6bcaf},
    {0x3a2e, 0xe6bcb0},
    {0xd95, 0xe6bcb1},
    {0x2276, 0xe6bcb2},
    {0x1165, 0xe6bcb3},
    {0x170f, 0xe6bcb6},
    {0x3a31, 0xe6bcb7},
    {0x1f9b, 0xe6bcb8},
    {0x1023, 0xe6bcbe},
    {0x1f9f, 0xe6bcbf},
    {0x3a37, 0xe6bd80},
    {0x25ca, 0xe6bd81},
    {0x1710, 0xe6bd8b},
    {0x3a3f, 0xe6bd8c},
    {0xeba, 0xe6bd8d},
    {0x20be, 0xe6bd91},
    {0x1fb4, 0xe6bd94},
    {0xb8c, 0xe6bd98},
    {0x23d7, 0xe6bd99},
    {0xc2e, 0xe6bd9c},
    {0x3a4a, 0xe6bd9d},
    {0xa61, 0xe6bd9e},
    {0x1708, 0xe6bda2},
    {0x3a4e, 0xe6bda3},
    {0x2105, 0xe6bda4},
    {0x3a4f, 0xe6bda5},
    {0xa13, 0xe6bda6},
    {0xe09, 0xe6bdad},
    {0x4d6, 0xe6bdae},
    {0x23e1, 0xe6bdaf},
    {0x1fec, 0xe6bdb0},
    {0x3a56, 0xe6bdb1},
    {0x1719, 0xe6bdb2},
    {0x3a57, 0xe6bdb3},
    {0x1711, 0xe6bdb4},
    {0x23ea, 0xe6bdb7},
    {0x1718, 0xe6bdb8},
    {0x3a5a, 0xe6bdb9},
    {0x171b, 0xe6bdba},
    {0x3a5b, 0xe6bdbb},
    {0x171a, 0xe6bdbc},
    {0x23e3, 0xe6bdbf},
    {0x210e, 0xe6be80},
    {0x4f3, 0xe6be84},
    {0x3a61, 0xe6be85},
    {0x1fa6, 0xe6be86},
    {0x2004, 0xe6be87},
    {0x4df, 0xe6be88},
    {0x1715, 0xe6be89},
    {0x1717, 0xe6be8c},
    {0x1716, 0xe6be8d},
    {0xbad, 0xe6be8e},
    {0x1f9d, 0xe6be97},
    {0x9a8, 0xe6be9c},
    {0x23e5, 0xe6bea0},
    {0x112b, 0xe6bea1},
    {0x2264, 0xe6bea4},
    {0x171e, 0xe6bea7},
    {0x3a77, 0xe6bea8},
    {0x24e2, 0xe6bea9},
    {0x23de, 0xe6beae},
    {0x1ec4, 0xe6beb1},
    {0x3a7e, 0xe6beb2},
    {0x3cf, 0xe6beb3},
    {0x1720, 0xe6beb6},
    {0x171f, 0xe6beb9},
    {0x817, 0xe6bf80},
    {0x22b6, 0xe6bf81},
    {0x1721, 0xe6bf82},
    {0x20a9, 0xe6bf83},
    {0x171d, 0xe6bf89},
    {0x171c, 0xe6bf91},
    {0x45d, 0xe6bf92},
    {0x212b, 0xe6bf95},
    {0x20a5, 0xe6bf98},
    {0x268b, 0xe6bf9b},
    {0x1724, 0xe6bf9e},
    {0x1f76, 0xe6bf9f},
    {0x1725, 0xe6bfa0},
    {0x1722, 0xe6bfa1},
    {0x216d, 0xe6bfa4},
    {0x2001, 0xe6bfab},
    {0x1723, 0xe6bfae},
    {0x1726, 0xe6bfaf},
    {0x2191, 0xe6bfb0},
    {0x1e50, 0xe6bfb1},
    {0x1f9c, 0xe6bfba},
    {0x3aaf, 0xe6bfbb},
    {0x23da, 0xe6bfbc},
    {0x3ab0, 0xe6bfbd},
    {0x2053, 0xe6bfbe},
    {0x3ab1, 0xe6bfbf},
    {0x23e9, 0xe78085},
    {0x23e4, 0xe78086},
    {0x21d5, 0xe78089},
    {0x3ab9, 0xe7808a},
    {0x23e6, 0xe7808b},
    {0x23df, 0xe7808f},
    {0x3abd, 0xe78090},
    {0xbf8, 0xe78091},
    {0x1e4f, 0xe78095},
    {0x23d9, 0xe78098},
    {0x3ac3, 0xe78099},
    {0x1727, 0xe7809a},
    {0x1729, 0xe7809b},
    {0x3ac4, 0xe7809c},
    {0x2014, 0xe7809d},
    {0x3ac5, 0xe7809e},
    {0x23ec, 0xe7809f},
    {0x23eb, 0xe780a0},
    {0x1728, 0xe780a3},
    {0x23d8, 0xe780a7},
    {0x23ee, 0xe780a8},
    {0x268e, 0xe780b0},
    {0x3ad2, 0xe780b1},
    {0x23ed, 0xe780b2},
    {0x172b, 0xe780b5},
    {0x172a, 0xe780b9},
    {0x1ffa, 0xe780be},
    {0x3adc, 0xe780bf},
    {0x23d6, 0xe78183},
    {0x23e8, 0xe78184},
    {0x739, 0xe7818c},
    {0x172c, 0xe7818f},
    {0x3ae9, 0xe78190},
    {0x2106, 0xe78191},
    {0x200b, 0xe78195},
    {0x2166, 0xe78198},
    {0x23ef, 0xe7819d},
    {0x172d, 0xe7819e},
    {0x2189, 0xe781a3},
    {0x2058, 0xe781a4},
    {0x23e7, 0xe781a7},
    {0x805, 0xe781ab},
    {0x19ef, 0xe781ac},
    {0xaf5, 0xe781ad},
    {0x3afc, 0xe781ae},
    {0x5a7, 0xe781af},
    {0x7e7, 0xe781b0},
    {0xa32, 0xe781b5},
    {0x1131, 0xe781b6},
    {0x3b01, 0xe781b7},
    {0x8f3, 0xe781b8},
    {0x1223, 0xe781bc},
    {0x3b05, 0xe781bd},
    {0x1119, 0xe781be},
    {0x49a, 0xe781bf},
    {0x19cc, 0xe78280},
    {0x1913, 0xe78285},
    {0xa56, 0xe78289},
    {0x539, 0xe7828a},
    {0x1000, 0xe7828e},
    {0x4d9, 0xe78292},
    {0x3b13, 0xe78293},
    {0xc8d, 0xe78294},
    {0x948, 0xe78295},
    {0x19ce, 0xe78296},
    {0x11ca, 0xe78299},
    {0x19cd, 0xe7829c},
    {0x19cf, 0xe7829d},
    {0x19d3, 0xe782ab},
    {0x915, 0xe782ac},
    {0xe12, 0xe782ad},
    {0xb9b, 0xe782ae},
    {0x8eb, 0xe782af},
    {0x3b25, 0xe782b0},
    {0x19d4, 0xe782b1},
    {0x3b26, 0xe782b2},
    {0x467, 0xe782b3},
    {0x19d2, 0xe782b7},
    {0x1149, 0xe782b8},
    {0x5c4, 0xe782b9},
    {0x3b2a, 0xe782ba},
    {0x19d0, 0xe782bb},
    {0x9ff, 0xe782bc},
    {0x508, 0xe782bd},
    {0x19d1, 0xe78380},
    {0xdad, 0xe78381},
    {0x9ae, 0xe78382},
    {0xe51, 0xe78383},
    {0xa1b, 0xe78388},
    {0x3b31, 0xe78389},
    {0x19d6, 0xe7838a},
    {0x21a3, 0xe7838f},
    {0x79d, 0xe78398},
    {0x9be, 0xe78399},
    {0x3b3e, 0xe7839a},
    {0x11f1, 0xe7839b},
    {0xff5, 0xe7839f},
    {0x94b, 0xe783a4},
    {0x3b46, 0xe783a5},
    {0x650, 0xe783a6},
    {0xd0e, 0xe783a7},
    {0x19d5, 0xe783a8},
    {0x7f7, 0xe783a9},
    {0x3b47, 0xe783aa},
    {0xe1f, 0xe783ab},
    {0x8ce, 0xe783ac},
    {0xca3, 0xe783ad},
    {0x3b48, 0xe783ae},
    {0xf16, 0xe783af},
    {0x217a, 0xe783b4},
    {0xe9a, 0xe783b7},
    {0x3b4f, 0xe783b8},
    {0xbac, 0xe783b9},
    {0x686, 0xe783bd},
    {0xff2, 0xe78489},
    {0x76f, 0xe7848a},
    {0x19d7, 0xe78490},
    {0x19d8, 0xe78493},
    {0x3b65, 0xe78494},
    {0x7d5, 0xe78495},
    {0x19d9, 0xe78496},
    {0x3b66, 0xe78497},
    {0x19f0, 0xe78498},
    {0x423, 0xe78499},
    {0x676, 0xe7849a},
    {0x21a5, 0xe784a1},
    {0x88a, 0xe784a6},
    {0x19da, 0xe784af},
    {0x100f, 0xe784b0},
    {0x19db, 0xe784b1},
    {0xc96, 0xe784b6},
    {0x19df, 0xe78585},
    {0x2022, 0xe78589},
    {0x19e1, 0xe7858a},
    {0x3b8e, 0xe7858b},
    {0x7e2, 0xe7858c},
    {0x3b8f, 0xe7858d},
    {0x858, 0xe7858e},
    {0x24d6, 0xe78592},
    {0x19dd, 0xe7859c},
    {0x3b9c, 0xe7859d},
    {0xcf0, 0xe7859e},
    {0x233a, 0xe785a2},
    {0x3ba0, 0xe785a3},
    {0xabf, 0xe785a4},
    {0x3ba1, 0xe785a5},
    {0x19f1, 0xe785a6},
    {0x1176, 0xe785a7},
    {0x19de, 0xe785a8},
    {0x1eee, 0xe785a9},
    {0x24d5, 0xe785ac},
    {0x3ba4, 0xe785ad},
    {0x11f2, 0xe785ae},
    {0x19e0, 0xe785b2},
    {0x19dc, 0xe785b3},
    {0x19e2, 0xe785b8},
    {0x3bac, 0xe785b9},
    {0x19e3, 0xe785ba},
    {0xcf8, 0xe785bd},
    {0xf15, 0xe78684},
    {0xfa7, 0xe7868a},
    {0xfd5, 0xe7868f},
    {0x2228, 0xe78692},
    {0x3bc0, 0xe78693},
    {0xcb6, 0xe78694},
    {0x24d7, 0xe78697},
    {0x19e4, 0xe78698},
    {0xf04, 0xe78699},
    {0xd83, 0xe7869f},
    {0x19e8, 0xe786a0},
    {0x19e7, 0xe786a8},
    {0x3c9, 0xe786ac},
    {0x20fc, 0xe786b1},
    {0x3bd6, 0xe786b2},
    {0x19e5, 0xe786b3},
    {0x3bd7, 0xe786b4},
    {0x19e6, 0xe786b5},
    {0x19f2, 0xe786b9},
    {0x1e87, 0xe786be},
    {0x3bdf, 0xe786bf},
    {0x3be0, 0xe78780},
    {0x24d8, 0xe78781},
    {0x3be1, 0xe78782},
    {0xc97, 0xe78783},
    {0x1eba, 0xe78788},
    {0xa10, 0xe7878e},
    {0x2119, 0xe78792},
    {0x3bee, 0xe78793},
    {0x19ea, 0xe78794},
    {0x1009, 0xe78795},
    {0x216c, 0xe78799},
    {0x24d9, 0xe7879c},
    {0x2227, 0xe7879f},
    {0x19e9, 0xe787a0},
    {0x1132, 0xe787a5},
    {0x1e5f, 0xe787a6},
    {0x19eb, 0xe787a7},
    {0x229f, 0xe787ad},
    {0x1396, 0xe787ae},
    {0x1f5d, 0xe787b4},
    {0x19ec, 0xe787b9},
    {0x1fbc, 0xe787bc},
    {0x3c0a, 0xe787bd},
    {0x24da, 0xe787be},
    {0x3c0b, 0xe787bf},
    {0x415, 0xe78886},
    {0x2149, 0xe7888d},
    {0x2046, 0xe78890},
    {0x2000, 0xe7889b},
    {0x3c24, 0xe7889c},
    {0x19ed, 0xe7889d},
    {0x19ee, 0xe788a8},
    {0x3c2f, 0xe788a9},
    {0x1203, 0xe788aa},
    {0x3c30, 0xe788ab},
    {0xb81, 0xe788ac},
    {0x196c, 0xe788b0},
    {0x3b9, 0xe788b1},
    {0x2190, 0xe788b2},
    {0x923, 0xe788b5},
    {0x6b3, 0xe788b6},
    {0x1036, 0xe788b7},
    {0x3e1, 0xe788b8},
    {0x5da, 0xe788b9},
    {0x2208, 0xe788ba},
    {0x1269, 0xe788bb},
    {0x3c36, 0xe788bc},
    {0xda1, 0xe788bd},
    {0x1ee6, 0xe788be},
    {0x169d, 0xe788bf},
    {0xbcb, 0xe78987},
    {0x3f1, 0xe78988},
    {0xb87, 0xe7898c},
    {0x1969, 0xe7898d},
    {0x196a, 0xe78992},
    {0x196b, 0xe78996},
    {0x3c48, 0xe78997},
    {0x24c3, 0xe78998},
    {0xfe9, 0xe78999},
    {0x3c49, 0xe7899a},
    {0xb64, 0xe7899b},
    {0x3c4a, 0xe7899c},
    {0x1944, 0xe7899d},
    {0x3c4b, 0xe7899e},
    {0xb15, 0xe7899f},
    {0x3c4c, 0xe789a0},
    {0xb18, 0xe789a1},
    {0x9b9, 0xe789a2},
    {0x1945, 0xe789a6},
    {0xb24, 0xe789a7},
    {0x3c50, 0xe789a8},
    {0xefe, 0xe789a9},
    {0x1942, 0xe789ae},
    {0x1946, 0xe789af},
    {0xd35, 0xe789b2},
    {0xc20, 0xe789b5},
    {0xe2b, 0xe789b9},
    {0xf0d, 0xe789ba},
    {0x20cc, 0xe789bd},
    {0xf19, 0xe78a80},
    {0x9d2, 0xe78a81},
    {0x1949, 0xe78a84},
    {0x5fe, 0xe78a8a},
    {0x194a, 0xe78a8b},
    {0x3c65, 0xe78a8c},
    {0x194b, 0xe78a8d},
    {0x3c66, 0xe78a8e},
    {0x194c, 0xe78a8f},
    {0x194d, 0xe78a92},
    {0x2340, 0xe78a96},
    {0x1943, 0xe78a9f},
    {0x1ed1, 0xe78aa2},
    {0x21ac, 0xe78aa7},
    {0xc89, 0xe78aac},
    {0x15ef, 0xe78aad},
    {0x3c7e, 0xe78aae},
    {0x655, 0xe78aaf},
    {0x15f0, 0xe78ab0},
    {0x15f1, 0xe78ab4},
    {0x3c82, 0xe78ab5},
    {0x1211, 0xe78ab6},
    {0x10b1, 0xe78ab9},
    {0x22af, 0xe78b80},
    {0x15f5, 0xe78b81},
    {0x97e, 0xe78b82},
    {0x15f4, 0xe78b83},
    {0x5b3, 0xe78b84},
    {0x420, 0xe78b88},
    {0x15f7, 0xe78b8d},
    {0x15f6, 0xe78b8e},
    {0x3c90, 0xe78b8f},
    {0x7b3, 0xe78b90},
    {0x3c91, 0xe78b91},
    {0x15f8, 0xe78b92},
    {0x710, 0xe78b97},
    {0x3c96, 0xe78b98},
    {0x900, 0xe78b99},
    {0xb5f, 0xe78b9e},
    {0x3c9b, 0xe78b9f},
    {0x794, 0xe78ba0},
    {0x897, 0xe78ba1},
    {0x15f9, 0xe78ba8},
    {0x15fb, 0xe78ba9},
    {0x5ff, 0xe78bac},
    {0xf2e, 0xe78bad},
    {0xd3f, 0xe78bae},
    {0x15fa, 0xe78baf},
    {0x1199, 0xe78bb0},
    {0x10e1, 0xe78bb1},
    {0x15fc, 0xe78bb2},
    {0x1600, 0xe78bb3},
    {0x15fd, 0xe78bb4},
    {0x15fe, 0xe78bb7},
    {0x9d5, 0xe78bb8},
    {0x21b6, 0xe78bb9},
    {0x9b2, 0xe78bbc},
    {0x1e3d, 0xe78bbd},
    {0x3ca8, 0xe78c80},
    {0x15ff, 0xe78c81},
    {0x3ca9, 0xe78c82},
    {0x1601, 0xe78c83},
    {0x1607, 0xe78c8a},
    {0xa1d, 0xe78c8e},
    {0x1605, 0xe78c93},
    {0x3cb7, 0xe78c94},
    {0x160a, 0xe78c95},
    {0x4c5, 0xe78c96},
    {0x1604, 0xe78c97},
    {0xad2, 0xe78c9b},
    {0x489, 0xe78c9c},
    {0x1609, 0xe78c9d},
    {0x1608, 0xe78c9e},
    {0x1606, 0xe78ca1},
    {0x160b, 0xe78ca2},
    {0x160d, 0xe78ca5},
    {0xf94, 0xe78ca9},
    {0x11ec, 0xe78caa},
    {0xaad, 0xe78cab},
    {0x160e, 0xe78cac},
    {0x3cc2, 0xe78cad},
    {0xf44, 0xe78cae},
    {0x1610, 0xe78cb1},
    {0x7a6, 0xe78cb4},
    {0x3cc7, 0xe78cb5},
    {0x2235, 0xe78cb6},
    {0x18d4, 0xe78cb7},
    {0x160f, 0xe78cb8},
    {0x160c, 0xe78cb9},
    {0x3cc8, 0xe78cba},
    {0x2397, 0xe78cbb},
    {0x7c0, 0xe78cbe},
    {0x10f6, 0xe78cbf},
    {0x3ccb, 0xe78d80},
    {0x2395, 0xe78d81},
    {0x223f, 0xe78d84},
    {0x212a, 0xe78d85},
    {0x1612, 0xe78d8d},
    {0x1611, 0xe78d90},
    {0x3cd7, 0xe78d91},
    {0x18d5, 0xe78d92},
    {0x1613, 0xe78d97},
    {0x1614, 0xe78da0},
    {0x1ed2, 0xe78da8},
    {0x3ceb, 0xe78da9},
    {0x2396, 0xe78daa},
    {0x2398, 0xe78dab},
    {0x1615, 0xe78dac},
    {0xdf4, 0xe78dad},
    {0x3cec, 0xe78dae},
    {0x1616, 0xe78daf},
    {0x20a2, 0xe78db0},
    {0x3ced, 0xe78db1},
    {0x1f64, 0xe78db2},
    {0x202b, 0xe78db5},
    {0x3cf0, 0xe78db6},
    {0x2394, 0xe78db7},
    {0x2139, 0xe78db8},
    {0x3cf1, 0xe78db9},
    {0x215f, 0xe78dba},
    {0x21c1, 0xe78dbb},
    {0x239a, 0xe78dbc},
    {0x3cf2, 0xe78dbd},
    {0x1617, 0xe78dbe},
    {0x3cf3, 0xe78dbf},
    {0x2399, 0xe78e80},
    {0xfc9, 0xe78e84},
    {0xa71, 0xe78e87},
    {0x3cf9, 0xe78e88},
    {0x10d6, 0xe78e89},
    {0x3cfa, 0xe78e8a},
    {0xea6, 0xe78e8b},
    {0x1818, 0xe78e8e},
    {0x1819, 0xe78e91},
    {0x8f0, 0xe78e96},
    {0xa91, 0xe78e9b},
    {0x181c, 0xe78e9f},
    {0x181b, 0xe78ea2},
    {0xe97, 0xe78ea9},
    {0x3d12, 0xe78eaa},
    {0xaba, 0xe78eab},
    {0x181a, 0xe78eae},
    {0x7cc, 0xe78eaf},
    {0xf43, 0xe78eb0},
    {0x3d15, 0xe78eb1},
    {0xa2a, 0xe78eb2},
    {0x1821, 0xe78eb3},
    {0x1820, 0xe78eb7},
    {0x182c, 0xe78eba},
    {0x46a, 0xe78ebb},
    {0x1822, 0xe78f80},
    {0x3d1f, 0xe78f81},
    {0x181e, 0xe78f82},
    {0x1824, 0xe78f88},
    {0x1823, 0xe78f89},
    {0xcf3, 0xe78f8a},
    {0x1185, 0xe78f8d},
    {0x3d27, 0xe78f8e},
    {0x181d, 0xe78f8f},
    {0x646, 0xe78f90},
    {0x181f, 0xe78f91},
    {0x1826, 0xe78f99},
    {0x182b, 0xe78f9e},
    {0x3d33, 0xe78f9f},
    {0x11e8, 0xe78fa0},
    {0x1825, 0xe78fa5},
    {0x3d38, 0xe78fa6},
    {0x182a, 0xe78fa7},
    {0x3d39, 0xe78fa8},
    {0x1829, 0xe78fa9},
    {0x3eb, 0xe78fad},
    {0x182d, 0xe78fb2},
    {0x21c0, 0xe78fbe},
    {0x3d4c, 0xe78fbf},
    {0xc6f, 0xe79083},
    {0x3d50, 0xe79084},
    {0x9b0, 0xe79085},
    {0x9d8, 0xe79086},
    {0xa39, 0xe79089},
    {0x1828, 0xe7908a},
    {0x182e, 0xe7908f},
    {0xdeb, 0xe79090},
    {0x1838, 0xe7909a},
    {0x1837, 0xe7909b},
    {0x121e, 0xe790a2},
    {0x1832, 0xe790a5},
    {0x1831, 0xe790a6},
    {0x3d68, 0xe790a7},
    {0x1833, 0xe790a8},
    {0x3d69, 0xe790a9},
    {0x182f, 0xe790aa},
    {0x3d6a, 0xe790ab},
    {0x1836, 0xe790ac},
    {0x3d6b, 0xe790ad},
    {0x1835, 0xe790ae},
    {0x3d6c, 0xe790af},
    {0x1834, 0xe790b0},
    {0xa1e, 0xe790b3},
    {0xc56, 0xe790b4},
    {0xbbe, 0xe790b5},
    {0xb84, 0xe790b6},
    {0xc6a, 0xe790bc},
    {0x2460, 0xe790bf},
    {0x3d76, 0xe79180},
    {0x1839, 0xe79181},
    {0x245c, 0xe7918b},
    {0x183c, 0xe79195},
    {0x3d89, 0xe79196},
    {0x183b, 0xe79197},
    {0x3d8a, 0xe79198},
    {0x183d, 0xe79199},
    {0x7ae, 0xe7919a},
    {0x1830, 0xe7919b},
    {0x183a, 0xe7919c},
    {0x3d8b, 0xe7919d},
    {0xccb, 0xe7919e},
    {0xce3, 0xe7919f},
    {0x215d, 0xe791a3},
    {0x2225, 0xe791a9},
    {0x206a, 0xe791aa},
    {0x183f, 0xe791ad},
    {0x73e, 0xe791b0},
    {0x1027, 0xe791b6},
    {0x183e, 0xe791b7},
    {0x1840, 0xe791be},
    {0x3da3, 0xe791bf},
    {0x3da4, 0xe79282},
    {0x9f0, 0xe79283},
    {0x1845, 0xe79287},
    {0x3da8, 0xe79288},
    {0x2461, 0xe79289},
    {0x3da9, 0xe7928a},
    {0x1846, 0xe7928b},
    {0x1842, 0xe7928e},
    {0x3dac, 0xe7928f},
    {0x184a, 0xe79290},
    {0x1841, 0xe7929c},
    {0x3db8, 0xe7929d},
    {0x1847, 0xe7929e},
    {0x245b, 0xe792a3},
    {0x2462, 0xe792a6},
    {0x184b, 0xe792a7},
    {0x1f54, 0xe792b0},
    {0x184d, 0xe792ba},
    {0x245f, 0xe792bd},
    {0x20ec, 0xe7938a},
    {0x245d, 0xe7938f},
    {0x184c, 0xe79392},
    {0x3de2, 0xe79393},
    {0x2463, 0xe79394},
    {0x2464, 0xe7939a},
    {0x3de8, 0xe7939b},
    {0x728, 0xe7939c},
    {0x3de9, 0xe7939d},
    {0x1b32, 0xe7939e},
    {0x3dea, 0xe7939f},
    {0x1b33, 0xe793a0},
    {0x3deb, 0xe793a1},
    {0xbcf, 0xe793a2},
    {0x3f5, 0xe793a3},
    {0xc9a, 0xe793a4},
    {0x3dec, 0xe793a5},
    {0xe90, 0xe793a6},
    {0xedc, 0xe793ae},
    {0x1903, 0xe793af},
    {0x1904, 0xe793b4},
    {0x3df8, 0xe793b5},
    {0xbde, 0xe793b6},
    {0x54c, 0xe793b7},
    {0x1905, 0xe793bf},
    {0x1188, 0xe79484},
    {0x24a5, 0xe7948c},
    {0x1485, 0xe7948d},
    {0x3e0b, 0xe7948e},
    {0x1906, 0xe7948f},
    {0x3e0c, 0xe79490},
    {0x1907, 0xe79491},
    {0x3e0d, 0xe79492},
    {0x1908, 0xe79493},
    {0x6c5, 0xe79498},
    {0x14f8, 0xe79499},
    {0xd2e, 0xe7949a},
    {0x3e12, 0xe7949b},
    {0xe43, 0xe7949c},
    {0xd33, 0xe7949f},
    {0x1e70, 0xe794a3},
    {0x3e18, 0xe794a4},
    {0xd34, 0xe794a5},
    {0x10a8, 0xe794a8},
    {0xd9b, 0xe794a9},
    {0x3e1b, 0xe794aa},
    {0x6a1, 0xe794ab},
    {0x1b34, 0xe794ac},
    {0x42b, 0xe794ad},
    {0x3e1c, 0xe794ae},
    {0x1734, 0xe794af},
    {0xe42, 0xe794b0},
    {0x10ae, 0xe794b1},
    {0x84a, 0xe794b2},
    {0xd23, 0xe794b3},
    {0x3e1d, 0xe794b4},
    {0x5c8, 0xe794b5},
    {0x3e1e, 0xe794b6},
    {0xb33, 0xe794b7},
    {0x5ca, 0xe794b8},
    {0x3e1f, 0xe794b9},
    {0x1a78, 0xe794ba},
    {0x7c2, 0xe794bb},
    {0x1816, 0xe794be},
    {0x3e22, 0xe794bf},
    {0x1a79, 0xe79580},
    {0x4ce, 0xe79585},
    {0x1a7c, 0xe79588},
    {0x1a7b, 0xe7958b},
    {0x8b8, 0xe7958c},
    {0x3e2b, 0xe7958d},
    {0x1a7a, 0xe7958e},
    {0xec6, 0xe7958f},
    {0xb90, 0xe79594},
    {0xa3d, 0xe79599},
    {0x139e, 0xe7959a},
    {0x1a7d, 0xe7959b},
    {0xfbe, 0xe7959c},
    {0x208f, 0xe7959d},
    {0x1e42, 0xe795a2},
    {0xa7b, 0xe795a5},
    {0xc07, 0xe795a6},
    {0x649, 0xe795aa},
    {0x1f4e, 0xe795ab},
    {0x1a7e, 0xe795b2},
    {0x3e43, 0xe795b3},
    {0x510, 0xe795b4},
    {0x3e44, 0xe795b5},
    {0x1eb1, 0xe795b6},
    {0x3e45, 0xe795b7},
    {0x810, 0xe795b8},
    {0x1a7f, 0xe795b9},
    {0x1814, 0xe795bf},
    {0x1a80, 0xe79683},
    {0x87f, 0xe79686},
    {0x1e8b, 0xe79687},
    {0x1bc6, 0xe7968b},
    {0xd7f, 0xe7968f},
    {0x3e56, 0xe79690},
    {0x1050, 0xe79691},
    {0x1b60, 0xe79692},
    {0x3e57, 0xe79693},
    {0x1b61, 0xe79694},
    {0x3e58, 0xe79695},
    {0x1b62, 0xe79696},
    {0xa0f, 0xe79697},
    {0x3e59, 0xe79698},
    {0x6e8, 0xe79699},
    {0x8fd, 0xe7969a},
    {0x1b64, 0xe7969d},
    {0x3e5c, 0xe7969e},
    {0xb72, 0xe7969f},
    {0x1b63, 0xe796a0},
    {0x101a, 0xe796a1},
    {0x3e5d, 0xe796a2},
    {0x1b66, 0xe796a3},
    {0x3d7, 0xe796a4},
    {0x8bb, 0xe796a5},
    {0x1066, 0xe796ab},
    {0x1b65, 0xe796ac},
    {0x3e63, 0xe796ad},
    {0x532, 0xe796ae},
    {0x685, 0xe796af},
    {0x1b6c, 0xe796b0},
    {0x1b6b, 0xe796b1},
    {0xbc2, 0xe796b2},
    {0x546, 0xe796b5},
    {0x1b69, 0xe796b8},
    {0x118f, 0xe796b9},
    {0xe2e, 0xe796bc},
    {0x901, 0xe796bd},
    {0x825, 0xe796be},
    {0x3e68, 0xe796bf},
    {0x1b6e, 0xe79782},
    {0x1b6d, 0xe79783},
    {0x1b6a, 0xe79784},
    {0x468, 0xe79785},
    {0x3e6b, 0xe79786},
    {0x11a1, 0xe79787},
    {0x109d, 0xe79788},
    {0x8e6, 0xe79789},
    {0xc87, 0xe7978a},
    {0x1b70, 0xe7978d},
    {0x1020, 0xe79792},
    {0x3e72, 0xe79793},
    {0x11cb, 0xe79794},
    {0x792, 0xe79795},
    {0x1b6f, 0xe79796},
    {0x3e73, 0xe79797},
    {0x5fa, 0xe79798},
    {0x1fc6, 0xe79799},
    {0x3e74, 0xe7979a},
    {0xe65, 0xe7979b},
    {0xbc5, 0xe7979e},
    {0x9ea, 0xe797a2},
    {0x1b71, 0xe797a3},
    {0x1b74, 0xe797a4},
    {0x3e7a, 0xe797a5},
    {0x1b73, 0xe797a6},
    {0x1b76, 0xe797a7},
    {0x1b72, 0xe797a8},
    {0x3e7b, 0xe797a9},
    {0x7d3, 0xe797aa},
    {0x1b75, 0xe797ab},
    {0xe08, 0xe797b0},
    {0x1b78, 0xe797b1},
    {0x4fa, 0xe797b4},
    {0x43d, 0xe797b9},
    {0x1b79, 0xe797bc},
    {0x1b7a, 0xe797bf},
    {0x1b7c, 0xe79880},
    {0x564, 0xe79881},
    {0x25ae, 0xe79882},
    {0x1b77, 0xe79883},
    {0x3e8a, 0xe79884},
    {0x1b7d, 0xe79885},
    {0x1b80, 0xe7988a},
    {0x1f01, 0xe7988b},
    {0x1b7e, 0xe7988c},
    {0x2200, 0xe7988d},
    {0x1b7b, 0xe79890},
    {0x1b83, 0xe79895},
    {0x3e95, 0xe79896},
    {0x1b7f, 0xe79897},
    {0x1b82, 0xe79898},
    {0x1b84, 0xe79899},
    {0x3e96, 0xe7989a},
    {0x1b85, 0xe7989b},
    {0x25b2, 0xe7989e},
    {0xed0, 0xe7989f},
    {0x1b88, 0xe798a0},
    {0x1e97, 0xe798a1},
    {0x1b87, 0xe798a2},
    {0x3e99, 0xe798a3},
    {0xa3f, 0xe798a4},
    {0x1b81, 0xe798a5},
    {0xd74, 0xe798a6},
    {0x20ab, 0xe798a7},
    {0x3e9a, 0xe798a8},
    {0x574, 0xe798a9},
    {0x45a, 0xe798aa},
    {0xe04, 0xe798ab},
    {0x3e9b, 0xe798ac},
    {0x1b8a, 0xe798ad},
    {0x1b8b, 0xe798b0},
    {0x1b90, 0xe798b3},
    {0x116f, 0xe798b4},
    {0x1b8d, 0xe798b5},
    {0xc8e, 0xe798b8},
    {0x25b3, 0xe798bb},
    {0x1b86, 0xe798bc},
    {0x3ea4, 0xe798bd},
    {0x1b8f, 0xe798be},
    {0x1b8c, 0xe798bf},
    {0x1b89, 0xe79980},
    {0x3ea5, 0xe79981},
    {0x2028, 0xe79982},
    {0x1b8e, 0xe79983},
    {0x3ea8, 0xe79988},
    {0x25b1, 0xe79989},
    {0x3b4, 0xe7998c},
    {0x1b91, 0xe7998d},
    {0x1b93, 0xe79994},
    {0x3eb1, 0xe79995},
    {0x1b95, 0xe79996},
    {0x3eb2, 0xe79997},
    {0x25ac, 0xe79998},
    {0x1b94, 0xe7999c},
    {0x3eb6, 0xe7999d},
    {0x1b92, 0xe7999e},
    {0x1e4e, 0xe7999f},
    {0x2202, 0xe799a2},
    {0xfcb, 0xe799a3},
    {0x25ab, 0xe799a4},
    {0x2286, 0xe799a5},
    {0x3eb9, 0xe799a6},
    {0x25ad, 0xe799a7},
    {0x3eba, 0xe799a8},
    {0x25b6, 0xe799a9},
    {0x3ebb, 0xe799aa},
    {0x1b96, 0xe799ab},
    {0x21e3, 0xe799ac},
    {0x1b97, 0xe799af},
    {0x222f, 0xe799b0},
    {0x2165, 0xe799b1},
    {0x25b7, 0xe799b2},
    {0x748, 0xe799b8},
    {0x5a8, 0xe799bb},
    {0x1ee9, 0xe799bc},
    {0x3e2, 0xe799bd},
    {0x3e4, 0xe799be},
    {0x3ec3, 0xe799bf},
    {0x1130, 0xe79a82},
    {0x3ec6, 0xe79a83},
    {0x5a5, 0xe79a84},
    {0x3ec7, 0xe79a85},
    {0x8a5, 0xe79a86},
    {0x7df, 0xe79a87},
    {0x1b2d, 0xe79a88},
    {0x6d9, 0xe79a8b},
    {0x1b2e, 0xe79a8e},
    {0x3b3, 0xe79a91},
    {0x3ece, 0xe79a92},
    {0x1b2f, 0xe79a93},
    {0xe9f, 0xe79a96},
    {0x1b30, 0xe79a99},
    {0x1e25, 0xe79a9a},
    {0x1b31, 0xe79aa4},
    {0xbc3, 0xe79aae},
    {0x11e4, 0xe79ab1},
    {0x1bc8, 0xe79ab2},
    {0x3ee7, 0xe79ab3},
    {0x1bc9, 0xe79ab4},
    {0x25c0, 0xe79ab8},
    {0x3eeb, 0xe79ab9},
    {0x229a, 0xe79aba},
    {0xaf8, 0xe79abf},
    {0x10c0, 0xe79b82},
    {0x11d0, 0xe79b85},
    {0xba9, 0xe79b86},
    {0x3ef4, 0xe79b87},
    {0x1094, 0xe79b88},
    {0x3ef5, 0xe79b89},
    {0x106d, 0xe79b8a},
    {0x1a8b, 0xe79b8d},
    {0x3c6, 0xe79b8e},
    {0x1156, 0xe79b8f},
    {0xff7, 0xe79b90},
    {0x853, 0xe79b91},
    {0x787, 0xe79b92},
    {0x3ef8, 0xe79b93},
    {0x985, 0xe79b94},
    {0x3ef9, 0xe79b95},
    {0x6c2, 0xe79b96},
    {0x5a2, 0xe79b97},
    {0xb8d, 0xe79b98},
    {0xd39, 0xe79b9b},
    {0x226e, 0xe79b9e},
    {0xad0, 0xe79b9f},
    {0x3efe, 0xe79ba0},
    {0x1fbd, 0xe79ba1},
    {0x3eff, 0xe79ba2},
    {0x1f84, 0xe79ba3},
    {0x20b2, 0xe79ba4},
    {0x1a8c, 0xe79ba5},
    {0x3f00, 0xe79ba6},
    {0x2043, 0xe79ba7},
    {0xb22, 0xe79bae},
    {0x5e1, 0xe79baf},
    {0x3f07, 0xe79bb0},
    {0x1a58, 0xe79bb1},
    {0xaa9, 0xe79bb2},
    {0x3f08, 0xe79bb3},
    {0x11b0, 0xe79bb4},
    {0xf4d, 0xe79bb8},
    {0x1a5b, 0xe79bb9},
    {0xb8f, 0xe79bbc},
    {0x3f0e, 0xe79bbd},
    {0x61b, 0xe79bbe},
    {0x3f0f, 0xe79bbf},
    {0x3f10, 0xe79c80},
    {0xd38, 0xe79c81},
    {0x1a59, 0xe79c84},
    {0xac1, 0xe79c89},
    {0x3f15, 0xe79c8a},
    {0x941, 0xe79c8b},
    {0x3f16, 0xe79c8c},
    {0x1a5a, 0xe79c8d},
    {0x1a60, 0xe79c99},
    {0x1a5e, 0xe79c9a},
    {0x1187, 0xe79c9f},
    {0xae4, 0xe79ca0},
    {0x3f26, 0xe79ca1},
    {0x1a5f, 0xe79ca2},
    {0x1a62, 0xe79ca6},
    {0x3f2a, 0xe79ca7},
    {0x1144, 0xe79ca8},
    {0xfcc, 0xe79ca9},
    {0x1a61, 0xe79cad},
    {0x3f2e, 0xe79cae},
    {0xad5, 0xe79caf},
    {0x1a63, 0xe79cb5},
    {0x981, 0xe79cb6},
    {0x91b, 0xe79cb7},
    {0x1a64, 0xe79cb8},
    {0x3f34, 0xe79cb9},
    {0xe4a, 0xe79cba},
    {0x3f35, 0xe79cbb},
    {0x1004, 0xe79cbc},
    {0x1222, 0xe79d80},
    {0x1197, 0xe79d81},
    {0x3f39, 0xe79d82},
    {0x1a68, 0xe79d83},
    {0x1a67, 0xe79d87},
    {0x2684, 0xe79d8f},
    {0x1a69, 0xe79d9a},
    {0x8d5, 0xe79d9b},
    {0x24ef, 0xe79d9e},
    {0xda4, 0xe79da1},
    {0x1a6b, 0xe79da2},
    {0x5fc, 0xe79da3},
    {0x3f50, 0xe79da4},
    {0x1a6c, 0xe79da5},
    {0xb23, 0xe79da6},
    {0x3f51, 0xe79da7},
    {0x1a6a, 0xe79da8},
    {0x8af, 0xe79dab},
    {0x48e, 0xe79dac},
    {0x602, 0xe79db9},
    {0x1a6f, 0xe79dbd},
    {0x1270, 0xe79dbe},
    {0x1a6d, 0xe79dbf},
    {0x1a70, 0xe79e80},
    {0xaee, 0xe79e84},
    {0x517, 0xe79e85},
    {0x1a71, 0xe79e8c},
    {0x1a6e, 0xe79e8d},
    {0xf26, 0xe79e8e},
    {0x1a72, 0xe79e91},
    {0xa9e, 0xe79e92},
    {0x24ee, 0xe79e98},
    {0x2074, 0xe79e9e},
    {0x3f78, 0xe79ea1},
    {0x1495, 0xe79ea2},
    {0xbd2, 0xe79ea5},
    {0x3f7b, 0xe79ea6},
    {0xc43, 0xe79ea7},
    {0x3f7c, 0xe79ea8},
    {0x11f4, 0xe79ea9},
    {0x5aa, 0xe79eaa},
    {0x3f7d, 0xe79eab},
    {0xda7, 0xe79eac},
    {0x2687, 0xe79ead},
    {0x1a75, 0xe79eb0},
    {0xe5c, 0xe79eb3},
    {0x3f82, 0xe79eb4},
    {0x1a76, 0xe79eb5},
    {0x1151, 0xe79ebb},
    {0x24f0, 0xe79ebc},
    {0x1a77, 0xe79ebd},
    {0x3f88, 0xe79ebe},
    {0x1d7e, 0xe79ebf},
    {0x268d, 0xe79f87},
    {0x1397, 0xe79f8d},
    {0x526, 0xe79f97},
    {0x22a0, 0xe79f9a},
    {0xab1, 0xe79f9b},
    {0x1bca, 0xe79f9c},
    {0xd4f, 0xe79fa2},
    {0x105a, 0xe79fa3},
    {0x3fa5, 0xe79fa4},
    {0x11a9, 0xe79fa5},
    {0x3fa6, 0xe79fa6},
    {0x1b1a, 0xe79fa7},
    {0x3fa7, 0xe79fa8},
    {0x907, 0xe79fa9},
    {0x3fa8, 0xe79faa},
    {0x894, 0xe79fab},
    {0x1b1b, 0xe79fac},
    {0x60b, 0xe79fad},
    {0x3b6, 0xe79fae},
    {0x1fab, 0xe79faf},
    {0xd46, 0xe79fb3},
    {0x1a22, 0xe79fb6},
    {0x3fae, 0xe79fb7},
    {0x1a23, 0xe79fb8},
    {0xf08, 0xe79fbd},
    {0x64c, 0xe79fbe},
    {0x980, 0xe79fbf},
    {0x1a24, 0xe7a080},
    {0xa92, 0xe7a081},
    {0xce9, 0xe7a082},
    {0x1a25, 0xe7a089},
    {0xc15, 0xe7a08c},
    {0x940, 0xe7a08d},
    {0x1a28, 0xe7a091},
    {0xbb9, 0xe7a092},
    {0x3fbe, 0xe7a093},
    {0xff9, 0xe7a094},
    {0x3fbf, 0xe7a095},
    {0x1206, 0xe7a096},
    {0x3fc0, 0xe7a099},
    {0x100b, 0xe7a09a},
    {0x3fc1, 0xe7a09b},
    {0x3fc2, 0xe7a09e},
    {0x1a30, 0xe7a09f},
    {0x1a34, 0xe7a0a3},
    {0x3fc6, 0xe7a0a4},
    {0x1a32, 0xe7a0a5},
    {0x1a3a, 0xe7a0a6},
    {0x1189, 0xe7a0a7},
    {0x3fc7, 0xe7a0a8},
    {0x1a35, 0xe7a0a9},
    {0x1a33, 0xe7a0ac},
    {0x1a2a, 0xe7a0ad},
    {0xbaa, 0xe7a0b0},
    {0xbe5, 0xe7a0b4},
    {0xd22, 0xe7a0b7},
    {0x1115, 0xe7a0b8},
    {0x1a31, 0xe7a0bc},
    {0x3fd1, 0xe7a0bd},
    {0x9e4, 0xe7a0be},
    {0x3fd2, 0xe7a0bf},
    {0x524, 0xe7a180},
    {0x26a8, 0xe7a183},
    {0x3fd5, 0xe7a184},
    {0x741, 0xe7a185},
    {0x3fd6, 0xe7a186},
    {0x1a3c, 0xe7a187},
    {0x1a3d, 0xe7a18c},
    {0x3fdb, 0xe7a18d},
    {0x1a36, 0xe7a18e},
    {0x3fdc, 0xe7a18f},
    {0x1a3b, 0xe7a190},
    {0x3fdd, 0xe7a191},
    {0xf07, 0xe7a192},
    {0xdab, 0xe7a195},
    {0xf62, 0xe7a19d},
    {0x24e9, 0xe7a1a4},
    {0x24e5, 0xe7a1a8},
    {0x3fee, 0xe7a1a9},
    {0x1a3e, 0xe7a1aa},
    {0xa3b, 0xe7a1ab},
    {0x1097, 0xe7a1ac},
    {0x1a37, 0xe7a1ad},
    {0xc92, 0xe7a1ae},
    {0x21fa, 0xe7a1af},
    {0x862, 0xe7a1b7},
    {0xbb1, 0xe7a1bc},
    {0x1a42, 0xe7a287},
    {0x4004, 0xe7a288},
    {0x5d0, 0xe7a289},
    {0xa5c, 0xe7a28c},
    {0x3b8, 0xe7a28d},
    {0xdde, 0xe7a28e},
    {0x417, 0xe7a291},
    {0x4009, 0xe7a292},
    {0x1a40, 0xe7a293},
    {0xe9c, 0xe7a297},
    {0x5c3, 0xe7a298},
    {0x400d, 0xe7a299},
    {0x1a41, 0xe7a29a},
    {0x1a3f, 0xe7a29b},
    {0x1a43, 0xe7a29c},
    {0x5db, 0xe7a29f},
    {0x4010, 0xe7a2a0},
    {0x1a44, 0xe7a2a1},
    {0x4011, 0xe7a2a2},
    {0x1a45, 0xe7a2a3},
    {0x4012, 0xe7a2a4},
    {0x1a48, 0xe7a2a5},
    {0x4013, 0xe7a2a6},
    {0x435, 0xe7a2a7},
    {0x4014, 0xe7a2a8},
    {0x2148, 0xe7a2a9},
    {0x24e4, 0xe7a2ad},
    {0xbb7, 0xe7a2b0},
    {0x861, 0xe7a2b1},
    {0x1a46, 0xe7a2b2},
    {0xe0f, 0xe7a2b3},
    {0x4b1, 0xe7a2b4},
    {0x24e6, 0xe7a2b8},
    {0x1a47, 0xe7a2b9},
    {0x20f7, 0xe7a2ba},
    {0x401d, 0xe7a2bb},
    {0x206b, 0xe7a2bc},
    {0x401e, 0xe7a2bd},
    {0xb4e, 0xe7a2be},
    {0x401f, 0xe7a2bf},
    {0x4020, 0xe7a380},
    {0x548, 0xe7a381},
    {0x400, 0xe7a385},
    {0x1a4b, 0xe7a389},
    {0x9c5, 0xe7a38a},
    {0x56b, 0xe7a38b},
    {0xb8e, 0xe7a390},
    {0x1a49, 0xe7a394},
    {0x951, 0xe7a395},
    {0x1a4a, 0xe7a399},
    {0x22a7, 0xe7a39a},
    {0x24ec, 0xe7a3a3},
    {0x24eb, 0xe7a3a7},
    {0xb08, 0xe7a3a8},
    {0x1a4c, 0xe7a3ac},
    {0x24e3, 0xe7a3af},
    {0x1a4d, 0xe7a3b2},
    {0x4043, 0xe7a3b3},
    {0x1a4f, 0xe7a3b4},
    {0xa20, 0xe7a3b7},
    {0x7dc, 0xe7a3ba},
    {0x24ea, 0xe7a3bd},
    {0x404c, 0xe7a480},
    {0x889, 0xe7a481},
    {0x1a4e, 0xe7a485},
    {0x1e92, 0xe7a48e},
    {0x1a50, 0xe7a493},
    {0x1e27, 0xe7a499},
    {0x1a52, 0xe7a49e},
    {0x1a51, 0xe7a4a4},
    {0x406a, 0xe7a4a5},
    {0x1fe6, 0xe7a4a6},
    {0x24e7, 0xe7a4aa},
    {0x2012, 0xe7a4ab},
    {0x1eec, 0xe7a4ac},
    {0x24e8, 0xe7a4b1},
    {0x1a53, 0xe7a4b4},
    {0xd55, 0xe7a4ba},
    {0x19f8, 0xe7a4bb},
    {0x9dc, 0xe7a4bc},
    {0x4079, 0xe7a4bd},
    {0xd20, 0xe7a4be},
    {0x407a, 0xe7a4bf},
    {0x19f9, 0xe7a580},
    {0xc0d, 0xe7a581},
    {0x19fa, 0xe7a586},
    {0x407f, 0xe7a587},
    {0xc0c, 0xe7a588},
    {0x19fb, 0xe7a589},
    {0x19fe, 0xe7a593},
    {0x1243, 0xe7a596},
    {0x1a01, 0xe7a597},
    {0x19ff, 0xe7a59a},
    {0x1200, 0xe7a59d},
    {0xd2a, 0xe7a59e},
    {0xde3, 0xe7a59f},
    {0x1a02, 0xe7a5a0},
    {0x408d, 0xe7a5a1},
    {0x1a00, 0xe7a5a2},
    {0xf56, 0xe7a5a5},
    {0x4090, 0xe7a5a6},
    {0x1a04, 0xe7a5a7},
    {0xbd0, 0xe7a5a8},
    {0x833, 0xe7a5ad},
    {0x4095, 0xe7a5ae},
    {0x1a03, 0xe7a5af},
    {0x59c, 0xe7a5b7},
    {0x80b, 0xe7a5b8},
    {0x409d, 0xe7a5b9},
    {0x1a05, 0xe7a5ba},
    {0x130b, 0xe7a680},
    {0x8cc, 0xe7a681},
    {0xa62, 0xe7a684},
    {0x1a06, 0xe7a685},
    {0x1a07, 0xe7a68a},
    {0x1f66, 0xe7a68d},
    {0x24dc, 0xe7a68e},
    {0x69e, 0xe7a68f},
    {0x1a08, 0xe7a69a},
    {0x26a2, 0xe7a6a6},
    {0x1a09, 0xe7a6a7},
    {0x24dd, 0xe7a6aa},
    {0x200e, 0xe7a6ae},
    {0x40c5, 0xe7a6af},
    {0x24db, 0xe7a6b0},
    {0x1eb8, 0xe7a6b1},
    {0x40c6, 0xe7a6b2},
    {0x1a0a, 0xe7a6b3},
    {0x10d2, 0xe7a6b9},
    {0x1264, 0xe7a6ba},
    {0x9d6, 0xe7a6bb},
    {0x40cc, 0xe7a6bc},
    {0xc5a, 0xe7a6bd},
    {0x783, 0xe7a6be},
    {0x40cd, 0xe7a6bf},
    {0xfae, 0xe7a780},
    {0xdb2, 0xe7a781},
    {0x40ce, 0xe7a782},
    {0xe6b, 0xe7a783},
    {0x6cc, 0xe7a786},
    {0x465, 0xe7a789},
    {0x40d3, 0xe7a78a},
    {0xc6c, 0xe7a78b},
    {0x40d4, 0xe7a78c},
    {0x11d5, 0xe7a78d},
    {0x953, 0xe7a791},
    {0xaf0, 0xe7a792},
    {0x1b1d, 0xe7a795},
    {0xadd, 0xe7a798},
    {0x123f, 0xe7a79f},
    {0x1b1f, 0xe7a7a3},
    {0x4f8, 0xe7a7a4},
    {0x40e5, 0xe7a7a5},
    {0xc55, 0xe7a7a6},
    {0x1016, 0xe7a7a7},
    {0x40e6, 0xe7a7a8},
    {0x11c7, 0xe7a7a9},
    {0x40e7, 0xe7a7aa},
    {0x1b20, 0xe7a7ab},
    {0x40e8, 0xe7a7ac},
    {0x1b1e, 0xe7a7ad},
    {0x40e9, 0xe7a7ae},
    {0x812, 0xe7a7af},
    {0x4eb, 0xe7a7b0},
    {0x8a6, 0xe7a7b8},
    {0x104d, 0xe7a7bb},
    {0x40f3, 0xe7a7bc},
    {0x7f5, 0xe7a7bd},
    {0xf0e, 0xe7a880},
    {0x40f6, 0xe7a881},
    {0x1b24, 0xe7a882},
    {0x1b23, 0xe7a883},
    {0x1b21, 0xe7a886},
    {0x4f1, 0xe7a88b},
    {0x40fd, 0xe7a88c},
    {0xd0d, 0xe7a88d},
    {0xda5, 0xe7a88e},
    {0x1b26, 0xe7a894},
    {0x3e9, 0xe7a897},
    {0x11c8, 0xe7a89a},
    {0x1b25, 0xe7a89e},
    {0x410a, 0xe7a89f},
    {0x512, 0xe7a8a0},
    {0x1d8f, 0xe7a8a3},
    {0x2295, 0xe7a8ae},
    {0x1e80, 0xe7a8b1},
    {0x4119, 0xe7a8b2},
    {0xed7, 0xe7a8b3},
    {0x1b28, 0xe7a8b7},
    {0x411d, 0xe7a8b8},
    {0x1b27, 0xe7a8b9},
    {0x411e, 0xe7a8ba},
    {0x59f, 0xe7a8bb},
    {0x84d, 0xe7a8bc},
    {0x811, 0xe7a8bd},
    {0x411f, 0xe7a8be},
    {0x6e0, 0xe7a8bf},
    {0x2677, 0xe7a980},
    {0xb25, 0xe7a986},
    {0x2624, 0xe7a98c},
    {0x1f69, 0xe7a98d},
    {0x222b, 0xe7a98e},
    {0x1b29, 0xe7a991},
    {0xde0, 0xe7a997},
    {0x257f, 0xe7a9a1},
    {0x1f5b, 0xe7a9a2},
    {0x219b, 0xe7a9a9},
    {0x4140, 0xe7a9aa},
    {0x267d, 0xe7a9ab},
    {0x1b2c, 0xe7a9b0},
    {0xfd1, 0xe7a9b4},
    {0x4148, 0xe7a9b5},
    {0x8ee, 0xe7a9b6},
    {0xc6b, 0xe7a9b7},
    {0x962, 0xe7a9ba},
    {0x52c, 0xe7a9bf},
    {0x1b9c, 0xe7aa80},
    {0xe6c, 0xe7aa81},
    {0x414d, 0xe7aa82},
    {0xc51, 0xe7aa83},
    {0x114e, 0xe7aa84},
    {0x414e, 0xe7aa85},
    {0x1b9d, 0xe7aa86},
    {0x414f, 0xe7aa87},
    {0x1b9e, 0xe7aa88},
    {0xc4c, 0xe7aa8d},
    {0x102b, 0xe7aa91},
    {0x11ce, 0xe7aa92},
    {0x1b9f, 0xe7aa95},
    {0x8a2, 0xe7aa96},
    {0x533, 0xe7aa97},
    {0x8ec, 0xe7aa98},
    {0x55f, 0xe7aa9c},
    {0xee0, 0xe7aa9d},
    {0x415c, 0xe7aa9e},
    {0x96c, 0xe7aa9f},
    {0x1ba1, 0xe7aaa0},
    {0x987, 0xe7aaa5},
    {0x1ba0, 0xe7aaa6},
    {0x4161, 0xe7aaa7},
    {0x1ba3, 0xe7aaa8},
    {0x21a0, 0xe7aaa9},
    {0x2186, 0xe7aaaa},
    {0x4162, 0xe7aaab},
    {0x1ba2, 0xe7aaac},
    {0x1ba4, 0xe7aaad},
    {0x20ed, 0xe7aaae},
    {0x1ba5, 0xe7aab3},
    {0x25b9, 0xe7aab6},
    {0x1fea, 0xe7aaba},
    {0xa47, 0xe7aabf},
    {0x1ea4, 0xe7ab84},
    {0x20e1, 0xe7ab85},
    {0x4174, 0xe7ab86},
    {0x25b8, 0xe7ab87},
    {0x2260, 0xe7ab88},
    {0x4175, 0xe7ab89},
    {0x20e2, 0xe7ab8a},
    {0x9eb, 0xe7ab8b},
    {0xd91, 0xe7ab96},
    {0x115f, 0xe7ab99},
    {0x8e9, 0xe7ab9e},
    {0x8e8, 0xe7ab9f},
    {0x1163, 0xe7aba0},
    {0x92f, 0xe7aba3},
    {0x4188, 0xe7aba4},
    {0xe60, 0xe7aba5},
    {0x1b99, 0xe7aba6},
    {0x2141, 0xe7abaa},
    {0x8b0, 0xe7abad},
    {0x418e, 0xe7abae},
    {0x60a, 0xe7abaf},
    {0x1fc7, 0xe7abb6},
    {0x11f0, 0xe7abb9},
    {0x1c63, 0xe7abba},
    {0x1c64, 0xe7abbd},
    {0x4199, 0xe7abbe},
    {0x6c8, 0xe7abbf},
    {0x419d, 0xe7ac85},
    {0x3d5, 0xe7ac86},
    {0x419e, 0xe7ac87},
    {0x1c65, 0xe7ac88},
    {0x419f, 0xe7ac89},
    {0x1c69, 0xe7ac8a},
    {0xde6, 0xe7ac8b},
    {0x1c6b, 0xe7ac8f},
    {0x41a3, 0xe7ac90},
    {0xf71, 0xe7ac91},
    {0x433, 0xe7ac94},
    {0x1c68, 0xe7ac95},
    {0x1c6f, 0xe7ac99},
    {0x41a9, 0xe7ac9a},
    {0x5b2, 0xe7ac9b},
    {0x1c77, 0xe7ac9e},
    {0x41ac, 0xe7ac9f},
    {0x1c72, 0xe7aca0},
    {0x1c74, 0xe7aca4},
    {0x1c73, 0xe7aca5},
    {0x698, 0xe7aca6},
    {0x41b0, 0xe7aca7},
    {0x428, 0xe7aca8},
    {0x41b1, 0xe7aca9},
    {0x1c6e, 0xe7acaa},
    {0x1c6a, 0xe7acab},
    {0x5bb, 0xe7acac},
    {0x41b2, 0xe7acad},
    {0x1c70, 0xe7acae},
    {0x1c71, 0xe7acb1},
    {0x41b5, 0xe7acb2},
    {0x1c75, 0xe7acb3},
    {0x1c6d, 0xe7acb8},
    {0x41ba, 0xe7acb9},
    {0x856, 0xe7acba},
    {0x41bb, 0xe7acbb},
    {0xa46, 0xe7acbc},
    {0x41bc, 0xe7acbd},
    {0x1c76, 0xe7acbe},
    {0x41bd, 0xe7acbf},
    {0x1c7a, 0xe7ad85},
    {0x1e41, 0xe7ad86},
    {0x1c6c, 0xe7ad87},
    {0x41c3, 0xe7ad88},
    {0x5a9, 0xe7ad89},
    {0x41c4, 0xe7ad8a},
    {0x8bf, 0xe7ad8b},
    {0x1c7c, 0xe7ad8c},
    {0x641, 0xe7ad8f},
    {0x97d, 0xe7ad90},
    {0x11fd, 0xe7ad91},
    {0xe63, 0xe7ad92},
    {0x41c7, 0xe7ad93},
    {0x573, 0xe7ad94},
    {0x41c8, 0xe7ad95},
    {0x4a6, 0xe7ad96},
    {0x41c9, 0xe7ad97},
    {0x1c78, 0xe7ad98},
    {0x41ca, 0xe7ad99},
    {0x1c79, 0xe7ad9a},
    {0xcf1, 0xe7ad9b},
    {0x41cb, 0xe7ad9c},
    {0x1c7d, 0xe7ad9d},
    {0x1c7e, 0xe7ada0},
    {0x41ce, 0xe7ada1},
    {0x1c81, 0xe7ada2},
    {0x25e4, 0xe7ada7},
    {0x1c7f, 0xe7adae},
    {0x1c83, 0xe7adb1},
    {0x1c82, 0xe7adb2},
    {0x1c7b, 0xe7adb5},
    {0x41dd, 0xe7adb6},
    {0x977, 0xe7adb7},
    {0x41de, 0xe7adb8},
    {0x514, 0xe7adb9},
    {0x41df, 0xe7adba},
    {0x1c80, 0xe7adbb},
    {0xc26, 0xe7adbe},
    {0x41e2, 0xe7adbf},
    {0x865, 0xe7ae80},
    {0x1c8b, 0xe7ae85},
    {0x1f86, 0xe7ae8b},
    {0x41ec, 0xe7ae8c},
    {0x718, 0xe7ae8d},
    {0x1c84, 0xe7ae90},
    {0x474, 0xe7ae94},
    {0x813, 0xe7ae95},
    {0x41f2, 0xe7ae96},
    {0xdd8, 0xe7ae97},
    {0x1c8d, 0xe7ae9c},
    {0x1c89, 0xe7ae9d},
    {0x735, 0xe7aea1},
    {0x1c8e, 0xe7aea2},
    {0x1c8a, 0xe7aea8},
    {0xa88, 0xe7aea9},
    {0x1c8c, 0xe7aeaa},
    {0x1c8f, 0xe7aeab},
    {0x1c88, 0xe7aeac},
    {0x870, 0xe7aead},
    {0xf51, 0xe7aeb1},
    {0x1c90, 0xe7aeb4},
    {0x1c87, 0xe7aeb8},
    {0x1fb3, 0xe7af80},
    {0x1c92, 0xe7af81},
    {0x1eef, 0xe7af84},
    {0x420e, 0xe7af85},
    {0x120a, 0xe7af86},
    {0xbc9, 0xe7af87},
    {0x420f, 0xe7af88},
    {0x22a4, 0xe7af89},
    {0x4210, 0xe7af8a},
    {0x25e8, 0xe7af8b},
    {0x1c93, 0xe7af8c},
    {0x1c91, 0xe7af91},
    {0x4215, 0xe7af92},
    {0xa4f, 0xe7af93},
    {0x6d8, 0xe7af99},
    {0x1c95, 0xe7af9a},
    {0x1c94, 0xe7af9d},
    {0x55e, 0xe7afa1},
    {0x25e3, 0xe7afa4},
    {0x2111, 0xe7afa9},
    {0x1c98, 0xe7afaa},
    {0x9a5, 0xe7afae},
    {0x9d4, 0xe7afb1},
    {0x4229, 0xe7afb2},
    {0x25e6, 0xe7afb3},
    {0xbb2, 0xe7afb7},
    {0x1c9b, 0xe7afbc},
    {0x4231, 0xe7afbd},
    {0x1c9a, 0xe7afbe},
    {0x4232, 0xe7afbf},
    {0x25e7, 0xe7b080},
    {0x55b, 0xe7b087},
    {0x1c9e, 0xe7b08b},
    {0x1c99, 0xe7b08c},
    {0x2041, 0xe7b08d},
    {0x423c, 0xe7b08e},
    {0x1c9c, 0xe7b08f},
    {0x1c9d, 0xe7b096},
    {0x25ea, 0xe7b09e},
    {0x1c9f, 0xe7b09f},
    {0x424a, 0xe7b0a0},
    {0x1f8f, 0xe7b0a1},
    {0x424b, 0xe7b0a2},
    {0x25ec, 0xe7b0a3},
    {0x1ca1, 0xe7b0a6},
    {0x7de, 0xe7b0a7},
    {0x1ca0, 0xe7b0aa},
    {0x25eb, 0xe7b0ab},
    {0x1ca2, 0xe7b0b8},
    {0x20d0, 0xe7b0bd},
    {0x201d, 0xe7b0be},
    {0x485, 0xe7b0bf},
    {0x1ca4, 0xe7b180},
    {0x1ca3, 0xe7b181},
    {0x4260, 0xe7b182},
    {0x1ff7, 0xe7b183},
    {0x1e8d, 0xe7b18c},
    {0x821, 0xe7b18d},
    {0x25e9, 0xe7b19c},
    {0x25ee, 0xe7b19f},
    {0x203a, 0xe7b1a0},
    {0x2693, 0xe7b1a4},
    {0x25e5, 0xe7b1a9},
    {0x25ed, 0xe7b1aa},
    {0x4280, 0xe7b1ab},
    {0x2009, 0xe7b1ac},
    {0x4281, 0xe7b1ad},
    {0x2065, 0xe7b1ae},
    {0x26a3, 0xe7b1b2},
    {0xadc, 0xe7b1b3},
    {0x12f5, 0xe7b1b4},
    {0x9cb, 0xe7b1bb},
    {0x1cca, 0xe7b1bc},
    {0x122e, 0xe7b1bd},
    {0x678, 0xe7b289},
    {0x1ccc, 0xe7b291},
    {0x9ec, 0xe7b292},
    {0xbe8, 0xe7b295},
    {0x429f, 0xe7b296},
    {0x559, 0xe7b297},
    {0x1154, 0xe7b298},
    {0x1cce, 0xe7b29c},
    {0x1ccd, 0xe7b29d},
    {0x1ccf, 0xe7b29e},
    {0xdcf, 0xe7b29f},
    {0x1cd0, 0xe7b2a2},
    {0x42a5, 0xe7b2a3},
    {0x1104, 0xe7b2a4},
    {0x11df, 0xe7b2a5},
    {0x67d, 0xe7b2aa},
    {0xa01, 0xe7b2ae},
    {0xa04, 0xe7b2b1},
    {0x1cd1, 0xe7b2b2},
    {0x8db, 0xe7b2b3},
    {0x565, 0xe7b2b9},
    {0x8da, 0xe7b2be},
    {0x42b6, 0xe7b2bf},
    {0x42b7, 0xe7b380},
    {0x1cd4, 0xe7b381},
    {0x1cd9, 0xe7b385},
    {0x42bb, 0xe7b386},
    {0x1cd5, 0xe7b387},
    {0x1cd8, 0xe7b388},
    {0x42bc, 0xe7b389},
    {0x7b4, 0xe7b38a},
    {0x42bd, 0xe7b38b},
    {0x6dd, 0xe7b395},
    {0xe1a, 0xe7b396},
    {0x1cda, 0xe7b397},
    {0x42c5, 0xe7b398},
    {0x4a1, 0xe7b399},
    {0xad8, 0xe7b39c},
    {0x25f5, 0xe7b39d},
    {0x1efc, 0xe7b39e},
    {0x1126, 0xe7b39f},
    {0x944, 0xe7b3a0},
    {0x2024, 0xe7b3a7},
    {0x1cdb, 0xe7b3a8},
    {0xb75, 0xe7b3af},
    {0x269b, 0xe7b3b0},
    {0x42d4, 0xe7b3b1},
    {0x25f3, 0xe7b3b2},
    {0x42d5, 0xe7b3b3},
    {0x22d9, 0xe7b3b4},
    {0x42d6, 0xe7b3b5},
    {0x25f4, 0xe7b3b6},
    {0x42d7, 0xe7b3b7},
    {0x1ce7, 0xe7b3b8},
    {0x241b, 0xe7b3b9},
    {0x42d8, 0xe7b3ba},
    {0xf22, 0xe7b3bb},
    {0x1fc8, 0xe7b3be},
    {0x42db, 0xe7b3bf},
    {0x1f7b, 0xe7b480},
    {0x42dc, 0xe7b481},
    {0x241d, 0xe7b482},
    {0x42dd, 0xe7b483},
    {0x224c, 0xe7b484},
    {0x1f48, 0xe7b485},
    {0x241c, 0xe7b486},
    {0x20ff, 0xe7b489},
    {0xed8, 0xe7b48a},
    {0x219a, 0xe7b48b},
    {0x42de, 0xe7b48c},
    {0x2091, 0xe7b48d},
    {0x20a7, 0xe7b490},
    {0x2423, 0xe7b493},
    {0x1e9b, 0xe7b494},
    {0x2422, 0xe7b495},
    {0x42e3, 0xe7b496},
    {0x2110, 0xe7b497},
    {0x42e4, 0xe7b498},
    {0x228d, 0xe7b499},
    {0x1f71, 0xe7b49a},
    {0x1ef8, 0xe7b49b},
    {0x2421, 0xe7b49c},
    {0xdcd, 0xe7b4a0},
    {0x1ef3, 0xe7b4a1},
    {0xdec, 0xe7b4a2},
    {0x8c5, 0xe7b4a7},
    {0x122c, 0xe7b4ab},
    {0x9c6, 0xe7b4af},
    {0x21b1, 0xe7b4b0},
    {0x2426, 0xe7b4b1},
    {0x2425, 0xe7b4b2},
    {0x2120, 0xe7b4b3},
    {0x211a, 0xe7b4b9},
    {0x2424, 0xe7b4ba},
    {0x42f7, 0xe7b4bb},
    {0x2428, 0xe7b4bc},
    {0x242a, 0xe7b4bf},
    {0x2429, 0xe7b580},
    {0x42fa, 0xe7b581},
    {0x2294, 0xe7b582},
    {0x42fb, 0xe7b583},
    {0x22be, 0xe7b584},
    {0x42fc, 0xe7b585},
    {0x1e31, 0xe7b586},
    {0x242c, 0xe7b58e},
    {0x4304, 0xe7b58f},
    {0x1fb5, 0xe7b590},
    {0x242b, 0xe7b59d},
    {0x1faf, 0xe7b59e},
    {0x2068, 0xe7b5a1},
    {0x21e4, 0xe7b5a2},
    {0x1f21, 0xe7b5a6},
    {0x4316, 0xe7b5a7},
    {0x2101, 0xe7b5a8},
    {0xfc0, 0xe7b5ae},
    {0x217c, 0xe7b5b1},
    {0x214a, 0xe7b5b2},
    {0x242d, 0xe7b5b3},
    {0x1fd4, 0xe7b5b6},
    {0x1ce8, 0xe7b5b7},
    {0x4320, 0xe7b5b8},
    {0x1fd1, 0xe7b5b9},
    {0x4327, 0xe7b680},
    {0x1e33, 0xe7b681},
    {0x4328, 0xe7b682},
    {0x242f, 0xe7b683},
    {0x242e, 0xe7b686},
    {0x432b, 0xe7b687},
    {0x2430, 0xe7b688},
    {0x21db, 0xe7b689},
    {0x2158, 0xe7b68f},
    {0x1fc2, 0xe7b693},
    {0x22b9, 0xe7b69c},
    {0x433c, 0xe7b69d},
    {0x2436, 0xe7b69e},
    {0x1e8e, 0xe7b6a2},
    {0x2439, 0xe7b6a3},
    {0x1ce9, 0xe7b6a6},
    {0x21c5, 0xe7b6ab},
    {0x2437, 0xe7b6ac},
    {0x2192, 0xe7b6ad},
    {0x1cea, 0xe7b6ae},
    {0x4346, 0xe7b6af},
    {0x243a, 0xe7b6b0},
    {0x1f19, 0xe7b6b1},
    {0x218c, 0xe7b6b2},
    {0x1e40, 0xe7b6b3},
    {0x22b3, 0xe7b6b4},
    {0x205f, 0xe7b6b8},
    {0x2438, 0xe7b6b9},
    {0x2432, 0xe7b6ba},
    {0x2274, 0xe7b6bb},
    {0x434a, 0xe7b6bc},
    {0x1e9c, 0xe7b6bd},
    {0x2431, 0xe7b6be},
    {0x2085, 0xe7b6bf},
    {0x2435, 0xe7b784},
    {0x243b, 0xe7b787},
    {0x1fb7, 0xe7b78a},
    {0x2433, 0xe7b78b},
    {0x2054, 0xe7b791},
    {0x21de, 0xe7b792},
    {0x4358, 0xe7b793},
    {0x2434, 0xe7b794},
    {0x243d, 0xe7b797},
    {0x1f89, 0xe7b798},
    {0x243c, 0xe7b799},
    {0x1f6e, 0xe7b79d},
    {0x1ed8, 0xe7b79e},
    {0x435e, 0xe7b79f},
    {0x1ebf, 0xe7b7a0},
    {0x2445, 0xe7b7a1},
    {0x435f, 0xe7b7a2},
    {0x2249, 0xe7b7a3},
    {0x2441, 0xe7b7a6},
    {0x4362, 0xe7b7a7},
    {0x1e47, 0xe7b7a8},
    {0x1f56, 0xe7b7a9},
    {0x2086, 0xe7b7ac},
    {0x2196, 0xe7b7af},
    {0x4367, 0xe7b7b0},
    {0x2443, 0xe7b7b1},
    {0x243f, 0xe7b7b2},
    {0x4368, 0xe7b7b3},
    {0x2023, 0xe7b7b4},
    {0x4369, 0xe7b7b5},
    {0x2442, 0xe7b7b6},
    {0x243e, 0xe7b7b9},
    {0x436c, 0xe7b7ba},
    {0x26a6, 0xe7b7bb},
    {0x234e, 0xe7b888},
    {0x2446, 0xe7b889},
    {0x244b, 0xe7b88a},
    {0x2444, 0xe7b88b},
    {0x2427, 0xe7b890},
    {0x244c, 0xe7b891},
    {0x1f0f, 0xe7b89b},
    {0x4386, 0xe7b89c},
    {0x2447, 0xe7b89d},
    {0x2449, 0xe7b89e},
    {0x2448, 0xe7b89f},
    {0x21c2, 0xe7b8a3},
    {0x216e, 0xe7b8a7},
    {0x1f03, 0xe7b8ab},
    {0x4390, 0xe7b8ac},
    {0x244a, 0xe7b8ad},
    {0x215c, 0xe7b8ae},
    {0x22bb, 0xe7b8b1},
    {0x2450, 0xe7b8b2},
    {0x4393, 0xe7b8b3},
    {0x2694, 0xe7b8b4},
    {0x244f, 0xe7b8b5},
    {0x25f6, 0xe7b8b6},
    {0x2051, 0xe7b8b7},
    {0x4394, 0xe7b8b8},
    {0x244e, 0xe7b8b9},
    {0x4395, 0xe7b8ba},
    {0x1dfb, 0xe7b8bb},
    {0x4396, 0xe7b8bc},
    {0x22ba, 0xe7b8bd},
    {0x1f6d, 0xe7b8be},
    {0x4397, 0xe7b8bf},
    {0x4398, 0xe7b980},
    {0x64e, 0xe7b981},
    {0x2452, 0xe7b985},
    {0x2451, 0xe7b986},
    {0x1ceb, 0xe7b987},
    {0x2455, 0xe7b992},
    {0x43a6, 0xe7b993},
    {0x2289, 0xe7b994},
    {0x2116, 0xe7b995},
    {0x2454, 0xe7b99a},
    {0x20fb, 0xe7b99e},
    {0x2440, 0xe7b9a2},
    {0x2126, 0xe7b9a9},
    {0x1f61, 0xe7b9aa},
    {0x269d, 0xe7b9ab},
    {0x43b7, 0xe7b9ac},
    {0x1f8a, 0xe7b9ad},
    {0x2456, 0xe7b9ae},
    {0x2459, 0xe7b9af},
    {0x2458, 0xe7b9b0},
    {0x1fae, 0xe7b9b3},
    {0x221a, 0xe7b9b9},
    {0x1f7a, 0xe7b9bc},
    {0x244d, 0xe7b9bd},
    {0x2457, 0xe7b9be},
    {0x43c1, 0xe7b9bf},
    {0x1248, 0xe7ba82},
    {0x2453, 0xe7ba88},
    {0x43c9, 0xe7ba89},
    {0x2420, 0xe7ba8a},
    {0x43ca, 0xe7ba8b},
    {0x21df, 0xe7ba8c},
    {0x2685, 0xe7ba8d},
    {0x43cb, 0xe7ba8e},
    {0x1e6e, 0xe7ba8f},
    {0x2224, 0xe7ba93},
    {0x2670, 0xe7ba94},
    {0x43cf, 0xe7ba95},
    {0x21ba, 0xe7ba96},
    {0x43d0, 0xe7ba97},
    {0x245a, 0xe7ba98},
    {0x1cec, 0xe7ba9b},
    {0x1fff, 0xe7ba9c},
    {0x17d3, 0xe7ba9f},
    {0x8ef, 0xe7baa0},
    {0x17d4, 0xe7baa1},
    {0x7a3, 0xe7baa2},
    {0x17d5, 0xe7baa3},
    {0xf38, 0xe7baa4},
    {0x17d6, 0xe7baa5},
    {0x10ff, 0xe7baa6},
    {0x829, 0xe7baa7},
    {0x840, 0xe7baaa},
    {0xcad, 0xe7baab},
    {0xec2, 0xe7baac},
    {0x17d9, 0xe7baad},
    {0x43d5, 0xe7baae},
    {0x542, 0xe7baaf},
    {0x17da, 0xe7bab0},
    {0xced, 0xe7bab1},
    {0x6d4, 0xe7bab2},
    {0xb2c, 0xe7bab3},
    {0x43d6, 0xe7bab4},
    {0x123a, 0xe7bab5},
    {0xa81, 0xe7bab6},
    {0x674, 0xe7bab7},
    {0x11bc, 0xe7bab8},
    {0xed5, 0xe7bab9},
    {0x661, 0xe7baba},
    {0xb67, 0xe7babd},
    {0x17db, 0xe7babe},
    {0xf4c, 0xe7babf},
    {0xa00, 0xe7bb83},
    {0x1246, 0xe7bb84},
    {0xd29, 0xe7bb85},
    {0xf25, 0xe7bb86},
    {0x11ae, 0xe7bb87},
    {0x11d4, 0xe7bb88},
    {0x17df, 0xe7bb89},
    {0x3f8, 0xe7bb8a},
    {0xd15, 0xe7bb8d},
    {0x1076, 0xe7bb8e},
    {0x8dc, 0xe7bb8f},
    {0x17e2, 0xe7bb90},
    {0x3fe, 0xe7bb91},
    {0xcb9, 0xe7bb92},
    {0x8b2, 0xe7bb93},
    {0x17e3, 0xe7bb94},
    {0xca1, 0xe7bb95},
    {0x43d9, 0xe7bb96},
    {0x17e4, 0xe7bb97},
    {0x7fb, 0xe7bb98},
    {0x6f3, 0xe7bb99},
    {0xfcd, 0xe7bb9a},
    {0x17e5, 0xe7bb9b},
    {0xa8e, 0xe7bb9c},
    {0x927, 0xe7bb9d},
    {0x89b, 0xe7bb9e},
    {0xe64, 0xe7bb9f},
    {0x91d, 0xe7bba2},
    {0xfb0, 0xe7bba3},
    {0x43da, 0xe7bba4},
    {0xddc, 0xe7bba5},
    {0xe23, 0xe7bba6},
    {0x83f, 0xe7bba7},
    {0x17e8, 0xe7bba8},
    {0x81b, 0xe7bba9},
    {0xfc2, 0xe7bbaa},
    {0x17e9, 0xe7bbab},
    {0x43db, 0xe7bbac},
    {0xfc3, 0xe7bbad},
    {0x545, 0xe7bbb0},
    {0xd37, 0xe7bbb3},
    {0xebb, 0xe7bbb4},
    {0xae5, 0xe7bbb5},
    {0x17ef, 0xe7bbb6},
    {0x42a, 0xe7bbb7},
    {0x516, 0xe7bbb8},
    {0x43dc, 0xe7bbb9},
    {0x1238, 0xe7bbbc},
    {0x1161, 0xe7bbbd},
    {0x17f2, 0xe7bbbe},
    {0xa73, 0xe7bbbf},
    {0x1217, 0xe7bc80},
    {0x85d, 0xe7bc84},
    {0xaea, 0xe7bc85},
    {0x9ad, 0xe7bc86},
    {0x81c, 0xe7bc89},
    {0x43dd, 0xe7bc8a},
    {0x17ee, 0xe7bc8d},
    {0x60f, 0xe7bc8e},
    {0x17fa, 0xe7bc8f},
    {0x43de, 0xe7bc90},
    {0x7cf, 0xe7bc93},
    {0x5bf, 0xe7bc94},
    {0xa6d, 0xe7bc95},
    {0x449, 0xe7bc96},
    {0x17fd, 0xe7bc97},
    {0x10f8, 0xe7bc98},
    {0x17fe, 0xe7bc99},
    {0x6ba, 0xe7bc9a},
    {0x1800, 0xe7bc9b},
    {0x17ff, 0xe7bc9c},
    {0x689, 0xe7bc9d},
    {0x43df, 0xe7bc9e},
    {0x1801, 0xe7bc9f},
    {0x4bf, 0xe7bca0},
    {0x108c, 0xe7bca8},
    {0xdea, 0xe7bca9},
    {0xd02, 0xe7bcae},
    {0x89a, 0xe7bcb4},
    {0x1812, 0xe7bcb5},
    {0x1c5e, 0xe7bcb6},
    {0x43e0, 0xe7bcb7},
    {0x6d2, 0xe7bcb8},
    {0x43e1, 0xe7bcb9},
    {0xc8c, 0xe7bcba},
    {0x1c5f, 0xe7bd82},
    {0x43e9, 0xe7bd83},
    {0x25e2, 0xe7bd8c},
    {0x43f0, 0xe7bd8d},
    {0x269a, 0xe7bd8e},
    {0x43f1, 0xe7bd8f},
    {0x737, 0xe7bd90},
    {0xea9, 0xe7bd91},
    {0x129e, 0xe7bd94},
    {0x768, 0xe7bd95},
    {0x43f4, 0xe7bd96},
    {0xa85, 0xe7bd97},
    {0x1a81, 0xe7bd98},
    {0x43f5, 0xe7bd99},
    {0x640, 0xe7bd9a},
    {0x1a83, 0xe7bd9f},
    {0x43fa, 0xe7bda0},
    {0x1a82, 0xe7bda1},
    {0x3e0, 0xe7bda2},
    {0x1a85, 0xe7bda8},
    {0x1177, 0xe7bda9},
    {0x124c, 0xe7bdaa},
    {0x11c2, 0xe7bdae},
    {0x4403, 0xe7bdaf},
    {0x1eea, 0xe7bdb0},
    {0x1a87, 0xe7bdb1},
    {0xd87, 0xe7bdb2},
    {0x4404, 0xe7bdb3},
    {0x1a86, 0xe7bdb4},
    {0x1e2c, 0xe7bdb7},
    {0x4407, 0xe7bdb8},
    {0x1a88, 0xe7bdb9},
    {0x1a8a, 0xe7bdbe},
    {0x440c, 0xe7bdbf},
    {0x440d, 0xe7be80},
    {0x1a89, 0xe7be81},
    {0x2062, 0xe7be85},
    {0x24f1, 0xe7be86},
    {0x4411, 0xe7be87},
    {0x24f2, 0xe7be88},
    {0x4412, 0xe7be89},
    {0x101b, 0xe7be8a},
    {0x4413, 0xe7be8b},
    {0xc39, 0xe7be8c},
    {0x4414, 0xe7be8d},
    {0xac5, 0xe7be8e},
    {0x6dc, 0xe7be94},
    {0xa30, 0xe7be9a},
    {0x1cc4, 0xe7be9d},
    {0xfaa, 0xe7be9e},
    {0x1cc5, 0xe7be9f},
    {0x4421, 0xe7bea0},
    {0xf48, 0xe7bea1},
    {0xc95, 0xe7bea4},
    {0x25f2, 0xe7bea5},
    {0x4424, 0xe7bea6},
    {0x1cc6, 0xe7bea7},
    {0x4425, 0xe7bea8},
    {0x2215, 0xe7bea9},
    {0x442b, 0xe7beb1},
    {0x1cc9, 0xe7beb2},
    {0x130e, 0xe7beb8},
    {0x6f9, 0xe7beb9},
    {0x176d, 0xe7bebc},
    {0x10d5, 0xe7bebd},
    {0x4433, 0xe7bebe},
    {0x1cde, 0xe7bebf},
    {0x4434, 0xe7bf80},
    {0xedb, 0xe7bf81},
    {0x506, 0xe7bf85},
    {0x1b98, 0xe7bf8a},
    {0x443c, 0xe7bf8b},
    {0x1075, 0xe7bf8c},
    {0x443d, 0xe7bf8d},
    {0x1cdf, 0xe7bf8e},
    {0x21ae, 0xe7bf92},
    {0x4441, 0xe7bf93},
    {0xf55, 0xe7bf94},
    {0x1ce0, 0xe7bf95},
    {0xc49, 0xe7bf98},
    {0x5b5, 0xe7bf9f},
    {0x567, 0xe7bfa0},
    {0x1ce2, 0xe7bfa1},
    {0x1ce1, 0xe7bfa5},
    {0x1ce3, 0xe7bfa6},
    {0x1ce4, 0xe7bfa9},
    {0x1ce5, 0xe7bfae},
    {0x4453, 0xe7bfaf},
    {0x769, 0xe7bfb0},
    {0x3ca, 0xe7bfb1},
    {0x4454, 0xe7bfb2},
    {0x1ce6, 0xe7bfb3},
    {0x20e0, 0xe7bfb9},
    {0x445a, 0xe7bfba},
    {0x64a, 0xe7bfbb},
    {0x1074, 0xe7bfbc},
    {0x1032, 0xe88080},
    {0x9ba, 0xe88081},
    {0x445e, 0xe88082},
    {0x949, 0xe88083},
    {0x1953, 0xe88084},
    {0x1180, 0xe88085},
    {0x191a, 0xe88086},
    {0x1bd7, 0xe8808b},
    {0x637, 0xe8808c},
    {0xd98, 0xe8808d},
    {0xb30, 0xe88090},
    {0x4465, 0xe88091},
    {0x1bcb, 0xe88092},
    {0x4466, 0xe88093},
    {0x1bcc, 0xe88094},
    {0x6f6, 0xe88095},
    {0x1bcd, 0xe88096},
    {0x77b, 0xe88097},
    {0x1108, 0xe88098},
    {0x3dd, 0xe88099},
    {0x1bce, 0xe8809c},
    {0x1bcf, 0xe880a0},
    {0x446c, 0xe880a1},
    {0x1bd0, 0xe880a2},
    {0x1bd5, 0xe880a8},
    {0x1bd4, 0xe880a9},
    {0xb96, 0xe880aa},
    {0x446f, 0xe880ab},
    {0x25c2, 0xe880ac},
    {0x4470, 0xe880ad},
    {0x25c1, 0xe880ae},
    {0x1bd6, 0xe880b1},
    {0x4473, 0xe880b2},
    {0x639, 0xe880b3},
    {0x4474, 0xe880b4},
    {0x1bd8, 0xe880b5},
    {0x1035, 0xe880b6},
    {0x14b1, 0xe880b7},
    {0xdbf, 0xe880b8},
    {0x501, 0xe880bb},
    {0x4477, 0xe880bc},
    {0x583, 0xe880bd},
    {0x4478, 0xe880be},
    {0x6fb, 0xe880bf},
    {0xb57, 0xe88182},
    {0x1bd9, 0xe88183},
    {0x1bda, 0xe88186},
    {0xa0d, 0xe8818a},
    {0xa44, 0xe8818b},
    {0x11af, 0xe8818c},
    {0x1bdb, 0xe8818d},
    {0x1bdc, 0xe88192},
    {0x4484, 0xe88193},
    {0x9f3, 0xe88194},
    {0x4485, 0xe88195},
    {0x2128, 0xe88196},
    {0x4486, 0xe88197},
    {0xbd7, 0xe88198},
    {0x4487, 0xe88199},
    {0x90a, 0xe8819a},
    {0x2199, 0xe8819e},
    {0x1bdd, 0xe881a9},
    {0x552, 0xe881aa},
    {0x2017, 0xe881af},
    {0x1ea0, 0xe881b0},
    {0x1bde, 0xe881b1},
    {0x2125, 0xe881b2},
    {0x214d, 0xe881b3},
    {0x4499, 0xe881b4},
    {0x25c4, 0xe881b5},
    {0x209d, 0xe881b6},
    {0x228a, 0xe881b7},
    {0x449a, 0xe881b8},
    {0x25c3, 0xe881b9},
    {0x2179, 0xe881bd},
    {0x2038, 0xe881be},
    {0x1a1e, 0xe881bf},
    {0x1a1d, 0xe88280},
    {0xdd5, 0xe88283},
    {0x1065, 0xe88284},
    {0x2155, 0xe88285},
    {0xdb6, 0xe88286},
    {0x1179, 0xe88287},
    {0x44a0, 0xe88288},
    {0xcbd, 0xe88289},
    {0x44a1, 0xe8828a},
    {0x9ca, 0xe8828b},
    {0x814, 0xe8828c},
    {0x1971, 0xe88293},
    {0xf6f, 0xe88296},
    {0x44aa, 0xe88297},
    {0x11e1, 0xe88298},
    {0x44ab, 0xe88299},
    {0x606, 0xe8829a},
    {0x6d3, 0xe8829b},
    {0x1970, 0xe8829c},
    {0x6c9, 0xe8829d},
    {0x44ac, 0xe8829e},
    {0x196f, 0xe8829f},
    {0x4cb, 0xe882a0},
    {0x722, 0xe882a1},
    {0x11aa, 0xe882a2},
    {0x44ad, 0xe882a3},
    {0x691, 0xe882a4},
    {0x667, 0xe882a5},
    {0x85a, 0xe882a9},
    {0x65b, 0xe882aa},
    {0x1976, 0xe882ab},
    {0x44b1, 0xe882ac},
    {0x1977, 0xe882ad},
    {0x3c4, 0xe882ae},
    {0x95c, 0xe882af},
    {0x44b2, 0xe882b0},
    {0x1975, 0xe882b1},
    {0x10e2, 0xe882b2},
    {0x44b3, 0xe882b3},
    {0x1978, 0xe882b4},
    {0x1979, 0xe882b7},
    {0x66b, 0xe882ba},
    {0x44b8, 0xe882bb},
    {0x1972, 0xe882bc},
    {0x1974, 0xe882bd},
    {0xd2f, 0xe882be},
    {0x11d6, 0xe882bf},
    {0x116e, 0xe88380},
    {0xf7d, 0xe88381},
    {0x197f, 0xe88382},
    {0xec7, 0xe88383},
    {0x1980, 0xe88384},
    {0x44b9, 0xe88385},
    {0x589, 0xe88386},
    {0x41c, 0xe8838c},
    {0x1982, 0xe8838d},
    {0xdf8, 0xe8838e},
    {0xb97, 0xe88396},
    {0x1983, 0xe88397},
    {0x44c6, 0xe88398},
    {0x1981, 0xe88399},
    {0xba0, 0xe8839a},
    {0x197e, 0xe8839b},
    {0xd3b, 0xe8839c},
    {0x1985, 0xe8839d},
    {0x406, 0xe8839e},
    {0x7b1, 0xe883a1},
    {0x126d, 0xe883a4},
    {0x1bc7, 0xe883a5},
    {0x44cb, 0xe883a6},
    {0x1986, 0xe883ab},
    {0x179a, 0xe883ac},
    {0x1989, 0xe883ad},
    {0x44cc, 0xe883ae},
    {0x975, 0xe883af},
    {0x104f, 0xe883b0},
    {0x1987, 0xe883b1},
    {0x198c, 0xe883b2},
    {0x6e7, 0xe883b3},
    {0x1988, 0xe883b4},
    {0x44cd, 0xe883b5},
    {0x88b, 0xe883b6},
    {0x44ce, 0xe883b7},
    {0xfa3, 0xe883b8},
    {0x44cf, 0xe883b9},
    {0x3c2, 0xe883ba},
    {0x44d0, 0xe883bb},
    {0x198d, 0xe883bc},
    {0xb3f, 0xe883bd},
    {0x11ab, 0xe88482},
    {0x21d2, 0xe88485},
    {0x563, 0xe88486},
    {0xa9d, 0xe88489},
    {0x82c, 0xe8848a},
    {0x1123, 0xe8848f},
    {0xc09, 0xe88490},
    {0xb37, 0xe88491},
    {0x198f, 0xe88492},
    {0xb68, 0xe88493},
    {0x1309, 0xe88494},
    {0x44db, 0xe88495},
    {0x478, 0xe88496},
    {0x44dc, 0xe88497},
    {0x1994, 0xe88498},
    {0x44dd, 0xe88499},
    {0x896, 0xe8849a},
    {0x24c7, 0xe8849b},
    {0x1992, 0xe8849e},
    {0x1993, 0xe884ac},
    {0x6a7, 0xe884af},
    {0x44ef, 0xe884b0},
    {0xe82, 0xe884b1},
    {0x1995, 0xe884b2},
    {0x1991, 0xe884b6},
    {0x44f3, 0xe884b7},
    {0x9fc, 0xe884b8},
    {0x2279, 0xe884b9},
    {0xbc1, 0xe884be},
    {0x44f8, 0xe884bf},
    {0xe46, 0xe88586},
    {0x44ff, 0xe88587},
    {0x1996, 0xe88588},
    {0x4500, 0xe88589},
    {0x99b, 0xe8858a},
    {0x103f, 0xe8858b},
    {0x1997, 0xe8858c},
    {0x4501, 0xe8858d},
    {0x2123, 0xe8858e},
    {0x4502, 0xe8858f},
    {0x6aa, 0xe88590},
    {0x6a8, 0xe88591},
    {0x4503, 0xe88592},
    {0x1998, 0xe88593},
    {0xc38, 0xe88594},
    {0xea4, 0xe88595},
    {0x24c5, 0xe88596},
    {0x199d, 0xe885a0},
    {0x24c9, 0xe885a1},
    {0xf93, 0xe885a5},
    {0x2094, 0xe885a6},
    {0x19a2, 0xe885a7},
    {0x450e, 0xe885a8},
    {0x199e, 0xe885a9},
    {0x450f, 0xe885aa},
    {0x2296, 0xe885ab},
    {0x4510, 0xe885ac},
    {0x19a1, 0xe885ad},
    {0xcd4, 0xe885ae},
    {0x4511, 0xe885af},
    {0x1025, 0xe885b0},
    {0x199c, 0xe885b1},
    {0x1999, 0xe885b4},
    {0x1e77, 0xe885b8},
    {0x6b4, 0xe885b9},
    {0xf46, 0xe885ba},
    {0xb48, 0xe885bb},
    {0xe2d, 0xe885be},
    {0xe79, 0xe885bf},
    {0x3fd, 0xe88680},
    {0x4517, 0xe88681},
    {0x19a6, 0xe88682},
    {0x19a5, 0xe88688},
    {0x451d, 0xe88689},
    {0x479, 0xe8868a},
    {0x6db, 0xe8868f},
    {0x4522, 0xe88690},
    {0x19a7, 0xe88691},
    {0x455, 0xe88698},
    {0x4529, 0xe88699},
    {0x1f06, 0xe8869a},
    {0xe18, 0xe8869b},
    {0xb07, 0xe8869c},
    {0xf12, 0xe8869d},
    {0x1fa5, 0xe886a0},
    {0x19a9, 0xe886a3},
    {0x19b0, 0xe886a6},
    {0x4530, 0xe886a7},
    {0xbb3, 0xe886a8},
    {0x2099, 0xe886a9},
    {0x19aa, 0xe886aa},
    {0xcfe, 0xe886b3},
    {0x1641, 0xe886ba},
    {0x19ae, 0xe886bb},
    {0x453f, 0xe886bc},
    {0x1ead, 0xe886bd},
    {0x24c8, 0xe886be},
    {0x20a8, 0xe886bf},
    {0xe7f, 0xe88780},
    {0x19af, 0xe88781},
    {0x444, 0xe88782},
    {0x109c, 0xe88783},
    {0x1063, 0xe88786},
    {0x201f, 0xe88789},
    {0x19ad, 0xe8878a},
    {0x4544, 0xe8878b},
    {0x19ab, 0xe8878c},
    {0x20c5, 0xe8878d},
    {0x4545, 0xe8878e},
    {0x24ca, 0xe8878f},
    {0x1ff0, 0xe88798},
    {0x454e, 0xe88799},
    {0x24c6, 0xe8879a},
    {0x225d, 0xe8879f},
    {0x22de, 0xe887a0},
    {0x4e1, 0xe887a3},
    {0x1902, 0xe887a7},
    {0x202c, 0xe887a8},
    {0x4558, 0xe887a9},
    {0x1231, 0xe887aa},
    {0x4559, 0xe887ab},
    {0x1ca9, 0xe887ac},
    {0x519, 0xe887ad},
    {0x2161, 0xe887ba},
    {0x118a, 0xe887bb},
    {0x8f9, 0xe887bc},
    {0x4564, 0xe887bd},
    {0x1ca5, 0xe887be},
    {0x4565, 0xe887bf},
    {0x102f, 0xe88880},
    {0x4566, 0xe88883},
    {0x1ca8, 0xe88884},
    {0x8fa, 0xe88885},
    {0x10c4, 0xe88886},
    {0x223b, 0xe88887},
    {0x21d9, 0xe88888},
    {0x1fcb, 0xe88889},
    {0x1fc9, 0xe8888a},
    {0x4567, 0xe8888b},
    {0x1c62, 0xe88890},
    {0x456a, 0xe88891},
    {0xd7d, 0xe88892},
    {0x456b, 0xe88893},
    {0xe45, 0xe88894},
    {0x1618, 0xe8889b},
    {0xda9, 0xe8889c},
    {0x4572, 0xe8889d},
    {0xef7, 0xe8889e},
    {0x11da, 0xe8889f},
    {0x4573, 0xe888a0},
    {0x1cb0, 0xe888a8},
    {0x4578, 0xe888a9},
    {0x774, 0xe888aa},
    {0x1cb1, 0xe888ab},
    {0x3ee, 0xe888ac},
    {0x1cae, 0xe888ad},
    {0x4579, 0xe888ae},
    {0x1caf, 0xe888af},
    {0x873, 0xe888b0},
    {0x49c, 0xe888b1},
    {0x457a, 0xe888b2},
    {0x625, 0xe888b5},
    {0x477, 0xe888b6},
    {0xf3c, 0xe888b7},
    {0x1cb2, 0xe888b8},
    {0x52f, 0xe888b9},
    {0x457b, 0xe888ba},
    {0x1cb3, 0xe888bb},
    {0x1cb6, 0xe888be},
    {0x457e, 0xe888bf},
    {0x1cb7, 0xe88984},
    {0xe58, 0xe88987},
    {0x4585, 0xe88988},
    {0x1cb8, 0xe88989},
    {0x4586, 0xe8898a},
    {0x1cb9, 0xe8898b},
    {0x1cba, 0xe8898f},
    {0xdc7, 0xe88998},
    {0x1e61, 0xe88999},
    {0x1cbb, 0xe8899a},
    {0x1cbc, 0xe8899f},
    {0x25ef, 0xe889a4},
    {0x459a, 0xe889a5},
    {0x1f98, 0xe889a6},
    {0x459b, 0xe889a7},
    {0x1cbd, 0xe889a8},
    {0x25f0, 0xe889ab},
    {0x1cdc, 0xe889ae},
    {0xa05, 0xe889af},
    {0x85b, 0xe889b0},
    {0x1f88, 0xe889b1},
    {0xce4, 0xe889b2},
    {0x1007, 0xe889b3},
    {0x1771, 0xe889b4},
    {0x21f8, 0xe889b7},
    {0x45a2, 0xe889b8},
    {0x13e1, 0xe889b9},
    {0x105c, 0xe889ba},
    {0x13e2, 0xe889bd},
    {0x3b7, 0xe889be},
    {0x13e3, 0xe889bf},
    {0x8ab, 0xe88a82},
    {0x45a7, 0xe88a83},
    {0x13e7, 0xe88a84},
    {0x1278, 0xe88a88},
    {0x45ab, 0xe88a89},
    {0x13e5, 0xe88a8a},
    {0x10d8, 0xe88a8b},
    {0x45ac, 0xe88a8c},
    {0xd0f, 0xe88a8d},
    {0x13e8, 0xe88a8e},
    {0x13e4, 0xe88a8f},
    {0x45ad, 0xe88a90},
    {0x13e9, 0xe88a91},
    {0xaa7, 0xe88a92},
    {0x13ea, 0xe88a97},
    {0x13f3, 0xe88a98},
    {0x13eb, 0xe88a99},
    {0xeee, 0xe88a9c},
    {0x11a4, 0xe88a9d},
    {0x45b4, 0xe88a9e},
    {0x13fd, 0xe88a9f},
    {0x45b5, 0xe88aa0},
    {0x13fb, 0xe88aa1},
    {0x1400, 0xe88aa4},
    {0x8b7, 0xe88aa5},
    {0xa52, 0xe88aa6},
    {0x45b8, 0xe88aa7},
    {0x13e6, 0xe88aa8},
    {0x13f9, 0xe88aa9},
    {0x13fc, 0xe88aaa},
    {0x13ec, 0xe88aab},
    {0x66f, 0xe88aac},
    {0x3d0, 0xe88aad},
    {0x13f5, 0xe88aae},
    {0xf89, 0xe88aaf},
    {0x13ef, 0xe88ab0},
    {0x7bd, 0xe88ab1},
    {0x45b9, 0xe88ab2},
    {0x659, 0xe88ab3},
    {0x13fa, 0xe88ab4},
    {0x13f4, 0xe88ab7},
    {0x13ed, 0xe88ab8},
    {0xc58, 0xe88ab9},
    {0x45bc, 0xe88aba},
    {0x2322, 0xe88abb},
    {0x45bd, 0xe88abc},
    {0xfe8, 0xe88abd},
    {0x13ee, 0xe88abe},
    {0x45be, 0xe88abf},
    {0x45bf, 0xe88b80},
    {0x13f8, 0xe88b81},
    {0x13fe, 0xe88b84},
    {0xebc, 0xe88b87},
    {0x13f0, 0xe88b88},
    {0x45c4, 0xe88b89},
    {0x13f1, 0xe88b8a},
    {0x49b, 0xe88b8d},
    {0x13ff, 0xe88b8e},
    {0xdca, 0xe88b8f},
    {0x45c5, 0xe88b90},
    {0x10fa, 0xe88b91},
    {0x1409, 0xe88b92},
    {0x140d, 0xe88b93},
    {0xdf9, 0xe88b94},
    {0x1414, 0xe88b95},
    {0x45c6, 0xe88b96},
    {0xaec, 0xe88b97},
    {0x140a, 0xe88b98},
    {0x94e, 0xe88b9b},
    {0x1407, 0xe88b9c},
    {0x45c9, 0xe88b9d},
    {0x405, 0xe88b9e},
    {0x70f, 0xe88b9f},
    {0x1413, 0xe88ba0},
    {0x1401, 0xe88ba1},
    {0x45ca, 0xe88ba2},
    {0x13f2, 0xe88ba3},
    {0x1404, 0xe88ba4},
    {0xccf, 0xe88ba5},
    {0x96d, 0xe88ba6},
    {0x2336, 0xe88ba7},
    {0xcf4, 0xe88bab},
    {0x426, 0xe88baf},
    {0x45d1, 0xe88bb0},
    {0x1087, 0xe88bb1},
    {0x1408, 0xe88bb4},
    {0x1403, 0xe88bb7},
    {0x45d6, 0xe88bb8},
    {0xbda, 0xe88bb9},
    {0x45d7, 0xe88bba},
    {0x140c, 0xe88bbb},
    {0x45dc, 0xe88c80},
    {0x121f, 0xe88c81},
    {0xab4, 0xe88c82},
    {0x653, 0xe88c83},
    {0xc4e, 0xe88c84},
    {0xaae, 0xe88c85},
    {0x1410, 0xe88c86},
    {0x1406, 0xe88c87},
    {0x1419, 0xe88c88},
    {0x1402, 0xe88c89},
    {0x140b, 0xe88c8c},
    {0x45df, 0xe88c8d},
    {0x8d4, 0xe88c8e},
    {0x1405, 0xe88c8f},
    {0x45e0, 0xe88c90},
    {0x140e, 0xe88c91},
    {0x45e3, 0xe88c96},
    {0x1426, 0xe88c97},
    {0x140f, 0xe88c9a},
    {0x142e, 0xe88c9b},
    {0x1415, 0xe88c9c},
    {0x85e, 0xe88ca7},
    {0x547, 0xe88ca8},
    {0xaa8, 0xe88cab},
    {0x4ae, 0xe88cac},
    {0x1428, 0xe88cad},
    {0x45f2, 0xe88cae},
    {0x1420, 0xe88caf},
    {0x45f3, 0xe88cb0},
    {0x141d, 0xe88cb1},
    {0x45f4, 0xe88cb2},
    {0x142a, 0xe88cb3},
    {0x141c, 0xe88cb4},
    {0x1077, 0xe88cb5},
    {0x4af, 0xe88cb6},
    {0x45f5, 0xe88cb7},
    {0xcb2, 0xe88cb8},
    {0xcbe, 0xe88cb9},
    {0x1429, 0xe88cba},
    {0x45f6, 0xe88cbb},
    {0x141b, 0xe88cbc},
    {0x1425, 0xe88d80},
    {0x1423, 0xe88d83},
    {0x8d2, 0xe88d86},
    {0x1422, 0xe88d87},
    {0x45fe, 0xe88d88},
    {0x4a4, 0xe88d89},
    {0x1421, 0xe88d8f},
    {0x869, 0xe88d90},
    {0x1416, 0xe88d91},
    {0x7d9, 0xe88d92},
    {0x4604, 0xe88d93},
    {0x9de, 0xe88d94},
    {0x847, 0xe88d9a},
    {0x460a, 0xe88d9d},
    {0x141f, 0xe88d9e},
    {0x1424, 0xe88d9f},
    {0x1427, 0xe88da0},
    {0x595, 0xe88da1},
    {0x460b, 0xe88da2},
    {0xcb4, 0xe88da3},
    {0x7fc, 0xe88da4},
    {0x142c, 0xe88da5},
    {0x142b, 0xe88da6},
    {0x1090, 0xe88da7},
    {0x142d, 0xe88da8},
    {0x142f, 0xe88da9},
    {0x1431, 0xe88daa},
    {0x1078, 0xe88dab},
    {0x1430, 0xe88dac},
    {0x1030, 0xe88daf},
    {0x780, 0xe88db7},
    {0x1435, 0xe88db8},
    {0x1442, 0xe88dbb},
    {0x143d, 0xe88dbc},
    {0x1440, 0xe88dbd},
    {0x143c, 0xe88e85},
    {0xbed, 0xe88e86},
    {0x9dd, 0xe88e89},
    {0x22ab, 0xe88e8a},
    {0xce8, 0xe88e8e},
    {0x141a, 0xe88e92},
    {0x143a, 0xe88e93},
    {0x1fbf, 0xe88e96},
    {0x4626, 0xe88e97},
    {0x1443, 0xe88e98},
    {0x141e, 0xe88e9b},
    {0x143b, 0xe88e9c},
    {0x4629, 0xe88e9d},
    {0x1444, 0xe88e9e},
    {0x462a, 0xe88e9f},
    {0x1438, 0xe88ea0},
    {0x462b, 0xe88ea1},
    {0x1f7d, 0xe88ea2},
    {0x2333, 0xe88ea7},
    {0x1445, 0xe88ea8},
    {0x143f, 0xe88ea9},
    {0x1439, 0xe88eaa},
    {0xb0d, 0xe88eab},
    {0x1434, 0xe88eb0},
    {0x99e, 0xe88eb1},
    {0x9f4, 0xe88eb2},
    {0x4634, 0xe88eb5},
    {0x143e, 0xe88eb6},
    {0x806, 0xe88eb7},
    {0x1441, 0xe88eb8},
    {0x108d, 0xe88eb9},
    {0x1446, 0xe88eba},
    {0x4635, 0xe88ebb},
    {0x1447, 0xe88ebc},
    {0xaac, 0xe88ebd},
    {0x145e, 0xe88f80},
    {0x1448, 0xe88f81},
    {0x145d, 0xe88f85},
    {0x463b, 0xe88f86},
    {0x716, 0xe88f87},
    {0x904, 0xe88f8a},
    {0x463e, 0xe88f8b},
    {0x929, 0xe88f8c},
    {0x781, 0xe88f8f},
    {0x1456, 0xe88f94},
    {0x4645, 0xe88f95},
    {0x1451, 0xe88f96},
    {0x4646, 0xe88f97},
    {0x144b, 0xe88f98},
    {0x492, 0xe88f9c},
    {0x144f, 0xe88f9d},
    {0x464a, 0xe88f9e},
    {0x1457, 0xe88f9f},
    {0x46b, 0xe88fa0},
    {0x1461, 0xe88fa1},
    {0x144a, 0xe88fa5},
    {0xbef, 0xe88fa9},
    {0x145c, 0xe88faa},
    {0x1f4d, 0xe88faf},
    {0x1460, 0xe88fb0},
    {0xa2b, 0xe88fb1},
    {0x663, 0xe88fb2},
    {0x1450, 0xe88fbd},
    {0x465f, 0xe89080},
    {0x1449, 0xe89081},
    {0x4660, 0xe89082},
    {0x1459, 0xe89083},
    {0xe24, 0xe89084},
    {0x4661, 0xe89085},
    {0x1455, 0xe89086},
    {0x2334, 0xe89087},
    {0x1ff1, 0xe8908a},
    {0x144e, 0xe8908b},
    {0xacd, 0xe8908c},
    {0xbdb, 0xe8908d},
    {0xebd, 0xe8908e},
    {0x1458, 0xe8908f},
    {0x4664, 0xe89090},
    {0x1454, 0xe89091},
    {0x144d, 0xe89098},
    {0x1452, 0xe8909c},
    {0xa83, 0xe8909d},
    {0x145f, 0xe890a6},
    {0xf61, 0xe890a7},
    {0xcd3, 0xe890a8},
    {0x218b, 0xe890ac},
    {0x1472, 0xe890b1},
    {0x2349, 0xe890b5},
    {0x1453, 0xe890b8},
    {0x146c, 0xe890bc},
    {0xa8b, 0xe890bd},
    {0x146d, 0xe89186},
    {0x220b, 0xe89189},
    {0x1463, 0xe89191},
    {0x2346, 0xe89192},
    {0x11f7, 0xe89197},
    {0x4698, 0xe89198},
    {0x1465, 0xe89199},
    {0x1464, 0xe8919a},
    {0x6eb, 0xe8919b},
    {0x1462, 0xe8919c},
    {0xbee, 0xe891a1},
    {0x469d, 0xe891a2},
    {0x5ec, 0xe891a3},
    {0x2347, 0xe891a4},
    {0x469e, 0xe891a5},
    {0x2193, 0xe891a6},
    {0x146e, 0xe891a9},
    {0x46a1, 0xe891aa},
    {0x7b0, 0xe891ab},
    {0x1124, 0xe891ac},
    {0x1473, 0xe891ad},
    {0x46a2, 0xe891ae},
    {0x26a1, 0xe891af},
    {0x46a3, 0xe891b0},
    {0x553, 0xe891b1},
    {0x46a4, 0xe891b2},
    {0x1466, 0xe891b3},
    {0x46a5, 0xe891b4},
    {0x988, 0xe891b5},
    {0x146f, 0xe891b6},
    {0x1f62, 0xe891b7},
    {0x146b, 0xe891b8},
    {0x46a6, 0xe891b9},
    {0x1469, 0xe891ba},
    {0x5ba, 0xe89282},
    {0x146a, 0xe89289},
    {0x46b2, 0xe8928a},
    {0x880, 0xe8928b},
    {0x1470, 0xe8928c},
    {0x46b3, 0xe8928d},
    {0x1471, 0xe8928e},
    {0x234d, 0xe89293},
    {0x2348, 0xe89294},
    {0x1481, 0xe89297},
    {0x46ba, 0xe89298},
    {0xace, 0xe89299},
    {0xdd7, 0xe8929c},
    {0x147e, 0xe892a1},
    {0x1297, 0xe892af},
    {0xbf0, 0xe892b2},
    {0x46d0, 0xe892b3},
    {0x1480, 0xe892b4},
    {0x1195, 0xe892b8},
    {0x147f, 0xe892b9},
    {0x147c, 0xe892ba},
    {0x46d4, 0xe892bb},
    {0x1e60, 0xe892bc},
    {0x1478, 0xe892bd},
    {0x46d5, 0xe892be},
    {0x147b, 0xe892bf},
    {0x2345, 0xe89380},
    {0x1474, 0xe89381},
    {0xfb9, 0xe89384},
    {0xcb3, 0xe89389},
    {0x147a, 0xe8938a},
    {0x1f12, 0xe8938b},
    {0x46dc, 0xe8938c},
    {0x1475, 0xe8938d},
    {0x1476, 0xe89390},
    {0xde7, 0xe89391},
    {0x46df, 0xe89392},
    {0x1479, 0xe89393},
    {0x436, 0xe89396},
    {0x9a1, 0xe8939d},
    {0x46e8, 0xe8939e},
    {0x82e, 0xe8939f},
    {0x147d, 0xe893a0},
    {0x1483, 0xe893a3},
    {0x46eb, 0xe893a4},
    {0x1482, 0xe893a5},
    {0x1477, 0xe893a6},
    {0xbaf, 0xe893ac},
    {0x46f1, 0xe893ad},
    {0x2018, 0xe893ae},
    {0x2335, 0xe893af},
    {0x1487, 0xe893b0},
    {0x148e, 0xe893bc},
    {0x233c, 0xe893bd},
    {0x46fd, 0xe893be},
    {0x148d, 0xe893bf},
    {0x1484, 0xe8948c},
    {0xaf4, 0xe89491},
    {0x470e, 0xe89492},
    {0xaa2, 0xe89493},
    {0x266f, 0xe89494},
    {0x1182, 0xe89497},
    {0xec4, 0xe8949a},
    {0x2351, 0xe8949e},
    {0x1489, 0xe8949f},
    {0x4716, 0xe894a0},
    {0x493, 0xe894a1},
    {0x4717, 0xe894a2},
    {0x1fa0, 0xe894a3},
    {0x2338, 0xe894a6},
    {0xb4b, 0xe894ab},
    {0xd76, 0xe894ac},
    {0x221b, 0xe894ad},
    {0xc3b, 0xe894b7},
    {0x1486, 0xe894b8},
    {0x1488, 0xe894b9},
    {0x148a, 0xe894ba},
    {0x148c, 0xe894bb},
    {0x3b5, 0xe894bc},
    {0x437, 0xe894bd},
    {0x4729, 0xe89580},
    {0x2342, 0xe89581},
    {0x472a, 0xe89582},
    {0x1496, 0xe89583},
    {0x234f, 0xe89586},
    {0x472d, 0xe89587},
    {0x1490, 0xe89588},
    {0x887, 0xe89589},
    {0xcca, 0xe8958a},
    {0x233d, 0xe8958e},
    {0x2344, 0xe89592},
    {0x2331, 0xe89593},
    {0x4734, 0xe89594},
    {0x234b, 0xe89595},
    {0x148b, 0xe89596},
    {0x4735, 0xe89597},
    {0x233b, 0xe89598},
    {0x148f, 0xe89599},
    {0x1493, 0xe8959e},
    {0x2350, 0xe895a2},
    {0x473d, 0xe895a3},
    {0x1492, 0xe895a4},
    {0x1491, 0xe895a8},
    {0x1eb4, 0xe895a9},
    {0x21a6, 0xe895aa},
    {0x21cb, 0xe895ad},
    {0x1497, 0xe895b2},
    {0x4747, 0xe895b3},
    {0x110f, 0xe895b4},
    {0x2355, 0xe895b7},
    {0x474a, 0xe895b8},
    {0x149d, 0xe895b9},
    {0x1494, 0xe895ba},
    {0x1498, 0xe895bb},
    {0x9c4, 0xe895be},
    {0x474d, 0xe895bf},
    {0x40a, 0xe89684},
    {0x14a0, 0xe89685},
    {0x4752, 0xe89686},
    {0x149b, 0xe89687},
    {0x233e, 0xe89688},
    {0x4753, 0xe89689},
    {0x1f74, 0xe8968a},
    {0x4754, 0xe8968b},
    {0x2330, 0xe8968c},
    {0x149c, 0xe8968f},
    {0x4757, 0xe89690},
    {0x2680, 0xe89691},
    {0x20da, 0xe89694},
    {0xfcf, 0xe8969b},
    {0x149f, 0xe8969c},
    {0x234a, 0xe8969f},
    {0x1499, 0xe896a4},
    {0x4766, 0xe896a5},
    {0x1f91, 0xe896a6},
    {0x4767, 0xe896a7},
    {0x149a, 0xe896a8},
    {0x2107, 0xe896a9},
    {0xf88, 0xe896aa},
    {0x149e, 0xe896ae},
    {0xd84, 0xe896af},
    {0x14a3, 0xe896b0},
    {0x14a2, 0xe896b7},
    {0x4771, 0xe896b8},
    {0x14a1, 0xe896b9},
    {0x233f, 0xe896ba},
    {0x4777, 0xe89780},
    {0x14a5, 0xe89781},
    {0x8b6, 0xe89789},
    {0x1ff4, 0xe8978d},
    {0x2343, 0xe8978e},
    {0x49f, 0xe8978f},
    {0xaef, 0xe89790},
    {0x14a4, 0xe89793},
    {0x4784, 0xe89794},
    {0xb7b, 0xe89795},
    {0x14a6, 0xe8979c},
    {0x2212, 0xe8979d},
    {0xe2c, 0xe897a4},
    {0x2207, 0xe897a5},
    {0x647, 0xe897a9},
    {0x2359, 0xe897aa},
    {0x2254, 0xe897b4},
    {0x479d, 0xe897b5},
    {0x2332, 0xe897b6},
    {0x1e26, 0xe897b9},
    {0x2357, 0xe897ba},
    {0x1128, 0xe897bb},
    {0x14a7, 0xe897bf},
    {0x2358, 0xe89884},
    {0x14a9, 0xe89885},
    {0x2042, 0xe89886},
    {0x2153, 0xe89887},
    {0x20bb, 0xe8988b},
    {0xb05, 0xe89891},
    {0x14ab, 0xe89896},
    {0x235a, 0xe8989a},
    {0x2356, 0xe8989e},
    {0x2337, 0xe898a2},
    {0x14a8, 0xe898a7},
    {0x47c0, 0xe898a8},
    {0x14aa, 0xe898a9},
    {0x1ff9, 0xe898ad},
    {0x115b, 0xe898b8},
    {0x47ce, 0xe898b9},
    {0x2353, 0xe898ba},
    {0x47cf, 0xe898bb},
    {0x14ac, 0xe898bc},
    {0x2061, 0xe898bf},
    {0x1bf0, 0xe8998d},
    {0x7b7, 0xe8998e},
    {0xa59, 0xe8998f},
    {0xb71, 0xe89990},
    {0xa6e, 0xe89991},
    {0x1bf1, 0xe89994},
    {0x1e95, 0xe89995},
    {0xfb4, 0xe8999a},
    {0x47e5, 0xe8999b},
    {0x2049, 0xe8999c},
    {0x47e6, 0xe8999d},
    {0x10c2, 0xe8999e},
    {0x1f42, 0xe8999f},
    {0x196d, 0xe899a2},
    {0x1fe8, 0xe899a7},
    {0x50b, 0xe899ab},
    {0x1bf2, 0xe899ac},
    {0x47f0, 0xe899ad},
    {0x1bf3, 0xe899ae},
    {0xd44, 0xe899b1},
    {0x79e, 0xe899b9},
    {0x1bf5, 0xe899ba},
    {0x1bf7, 0xe899bb},
    {0x1bf6, 0xe899bc},
    {0xdd9, 0xe899bd},
    {0xf27, 0xe899be},
    {0x1bf4, 0xe899bf},
    {0xd4b, 0xe89a80},
    {0x1056, 0xe89a81},
    {0xa93, 0xe89a82},
    {0xed2, 0xe89a8a},
    {0x1bfa, 0xe89a8b},
    {0x401, 0xe89a8c},
    {0x1bf9, 0xe89a8d},
    {0x1c00, 0xe89a93},
    {0x4806, 0xe89a94},
    {0x496, 0xe89a95},
    {0xfea, 0xe89a9c},
    {0x1bfc, 0xe89a9d},
    {0x1bfe, 0xe89aa3},
    {0x112c, 0xe89aa4},
    {0x1bfd, 0xe89aa7},
    {0x1bf8, 0xe89aa8},
    {0x1c01, 0xe89aa9},
    {0x1bff, 0xe89aaa},
    {0x4814, 0xe89aab},
    {0x1bfb, 0xe89aac},
    {0x1c09, 0xe89aaf},
    {0x1c06, 0xe89ab0},
    {0x1c08, 0xe89ab1},
    {0x1c0c, 0xe89ab4},
    {0x1c04, 0xe89ab5},
    {0x1c02, 0xe89ab6},
    {0x1c07, 0xe89aba},
    {0x11fa, 0xe89b80},
    {0x1c03, 0xe89b84},
    {0x4824, 0xe89b85},
    {0xc76, 0xe89b86},
    {0xd18, 0xe89b87},
    {0x4825, 0xe89b88},
    {0x1c0a, 0xe89b89},
    {0x71f, 0xe89b8a},
    {0x591, 0xe89b8b},
    {0x1c05, 0xe89b8e},
    {0x1c0b, 0xe89b8f},
    {0x1c12, 0xe89b90},
    {0x1c18, 0xe89b91},
    {0x7ec, 0xe89b94},
    {0x1c17, 0xe89b98},
    {0xe8d, 0xe89b99},
    {0x482d, 0xe89b9a},
    {0x11ea, 0xe89b9b},
    {0x1c14, 0xe89b9e},
    {0x1c16, 0xe89b9f},
    {0x6ed, 0xe89ba4},
    {0x1c0d, 0xe89ba9},
    {0x1c10, 0xe89bad},
    {0xaa0, 0xe89bae},
    {0x483b, 0xe89baf},
    {0x117e, 0xe89bb0},
    {0x1c11, 0xe89bb3},
    {0x1c15, 0xe89bb4},
    {0x1c1b, 0xe89bb8},
    {0x10a1, 0xe89bb9},
    {0x25da, 0xe89bba},
    {0x629, 0xe89bbe},
    {0x4842, 0xe89bbf},
    {0xd88, 0xe89c80},
    {0x4843, 0xe89c81},
    {0x681, 0xe89c82},
    {0x1c19, 0xe89c83},
    {0x25d7, 0xe89c86},
    {0x1c1a, 0xe89c87},
    {0x1c1c, 0xe89c88},
    {0x1c1f, 0xe89c89},
    {0x1c1d, 0xe89c8a},
    {0x1c1e, 0xe89c8d},
    {0xffa, 0xe89c92},
    {0x1c13, 0xe89c93},
    {0x484c, 0xe89c94},
    {0xe7a, 0xe89c95},
    {0x484d, 0xe89c96},
    {0xede, 0xe89c97},
    {0x11a8, 0xe89c98},
    {0x484e, 0xe89c99},
    {0x1c25, 0xe89c9a},
    {0x484f, 0xe89c9b},
    {0xae0, 0xe89c9c},
    {0x4850, 0xe89c9d},
    {0x1c22, 0xe89c9e},
    {0x99a, 0xe89ca1},
    {0x1c2e, 0xe89ca2},
    {0x1c20, 0xe89ca3},
    {0x4853, 0xe89ca4},
    {0x1c23, 0xe89ca5},
    {0x1c2a, 0xe89ca9},
    {0x1c24, 0xe89cae},
    {0x1c29, 0xe89cb1},
    {0x1c28, 0xe89cb4},
    {0x1c2b, 0xe89cb7},
    {0x1c21, 0xe89cbb},
    {0x1c26, 0xe89cbe},
    {0x1c2c, 0xe89cbf},
    {0x1091, 0xe89d87},
    {0x1c27, 0xe89d88},
    {0x4bc, 0xe89d89},
    {0x1c34, 0xe89d8c},
    {0x486f, 0xe89d8d},
    {0xf76, 0xe89d8e},
    {0x1c37, 0xe89d93},
    {0x4874, 0xe89d94},
    {0x212e, 0xe89d95},
    {0x4875, 0xe89d96},
    {0x7dd, 0xe89d97},
    {0x4876, 0xe89d98},
    {0x1c3b, 0xe89d99},
    {0x1c32, 0xe89da0},
    {0x1c38, 0xe89da3},
    {0x1c3a, 0xe89da4},
    {0x1c3c, 0xe89da5},
    {0x21b2, 0xe89da6},
    {0x1c35, 0xe89dae},
    {0x4886, 0xe89daf},
    {0x1c33, 0xe89db0},
    {0x7b2, 0xe89db4},
    {0x488a, 0xe89db5},
    {0x5dc, 0xe89db6},
    {0x488b, 0xe89db7},
    {0x219e, 0xe89db8},
    {0x1c31, 0xe89dbb},
    {0x1c39, 0xe89dbc},
    {0x488e, 0xe89dbf},
    {0x1c2d, 0xe89e82},
    {0x1c46, 0xe89e83},
    {0x25dc, 0xe89e84},
    {0x1c43, 0xe89e85},
    {0x1c42, 0xe89e88},
    {0x1c36, 0xe89e8b},
    {0x4895, 0xe89e8c},
    {0xcb5, 0xe89e8d},
    {0x1c3d, 0xe89e93},
    {0x1c45, 0xe89e97},
    {0x206c, 0xe89e9e},
    {0xafd, 0xe89e9f},
    {0x2226, 0xe89ea2},
    {0x1c3f, 0xe89ea8},
    {0x1c47, 0xe89eab},
    {0x1c49, 0xe89eac},
    {0x1c44, 0xe89ead},
    {0x48ad, 0xe89eae},
    {0x1c3e, 0xe89eaf},
    {0x1c4b, 0xe89eb3},
    {0x48b1, 0xe89eb4},
    {0x1c4a, 0xe89eb5},
    {0xa84, 0xe89eba},
    {0x25e0, 0xe89ebb},
    {0x48b6, 0xe89ebc},
    {0x1c4e, 0xe89ebd},
    {0x1c50, 0xe89f80},
    {0x227b, 0xe89f84},
    {0x48bc, 0xe89f85},
    {0x1c41, 0xe89f86},
    {0x48bd, 0xe89f87},
    {0x25de, 0xe89f88},
    {0x48be, 0xe89f89},
    {0x1c51, 0xe89f8a},
    {0x1c4c, 0xe89f8b},
    {0x25e1, 0xe89f8e},
    {0x1c4f, 0xe89f91},
    {0x1c40, 0xe89f92},
    {0x1c4d, 0xe89f93},
    {0x1c52, 0xe89f9b},
    {0x1c54, 0xe89fa0},
    {0x25d5, 0xe89fa3},
    {0x48d0, 0xe89fa4},
    {0x1c48, 0xe89fa5},
    {0x1c53, 0xe89faa},
    {0x48d5, 0xe89fab},
    {0x1e6b, 0xe89fac},
    {0x48d6, 0xe89fad},
    {0x1c55, 0xe89fae},
    {0x25db, 0xe89faf},
    {0x1e89, 0xe89fb2},
    {0x25d9, 0xe89fb6},
    {0xf82, 0xe89fb9},
    {0x48de, 0xe89fba},
    {0x2211, 0xe89fbb},
    {0x1c58, 0xe89fbe},
    {0x48e1, 0xe89fbf},
    {0x130d, 0xe8a083},
    {0x48e5, 0xe8a084},
    {0x2229, 0xe8a085},
    {0x25d6, 0xe8a086},
    {0x1c59, 0xe8a08a},
    {0x25dd, 0xe8a090},
    {0x25df, 0xe8a091},
    {0x48ee, 0xe8a092},
    {0x1c57, 0xe8a093},
    {0x48ef, 0xe8a094},
    {0xcbf, 0xe8a095},
    {0x1c56, 0xe8a096},
    {0x1c5a, 0xe8a09b},
    {0x1fef, 0xe8a09f},
    {0x48f7, 0xe8a0a0},
    {0x1c5b, 0xe8a0a1},
    {0x543, 0xe8a0a2},
    {0x25d8, 0xe8a0a3},
    {0x1f29, 0xe8a0b1},
    {0x1a8d, 0xe8a0b2},
    {0x1e5b, 0xe8a0b6},
    {0x1c5c, 0xe8a0b9},
    {0x490a, 0xe8a0ba},
    {0x2076, 0xe8a0bb},
    {0x1c5d, 0xe8a0bc},
    {0xfd3, 0xe8a180},
    {0x1caa, 0xe8a184},
    {0xf91, 0xe8a185},
    {0x2297, 0xe8a186},
    {0x2690, 0xe8a18a},
    {0x4914, 0xe8a18b},
    {0xf9b, 0xe8a18c},
    {0x1005, 0xe8a18d},
    {0x213f, 0xe8a193},
    {0xf3b, 0xe8a194},
    {0x8a7, 0xe8a197},
    {0x491c, 0xe8a198},
    {0xfec, 0xe8a199},
    {0x491d, 0xe8a19a},
    {0x2198, 0xe8a19b},
    {0x491e, 0xe8a19c},
    {0x1e88, 0xe8a19d},
    {0x799, 0xe8a1a1},
    {0x15ed, 0xe8a1a2},
    {0x1049, 0xe8a1a3},
    {0x1ba6, 0xe8a1a4},
    {0x480, 0xe8a1a5},
    {0x456, 0xe8a1a8},
    {0x1ba7, 0xe8a1a9},
    {0x4924, 0xe8a1aa},
    {0xcf9, 0xe8a1ab},
    {0x4e9, 0xe8a1ac},
    {0x4925, 0xe8a1ad},
    {0x1306, 0xe8a1ae},
    {0x4926, 0xe8a1af},
    {0xd9a, 0xe8a1b0},
    {0x4927, 0xe8a1b1},
    {0x1ba8, 0xe8a1b2},
    {0x11d3, 0xe8a1b7},
    {0x492c, 0xe8a1b8},
    {0x228c, 0xe8a1b9},
    {0x1ba9, 0xe8a1bd},
    {0x1cbe, 0xe8a1be},
    {0x1baa, 0xe8a1bf},
    {0x4930, 0xe8a280},
    {0x10ef, 0xe8a281},
    {0x1bab, 0xe8a282},
    {0x4931, 0xe8a283},
    {0x3cb, 0xe8a284},
    {0x1cbf, 0xe8a285},
    {0x1cc0, 0xe8a288},
    {0x57f, 0xe8a28b},
    {0x4936, 0xe8a28c},
    {0xb9c, 0xe8a28d},
    {0xe0e, 0xe8a292},
    {0xfaf, 0xe8a296},
    {0xe91, 0xe8a29c},
    {0x1bac, 0xe8a2a2},
    {0x4948, 0xe8a2a3},
    {0x1307, 0xe8a2a4},
    {0x424, 0xe8a2ab},
    {0x494f, 0xe8a2ac},
    {0xf1b, 0xe8a2ad},
    {0x69f, 0xe8a2b1},
    {0x1bae, 0xe8a2b7},
    {0x1baf, 0xe8a2bc},
    {0x495f, 0xe8a380},
    {0x48a, 0xe8a381},
    {0xa1a, 0xe8a382},
    {0x120d, 0xe8a385},
    {0x1bad, 0xe8a386},
    {0x1bb0, 0xe8a389},
    {0x25f1, 0xe8a38a},
    {0x1bb2, 0xe8a38e},
    {0x200c, 0xe8a38f},
    {0x130a, 0xe8a392},
    {0x4969, 0xe8a393},
    {0x1068, 0xe8a394},
    {0x10e6, 0xe8a395},
    {0x1cc1, 0xe8a398},
    {0xc94, 0xe8a399},
    {0x1e58, 0xe8a39c},
    {0x22ac, 0xe8a39d},
    {0x496e, 0xe8a39e},
    {0x1cc2, 0xe8a39f},
    {0x1bb1, 0xe8a3a2},
    {0x1bb3, 0xe8a3a3},
    {0x970, 0xe8a3a4},
    {0x1bb4, 0xe8a3a5},
    {0x1bb8, 0xe8a3a8},
    {0x1bba, 0xe8a3b0},
    {0x1bb5, 0xe8a3b1},
    {0x497a, 0xe8a3b2},
    {0xd0a, 0xe8a3b3},
    {0xba2, 0xe8a3b4},
    {0xa8a, 0xe8a3b8},
    {0x755, 0xe8a3b9},
    {0x1bb7, 0xe8a3bc},
    {0x26a7, 0xe8a3bd},
    {0x1bb9, 0xe8a3be},
    {0x4980, 0xe8a3bf},
    {0x72c, 0xe8a482},
    {0x2676, 0xe8a487},
    {0x1bbf, 0xe8a48a},
    {0x78d, 0xe8a490},
    {0x498e, 0xe8a491},
    {0x408, 0xe8a492},
    {0x1bbd, 0xe8a493},
    {0x1bbc, 0xe8a499},
    {0x1bb6, 0xe8a49a},
    {0x1bbe, 0xe8a49b},
    {0x1bbb, 0xe8a4a1},
    {0xcc7, 0xe8a4a5},
    {0xe7b, 0xe8a4aa},
    {0x1bc1, 0xe8a4ab},
    {0x1739, 0xe8a4b0},
    {0x49a4, 0xe8a4b1},
    {0x1fe1, 0xe8a4b2},
    {0x25bb, 0xe8a4b3},
    {0x1bc0, 0xe8a4b4},
    {0x49a5, 0xe8a4b5},
    {0x1bc2, 0xe8a4b6},
    {0x49a6, 0xe8a4b7},
    {0x25be, 0xe8a4b8},
    {0x22dd, 0xe8a4bb},
    {0x49ad, 0xe8a580},
    {0x1bc3, 0xe8a581},
    {0xf52, 0xe8a584},
    {0x25bd, 0xe8a587},
    {0x1e2a, 0xe8a596},
    {0x25bc, 0xe8a59d},
    {0x1cc3, 0xe8a59e},
    {0x8c4, 0xe8a59f},
    {0x25ba, 0xe8a5a0},
    {0x25bf, 0xe8a5a4},
    {0x49c9, 0xe8a5a5},
    {0x1bc4, 0xe8a5a6},
    {0x2187, 0xe8a5aa},
    {0x49cd, 0xe8a5ab},
    {0x266b, 0xe8a5ac},
    {0x1e7f, 0xe8a5af},
    {0x21ad, 0xe8a5b2},
    {0x1bc5, 0xe8a5bb},
    {0xf06, 0xe8a5bf},
    {0x49dd, 0xe8a680},
    {0x1031, 0xe8a681},
    {0x49de, 0xe8a682},
    {0x1bdf, 0xe8a683},
    {0x6ad, 0xe8a686},
    {0x1f96, 0xe8a68b},
    {0x1f32, 0xe8a68f},
    {0x2084, 0xe8a693},
    {0x2136, 0xe8a696},
    {0x49ed, 0xe8a697},
    {0x24b8, 0xe8a698},
    {0x24ba, 0xe8a6a1},
    {0x24bc, 0xe8a6a6},
    {0x20e4, 0xe8a6aa},
    {0x49fd, 0xe8a6ab},
    {0x24b9, 0xe8a6ac},
    {0x24bd, 0xe8a6af},
    {0x24be, 0xe8a6b2},
    {0x24bf, 0xe8a6b7},
    {0x1fd2, 0xe8a6ba},
    {0x1ffd, 0xe8a6bd},
    {0x4a0a, 0xe8a6be},
    {0x24bb, 0xe8a6bf},
    {0x1f2d, 0xe8a780},
    {0x86e, 0xe8a781},
    {0x734, 0xe8a782},
    {0x4a0b, 0xe8a783},
    {0x73f, 0xe8a784},
    {0xade, 0xe8a785},
    {0xd6a, 0xe8a786},
    {0x193a, 0xe8a787},
    {0x9ab, 0xe8a788},
    {0x924, 0xe8a789},
    {0x4a0c, 0xe8a78d},
    {0x898, 0xe8a792},
    {0x1d57, 0xe8a796},
    {0x1d59, 0xe8a79a},
    {0x4a13, 0xe8a79b},
    {0x1d5a, 0xe8a79c},
    {0x4a14, 0xe8a79d},
    {0x1d58, 0xe8a79e},
    {0x8b3, 0xe8a7a3},
    {0x4a19, 0xe8a7a4},
    {0x1d5b, 0xe8a7a5},
    {0x528, 0xe8a7a6},
    {0x1d5c, 0xe8a7ab},
    {0x1d5d, 0xe8a7af},
    {0x19c0, 0xe8a7b3},
    {0x2609, 0xe8a7b4},
    {0x4a24, 0xe8a7b5},
    {0x260a, 0xe8a7b6},
    {0x4a25, 0xe8a7b7},
    {0x1e94, 0xe8a7b8},
    {0xffd, 0xe8a880},
    {0x22df, 0xe8a881},
    {0x1ecb, 0xe8a882},
    {0x1f0d, 0xe8a883},
    {0x12fe, 0xe8a887},
    {0x1f77, 0xe8a888},
    {0x4a30, 0xe8a889},
    {0x21eb, 0xe8a88a},
    {0x4a31, 0xe8a88b},
    {0x22e1, 0xe8a88c},
    {0x4a32, 0xe8a88d},
    {0x216f, 0xe8a88e},
    {0x4a33, 0xe8a88f},
    {0x22e0, 0xe8a890},
    {0x21ea, 0xe8a893},
    {0x4a36, 0xe8a894},
    {0x22e2, 0xe8a895},
    {0x20cb, 0xe8a896},
    {0x4a37, 0xe8a897},
    {0x1f78, 0xe8a898},
    {0x1ee2, 0xe8a89b},
    {0x4a3a, 0xe8a89c},
    {0x21f2, 0xe8a89d},
    {0x4a3b, 0xe8a89e},
    {0x2150, 0xe8a89f},
    {0x1fd3, 0xe8a8a3},
    {0x4a3f, 0xe8a8a4},
    {0x22e5, 0xe8a8a5},
    {0x1ef2, 0xe8a8aa},
    {0x211f, 0xe8a8ad},
    {0x21dd, 0xe8a8b1},
    {0x2154, 0xe8a8b4},
    {0x4a4b, 0xe8a8b5},
    {0x22e7, 0xe8a8b6},
    {0x2282, 0xe8a8ba},
    {0x1d5e, 0xe8a8be},
    {0x4a52, 0xe8a8bf},
    {0x4a53, 0xe8a980},
    {0x22e6, 0xe8a981},
    {0x22e8, 0xe8a986},
    {0x4a58, 0xe8a987},
    {0x1a84, 0xe8a988},
    {0x22e4, 0xe8a98e},
    {0x4a5e, 0xe8a98f},
    {0x226a, 0xe8a990},
    {0x4a5f, 0xe8a991},
    {0x22eb, 0xe8a992},
    {0x4a60, 0xe8a993},
    {0x22e9, 0xe8a994},
    {0x20bd, 0xe8a995},
    {0x22ea, 0xe8a998},
    {0x22bd, 0xe8a99b},
    {0x1e9e, 0xe8a99e},
    {0x22f6, 0xe8a9a1},
    {0x21e7, 0xe8a9a2},
    {0x2216, 0xe8a9a3},
    {0x2137, 0xe8a9a6},
    {0x212c, 0xe8a9a9},
    {0x4a6d, 0xe8a9aa},
    {0x1e68, 0xe8a9ab},
    {0x22f2, 0xe8a9ac},
    {0x1f37, 0xe8a9ad},
    {0x22f3, 0xe8a9ae},
    {0x4a6e, 0xe8a9af},
    {0x22ef, 0xe8a9b0},
    {0x1f50, 0xe8a9b1},
    {0x1f10, 0xe8a9b2},
    {0x21c8, 0xe8a9b3},
    {0x4a6f, 0xe8a9b4},
    {0x22f1, 0xe8a9b5},
    {0x1153, 0xe8a9b9},
    {0x22f0, 0xe8a9bc},
    {0x22ee, 0xe8a9bf},
    {0x22ed, 0xe8aa84},
    {0x229e, 0xe8aa85},
    {0x22ec, 0xe8aa86},
    {0x1fe2, 0xe8aa87},
    {0x4a7b, 0xe8aa88},
    {0x10e3, 0xe8aa89},
    {0xe2f, 0xe8aa8a},
    {0x20fe, 0xe8aa8d},
    {0xd5b, 0xe8aa93},
    {0x4a81, 0xe8aa94},
    {0x1eaf, 0xe8aa95},
    {0x2236, 0xe8aa98},
    {0x4a84, 0xe8aa99},
    {0x22f7, 0xe8aa9a},
    {0x223d, 0xe8aa9e},
    {0x4a88, 0xe8aa9f},
    {0x1e82, 0xe8aaa0},
    {0x1fb6, 0xe8aaa1},
    {0x4a89, 0xe8aaa2},
    {0x21a4, 0xe8aaa3},
    {0x21aa, 0xe8aaa4},
    {0x22f8, 0xe8aaa5},
    {0x2151, 0xe8aaa6},
    {0x4a8a, 0xe8aaa7},
    {0x1f60, 0xe8aaa8},
    {0x2147, 0xe8aaac},
    {0x2145, 0xe8aab0},
    {0x4a91, 0xe8aab1},
    {0x1fdc, 0xe8aab2},
    {0x2301, 0xe8aab6},
    {0x1ef5, 0xe8aab9},
    {0x2218, 0xe8aabc},
    {0x1ec6, 0xe8aabf},
    {0x2300, 0xe8ab82},
    {0x4a9d, 0xe8ab83},
    {0x22b4, 0xe8ab84},
    {0x2169, 0xe8ab87},
    {0x4aa0, 0xe8ab88},
    {0x22fd, 0xe8ab89},
    {0x4aa1, 0xe8ab8a},
    {0x20ea, 0xe8ab8b},
    {0x4aa2, 0xe8ab8c},
    {0x22f4, 0xe8ab8d},
    {0x4aa3, 0xe8ab8e},
    {0x22fb, 0xe8ab8f},
    {0x4aa4, 0xe8ab90},
    {0x22fc, 0xe8ab91},
    {0x2027, 0xe8ab92},
    {0x2060, 0xe8ab96},
    {0x22ff, 0xe8ab97},
    {0x22fe, 0xe8ab9b},
    {0x1ec7, 0xe8ab9c},
    {0x4aab, 0xe8ab9d},
    {0x230c, 0xe8ab9e},
    {0x22f5, 0xe8aba2},
    {0x4aaf, 0xe8aba3},
    {0x2306, 0xe8aba4},
    {0x4ab0, 0xe8aba5},
    {0x230a, 0xe8aba6},
    {0x21d3, 0xe8aba7},
    {0x2303, 0xe8abab},
    {0x4ab4, 0xe8abac},
    {0x2307, 0xe8abad},
    {0x230b, 0xe8abae},
    {0x1f5f, 0xe8abb1},
    {0x4ab7, 0xe8abb2},
    {0x2309, 0xe8abb3},
    {0x2302, 0xe8abb6},
    {0x1f04, 0xe8abb7},
    {0x229d, 0xe8abb8},
    {0x4aba, 0xe8abb9},
    {0x21fb, 0xe8abba},
    {0x4abb, 0xe8abbb},
    {0x2308, 0xe8abbc},
    {0x4abc, 0xe8abbd},
    {0x20ac, 0xe8abbe},
    {0x4abd, 0xe8abbf},
    {0x208e, 0xe8ac80},
    {0x2305, 0xe8ac81},
    {0x2197, 0xe8ac82},
    {0x4abe, 0xe8ac83},
    {0x2171, 0xe8ac84},
    {0x2298, 0xe8ac85},
    {0x4abf, 0xe8ac86},
    {0x173c, 0xe8ac87},
    {0x1f57, 0xe8ac8a},
    {0x2082, 0xe8ac8e},
    {0x4ac5, 0xe8ac8f},
    {0x2311, 0xe8ac90},
    {0x2304, 0xe8ac94},
    {0x4ac9, 0xe8ac95},
    {0x230f, 0xe8ac96},
    {0x1e35, 0xe8ac97},
    {0x4aca, 0xe8ac98},
    {0x20d1, 0xe8ac99},
    {0x2310, 0xe8ac9a},
    {0x1fa3, 0xe8ac9b},
    {0x4acb, 0xe8ac9c},
    {0x21d6, 0xe8ac9d},
    {0x2206, 0xe8aca1},
    {0x1d5f, 0xe8aca6},
    {0x4ad3, 0xe8aca7},
    {0x230d, 0xe8aca8},
    {0x2312, 0xe8acab},
    {0x208d, 0xe8acac},
    {0x2313, 0xe8acad},
    {0x22e3, 0xe8acb3},
    {0x1fba, 0xe8acb9},
    {0x2078, 0xe8acbe},
    {0x4ae4, 0xe8acbf},
    {0x2288, 0xe8ad89},
    {0x2316, 0xe8ad8e},
    {0x1f6b, 0xe8ad8f},
    {0x2314, 0xe8ad96},
    {0x4af8, 0xe8ad97},
    {0x2130, 0xe8ad98},
    {0x2315, 0xe8ad99},
    {0x2168, 0xe8ad9a},
    {0x4af9, 0xe8ad9b},
    {0x20c4, 0xe8ad9c},
    {0x8de, 0xe8ada6},
    {0x2318, 0xe8adab},
    {0xbc8, 0xe8adac},
    {0x2219, 0xe8adaf},
    {0x2217, 0xe8adb0},
    {0x20d5, 0xe8adb4},
    {0x1f4a, 0xe8adb7},
    {0x2240, 0xe8adbd},
    {0x1ed3, 0xe8ae80},
    {0x1e49, 0xe8ae8a},
    {0x261b, 0xe8ae8e},
    {0x1e6d, 0xe8ae92},
    {0x20f8, 0xe8ae93},
    {0x4b24, 0xe8ae94},
    {0x1ffb, 0xe8ae95},
    {0x2319, 0xe8ae96},
    {0x230e, 0xe8ae9c},
    {0x4b2a, 0xe8ae9d},
    {0x2317, 0xe8ae9e},
    {0x4b2b, 0xe8ae9f},
    {0x1317, 0xe8aea0},
    {0x839, 0xe8aea1},
    {0x5e8, 0xe8aea2},
    {0x6b7, 0xe8aea3},
    {0xcaa, 0xe8aea4},
    {0x818, 0xe8aea5},
    {0xe29, 0xe8aea8},
    {0xc9e, 0xe8aea9},
    {0x131a, 0xe8aeaa},
    {0xc1c, 0xe8aeab},
    {0x4b2c, 0xe8aeac},
    {0xfde, 0xe8aead},
    {0x1070, 0xe8aeae},
    {0xfdf, 0xe8aeaf},
    {0x83a, 0xe8aeb0},
    {0x4b2d, 0xe8aeb1},
    {0x883, 0xe8aeb2},
    {0x7f9, 0xe8aeb3},
    {0xff1, 0xe8aeb6},
    {0x131d, 0xe8aeb7},
    {0xfb8, 0xe8aeb8},
    {0x62e, 0xe8aeb9},
    {0xa82, 0xe8aeba},
    {0x4b2e, 0xe8aebb},
    {0xdc4, 0xe8aebc},
    {0x68a, 0xe8aebd},
    {0xd21, 0xe8aebe},
    {0x660, 0xe8aebf},
    {0x926, 0xe8af80},
    {0x11a3, 0xe8af81},
    {0xbdf, 0xe8af84},
    {0x1244, 0xe8af85},
    {0xd4d, 0xe8af86},
    {0x4b2f, 0xe8af87},
    {0x114a, 0xe8af88},
    {0xdd4, 0xe8af89},
    {0x1190, 0xe8af8a},
    {0x1320, 0xe8af8b},
    {0x11de, 0xe8af8c},
    {0x54d, 0xe8af8d},
    {0x1322, 0xe8af8e},
    {0x1321, 0xe8af8f},
    {0x4b30, 0xe8af90},
    {0x1072, 0xe8af91},
    {0xd6b, 0xe8af95},
    {0x1326, 0xe8af96},
    {0xd42, 0xe8af97},
    {0x4f4, 0xe8af9a},
    {0x11ee, 0xe8af9b},
    {0x1329, 0xe8af9c},
    {0x7c5, 0xe8af9d},
    {0x58f, 0xe8af9e},
    {0x747, 0xe8afa1},
    {0xfd8, 0xe8afa2},
    {0x106f, 0xe8afa3},
    {0x132c, 0xe8afa4},
    {0x6be, 0xe8afa5},
    {0xf57, 0xe8afa6},
    {0x4b6, 0xe8afa7},
    {0x4b31, 0xe8afaa},
    {0x8bc, 0xe8afab},
    {0xeeb, 0xe8afac},
    {0x10d4, 0xe8afad},
    {0x132f, 0xe8afae},
    {0xf02, 0xe8afaf},
    {0x1330, 0xe8afb0},
    {0x10ba, 0xe8afb1},
    {0x7fa, 0xe8afb2},
    {0x1331, 0xe8afb3},
    {0xdaa, 0xe8afb4},
    {0xdc5, 0xe8afb5},
    {0x1332, 0xe8afb6},
    {0xc68, 0xe8afb7},
    {0x11ed, 0xe8afb8},
    {0x1333, 0xe8afb9},
    {0xb76, 0xe8afba},
    {0x600, 0xe8afbb},
    {0x1334, 0xe8afbc},
    {0x669, 0xe8afbd},
    {0x95b, 0xe8afbe},
    {0x1335, 0xe8afbf},
    {0x1336, 0xe8b080},
    {0xda2, 0xe8b081},
    {0x1337, 0xe8b082},
    {0x5d8, 0xe8b083},
    {0x1338, 0xe8b084},
    {0xa0b, 0xe8b085},
    {0x1218, 0xe8b086},
    {0x1339, 0xe8b087},
    {0xe0b, 0xe8b088},
    {0x4b32, 0xe8b089},
    {0x1071, 0xe8b08a},
    {0xb14, 0xe8b08b},
    {0x133a, 0xe8b08c},
    {0x5de, 0xe8b08d},
    {0x7e6, 0xe8b08e},
    {0x133b, 0xe8b08f},
    {0xf7e, 0xe8b090},
    {0xecc, 0xe8b093},
    {0x4be, 0xe8b097},
    {0x1343, 0xe8b098},
    {0x1341, 0xe8b099},
    {0x1011, 0xe8b09a},
    {0x1342, 0xe8b09b},
    {0xada, 0xe8b09c},
    {0x1344, 0xe8b09d},
    {0x4b33, 0xe8b09e},
    {0xf86, 0xe8b0a2},
    {0x102c, 0xe8b0a3},
    {0x404, 0xe8b0a4},
    {0x1348, 0xe8b0a5},
    {0xc28, 0xe8b0a6},
    {0x1349, 0xe8b0a7},
    {0x8c8, 0xe8b0a8},
    {0xaa6, 0xe8b0a9},
    {0xb02, 0xe8b0ac},
    {0xe0a, 0xe8b0ad},
    {0x9a9, 0xe8b0b0},
    {0xbf6, 0xe8b0b1},
    {0xc31, 0xe8b0b4},
    {0x721, 0xe8b0b7},
    {0x4b3c, 0xe8b180},
    {0x802, 0xe8b181},
    {0x5f8, 0xe8b186},
    {0x1cf6, 0xe8b187},
    {0x20c8, 0xe8b188},
    {0x1cf7, 0xe8b189},
    {0xe94, 0xe8b18c},
    {0x1efd, 0xe8b190},
    {0x1d15, 0xe8b195},
    {0x1990, 0xe8b19a},
    {0xf60, 0xe8b1a1},
    {0x7d4, 0xe8b1a2},
    {0x777, 0xe8b1aa},
    {0x10e8, 0xe8b1ab},
    {0x15dd, 0xe8b1b3},
    {0x1d50, 0xe8b1b8},
    {0x413, 0xe8b1b9},
    {0x4b9, 0xe8b1ba},
    {0x1d51, 0xe8b282},
    {0x1d53, 0xe8b285},
    {0x788, 0xe8b289},
    {0x1d52, 0xe8b28a},
    {0x4b72, 0xe8b28b},
    {0xab7, 0xe8b28c},
    {0x1d55, 0xe8b294},
    {0x1d54, 0xe8b298},
    {0x1e3b, 0xe8b29d},
    {0x227f, 0xe8b29e},
    {0x4b81, 0xe8b29f},
    {0x1f0c, 0xe8b2a0},
    {0x1e59, 0xe8b2a1},
    {0x1f24, 0xe8b2a2},
    {0x20ba, 0xe8b2a7},
    {0x1f65, 0xe8b2a8},
    {0x1ef0, 0xe8b2a9},
    {0x2164, 0xe8b2aa},
    {0x1f30, 0xe8b2ab},
    {0x2261, 0xe8b2ac},
    {0x22a2, 0xe8b2af},
    {0x24ab, 0xe8b2b0},
    {0x4b88, 0xe8b2b1},
    {0x24af, 0xe8b2b2},
    {0x1ee8, 0xe8b2b3},
    {0x1f39, 0xe8b2b4},
    {0x4b89, 0xe8b2b5},
    {0x1e48, 0xe8b2b6},
    {0x2070, 0xe8b2b7},
    {0x1ea8, 0xe8b2b8},
    {0x4b8a, 0xe8b2b9},
    {0x24ac, 0xe8b2ba},
    {0x1ef7, 0xe8b2bb},
    {0x2176, 0xe8b2bc},
    {0x24ad, 0xe8b2bd},
    {0x4b8b, 0xe8b2be},
    {0x207b, 0xe8b2bf},
    {0x1f45, 0xe8b380},
    {0x24aa, 0xe8b381},
    {0x204b, 0xe8b382},
    {0x202f, 0xe8b383},
    {0x1f5a, 0xe8b384},
    {0x24b0, 0xe8b385},
    {0x4b8c, 0xe8b386},
    {0x22b7, 0xe8b387},
    {0x1f7f, 0xe8b388},
    {0x4b8d, 0xe8b389},
    {0x2265, 0xe8b38a},
    {0x24b2, 0xe8b391},
    {0x211b, 0xe8b392},
    {0x1e51, 0xe8b393},
    {0x4b94, 0xe8b394},
    {0x24b4, 0xe8b395},
    {0x24b3, 0xe8b39a},
    {0x4b99, 0xe8b39b},
    {0x1e9f, 0xe8b39c},
    {0x4b9a, 0xe8b39d},
    {0x2118, 0xe8b39e},
    {0x4b9b, 0xe8b39f},
    {0x20b4, 0xe8b3a0},
    {0x23af, 0xe8b3a1},
    {0x21bb, 0xe8b3a2},
    {0x2072, 0xe8b3a3},
    {0x1f95, 0xe8b3a4},
    {0x4b9c, 0xe8b3a5},
    {0x1f0a, 0xe8b3a6},
    {0x24b6, 0xe8b3a7},
    {0x2291, 0xe8b3aa},
    {0x24b5, 0xe8b3ab},
    {0x2278, 0xe8b3ac},
    {0x1ed4, 0xe8b3ad},
    {0x1ff3, 0xe8b3b4},
    {0x22a9, 0xe8b3ba},
    {0x24b7, 0xe8b3bb},
    {0x1f28, 0xe8b3bc},
    {0x2109, 0xe8b3bd},
    {0x22c7, 0xe8b3be},
    {0x4baa, 0xe8b3bf},
    {0x24ae, 0xe8b484},
    {0x22b1, 0xe8b485},
    {0x2266, 0xe8b488},
    {0x4bb1, 0xe8b489},
    {0x225b, 0xe8b48a},
    {0x22c4, 0xe8b48b},
    {0x4bb2, 0xe8b48c},
    {0x2115, 0xe8b48d},
    {0x4bb3, 0xe8b48e},
    {0x222a, 0xe8b48f},
    {0x24b1, 0xe8b490},
    {0x213d, 0xe8b496},
    {0x1f15, 0xe8b49b},
    {0x225c, 0xe8b49c},
    {0x41d, 0xe8b49d},
    {0x118b, 0xe8b49e},
    {0x6b5, 0xe8b49f},
    {0x4bbd, 0xe8b4a0},
    {0x70a, 0xe8b4a1},
    {0x48d, 0xe8b4a2},
    {0x1133, 0xe8b4a3},
    {0xf3a, 0xe8b4a4},
    {0x3e7, 0xe8b4a5},
    {0x116c, 0xe8b4a6},
    {0x80a, 0xe8b4a7},
    {0x11c9, 0xe8b4a8},
    {0x654, 0xe8b4a9},
    {0xe03, 0xe8b4aa},
    {0xbd5, 0xe8b4ab},
    {0x44a, 0xe8b4ac},
    {0x713, 0xe8b4ad},
    {0x11fb, 0xe8b4ae},
    {0x73a, 0xe8b4af},
    {0x63e, 0xe8b4b0},
    {0x86d, 0xe8b4b1},
    {0xe4c, 0xe8b4b4},
    {0x74c, 0xe8b4b5},
    {0x192e, 0xe8b4b6},
    {0x57e, 0xe8b4b7},
    {0xab8, 0xe8b4b8},
    {0x66e, 0xe8b4b9},
    {0x78f, 0xe8b4ba},
    {0x192f, 0xe8b4bb},
    {0x1137, 0xe8b4bc},
    {0x1930, 0xe8b4bd},
    {0x849, 0xe8b4be},
    {0x7f4, 0xe8b4bf},
    {0x1931, 0xe8b580},
    {0xa27, 0xe8b581},
    {0xa5f, 0xe8b582},
    {0x1122, 0xe8b583},
    {0x1227, 0xe8b584},
    {0x1936, 0xe8b587},
    {0xd17, 0xe8b58a},
    {0x6ae, 0xe8b58b},
    {0x603, 0xe8b58c},
    {0x1937, 0xe8b58d},
    {0xd81, 0xe8b58e},
    {0xd06, 0xe8b58f},
    {0x550, 0xe8b590},
    {0x163b, 0xe8b593},
    {0xba3, 0xe8b594},
    {0x1938, 0xe8b595},
    {0x9a0, 0xe8b596},
    {0x4bc0, 0xe8b597},
    {0x1215, 0xe8b598},
    {0x1939, 0xe8b599},
    {0x1209, 0xe8b59a},
    {0xcd7, 0xe8b59b},
    {0x1289, 0xe8b59c},
    {0x1283, 0xe8b59d},
    {0x1121, 0xe8b59e},
    {0x4bc1, 0xe8b59f},
    {0x113c, 0xe8b5a0},
    {0xcfd, 0xe8b5a1},
    {0x1093, 0xe8b5a2},
    {0x6ce, 0xe8b5a3},
    {0x505, 0xe8b5a4},
    {0x4bc2, 0xe8b5a5},
    {0xd1b, 0xe8b5a6},
    {0x1cf4, 0xe8b5a7},
    {0x78c, 0xe8b5ab},
    {0x4bc6, 0xe8b5ac},
    {0x1cf5, 0xe8b5ad},
    {0x123c, 0xe8b5b0},
    {0x1cef, 0xe8b5b3},
    {0x6ab, 0xe8b5b4},
    {0x1175, 0xe8b5b5},
    {0x6ca, 0xe8b5b6},
    {0xc0f, 0xe8b5b7},
    {0x4bd3, 0xe8b680},
    {0x4e8, 0xe8b681},
    {0x1cf0, 0xe8b684},
    {0x4d1, 0xe8b685},
    {0x1100, 0xe8b68a},
    {0xc74, 0xe8b68b},
    {0x1cf2, 0xe8b691},
    {0x1cf1, 0xe8b694},
    {0x1f14, 0xe8b695},
    {0x227a, 0xe8b699},
    {0xe1e, 0xe8b69f},
    {0xc7f, 0xe8b6a3},
    {0x20ee, 0xe8b6a8},
    {0x1cf3, 0xe8b6b1},
    {0x25f8, 0xe8b6b2},
    {0x1240, 0xe8b6b3},
    {0xb80, 0xe8b6b4},
    {0x1d1c, 0xe8b6b5},
    {0x1d17, 0xe8b6b8},
    {0x4bfa, 0xe8b6b9},
    {0x1d1f, 0xe8b6ba},
    {0x4bfb, 0xe8b6bb},
    {0x1d1e, 0xe8b6bc},
    {0x4bfc, 0xe8b6bd},
    {0x11b9, 0xe8b6be},
    {0x1d1d, 0xe8b6bf},
    {0x1101, 0xe8b783},
    {0x1d20, 0xe8b784},
    {0x4c00, 0xe8b785},
    {0x1d28, 0xe8b786},
    {0x3da, 0xe8b78b},
    {0x5d9, 0xe8b78c},
    {0x4c05, 0xe8b78d},
    {0x4c06, 0xe8b790},
    {0xb9d, 0xe8b791},
    {0x1d23, 0xe8b79a},
    {0x1d27, 0xe8b79b},
    {0x4c0d, 0xe8b79c},
    {0x90f, 0xe8b79d},
    {0x1d24, 0xe8b79e},
    {0x6f5, 0xe8b79f},
    {0x1d2c, 0xe8b7a3},
    {0x1d2f, 0xe8b7a4},
    {0x974, 0xe8b7a8},
    {0x4c14, 0xe8b7a9},
    {0x74b, 0xe8b7aa},
    {0x1d18, 0xe8b7ab},
    {0x1d29, 0xe8b7ac},
    {0xa5e, 0xe8b7af},
    {0xe4b, 0xe8b7b3},
    {0x4c1a, 0xe8b7b4},
    {0x86c, 0xe8b7b5},
    {0x4c1b, 0xe8b7b6},
    {0x1d2d, 0xe8b7b9},
    {0x624, 0xe8b7ba},
    {0x1d2e, 0xe8b7bb},
    {0x4c1c, 0xe8b7bc},
    {0x1d31, 0xe8b7bd},
    {0x1d19, 0xe8b885},
    {0x1d30, 0xe8b889},
    {0x10a0, 0xe8b88a},
    {0x4c27, 0xe8b88b},
    {0x511, 0xe8b88c},
    {0xdf7, 0xe8b88f},
    {0x1f94, 0xe8b890},
    {0x1d32, 0xe8b894},
    {0x1d33, 0xe8b89d},
    {0x910, 0xe8b89e},
    {0x1d34, 0xe8b89f},
    {0xe32, 0xe8b8a2},
    {0x1d37, 0xe8b8a3},
    {0x48f, 0xe8b8a9},
    {0x1236, 0xe8b8aa},
    {0x4c3c, 0xe8b8ab},
    {0x1d35, 0xe8b8ac},
    {0x4c3d, 0xe8b8ad},
    {0x1d36, 0xe8b8ae},
    {0x1d38, 0xe8b8af},
    {0x4c3e, 0xe8b8b0},
    {0x1d3e, 0xe8b8b1},
    {0x2230, 0xe8b8b4},
    {0x1d3c, 0xe8b8b5},
    {0x1d3b, 0xe8b8b9},
    {0x1d39, 0xe8b8ba},
    {0x1d3d, 0xe8b8bd},
    {0x1d3a, 0xe8b980},
    {0x4c48, 0xe8b983},
    {0xe36, 0xe8b984},
    {0x173b, 0xe8b987},
    {0x599, 0xe8b988},
    {0x1d3f, 0xe8b989},
    {0x1d44, 0xe8b98a},
    {0xdf6, 0xe8b98b},
    {0x25fd, 0xe8b98c},
    {0x2600, 0xe8b995},
    {0x1d1a, 0xe8b999},
    {0x2606, 0xe8b9a3},
    {0x42d, 0xe8b9a6},
    {0x1d1b, 0xe8b9a9},
    {0x5a6, 0xe8b9ac},
    {0x4ab, 0xe8b9ad},
    {0x4c63, 0xe8b9ae},
    {0x1d48, 0xe8b9af},
    {0x1d45, 0xe8b9b0},
    {0x4c64, 0xe8b9b1},
    {0x616, 0xe8b9b2},
    {0x4c65, 0xe8b9b3},
    {0x1d49, 0xe8b9b4},
    {0x4c66, 0xe8b9b5},
    {0x1d46, 0xe8b9b6},
    {0x25ff, 0xe8b9ba},
    {0x4c6a, 0xe8b9bb},
    {0x1d47, 0xe8b9bc},
    {0x55d, 0xe8b9bf},
    {0x4c6d, 0xe8ba80},
    {0x112d, 0xe8ba81},
    {0x1d4a, 0xe8ba85},
    {0x4c71, 0xe8ba86},
    {0x51e, 0xe8ba87},
    {0x4c72, 0xe8ba88},
    {0x25fc, 0xe8ba89},
    {0x1e8c, 0xe8ba8a},
    {0x2602, 0xe8ba8b},
    {0x4c73, 0xe8ba8c},
    {0x224d, 0xe8ba8d},
    {0x4c74, 0xe8ba8e},
    {0x1d4b, 0xe8ba8f},
    {0x1d4d, 0xe8ba90},
    {0x2604, 0xe8ba91},
    {0x25fe, 0xe8ba92},
    {0x2603, 0xe8ba93},
    {0x1d4c, 0xe8ba94},
    {0x2601, 0xe8ba9a},
    {0x4c7a, 0xe8ba9b},
    {0x1d4e, 0xe8ba9c},
    {0x4c7b, 0xe8ba9d},
    {0x1d4f, 0xe8ba9e},
    {0x2605, 0xe8baa1},
    {0x1ea3, 0xe8baa5},
    {0x2608, 0xe8baa6},
    {0x2607, 0xe8baaa},
    {0xd26, 0xe8baab},
    {0x703, 0xe8baac},
    {0xc78, 0xe8baaf},
    {0x622, 0xe8bab2},
    {0xe1c, 0xe8baba},
    {0x20f0, 0xe8bb80},
    {0x1e7b, 0xe8bb8a},
    {0x2267, 0xe8bb8b},
    {0x1f36, 0xe8bb8c},
    {0x1fd6, 0xe8bb8d},
    {0x18f8, 0xe8bb8e},
    {0x21e0, 0xe8bb92},
    {0x4ca0, 0xe8bb93},
    {0x248c, 0xe8bb94},
    {0x248d, 0xe8bb9b},
    {0x2102, 0xe8bb9f},
    {0x2494, 0xe8bba4},
    {0x2493, 0xe8bbab},
    {0x248e, 0xe8bbb2},
    {0x2299, 0xe8bbb8},
    {0x2491, 0xe8bbb9},
    {0x2496, 0xe8bbba},
    {0x248f, 0xe8bbbb},
    {0x2492, 0xe8bbbc},
    {0x4cbf, 0xe8bbbd},
    {0x2497, 0xe8bbbe},
    {0x4cc0, 0xe8bbbf},
    {0x1fb1, 0xe8bc83},
    {0x4cc4, 0xe8bc84},
    {0x249a, 0xe8bc85},
    {0x4cc5, 0xe8bc86},
    {0x2499, 0xe8bc87},
    {0x4cc6, 0xe8bc88},
    {0x2258, 0xe8bc89},
    {0x2498, 0xe8bc8a},
    {0x249b, 0xe8bc92},
    {0x4cce, 0xe8bc93},
    {0x1f09, 0xe8bc94},
    {0x20e6, 0xe8bc95},
    {0x2026, 0xe8bc9b},
    {0x249f, 0xe8bc9c},
    {0x1f59, 0xe8bc9d},
    {0x1f3b, 0xe8bca5},
    {0x249c, 0xe8bca6},
    {0x1e3a, 0xe8bca9},
    {0x205b, 0xe8bcaa},
    {0x1f70, 0xe8bcaf},
    {0x24a0, 0xe8bcb3},
    {0x213b, 0xe8bcb8},
    {0x1f07, 0xe8bcbb},
    {0x2270, 0xe8bcbe},
    {0x2237, 0xe8bcbf},
    {0x24d2, 0xe8bd82},
    {0x4cec, 0xe8bd83},
    {0x21b3, 0xe8bd84},
    {0x2245, 0xe8bd85},
    {0x24a1, 0xe8bd86},
    {0x22a8, 0xe8bd89},
    {0x227c, 0xe8bd8d},
    {0x1fb0, 0xe8bd8e},
    {0x24a2, 0xe8bd94},
    {0x1f46, 0xe8bd9f},
    {0x4d01, 0xe8bda0},
    {0x2380, 0xe8bda1},
    {0x2495, 0xe8bda2},
    {0x4d02, 0xe8bda3},
    {0x2490, 0xe8bda4},
    {0x4d03, 0xe8bda5},
    {0x4da, 0xe8bda6},
    {0x1141, 0xe8bda7},
    {0x745, 0xe8bda8},
    {0xfc4, 0xe8bda9},
    {0x4d04, 0xe8bdaa},
    {0x18e1, 0xe8bdab},
    {0x1207, 0xe8bdac},
    {0x18e2, 0xe8bdad},
    {0xa7d, 0xe8bdae},
    {0xcc8, 0xe8bdaf},
    {0x79b, 0xe8bdb0},
    {0x11e0, 0xe8bdb4},
    {0x18e9, 0xe8bdb7},
    {0x18e8, 0xe8bdb8},
    {0xc5e, 0xe8bdbb},
    {0x18ec, 0xe8bdbc},
    {0x111b, 0xe8bdbd},
    {0x18ed, 0xe8bdbe},
    {0x89f, 0xe8bdbf},
    {0x4d05, 0xe8be80},
    {0x8a0, 0xe8be83},
    {0x18f0, 0xe8be84},
    {0x6a3, 0xe8be85},
    {0xa07, 0xe8be86},
    {0x18f1, 0xe8be87},
    {0x41b, 0xe8be88},
    {0x7e9, 0xe8be89},
    {0x74e, 0xe8be8a},
    {0x18f2, 0xe8be8b},
    {0x4d06, 0xe8be8c},
    {0x695, 0xe8be90},
    {0x820, 0xe8be91},
    {0x4d07, 0xe8be92},
    {0xd7b, 0xe8be93},
    {0x1574, 0xe8be94},
    {0x10f2, 0xe8be95},
    {0xf2a, 0xe8be96},
    {0x1158, 0xe8be97},
    {0x18f6, 0xe8be98},
    {0x117f, 0xe8be99},
    {0x18f7, 0xe8be9a},
    {0xf8c, 0xe8be9b},
    {0x715, 0xe8be9c},
    {0x4d08, 0xe8be9d},
    {0x54a, 0xe8be9e},
    {0x442, 0xe8be9f},
    {0x99c, 0xe8bea3},
    {0x1e30, 0xe8bea6},
    {0x4d0e, 0xe8bea7},
    {0x4d0f, 0xe8beaa},
    {0x451, 0xe8beab},
    {0x4d10, 0xe8beac},
    {0x1e9d, 0xe8bead},
    {0x1e4b, 0xe8beae},
    {0x1e4a, 0xe8beaf},
    {0x4e2, 0xe8beb0},
    {0xcc3, 0xe8beb1},
    {0x20aa, 0xe8beb2},
    {0x173d, 0xe8beb6},
    {0x448, 0xe8beb9},
    {0xa12, 0xe8bebd},
    {0x572, 0xe8bebe},
    {0x4d19, 0xe8bebf},
    {0x4d1a, 0xe8bf80},
    {0xc25, 0xe8bf81},
    {0x10bd, 0xe8bf82},
    {0x4d1b, 0xe8bf83},
    {0xc18, 0xe8bf84},
    {0xfe1, 0xe8bf85},
    {0x4d1c, 0xe8bf86},
    {0x756, 0xe8bf87},
    {0xa9c, 0xe8bf88},
    {0x1092, 0xe8bf8e},
    {0x4d22, 0xe8bf8f},
    {0x110e, 0xe8bf90},
    {0x8cd, 0xe8bf91},
    {0x4d23, 0xe8bf92},
    {0x173e, 0xe8bf93},
    {0x652, 0xe8bf94},
    {0x173f, 0xe8bf95},
    {0x7ce, 0xe8bf98},
    {0x1183, 0xe8bf99},
    {0x4d26, 0xe8bf9a},
    {0x8c9, 0xe8bf9b},
    {0x10f9, 0xe8bf9c},
    {0xeb4, 0xe8bf9d},
    {0x9f5, 0xe8bf9e},
    {0x4fe, 0xe8bf9f},
    {0xe49, 0xe8bfa2},
    {0x4d29, 0xe8bfa3},
    {0x1742, 0xe8bfa4},
    {0x1740, 0xe8bfa5},
    {0x1744, 0xe8bfa6},
    {0x4d2a, 0xe8bfa7},
    {0x1746, 0xe8bfa8},
    {0x1743, 0xe8bfa9},
    {0x5b0, 0xe8bfaa},
    {0xbe7, 0xe8bfab},
    {0x4d2b, 0xe8bfac},
    {0x5dd, 0xe8bfad},
    {0x1741, 0xe8bfae},
    {0x4d2c, 0xe8bfaf},
    {0xd8d, 0xe8bfb0},
    {0x1745, 0xe8bfb3},
    {0x267b, 0xe8bfb4},
    {0xad9, 0xe8bfb7},
    {0x42e, 0xe8bfb8},
    {0x816, 0xe8bfb9},
    {0x1214, 0xe8bfbd},
    {0xe7c, 0xe98080},
    {0xdc2, 0xe98081},
    {0xd61, 0xe98082},
    {0xe26, 0xe98083},
    {0x1748, 0xe98084},
    {0x1747, 0xe98085},
    {0xb49, 0xe98086},
    {0xfca, 0xe98089},
    {0xfe0, 0xe9808a},
    {0x1749, 0xe9808b},
    {0x4d38, 0xe9808c},
    {0x174c, 0xe9808d},
    {0x4d39, 0xe9808e},
    {0xe69, 0xe9808f},
    {0x11ef, 0xe98090},
    {0x174b, 0xe98091},
    {0x5be, 0xe98092},
    {0x4d3a, 0xe98093},
    {0xe6f, 0xe98094},
    {0x23f2, 0xe98095},
    {0x174d, 0xe98096},
    {0x5f9, 0xe98097},
    {0x4d3b, 0xe98098},
    {0x227e, 0xe98099},
    {0xe59, 0xe9809a},
    {0x73d, 0xe9809b},
    {0x4d3c, 0xe9809c},
    {0xd5c, 0xe9809d},
    {0x4f6, 0xe9809e},
    {0xdce, 0xe9809f},
    {0x112f, 0xe980a0},
    {0x174e, 0xe980a1},
    {0x687, 0xe980a2},
    {0x2019, 0xe980a3},
    {0x174a, 0xe980a6},
    {0x1751, 0xe980ad},
    {0x581, 0xe980ae},
    {0x1752, 0xe980af},
    {0x1fbb, 0xe980b2},
    {0x4d49, 0xe980b7},
    {0x1064, 0xe980b8},
    {0xa86, 0xe980bb},
    {0x42f, 0xe980bc},
    {0x4d4c, 0xe980bd},
    {0x10c7, 0xe980be},
    {0x4d4d, 0xe980bf},
    {0x4d4e, 0xe98180},
    {0x61c, 0xe98181},
    {0xde1, 0xe98182},
    {0x4d4f, 0xe98183},
    {0x1753, 0xe98184},
    {0x10db, 0xe98187},
    {0x2253, 0xe9818b},
    {0x4d55, 0xe9818c},
    {0x452, 0xe9818d},
    {0x1f3e, 0xe9818e},
    {0x633, 0xe9818f},
    {0x1756, 0xe98190},
    {0x5a1, 0xe98193},
    {0x1ea6, 0xe98194},
    {0x218e, 0xe98195},
    {0x4d56, 0xe98196},
    {0x104c, 0xe98197},
    {0x1758, 0xe98198},
    {0x175a, 0xe9819b},
    {0x21ec, 0xe9819c},
    {0x4d59, 0xe9819d},
    {0x1ebe, 0xe9819e},
    {0x4d5a, 0xe9819f},
    {0x224a, 0xe981a0},
    {0x4d5b, 0xe981a1},
    {0x1759, 0xe981a2},
    {0xc2f, 0xe981a3},
    {0x4d5c, 0xe981a4},
    {0x102a, 0xe981a5},
    {0x1757, 0xe981a8},
    {0x2133, 0xe981a9},
    {0x1125, 0xe981ad},
    {0x117b, 0xe981ae},
    {0x1e84, 0xe981b2},
    {0x4d65, 0xe981b3},
    {0x175c, 0xe981b4},
    {0x124e, 0xe981b5},
    {0x4d66, 0xe981b6},
    {0x20cf, 0xe981b7},
    {0x21e2, 0xe981b8},
    {0x4d67, 0xe981b9},
    {0x220f, 0xe981ba},
    {0x4d68, 0xe981bb},
    {0x2029, 0xe981bc},
    {0x175d, 0xe981bd},
    {0x4d69, 0xe981be},
    {0x445, 0xe981bf},
    {0x1024, 0xe98280},
    {0x2073, 0xe98281},
    {0x175e, 0xe98282},
    {0x1760, 0xe98283},
    {0x1f55, 0xe98284},
    {0x23f1, 0xe98287},
    {0x175f, 0xe98288},
    {0x4d6c, 0xe98289},
    {0x1e46, 0xe9828a},
    {0x1761, 0xe9828b},
    {0x2063, 0xe9828f},
    {0x23f3, 0xe98290},
    {0x105f, 0xe98291},
    {0x4d70, 0xe98292},
    {0x5ac, 0xe98293},
    {0x4d71, 0xe98294},
    {0x1817, 0xe98295},
    {0x4d72, 0xe98296},
    {0x1367, 0xe98297},
    {0x4d73, 0xe98298},
    {0x136a, 0xe98299},
    {0x4d74, 0xe9829a},
    {0x1368, 0xe9829b},
    {0x4d75, 0xe9829c},
    {0x1369, 0xe9829d},
    {0x136c, 0xe982a1},
    {0xf9a, 0xe982a2},
    {0xb2a, 0xe982a3},
    {0x3f9, 0xe982a6},
    {0xf7b, 0xe982aa},
    {0x4d7e, 0xe982ab},
    {0x136b, 0xe982ac},
    {0x4d7f, 0xe982ad},
    {0x10af, 0xe982ae},
    {0x761, 0xe982af},
    {0x1372, 0xe982b0},
    {0xc6e, 0xe982b1},
    {0x4d80, 0xe982b2},
    {0x136e, 0xe982b3},
    {0x136d, 0xe982b4},
    {0xd14, 0xe982b5},
    {0x136f, 0xe982b6},
    {0x4d81, 0xe982b7},
    {0x1371, 0xe982b8},
    {0x123b, 0xe982b9},
    {0x1370, 0xe982ba},
    {0xa23, 0xe982bb},
    {0x1375, 0xe982be},
    {0x4d84, 0xe982bf},
    {0x4d85, 0xe98380},
    {0x10d9, 0xe98381},
    {0x1377, 0xe98384},
    {0x1374, 0xe98385},
    {0x4d88, 0xe98386},
    {0x1378, 0xe98387},
    {0x88d, 0xe9838a},
    {0x9b4, 0xe9838e},
    {0x1373, 0xe9838f},
    {0x1376, 0xe98390},
    {0x11a2, 0xe98391},
    {0x4d8e, 0xe98392},
    {0x1379, 0xe98393},
    {0x137d, 0xe98397},
    {0x137e, 0xe9839b},
    {0x137c, 0xe9839c},
    {0x779, 0xe9839d},
    {0x4d95, 0xe9839e},
    {0x231e, 0xe9839f},
    {0x4d96, 0xe983a0},
    {0x931, 0xe983a1},
    {0x137b, 0xe983a2},
    {0x137a, 0xe983a6},
    {0x110a, 0xe983a7},
    {0x486, 0xe983a8},
    {0x137f, 0xe983ab},
    {0x4d9c, 0xe983ac},
    {0x752, 0xe983ad},
    {0x4d9d, 0xe983ae},
    {0x1380, 0xe983af},
    {0x4e0, 0xe983b4},
    {0x2233, 0xe983b5},
    {0x587, 0xe983b8},
    {0x5fb, 0xe983bd},
    {0x1381, 0xe983be},
    {0x4da8, 0xe983bf},
    {0x634, 0xe98482},
    {0x4dab, 0xe98483},
    {0x1382, 0xe98484},
    {0x4dac, 0xe98485},
    {0x2320, 0xe98486},
    {0x21c7, 0xe98489},
    {0x22bc, 0xe98492},
    {0x4db7, 0xe98493},
    {0x231c, 0xe98494},
    {0x4db8, 0xe98495},
    {0x2251, 0xe98496},
    {0x432, 0xe98499},
    {0x1384, 0xe9849e},
    {0x1383, 0xe984a2},
    {0x1385, 0xe984a3},
    {0x1ebb, 0xe984a7},
    {0x2287, 0xe984ad},
    {0x4dca, 0xe984ae},
    {0x1387, 0xe984af},
    {0x202d, 0xe984b0},
    {0x1386, 0xe984b1},
    {0x1eab, 0xe984b2},
    {0x4dcb, 0xe984b3},
    {0x231d, 0xe984b4},
    {0x4dcc, 0xe984b5},
    {0x231f, 0xe984b6},
    {0x1388, 0xe984b9},
    {0x231b, 0xe984ba},
    {0x1389, 0xe98583},
    {0x138a, 0xe98586},
    {0x4dd9, 0xe98587},
    {0x2321, 0xe98588},
    {0x10b4, 0xe98589},
    {0x1cf8, 0xe9858a},
    {0xc72, 0xe9858b},
    {0x1220, 0xe9858c},
    {0xba5, 0xe9858d},
    {0x1cf9, 0xe98590},
    {0x4dda, 0xe98591},
    {0x8f5, 0xe98592},
    {0xfba, 0xe98597},
    {0x670, 0xe9859a},
    {0x1110, 0xe9859d},
    {0xdfd, 0xe9859e},
    {0x1cfe, 0xe985a1},
    {0x1cfd, 0xe985a2},
    {0x75f, 0xe985a3},
    {0x1cfc, 0xe985a4},
    {0xdcb, 0xe985a5},
    {0x1d00, 0xe985a9},
    {0x9bd, 0xe985aa},
    {0x4de8, 0xe985ab},
    {0x50f, 0xe985ac},
    {0x4de9, 0xe985ad},
    {0xe5b, 0xe985ae},
    {0x1d01, 0xe985af},
    {0x1cff, 0xe985b0},
    {0x885, 0xe985b1},
    {0x1d04, 0xe985b2},
    {0x4dea, 0xe985b3},
    {0x1d05, 0xe985b4},
    {0x89e, 0xe985b5},
    {0xabd, 0xe985b6},
    {0x96e, 0xe985b7},
    {0xdd6, 0xe985b8},
    {0x1d06, 0xe985b9},
    {0xb53, 0xe985bf},
    {0x1d08, 0xe98685},
    {0x4df3, 0xe98686},
    {0x53f, 0xe98687},
    {0x4df4, 0xe98688},
    {0x124a, 0xe98689},
    {0x4df5, 0xe9868a},
    {0x55a, 0xe9868b},
    {0x1d07, 0xe9868c},
    {0x1d0a, 0xe9868d},
    {0x1d09, 0xe98690},
    {0x1d0b, 0xe98691},
    {0xf9c, 0xe98692},
    {0x2255, 0xe98696},
    {0xad6, 0xe9869a},
    {0xc84, 0xe9869b},
    {0x1e8f, 0xe9869c},
    {0x1d0e, 0xe986aa},
    {0x220c, 0xe986ab},
    {0x1fa4, 0xe986ac},
    {0x1d13, 0xe986b4},
    {0x1d12, 0xe986b5},
    {0x1d14, 0xe986ba},
    {0x209b, 0xe98780},
    {0x21d8, 0xe98781},
    {0x4e16, 0xe98782},
    {0x25fa, 0xe98783},
    {0x4e17, 0xe98784},
    {0x25f9, 0xe98785},
    {0x4e18, 0xe98786},
    {0x490, 0xe98787},
    {0x4e19, 0xe98788},
    {0x10b9, 0xe98789},
    {0xd64, 0xe9878a},
    {0x2134, 0xe9878b},
    {0x9da, 0xe9878c},
    {0x11d7, 0xe9878d},
    {0x1037, 0xe9878e},
    {0xa08, 0xe9878f},
    {0x4e1a, 0xe98790},
    {0x8c1, 0xe98791},
    {0x24f8, 0xe98795},
    {0x4e1b, 0xe98796},
    {0x24f7, 0xe98797},
    {0x1ec8, 0xe98798},
    {0x24f6, 0xe98799},
    {0x6a5, 0xe9879c},
    {0x2280, 0xe9879d},
    {0x1ec5, 0xe987a3},
    {0x24fb, 0xe987a4},
    {0x24fa, 0xe987a7},
    {0x4e25, 0xe987a8},
    {0x1eed, 0xe987a9},
    {0x24fd, 0xe987b5},
    {0x4e31, 0xe987b6},
    {0x24f9, 0xe987b7},
    {0x4e32, 0xe987b8},
    {0x24fe, 0xe987b9},
    {0x20cd, 0xe987ba},
    {0x2508, 0xe98880},
    {0x2504, 0xe98881},
    {0x2506, 0xe98884},
    {0x24ff, 0xe98888},
    {0x2090, 0xe98889},
    {0x1edd, 0xe9888d},
    {0x1f25, 0xe9888e},
    {0x4e40, 0xe9888f},
    {0x2503, 0xe98890},
    {0x2502, 0xe98891},
    {0x1e7a, 0xe98894},
    {0x20a6, 0xe98895},
    {0x1fd5, 0xe9889e},
    {0x1f11, 0xe988a3},
    {0x4e4f, 0xe988a4},
    {0x2507, 0xe988a5},
    {0x2500, 0xe988a6},
    {0x2505, 0xe988a7},
    {0x2519, 0xe988ae},
    {0x4e56, 0xe988af},
    {0x2515, 0xe988b0},
    {0x250c, 0xe988b3},
    {0x2031, 0xe988b4},
    {0x250b, 0xe988b7},
    {0x250f, 0xe988b8},
    {0x251a, 0xe988b9},
    {0x2509, 0xe988ba},
    {0x250e, 0xe988bd},
    {0x2234, 0xe988be},
    {0x2513, 0xe988bf},
    {0x1f80, 0xe98980},
    {0x2501, 0xe98985},
    {0x2517, 0xe98988},
    {0x2516, 0xe98989},
    {0x2518, 0xe9898d},
    {0x1e56, 0xe98991},
    {0x250d, 0xe98995},
    {0x4e6c, 0xe98996},
    {0x20d3, 0xe98997},
    {0x207a, 0xe9899a},
    {0x20ce, 0xe9899b},
    {0x2510, 0xe9899e},
    {0x1e55, 0xe989a2},
    {0x250a, 0xe989a6},
    {0x86b, 0xe989b4},
    {0x1faa, 0xe989b8},
    {0x4e85, 0xe989b9},
    {0x251e, 0xe989ba},
    {0x1f1f, 0xe989bb},
    {0x252d, 0xe989bf},
    {0x221d, 0xe98a80},
    {0x2532, 0xe98a83},
    {0x4e8b, 0xe98a84},
    {0x217b, 0xe98a85},
    {0x1d80, 0xe98a8e},
    {0x21af, 0xe98a91},
    {0x4e96, 0xe98a92},
    {0x252c, 0xe98a93},
    {0x2528, 0xe98a96},
    {0x4e99, 0xe98a97},
    {0x208c, 0xe98a98},
    {0x4e9a, 0xe98a99},
    {0x252f, 0xe98a9a},
    {0x4e9b, 0xe98a9b},
    {0x21bc, 0xe98a9c},
    {0x251d, 0xe98aa0},
    {0x2535, 0xe98aa3},
    {0x4ea1, 0xe98aa4},
    {0x220d, 0xe98aa5},
    {0x2526, 0xe98aa6},
    {0x4ea2, 0xe98aa7},
    {0x2534, 0xe98aa8},
    {0x252a, 0xe98aa9},
    {0x251f, 0xe98aaa},
    {0x2531, 0xe98aab},
    {0x251c, 0xe98aac},
    {0x4ea3, 0xe98aad},
    {0x1d81, 0xe98aae},
    {0x2525, 0xe98ab1},
    {0x21cd, 0xe98ab7},
    {0x4eab, 0xe98ab8},
    {0x21da, 0xe98ab9},
    {0x4eac, 0xe98aba},
    {0x2172, 0xe98abb},
    {0x253e, 0xe98abc},
    {0x4eb0, 0xe98b80},
    {0x204f, 0xe98b81},
    {0x4eb1, 0xe98b82},
    {0x2543, 0xe98b83},
    {0x4eb2, 0xe98b84},
    {0x21d7, 0xe98b85},
    {0x4eb3, 0xe98b86},
    {0x1e3c, 0xe98b87},
    {0x1d82, 0xe98b88},
    {0x2529, 0xe98b8c},
    {0x2521, 0xe98b8f},
    {0x1eff, 0xe98b92},
    {0x253f, 0xe98b9d},
    {0x4ec5, 0xe98b9e},
    {0x2544, 0xe98b9f},
    {0x2523, 0xe98ba3},
    {0x1e90, 0xe98ba4},
    {0x253a, 0xe98ba5},
    {0x2545, 0xe98ba6},
    {0x4ec9, 0xe98ba7},
    {0x253d, 0xe98ba8},
    {0x4eca, 0xe98ba9},
    {0x20c1, 0xe98baa},
    {0x2103, 0xe98bad},
    {0x2520, 0xe98bae},
    {0x253c, 0xe98baf},
    {0x253b, 0xe98bb0},
    {0x2538, 0xe98bb1},
    {0x2540, 0xe98bb6},
    {0x4ed1, 0xe98bb7},
    {0x1fcd, 0xe98bb8},
    {0x1f18, 0xe98bbc},
    {0x4ed8, 0xe98c80},
    {0x254b, 0xe98c81},
    {0x2547, 0xe98c86},
    {0x22b0, 0xe98c90},
    {0x4ee4, 0xe98c91},
    {0x2546, 0xe98c92},
    {0x254c, 0xe98c95},
    {0x1e9a, 0xe98c98},
    {0x2552, 0xe98c99},
    {0x2530, 0xe98c9a},
    {0x2549, 0xe98c9b},
    {0x2551, 0xe98c9f},
    {0x1eca, 0xe98ca0},
    {0x4eec, 0xe98ca1},
    {0x20d2, 0xe98ca2},
    {0x1fb8, 0xe98ca6},
    {0x4ef0, 0xe98ca7},
    {0x2079, 0xe98ca8},
    {0x21ab, 0xe98cab},
    {0x254d, 0xe98cae},
    {0x1ea5, 0xe98caf},
    {0x204c, 0xe98cb2},
    {0x2080, 0xe98cb3},
    {0x266d, 0xe98cb6},
    {0x4ef9, 0xe98cb7},
    {0x2537, 0xe98cb8},
    {0x1d83, 0xe98cbe},
    {0x4eff, 0xe98cbf},
    {0x254a, 0xe98d80},
    {0x21b8, 0xe98d81},
    {0x4f00, 0xe98d82},
    {0x254e, 0xe98d83},
    {0x24fc, 0xe98d86},
    {0x2554, 0xe98d87},
    {0x1f3c, 0xe98d8b},
    {0x4f06, 0xe98d8c},
    {0x1ed5, 0xe98d8d},
    {0x2556, 0xe98d94},
    {0x2268, 0xe98d98},
    {0x1ed6, 0xe98d9b},
    {0x2557, 0xe98da4},
    {0x2553, 0xe98da5},
    {0x2548, 0xe98da9},
    {0x1d84, 0xe98daa},
    {0x4f1d, 0xe98dab},
    {0x20dc, 0xe98dac},
    {0x2559, 0xe98db0},
    {0x1f97, 0xe98db5},
    {0x2555, 0xe98db6},
    {0x227d, 0xe98dba},
    {0x257e, 0xe98dbe},
    {0x4f2b, 0xe98dbf},
    {0x207c, 0xe98e82},
    {0x4f2e, 0xe98e83},
    {0x255a, 0xe98e84},
    {0x255e, 0xe98e87},
    {0x1e34, 0xe98e8a},
    {0x1d86, 0xe98e8f},
    {0x215e, 0xe98e96},
    {0x4f3d, 0xe98e97},
    {0x2560, 0xe98e98},
    {0x21a2, 0xe98ea2},
    {0x2354, 0xe98ea3},
    {0x2563, 0xe98ea6},
    {0x2527, 0xe98ea7},
    {0x4f49, 0xe98ea8},
    {0x252e, 0xe98ea9},
    {0x2558, 0xe98eaa},
    {0x4f4a, 0xe98eab},
    {0x1f1b, 0xe98eac},
    {0x4f4b, 0xe98ead},
    {0x2283, 0xe98eae},
    {0x4f4c, 0xe98eaf},
    {0x2564, 0xe98eb0},
    {0x20a0, 0xe98eb3},
    {0x4f4f, 0xe98eb4},
    {0x2565, 0xe98eb5},
    {0x2561, 0xe98eb8},
    {0x2562, 0xe98ebf},
    {0x256c, 0xe98f83},
    {0x256d, 0xe98f87},
    {0x2020, 0xe98f88},
    {0x4f5e, 0xe98f89},
    {0x1d85, 0xe98f8a},
    {0x4f5f, 0xe98f8b},
    {0x255f, 0xe98f8c},
    {0x256a, 0xe98f8d},
    {0x256e, 0xe98f91},
    {0x1e01, 0xe98f96},
    {0x2539, 0xe98f97},
    {0x255c, 0xe98f98},
    {0x256b, 0xe98f9e},
    {0x1e6f, 0xe98f9f},
    {0x4f6a, 0xe98fa0},
    {0x1fc4, 0xe98fa1},
    {0x2567, 0xe98fa2},
    {0x4f6b, 0xe98fa3},
    {0x255b, 0xe98fa4},
    {0x261d, 0xe98fa8},
    {0x252b, 0xe98fb5},
    {0x4f7b, 0xe98fb6},
    {0x2571, 0xe98fb7},
    {0x4f7c, 0xe98fb8},
    {0x2577, 0xe98fb9},
    {0x2522, 0xe99083},
    {0x2533, 0xe9908b},
    {0x202a, 0xe99090},
    {0x4f91, 0xe99091},
    {0x2536, 0xe99092},
    {0x2573, 0xe99093},
    {0x256f, 0xe99094},
    {0x2293, 0xe99098},
    {0x2578, 0xe99099},
    {0x2570, 0xe9909d},
    {0x2575, 0xe990a0},
    {0x255d, 0xe990a8},
    {0x201a, 0xe990ae},
    {0x257a, 0xe990b2},
    {0x2006, 0xe990b3},
    {0x4fa7, 0xe990b4},
    {0x2177, 0xe990b5},
    {0x251b, 0xe990b8},
    {0x4faa, 0xe990b9},
    {0x2524, 0xe990ba},
    {0x1d87, 0xe990be},
    {0x257b, 0xe990bf},
    {0x22a3, 0xe99184},
    {0x2579, 0xe9918a},
    {0x4fb7, 0xe9918b},
    {0x2566, 0xe9918c},
    {0x1f93, 0xe99192},
    {0x4fbd, 0xe99193},
    {0x257c, 0xe99194},
    {0x2514, 0xe991a0},
    {0x257d, 0xe991a3},
    {0x4fcb, 0xe991a4},
    {0x2572, 0xe991a5},
    {0x1d88, 0xe991ab},
    {0x4fd1, 0xe991ac},
    {0x2574, 0xe991ad},
    {0x224e, 0xe991b0},
    {0x4fd4, 0xe991b1},
    {0x21c6, 0xe991b2},
    {0x209f, 0xe991b7},
    {0x4fd9, 0xe991b8},
    {0x2576, 0xe991b9},
    {0x2064, 0xe991bc},
    {0x22bf, 0xe991bd},
    {0x261c, 0xe991be},
    {0x225e, 0xe991bf},
    {0x118c, 0xe99288},
    {0x5e3, 0xe99289},
    {0x1a92, 0xe9928a},
    {0x1a91, 0xe9928b},
    {0xc22, 0xe9928e},
    {0x4fe1, 0xe99291},
    {0x64d, 0xe99292},
    {0x5d7, 0xe99293},
    {0x1a97, 0xe99294},
    {0x1a99, 0xe99295},
    {0x4fe2, 0xe99296},
    {0x1a98, 0xe99297},
    {0x4fe3, 0xe99298},
    {0x6c1, 0xe99299},
    {0x61a, 0xe9929d},
    {0x4d3, 0xe9929e},
    {0x11d2, 0xe9929f},
    {0xb29, 0xe992a0},
    {0x41e, 0xe992a1},
    {0x6d1, 0xe992a2},
    {0x1102, 0xe992a5},
    {0xc52, 0xe992a6},
    {0x92a, 0xe992a7},
    {0xee8, 0xe992a8},
    {0x70c, 0xe992a9},
    {0x1aa0, 0xe992aa},
    {0x1a9f, 0xe992ab},
    {0x1aa2, 0xe992ac},
    {0x1aa1, 0xe992ad},
    {0xb66, 0xe992ae},
    {0xc2b, 0xe992b1},
    {0x1aa5, 0xe992b2},
    {0xc2c, 0xe992b3},
    {0x1aa6, 0xe992b4},
    {0x46e, 0xe992b5},
    {0x1247, 0xe992bb},
    {0x84b, 0xe992be},
    {0x1aae, 0xe992bf},
    {0x10b0, 0xe99380},
    {0xe4d, 0xe99381},
    {0x473, 0xe99382},
    {0xa2e, 0xe99383},
    {0x1aaf, 0xe99384},
    {0xc23, 0xe99385},
    {0xab2, 0xe99386},
    {0x4fe4, 0xe99387},
    {0x4fe5, 0xe9938f},
    {0x1abe, 0xe99398},
    {0x1abd, 0xe99399},
    {0x4fe8, 0xe9939a},
    {0x1abf, 0xe9939b},
    {0xe5e, 0xe9939c},
    {0xa68, 0xe9939d},
    {0x1142, 0xe993a1},
    {0x1ac3, 0xe993a2},
    {0xf20, 0xe993a3},
    {0x4fe9, 0xe993a6},
    {0x1ac9, 0xe993a9},
    {0x1ac8, 0xe993aa},
    {0x1aca, 0xe993ab},
    {0x6f0, 0xe993ac},
    {0xaff, 0xe993ad},
    {0x893, 0xe993b0},
    {0x1046, 0xe993b1},
    {0x4c0, 0xe993b2},
    {0x107f, 0xe993b6},
    {0x1ad0, 0xe993b7},
    {0x11fc, 0xe993b8},
    {0x1ad1, 0xe993b9},
    {0xbeb, 0xe993ba},
    {0x4fea, 0xe993bb},
    {0x9fd, 0xe993be},
    {0x1ad4, 0xe993bf},
    {0xf67, 0xe99480},
    {0xded, 0xe99481},
    {0x1ad6, 0xe99482},
    {0x1ad5, 0xe99483},
    {0x51f, 0xe99484},
    {0x751, 0xe99485},
    {0xfad, 0xe99488},
    {0x683, 0xe9948b},
    {0xf8a, 0xe9948c},
    {0xccc, 0xe99490},
    {0xe33, 0xe99491},
    {0x1181, 0xe99497},
    {0x1ae3, 0xe99498},
    {0x570, 0xe99499},
    {0xaaf, 0xe9949a},
    {0x1ae4, 0xe9949b},
    {0x4feb, 0xe9949c},
    {0x4fec, 0xe994a0},
    {0xf0c, 0xe994a1},
    {0x1ae8, 0xe994a2},
    {0xa87, 0xe994a3},
    {0x53b, 0xe994a4},
    {0x1213, 0xe994a5},
    {0x8c6, 0xe994a6},
    {0x4fed, 0xe994a7},
    {0xf34, 0xe994a8},
    {0x1aeb, 0xe994a9},
    {0x1aec, 0xe994ac},
    {0x5e6, 0xe994ad},
    {0x86f, 0xe994ae},
    {0x911, 0xe994af},
    {0xad1, 0xe994b0},
    {0x4fee, 0xe994b3},
    {0x1aef, 0xe994b4},
    {0x1af7, 0xe994b5},
    {0xc3f, 0xe994b9},
    {0x1b19, 0xe994ba},
    {0x60c, 0xe994bb},
    {0x1af3, 0xe994bc},
    {0x4fef, 0xe994bd},
    {0x605, 0xe99580},
    {0xac3, 0xe99581},
    {0x1af6, 0xe99582},
    {0x4ff0, 0xe99583},
    {0x1193, 0xe99587},
    {0x4ff1, 0xe99588},
    {0x1afb, 0xe99589},
    {0xb5a, 0xe9958a},
    {0x4ff2, 0xe9958b},
    {0x1afc, 0xe9958c},
    {0xb5b, 0xe9958d},
    {0x6df, 0xe99590},
    {0x402, 0xe99591},
    {0x4ff3, 0xe99595},
    {0x4ff4, 0xe9959a},
    {0x1b06, 0xe9959b},
    {0x8e4, 0xe9959c},
    {0x1b09, 0xe9959d},
    {0x4ff5, 0xe995a0},
    {0xa16, 0xe995a3},
    {0x9c3, 0xe995ad},
    {0x4ff6, 0xe995ae},
    {0x1b15, 0xe995af},
    {0x9f6, 0xe995b0},
    {0xf4f, 0xe995b6},
    {0x1e75, 0xe995b7},
    {0x4c9, 0xe995bf},
    {0x207d, 0xe99680},
    {0x5000, 0xe99681},
    {0x23bf, 0xe99682},
    {0x2113, 0xe99683},
    {0x23c0, 0xe99686},
    {0x1e45, 0xe99689},
    {0x5005, 0xe9968a},
    {0x1fd8, 0xe9968b},
    {0x23c4, 0xe9968c},
    {0x5006, 0xe9968d},
    {0x23c2, 0xe9968e},
    {0x2104, 0xe9968f},
    {0x5007, 0xe99690},
    {0x21bd, 0xe99691},
    {0x5008, 0xe99692},
    {0x1f87, 0xe99693},
    {0x23c3, 0xe99694},
    {0x2269, 0xe99698},
    {0x1f43, 0xe996a1},
    {0x5014, 0xe996a2},
    {0x1f1e, 0xe996a3},
    {0x2679, 0xe996a4},
    {0x1eeb, 0xe996a5},
    {0x1f35, 0xe996a8},
    {0x208a, 0xe996a9},
    {0x5017, 0xe996aa},
    {0x23c7, 0xe996ab},
    {0x23c9, 0xe996ac},
    {0x23c6, 0xe996ad},
    {0x224f, 0xe996b2},
    {0x23cb, 0xe996b6},
    {0x21f3, 0xe996b9},
    {0x5021, 0xe996ba},
    {0x21f7, 0xe996bb},
    {0x23cf, 0xe996bc},
    {0x23ce, 0xe996bd},
    {0x23ca, 0xe996be},
    {0x23cd, 0xe996bf},
    {0x23d0, 0xe99783},
    {0x266c, 0xe99786},
    {0x5027, 0xe99787},
    {0x23c1, 0xe99788},
    {0x5028, 0xe99789},
    {0x1fee, 0xe9978a},
    {0x23d1, 0xe9978b},
    {0x1ff8, 0xe9978c},
    {0x23d3, 0xe99790},
    {0x23d2, 0xe99794},
    {0x23d4, 0xe99795},
    {0x1e98, 0xe99796},
    {0x1f2c, 0xe9979c},
    {0x5034, 0xe9979d},
    {0x23d5, 0xe9979e},
    {0x1e71, 0xe997a1},
    {0x2691, 0xe997a2},
    {0x23c5, 0xe997a5},
    {0xaca, 0xe997a8},
    {0x1685, 0xe997a9},
    {0xcfa, 0xe997aa},
    {0x1686, 0xe997ab},
    {0x503b, 0xe997ac},
    {0x43e, 0xe997ad},
    {0xed9, 0xe997ae},
    {0x536, 0xe997af},
    {0xccd, 0xe997b0},
    {0x1687, 0xe997b1},
    {0xf3d, 0xe997b2},
    {0x1688, 0xe997b3},
    {0x857, 0xe997b4},
    {0xacb, 0xe997b7},
    {0x1143, 0xe997b8},
    {0xb39, 0xe997b9},
    {0x744, 0xe997ba},
    {0xed4, 0xe997bb},
    {0x168b, 0xe997bc},
    {0xafb, 0xe997bd},
    {0x168c, 0xe997be},
    {0x503c, 0xe997bf},
    {0x644, 0xe99880},
    {0x6ee, 0xe99881},
    {0x789, 0xe99882},
    {0x1107, 0xe99885},
    {0x168f, 0xe99886},
    {0x503d, 0xe99887},
    {0x1690, 0xe99888},
    {0xff4, 0xe99889},
    {0xfff, 0xe9988e},
    {0x1695, 0xe9988f},
    {0x4c2, 0xe99890},
    {0x9a6, 0xe99891},
    {0x1696, 0xe99892},
    {0x503e, 0xe99893},
    {0x996, 0xe99894},
    {0x503f, 0xe99898},
    {0x5040, 0xe9989b},
    {0x6b2, 0xe9989c},
    {0x1354, 0xe9989d},
    {0x5041, 0xe9989e},
    {0x612, 0xe9989f},
    {0x5042, 0xe998a0},
    {0x1356, 0xe998a1},
    {0x1355, 0xe998a2},
    {0x1358, 0xe998aa},
    {0xcc9, 0xe998ae},
    {0x1357, 0xe998b1},
    {0x65d, 0xe998b2},
    {0x101d, 0xe998b3},
    {0x107c, 0xe998b4},
    {0x1194, 0xe998b5},
    {0x8a8, 0xe998b6},
    {0x1245, 0xe998bb},
    {0x135a, 0xe998bc},
    {0x1359, 0xe998bd},
    {0x5053, 0xe998be},
    {0x3ad, 0xe998bf},
    {0xe84, 0xe99980},
    {0x5054, 0xe99981},
    {0x135b, 0xe99982},
    {0x5055, 0xe99983},
    {0x6b8, 0xe99984},
    {0x83d, 0xe99985},
    {0xa64, 0xe99986},
    {0xa4b, 0xe99987},
    {0x4e7, 0xe99988},
    {0x135c, 0xe99989},
    {0x5056, 0xe9998a},
    {0xa51, 0xe9998b},
    {0xb13, 0xe9998c},
    {0x886, 0xe9998d},
    {0xf4b, 0xe99990},
    {0x135d, 0xe99994},
    {0xcfb, 0xe99995},
    {0x231a, 0xe99998},
    {0x446, 0xe9999b},
    {0x5060, 0xe9999c},
    {0x2114, 0xe9999d},
    {0x5061, 0xe9999e},
    {0x135e, 0xe9999f},
    {0x5062, 0xe999a0},
    {0x5f7, 0xe999a1},
    {0x10fd, 0xe999a2},
    {0x2284, 0xe999a3},
    {0x522, 0xe999a4},
    {0x135f, 0xe999a7},
    {0x110c, 0xe999a8},
    {0xf42, 0xe999a9},
    {0xba4, 0xe999aa},
    {0x5065, 0xe999ab},
    {0x1360, 0xe999ac},
    {0x221c, 0xe999b0},
    {0x5069, 0xe999b1},
    {0x1361, 0xe999b2},
    {0x1e7e, 0xe999b3},
    {0x1362, 0xe999b4},
    {0xa33, 0xe999b5},
    {0xe28, 0xe999b6},
    {0xf4a, 0xe999b7},
    {0x204d, 0xe999b8},
    {0x2201, 0xe999bd},
    {0x10cc, 0xe99a85},
    {0xa48, 0xe99a86},
    {0x5075, 0xe99a87},
    {0x1363, 0xe99a88},
    {0x5076, 0xe99a89},
    {0x1ed9, 0xe99a8a},
    {0xdda, 0xe99a8b},
    {0x5077, 0xe99a8c},
    {0x1364, 0xe99a8d},
    {0x1fb2, 0xe99a8e},
    {0xddb, 0xe99a8f},
    {0x1085, 0xe99a90},
    {0x6ef, 0xe99a94},
    {0x2252, 0xe99a95},
    {0x507b, 0xe99a96},
    {0x1365, 0xe99a97},
    {0x3ba, 0xe99a98},
    {0xf23, 0xe99a99},
    {0x507c, 0xe99a9a},
    {0x1f79, 0xe99a9b},
    {0x1170, 0xe99a9c},
    {0xde2, 0xe99aa7},
    {0x2157, 0xe99aa8},
    {0x5087, 0xe99aa9},
    {0x21bf, 0xe99aaa},
    {0x1366, 0xe99ab0},
    {0x221f, 0xe99ab1},
    {0x508d, 0xe99ab2},
    {0x1684, 0xe99ab3},
    {0x203d, 0xe99ab4},
    {0x508e, 0xe99ab5},
    {0x9ee, 0xe99ab6},
    {0x508f, 0xe99ab7},
    {0x2015, 0xe99ab8},
    {0x1d79, 0xe99ab9},
    {0x5090, 0xe99aba},
    {0x26a5, 0xe99abb},
    {0xb34, 0xe99abe},
    {0x5091, 0xe99abf},
    {0xc93, 0xe99b80},
    {0x100c, 0xe99b81},
    {0xfa6, 0xe99b84},
    {0xfee, 0xe99b85},
    {0x822, 0xe99b86},
    {0x726, 0xe99b87},
    {0x5094, 0xe99b88},
    {0x1b1c, 0xe99b89},
    {0x549, 0xe99b8c},
    {0x109f, 0xe99b8d},
    {0x1d7c, 0xe99b8e},
    {0x520, 0xe99b8f},
    {0x1d7d, 0xe99b92},
    {0x5d2, 0xe99b95},
    {0x2156, 0xe99b96},
    {0x2144, 0xe99b99},
    {0x509d, 0xe99b9a},
    {0x1e91, 0xe99b9b},
    {0x2257, 0xe99b9c},
    {0x1d7f, 0xe99ba0},
    {0x50a1, 0xe99ba1},
    {0x200a, 0xe99ba2},
    {0x2092, 0xe99ba3},
    {0x10cf, 0xe99ba8},
    {0x1d61, 0xe99ba9},
    {0xfd2, 0xe99baa},
    {0x1d63, 0xe99baf},
    {0x2250, 0xe99bb2},
    {0x1d62, 0xe99bb3},
    {0xa2c, 0xe99bb6},
    {0x9c2, 0xe99bb7},
    {0x50ae, 0xe99bb8},
    {0x40b, 0xe99bb9},
    {0x50af, 0xe99bba},
    {0x1ec3, 0xe99bbb},
    {0xefc, 0xe99bbe},
    {0x50b2, 0xe99bbf},
    {0xfb3, 0xe99c80},
    {0x1d65, 0xe99c81},
    {0xf63, 0xe99c84},
    {0x50b5, 0xe99c85},
    {0x1d64, 0xe99c86},
    {0x1191, 0xe99c87},
    {0x1d66, 0xe99c88},
    {0xabe, 0xe99c89},
    {0x809, 0xe99c8d},
    {0x1d68, 0xe99c8e},
    {0x1d67, 0xe99c8f},
    {0xb41, 0xe99c93},
    {0xa21, 0xe99c96},
    {0xd9f, 0xe99c9c},
    {0x50c3, 0xe99c9d},
    {0xf29, 0xe99c9e},
    {0x21a8, 0xe99ca7},
    {0x1d69, 0xe99caa},
    {0x1d6a, 0xe99cad},
    {0x1d6b, 0xe99cb0},
    {0x50d2, 0xe99cb1},
    {0xa5d, 0xe99cb2},
    {0x3df, 0xe99cb8},
    {0xbba, 0xe99cb9},
    {0x260d, 0xe99cbd},
    {0x1d6c, 0xe99cbe},
    {0x50db, 0xe99cbf},
    {0x260c, 0xe99d82},
    {0x50de, 0xe99d83},
    {0x260e, 0xe99d84},
    {0x2032, 0xe99d88},
    {0xc5d, 0xe99d92},
    {0x1d60, 0xe99d93},
    {0x8e7, 0xe99d96},
    {0x8e1, 0xe99d99},
    {0x260b, 0xe99d9a},
    {0x5c6, 0xe99d9b},
    {0x664, 0xe99d9e},
    {0x50f1, 0xe99d9f},
    {0x94c, 0xe99da0},
    {0xad7, 0xe99da1},
    {0xaeb, 0xe99da2},
    {0x1282, 0xe99da5},
    {0x22c3, 0xe99da8},
    {0x6ea, 0xe99da9},
    {0x8ca, 0xe99db3},
    {0xfce, 0xe99db4},
    {0x50ff, 0xe99db5},
    {0x3db, 0xe99db6},
    {0x1dc8, 0xe99dbc},
    {0x1dc9, 0xe99e85},
    {0xf77, 0xe99e8b},
    {0x5112, 0xe99e8c},
    {0x3bb, 0xe99e8d},
    {0x5113, 0xe99e8e},
    {0x1f23, 0xe99e8f},
    {0x5114, 0xe99e90},
    {0x5115, 0xe99e93},
    {0x1dcc, 0xe99e94},
    {0xc47, 0xe99e98},
    {0x8fe, 0xe99ea0},
    {0x1dcf, 0xe99ea3},
    {0x2695, 0xe99ea6},
    {0x1dce, 0xe99eab},
    {0x5128, 0xe99eac},
    {0x447, 0xe99ead},
    {0x5129, 0xe99eae},
    {0x1dcd, 0xe99eaf},
    {0x1dd0, 0xe99eb2},
    {0x512c, 0xe99eb3},
    {0x1dd1, 0xe99eb4},
    {0x265e, 0xe99ebd},
    {0x265d, 0xe99f83},
    {0x2692, 0xe99f86},
    {0x265f, 0xe99f89},
    {0x513e, 0xe99f8a},
    {0x218d, 0xe99f8b},
    {0x20fd, 0xe99f8c},
    {0x1f40, 0xe99f93},
    {0x2465, 0xe99f99},
    {0x2467, 0xe99f9c},
    {0x514c, 0xe99f9d},
    {0x2466, 0xe99f9e},
    {0xeb3, 0xe99fa6},
    {0xca8, 0xe99fa7},
    {0x5154, 0xe99fa8},
    {0x762, 0xe99fa9},
    {0x8f1, 0xe99fad},
    {0x107b, 0xe99fb3},
    {0x515a, 0xe99fb4},
    {0x1112, 0xe99fb5},
    {0xd11, 0xe99fb6},
    {0x21c9, 0xe99fbf},
    {0x5163, 0xe9a080},
    {0x2209, 0xe9a081},
    {0x1ec9, 0xe9a082},
    {0x20e9, 0xe9a083},
    {0x5164, 0xe9a084},
    {0x21ca, 0xe9a085},
    {0x2146, 0xe9a086},
    {0x25c5, 0xe9a087},
    {0x21dc, 0xe9a088},
    {0x5165, 0xe9a089},
    {0x245e, 0xe9a08a},
    {0x5166, 0xe9a08b},
    {0x214f, 0xe9a08c},
    {0x5167, 0xe9a08d},
    {0x2241, 0xe9a090},
    {0x218a, 0xe9a091},
    {0x1e2f, 0xe9a092},
    {0x1edc, 0xe9a093},
    {0x20bf, 0xe9a097},
    {0x2034, 0xe9a098},
    {0x25c9, 0xe9a09c},
    {0x25c8, 0xe9a0a1},
    {0x220e, 0xe9a0a4},
    {0x5174, 0xe9a0a5},
    {0x25cb, 0xe9a0a6},
    {0x217d, 0xe9a0ad},
    {0x1f7e, 0xe9a0b0},
    {0x25cc, 0xe9a0b7},
    {0x1fc3, 0xe9a0b8},
    {0x20b9, 0xe9a0bb},
    {0x5185, 0xe9a0bc},
    {0x2181, 0xe9a0bd},
    {0x1fda, 0xe9a186},
    {0x2173, 0xe9a18c},
    {0x1ee1, 0xe9a18d},
    {0x25cd, 0xe9a18e},
    {0x25ce, 0xe9a193},
    {0x21f6, 0xe9a194},
    {0x224b, 0xe9a198},
    {0x25d1, 0xe9a199},
    {0x519a, 0xe9a19a},
    {0x1ec0, 0xe9a19b},
    {0x2008, 0xe9a19e},
    {0x25d0, 0xe9a1a2},
    {0x25d2, 0xe9a1a5},
    {0x51a2, 0xe9a1a6},
    {0x1f2a, 0xe9a1a7},
    {0x1e72, 0xe9a1ab},
    {0x25d3, 0xe9a1ac},
    {0x21be, 0xe9a1af},
    {0x25d4, 0xe9a1b0},
    {0x2044, 0xe9a1b1},
    {0x51a8, 0xe9a1b2},
    {0x25cf, 0xe9a1b3},
    {0x20f3, 0xe9a1b4},
    {0x103a, 0xe9a1b5},
    {0x5e4, 0xe9a1b6},
    {0xc67, 0xe9a1b7},
    {0x1be0, 0xe9a1b8},
    {0xf5b, 0xe9a1b9},
    {0xda8, 0xe9a1ba},
    {0xfb6, 0xe9a1bb},
    {0x1827, 0xe9a1bc},
    {0xe98, 0xe9a1bd},
    {0x724, 0xe9a1be},
    {0x618, 0xe9a1bf},
    {0x1be1, 0xe9a280},
    {0x3ef, 0xe9a281},
    {0xdc1, 0xe9a282},
    {0x1be2, 0xe9a283},
    {0x10e7, 0xe9a284},
    {0xa54, 0xe9a285},
    {0xa35, 0xe9a286},
    {0xbe3, 0xe9a287},
    {0x8e0, 0xe9a288},
    {0x1be3, 0xe9a289},
    {0x848, 0xe9a28a},
    {0x51a9, 0xe9a28b},
    {0x51aa, 0xe9a28e},
    {0x1be6, 0xe9a28f},
    {0x104a, 0xe9a290},
    {0xbd4, 0xe9a291},
    {0x51ab, 0xe9a292},
    {0xe78, 0xe9a293},
    {0x1be7, 0xe9a294},
    {0x51ac, 0xe9a295},
    {0x1096, 0xe9a296},
    {0x952, 0xe9a297},
    {0xe35, 0xe9a298},
    {0x51ad, 0xe9a299},
    {0xffe, 0xe9a29c},
    {0x62d, 0xe9a29d},
    {0x5c0, 0xe9a2a0},
    {0x51ae, 0xe9a2a3},
    {0x4c3, 0xe9a2a4},
    {0xc82, 0xe9a2a7},
    {0x1f00, 0xe9a2a8},
    {0x51b4, 0xe9a2b0},
    {0x2698, 0xe9a2b1},
    {0x51b5, 0xe9a2b2},
    {0x2678, 0xe9a2b3},
    {0x24ce, 0xe9a2b6},
    {0x24cf, 0xe9a2bc},
    {0x20b8, 0xe9a384},
    {0x51c4, 0xe9a385},
    {0x24d0, 0xe9a386},
    {0x51c5, 0xe9a387},
    {0x24d1, 0xe9a388},
    {0x684, 0xe9a38e},
    {0x51cd, 0xe9a394},
    {0x19ba, 0xe9a395},
    {0xbcd, 0xe9a398},
    {0x1ef4, 0xe9a39b},
    {0x666, 0xe9a39e},
    {0xd4a, 0xe9a39f},
    {0x239b, 0xe9a3a0},
    {0x51d2, 0xe9a3a1},
    {0x267e, 0xe9a3a2},
    {0x161a, 0xe9a3a7},
    {0x1de7, 0xe9a3a8},
    {0x239d, 0xe9a3a9},
    {0x51d7, 0xe9a3ac},
    {0x23a1, 0xe9a3ad},
    {0x51d8, 0xe9a3ae},
    {0x1ef1, 0xe9a3af},
    {0x221e, 0xe9a3b2},
    {0x51db, 0xe9a3b3},
    {0x23a2, 0xe9a3b4},
    {0x214b, 0xe9a3bc},
    {0x1e36, 0xe9a3bd},
    {0x2135, 0xe9a3be},
    {0x51e3, 0xe9a3bf},
    {0x1fad, 0xe9a483},
    {0x51e7, 0xe9a484},
    {0x1e53, 0xe9a485},
    {0x23a3, 0xe9a489},
    {0x2203, 0xe9a48a},
    {0x51eb, 0xe9a48b},
    {0x1ee7, 0xe9a48c},
    {0x1de8, 0xe9a48d},
    {0x494, 0xe9a490},
    {0x23a4, 0xe9a491},
    {0x2097, 0xe9a492},
    {0x1ee4, 0xe9a493},
    {0x2238, 0xe9a498},
    {0x23a5, 0xe9a49b},
    {0x1f9a, 0xe9a49e},
    {0x21c3, 0xe9a4a1},
    {0x1f2e, 0xe9a4a8},
    {0x1de9, 0xe9a4ae},
    {0x239c, 0xe9a4b3},
    {0x23a6, 0xe9a4b7},
    {0x239e, 0xe9a4bc},
    {0x520e, 0xe9a4bd},
    {0x2035, 0xe9a4be},
    {0x23a7, 0xe9a4bf},
    {0x23a8, 0xe9a583},
    {0x5212, 0xe9a584},
    {0x2075, 0xe9a585},
    {0x1feb, 0xe9a58b},
    {0x23ac, 0xe9a58c},
    {0x1f6a, 0xe9a591},
    {0x20f9, 0xe9a592},
    {0x5219, 0xe9a593},
    {0x1deb, 0xe9a594},
    {0x1dea, 0xe9a595},
    {0x521a, 0xe9a596},
    {0x2666, 0xe9a597},
    {0x2667, 0xe9a59c},
    {0x521f, 0xe9a59d},
    {0x1e6c, 0xe9a59e},
    {0x23ad, 0xe9a5a2},
    {0x161d, 0xe9a5a3},
    {0x5223, 0xe9a5a4},
    {0x815, 0xe9a5a5},
    {0x5224, 0xe9a5a6},
    {0x656, 0xe9a5ad},
    {0x1082, 0xe9a5ae},
    {0x875, 0xe9a5af},
    {0xd65, 0xe9a5b0},
    {0x40e, 0xe9a5b1},
    {0xdbc, 0xe9a5b2},
    {0x5225, 0xe9a5b3},
    {0x1624, 0xe9a5b4},
    {0x63b, 0xe9a5b5},
    {0xc9f, 0xe9a5b6},
    {0x1625, 0xe9a5b7},
    {0x899, 0xe9a5ba},
    {0x5228, 0xe9a5bb},
    {0x466, 0xe9a5bc},
    {0x1626, 0xe9a5bd},
    {0x5229, 0xe9a5be},
    {0x635, 0xe9a5bf},
    {0x1627, 0xe9a680},
    {0xb3c, 0xe9a681},
    {0x1628, 0xe9a684},
    {0xf47, 0xe9a685},
    {0x736, 0xe9a686},
    {0x1629, 0xe9a687},
    {0x98c, 0xe9a688},
    {0x522c, 0xe9a689},
    {0x162a, 0xe9a68a},
    {0x4bd, 0xe9a68b},
    {0x522d, 0xe9a68c},
    {0x162b, 0xe9a68d},
    {0x522e, 0xe9a68e},
    {0xa3c, 0xe9a68f},
    {0xa9f, 0xe9a692},
    {0xd6e, 0xe9a696},
    {0x126e, 0xe9a697},
    {0x12f9, 0xe9a698},
    {0xf50, 0xe9a699},
    {0x1b2b, 0xe9a6a5},
    {0x13de, 0xe9a6a8},
    {0x206d, 0xe9a6ac},
    {0x2242, 0xe9a6ad},
    {0x1f02, 0xe9a6ae},
    {0x2183, 0xe9a6b1},
    {0x5241, 0xe9a6b2},
    {0x1e85, 0xe9a6b3},
    {0x21e9, 0xe9a6b4},
    {0x524d, 0xe9a780},
    {0x1e57, 0xe9a781},
    {0x22a5, 0xe9a790},
    {0x2407, 0xe9a791},
    {0x1fca, 0xe9a792},
    {0x525c, 0xe9a793},
    {0x2402, 0xe9a794},
    {0x1f82, 0xe9a795},
    {0x2408, 0xe9a798},
    {0x2404, 0xe9a799},
    {0x525f, 0xe9a79a},
    {0x2131, 0xe9a79b},
    {0x5260, 0xe9a79c},
    {0x2184, 0xe9a79d},
    {0x5261, 0xe9a79e},
    {0x2403, 0xe9a79f},
    {0x5262, 0xe9a7a0},
    {0x206e, 0xe9a7a1},
    {0x240b, 0xe9a7a2},
    {0x1f3f, 0xe9a7ad},
    {0x2067, 0xe9a7b1},
    {0x1fd7, 0xe9a7bf},
    {0x527d, 0xe9a880},
    {0x1e83, 0xe9a881},
    {0x240f, 0xe9a885},
    {0x240e, 0xe9a88d},
    {0x20c7, 0xe9a88e},
    {0x240d, 0xe9a88f},
    {0x2412, 0xe9a896},
    {0x20b7, 0xe9a899},
    {0x23f0, 0xe9a8ab},
    {0x52a1, 0xe9a8ac},
    {0x2411, 0xe9a8ad},
    {0x2414, 0xe9a8ae},
    {0x52a2, 0xe9a8af},
    {0x2170, 0xe9a8b0},
    {0x2405, 0xe9a8b6},
    {0x210c, 0xe9a8b7},
    {0x2415, 0xe9a8b8},
    {0x2066, 0xe9a8be},
    {0x52ad, 0xe9a8bf},
    {0x2352, 0xe9a980},
    {0x2413, 0xe9a981},
    {0x2410, 0xe9a982},
    {0x20f1, 0xe9a985},
    {0x240a, 0xe9a98a},
    {0x2409, 0xe9a98d},
    {0x52b4, 0xe9a98e},
    {0x2418, 0xe9a98f},
    {0x1fa7, 0xe9a995},
    {0x52ba, 0xe9a996},
    {0x21fc, 0xe9a997},
    {0x1fc1, 0xe9a99a},
    {0x2406, 0xe9a99b},
    {0x229c, 0xe9a99f},
    {0x204e, 0xe9a9a2},
    {0x52c2, 0xe9a9a3},
    {0x241a, 0xe9a9a4},
    {0x2419, 0xe9a9a5},
    {0x240c, 0xe9a9aa},
    {0x52c7, 0xe9a9ab},
    {0xa94, 0xe9a9ac},
    {0x10e9, 0xe9a9ad},
    {0xe85, 0xe9a9ae},
    {0xfda, 0xe9a9af},
    {0x500, 0xe9a9b0},
    {0xc7a, 0xe9a9b1},
    {0x52c8, 0xe9a9b2},
    {0x47c, 0xe9a9b3},
    {0xa66, 0xe9a9b4},
    {0x17ba, 0xe9a9b5},
    {0xd52, 0xe9a9b6},
    {0x903, 0xe9a9b9},
    {0x17bd, 0xe9a9ba},
    {0x1201, 0xe9a9bb},
    {0xe86, 0xe9a9bc},
    {0x17bf, 0xe9a9bd},
    {0x850, 0xe9a9be},
    {0x17be, 0xe9a9bf},
    {0xa95, 0xe9aa82},
    {0x52c9, 0xe9aa83},
    {0x88f, 0xe9aa84},
    {0x17c2, 0xe9aa85},
    {0xa8d, 0xe9aa86},
    {0x75e, 0xe9aa87},
    {0x17c3, 0xe9aa88},
    {0x52ca, 0xe9aa89},
    {0x17c4, 0xe9aa8a},
    {0x4f7, 0xe9aa8b},
    {0x1012, 0xe9aa8c},
    {0x932, 0xe9aa8f},
    {0x17c5, 0xe9aa90},
    {0xc0e, 0xe9aa91},
    {0x17c8, 0xe9aa96},
    {0xbcc, 0xe9aa97},
    {0x17c9, 0xe9aa98},
    {0x52cf, 0xe9aa99},
    {0xce0, 0xe9aa9a},
    {0x1735, 0xe9aa9e},
    {0xa89, 0xe9aaa1},
    {0x11e7, 0xe9aaa4},
    {0x17d1, 0xe9aaa5},
    {0x52d0, 0xe9aaa6},
    {0x17d2, 0xe9aaa7},
    {0x720, 0xe9aaa8},
    {0x1e29, 0xe9aaaf},
    {0x1dd3, 0xe9aab0},
    {0x1dd2, 0xe9aab1},
    {0x1dd6, 0xe9aab6},
    {0x1dd4, 0xe9aab7},
    {0x758, 0xe9aab8},
    {0x52db, 0xe9aab9},
    {0x1dd7, 0xe9aaba},
    {0x52dc, 0xe9aabb},
    {0x1dd8, 0xe9aabc},
    {0x1dda, 0xe9ab80},
    {0x1dd9, 0xe9ab81},
    {0x1ddc, 0xe9ab82},
    {0x1ddb, 0xe9ab85},
    {0x2661, 0xe9ab8f},
    {0x52e9, 0xe9ab90},
    {0x1ddf, 0xe9ab91},
    {0x26a4, 0xe9ab92},
    {0xddd, 0xe9ab93},
    {0x2174, 0xe9ab94},
    {0x2663, 0xe9ab95},
    {0x2662, 0xe9ab96},
    {0x52ea, 0xe9ab97},
    {0x6da, 0xe9ab98},
    {0x1dec, 0xe9ab9f},
    {0x52f1, 0xe9aba0},
    {0x1ded, 0xe9aba1},
    {0x1dee, 0xe9aba6},
    {0x1df0, 0xe9abab},
    {0x52fa, 0xe9abac},
    {0x1df2, 0xe9abad},
    {0x2675, 0xe9abae},
    {0x1def, 0xe9abaf},
    {0x1df3, 0xe9abb9},
    {0x5304, 0xe9abba},
    {0x1df1, 0xe9abbb},
    {0x1234, 0xe9ac83},
    {0x214c, 0xe9ac86},
    {0x530e, 0xe9ac87},
    {0x1df4, 0xe9ac88},
    {0x267a, 0xe9ac8d},
    {0x5313, 0xe9ac8e},
    {0x1df5, 0xe9ac8f},
    {0x1df6, 0xe9ac93},
    {0x26a0, 0xe9ac9a},
    {0x1df7, 0xe9ac9f},
    {0x2668, 0xe9aca2},
    {0x1df8, 0xe9aca3},
    {0x5323, 0xe9aca4},
    {0x1ed0, 0xe9aca5},
    {0x5324, 0xe9aca6},
    {0x2096, 0xe9aca7},
    {0x5325, 0xe9aca8},
    {0x23cc, 0xe9aca9},
    {0x23c8, 0xe9acae},
    {0x139b, 0xe9acaf},
    {0x532a, 0xe9acb0},
    {0x223e, 0xe9acb1},
    {0x1260, 0xe9acb2},
    {0x1773, 0xe9acbb},
    {0x746, 0xe9acbc},
    {0x5336, 0xe9ad80},
    {0x98a, 0xe9ad81},
    {0x7ff, 0xe9ad82},
    {0x1de1, 0xe9ad83},
    {0xbe6, 0xe9ad84},
    {0x1de0, 0xe9ad85},
    {0x5337, 0xe9ad86},
    {0x1de2, 0xe9ad87},
    {0x1de4, 0xe9ad88},
    {0x1de3, 0xe9ad89},
    {0x1de5, 0xe9ad8d},
    {0x2665, 0xe9ad8e},
    {0xec9, 0xe9ad8f},
    {0x533b, 0xe9ad90},
    {0x1de6, 0xe9ad91},
    {0xb0a, 0xe9ad94},
    {0x2664, 0xe9ad98},
    {0x5341, 0xe9ad99},
    {0x2239, 0xe9ad9a},
    {0x204a, 0xe9adaf},
    {0x261f, 0xe9adb4},
    {0x261e, 0xe9adb7},
    {0x5364, 0xe9ae80},
    {0x2620, 0xe9ae81},
    {0x5365, 0xe9ae82},
    {0x2621, 0xe9ae83},
    {0x2622, 0xe9ae8e},
    {0x5370, 0xe9ae8f},
    {0x2627, 0xe9ae90},
    {0x1e39, 0xe9ae91},
    {0x2625, 0xe9ae92},
    {0x2629, 0xe9ae9a},
    {0x262e, 0xe9ae9d},
    {0x262b, 0xe9ae9e},
    {0x262a, 0xe9aeaa},
    {0x262d, 0xe9aeab},
    {0x5385, 0xe9aeac},
    {0x2628, 0xe9aead},
    {0x21b9, 0xe9aeae},
    {0x2636, 0xe9af80},
    {0x2630, 0xe9af81},
    {0x2638, 0xe9af87},
    {0x539c, 0xe9af88},
    {0x200d, 0xe9af89},
    {0x2637, 0xe9af8a},
    {0x2645, 0xe9af94},
    {0x53a6, 0xe9af95},
    {0x263a, 0xe9af96},
    {0x2643, 0xe9af9b},
    {0x53ab, 0xe9af9c},
    {0x2640, 0xe9af9d},
    {0x263d, 0xe9afa1},
    {0x2641, 0xe9afa2},
    {0x53af, 0xe9afa3},
    {0x263e, 0xe9afa4},
    {0x263f, 0xe9afa7},
    {0x1fc0, 0xe9afa8},
    {0x53b2, 0xe9afa9},
    {0x2642, 0xe9afb0},
    {0x2644, 0xe9afb4},
    {0x2639, 0xe9afbd},
    {0x53c2, 0xe9afbe},
    {0x264c, 0xe9afbf},
    {0x2647, 0xe9b088},
    {0x264b, 0xe9b089},
    {0x2649, 0xe9b08d},
    {0x2648, 0xe9b090},
    {0x53d0, 0xe9b091},
    {0x264a, 0xe9b092},
    {0x2108, 0xe9b093},
    {0x264d, 0xe9b0a0},
    {0x2634, 0xe9b0a3},
    {0x53df, 0xe9b0a4},
    {0x2651, 0xe9b0a5},
    {0x2650, 0xe9b0a8},
    {0x2652, 0xe9b0a9},
    {0x264f, 0xe9b0ad},
    {0x2632, 0xe9b0b1},
    {0x264e, 0xe9b0b2},
    {0x2653, 0xe9b0b3},
    {0x53e8, 0xe9b0b4},
    {0x2657, 0xe9b0b5},
    {0x53e9, 0xe9b0b6},
    {0x2635, 0xe9b0b7},
    {0x53ea, 0xe9b0b8},
    {0x2633, 0xe9b0b9},
    {0x53eb, 0xe9b0ba},
    {0x2656, 0xe9b0bb},
    {0x2654, 0xe9b0be},
    {0x53ee, 0xe9b0bf},
    {0x2658, 0xe9b185},
    {0x2655, 0xe9b188},
    {0x1e4d, 0xe9b189},
    {0x265b, 0xe9b192},
    {0x53fe, 0xe9b193},
    {0x265a, 0xe9b194},
    {0x53ff, 0xe9b195},
    {0x2659, 0xe9b196},
    {0x202e, 0xe9b197},
    {0x262f, 0xe9b198},
    {0x2646, 0xe9b19d},
    {0x5404, 0xe9b19e},
    {0x2626, 0xe9b19f},
    {0x265c, 0xe9b1a7},
    {0x262c, 0xe9b1ad},
    {0x2623, 0xe9b1b8},
    {0x541b, 0xe9b1b9},
    {0x2631, 0xe9b1ba},
    {0x541c, 0xe9b1bb},
    {0x10c8, 0xe9b1bc},
    {0x1d89, 0xe9b1bf},
    {0x541f, 0xe9b280},
    {0xa5a, 0xe9b281},
    {0x1d8a, 0xe9b282},
    {0x1d90, 0xe9b28b},
    {0x5424, 0xe9b28c},
    {0x414, 0xe9b28d},
    {0x1d91, 0xe9b28e},
    {0x5425, 0xe9b28f},
    {0x5426, 0xe9b293},
    {0xf37, 0xe9b29c},
    {0x542b, 0xe9b29d},
    {0x9db, 0xe9b2a4},
    {0x542c, 0xe9b2aa},
    {0x1da4, 0xe9b2ab},
    {0x542d, 0xe9b2ac},
    {0x542e, 0xe9b2af},
    {0x8d7, 0xe9b2b8},
    {0x542f, 0xe9b2b9},
    {0xcd5, 0xe9b383},
    {0x457, 0xe9b396},
    {0xa24, 0xe9b39e},
    {0x1dc6, 0xe9b39f},
    {0x1dc7, 0xe9b3a2},
    {0x209c, 0xe9b3a5},
    {0x2580, 0xe9b3a9},
    {0x22dc, 0xe9b3ac},
    {0x1f05, 0xe9b3b3},
    {0x208b, 0xe9b3b4},
    {0x544a, 0xe9b3b5},
    {0x2581, 0xe9b3b6},
    {0x2583, 0xe9b486},
    {0x2582, 0xe9b487},
    {0x545a, 0xe9b488},
    {0x21ee, 0xe9b489},
    {0x2182, 0xe9b495},
    {0x2243, 0xe9b49b},
    {0x546b, 0xe9b49c},
    {0x2587, 0xe9b49d},
    {0x546c, 0xe9b49e},
    {0x2588, 0xe9b49f},
    {0x2584, 0xe9b4a3},
    {0x21fd, 0xe9b4a6},
    {0x5472, 0xe9b4a7},
    {0x21ef, 0xe9b4a8},
    {0x258a, 0xe9b4af},
    {0x258c, 0xe9b4b0},
    {0x1f47, 0xe9b4bb},
    {0x1f1d, 0xe9b4bf},
    {0x258d, 0xe9b582},
    {0x1fd0, 0xe9b591},
    {0x2592, 0xe9b592},
    {0x258f, 0xe9b593},
    {0x2594, 0xe9b59c},
    {0x1ee0, 0xe9b59d},
    {0x2591, 0xe9b5a0},
    {0x2595, 0xe9b5a1},
    {0x2597, 0xe9b5aa},
    {0x54a8, 0xe9b5ab},
    {0x20b6, 0xe9b5ac},
    {0x2598, 0xe9b5af},
    {0x20f6, 0xe9b5b2},
    {0x2585, 0xe9b687},
    {0x54c1, 0xe9b688},
    {0x2599, 0xe9b689},
    {0x2596, 0xe9b693},
    {0x259a, 0xe9b698},
    {0x54cf, 0xe9b699},
    {0x259b, 0xe9b69a},
    {0x259d, 0xe9b6a5},
    {0x259e, 0xe9b6a9},
    {0x234c, 0xe9b6af},
    {0x1f44, 0xe9b6b4},
    {0x2660, 0xe9b6bb},
    {0x25a0, 0xe9b6bc},
    {0x259c, 0xe9b780},
    {0x54ef, 0xe9b781},
    {0x259f, 0xe9b782},
    {0x54f0, 0xe9b783},
    {0x1f6c, 0xe9b784},
    {0x25a2, 0xe9b793},
    {0x20ae, 0xe9b797},
    {0x5502, 0xe9b798},
    {0x258b, 0xe9b799},
    {0x25a3, 0xe9b79a},
    {0x2589, 0xe9b7a5},
    {0x25a5, 0xe9b7a6},
    {0x25a4, 0xe9b7af},
    {0x25a6, 0xe9b7b2},
    {0x2593, 0xe9b7b3},
    {0x25a7, 0xe9b7b8},
    {0x2222, 0xe9b7b9},
    {0x25a9, 0xe9b7ba},
    {0x25a8, 0xe9b88c},
    {0x2586, 0xe9b895},
    {0x25a1, 0xe9b89a},
    {0x25aa, 0xe9b89b},
    {0x5538, 0xe9b89c},
    {0x2590, 0xe9b89d},
    {0x258e, 0xe9b89e},
    {0xb54, 0xe9b89f},
    {0x1b35, 0xe9b8a0},
    {0x819, 0xe9b8a1},
    {0x1b36, 0xe9b8a2},
    {0xafe, 0xe9b8a3},
    {0x5539, 0xe9b8a4},
    {0xb79, 0xe9b8a5},
    {0xfe4, 0xe9b8a6},
    {0x553a, 0xe9b8a7},
    {0xfe5, 0xe9b8ad},
    {0x553b, 0xe9b8ae},
    {0x1015, 0xe9b8af},
    {0x553c, 0xe9b8b0},
    {0x1b3d, 0xe9b8b1},
    {0x1b3c, 0xe9b8b2},
    {0x10ea, 0xe9b8b3},
    {0x553d, 0xe9b8b4},
    {0xe83, 0xe9b8b5},
    {0x1b3e, 0xe9b8b6},
    {0x1b40, 0xe9b8b7},
    {0x1b3f, 0xe9b8b8},
    {0x6e6, 0xe9b8bd},
    {0x1b43, 0xe9b8be},
    {0x79f, 0xe9b8bf},
    {0x5540, 0xe9b980},
    {0x918, 0xe9b983},
    {0x1b46, 0xe9b984},
    {0x62b, 0xe9b985},
    {0xc90, 0xe9b98a},
    {0x5541, 0xe9b98d},
    {0x1b4d, 0xe9b98e},
    {0xbb5, 0xe9b98f},
    {0x5542, 0xe9b990},
    {0x1b4e, 0xe9b991},
    {0x1b4f, 0xe9b995},
    {0x5546, 0xe9b996},
    {0x1b50, 0xe9b997},
    {0x1dd5, 0xe9b998},
    {0x5547, 0xe9b999},
    {0x5548, 0xe9b99d},
    {0x1b54, 0xe9b99e},
    {0x1b55, 0xe9b9a3},
    {0x78e, 0xe9b9a4},
    {0x554d, 0xe9b9a5},
    {0x1b5e, 0xe9b9ad},
    {0x108a, 0xe9b9b0},
    {0x1b5d, 0xe9b9b1},
    {0x5550, 0xe9b9b2},
    {0x1b5f, 0xe9b9b3},
    {0x5551, 0xe9b9b4},
    {0x2688, 0xe9b9b5},
    {0x269e, 0xe9b9b9},
    {0x25fb, 0xe9b9ba},
    {0x5555, 0xe9b9bb},
    {0x1f8c, 0xe9b9bc},
    {0x21f4, 0xe9b9bd},
    {0x1d16, 0xe9b9be},
    {0xa60, 0xe9b9bf},
    {0x1dfc, 0xe9ba82},
    {0x1dff, 0xe9ba8b},
    {0x1e00, 0xe9ba92},
    {0xa5b, 0xe9ba93},
    {0x200f, 0xe9ba97},
    {0x1e02, 0xe9ba9d},
    {0x556c, 0xe9ba9e},
    {0x1e03, 0xe9ba9f},
    {0x2071, 0xe9baa5},
    {0xa9a, 0xe9baa6},
    {0x25f7, 0xe9baa9},
    {0x2696, 0xe9baaf},
    {0x1cee, 0xe9bab4},
    {0x268f, 0xe9bab5},
    {0x1ced, 0xe9bab8},
    {0xa90, 0xe9babb},
    {0x5581, 0xe9babc},
    {0x5582, 0xe9babf},
    {0x7db, 0xe9bb84},
    {0x12f8, 0xe9bb89},
    {0x22da, 0xe9bb8c},
    {0xd89, 0xe9bb8d},
    {0x9d3, 0xe9bb8e},
    {0x1b2a, 0xe9bb8f},
    {0x558d, 0xe9bb90},
    {0x791, 0xe9bb91},
    {0xc2a, 0xe9bb94},
    {0xb0f, 0xe9bb98},
    {0x1ec1, 0xe9bb9e},
    {0x1e08, 0xe9bb9f},
    {0x1e07, 0xe9bba0},
    {0x5595, 0xe9bba1},
    {0x1e09, 0xe9bba2},
    {0x1e0c, 0xe9bba5},
    {0x5598, 0xe9bba6},
    {0x1e0b, 0xe9bba7},
    {0x1eb3, 0xe9bba8},
    {0x1e0a, 0xe9bba9},
    {0x1e0d, 0xe9bbaa},
    {0x1e0e, 0xe9bbaf},
    {0x266a, 0xe9bbb2},
    {0x559f, 0xe9bbb3},
    {0x268a, 0xe9bbb4},
    {0x2669, 0xe9bbb7},
    {0x55a2, 0xe9bbb8},
    {0x1a55, 0xe9bbb9},
    {0x55a3, 0xe9bbba},
    {0x2618, 0xe9bbbd},
    {0x1d76, 0xe9bbbe},
    {0x2619, 0xe9bbbf},
    {0x261a, 0xe9bc89},
    {0x55ad, 0xe9bc8a},
    {0x1d77, 0xe9bc8b},
    {0x55ae, 0xe9bc8c},
    {0x1d78, 0xe9bc8d},
    {0x5e5, 0xe9bc8e},
    {0x55af, 0xe9bc8f},
    {0x1274, 0xe9bc90},
    {0x71d, 0xe9bc93},
    {0x55b2, 0xe9bc94},
    {0x2673, 0xe9bc95},
    {0x55b3, 0xe9bc96},
    {0x1271, 0xe9bc97},
    {0x55b4, 0xe9bc98},
    {0x13df, 0xe9bc99},
    {0xd8a, 0xe9bca0},
    {0x55bb, 0xe9bca1},
    {0x1e0f, 0xe9bca2},
    {0x1e10, 0xe9bcac},
    {0x1e11, 0xe9bcaf},
    {0x1e13, 0xe9bcb7},
    {0x55ce, 0xe9bcb8},
    {0x1e12, 0xe9bcb9},
    {0x55cf, 0xe9bcba},
    {0x430, 0xe9bcbb},
    {0x55d0, 0xe9bcbc},
    {0x55d1, 0xe9bcbf},
    {0x1e16, 0xe9bd84},
    {0x20c6, 0xe9bd8a},
    {0x226b, 0xe9bd8b},
    {0x24d3, 0xe9bd8f},
    {0xc0a, 0xe9bd90},
    {0x19c2, 0xe9bd91},
    {0x1e86, 0xe9bd92},
    {0x55de, 0xe9bd93},
    {0x260f, 0xe9bd94},
    {0x2611, 0xe9bd99},
    {0x2613, 0xe9bd9c},
    {0x2610, 0xe9bd9f},
    {0x2612, 0xe9bda0},
    {0x2030, 0xe9bda1},
    {0x55e7, 0xe9bda2},
    {0x2671, 0xe9bda3},
    {0x2614, 0xe9bda6},
    {0x2616, 0xe9bdaa},
    {0x55ed, 0xe9bdab},
    {0x2615, 0xe9bdac},
    {0x20f2, 0xe9bdb2},
    {0x2617, 0xe9bdb7},
    {0x502, 0xe9bdbf},
    {0x1d6d, 0xe9be80},
    {0x1d6e, 0xe9be83},
    {0xa2d, 0xe9be84},
    {0xc7e, 0xe9be8b},
    {0x1d75, 0xe9be8c},
    {0x2037, 0xe9be8d},
    {0x20b3, 0xe9be90},
    {0x1f22, 0xe9be94},
    {0x24ed, 0xe9be95},
    {0xa43, 0xe9be99},
    {0x701, 0xe9be9a},
    {0x1a54, 0xe9be9b},
    {0x1f34, 0xe9be9c},
    {0x743, 0xe9be9f},
    {0x12f3, 0xe9bea0},
    {0x5628, 0xe9beb4},
    {0x5630, 0xe9beb5},
    {0x563c, 0xe9beb8},
    {0x564d, 0xe9beb9},
    {0x565e, 0xe9beba},
    {0x566e, 0xe9bebb},
    {0x5751, 0xee9dac},
    {0x257, 0xee9e96},
    {0x2b7, 0xee9f87},
    {0x2ba, 0xee9f88},
    {0x560f, 0xefa4ac},
    {0xa02, 0xefa5b9},
    {0x40d3, 0xefa695},
    {0x200c, 0xefa7a7},
    {0x5083, 0xefa7b1},
    {0x1259, 0xefa88c},
    {0x5613, 0xefa891},
    {0x5616, 0xefa898},
    {0x23d, 0xefb890},
    {0x23f, 0xefb891},
    {0x23e, 0xefb892},
    {0x257, 0xefb899},
    {0x271d, 0xefb8b0},
    {0x256, 0xefb8b1},
    {0x248, 0xefb8bf},
    {0x249, 0xefb980},
    {0xa6, 0xefbc84},
    {0x6a, 0xefbd9e},
    {0x271e, 0xefbfa2},
    {0x163, 0xefbfa3},
    {0x271f, 0xefbfa4},
    {0x109, 0xefbfa5},
    {0x5620, 0xf0a08287},
    {0x5621, 0xf0a08289},
    {0x5622, 0xf0a0838c},
    {0x76a8, 0xf0a085a4},
    {0x564d, 0xf0a09489},
    {0x76a9, 0xf0a099b6},
    {0x565e, 0xf0a0a69d},
    {0x76aa, 0xf0a0b390},
    {0x76ab, 0xf0a18e9a},
    {0x76ac, 0xf0a19093},
    {0x563b, 0xf0a19797},
    {0x5645, 0xf0a2a68f},
    {0x76ad, 0xf0a3978b},
    {0x76b0, 0xf0a3b8a3},
    {0x565f, 0xf0a487be},
    {0x76b1, 0xf0a4a79b},
    {0x76b2, 0xf0a4a9bd},
    {0x76b3, 0xf0a4ab89},
    {0x76b4, 0xf0a594b2},
    {0x76b5, 0xf0a595a2},
    {0x76b6, 0xf0a596a8},
    {0x76b7, 0xf0a5bb97},
    {0x76b8, 0xf0a688a1},
    {0x76b9, 0xf0a6928d},
    {0x76ba, 0xf0a699b6},
    {0x76bb, 0xf0a69dbc},
    {0x76bc, 0xf0a6ad9c},
    {0x76bd, 0xf0a6b0a1},
    {0x76be, 0xf0a7bfb9},
    {0x76bf, 0xf0a89088},
    {0x76c0, 0xf0a899b8},
    {0x76c1, 0xf0a89a95},
    {0x76c2, 0xf0a89fa0},
    {0x76c3, 0xf0a8ad89},
    {0x76c4, 0xf0a8b187},
    {0x76c5, 0xf0a8b18f},
    {0x76c6, 0xf0a8b191},
    {0x76c7, 0xf0a8b194},
    {0x76c8, 0xf0a8ba99},
    {0x76c9, 0xf0a9bdbe},
    {0x76ca, 0xf0a9be83},
    {0x76cb, 0xf0a9be8c},
    {0x76cc, 0xf0aa9f9d},
    {0x76cd, 0xf0aaa3bb},
    {0x76ce, 0xf0aaa497},
    {0x76cf, 0xf0aaa8b0},
    {0x76d0, 0xf0aaa8b6},
    {0x76d1, 0xf0aaa998},
    {0x76d2, 0xf0aabea2},
    {0x76d7, 0xf0ab87ad},
    {0x76d8, 0xf0ab8c80},
    {0x76d9, 0xf0ab8da3},
    {0x76da, 0xf0ab8daf},
    {0x76db, 0xf0ab8db2},
    {0x76dc, 0xf0ab8dbd},
    {0x76dd, 0xf0ab9084},
    {0x76de, 0xf0ab9090},
    {0x76df, 0xf0ab9093},
    {0x76e0, 0xf0ab91a1},
    {0x76e1, 0xf0ab93a7},
    {0x76e2, 0xf0ab93af},
    {0x76e3, 0xf0ab93b6},
    {0x76e4, 0xf0ab93b9},
    {0x76e7, 0xf0ab94b6},
    {0x76ea, 0xf0ab96b3},
    {0x76eb, 0xf0ab97a7},
    {0x76ec, 0xf0ab97b4},
    {0x76f2, 0xf0ab98aa},
    {0x76f3, 0xf0ab98ac},
    {0x76f6, 0xf0ab9aad},
    {0x76f7, 0xf0ab9bad},
    {0x76f8, 0xf0ab9ea9},
    {0x76f9, 0xf0ab9f85},
    {0x76fa, 0xf0ab9fa6},
    {0x76fb, 0xf0ab9fb9},
    {0x76fc, 0xf0ab9fbc},
    {0x76fd, 0xf0aba086},
    {0x76fe, 0xf0aba08a},
    {0x76ff, 0xf0aba09c},
    {0x7700, 0xf0aba2b8},
    {0x7701, 0xf0abab87},
    {0x7702, 0xf0abad9f},
    {0x7703, 0xf0abada2},
    {0x7704, 0xf0abadbc},
    {0x7705, 0xf0abae83},
    {0x7706, 0xf0abb09b},
    {0x7707, 0xf0abb5b7},
    {0x7708, 0xf0abb687},
    {0x7709, 0xf0abb7b7},
    {0x770a, 0xf0abb8a9},
    {0x770d, 0xf0ac82a9},
    {0x770e, 0xf0ac838a},
    {0x770f, 0xf0ac8795},
    {0x7710, 0xf0ac8799},
    {0x7711, 0xf0ac87b9},
    {0x7712, 0xf0ac89bc},
    {0x7713, 0xf0ac8a88},
    {0x7714, 0xf0ac8aa4},
    {0x7715, 0xf0ac8c97},
    {0x7716, 0xf0ac8d9b},
    {0x7717, 0xf0ac8da1},
    {0x7718, 0xf0ac8da4},
    {0x7719, 0xf0ac9288},
    {0x771a, 0xf0ac9294},
    {0x771b, 0xf0ac9297},
    {0x771c, 0xf0ac9582},
    {0x771d, 0xf0ac9893},
    {0x771e, 0xf0ac9898},
    {0x771f, 0xf0ac98a1},
    {0x7720, 0xf0ac98a9},
    {0x7724, 0xf0ac98af},
    {0x7725, 0xf0ac9982},
    {0x7728, 0xf0ac9cac},
    {0x7729, 0xf0ac9caf},
    {0x772a, 0xf0ac9e9f},
    {0x772b, 0xf0ac9f81},
    {0x772c, 0xf0ac9fbd},
    {0x772d, 0xf0aca399},
    {0x772e, 0xf0aca39e},
    {0x772f, 0xf0aca3a1},
    {0x7730, 0xf0aca3b3},
    {0x7731, 0xf0aca487},
    {0x7732, 0xf0aca48a},
    {0x7733, 0xf0aca49d},
    {0x7734, 0xf0aca882},
    {0x7735, 0xf0aca88e},
    {0x7736, 0xf0aca9bd},
    {0x7737, 0xf0acaaa9},
    {0x7738, 0xf0acaca9},
    {0x773b, 0xf0acacb1},
    {0x773e, 0xf0acacbb},
    {0x773f, 0xf0acacbf},
    {0x7740, 0xf0acad81},
    {0x7741, 0xf0acad8a},
    {0x7742, 0xf0acad8e},
    {0x7745, 0xf0acada4},
    {0x7746, 0xf0acada9},
    {0x7747, 0xf0acadac},
    {0x7748, 0xf0acadaf},
    {0x7749, 0xf0acadb3},
    {0x774a, 0xf0acadb6},
    {0x774b, 0xf0acadb8},
    {0x774c, 0xf0acadbc},
    {0x774d, 0xf0acaeb1},
    {0x774e, 0xf0acaebf},
    {0x774f, 0xf0acaf80},
    {0x7750, 0xf0acaf8e},
    {0x7751, 0xf0acb196},
    {0x7752, 0xf0acb19f},
    {0x7755, 0xf0acb3bd},
    {0x7756, 0xf0acb3bf},
    {0x7759, 0xf0acb48a},
    {0x775a, 0xf0acb68b},
    {0x775b, 0xf0acb68d},
    {0x7760, 0xf0acb6a8},
    {0x7763, 0xf0acb795},
    {0x7764, 0xf0acb898},
    {0x7765, 0xf0acb89a},
    {0x7766, 0xf0acb8a3},
    {0x7767, 0xf0acb8a6},
    {0x7768, 0xf0acb8aa},
    {0x7769, 0xf0acb9bc},
    {0x776a, 0xf0acba88},
    {0x776b, 0xf0acba93},
};

static pdf_char_range_map_t char_range_map_UNIGB_UTF8_H[] = {
    {0x20, 0x7e, 0x1},
    {0xcb8a, 0xcb8b, 0x26b3},
    {0xce91, 0xcea1, 0x20d},
    {0xcea3, 0xcea9, 0x21e},
    {0xceb1, 0xcebf, 0x225},
    {0xcf80, 0xcf81, 0x234},
    {0xcf83, 0xcf89, 0x236},
    {0xd090, 0xd095, 0x25a},
    {0xd096, 0xd0b5, 0x261},
    {0xd0b6, 0xd0bf, 0x282},
    {0xd180, 0xd18f, 0x28c},
    {0xe28098, 0xe28099, 0x6d},
    {0xe2809c, 0xe2809d, 0x6f},
    {0xe280b2, 0xe280b3, 0xa3},
    {0xe285a0, 0xe285ab, 0xfa},
    {0xe285b0, 0xe285b9, 0x26a9},
    {0xe28690, 0xe28691, 0xba},
    {0xe28696, 0xe28699, 0x26bc},
    {0xe288a7, 0xe288a8, 0x83},
    {0xe289a4, 0xe289a5, 0x9b},
    {0xe289a6, 0xe289a7, 0x26c4},
    {0xe289ae, 0xe289af, 0x99},
    {0xe28ca9, 0xe28caa, 0x73},
    {0xe291a0, 0xe291a9, 0xe6},
    {0xe291b4, 0xe291bf, 0xd2},
    {0xe29280, 0xe29287, 0xde},
    {0xe29288, 0xe2929b, 0xbe},
    {0xe29480, 0xe294bf, 0x2e2},
    {0xe29580, 0xe2958b, 0x322},
    {0xe29590, 0xe295b3, 0x26c7},
    {0xe29681, 0xe2968f, 0x26eb},
    {0xe29693, 0xe29695, 0x26fa},
    {0xe296bc, 0xe296bd, 0x26fd},
    {0xe297a2, 0xe297a5, 0x26ff},
    {0xe2ba82, 0xe2ba83, 0x579d},
    {0xe2ba85, 0xe2ba87, 0x579f},
    {0xe2ba89, 0xe2ba8a, 0x57a2},
    {0xe2ba8d, 0xe2ba96, 0x57a4},
    {0xe2ba98, 0xe2ba99, 0x57ae},
    {0xe2ba9b, 0xe2baa6, 0x57b0},
    {0xe2baa8, 0xe2baa9, 0x57bc},
    {0xe2baab, 0xe2baad, 0x57be},
    {0xe2baaf, 0xe2bab2, 0x57c1},
    {0xe2bab4, 0xe2bab5, 0x57c5},
    {0xe2bab6, 0xe2bab7, 0x5643},
    {0xe2bab8, 0xe2baba, 0x57c7},
    {0xe2babc, 0xe2babf, 0x57ca},
    {0xe2bb80, 0xe2bb89, 0x57ce},
    {0xe2bb8b, 0xe2bbb3, 0x57d8},
    {0xe2bfb0, 0xe2bfbb, 0x274c},
    {0xe38080, 0xe38082, 0x60},
    {0xe38088, 0xe3808f, 0x73},
    {0xe38090, 0xe38091, 0x7d},
    {0xe38094, 0xe38095, 0x71},
    {0xe38096, 0xe38097, 0x7b},
    {0xe3809d, 0xe3809e, 0x2706},
    {0xe380a1, 0xe380a9, 0x2708},
    {0xe380b3, 0xe380b5, 0x577b},
    {0xe380b8, 0xe380ba, 0x577e},
    {0xe38181, 0xe381bf, 0x164},
    {0xe38280, 0xe38293, 0x1a3},
    {0xe3829b, 0xe3829c, 0x2724},
    {0xe3829d, 0xe3829e, 0x2729},
    {0xe382a1, 0xe382bf, 0x1b7},
    {0xe38380, 0xe383b6, 0x1d6},
    {0xe383bd, 0xe383be, 0x2726},
    {0xe38485, 0xe384a6, 0x2bc},
    {0xe384a8, 0xe384a9, 0x2df},
    {0xe384aa, 0xe384ac, 0x5781},
    {0xe386a0, 0xe386b7, 0x5784},
    {0xe388a0, 0xe388a9, 0xf0},
    {0xe38e8e, 0xe38e8f, 0x2712},
    {0xe38e9c, 0xe38e9e, 0x2714},
    {0xe38f91, 0xe38f92, 0x271a},
    {0xe39080, 0xe390bf, 0x5801},
    {0xe39180, 0xe39186, 0x5841},
    {0xe39188, 0xe391b2, 0x5848},
    {0xe391b4, 0xe391bf, 0x5873},
    {0xe39280, 0xe392bf, 0x587f},
    {0xe39380, 0xe393bf, 0x58bf},
    {0xe39480, 0xe394bf, 0x58ff},
    {0xe39580, 0xe395bf, 0x593f},
    {0xe39680, 0xe3969d, 0x597f},
    {0xe3969f, 0xe396bf, 0x599d},
    {0xe39780, 0xe397bf, 0x59be},
    {0xe39880, 0xe3988d, 0x59fe},
    {0xe3988f, 0xe39899, 0x5a0c},
    {0xe3989b, 0xe398bf, 0x5a17},
    {0xe39980, 0xe399bf, 0x5a3c},
    {0xe39a80, 0xe39abf, 0x5a7c},
    {0xe39b80, 0xe39bbf, 0x5abc},
    {0xe39c80, 0xe39cbf, 0x5afc},
    {0xe39d80, 0xe39dbf, 0x5b3c},
    {0xe39e80, 0xe39ebf, 0x5b7c},
    {0xe39f80, 0xe39fbf, 0x5bbc},
    {0xe3a080, 0xe3a0bf, 0x5bfc},
    {0xe3a180, 0xe3a1bf, 0x5c3c},
    {0xe3a280, 0xe3a2bf, 0x5c7c},
    {0xe3a380, 0xe3a3bf, 0x5cbc},
    {0xe3a480, 0xe3a497, 0x5cfc},
    {0xe3a499, 0xe3a4bf, 0x5d14},
    {0xe3a580, 0xe3a5ad, 0x5d3b},
    {0xe3a5af, 0xe3a5bf, 0x5d69},
    {0xe3a680, 0xe3a6bf, 0x5d7a},
    {0xe3a780, 0xe3a78e, 0x5dba},
    {0xe3a791, 0xe3a79e, 0x5dc9},
    {0xe3a7a0, 0xe3a7bf, 0x5dd7},
    {0xe3a880, 0xe3a8bf, 0x5df7},
    {0xe3a980, 0xe3a9b2, 0x5e37},
    {0xe3a9b4, 0xe3a9bf, 0x5e6a},
    {0xe3aa80, 0xe3aabf, 0x5e76},
    {0xe3ab80, 0xe3abbf, 0x5eb6},
    {0xe3ac80, 0xe3acbf, 0x5ef6},
    {0xe3ad80, 0xe3ad8d, 0x5f36},
    {0xe3ad8f, 0xe3adbf, 0x5f44},
    {0xe3ae80, 0xe3aebf, 0x5f75},
    {0xe3af80, 0xe3afbf, 0x5fb5},
    {0xe3b080, 0xe3b0bf, 0x5ff5},
    {0xe3b180, 0xe3b1ad, 0x6035},
    {0xe3b1af, 0xe3b1bf, 0x6063},
    {0xe3b280, 0xe3b2bf, 0x6074},
    {0xe3b380, 0xe3b39f, 0x60b4},
    {0xe3b3a1, 0xe3b3bf, 0x60d4},
    {0xe3b480, 0xe3b4bf, 0x60f3},
    {0xe3b580, 0xe3b5bf, 0x6133},
    {0xe3b680, 0xe3b6bf, 0x6173},
    {0xe3b780, 0xe3b7bf, 0x61b3},
    {0xe3b880, 0xe3b8bf, 0x61f3},
    {0xe3b980, 0xe3b9bf, 0x6233},
    {0xe3ba80, 0xe3babf, 0x6273},
    {0xe3bb80, 0xe3bbbf, 0x62b3},
    {0xe3bc80, 0xe3bcbf, 0x62f3},
    {0xe3bd80, 0xe3bdbf, 0x6333},
    {0xe3be80, 0xe3bebf, 0x6373},
    {0xe3bf80, 0xe3bfbf, 0x63b3},
    {0xe48080, 0xe480bf, 0x63f3},
    {0xe48180, 0xe48195, 0x6433},
    {0xe48197, 0xe481bf, 0x6449},
    {0xe48280, 0xe482bf, 0x6472},
    {0xe48380, 0xe483bf, 0x64b2},
    {0xe48480, 0xe484bf, 0x64f2},
    {0xe48580, 0xe4859e, 0x6532},
    {0xe485a0, 0xe485bf, 0x6551},
    {0xe48680, 0xe486bf, 0x6571},
    {0xe48780, 0xe487bf, 0x65b1},
    {0xe48880, 0xe488bf, 0x65f1},
    {0xe48980, 0xe489bf, 0x6631},
    {0xe48a80, 0xe48abf, 0x6671},
    {0xe48b80, 0xe48bbf, 0x66b1},
    {0xe48c80, 0xe48cb6, 0x66f1},
    {0xe48cb8, 0xe48cbf, 0x6728},
    {0xe48d80, 0xe48dbf, 0x6730},
    {0xe48e80, 0xe48eab, 0x6770},
    {0xe48ead, 0xe48eb0, 0x679c},
    {0xe48eb2, 0xe48ebf, 0x67a0},
    {0xe48f80, 0xe48f9c, 0x67ae},
    {0xe48f9e, 0xe48fbf, 0x67cb},
    {0xe49080, 0xe490bf, 0x67ed},
    {0xe49180, 0xe491bf, 0x682d},
    {0xe49280, 0xe492bf, 0x686d},
    {0xe49380, 0xe49395, 0x68ad},
    {0xe49397, 0xe493bf, 0x68c3},
    {0xe49480, 0xe494bf, 0x68ec},
    {0xe49580, 0xe495bf, 0x692c},
    {0xe49680, 0xe496bf, 0x696c},
    {0xe49780, 0xe497bf, 0x69ac},
    {0xe49880, 0xe498bf, 0x69ec},
    {0xe49980, 0xe4998b, 0x6a2c},
    {0xe4998d, 0xe499a0, 0x6a38},
    {0xe499a2, 0xe499bf, 0x6a4c},
    {0xe49a80, 0xe49abf, 0x6a6a},
    {0xe49b80, 0xe49bbf, 0x6aaa},
    {0xe49c80, 0xe49ca2, 0x6aea},
    {0xe49ca4, 0xe49ca8, 0x6b0d},
    {0xe49caa, 0xe49cbf, 0x6b12},
    {0xe49d80, 0xe49dbb, 0x6b28},
    {0xe49dbd, 0xe49dbf, 0x6b64},
    {0xe49e80, 0xe49e8c, 0x6b67},
    {0xe49e8e, 0xe49ebf, 0x6b74},
    {0xe49f80, 0xe49fbf, 0x6ba6},
    {0xe4a080, 0xe4a0bf, 0x6be6},
    {0xe4a180, 0xe4a1bf, 0x6c26},
    {0xe4a280, 0xe4a2bf, 0x6c66},
    {0xe4a380, 0xe4a3bf, 0x6ca6},
    {0xe4a480, 0xe4a4bf, 0x6ce6},
    {0xe4a580, 0xe4a586, 0x6d26},
    {0xe4a588, 0xe4a5b9, 0x6d2d},
    {0xe4a5bb, 0xe4a5bc, 0x6d5f},
    {0xe4a5be, 0xe4a5bf, 0x6d61},
    {0xe4a680, 0xe4a681, 0x6d63},
    {0xe4a682, 0xe4a683, 0x5656},
    {0xe4a685, 0xe4a686, 0x5658},
    {0xe4a687, 0xe4a69a, 0x6d66},
    {0xe4a69c, 0xe4a69e, 0x6d7a},
    {0xe4a6a0, 0xe4a6b5, 0x6d7d},
    {0xe4a6b8, 0xe4a6bf, 0x6d93},
    {0xe4a780, 0xe4a7bf, 0x6d9b},
    {0xe4a880, 0xe4a8bf, 0x6ddb},
    {0xe4a980, 0xe4a9bf, 0x6e1b},
    {0xe4aa80, 0xe4aabf, 0x6e5b},
    {0xe4ab80, 0xe4abbf, 0x6e9b},
    {0xe4ac80, 0xe4acbf, 0x6edb},
    {0xe4ad80, 0xe4adbf, 0x6f1b},
    {0xe4ae80, 0xe4aebf, 0x6f5b},
    {0xe4af80, 0xe4afbf, 0x6f9b},
    {0xe4b080, 0xe4b0bf, 0x6fdb},
    {0xe4b180, 0xe4b1b6, 0x701b},
    {0xe4b1b8, 0xe4b1bf, 0x7052},
    {0xe4b280, 0xe4b29e, 0x705a},
    {0xe4b29f, 0xe4b2a1, 0x5661},
    {0xe4b2a4, 0xe4b2bf, 0x7079},
    {0xe4b380, 0xe4b3bf, 0x7095},
    {0xe4b480, 0xe4b492, 0x70d5},
    {0xe4b493, 0xe4b499, 0x5666},
    {0xe4b49a, 0xe4b4bf, 0x70e8},
    {0xe4b580, 0xe4b5bf, 0x710e},
    {0xe4b680, 0xe4b6ad, 0x714e},
    {0xe4b6af, 0xe4b6b5, 0x717c},
    {0xe4b6b6, 0xe4b6bf, 0x769e},
    {0xe4b884, 0xe4b886, 0x2759},
    {0xe4b89f, 0xe4b8a1, 0x275f},
    {0xe4b8ae, 0xe4b8af, 0x2765},
    {0xe4b980, 0xe4b982, 0x276c},
    {0xe4b99a, 0xe4b99b, 0x2775},
    {0xe4b9a2, 0xe4b9a5, 0x2777},
    {0xe4b9a7, 0xe4b9a8, 0x277b},
    {0xe4b9aa, 0xe4b9af, 0x277d},
    {0xe4b9b4, 0xe4b9bd, 0x2784},
    {0xe4ba80, 0xe4ba81, 0x278f},
    {0xe4ba83, 0xe4ba85, 0x2791},
    {0xe4ba96, 0xe4ba97, 0x2797},
    {0xe4ba9c, 0xe4ba9d, 0x279a},
    {0xe4baaf, 0xe4bab1, 0x279e},
    {0xe4bab6, 0xe4bab9, 0x27a2},
    {0xe4babc, 0xe4babe, 0x27a6},
    {0xe4bb8f, 0xe4bb90, 0x27ab},
    {0xe4bb9a, 0xe4bb9c, 0x27ae},
    {0xe4bba6, 0xe4bba7, 0x27b3},
    {0xe4bbad, 0xe4bbaf, 0x27b6},
    {0xe4bbb8, 0xe4bbba, 0x27bb},
    {0xe4bc82, 0xe4bc88, 0x27c1},
    {0xe4bc8b, 0xe4bc8c, 0x27c8},
    {0xe4bc92, 0xe4bc96, 0x27ca},
    {0xe4bc9c, 0xe4bc9d, 0x27cf},
    {0xe4bca8, 0xe4bca9, 0x27d3},
    {0xe4bcac, 0xe4bcae, 0x27d5},
    {0xe4bcbe, 0xe4bcbf, 0x27de},
    {0xe4bd80, 0xe4bd82, 0x27e0},
    {0xe4bd84, 0xe4bd85, 0x27e3},
    {0xe4bd87, 0xe4bd8c, 0x27e5},
    {0xe4bda1, 0xe4bda2, 0x27ee},
    {0xe4bdaa, 0xe4bdab, 0x27f2},
    {0xe4bdad, 0xe4bdae, 0x27f4},
    {0xe4bdb1, 0xe4bdb2, 0x27f6},
    {0xe4bdb7, 0xe4bdba, 0x27f9},
    {0xe4be80, 0xe4be82, 0x27fe},
    {0xe4be92, 0xe4be93, 0x2807},
    {0xe4be98, 0xe4be9a, 0x280a},
    {0xe4be9e, 0xe4be9f, 0x280e},
    {0xe4bea1, 0xe4bea2, 0x2810},
    {0xe4beb0, 0xe4beb4, 0x2815},
    {0xe4beb6, 0xe4bebe, 0x281a},
    {0xe4bf80, 0xe4bf81, 0x2823},
    {0xe4bf86, 0xe4bf89, 0x2825},
    {0xe4bf8b, 0xe4bf8d, 0x2829},
    {0xe4bf92, 0xe4bf96, 0x282c},
    {0xe4bfa4, 0xe4bfa5, 0x2834},
    {0xe4bfab, 0xe4bfac, 0x2837},
    {0xe4bfb4, 0xe4bfb7, 0x283b},
    {0xe4bfbb, 0xe4bfbd, 0x2840},
    {0xe58081, 0xe58085, 0x2844},
    {0xe58087, 0xe58088, 0x2849},
    {0xe58095, 0xe58097, 0x284f},
    {0xe5809d, 0xe5809e, 0x2853},
    {0xe580a2, 0xe580a4, 0x2856},
    {0xe580af, 0xe580b9, 0x285a},
    {0xe58180, 0xe58182, 0x2868},
    {0xe58184, 0xe58186, 0x286b},
    {0xe5818a, 0xe5818b, 0x286e},
    {0xe58190, 0xe58194, 0x2871},
    {0xe58196, 0xe58199, 0x2876},
    {0xe5819d, 0xe581a4, 0x287b},
    {0xe581a6, 0xe581ab, 0x2883},
    {0xe581ad, 0xe581b3, 0x2889},
    {0xe581b8, 0xe581ba, 0x2890},
    {0xe581bc, 0xe581bd, 0x2893},
    {0xe58281, 0xe58284, 0x2895},
    {0xe58286, 0xe58287, 0x2899},
    {0xe58289, 0xe5828c, 0x289b},
    {0xe5828e, 0xe58295, 0x289f},
    {0xe5829a, 0xe582a1, 0x28a8},
    {0xe582aa, 0xe582ab, 0x28b2},
    {0xe582ae, 0xe582b1, 0x28b4},
    {0xe582b8, 0xe582b9, 0x28b9},
    {0xe582bc, 0xe582bd, 0x28bb},
    {0xe58380, 0xe58381, 0x28be},
    {0xe58383, 0xe58384, 0x28c0},
    {0xe58386, 0xe58388, 0x28c2},
    {0xe5838a, 0xe5838e, 0x28c5},
    {0xe58392, 0xe58394, 0x28cb},
    {0xe58397, 0xe58399, 0x28ce},
    {0xe5839b, 0xe5839d, 0x28d1},
    {0xe5839f, 0xe583a4, 0x28d4},
    {0xe583a9, 0xe583ab, 0x28da},
    {0xe583af, 0xe583b2, 0x28dd},
    {0xe583b6, 0xe583b8, 0x28e2},
    {0xe583bc, 0xe583bf, 0x28e6},
    {0xe5848c, 0xe5848f, 0x28ee},
    {0xe58496, 0xe58497, 0x28f4},
    {0xe58499, 0xe5849e, 0x28f6},
    {0xe584a2, 0xe584a9, 0x28fd},
    {0xe584ab, 0xe584b1, 0x2905},
    {0xe584b3, 0xe584b6, 0x290c},
    {0xe584b8, 0xe584b9, 0x2910},
    {0xe584bd, 0xe584be, 0x2912},
    {0xe5858e, 0xe58590, 0x2918},
    {0xe58597, 0xe58599, 0x291c},
    {0xe5859d, 0xe585a1, 0x2920},
    {0xe585a3, 0xe585a4, 0x2925},
    {0xe585a6, 0xe585a7, 0x2927},
    {0xe585be, 0xe585bf, 0x292d},
    {0xe58683, 0xe58684, 0x292f},
    {0xe58686, 0xe58687, 0x2931},
    {0xe5868a, 0xe5868b, 0x2933},
    {0xe5868e, 0xe58691, 0x2935},
    {0xe58693, 0xe58694, 0x2939},
    {0xe5869d, 0xe5869f, 0x293d},
    {0xe586a6, 0xe586aa, 0x2942},
    {0xe586ad, 0xe586ae, 0x2947},
    {0xe586b8, 0xe586ba, 0x294a},
    {0xe586be, 0xe586bf, 0x294d},
    {0xe58781, 0xe58783, 0x294f},
    {0xe58792, 0xe5879a, 0x2957},
    {0xe5879e, 0xe5879f, 0x2961},
    {0xe587a2, 0xe587a3, 0x2963},
    {0xe587a5, 0xe587aa, 0x2965},
    {0xe58884, 0xe58885, 0x2971},
    {0xe5888b, 0xe5888c, 0x2974},
    {0xe5888f, 0xe58890, 0x2976},
    {0xe58893, 0xe58895, 0x2978},
    {0xe5889e, 0xe5889f, 0x297c},
    {0xe588a1, 0xe588a3, 0x297e},
    {0xe588a5, 0xe588a7, 0x2981},
    {0xe588b1, 0xe588b2, 0x2987},
    {0xe588b4, 0xe588b5, 0x2989},
    {0xe58985, 0xe58986, 0x298d},
    {0xe58988, 0xe58989, 0x298f},
    {0xe5898e, 0xe5898f, 0x2991},
    {0xe58992, 0xe58993, 0x2993},
    {0xe58997, 0xe5899a, 0x2996},
    {0xe5899f, 0xe589a0, 0x299b},
    {0xe589a2, 0xe589a4, 0x299d},
    {0xe589ab, 0xe589ad, 0x29a2},
    {0xe589b0, 0xe589b1, 0x29a5},
    {0xe589b6, 0xe589bc, 0x29a8},
    {0xe58a84, 0xe58a86, 0x29b1},
    {0xe58a8e, 0xe58a8f, 0x29b5},
    {0xe58a94, 0xe58a9a, 0x29b8},
    {0xe58aa4, 0xe58aa7, 0x29c0},
    {0xe58aac, 0xe58aad, 0x138e},
    {0xe58aae, 0xe58ab0, 0x29c4},
    {0xe58ab4, 0xe58abd, 0x29c7},
    {0xe58b84, 0xe58b86, 0x29d3},
    {0xe58b8c, 0xe58b8f, 0x29d8},
    {0xe58b93, 0xe58b94, 0x29dd},
    {0xe58ba0, 0xe58ba1, 0x29e2},
    {0xe58ba5, 0xe58baf, 0x29e5},
    {0xe58bb2, 0xe58bb4, 0x29f0},
    {0xe58bb6, 0xe58bb7, 0x29f3},
    {0xe58bbb, 0xe58bbd, 0x29f5},
    {0xe58c81, 0xe58c84, 0x29f8},
    {0xe58c89, 0xe58c8c, 0x29fd},
    {0xe58c91, 0xe58c94, 0x2a02},
    {0xe58c9b, 0xe58c9c, 0x2a07},
    {0xe58c9e, 0xe58c9f, 0x2a09},
    {0xe58ca4, 0xe58ca5, 0x2a0c},
    {0xe58ca7, 0xe58ca9, 0x2a0e},
    {0xe58cab, 0xe58cac, 0x2a11},
    {0xe58cb2, 0xe58cb8, 0x2a14},
    {0xe58cbc, 0xe58cbd, 0x2a1b},
    {0xe58d8b, 0xe58d8d, 0x2a20},
    {0xe58d98, 0xe58d99, 0x2a24},
    {0xe58dac, 0xe58dad, 0x2a2b},
    {0xe58dbb, 0xe58dbe, 0x2a30},
    {0xe58e80, 0xe58e81, 0x2a34},
    {0xe58e87, 0xe58e88, 0x2a37},
    {0xe58e8e, 0xe58e94, 0x2a3a},
    {0xe58e96, 0xe58e97, 0x2a41},
    {0xe58e9b, 0xe58e9c, 0x2a43},
    {0xe58eaa, 0xe58eac, 0x2a49},
    {0xe58eaf, 0xe58eb1, 0x2a4c},
    {0xe58eb7, 0xe58eba, 0x2a51},
    {0xe58ebc, 0xe58ebe, 0x2a55},
    {0xe58f84, 0xe58f87, 0x2a59},
    {0xe58f8e, 0xe58f90, 0x2a5d},
    {0xe58f92, 0xe58f93, 0x2a60},
    {0xe58f9c, 0xe58f9e, 0x2a64},
    {0xe58fbe, 0xe58fbf, 0x2a6b},
    {0xe59098, 0xe5909a, 0x2a73},
    {0xe590a4, 0xe590a5, 0x2a78},
    {0xe590b6, 0xe590b7, 0x2a7d},
    {0xe59181, 0xe59182, 0x2a82},
    {0xe59184, 0xe59185, 0x2a84},
    {0xe5918c, 0xe5918f, 0x2a88},
    {0xe59192, 0xe59194, 0x1504},
    {0xe5919d, 0xe591a1, 0x2a8e},
    {0xe591a9, 0xe591b0, 0x2a96},
    {0xe591b9, 0xe591ba, 0x2a9f},
    {0xe591be, 0xe591bf, 0x2aa1},
    {0xe59287, 0xe5928a, 0x2aa6},
    {0xe59297, 0xe59298, 0x2aad},
    {0xe5929a, 0xe5929b, 0x1513},
    {0xe5929e, 0xe592a2, 0x2ab0},
    {0xe592a9, 0xe592aa, 0x152b},
    {0xe592b5, 0xe592b7, 0x2ab9},
    {0xe592b9, 0xe592ba, 0x2abc},
    {0xe5938a, 0xe5938b, 0x2ac1},
    {0xe59393, 0xe59394, 0x1520},
    {0xe59399, 0xe5939a, 0x1528},
    {0xe593a2, 0xe593a4, 0x2ac7},
    {0xe593ab, 0xe593ac, 0x2aca},
    {0xe593af, 0xe593b1, 0x2acc},
    {0xe593b4, 0xe593b9, 0x2acf},
    {0xe59482, 0xe59483, 0x2ad8},
    {0xe5948a, 0xe5948e, 0x2adc},
    {0xe59492, 0xe59493, 0x2ae1},
    {0xe59495, 0xe5949a, 0x2ae3},
    {0xe5949c, 0xe5949f, 0x2ae9},
    {0xe594a2, 0xe594a3, 0x1537},
    {0xe594a5, 0xe594a6, 0x2aee},
    {0xe594a8, 0xe594a9, 0x2af0},
    {0xe594b4, 0xe594b6, 0x2af5},
    {0xe594b8, 0xe594bb, 0x2af8},
    {0xe59587, 0xe59588, 0x2b00},
    {0xe5958b, 0xe5958e, 0x2b02},
    {0xe59591, 0xe59592, 0x2b06},
    {0xe59597, 0xe5959b, 0x2b09},
    {0xe5959f, 0xe595a0, 0x2b0f},
    {0xe595a2, 0xe595a3, 0x2b11},
    {0xe595a8, 0xe595a9, 0x2b13},
    {0xe595af, 0xe595b4, 0x2b16},
    {0xe595b5, 0xe595b7, 0x1549},
    {0xe595b9, 0xe595ba, 0x2b1c},
    {0xe59685, 0xe59686, 0x2b20},
    {0xe5968c, 0xe5968e, 0x2b22},
    {0xe59692, 0xe59693, 0x2b26},
    {0xe59695, 0xe59697, 0x2b28},
    {0xe5969a, 0xe5969b, 0x2b2b},
    {0xe596a0, 0xe596a6, 0x2b2e},
    {0xe596a8, 0xe596a9, 0x2b35},
    {0xe596af, 0xe596b0, 0x2b39},
    {0xe596bd, 0xe596be, 0x155c},
    {0xe59780, 0xe59783, 0x2b41},
    {0xe5978a, 0xe5978b, 0x2b46},
    {0xe5978c, 0xe5978d, 0x156f},
    {0xe5978f, 0xe59790, 0x2b48},
    {0xe59797, 0xe59799, 0x2b4b},
    {0xe597ab, 0xe597ac, 0x1565},
    {0xe597ad, 0xe597ae, 0x2b53},
    {0xe597b0, 0xe597b1, 0x2b55},
    {0xe597b2, 0xe597b3, 0x156d},
    {0xe597b8, 0xe597bc, 0x2b58},
    {0xe59882, 0xe59885, 0x2b5e},
    {0xe5988a, 0xe5988b, 0x2b63},
    {0xe59890, 0xe59893, 0x2b65},
    {0xe59899, 0xe5989a, 0x2b6a},
    {0xe598a0, 0xe598a2, 0x2b6d},
    {0xe598a5, 0xe598a6, 0x2b70},
    {0xe598aa, 0xe598ab, 0x2b73},
    {0xe598bc, 0xe598be, 0x2b78},
    {0xe59982, 0xe5998b, 0x2b7c},
    {0xe5998f, 0xe59993, 0x2b86},
    {0xe59995, 0xe59996, 0x2b8b},
    {0xe5999a, 0xe5999b, 0x2b8d},
    {0xe5999e, 0xe5999f, 0x2b8f},
    {0xe599ad, 0xe599ae, 0x2b94},
    {0xe599bb, 0xe599bc, 0x158d},
    {0xe599bd, 0xe599bf, 0x2b9b},
    {0xe59a81, 0xe59a84, 0x2b9e},
    {0xe59a88, 0xe59a8b, 0x2ba2},
    {0xe59a90, 0xe59a92, 0x2ba7},
    {0xe59a96, 0xe59a98, 0x2bab},
    {0xe59a9a, 0xe59aa2, 0x2bae},
    {0xe59aa4, 0xe59aa5, 0x2bb7},
    {0xe59aa9, 0xe59aad, 0x2bba},
    {0xe59ab0, 0xe59ab2, 0x2bbf},
    {0xe59ab8, 0xe59abb, 0x2bc3},
    {0xe59abd, 0xe59abf, 0x2bc7},
    {0xe59b83, 0xe59b84, 0x2bca},
    {0xe59b86, 0xe59b87, 0x2bcc},
    {0xe59b8d, 0xe59b90, 0x2bcf},
    {0xe59b92, 0xe59b93, 0x2bd3},
    {0xe59b95, 0xe59b96, 0x2bd5},
    {0xe59b98, 0xe59b99, 0x2bd7},
    {0xe59ba5, 0xe59baa, 0x2bdb},
    {0xe59bae, 0xe59baf, 0x2be2},
    {0xe59bb2, 0xe59bb3, 0x2be4},
    {0xe59bb6, 0xe59bb8, 0x2be6},
    {0xe59bbb, 0xe59bbc, 0x2be9},
    {0xe59c80, 0xe59c82, 0x2beb},
    {0xe59c8e, 0xe59c91, 0x2bf0},
    {0xe59c94, 0xe59c95, 0x2bf4},
    {0xe59c99, 0xe59c9b, 0x2bf7},
    {0xe59c9d, 0xe59c9e, 0x2bfa},
    {0xe59ca0, 0xe59ca2, 0x2bfc},
    {0xe59ca4, 0xe59ca7, 0x2bff},
    {0xe59cae, 0xe59caf, 0x13ac},
    {0xe59cb1, 0xe59cb2, 0x2c04},
    {0xe59cb4, 0xe59cb8, 0x2c06},
    {0xe59cbc, 0xe59cbd, 0x2c0b},
    {0xe59d83, 0xe59d86, 0x2c0f},
    {0xe59d88, 0xe59d89, 0x2c13},
    {0xe59d92, 0xe59d96, 0x2c16},
    {0xe59d98, 0xe59d99, 0x2c1b},
    {0xe59da2, 0xe59da3, 0x2c1d},
    {0xe59db0, 0xe59db2, 0x2c23},
    {0xe59db4, 0xe59db5, 0x2c26},
    {0xe59db8, 0xe59dba, 0x2c28},
    {0xe59dbd, 0xe59dbf, 0x2c2b},
    {0xe59e80, 0xe59e81, 0x2c2e},
    {0xe59e87, 0xe59e8a, 0x2c30},
    {0xe59e8d, 0xe59e91, 0x2c34},
    {0xe59e94, 0xe59e9a, 0x2c39},
    {0xe59e9c, 0xe59e9f, 0x2c40},
    {0xe59eaf, 0xe59eb1, 0x2c48},
    {0xe59eb5, 0xe59eb7, 0x2c4c},
    {0xe59eb9, 0xe59ebf, 0x2c4f},
    {0xe59f80, 0xe59f81, 0x2c56},
    {0xe59f84, 0xe59f8a, 0x2c58},
    {0xe59f8c, 0xe59f8d, 0x2c5f},
    {0xe59f90, 0xe59f91, 0x2c61},
    {0xe59f96, 0xe59f97, 0x2c64},
    {0xe59f9b, 0xe59f9c, 0x2c66},
    {0xe59fa2, 0xe59fa3, 0x2c69},
    {0xe59fa5, 0xe59fac, 0x2c6b},
    {0xe59fb0, 0xe59fb3, 0x2c74},
    {0xe59fb5, 0xe59fb6, 0x2c78},
    {0xe59fbb, 0xe59fbc, 0x2c7a},
    {0xe59fbe, 0xe59fbf, 0x2c7c},
    {0xe5a083, 0xe5a084, 0x2c7f},
    {0xe5a088, 0xe5a089, 0x2c81},
    {0xe5a08e, 0xe5a090, 0x2c84},
    {0xe5a092, 0xe5a094, 0x2c87},
    {0xe5a097, 0xe5a098, 0x2c8a},
    {0xe5a09a, 0xe5a09c, 0x2c8c},
    {0xe5a0a2, 0xe5a0a3, 0x2c90},
    {0xe5a0a5, 0xe5a0a9, 0x2c92},
    {0xe5a0ab, 0xe5a0ae, 0x2c97},
    {0xe5a0b2, 0xe5a0b3, 0x2c9b},
    {0xe5a0b6, 0xe5a0bf, 0x2c9d},
    {0xe5a180, 0xe5a183, 0x2ca7},
    {0xe5a185, 0xe5a189, 0x2cab},
    {0xe5a195, 0xe5a196, 0x2cb3},
    {0xe5a199, 0xe5a19d, 0x2cb5},
    {0xe5a19f, 0xe5a1a1, 0x2cba},
    {0xe5a1a6, 0xe5a1aa, 0x2cbe},
    {0xe5a1ad, 0xe5a1b4, 0x2cc3},
    {0xe5a1b6, 0xe5a1b8, 0x2ccb},
    {0xe5a1ba, 0xe5a1bd, 0x2cce},
    {0xe5a286, 0xe5a288, 0x2cd5},
    {0xe5a28b, 0xe5a291, 0x2cd8},
    {0xe5a294, 0xe5a298, 0x2cdf},
    {0xe5a2a0, 0xe5a2a7, 0x2ce6},
    {0xe5a2aa, 0xe5a2ad, 0x2cee},
    {0xe5a2af, 0xe5a2b2, 0x2cf2},
    {0xe5a2b4, 0xe5a2ba, 0x2cf6},
    {0xe5a382, 0xe5a384, 0x2d00},
    {0xe5a388, 0xe5a390, 0x2d04},
    {0xe5a396, 0xe5a397, 0x2d0f},
    {0xe5a39b, 0xe5a39d, 0x2d11},
    {0xe5a3a5, 0xe5a3a8, 0x2d16},
    {0xe5a3b1, 0xe5a3b2, 0x2d1c},
    {0xe5a3b4, 0xe5a3b5, 0x2d1e},
    {0xe5a3b7, 0xe5a3b8, 0x2d20},
    {0xe5a3bb, 0xe5a3bc, 0x2d22},
    {0xe5a3be, 0xe5a3bf, 0x2d24},
    {0xe5a480, 0xe5a481, 0x2d26},
    {0xe5a485, 0xe5a486, 0x2d29},
    {0xe5a488, 0xe5a48c, 0x2d2b},
    {0xe5a490, 0xe5a493, 0x2d31},
    {0xe5a497, 0xe5a498, 0x2d35},
    {0xe5a49d, 0xe5a49e, 0x2d38},
    {0xe5a4a0, 0xe5a4a1, 0x2d3a},
    {0xe5a4b2, 0xe5a4b3, 0x2d41},
    {0xe5a4b5, 0xe5a4b6, 0x2d43},
    {0xe5a585, 0xe5a586, 0x2d4a},
    {0xe5a58c, 0xe5a58d, 0x2d4d},
    {0xe5a592, 0xe5a593, 0x2d50},
    {0xe5a59b, 0xe5a59f, 0x2d53},
    {0xe5a5a3, 0xe5a5a4, 0x2d59},
    {0xe5a5a6, 0xe5a5a8, 0x2d5b},
    {0xe5a5af, 0xe5a5b2, 0x2d60},
    {0xe5a5ba, 0xe5a5bc, 0x2d66},
    {0xe5a5be, 0xe5a5bf, 0x2d69},
    {0xe5a68b, 0xe5a68c, 0x2d6e},
    {0xe5a68e, 0xe5a691, 0x2d70},
    {0xe5a694, 0xe5a695, 0x2d74},
    {0xe5a69a, 0xe5a69c, 0x2d77},
    {0xe5a69f, 0xe5a6a2, 0x2d7a},
    {0xe5a6a6, 0xe5a6a7, 0x2d7e},
    {0xe5a6a9, 0xe5a6aa, 0x1778},
    {0xe5a6ac, 0xe5a6ad, 0x2d80},
    {0xe5a6b0, 0xe5a6b1, 0x2d82},
    {0xe5a6b3, 0xe5a6b8, 0x2d84},
    {0xe5a6bc, 0xe5a6bd, 0x2d8b},
    {0xe5a780, 0xe5a785, 0x2d8e},
    {0xe5a787, 0xe5a789, 0x2d94},
    {0xe5a78c, 0xe5a78f, 0x2d97},
    {0xe5a795, 0xe5a796, 0x2d9b},
    {0xe5a79e, 0xe5a7a2, 0x2d9f},
    {0xe5a7a6, 0xe5a7a7, 0x2da5},
    {0xe5a7a9, 0xe5a7ab, 0x2da7},
    {0xe5a7ad, 0xe5a7b8, 0x2daa},
    {0xe5a7bc, 0xe5a7be, 0x2db7},
    {0xe5a885, 0xe5a886, 0x1785},
    {0xe5a88a, 0xe5a88b, 0x2dbc},
    {0xe5a88d, 0xe5a890, 0x2dbe},
    {0xe5a894, 0xe5a897, 0x2dc3},
    {0xe5a899, 0xe5a89b, 0x2dc7},
    {0xe5a89d, 0xe5a89e, 0x2dca},
    {0xe5a8a1, 0xe5a8a2, 0x2dcc},
    {0xe5a8a6, 0xe5a8a8, 0x2dcf},
    {0xe5a8aa, 0xe5a8b0, 0x2dd2},
    {0xe5a8b7, 0xe5a8bb, 0x2ddb},
    {0xe5a8bd, 0xe5a8bf, 0x2de0},
    {0xe5a982, 0xe5a985, 0x2de3},
    {0xe5a987, 0xe5a988, 0x2de7},
    {0xe5a98b, 0xe5a994, 0x2de9},
    {0xe5a996, 0xe5a999, 0x2df3},
    {0xe5a99b, 0xe5a9a1, 0x2df7},
    {0xe5a9a3, 0xe5a9a5, 0x2dfe},
    {0xe5a9a8, 0xe5a9a9, 0x2e01},
    {0xe5a9ab, 0xe5a9ac, 0x2e03},
    {0xe5a9ae, 0xe5a9b3, 0x2e05},
    {0xe5a9b8, 0xe5a9b9, 0x2e0b},
    {0xe5a9bb, 0xe5a9be, 0x2e0d},
    {0xe5aa80, 0xe5aa91, 0x2e11},
    {0xe5aa93, 0xe5aa99, 0x2e23},
    {0xe5aa9c, 0xe5aaa6, 0x2e2a},
    {0xe5aaa8, 0xe5aaa9, 0x2e35},
    {0xe5aaab, 0xe5aab1, 0x2e37},
    {0xe5aab6, 0xe5aab7, 0x2e3f},
    {0xe5aab9, 0xe5aabc, 0x2e41},
    {0xe5ab83, 0xe5ab88, 0x2e47},
    {0xe5ab8a, 0xe5ab8b, 0x2e4d},
    {0xe5ab8d, 0xe5ab91, 0x2e4f},
    {0xe5ab99, 0xe5ab9b, 0x2e56},
    {0xe5ab9d, 0xe5ab9f, 0x2e59},
    {0xe5aba4, 0xe5aba5, 0x2e5d},
    {0xe5aba7, 0xe5aba8, 0x2e5f},
    {0xe5abac, 0xe5abb0, 0x2e62},
    {0xe5abb2, 0xe5abb4, 0x2e67},
    {0xe5abb6, 0xe5abba, 0x2e6a},
    {0xe5abbc, 0xe5abbf, 0x2e6f},
    {0xe5ac81, 0xe5ac87, 0x2e73},
    {0xe5ac8d, 0xe5ac95, 0x2e7b},
    {0xe5ac9a, 0xe5aca0, 0x2e85},
    {0xe5aca2, 0xe5aca9, 0x2e8c},
    {0xe5acab, 0xe5acaf, 0x2e94},
    {0xe5acb5, 0xe5acb6, 0x2e9b},
    {0xe5acb9, 0xe5acbf, 0x2e9d},
    {0xe5ad81, 0xe5ad8b, 0x2ea4},
    {0xe5ad8d, 0xe5ad8f, 0x2eaf},
    {0xe5ada0, 0xe5ada1, 0x2eb5},
    {0xe5ada7, 0xe5ada8, 0x2eb7},
    {0xe5adad, 0xe5adaf, 0x2eb9},
    {0xe5adb6, 0xe5adb7, 0x2ebe},
    {0xe5adbb, 0xe5adbc, 0x2ec1},
    {0xe5ae8d, 0xe5ae8e, 0x2ec7},
    {0xe5ae90, 0xe5ae92, 0x2ec9},
    {0xe5aea7, 0xe5aea9, 0x2ecf},
    {0xe5aeac, 0xe5aeaf, 0x2ed2},
    {0xe5aeb1, 0xe5aeb2, 0x2ed6},
    {0xe5aeba, 0xe5aebc, 0x2ed9},
    {0xe5af80, 0xe5af81, 0x2edc},
    {0xe5af88, 0xe5af8b, 0x2edf},
    {0xe5af8d, 0xe5af8f, 0x2ee3},
    {0xe5af94, 0xe5af9c, 0x2ee7},
    {0xe5afb1, 0xe5afb4, 0x2ef5},
    {0xe5afbd, 0xe5afbe, 0x2efa},
    {0xe5b082, 0xe5b083, 0x2efd},
    {0xe5b092, 0xe5b093, 0x2f02},
    {0xe5b09e, 0xe5b0a1, 0x2f07},
    {0xe5b0a8, 0xe5b0ab, 0x2f0d},
    {0xe5b0ad, 0xe5b0b0, 0x2f11},
    {0xe5b0b2, 0xe5b0b3, 0x2f15},
    {0xe5b0b5, 0xe5b0b6, 0x2f17},
    {0xe5b183, 0xe5b184, 0x2f19},
    {0xe5b186, 0xe5b187, 0x2f1b},
    {0xe5b18c, 0xe5b18d, 0x2f1d},
    {0xe5b192, 0xe5b194, 0x2f1f},
    {0xe5b196, 0xe5b198, 0x2f22},
    {0xe5b19a, 0xe5b19d, 0x2f25},
    {0xe5b1a9, 0xe5b1ab, 0x2f2b},
    {0xe5b1b2, 0xe5b1b8, 0x2f30},
    {0xe5b1bb, 0xe5b1be, 0x2f37},
    {0xe5b283, 0xe5b287, 0x2f3c},
    {0xe5b289, 0xe5b28b, 0x2f41},
    {0xe5b28e, 0xe5b28f, 0x2f44},
    {0xe5b292, 0xe5b293, 0x2f46},
    {0xe5b298, 0xe5b299, 0x15b1},
    {0xe5b29d, 0xe5b2a0, 0x2f49},
    {0xe5b2a4, 0xe5b2a8, 0x2f4d},
    {0xe5b2ae, 0xe5b2b0, 0x2f53},
    {0xe5b2b9, 0xe5b2bc, 0x2f59},
    {0xe5b382, 0xe5b383, 0x2f5f},
    {0xe5b385, 0xe5b38a, 0x2f61},
    {0xe5b38c, 0xe5b391, 0x2f67},
    {0xe5b393, 0xe5b398, 0x2f6d},
    {0xe5b39a, 0xe5b3a0, 0x2f73},
    {0xe5b3a2, 0xe5b3a3, 0x2f7a},
    {0xe5b3ab, 0xe5b3ac, 0x2f7e},
    {0xe5b3ae, 0xe5b3af, 0x2f80},
    {0xe5b3b1, 0xe5b3b3, 0x2f82},
    {0xe5b3b7, 0xe5b3ba, 0x2f86},
    {0xe5b3be, 0xe5b3bf, 0x2f8b},
    {0xe5b480, 0xe5b481, 0x2f8d},
    {0xe5b482, 0xe5b483, 0x15c4},
    {0xe5b484, 0xe5b485, 0x2f8f},
    {0xe5b488, 0xe5b48c, 0x2f91},
    {0xe5b48f, 0xe5b493, 0x2f96},
    {0xe5b498, 0xe5b49a, 0x2f9c},
    {0xe5b49c, 0xe5b49d, 0x2f9f},
    {0xe5b49f, 0xe5b4a3, 0x2fa1},
    {0xe5b4aa, 0xe5b4ab, 0x2fa8},
    {0xe5b4af, 0xe5b4b3, 0x2faa},
    {0xe5b4b5, 0xe5b4bc, 0x2faf},
    {0xe5b580, 0xe5b586, 0x2fb8},
    {0xe5b588, 0xe5b589, 0x2fbf},
    {0xe5b58d, 0xe5b58f, 0x2fc1},
    {0xe5b591, 0xe5b597, 0x2fc4},
    {0xe5b599, 0xe5b59a, 0x2fcb},
    {0xe5b59e, 0xe5b5a8, 0x2fce},
    {0xe5b5ad, 0xe5b5ae, 0x2fda},
    {0xe5b5b0, 0xe5b5b3, 0x2fdc},
    {0xe5b5b5, 0xe5b5bf, 0x2fe0},
    {0xe5b685, 0xe5b686, 0x2fed},
    {0xe5b688, 0xe5b696, 0x2fef},
    {0xe5b69a, 0xe5b69c, 0x2fff},
    {0xe5b69e, 0xe5b69f, 0x3002},
    {0xe5b6a1, 0xe5b6a6, 0x3004},
    {0xe5b6a8, 0xe5b6b6, 0x300a},
    {0xe5b6bd, 0xe5b6bf, 0x301b},
    {0xe5b780, 0xe5b784, 0x301e},
    {0xe5b786, 0xe5b78a, 0x3023},
    {0xe5b78e, 0xe5b791, 0x3029},
    {0xe5b795, 0xe5b79a, 0x302e},
    {0xe5b79f, 0xe5b7a0, 0x3035},
    {0xe5b7a3, 0xe5b7a4, 0x3037},
    {0xe5b7ac, 0xe5b7ad, 0x303a},
    {0xe5b7b5, 0xe5b7b6, 0x303c},
    {0xe5b7b8, 0xe5b7bc, 0x303e},
    {0xe5b889, 0xe5b88b, 0x3047},
    {0xe5b88d, 0xe5b88e, 0x304a},
    {0xe5b892, 0xe5b893, 0x304c},
    {0xe5b89e, 0xe5b8a4, 0x304f},
    {0xe5b8a8, 0xe5b8aa, 0x3056},
    {0xe5b8af, 0xe5b8b0, 0x305a},
    {0xe5b8b4, 0xe5b8b5, 0x305d},
    {0xe5b8b9, 0xe5b8ba, 0x305f},
    {0xe5b8bb, 0xe5b8bc, 0x15a3},
    {0xe5b8be, 0xe5b8bf, 0x3061},
    {0xe5b986, 0xe5b98b, 0x3064},
    {0xe5b98d, 0xe5b993, 0x306a},
    {0xe5b999, 0xe5b99a, 0x3072},
    {0xe5b99c, 0xe5b99d, 0x3074},
    {0xe5b9a4, 0xe5b9aa, 0x3077},
    {0xe5b9ad, 0xe5b9b1, 0x307e},
    {0xe5ba81, 0xe5ba83, 0x3085},
    {0xe5ba88, 0xe5ba89, 0x3089},
    {0xe5ba8c, 0xe5ba8e, 0x308b},
    {0xe5baa1, 0xe5baa4, 0x3092},
    {0xe5baa8, 0xe5baaa, 0x3096},
    {0xe5baae, 0xe5bab2, 0x309a},
    {0xe5baba, 0xe5babd, 0x30a0},
    {0xe5bb80, 0xe5bb88, 0x30a5},
    {0xe5bb8b, 0xe5bb90, 0x30ae},
    {0xe5bb94, 0xe5bb95, 0x30b4},
    {0xe5bb97, 0xe5bb9a, 0x30b6},
    {0xe5bb9c, 0xe5bb9e, 0x30ba},
    {0xe5bba4, 0xe5bba7, 0x30bd},
    {0xe5bbad, 0xe5bbb2, 0x30c3},
    {0xe5bbb8, 0xe5bbb9, 0x30ca},
    {0xe5bbbb, 0xe5bbbd, 0x30cc},
    {0xe5bc85, 0xe5bc87, 0x30cf},
    {0xe5bc8c, 0xe5bc8e, 0x30d3},
    {0xe5bc99, 0xe5bc9a, 0x30da},
    {0xe5bc9c, 0xe5bc9e, 0x30dc},
    {0xe5bca1, 0xe5bca4, 0x30df},
    {0xe5bcab, 0xe5bcac, 0x30e4},
    {0xe5bcb6, 0xe5bcb8, 0x30ea},
    {0xe5bcbd, 0xe5bcbf, 0x30ee},
    {0xe5bd81, 0xe5bd85, 0x30f1},
    {0xe5bd89, 0xe5bd8b, 0x30f7},
    {0xe5bd9a, 0xe5bd9c, 0x30fe},
    {0xe5bd9e, 0xe5bda0, 0x3101},
    {0xe5bda7, 0xe5bda8, 0x3106},
    {0xe5bdae, 0xe5bdaf, 0x3109},
    {0xe5bdb4, 0xe5bdb6, 0x310c},
    {0xe5bdbd, 0xe5bdbf, 0x3111},
    {0xe5be8d, 0xe5be8f, 0x3116},
    {0xe5be93, 0xe5be94, 0x3119},
    {0xe5be9a, 0xe5be9b, 0x311c},
    {0xe5bea2, 0xe5bea7, 0x3120},
    {0xe5beab, 0xe5beac, 0x3126},
    {0xe5beaf, 0xe5beb4, 0x3128},
    {0xe5beba, 0xe5bebb, 0x3130},
    {0xe5bebe, 0xe5bebf, 0x3132},
    {0xe5bf80, 0xe5bf82, 0x3134},
    {0xe5bf87, 0xe5bf88, 0x3137},
    {0xe5bf8a, 0xe5bf8b, 0x3139},
    {0xe5bf93, 0xe5bf95, 0x313c},
    {0xe5bf9a, 0xe5bf9c, 0x313f},
    {0xe5bf9e, 0xe5bf9f, 0x3142},
    {0xe5bfa2, 0xe5bfa3, 0x3144},
    {0xe5bfa5, 0xe5bfa6, 0x3146},
    {0xe5bfa8, 0xe5bfa9, 0x3148},
    {0xe5bfaf, 0xe5bfb0, 0x314b},
    {0xe5bfb2, 0xe5bfb4, 0x314d},
    {0xe5bfb6, 0xe5bfb7, 0x3150},
    {0xe5bfb9, 0xe5bfba, 0x3152},
    {0xe68085, 0xe68086, 0x164c},
    {0xe68087, 0xe68089, 0x3155},
    {0xe6808b, 0xe6808c, 0x3158},
    {0xe68090, 0xe68091, 0x315a},
    {0xe68097, 0xe68098, 0x315d},
    {0xe6809e, 0xe6809f, 0x3160},
    {0xe680a2, 0xe680a4, 0x3162},
    {0xe680ac, 0xe680ae, 0x3165},
    {0xe680b0, 0xe680b4, 0x3168},
    {0xe680b6, 0xe680ba, 0x316d},
    {0xe680bd, 0xe680be, 0x3172},
    {0xe68184, 0xe6818a, 0x3175},
    {0xe6818e, 0xe6818f, 0x317d},
    {0xe68193, 0xe68194, 0x3180},
    {0xe68196, 0xe68198, 0x3182},
    {0xe6819b, 0xe6819c, 0x3185},
    {0xe6819e, 0xe681a1, 0x3187},
    {0xe681a5, 0xe681a6, 0x318b},
    {0xe681b1, 0xe681b2, 0x318e},
    {0xe681b4, 0xe681b5, 0x3190},
    {0xe681b8, 0xe681b9, 0x165c},
    {0xe68280, 0xe68282, 0x3194},
    {0xe68285, 0xe68288, 0x3197},
    {0xe6828a, 0xe6828b, 0x319b},
    {0xe6828e, 0xe68291, 0x319d},
    {0xe68297, 0xe68299, 0x31a3},
    {0xe682a1, 0xe682a2, 0x31a8},
    {0xe682a4, 0xe682a5, 0x31aa},
    {0xe682a9, 0xe682aa, 0x31ad},
    {0xe682b9, 0xe682ba, 0x31b3},
    {0xe682bd, 0xe682bf, 0x31b5},
    {0xe68380, 0xe68384, 0x31b8},
    {0xe68387, 0xe68389, 0x31bd},
    {0xe6838c, 0xe68390, 0x31c0},
    {0xe68392, 0xe68394, 0x31c5},
    {0xe68396, 0xe68397, 0x31c8},
    {0xe683a2, 0xe683a5, 0x31cd},
    {0xe683b7, 0xe683b8, 0x31d3},
    {0xe683bc, 0xe683bf, 0x31d5},
    {0xe68482, 0xe68485, 0x31d9},
    {0xe6848a, 0xe6848c, 0x31de},
    {0xe68490, 0xe68494, 0x31e1},
    {0xe68496, 0xe68499, 0x31e6},
    {0xe6849d, 0xe6849e, 0x31ea},
    {0xe684a1, 0xe684a2, 0x31ec},
    {0xe684a8, 0xe684aa, 0x31ef},
    {0xe684ac, 0xe684b3, 0x31f2},
    {0xe684b5, 0xe684b6, 0x31fa},
    {0xe684b8, 0xe684bd, 0x31fc},
    {0xe68580, 0xe68587, 0x3202},
    {0xe6858f, 0xe68590, 0x320c},
    {0xe68592, 0xe68594, 0x320e},
    {0xe68596, 0xe68597, 0x3211},
    {0xe6859b, 0xe6859c, 0x3214},
    {0xe685a0, 0xe685a1, 0x3217},
    {0xe685a5, 0xe685a6, 0x3219},
    {0xe685ac, 0xe685ad, 0x321c},
    {0xe685b1, 0xe685b2, 0x321f},
    {0xe685b8, 0xe685bf, 0x3222},
    {0xe68680, 0xe68681, 0x322a},
    {0xe68683, 0xe68689, 0x322c},
    {0xe6868c, 0xe6868d, 0x3233},
    {0xe68695, 0xe68699, 0x3237},
    {0xe6869b, 0xe6869c, 0x323c},
    {0xe6869e, 0xe686a3, 0x323e},
    {0xe686a5, 0xe686a6, 0x3244},
    {0xe686af, 0xe686b1, 0x3248},
    {0xe686b3, 0xe686b5, 0x324b},
    {0xe686b8, 0xe686bd, 0x324e},
    {0xe68780, 0xe68781, 0x3255},
    {0xe68783, 0xe68786, 0x3257},
    {0xe6878d, 0xe68790, 0x325b},
    {0xe68795, 0xe6879d, 0x3260},
    {0xe687a0, 0xe687a2, 0x3269},
    {0xe687a4, 0xe687a5, 0x326c},
    {0xe687a9, 0xe687b1, 0x326f},
    {0xe687b3, 0xe687b4, 0x3278},
    {0xe68881, 0xe68885, 0x327d},
    {0xe6889c, 0xe6889e, 0x3285},
    {0xe688a8, 0xe688a9, 0x328b},
    {0xe688b5, 0xe688b6, 0x3291},
    {0xe688b8, 0xe688bc, 0x3293},
    {0xe68984, 0xe68986, 0x3299},
    {0xe68988, 0xe68989, 0x19f6},
    {0xe6898f, 0xe68990, 0x329d},
    {0xe68995, 0xe68997, 0x329f},
    {0xe68999, 0xe6899a, 0x32a2},
    {0xe6899c, 0xe689a2, 0x32a4},
    {0xe689a4, 0xe689a5, 0x32ab},
    {0xe689b1, 0xe689b2, 0x32ae},
    {0xe689b4, 0xe689b5, 0x32b0},
    {0xe689b7, 0xe689b8, 0x32b2},
    {0xe689ba, 0xe689bb, 0x32b4},
    {0xe68a81, 0xe68a83, 0x32b7},
    {0xe68a85, 0xe68a88, 0x32ba},
    {0xe68a8b, 0xe68a90, 0x32be},
    {0xe68a9c, 0xe68a9e, 0x32c6},
    {0xe68aa6, 0xe68aa7, 0x32ca},
    {0xe68aa9, 0xe68aaa, 0x32cc},
    {0xe68aad, 0xe68ab0, 0x32ce},
    {0xe68ab2, 0xe68ab4, 0x32d2},
    {0xe68ab6, 0xe68ab8, 0x32d5},
    {0xe68b80, 0xe68b81, 0x32da},
    {0xe68b9d, 0xe68b9e, 0x32e1},
    {0xe68ba0, 0xe68ba1, 0x32e3},
    {0xe68baa, 0xe68bab, 0x32e6},
    {0xe68bb8, 0xe68bbb, 0x32eb},
    {0xe68c83, 0xe68c86, 0x32f0},
    {0xe68c8a, 0xe68c8d, 0x32f4},
    {0xe68c8f, 0xe68c90, 0x32f8},
    {0xe68c92, 0xe68c95, 0x32fa},
    {0xe68c97, 0xe68c99, 0x32fe},
    {0xe68ca6, 0xe68ca7, 0x3302},
    {0xe68cac, 0xe68cae, 0x3305},
    {0xe68cb0, 0xe68cb1, 0x3308},
    {0xe68cb3, 0xe68cb8, 0x330a},
    {0xe68cbb, 0xe68cbc, 0x3310},
    {0xe68d80, 0xe68d81, 0x3313},
    {0xe68d87, 0xe68d88, 0x3316},
    {0xe68d91, 0xe68d94, 0x3319},
    {0xe68d96, 0xe68d9d, 0x331d},
    {0xe68da4, 0xe68da6, 0x3326},
    {0xe68daf, 0xe68db0, 0x332b},
    {0xe68db3, 0xe68db5, 0x332d},
    {0xe68db8, 0xe68db9, 0x3330},
    {0xe68dbc, 0xe68dbf, 0x3332},
    {0xe68e85, 0xe68e86, 0x3337},
    {0xe68e93, 0xe68e95, 0x333c},
    {0xe68e99, 0xe68e9f, 0x3340},
    {0xe68eb1, 0xe68eb2, 0x334c},
    {0xe68eb5, 0xe68eb6, 0x334e},
    {0xe68f81, 0xe68f83, 0x3354},
    {0xe68f87, 0xe68f88, 0x3358},
    {0xe68f8a, 0xe68f8c, 0x335a},
    {0xe68f93, 0xe68f95, 0x335e},
    {0xe68f97, 0xe68f99, 0x3361},
    {0xe68f9b, 0xe68f9d, 0x3364},
    {0xe68fa4, 0xe68fa8, 0x3369},
    {0xe68fab, 0xe68fac, 0x336e},
    {0xe68faf, 0xe68fb1, 0x3370},
    {0xe68fb9, 0xe68fbc, 0x3376},
    {0xe69083, 0xe69084, 0x337b},
    {0xe69086, 0xe6908a, 0x337d},
    {0xe69091, 0xe69092, 0x3383},
    {0xe69095, 0xe69096, 0x3385},
    {0xe69098, 0xe6909a, 0x3387},
    {0xe690a2, 0xe690a5, 0x338c},
    {0xe690a7, 0xe690a9, 0x3390},
    {0xe690ae, 0xe690b3, 0x3394},
    {0xe690b7, 0xe690b9, 0x339b},
    {0xe690bb, 0xe690bc, 0x339e},
    {0xe69182, 0xe69183, 0x33a2},
    {0xe6918b, 0xe69190, 0x33a5},
    {0xe69195, 0xe69197, 0x33ac},
    {0xe69199, 0xe6919b, 0x33af},
    {0xe691a0, 0xe691a6, 0x33b3},
    {0xe691aa, 0xe691ac, 0x33bb},
    {0xe691b0, 0xe691b2, 0x33bf},
    {0xe691b4, 0xe691b5, 0x33c2},
    {0xe691b8, 0xe691b9, 0xb03},
    {0xe691bc, 0xe691bf, 0x33c5},
    {0xe69280, 0xe69281, 0x33c9},
    {0xe69289, 0xe69290, 0x33cd},
    {0xe69297, 0xe69298, 0x33d6},
    {0xe6929a, 0xe6929d, 0x33d8},
    {0xe692a0, 0xe692a2, 0x33dc},
    {0xe692a6, 0xe692a8, 0x33df},
    {0xe692b7, 0xe692b8, 0x14ea},
    {0xe69388, 0xe69389, 0x33eb},
    {0xe69395, 0xe69396, 0x33f1},
    {0xe6939b, 0xe6939d, 0x33f4},
    {0xe693a7, 0xe693ab, 0x33fb},
    {0xe693ad, 0xe693ae, 0x3400},
    {0xe693b5, 0xe693b6, 0x3403},
    {0xe693b8, 0xe693b9, 0x3405},
    {0xe69481, 0xe69483, 0x3409},
    {0xe69487, 0xe69488, 0x340d},
    {0xe6948a, 0xe6948e, 0x340f},
    {0xe69490, 0xe69491, 0x3414},
    {0xe6949e, 0xe694a1, 0x341b},
    {0xe694a6, 0xe694a9, 0x341f},
    {0xe694b0, 0xe694b3, 0x3424},
    {0xe694bc, 0xe694bd, 0x342a},
    {0xe69580, 0xe69584, 0x342c},
    {0xe69586, 0xe69587, 0x3431},
    {0xe6958a, 0xe6958b, 0x3433},
    {0xe6958d, 0xe6958e, 0x3435},
    {0xe69592, 0xe69594, 0x3438},
    {0xe6959f, 0xe695a1, 0x343e},
    {0xe695a4, 0xe695a5, 0x3441},
    {0xe695a7, 0xe695aa, 0x3443},
    {0xe695ad, 0xe695af, 0x3447},
    {0xe695b9, 0xe695bf, 0x344d},
    {0xe69680, 0xe69681, 0x3454},
    {0xe69684, 0xe69686, 0x3456},
    {0xe69688, 0xe6968a, 0x3459},
    {0xe6968d, 0xe6968f, 0x345c},
    {0xe6969d, 0xe6969e, 0x3464},
    {0xe696a2, 0xe696a3, 0x3467},
    {0xe696b1, 0xe696b6, 0x346d},
    {0xe696ba, 0xe696bb, 0x3474},
    {0xe696be, 0xe696bf, 0x3476},
    {0xe69787, 0xe6978a, 0x347a},
    {0xe69790, 0xe69791, 0x347f},
    {0xe69793, 0xe69795, 0x3481},
    {0xe69798, 0xe6979f, 0x3484},
    {0xe697a3, 0xe697a4, 0x348d},
    {0xe697aa, 0xe697ab, 0x348f},
    {0xe697ae, 0xe697b0, 0x190a},
    {0xe697b2, 0xe697b5, 0x3491},
    {0xe697b8, 0xe697b9, 0x3495},
    {0xe697bb, 0xe697bf, 0x3497},
    {0xe69884, 0xe69885, 0x349d},
    {0xe69887, 0xe69889, 0x349f},
    {0xe69890, 0xe69892, 0x34a4},
    {0xe69896, 0xe69898, 0x34a7},
    {0xe6989a, 0xe6989c, 0x34aa},
    {0xe698a1, 0xe698a4, 0x34ae},
    {0xe698a9, 0xe698ac, 0x34b3},
    {0xe698b2, 0xe698b3, 0x34b9},
    {0xe698b7, 0xe698bb, 0x34bb},
    {0xe69984, 0xe6998a, 0x34c3},
    {0xe6998d, 0xe6998e, 0x34ca},
    {0xe69990, 0xe69991, 0x34cc},
    {0xe69998, 0xe69999, 0x34ce},
    {0xe6999b, 0xe6999c, 0x34d0},
    {0xe699a2, 0xe699a3, 0x34d4},
    {0xe699a9, 0xe699ad, 0x34d8},
    {0xe699b1, 0xe699b3, 0x34dd},
    {0xe699b8, 0xe699b9, 0x34e1},
    {0xe699bb, 0xe699bd, 0x34e3},
    {0xe69a80, 0xe69a81, 0x34e7},
    {0xe69a85, 0xe69a86, 0x34ea},
    {0xe69a8a, 0xe69a8b, 0x34ec},
    {0xe69a8d, 0xe69a90, 0x34ee},
    {0xe69a92, 0xe69a95, 0x34f2},
    {0xe69a98, 0xe69a9c, 0x34f6},
    {0xe69a9e, 0xe69aa1, 0x34fb},
    {0xe69aa3, 0xe69aa6, 0x34ff},
    {0xe69aa9, 0xe69aaa, 0x3503},
    {0xe69aac, 0xe69aad, 0x3505},
    {0xe69aaf, 0xe69ab3, 0x3507},
    {0xe69ab5, 0xe69ab8, 0x350c},
    {0xe69aba, 0xe69abd, 0x3510},
    {0xe69b80, 0xe69b83, 0x3515},
    {0xe69b8a, 0xe69b95, 0x351b},
    {0xe69b97, 0xe69b98, 0x3527},
    {0xe69b9b, 0xe69b9c, 0x1928},
    {0xe69b9e, 0xe69b9f, 0x352a},
    {0xe69ba1, 0xe69ba5, 0x352c},
    {0xe69ba7, 0xe69ba8, 0x3531},
    {0xe69baa, 0xe69bab, 0x3533},
    {0xe69bad, 0xe69baf, 0x3535},
    {0xe69bb5, 0xe69bb6, 0x3539},
    {0xe69bba, 0xe69bbb, 0x353b},
    {0xe69c81, 0xe69c82, 0x353e},
    {0xe69c84, 0xe69c87, 0x3540},
    {0xe69c8e, 0xe69c8f, 0x3545},
    {0xe69c91, 0xe69c93, 0x3547},
    {0xe69c98, 0xe69c9a, 0x354b},
    {0xe69ca0, 0xe69ca5, 0x3550},
    {0xe69cb2, 0xe69cb3, 0x3559},
    {0xe69cb6, 0xe69cb9, 0x355b},
    {0xe69cbb, 0xe69cbc, 0x355f},
    {0xe69cbe, 0xe69cbf, 0x3561},
    {0xe69d84, 0xe69d85, 0x3564},
    {0xe69d8a, 0xe69d8b, 0x3567},
    {0xe69d94, 0xe69d95, 0x356b},
    {0xe69d97, 0xe69d9b, 0x356d},
    {0xe69da2, 0xe69da4, 0x3573},
    {0xe69da6, 0xe69da7, 0x3576},
    {0xe69dab, 0xe69dac, 0x3578},
    {0xe69db8, 0xe69dbb, 0x357d},
    {0xe69e82, 0xe69e83, 0x3583},
    {0xe69e85, 0xe69e86, 0x3585},
    {0xe69e8c, 0xe69e8f, 0x3589},
    {0xe69e91, 0xe69e94, 0x358d},
    {0xe69e9f, 0xe69ea1, 0x3594},
    {0xe69eb1, 0xe69eb2, 0x359c},
    {0xe69eb9, 0xe69ebf, 0x359f},
    {0xe69f85, 0xe69f8e, 0x35a8},
    {0xe69f95, 0xe69f97, 0x35b2},
    {0xe69fa3, 0xe69fa4, 0x35b8},
    {0xe69fa6, 0xe69fa8, 0x35ba},
    {0xe69faa, 0xe69fab, 0x35bd},
    {0xe69fad, 0xe69fae, 0x35bf},
    {0xe69fb5, 0xe69fbc, 0x35c2},
    {0xe6a081, 0xe6a084, 0x35cb},
    {0xe6a094, 0xe6a095, 0x35d3},
    {0xe6a098, 0xe6a09c, 0x35d5},
    {0xe6a09e, 0xe6a0a0, 0x35da},
    {0xe6a0a2, 0xe6a0a8, 0x35dd},
    {0xe6a0ab, 0xe6a0b1, 0x35e4},
    {0xe6a0b2, 0xe6a0b3, 0x1876},
    {0xe6a0b4, 0xe6a0b6, 0x35eb},
    {0xe6a0ba, 0xe6a0bb, 0x35ee},
    {0xe6a196, 0xe6a19f, 0x35f6},
    {0xe6a1a0, 0xe6a1a1, 0x1878},
    {0xe6a1ac, 0xe6a1b3, 0x3601},
    {0xe6a1b8, 0xe6a1bf, 0x360a},
    {0xe6a287, 0xe6a28e, 0x3615},
    {0xe6a290, 0xe6a292, 0x361d},
    {0xe6a294, 0xe6a296, 0x3620},
    {0xe6a299, 0xe6a29c, 0x3623},
    {0xe6a2a0, 0xe6a2a1, 0x3628},
    {0xe6a2a3, 0xe6a2a5, 0x362a},
    {0xe6a2a9, 0xe6a2ac, 0x362d},
    {0xe6a2b1, 0xe6a2b2, 0x3632},
    {0xe6a2b6, 0xe6a2bf, 0x3635},
    {0xe6a383, 0xe6a388, 0x3640},
    {0xe6a38e, 0xe6a391, 0x3648},
    {0xe6a393, 0xe6a394, 0x364c},
    {0xe6a39b, 0xe6a39e, 0x364f},
    {0xe6a3a1, 0xe6a3a2, 0x3653},
    {0xe6a3a4, 0xe6a3a6, 0x3655},
    {0xe6a3a8, 0xe6a3ad, 0x3658},
    {0xe6a3b2, 0xe6a3b4, 0x365f},
    {0xe6a3b6, 0xe6a3b8, 0x3662},
    {0xe6a3bd, 0xe6a3bf, 0x3666},
    {0xe6a482, 0xe6a484, 0x366a},
    {0xe6a486, 0xe6a48a, 0x366d},
    {0xe6a493, 0xe6a49e, 0x3674},
    {0xe6a49f, 0xe6a4a0, 0x1892},
    {0xe6a4a1, 0xe6a4a3, 0x3680},
    {0xe6a4a5, 0xe6a4ac, 0x3683},
    {0xe6a4ae, 0xe6a4af, 0x368b},
    {0xe6a4b1, 0xe6a4b3, 0x368d},
    {0xe6a4b5, 0xe6a4b8, 0x3690},
    {0xe6a4ba, 0xe6a4bc, 0x3694},
    {0xe6a580, 0xe6a581, 0x3698},
    {0xe6a583, 0xe6a589, 0x369a},
    {0xe6a58b, 0xe6a592, 0x36a1},
    {0xe6a595, 0xe6a596, 0x36a9},
    {0xe6a598, 0xe6a599, 0x36ab},
    {0xe6a59b, 0xe6a59c, 0x36ad},
    {0xe6a5a1, 0xe6a5a2, 0x36b0},
    {0xe6a5a4, 0xe6a5a5, 0x36b2},
    {0xe6a5a9, 0xe6a5aa, 0x36b5},
    {0xe6a5af, 0xe6a5b0, 0x36b8},
    {0xe6a5b2, 0xe6a5b4, 0x36ba},
    {0xe6a5ba, 0xe6a5bb, 0x36be},
    {0xe6a5bd, 0xe6a5bf, 0x36c0},
    {0xe6a687, 0xe6a688, 0x18a8},
    {0xe6a68a, 0xe6a68c, 0x36c6},
    {0xe6a68e, 0xe6a693, 0x36c9},
    {0xe6a696, 0xe6a697, 0x36cf},
    {0xe6a699, 0xe6a69a, 0x36d1},
    {0xe6a69d, 0xe6a6a6, 0x36d3},
    {0xe6a6af, 0xe6a6b0, 0x36df},
    {0xe6a6b2, 0xe6a6b3, 0x36e1},
    {0xe6a6b5, 0xe6a6b6, 0x36e3},
    {0xe6a6b8, 0xe6a6ba, 0x36e5},
    {0xe6a6bc, 0xe6a6be, 0x36e8},
    {0xe6a782, 0xe6a789, 0x36ec},
    {0xe6a791, 0xe6a793, 0x36f5},
    {0xe6a795, 0xe6a79a, 0x36f8},
    {0xe6a79c, 0xe6a79e, 0x36fe},
    {0xe6a7a1, 0xe6a7a6, 0x3701},
    {0xe6a7a8, 0xe6a7ac, 0x3707},
    {0xe6a7ae, 0xe6a7b1, 0x370c},
    {0xe6a7b4, 0xe6a7bc, 0x3710},
    {0xe6a883, 0xe6a884, 0x371b},
    {0xe6a886, 0xe6a889, 0x371d},
    {0xe6a88b, 0xe6a892, 0x3721},
    {0xe6a894, 0xe6a896, 0x3729},
    {0xe6a897, 0xe6a898, 0x18bf},
    {0xe6a89a, 0xe6a89d, 0x372c},
    {0xe6a8a4, 0xe6a8a7, 0x3732},
    {0xe6a8ab, 0xe6a8ae, 0x3737},
    {0xe6a8b2, 0xe6a8b4, 0x373c},
    {0xe6a8b6, 0xe6a8b7, 0x373f},
    {0xe6a8bb, 0xe6a8bc, 0x3741},
    {0xe6a980, 0xe6a983, 0x3744},
    {0xe6a985, 0xe6a986, 0x3748},
    {0xe6a989, 0xe6a98a, 0x374a},
    {0xe6a98c, 0xe6a98f, 0x374c},
    {0xe6a991, 0xe6a997, 0x3750},
    {0xe6a99c, 0xe6a99e, 0x3758},
    {0xe6a9a3, 0xe6a9a4, 0x375c},
    {0xe6a9a6, 0xe6a9b0, 0x375e},
    {0xe6a9b2, 0xe6a9b8, 0x3769},
    {0xe6a9ba, 0xe6a9bb, 0x3770},
    {0xe6a9bd, 0xe6a9bf, 0x3772},
    {0xe6aa81, 0xe6aa83, 0x3775},
    {0xe6aa85, 0xe6aa88, 0x3778},
    {0xe6aa8a, 0xe6aa8d, 0x377c},
    {0xe6aa92, 0xe6aa93, 0x3781},
    {0xe6aa95, 0xe6aa96, 0x3783},
    {0xe6aa98, 0xe6aa9b, 0x3785},
    {0xe6aa9d, 0xe6aa9f, 0x3789},
    {0xe6aaa4, 0xe6aaa8, 0x378d},
    {0xe6aaad, 0xe6aaae, 0x3793},
    {0xe6aab0, 0xe6aab2, 0x3795},
    {0xe6aab4, 0xe6aab7, 0x3798},
    {0xe6aab9, 0xe6aaba, 0x379c},
    {0xe6aabc, 0xe6aabf, 0x379e},
    {0xe6ab80, 0xe6ab82, 0x37a2},
    {0xe6ab84, 0xe6ab92, 0x37a5},
    {0xe6ab94, 0xe6ab99, 0x37b4},
    {0xe6aba0, 0xe6aba6, 0x37bb},
    {0xe6abad, 0xe6abb2, 0x37c4},
    {0xe6abb4, 0xe6abb7, 0x37ca},
    {0xe6abb9, 0xe6abba, 0x37ce},
    {0xe6abbc, 0xe6abbf, 0x37d0},
    {0xe6ac80, 0xe6ac83, 0x37d4},
    {0xe6ac85, 0xe6ac89, 0x37d8},
    {0xe6ac8b, 0xe6ac8e, 0x37dd},
    {0xe6ac90, 0xe6ac91, 0x37e1},
    {0xe6ac93, 0xe6ac95, 0x37e3},
    {0xe6ac97, 0xe6ac9d, 0x37e6},
    {0xe6aca5, 0xe6aca6, 0x37ee},
    {0xe6aca8, 0xe6acb1, 0x37f0},
    {0xe6acb3, 0xe6acb6, 0x37fa},
    {0xe6acbb, 0xe6acbc, 0x37ff},
    {0xe6ad80, 0xe6ad82, 0x3802},
    {0xe6ad84, 0xe6ad85, 0x3805},
    {0xe6ad8a, 0xe6ad8b, 0x3808},
    {0xe6ad8d, 0xe6ad8f, 0x380a},
    {0xe6ad91, 0xe6ad98, 0x380d},
    {0xe6ad9a, 0xe6ad9e, 0x3815},
    {0xe6ada8, 0xe6ada9, 0x381b},
    {0xe6adab, 0xe6adb1, 0x381d},
    {0xe6adb3, 0xe6adb6, 0x3824},
    {0xe6adbd, 0xe6adbf, 0x3829},
    {0xe6ae81, 0xe6ae82, 0x18d6},
    {0xe6ae8e, 0xe6ae91, 0x3830},
    {0xe6ae92, 0xe6ae93, 0x18da},
    {0xe6ae94, 0xe6ae95, 0x3834},
    {0xe6ae9a, 0xe6ae9b, 0x18dd},
    {0xe6ae9c, 0xe6ae9d, 0x3838},
    {0xe6ae9f, 0xe6aea0, 0x383a},
    {0xe6aea2, 0xe6aea3, 0x383c},
    {0xe6aea5, 0xe6aea9, 0x383e},
    {0xe6aeac, 0xe6aead, 0x3843},
    {0xe6aeb0, 0xe6aeb1, 0x3845},
    {0xe6aeb8, 0xe6aeb9, 0x3848},
    {0xe6aebc, 0xe6aebe, 0x384a},
    {0xe6af83, 0xe6af84, 0x384e},
    {0xe6af87, 0xe6af8a, 0x3850},
    {0xe6af90, 0xe6af91, 0x3856},
    {0xe6af9c, 0xe6afa0, 0x385a},
    {0xe6afa2, 0xe6afa9, 0x385f},
    {0xe6afac, 0xe6afae, 0x3867},
    {0xe6afb0, 0xe6afb2, 0x386a},
    {0xe6afb6, 0xe6afb8, 0x386e},
    {0xe6afba, 0xe6afbc, 0x3871},
    {0xe6b080, 0xe6b084, 0x3875},
    {0xe6b089, 0xe6b08b, 0x387a},
    {0xe6b098, 0xe6b09a, 0x195e},
    {0xe6b09c, 0xe6b09e, 0x3880},
    {0xe6b0b6, 0xe6b0b7, 0x3888},
    {0xe6b0b9, 0xe6b0bc, 0x388a},
    {0xe6b0be, 0xe6b0bf, 0x388e},
    {0xe6b183, 0xe6b185, 0x3890},
    {0xe6b18b, 0xe6b18f, 0x3894},
    {0xe6b191, 0xe6b193, 0x3899},
    {0xe6b198, 0xe6b19a, 0x389d},
    {0xe6b1a2, 0xe6b1a3, 0x38a0},
    {0xe6b1a5, 0xe6b1a7, 0x38a2},
    {0xe6b1a8, 0xe6b1a9, 0x16a8},
    {0xe6b1ab, 0xe6b1af, 0x38a5},
    {0xe6b1b7, 0xe6b1b8, 0x38ad},
    {0xe6b1ba, 0xe6b1bc, 0x38af},
    {0xe6b28a, 0xe6b28b, 0x38b6},
    {0xe6b28d, 0xe6b28e, 0x38b8},
    {0xe6b291, 0xe6b292, 0x38ba},
    {0xe6b295, 0xe6b298, 0x38bc},
    {0xe6b29c, 0xe6b29e, 0x38c1},
    {0xe6b2af, 0xe6b2b0, 0x38c8},
    {0xe6b2b4, 0xe6b2b7, 0x38ca},
    {0xe6b380, 0xe6b383, 0x38cf},
    {0xe6b386, 0xe6b388, 0x38d3},
    {0xe6b38d, 0xe6b38f, 0x38d7},
    {0xe6b391, 0xe6b392, 0x38da},
    {0xe6b398, 0xe6b39a, 0x38dc},
    {0xe6b39c, 0xe6b39d, 0x38df},
    {0xe6b3a6, 0xe6b3a7, 0x38e3},
    {0xe6b3ac, 0xe6b3ad, 0x38e6},
    {0xe6b3b7, 0xe6b3b8, 0x16b1},
    {0xe6b482, 0xe6b483, 0x38ed},
    {0xe6b485, 0xe6b486, 0x38ef},
    {0xe6b488, 0xe6b48a, 0x38f1},
    {0xe6b48f, 0xe6b491, 0x38f5},
    {0xe6b493, 0xe6b496, 0x38f8},
    {0xe6b49c, 0xe6b49d, 0x38fd},
    {0xe6b49f, 0xe6b4a4, 0x38ff},
    {0xe6b4a8, 0xe6b4a9, 0x3906},
    {0xe6b4ac, 0xe6b4ad, 0x3908},
    {0xe6b4af, 0xe6b4b0, 0x390a},
    {0xe6b4b6, 0xe6b4b8, 0x390d},
    {0xe6b595, 0xe6b598, 0x3918},
    {0xe6b5a1, 0xe6b5a2, 0x391f},
    {0xe6b5a4, 0xe6b5a5, 0x3921},
    {0xe6b5a7, 0xe6b5a8, 0x3923},
    {0xe6b5ab, 0xe6b5ad, 0x3925},
    {0xe6b5b0, 0xe6b5b3, 0x3928},
    {0xe6b5b5, 0xe6b5b6, 0x392c},
    {0xe6b5ba, 0xe6b5bb, 0x392e},
    {0xe6b5bd, 0xe6b5bf, 0x3930},
    {0xe6b680, 0xe6b681, 0x3933},
    {0xe6b683, 0xe6b684, 0x3935},
    {0xe6b68a, 0xe6b68b, 0x3938},
    {0xe6b68f, 0xe6b690, 0x393b},
    {0xe6b693, 0xe6b694, 0x16d6},
    {0xe6b696, 0xe6b69a, 0x393e},
    {0xe6b6ac, 0xe6b6ad, 0x3946},
    {0xe6b6b0, 0xe6b6b1, 0x3948},
    {0xe6b6b3, 0xe6b6b4, 0x394a},
    {0xe6b6b6, 0xe6b6b7, 0x394c},
    {0xe6b6b9, 0xe6b6be, 0x394e},
    {0xe6b781, 0xe6b783, 0x3954},
    {0xe6b788, 0xe6b78a, 0x3957},
    {0xe6b78d, 0xe6b790, 0x395a},
    {0xe6b792, 0xe6b795, 0x395e},
    {0xe6b79a, 0xe6b79c, 0x3963},
    {0xe6b7a2, 0xe6b7a3, 0x3967},
    {0xe6b7a7, 0xe6b7a9, 0x396a},
    {0xe6b7af, 0xe6b7b0, 0x396e},
    {0xe6b7bd, 0xe6b7bf, 0x3973},
    {0xe6b880, 0xe6b884, 0x3976},
    {0xe6b886, 0xe6b889, 0x397b},
    {0xe6b892, 0xe6b893, 0x3981},
    {0xe6b898, 0xe6b899, 0x3984},
    {0xe6b89b, 0xe6b89c, 0x3986},
    {0xe6b89e, 0xe6b89f, 0x3988},
    {0xe6b8a7, 0xe6b8a8, 0x398b},
    {0xe6b8b0, 0xe6b8b1, 0x398f},
    {0xe6b8b5, 0xe6b8b7, 0x3992},
    {0xe6b8bb, 0xe6b8bd, 0x3996},
    {0xe6b980, 0xe6b982, 0x399a},
    {0xe6b985, 0xe6b98c, 0x399d},
    {0xe6b98f, 0xe6b992, 0x39a5},
    {0xe6b993, 0xe6b994, 0x16f2},
    {0xe6b999, 0xe6b99a, 0x39ab},
    {0xe6b99c, 0xe6b99d, 0x39ad},
    {0xe6b9a0, 0xe6b9aa, 0x39af},
    {0xe6b9ac, 0xe6b9ad, 0x39ba},
    {0xe6b9b0, 0xe6b9bd, 0x39bc},
    {0xe6ba80, 0xe6ba82, 0x39ca},
    {0xe6ba87, 0xe6ba88, 0x39ce},
    {0xe6ba8a, 0xe6ba8e, 0x39d0},
    {0xe6ba91, 0xe6ba95, 0x39d5},
    {0xe6ba99, 0xe6ba9b, 0x39db},
    {0xe6baa0, 0xe6baa1, 0x39df},
    {0xe6baa3, 0xe6baa4, 0x39e1},
    {0xe6baa8, 0xe6baa9, 0x39e4},
    {0xe6baab, 0xe6baae, 0x39e6},
    {0xe6bab8, 0xe6bab9, 0x39ed},
    {0xe6babe, 0xe6babf, 0x39f0},
    {0xe6bb88, 0xe6bb8a, 0x39f5},
    {0xe6bb98, 0xe6bb99, 0x39fc},
    {0xe6bb9b, 0xe6bb9d, 0x39fe},
    {0xe6bbaa, 0xe6bbab, 0x3a03},
    {0xe6bbad, 0xe6bbae, 0x3a05},
    {0xe6bbb0, 0xe6bbb1, 0x3a07},
    {0xe6bbb5, 0xe6bbb6, 0x3a0a},
    {0xe6bbba, 0xe6bbbe, 0x3a0c},
    {0xe6bc83, 0xe6bc85, 0x3a12},
    {0xe6bc87, 0xe6bc88, 0x3a15},
    {0xe6bc8a, 0xe6bc8e, 0x3a17},
    {0xe6bc90, 0xe6bc92, 0x3a1c},
    {0xe6bc96, 0xe6bc99, 0x3a1f},
    {0xe6bc9b, 0xe6bc9f, 0x3a23},
    {0xe6bca5, 0xe6bca8, 0x3a29},
    {0xe6bcb4, 0xe6bcb5, 0x3a2f},
    {0xe6bcb9, 0xe6bcbd, 0x3a32},
    {0xe6bd82, 0xe6bd85, 0x3a38},
    {0xe6bd86, 0xe6bd87, 0x1709},
    {0xe6bd88, 0xe6bd8a, 0x3a3c},
    {0xe6bd8e, 0xe6bd90, 0x3a40},
    {0xe6bd92, 0xe6bd93, 0x3a43},
    {0xe6bd95, 0xe6bd97, 0x3a45},
    {0xe6bd9a, 0xe6bd9b, 0x3a48},
    {0xe6bd9f, 0xe6bda1, 0x3a4b},
    {0xe6bda7, 0xe6bdac, 0x3a50},
    {0xe6bdb5, 0xe6bdb6, 0x3a58},
    {0xe6bdbd, 0xe6bdbe, 0x3a5c},
    {0xe6be81, 0xe6be83, 0x3a5e},
    {0xe6be8a, 0xe6be8b, 0x3a62},
    {0xe6be8f, 0xe6be96, 0x3a64},
    {0xe6be98, 0xe6be9b, 0x3a6c},
    {0xe6be9d, 0xe6be9f, 0x3a70},
    {0xe6bea2, 0xe6bea3, 0x3a73},
    {0xe6bea5, 0xe6bea6, 0x3a75},
    {0xe6beaa, 0xe6bead, 0x3a78},
    {0xe6beaf, 0xe6beb0, 0x3a7c},
    {0xe6beb4, 0xe6beb5, 0x3a7f},
    {0xe6beb7, 0xe6beb8, 0x3a81},
    {0xe6beba, 0xe6bebf, 0x3a83},
    {0xe6bf84, 0xe6bf88, 0x3a89},
    {0xe6bf8a, 0xe6bf90, 0x3a8e},
    {0xe6bf93, 0xe6bf94, 0x3a95},
    {0xe6bf96, 0xe6bf97, 0x3a97},
    {0xe6bf99, 0xe6bf9a, 0x3a99},
    {0xe6bf9c, 0xe6bf9d, 0x3a9b},
    {0xe6bfa2, 0xe6bfa3, 0x3a9d},
    {0xe6bfa5, 0xe6bfaa, 0x3a9f},
    {0xe6bfac, 0xe6bfad, 0x3aa5},
    {0xe6bfb2, 0xe6bfb9, 0x3aa7},
    {0xe78080, 0xe78084, 0x3ab2},
    {0xe78087, 0xe78088, 0x3ab7},
    {0xe7808c, 0xe7808e, 0x3aba},
    {0xe78092, 0xe78094, 0x3abe},
    {0xe78096, 0xe78097, 0x3ac1},
    {0xe780a1, 0xe780a2, 0x3ac6},
    {0xe780a4, 0xe780a6, 0x3ac8},
    {0xe780a9, 0xe780af, 0x3acb},
    {0xe780b3, 0xe780b4, 0x3ad3},
    {0xe780b6, 0xe780b8, 0x3ad5},
    {0xe780ba, 0xe780bd, 0x3ad8},
    {0xe78180, 0xe78182, 0x3add},
    {0xe78185, 0xe7818b, 0x3ae0},
    {0xe7818d, 0xe7818e, 0x3ae7},
    {0xe78192, 0xe78194, 0x3aea},
    {0xe78196, 0xe78197, 0x3aed},
    {0xe78199, 0xe7819c, 0x3aef},
    {0xe7819f, 0xe781a2, 0x3af3},
    {0xe781a5, 0xe781a6, 0x3af7},
    {0xe781a8, 0xe781aa, 0x3af9},
    {0xe781b1, 0xe781b4, 0x3afd},
    {0xe781b9, 0xe781bb, 0x3b02},
    {0xe78281, 0xe78284, 0x3b06},
    {0xe78286, 0xe78288, 0x3b0a},
    {0xe7828b, 0xe7828d, 0x3b0d},
    {0xe7828f, 0xe78291, 0x3b10},
    {0xe78297, 0xe78298, 0x3b14},
    {0xe7829a, 0xe7829b, 0x3b16},
    {0xe7829e, 0xe782aa, 0x3b18},
    {0xe782b4, 0xe782b6, 0x3b27},
    {0xe782be, 0xe782bf, 0x3b2b},
    {0xe78384, 0xe78387, 0x3b2d},
    {0xe7838b, 0xe7838e, 0x3b32},
    {0xe78390, 0xe78397, 0x3b36},
    {0xe7839c, 0xe7839e, 0x3b3f},
    {0xe783a0, 0xe783a3, 0x3b42},
    {0xe783b0, 0xe783b3, 0x3b49},
    {0xe783b5, 0xe783b6, 0x3b4d},
    {0xe783ba, 0xe783bc, 0x3b50},
    {0xe783be, 0xe783bf, 0x3b53},
    {0xe78480, 0xe78488, 0x3b55},
    {0xe7848b, 0xe7848f, 0x3b5e},
    {0xe78491, 0xe78492, 0x3b63},
    {0xe7849b, 0xe784a0, 0x3b67},
    {0xe784a2, 0xe784a5, 0x3b6d},
    {0xe784a7, 0xe784ae, 0x3b71},
    {0xe784b2, 0xe784b5, 0x3b79},
    {0xe784b7, 0xe784bf, 0x3b7d},
    {0xe78580, 0xe78584, 0x3b86},
    {0xe78586, 0xe78588, 0x3b8b},
    {0xe7858f, 0xe78591, 0x3b90},
    {0xe78593, 0xe7859b, 0x3b93},
    {0xe7859f, 0xe785a1, 0x3b9d},
    {0xe785aa, 0xe785ab, 0x3ba2},
    {0xe785af, 0xe785b1, 0x3ba5},
    {0xe785b4, 0xe785b7, 0x3ba8},
    {0xe785bb, 0xe785bc, 0x3bad},
    {0xe785be, 0xe785bf, 0x3baf},
    {0xe78680, 0xe78683, 0x3bb1},
    {0xe78685, 0xe78689, 0x3bb5},
    {0xe7868b, 0xe7868e, 0x3bba},
    {0xe78690, 0xe78691, 0x3bbe},
    {0xe78695, 0xe78696, 0x3bc1},
    {0xe7869a, 0xe7869e, 0x3bc3},
    {0xe786a1, 0xe786a7, 0x3bc8},
    {0xe786a9, 0xe786ab, 0x3bcf},
    {0xe786ad, 0xe786b0, 0x3bd2},
    {0xe786b6, 0xe786b8, 0x3bd8},
    {0xe786ba, 0xe786bd, 0x3bdb},
    {0xe78784, 0xe78787, 0x3be2},
    {0xe78789, 0xe7878d, 0x3be6},
    {0xe7878f, 0xe78791, 0x3beb},
    {0xe78796, 0xe78798, 0x3bef},
    {0xe7879a, 0xe7879b, 0x3bf2},
    {0xe7879d, 0xe7879e, 0x3bf4},
    {0xe787a1, 0xe787a4, 0x3bf6},
    {0xe787a8, 0xe787ac, 0x3bfa},
    {0xe787af, 0xe787b3, 0x3bff},
    {0xe787b5, 0xe787b8, 0x3c04},
    {0xe787ba, 0xe787bb, 0x3c08},
    {0xe78880, 0xe78885, 0x3c0c},
    {0xe78887, 0xe7888c, 0x3c12},
    {0xe7888e, 0xe7888f, 0x3c18},
    {0xe78891, 0xe7889a, 0x3c1a},
    {0xe7889e, 0xe788a7, 0x3c25},
    {0xe788ad, 0xe788af, 0x3c31},
    {0xe788b3, 0xe788b4, 0x3c34},
    {0xe78980, 0xe78986, 0x3c37},
    {0xe78989, 0xe7898b, 0x3c3e},
    {0xe7898e, 0xe78991, 0x3c41},
    {0xe78993, 0xe78995, 0x3c45},
    {0xe789a3, 0xe789a5, 0x3c4d},
    {0xe789aa, 0xe789ad, 0x3c51},
    {0xe789b0, 0xe789b1, 0x3c55},
    {0xe789b3, 0xe789b4, 0x3c57},
    {0xe789b6, 0xe789b8, 0x3c59},
    {0xe789bb, 0xe789bc, 0x3c5c},
    {0xe789be, 0xe789bf, 0x1947},
    {0xe78a82, 0xe78a83, 0x3c5e},
    {0xe78a85, 0xe78a89, 0x3c60},
    {0xe78a90, 0xe78a91, 0x3c67},
    {0xe78a93, 0xe78a95, 0x3c69},
    {0xe78a97, 0xe78a9e, 0x3c6c},
    {0xe78aa0, 0xe78aa1, 0x3c74},
    {0xe78aa3, 0xe78aa6, 0x3c76},
    {0xe78aa8, 0xe78aab, 0x3c7a},
    {0xe78ab1, 0xe78ab3, 0x3c7f},
    {0xe78ab7, 0xe78ab8, 0x15f2},
    {0xe78aba, 0xe78abf, 0x3c83},
    {0xe78b85, 0xe78b87, 0x3c89},
    {0xe78b89, 0xe78b8c, 0x3c8c},
    {0xe78b93, 0xe78b96, 0x3c92},
    {0xe78b9a, 0xe78b9d, 0x3c97},
    {0xe78ba2, 0xe78ba7, 0x3c9c},
    {0xe78baa, 0xe78bab, 0x3ca2},
    {0xe78bb5, 0xe78bb6, 0x3ca4},
    {0xe78bba, 0xe78bbb, 0x1602},
    {0xe78bbe, 0xe78bbf, 0x3ca6},
    {0xe78c84, 0xe78c89, 0x3caa},
    {0xe78c8b, 0xe78c8d, 0x3cb0},
    {0xe78c8f, 0xe78c92, 0x3cb3},
    {0xe78c98, 0xe78c9a, 0x3cb8},
    {0xe78c9f, 0xe78ca0, 0x3cbb},
    {0xe78ca3, 0xe78ca4, 0x3cbd},
    {0xe78ca6, 0xe78ca8, 0x3cbf},
    {0xe78caf, 0xe78cb0, 0x3cc3},
    {0xe78cb2, 0xe78cb3, 0x3cc5},
    {0xe78cbc, 0xe78cbd, 0x3cc9},
    {0xe78d82, 0xe78d83, 0x3ccc},
    {0xe78d86, 0xe78d8c, 0x3cce},
    {0xe78d8e, 0xe78d8f, 0x3cd5},
    {0xe78d93, 0xe78d96, 0x3cd8},
    {0xe78d98, 0xe78d9f, 0x3cdc},
    {0xe78da1, 0xe78da7, 0x3ce4},
    {0xe78db3, 0xe78db4, 0x3cee},
    {0xe78e81, 0xe78e83, 0x3cf4},
    {0xe78e85, 0xe78e86, 0x3cf7},
    {0xe78e8c, 0xe78e8d, 0x3cfb},
    {0xe78e8f, 0xe78e90, 0x3cfd},
    {0xe78e92, 0xe78e95, 0x3cff},
    {0xe78e97, 0xe78e9a, 0x3d03},
    {0xe78e9c, 0xe78e9e, 0x3d07},
    {0xe78ea0, 0xe78ea1, 0x3d0a},
    {0xe78ea3, 0xe78ea8, 0x3d0c},
    {0xe78eac, 0xe78ead, 0x3d13},
    {0xe78eb4, 0xe78eb6, 0x3d16},
    {0xe78eb8, 0xe78eb9, 0x3d19},
    {0xe78ebc, 0xe78ebf, 0x3d1b},
    {0xe78f83, 0xe78f87, 0x3d20},
    {0xe78f8b, 0xe78f8c, 0x3d25},
    {0xe78f92, 0xe78f98, 0x3d28},
    {0xe78f9a, 0xe78f9d, 0x3d2f},
    {0xe78fa1, 0xe78fa4, 0x3d34},
    {0xe78faa, 0xe78fac, 0x3d3a},
    {0xe78fae, 0xe78fb1, 0x3d3d},
    {0xe78fb3, 0xe78fbd, 0x3d41},
    {0xe79080, 0xe79082, 0x3d4d},
    {0xe79087, 0xe79088, 0x3d51},
    {0xe7908b, 0xe7908e, 0x3d53},
    {0xe79091, 0xe79099, 0x3d57},
    {0xe7909c, 0xe790a1, 0x3d60},
    {0xe790a3, 0xe790a4, 0x3d66},
    {0xe790b1, 0xe790b2, 0x3d6d},
    {0xe790b7, 0xe790bb, 0x3d6f},
    {0xe790bd, 0xe790be, 0x3d74},
    {0xe79182, 0xe7918a, 0x3d77},
    {0xe7918c, 0xe79194, 0x3d80},
    {0xe791a0, 0xe791a2, 0x3d8c},
    {0xe791a4, 0xe791a8, 0x3d8f},
    {0xe791ab, 0xe791ac, 0x3d94},
    {0xe791ae, 0xe791af, 0x3d96},
    {0xe791b1, 0xe791b5, 0x3d98},
    {0xe791b8, 0xe791bd, 0x3d9d},
    {0xe79280, 0xe79281, 0x1843},
    {0xe79284, 0xe79286, 0x3da5},
    {0xe7928c, 0xe7928d, 0x3daa},
    {0xe79291, 0xe7929b, 0x3dad},
    {0xe7929f, 0xe792a2, 0x3db9},
    {0xe792a4, 0xe792a5, 0x3dbd},
    {0xe792a8, 0xe792a9, 0x1848},
    {0xe792aa, 0xe792af, 0x3dbf},
    {0xe792b1, 0xe792b9, 0x3dc5},
    {0xe792bb, 0xe792bc, 0x3dce},
    {0xe792be, 0xe792bf, 0x3dd0},
    {0xe79380, 0xe79389, 0x3dd2},
    {0xe7938b, 0xe7938e, 0x3ddc},
    {0xe79390, 0xe79391, 0x3de0},
    {0xe79395, 0xe79399, 0x3de3},
    {0xe793a7, 0xe793ad, 0x3ded},
    {0xe793b0, 0xe793b3, 0x3df4},
    {0xe793b8, 0xe793be, 0x3df9},
    {0xe79480, 0xe79483, 0x3e00},
    {0xe79485, 0xe7948b, 0x3e04},
    {0xe79494, 0xe79497, 0x3e0e},
    {0xe7949d, 0xe7949e, 0x3e13},
    {0xe794a0, 0xe794a2, 0x3e15},
    {0xe794a6, 0xe794a7, 0x3e19},
    {0xe794bc, 0xe794bd, 0x3e20},
    {0xe79581, 0xe79584, 0x3e23},
    {0xe79586, 0xe79587, 0x3e27},
    {0xe79589, 0xe7958a, 0x3e29},
    {0xe79590, 0xe79593, 0x3e2c},
    {0xe79595, 0xe79598, 0x3e30},
    {0xe7959e, 0xe795a1, 0x3e34},
    {0xe795a3, 0xe795a4, 0x3e38},
    {0xe795a7, 0xe795a9, 0x3e3a},
    {0xe795ac, 0xe795b1, 0x3e3d},
    {0xe795ba, 0xe795be, 0x3e46},
    {0xe79680, 0xe79682, 0x3e4b},
    {0xe79684, 0xe79685, 0x3e4e},
    {0xe79688, 0xe7968a, 0x3e50},
    {0xe7968c, 0xe7968e, 0x3e53},
    {0xe7969b, 0xe7969c, 0x3e5a},
    {0xe796a6, 0xe796aa, 0x3e5e},
    {0xe796b3, 0xe796b4, 0x1b67},
    {0xe796b6, 0xe796b7, 0x3e64},
    {0xe796ba, 0xe796bb, 0x3e66},
    {0xe79780, 0xe79781, 0x3e69},
    {0xe7978b, 0xe7978c, 0x3e6c},
    {0xe7978e, 0xe79791, 0x3e6e},
    {0xe7979c, 0xe7979d, 0x3e75},
    {0xe7979f, 0xe797a1, 0x3e77},
    {0xe797ac, 0xe797af, 0x3e7c},
    {0xe797b2, 0xe797b3, 0x3e80},
    {0xe797b5, 0xe797b8, 0x3e82},
    {0xe797ba, 0xe797bb, 0x3e86},
    {0xe797bd, 0xe797be, 0x3e88},
    {0xe79886, 0xe79889, 0x3e8b},
    {0xe7988e, 0xe7988f, 0x3e8f},
    {0xe79891, 0xe79894, 0x3e91},
    {0xe7989c, 0xe7989d, 0x3e97},
    {0xe798ae, 0xe798af, 0x3e9c},
    {0xe798b1, 0xe798b2, 0x3e9e},
    {0xe798b6, 0xe798b7, 0x3ea0},
    {0xe798b9, 0xe798ba, 0x3ea2},
    {0xe79984, 0xe79985, 0x3ea6},
    {0xe79986, 0xe79987, 0x25af},
    {0xe7998a, 0xe7998b, 0x3ea9},
    {0xe7998e, 0xe79993, 0x3eab},
    {0xe79999, 0xe7999b, 0x3eb3},
    {0xe799a0, 0xe799a1, 0x3eb7},
    {0xe799ad, 0xe799ae, 0x25b4},
    {0xe799b3, 0xe799b7, 0x3ebc},
    {0xe799b9, 0xe799ba, 0x3ec1},
    {0xe79a80, 0xe79a81, 0x3ec4},
    {0xe79a89, 0xe79a8a, 0x3ec8},
    {0xe79a8c, 0xe79a8d, 0x3eca},
    {0xe79a8f, 0xe79a90, 0x3ecc},
    {0xe79a94, 0xe79a95, 0x3ecf},
    {0xe79a97, 0xe79a98, 0x3ed1},
    {0xe79a9b, 0xe79aa3, 0x3ed3},
    {0xe79aa5, 0xe79aad, 0x3edc},
    {0xe79aaf, 0xe79ab0, 0x3ee5},
    {0xe79ab5, 0xe79ab7, 0x3ee8},
    {0xe79abb, 0xe79abe, 0x3eec},
    {0xe79b80, 0xe79b81, 0x3ef0},
    {0xe79b83, 0xe79b84, 0x3ef2},
    {0xe79b8b, 0xe79b8c, 0x3ef6},
    {0xe79b99, 0xe79b9a, 0x3efa},
    {0xe79b9c, 0xe79b9d, 0x3efc},
    {0xe79ba8, 0xe79bad, 0x3f01},
    {0xe79bb5, 0xe79bb7, 0x3f09},
    {0xe79bba, 0xe79bbb, 0x3f0c},
    {0xe79c82, 0xe79c83, 0x3f11},
    {0xe79c85, 0xe79c86, 0x3f13},
    {0xe79c87, 0xe79c88, 0x1a5c},
    {0xe79c8e, 0xe79c98, 0x3f17},
    {0xe79c9b, 0xe79c9e, 0x3f22},
    {0xe79ca3, 0xe79ca5, 0x3f27},
    {0xe79caa, 0xe79cac, 0x3f2b},
    {0xe79cb0, 0xe79cb4, 0x3f2f},
    {0xe79cbd, 0xe79cbf, 0x3f36},
    {0xe79d84, 0xe79d86, 0x3f3a},
    {0xe79d88, 0xe79d8e, 0x3f3d},
    {0xe79d90, 0xe79d91, 0x1a65},
    {0xe79d92, 0xe79d99, 0x3f44},
    {0xe79d9c, 0xe79d9d, 0x3f4c},
    {0xe79d9f, 0xe79da0, 0x3f4e},
    {0xe79da9, 0xe79daa, 0x3f52},
    {0xe79dad, 0xe79db8, 0x3f54},
    {0xe79dba, 0xe79dbc, 0x3f60},
    {0xe79e81, 0xe79e83, 0x3f63},
    {0xe79e86, 0xe79e8b, 0x3f66},
    {0xe79e8f, 0xe79e90, 0x3f6c},
    {0xe79e93, 0xe79e97, 0x3f6e},
    {0xe79e99, 0xe79e9d, 0x3f73},
    {0xe79e9f, 0xe79ea0, 0x1a73},
    {0xe79ea3, 0xe79ea4, 0x3f79},
    {0xe79eae, 0xe79eaf, 0x3f7e},
    {0xe79eb1, 0xe79eb2, 0x3f80},
    {0xe79eb6, 0xe79eba, 0x3f83},
    {0xe79f80, 0xe79f86, 0x3f89},
    {0xe79f88, 0xe79f8c, 0x3f90},
    {0xe79f8e, 0xe79f96, 0x3f95},
    {0xe79f98, 0xe79f99, 0x3f9e},
    {0xe79f9d, 0xe79fa1, 0x3fa0},
    {0xe79fb0, 0xe79fb2, 0x3fa9},
    {0xe79fb4, 0xe79fb5, 0x3fac},
    {0xe79fb9, 0xe79fbc, 0x3faf},
    {0xe7a083, 0xe7a088, 0x3fb3},
    {0xe7a08a, 0xe7a08b, 0x3fb9},
    {0xe7a08e, 0xe7a090, 0x3fbb},
    {0xe7a097, 0xe7a098, 0x1a26},
    {0xe7a09c, 0xe7a09d, 0x1a2b},
    {0xe7a0a0, 0xe7a0a2, 0x3fc3},
    {0xe7a0aa, 0xe7a0ab, 0x3fc8},
    {0xe7a0ae, 0xe7a0af, 0x3fca},
    {0xe7a0b1, 0xe7a0b3, 0x3fcc},
    {0xe7a0b5, 0xe7a0b6, 0x3fcf},
    {0xe7a0b9, 0xe7a0bb, 0x1a2d},
    {0xe7a181, 0xe7a182, 0x3fd3},
    {0xe7a188, 0xe7a18b, 0x3fd7},
    {0xe7a193, 0xe7a194, 0x3fde},
    {0xe7a196, 0xe7a197, 0x1a38},
    {0xe7a198, 0xe7a19c, 0x3fe0},
    {0xe7a19e, 0xe7a1a3, 0x3fe5},
    {0xe7a1a5, 0xe7a1a7, 0x3feb},
    {0xe7a1b0, 0xe7a1b6, 0x3fef},
    {0xe7a1b8, 0xe7a1bb, 0x3ff6},
    {0xe7a1bd, 0xe7a1bf, 0x3ffa},
    {0xe7a280, 0xe7a286, 0x3ffd},
    {0xe7a28a, 0xe7a28b, 0x4005},
    {0xe7a28f, 0xe7a290, 0x4007},
    {0xe7a294, 0xe7a296, 0x400a},
    {0xe7a29d, 0xe7a29e, 0x400e},
    {0xe7a2aa, 0xe7a2ac, 0x4015},
    {0xe7a2ae, 0xe7a2af, 0x4018},
    {0xe7a2b5, 0xe7a2b7, 0x401a},
    {0xe7a382, 0xe7a384, 0x4021},
    {0xe7a386, 0xe7a388, 0x4024},
    {0xe7a38c, 0xe7a38f, 0x4027},
    {0xe7a391, 0xe7a393, 0x402b},
    {0xe7a396, 0xe7a398, 0x402e},
    {0xe7a39b, 0xe7a3a2, 0x4031},
    {0xe7a3a4, 0xe7a3a6, 0x4039},
    {0xe7a3a9, 0xe7a3ab, 0x403c},
    {0xe7a3ad, 0xe7a3ae, 0x403f},
    {0xe7a3b0, 0xe7a3b1, 0x4041},
    {0xe7a3b5, 0xe7a3b6, 0x4044},
    {0xe7a3b8, 0xe7a3b9, 0x4046},
    {0xe7a3bb, 0xe7a3bc, 0x4048},
    {0xe7a3be, 0xe7a3bf, 0x404a},
    {0xe7a482, 0xe7a484, 0x404d},
    {0xe7a486, 0xe7a48d, 0x4050},
    {0xe7a48f, 0xe7a492, 0x4058},
    {0xe7a494, 0xe7a498, 0x405c},
    {0xe7a49a, 0xe7a49d, 0x4061},
    {0xe7a49f, 0xe7a4a3, 0x4065},
    {0xe7a4a7, 0xe7a4a9, 0x406b},
    {0xe7a4ad, 0xe7a4b0, 0x406e},
    {0xe7a4b2, 0xe7a4b3, 0x4072},
    {0xe7a4b5, 0xe7a4b9, 0x4074},
    {0xe7a582, 0xe7a585, 0x407b},
    {0xe7a58a, 0xe7a592, 0x4080},
    {0xe7a594, 0xe7a595, 0x4089},
    {0xe7a598, 0xe7a599, 0x408b},
    {0xe7a59b, 0xe7a59c, 0x19fc},
    {0xe7a5a3, 0xe7a5a4, 0x408e},
    {0xe7a5a9, 0xe7a5ac, 0x4091},
    {0xe7a5b0, 0xe7a5b6, 0x4096},
    {0xe7a5bb, 0xe7a5bf, 0x409e},
    {0xe7a682, 0xe7a683, 0x40a3},
    {0xe7a686, 0xe7a689, 0x40a5},
    {0xe7a68b, 0xe7a68c, 0x40a9},
    {0xe7a690, 0xe7a699, 0x40ab},
    {0xe7a69b, 0xe7a6a5, 0x40b5},
    {0xe7a6a8, 0xe7a6a9, 0x40c0},
    {0xe7a6ab, 0xe7a6ad, 0x40c2},
    {0xe7a6b4, 0xe7a6b8, 0x40c7},
    {0xe7a784, 0xe7a785, 0x40cf},
    {0xe7a787, 0xe7a788, 0x40d1},
    {0xe7a78e, 0xe7a790, 0x40d5},
    {0xe7a793, 0xe7a794, 0x40d8},
    {0xe7a796, 0xe7a797, 0x40da},
    {0xe7a799, 0xe7a79e, 0x40dc},
    {0xe7a7a0, 0xe7a7a2, 0x40e2},
    {0xe7a7b1, 0xe7a7b7, 0x40ea},
    {0xe7a7b9, 0xe7a7ba, 0x40f1},
    {0xe7a7be, 0xe7a7bf, 0x40f4},
    {0xe7a884, 0xe7a885, 0x40f7},
    {0xe7a887, 0xe7a88a, 0x40f9},
    {0xe7a88f, 0xe7a893, 0x40fe},
    {0xe7a895, 0xe7a896, 0x4103},
    {0xe7a898, 0xe7a899, 0x4105},
    {0xe7a89b, 0xe7a89d, 0x4107},
    {0xe7a8a1, 0xe7a8a2, 0x410b},
    {0xe7a8a4, 0xe7a8ad, 0x410d},
    {0xe7a8af, 0xe7a8b0, 0x4117},
    {0xe7a8b4, 0xe7a8b6, 0x411a},
    {0xe7a981, 0xe7a985, 0x4120},
    {0xe7a987, 0xe7a98b, 0x4125},
    {0xe7a98f, 0xe7a990, 0x412a},
    {0xe7a992, 0xe7a996, 0x412c},
    {0xe7a998, 0xe7a9a0, 0x4131},
    {0xe7a9a3, 0xe7a9a8, 0x413a},
    {0xe7a9ac, 0xe7a9af, 0x4141},
    {0xe7a9b1, 0xe7a9b3, 0x4145},
    {0xe7a9b8, 0xe7a9b9, 0x1b9a},
    {0xe7a9bb, 0xe7a9be, 0x4149},
    {0xe7aa89, 0xe7aa8c, 0x4150},
    {0xe7aa8e, 0xe7aa90, 0x4154},
    {0xe7aa93, 0xe7aa94, 0x4157},
    {0xe7aa99, 0xe7aa9b, 0x4159},
    {0xe7aaa1, 0xe7aaa4, 0x415d},
    {0xe7aaaf, 0xe7aab2, 0x4163},
    {0xe7aab4, 0xe7aab5, 0x4167},
    {0xe7aab7, 0xe7aab9, 0x4169},
    {0xe7aabb, 0xe7aabe, 0x416c},
    {0xe7ab80, 0xe7ab83, 0x4170},
    {0xe7ab8c, 0xe7ab95, 0x4176},
    {0xe7ab97, 0xe7ab98, 0x4180},
    {0xe7ab9a, 0xe7ab9d, 0x4182},
    {0xe7aba1, 0xe7aba2, 0x4186},
    {0xe7aba7, 0xe7aba9, 0x4189},
    {0xe7abab, 0xe7abac, 0x418c},
    {0xe7abb0, 0xe7abb5, 0x418f},
    {0xe7abb7, 0xe7abb8, 0x4195},
    {0xe7abbb, 0xe7abbc, 0x4197},
    {0xe7ac80, 0xe7ac82, 0x419a},
    {0xe7ac83, 0xe7ac84, 0x1c66},
    {0xe7ac8c, 0xe7ac8e, 0x41a0},
    {0xe7ac92, 0xe7ac93, 0x41a4},
    {0xe7ac96, 0xe7ac98, 0x41a6},
    {0xe7ac9c, 0xe7ac9d, 0x41aa},
    {0xe7aca1, 0xe7aca3, 0x41ad},
    {0xe7acaf, 0xe7acb0, 0x41b3},
    {0xe7acb4, 0xe7acb7, 0x41b6},
    {0xe7ad80, 0xe7ad84, 0x41be},
    {0xe7ad8d, 0xe7ad8e, 0x41c5},
    {0xe7ad9e, 0xe7ad9f, 0x41cc},
    {0xe7ada3, 0xe7ada6, 0x41cf},
    {0xe7ada8, 0xe7adad, 0x41d3},
    {0xe7adaf, 0xe7adb0, 0x41d9},
    {0xe7adb3, 0xe7adb4, 0x41db},
    {0xe7adbc, 0xe7adbd, 0x41e0},
    {0xe7ae81, 0xe7ae84, 0x41e3},
    {0xe7ae86, 0xe7ae8a, 0x41e7},
    {0xe7ae8e, 0xe7ae8f, 0x41ed},
    {0xe7ae91, 0xe7ae93, 0x41ef},
    {0xe7ae98, 0xe7ae9b, 0x41f3},
    {0xe7ae9e, 0xe7aea0, 0x41f7},
    {0xe7aea3, 0xe7aea5, 0x41fa},
    {0xe7aea6, 0xe7aea7, 0x1c85},
    {0xe7aeae, 0xe7aeb0, 0x41fd},
    {0xe7aeb2, 0xe7aeb3, 0x4200},
    {0xe7aeb5, 0xe7aeb7, 0x4202},
    {0xe7aeb9, 0xe7aebf, 0x4205},
    {0xe7af82, 0xe7af83, 0x420c},
    {0xe7af8d, 0xe7af90, 0x4211},
    {0xe7af94, 0xe7af98, 0x4216},
    {0xe7af9b, 0xe7af9c, 0x421b},
    {0xe7af9e, 0xe7afa0, 0x421d},
    {0xe7afa2, 0xe7afa3, 0x4220},
    {0xe7afa5, 0xe7afa6, 0x1c96},
    {0xe7afa7, 0xe7afa8, 0x4222},
    {0xe7afab, 0xe7afad, 0x4224},
    {0xe7afaf, 0xe7afb0, 0x4227},
    {0xe7afb4, 0xe7afb6, 0x422a},
    {0xe7afb8, 0xe7afbb, 0x422d},
    {0xe7b081, 0xe7b086, 0x4233},
    {0xe7b088, 0xe7b08a, 0x4239},
    {0xe7b090, 0xe7b095, 0x423d},
    {0xe7b097, 0xe7b09d, 0x4243},
    {0xe7b0a4, 0xe7b0a5, 0x424c},
    {0xe7b0a8, 0xe7b0a9, 0x424e},
    {0xe7b0ac, 0xe7b0b7, 0x4250},
    {0xe7b0b9, 0xe7b0bc, 0x425c},
    {0xe7b184, 0xe7b18b, 0x4261},
    {0xe7b18e, 0xe7b19b, 0x4269},
    {0xe7b19d, 0xe7b19e, 0x4277},
    {0xe7b1a1, 0xe7b1a3, 0x4279},
    {0xe7b1a5, 0xe7b1a8, 0x427c},
    {0xe7b1af, 0xe7b1b1, 0x4282},
    {0xe7b1b5, 0xe7b1ba, 0x4285},
    {0xe7b1be, 0xe7b1bf, 0x428b},
    {0xe7b280, 0xe7b288, 0x428d},
    {0xe7b28a, 0xe7b290, 0x4296},
    {0xe7b293, 0xe7b294, 0x429d},
    {0xe7b299, 0xe7b29b, 0x42a0},
    {0xe7b2a0, 0xe7b2a1, 0x42a3},
    {0xe7b2a6, 0xe7b2a9, 0x42a6},
    {0xe7b2ab, 0xe7b2ad, 0x42aa},
    {0xe7b2af, 0xe7b2b0, 0x42ad},
    {0xe7b2b4, 0xe7b2b8, 0x42af},
    {0xe7b2ba, 0xe7b2bb, 0x42b4},
    {0xe7b2bc, 0xe7b2bd, 0x1cd2},
    {0xe7b382, 0xe7b384, 0x42b8},
    {0xe7b38c, 0xe7b38d, 0x1cd6},
    {0xe7b38e, 0xe7b394, 0x42be},
    {0xe7b39a, 0xe7b39b, 0x42c6},
    {0xe7b3a1, 0xe7b3a6, 0x42c8},
    {0xe7b3a9, 0xe7b3ae, 0x42ce},
    {0xe7b3bc, 0xe7b3bd, 0x42d9},
    {0xe7b487, 0xe7b488, 0x241e},
    {0xe7b48e, 0xe7b48f, 0x42df},
    {0xe7b491, 0xe7b492, 0x42e1},
    {0xe7b49d, 0xe7b49f, 0x42e5},
    {0xe7b4a3, 0xe7b4a6, 0x42e8},
    {0xe7b4a8, 0xe7b4aa, 0x42ec},
    {0xe7b4ac, 0xe7b4ae, 0x42ef},
    {0xe7b4b4, 0xe7b4b8, 0x42f2},
    {0xe7b4bd, 0xe7b4be, 0x42f8},
    {0xe7b587, 0xe7b58d, 0x42fd},
    {0xe7b591, 0xe7b59c, 0x4305},
    {0xe7b59f, 0xe7b5a0, 0x4311},
    {0xe7b5a3, 0xe7b5a5, 0x4313},
    {0xe7b5a9, 0xe7b5ad, 0x4317},
    {0xe7b5af, 0xe7b5b0, 0x431c},
    {0xe7b5b4, 0xe7b5b5, 0x431e},
    {0xe7b5ba, 0xe7b5bf, 0x4321},
    {0xe7b684, 0xe7b685, 0x4329},
    {0xe7b68a, 0xe7b68e, 0x432c},
    {0xe7b690, 0xe7b692, 0x4331},
    {0xe7b694, 0xe7b69b, 0x4334},
    {0xe7b69f, 0xe7b6a1, 0x433d},
    {0xe7b6a4, 0xe7b6a5, 0x4340},
    {0xe7b6a7, 0xe7b6aa, 0x4342},
    {0xe7b6b5, 0xe7b6b7, 0x4347},
    {0xe7b780, 0xe7b783, 0x434b},
    {0xe7b785, 0xe7b786, 0x434f},
    {0xe7b788, 0xe7b789, 0x4351},
    {0xe7b78c, 0xe7b790, 0x4353},
    {0xe7b795, 0xe7b796, 0x4359},
    {0xe7b79a, 0xe7b79c, 0x435b},
    {0xe7b7a4, 0xe7b7a5, 0x4360},
    {0xe7b7aa, 0xe7b7ab, 0x4363},
    {0xe7b7ad, 0xe7b7ae, 0x4365},
    {0xe7b7b7, 0xe7b7b8, 0x436a},
    {0xe7b7bc, 0xe7b7bf, 0x436d},
    {0xe7b880, 0xe7b887, 0x4371},
    {0xe7b88c, 0xe7b88f, 0x4379},
    {0xe7b892, 0xe7b89a, 0x437d},
    {0xe7b8a0, 0xe7b8a2, 0x4387},
    {0xe7b8a4, 0xe7b8a6, 0x438a},
    {0xe7b8a8, 0xe7b8aa, 0x438d},
    {0xe7b8af, 0xe7b8b0, 0x4391},
    {0xe7b982, 0xe7b984, 0x4399},
    {0xe7b988, 0xe7b991, 0x439c},
    {0xe7b996, 0xe7b999, 0x43a7},
    {0xe7b99b, 0xe7b99d, 0x43ab},
    {0xe7b99f, 0xe7b9a1, 0x43ae},
    {0xe7b9a3, 0xe7b9a8, 0x43b1},
    {0xe7b9b1, 0xe7b9b2, 0x43b8},
    {0xe7b9b4, 0xe7b9b8, 0x43ba},
    {0xe7b9ba, 0xe7b9bb, 0x43bf},
    {0xe7ba80, 0xe7ba81, 0x43c2},
    {0xe7ba83, 0xe7ba87, 0x43c4},
    {0xe7ba90, 0xe7ba92, 0x43cc},
    {0xe7ba99, 0xe7ba9a, 0x43d1},
    {0xe7ba9d, 0xe7ba9e, 0x43d3},
    {0xe7baa8, 0xe7baa9, 0x17d7},
    {0xe7babb, 0xe7babc, 0x43d7},
    {0xe7bb80, 0xe7bb82, 0x17dc},
    {0xe7bb8b, 0xe7bb8c, 0x17e0},
    {0xe7bba0, 0xe7bba1, 0x17e6},
    {0xe7bbae, 0xe7bbaf, 0x17ea},
    {0xe7bbb1, 0xe7bbb2, 0x17ec},
    {0xe7bbba, 0xe7bbbb, 0x17f0},
    {0xe7bc81, 0xe7bc83, 0x17f3},
    {0xe7bc87, 0xe7bc88, 0x17f6},
    {0xe7bc8b, 0xe7bc8c, 0x17f8},
    {0xe7bc91, 0xe7bc92, 0x17fb},
    {0xe7bca1, 0xe7bca7, 0x1802},
    {0xe7bcaa, 0xe7bcad, 0x1809},
    {0xe7bcaf, 0xe7bcb3, 0x180d},
    {0xe7bcbb, 0xe7bcbf, 0x43e2},
    {0xe7bd80, 0xe7bd81, 0x43e7},
    {0xe7bd84, 0xe7bd85, 0x1c60},
    {0xe7bd86, 0xe7bd8b, 0x43ea},
    {0xe7bd92, 0xe7bd93, 0x43f2},
    {0xe7bd9b, 0xe7bd9e, 0x43f6},
    {0xe7bda3, 0xe7bda7, 0x43fb},
    {0xe7bdab, 0xe7bdad, 0x4400},
    {0xe7bdb5, 0xe7bdb6, 0x4405},
    {0xe7bdba, 0xe7bdbd, 0x4408},
    {0xe7be82, 0xe7be84, 0x440e},
    {0xe7be8f, 0xe7be93, 0x4415},
    {0xe7be95, 0xe7be99, 0x441a},
    {0xe7be9b, 0xe7be9c, 0x441f},
    {0xe7bea2, 0xe7bea3, 0x4422},
    {0xe7beaa, 0xe7beae, 0x4426},
    {0xe7beaf, 0xe7beb0, 0x1cc7},
    {0xe7beb3, 0xe7beb7, 0x442c},
    {0xe7beba, 0xe7bebb, 0x4431},
    {0xe7bf82, 0xe7bf84, 0x4435},
    {0xe7bf86, 0xe7bf89, 0x4438},
    {0xe7bf8f, 0xe7bf91, 0x443e},
    {0xe7bf96, 0xe7bf97, 0x4442},
    {0xe7bf99, 0xe7bf9e, 0x4444},
    {0xe7bfa2, 0xe7bfa4, 0x444a},
    {0xe7bfa7, 0xe7bfa8, 0x444d},
    {0xe7bfaa, 0xe7bfad, 0x444f},
    {0xe7bfb4, 0xe7bfb8, 0x4455},
    {0xe7bfbd, 0xe7bfbf, 0x445b},
    {0xe88087, 0xe8808a, 0x445f},
    {0xe8808e, 0xe8808f, 0x4463},
    {0xe8809a, 0xe8809b, 0x4467},
    {0xe8809d, 0xe8809f, 0x4469},
    {0xe880a3, 0xe880a4, 0x446d},
    {0xe880a5, 0xe880a7, 0x1bd1},
    {0xe880af, 0xe880b0, 0x4471},
    {0xe880b9, 0xe880ba, 0x4475},
    {0xe88180, 0xe88181, 0x4479},
    {0xe88184, 0xe88185, 0x447b},
    {0xe88187, 0xe88189, 0x447d},
    {0xe8818e, 0xe88191, 0x4480},
    {0xe8819b, 0xe8819d, 0x4488},
    {0xe8819f, 0xe881a8, 0x448b},
    {0xe881ab, 0xe881ae, 0x4495},
    {0xe881ba, 0xe881bc, 0x449b},
    {0xe88281, 0xe88282, 0x449e},
    {0xe8828d, 0xe88292, 0x44a2},
    {0xe88294, 0xe88295, 0x44a8},
    {0xe882a6, 0xe882a8, 0x44ae},
    {0xe882b5, 0xe882b6, 0x44b4},
    {0xe882b8, 0xe882b9, 0x44b6},
    {0xe88387, 0xe8838b, 0x44ba},
    {0xe8838f, 0xe88395, 0x44bf},
    {0xe8839f, 0xe883a0, 0x44c7},
    {0xe883a2, 0xe883a3, 0x44c9},
    {0xe883a7, 0xe883aa, 0x197a},
    {0xe883be, 0xe883bf, 0x44d1},
    {0xe88480, 0xe88481, 0x44d3},
    {0xe88483, 0xe88484, 0x44d5},
    {0xe88487, 0xe88488, 0x44d7},
    {0xe8848b, 0xe8848c, 0x44d9},
    {0xe8848d, 0xe8848e, 0x198a},
    {0xe8849c, 0xe8849d, 0x44de},
    {0xe8849f, 0xe884ab, 0x44e0},
    {0xe884ad, 0xe884ae, 0x44ed},
    {0xe884b3, 0xe884b5, 0x44f0},
    {0xe884ba, 0xe884bd, 0x44f4},
    {0xe88580, 0xe88585, 0x44f9},
    {0xe88597, 0xe88598, 0x4504},
    {0xe88599, 0xe8859a, 0x199a},
    {0xe8859b, 0xe8859f, 0x4506},
    {0xe885a2, 0xe885a4, 0x450b},
    {0xe885b2, 0xe885b3, 0x4512},
    {0xe885b5, 0xe885b7, 0x4514},
    {0xe885bc, 0xe885bd, 0x199f},
    {0xe88683, 0xe88687, 0x4518},
    {0xe8868b, 0xe8868e, 0x451e},
    {0xe88692, 0xe88697, 0x4523},
    {0xe8869e, 0xe8869f, 0x452a},
    {0xe886a1, 0xe886a2, 0x452c},
    {0xe886a4, 0xe886a5, 0x452e},
    {0xe886ab, 0xe886b2, 0x4531},
    {0xe886b4, 0xe886b9, 0x4539},
    {0xe88784, 0xe88785, 0x4540},
    {0xe88787, 0xe88788, 0x4542},
    {0xe88790, 0xe88797, 0x4546},
    {0xe8879b, 0xe8879e, 0x454f},
    {0xe887a1, 0xe887a2, 0x4553},
    {0xe887a4, 0xe887a6, 0x4555},
    {0xe887ae, 0xe887b2, 0x455a},
    {0xe887b3, 0xe887b4, 0x11c0},
    {0xe887b5, 0xe887b9, 0x455f},
    {0xe88881, 0xe88882, 0x1ca6},
    {0xe8888c, 0xe8888d, 0xd19},
    {0xe8888e, 0xe8888f, 0x4568},
    {0xe88895, 0xe8889a, 0x456c},
    {0xe888a1, 0xe888a3, 0x1cab},
    {0xe888a4, 0xe888a7, 0x4574},
    {0xe888b3, 0xe888b4, 0x1cb4},
    {0xe888bc, 0xe888bd, 0x457c},
    {0xe88980, 0xe88983, 0x457f},
    {0xe88985, 0xe88986, 0x4583},
    {0xe8898c, 0xe8898e, 0x4587},
    {0xe88990, 0xe88997, 0x458a},
    {0xe8899b, 0xe8899e, 0x4592},
    {0xe889a0, 0xe889a3, 0x4596},
    {0xe889a9, 0xe889aa, 0x459c},
    {0xe889ac, 0xe889ad, 0x459e},
    {0xe889b5, 0xe889b6, 0x45a0},
    {0xe889bb, 0xe889bc, 0x45a3},
    {0xe88a80, 0xe88a81, 0x45a5},
    {0xe88a85, 0xe88a87, 0x45a8},
    {0xe88a93, 0xe88a96, 0x45ae},
    {0xe88a9a, 0xe88a9b, 0x45b2},
    {0xe88aa2, 0xe88aa3, 0x45b6},
    {0xe88ab5, 0xe88ab6, 0x45ba},
    {0xe88b82, 0xe88b83, 0x45c0},
    {0xe88b85, 0xe88b86, 0x45c2},
    {0xe88b8b, 0xe88b8c, 0x13f6},
    {0xe88b99, 0xe88b9a, 0x45c7},
    {0xe88ba8, 0xe88baa, 0x45cb},
    {0xe88bac, 0xe88bae, 0x45ce},
    {0xe88bb2, 0xe88bb3, 0x45d2},
    {0xe88bb5, 0xe88bb6, 0x45d4},
    {0xe88bbc, 0xe88bbf, 0x45d8},
    {0xe88c8a, 0xe88c8b, 0x45dd},
    {0xe88c92, 0xe88c93, 0x45e1},
    {0xe88c94, 0xe88c95, 0x1411},
    {0xe88c98, 0xe88c99, 0x45e4},
    {0xe88c9d, 0xe88ca6, 0x45e6},
    {0xe88ca9, 0xe88caa, 0x45f0},
    {0xe88cbd, 0xe88cbf, 0x45f7},
    {0xe88d81, 0xe88d82, 0x45fa},
    {0xe88d84, 0xe88d85, 0x45fc},
    {0xe88d8a, 0xe88d8e, 0x45ff},
    {0xe88d95, 0xe88d99, 0x4605},
    {0xe88d9b, 0xe88d9c, 0x1417},
    {0xe88dad, 0xe88dae, 0x1432},
    {0xe88db0, 0xe88db6, 0x460c},
    {0xe88db9, 0xe88dba, 0x4613},
    {0xe88dbe, 0xe88dbf, 0x4615},
    {0xe88e80, 0xe88e84, 0x4617},
    {0xe88e87, 0xe88e88, 0x461c},
    {0xe88e8b, 0xe88e8d, 0x461e},
    {0xe88e8f, 0xe88e91, 0x4621},
    {0xe88e94, 0xe88e95, 0x4624},
    {0xe88e99, 0xe88e9a, 0x4627},
    {0xe88ea3, 0xe88ea6, 0x462c},
    {0xe88eac, 0xe88eaf, 0x4630},
    {0xe88eb3, 0xe88eb4, 0x1436},
    {0xe88ebe, 0xe88ebf, 0x4636},
    {0xe88f82, 0xe88f84, 0x4638},
    {0xe88f88, 0xe88f89, 0x463c},
    {0xe88f8d, 0xe88f8e, 0x463f},
    {0xe88f90, 0xe88f93, 0x4641},
    {0xe88f99, 0xe88f9b, 0x4647},
    {0xe88fa2, 0xe88fa4, 0x464b},
    {0xe88fa6, 0xe88fa8, 0x464e},
    {0xe88fab, 0xe88fae, 0x4651},
    {0xe88fb3, 0xe88fb7, 0x4655},
    {0xe88fb8, 0xe88fb9, 0x145a},
    {0xe88fba, 0xe88fbc, 0x465a},
    {0xe88fbe, 0xe88fbf, 0x465d},
    {0xe89088, 0xe89089, 0x4662},
    {0xe89092, 0xe89097, 0x4665},
    {0xe89099, 0xe8909b, 0x466b},
    {0xe8909e, 0xe890a3, 0x466e},
    {0xe890a4, 0xe890a5, 0x108e},
    {0xe890a9, 0xe890ab, 0x4674},
    {0xe890ad, 0xe890b0, 0x4677},
    {0xe890b2, 0xe890b4, 0x467b},
    {0xe890b6, 0xe890b7, 0x467e},
    {0xe890b9, 0xe890bb, 0x4680},
    {0xe890be, 0xe890bf, 0x4683},
    {0xe89180, 0xe89185, 0x4685},
    {0xe89187, 0xe89188, 0x468b},
    {0xe8918a, 0xe89190, 0x468d},
    {0xe89193, 0xe89196, 0x4694},
    {0xe8919d, 0xe891a0, 0x4699},
    {0xe891a7, 0xe891a8, 0x469f},
    {0xe891bb, 0xe891bf, 0x46a7},
    {0xe89280, 0xe89281, 0x46ac},
    {0xe89283, 0xe89286, 0x46ae},
    {0xe89287, 0xe89288, 0x1467},
    {0xe8928f, 0xe89292, 0x46b4},
    {0xe89295, 0xe89296, 0x46b8},
    {0xe8929a, 0xe8929b, 0x46bb},
    {0xe8929d, 0xe892a0, 0x46bd},
    {0xe892a2, 0xe892ae, 0x46c1},
    {0xe892b0, 0xe892b1, 0x46ce},
    {0xe892b5, 0xe892b7, 0x46d1},
    {0xe89382, 0xe89383, 0x46d6},
    {0xe89385, 0xe89388, 0x46d8},
    {0xe8938e, 0xe8938f, 0x46dd},
    {0xe89394, 0xe89395, 0x46e0},
    {0xe89397, 0xe8939c, 0x46e2},
    {0xe893a1, 0xe893a2, 0x46e9},
    {0xe893a7, 0xe893ab, 0x46ec},
    {0xe893b1, 0xe893bb, 0x46f2},
    {0xe89480, 0xe8948b, 0x46fe},
    {0xe8948d, 0xe89490, 0x470a},
    {0xe89495, 0xe89496, 0x470f},
    {0xe89498, 0xe89499, 0x4711},
    {0xe8949b, 0xe8949d, 0x4713},
    {0xe894a4, 0xe894a5, 0x4718},
    {0xe894a7, 0xe894aa, 0x471a},
    {0xe894ae, 0xe894b6, 0x471e},
    {0xe894be, 0xe894bf, 0x4727},
    {0xe89584, 0xe89585, 0x472b},
    {0xe8958b, 0xe8958d, 0x472e},
    {0xe8958f, 0xe89591, 0x4731},
    {0xe8959a, 0xe8959d, 0x4736},
    {0xe8959f, 0xe895a1, 0x473a},
    {0xe895a5, 0xe895a7, 0x473e},
    {0xe895ab, 0xe895ac, 0x4741},
    {0xe895ae, 0xe895b1, 0x4743},
    {0xe895b5, 0xe895b6, 0x4748},
    {0xe895bc, 0xe895bd, 0x474b},
    {0xe89680, 0xe89683, 0x474e},
    {0xe8968d, 0xe8968e, 0x4755},
    {0xe89692, 0xe89693, 0x4758},
    {0xe89695, 0xe8969a, 0x475a},
    {0xe8969d, 0xe8969e, 0x4760},
    {0xe896a0, 0xe896a3, 0x4762},
    {0xe896ab, 0xe896ad, 0x4768},
    {0xe896b1, 0xe896b6, 0x476b},
    {0xe896bb, 0xe896bf, 0x4772},
    {0xe89782, 0xe89788, 0x4778},
    {0xe8978a, 0xe8978c, 0x477f},
    {0xe89791, 0xe89792, 0x4782},
    {0xe89796, 0xe8979b, 0x4785},
    {0xe8979e, 0xe897a3, 0x478b},
    {0xe897a6, 0xe897a8, 0x4791},
    {0xe897ab, 0xe897b3, 0x4794},
    {0xe897b7, 0xe897b8, 0x479e},
    {0xe897bc, 0xe897be, 0x47a0},
    {0xe89880, 0xe89883, 0x47a3},
    {0xe89888, 0xe8988a, 0x47a7},
    {0xe8988c, 0xe89890, 0x47aa},
    {0xe89892, 0xe89895, 0x47af},
    {0xe89897, 0xe89899, 0x47b3},
    {0xe8989b, 0xe8989d, 0x47b6},
    {0xe8989f, 0xe898a1, 0x47b9},
    {0xe898a3, 0xe898a6, 0x47bc},
    {0xe898aa, 0xe898ac, 0x47c1},
    {0xe898ae, 0xe898b7, 0x47c4},
    {0xe898bd, 0xe898be, 0x47d0},
    {0xe89980, 0xe8998c, 0x47d2},
    {0xe89992, 0xe89993, 0x47df},
    {0xe89996, 0xe89999, 0x47e1},
    {0xe899a0, 0xe899a1, 0x47e7},
    {0xe899a3, 0xe899a6, 0x47e9},
    {0xe899a8, 0xe899aa, 0x47ed},
    {0xe899af, 0xe899b0, 0x47f1},
    {0xe899b2, 0xe899b8, 0x47f3},
    {0xe89a83, 0xe89a89, 0x47fa},
    {0xe89a8e, 0xe89a92, 0x4801},
    {0xe89a96, 0xe89a9b, 0x4807},
    {0xe89a9e, 0xe89aa2, 0x480d},
    {0xe89aa5, 0xe89aa6, 0x4812},
    {0xe89aad, 0xe89aae, 0x4815},
    {0xe89ab2, 0xe89ab3, 0x4817},
    {0xe89ab7, 0xe89ab9, 0x4819},
    {0xe89abb, 0xe89abf, 0x481c},
    {0xe89b81, 0xe89b83, 0x4821},
    {0xe89b8c, 0xe89b8d, 0x4826},
    {0xe89b92, 0xe89b93, 0x4828},
    {0xe89b95, 0xe89b97, 0x482a},
    {0xe89b9c, 0xe89b9d, 0x482e},
    {0xe89ba0, 0xe89ba3, 0x4830},
    {0xe89ba5, 0xe89ba8, 0x4834},
    {0xe89baa, 0xe89bac, 0x4838},
    {0xe89bb1, 0xe89bb2, 0x1c0e},
    {0xe89bb5, 0xe89bb7, 0x483c},
    {0xe89bbb, 0xe89bbd, 0x483f},
    {0xe89c84, 0xe89c85, 0x4844},
    {0xe89c8b, 0xe89c8c, 0x4846},
    {0xe89c8e, 0xe89c91, 0x4848},
    {0xe89c9f, 0xe89ca0, 0x4851},
    {0xe89ca6, 0xe89ca8, 0x4854},
    {0xe89caa, 0xe89cad, 0x4857},
    {0xe89caf, 0xe89cb0, 0x485b},
    {0xe89cb2, 0xe89cb3, 0x485d},
    {0xe89cb5, 0xe89cb6, 0x485f},
    {0xe89cb8, 0xe89cba, 0x4861},
    {0xe89cbc, 0xe89cbd, 0x4864},
    {0xe89d80, 0xe89d86, 0x4866},
    {0xe89d8a, 0xe89d8b, 0x486d},
    {0xe89d8f, 0xe89d92, 0x4870},
    {0xe89d9a, 0xe89d9f, 0x4877},
    {0xe89da1, 0xe89da2, 0x487d},
    {0xe89da7, 0xe89dad, 0x487f},
    {0xe89db1, 0xe89db3, 0x4887},
    {0xe89db9, 0xe89dba, 0x488c},
    {0xe89dbd, 0xe89dbe, 0x1c2f},
    {0xe89e80, 0xe89e81, 0x488f},
    {0xe89e86, 0xe89e87, 0x4891},
    {0xe89e89, 0xe89e8a, 0x4893},
    {0xe89e8e, 0xe89e92, 0x4896},
    {0xe89e94, 0xe89e96, 0x489b},
    {0xe89e98, 0xe89e9d, 0x489e},
    {0xe89ea0, 0xe89ea1, 0x48a4},
    {0xe89ea3, 0xe89ea7, 0x48a6},
    {0xe89ea9, 0xe89eaa, 0x48ab},
    {0xe89eb0, 0xe89eb2, 0x48ae},
    {0xe89eb6, 0xe89eb9, 0x48b2},
    {0xe89ebe, 0xe89ebf, 0x48b7},
    {0xe89f81, 0xe89f83, 0x48b9},
    {0xe89f8c, 0xe89f8d, 0x48bf},
    {0xe89f8f, 0xe89f90, 0x48c1},
    {0xe89f94, 0xe89f9a, 0x48c3},
    {0xe89f9c, 0xe89f9f, 0x48ca},
    {0xe89fa1, 0xe89fa2, 0x48ce},
    {0xe89fa6, 0xe89fa9, 0x48d1},
    {0xe89fb0, 0xe89fb1, 0x48d7},
    {0xe89fb3, 0xe89fb5, 0x48d9},
    {0xe89fb7, 0xe89fb8, 0x48dc},
    {0xe89fbc, 0xe89fbd, 0x48df},
    {0xe8a080, 0xe8a082, 0x48e2},
    {0xe8a087, 0xe8a089, 0x48e6},
    {0xe8a08b, 0xe8a08f, 0x48e9},
    {0xe8a097, 0xe8a09a, 0x48f0},
    {0xe8a09c, 0xe8a09e, 0x48f4},
    {0xe8a0a4, 0xe8a0b0, 0x48f8},
    {0xe8a0b3, 0xe8a0b5, 0x4905},
    {0xe8a0b7, 0xe8a0b8, 0x4908},
    {0xe8a0bd, 0xe8a0bf, 0x490b},
    {0xe8a181, 0xe8a183, 0x490e},
    {0xe8a187, 0xe8a189, 0x4911},
    {0xe8a18e, 0xe8a192, 0x4915},
    {0xe8a195, 0xe8a196, 0x491a},
    {0xe8a19e, 0xe8a1a0, 0x491f},
    {0xe8a1a6, 0xe8a1a7, 0x4922},
    {0xe8a1b3, 0xe8a1b6, 0x4928},
    {0xe8a1ba, 0xe8a1bc, 0x492d},
    {0xe8a286, 0xe8a287, 0x4932},
    {0xe8a289, 0xe8a28a, 0x4934},
    {0xe8a28e, 0xe8a291, 0x4937},
    {0xe8a293, 0xe8a295, 0x493b},
    {0xe8a297, 0xe8a29b, 0x493e},
    {0xe8a29d, 0xe8a2a1, 0x4943},
    {0xe8a2a5, 0xe8a2aa, 0x4949},
    {0xe8a2ae, 0xe8a2b0, 0x4950},
    {0xe8a2b2, 0xe8a2b6, 0x4953},
    {0xe8a2b8, 0xe8a2bb, 0x4958},
    {0xe8a2bd, 0xe8a2bf, 0x495c},
    {0xe8a383, 0xe8a384, 0x4960},
    {0xe8a387, 0xe8a388, 0x4962},
    {0xe8a38b, 0xe8a38d, 0x4964},
    {0xe8a390, 0xe8a391, 0x4967},
    {0xe8a396, 0xe8a397, 0x496a},
    {0xe8a39a, 0xe8a39b, 0x496c},
    {0xe8a3a0, 0xe8a3a1, 0x496f},
    {0xe8a3a6, 0xe8a3a7, 0x4971},
    {0xe8a3a9, 0xe8a3af, 0x4973},
    {0xe8a3b5, 0xe8a3b7, 0x497b},
    {0xe8a3ba, 0xe8a3bb, 0x497e},
    {0xe8a480, 0xe8a481, 0x4981},
    {0xe8a483, 0xe8a486, 0x4983},
    {0xe8a488, 0xe8a489, 0x4987},
    {0xe8a48b, 0xe8a48f, 0x4989},
    {0xe8a494, 0xe8a498, 0x498f},
    {0xe8a49c, 0xe8a4a0, 0x4994},
    {0xe8a4a2, 0xe8a4a4, 0x4999},
    {0xe8a4a6, 0xe8a4a9, 0x499c},
    {0xe8a4ac, 0xe8a4af, 0x49a0},
    {0xe8a4b9, 0xe8a4ba, 0x49a7},
    {0xe8a4bc, 0xe8a4bf, 0x49a9},
    {0xe8a582, 0xe8a583, 0x49ae},
    {0xe8a585, 0xe8a586, 0x49b0},
    {0xe8a588, 0xe8a595, 0x49b2},
    {0xe8a597, 0xe8a59c, 0x49c0},
    {0xe8a5a1, 0xe8a5a3, 0x49c6},
    {0xe8a5a7, 0xe8a5a9, 0x49ca},
    {0xe8a5ad, 0xe8a5ae, 0x49ce},
    {0xe8a5b0, 0xe8a5b1, 0x49d0},
    {0xe8a5b3, 0xe8a5ba, 0x49d2},
    {0xe8a5bc, 0xe8a5be, 0x49da},
    {0xe8a684, 0xe8a685, 0x49df},
    {0xe8a687, 0xe8a68a, 0x49e1},
    {0xe8a68c, 0xe8a68e, 0x49e5},
    {0xe8a690, 0xe8a692, 0x49e8},
    {0xe8a694, 0xe8a695, 0x49eb},
    {0xe8a699, 0xe8a6a0, 0x49ee},
    {0xe8a6a2, 0xe8a6a5, 0x49f6},
    {0xe8a6a7, 0xe8a6a9, 0x49fa},
    {0xe8a6ad, 0xe8a6ae, 0x49fe},
    {0xe8a6b0, 0xe8a6b1, 0x4a00},
    {0xe8a6b3, 0xe8a6b6, 0x4a02},
    {0xe8a6b8, 0xe8a6b9, 0x4a06},
    {0xe8a6bb, 0xe8a6bc, 0x4a08},
    {0xe8a78a, 0xe8a78c, 0x193b},
    {0xe8a78e, 0xe8a791, 0x193e},
    {0xe8a793, 0xe8a795, 0x4a0d},
    {0xe8a797, 0xe8a799, 0x4a10},
    {0xe8a79f, 0xe8a7a2, 0x4a15},
    {0xe8a7a7, 0xe8a7aa, 0x4a1a},
    {0xe8a7ac, 0xe8a7ae, 0x4a1e},
    {0xe8a7b0, 0xe8a7b2, 0x4a21},
    {0xe8a7b9, 0xe8a7bf, 0x4a26},
    {0xe8a884, 0xe8a886, 0x4a2d},
    {0xe8a891, 0xe8a892, 0x4a34},
    {0xe8a899, 0xe8a89a, 0x4a38},
    {0xe8a8a0, 0xe8a8a2, 0x4a3c},
    {0xe8a8a6, 0xe8a8a9, 0x4a40},
    {0xe8a8ab, 0xe8a8ac, 0x4a44},
    {0xe8a8ae, 0xe8a8b0, 0x4a46},
    {0xe8a8b2, 0xe8a8b3, 0x4a49},
    {0xe8a8b7, 0xe8a8b9, 0x4a4c},
    {0xe8a8bb, 0xe8a8bd, 0x4a4f},
    {0xe8a982, 0xe8a985, 0x4a54},
    {0xe8a989, 0xe8a98d, 0x4a59},
    {0xe8a996, 0xe8a997, 0x4a61},
    {0xe8a999, 0xe8a99a, 0x4a63},
    {0xe8a99c, 0xe8a99d, 0x4a65},
    {0xe8a99f, 0xe8a9a0, 0x4a67},
    {0xe8a9a4, 0xe8a9a5, 0x4a69},
    {0xe8a9a7, 0xe8a9a8, 0x4a6b},
    {0xe8a9b6, 0xe8a9b8, 0x4a70},
    {0xe8a9ba, 0xe8a9bb, 0x4a73},
    {0xe8a9bd, 0xe8a9be, 0x4a75},
    {0xe8aa80, 0xe8aa83, 0x4a77},
    {0xe8aa8b, 0xe8aa8c, 0x4a7c},
    {0xe8aa8e, 0xe8aa90, 0x4a7e},
    {0xe8aa91, 0xe8aa92, 0x22f9},
    {0xe8aa96, 0xe8aa97, 0x4a82},
    {0xe8aa9b, 0xe8aa9d, 0x4a85},
    {0xe8aaa9, 0xe8aaab, 0x4a8b},
    {0xe8aaad, 0xe8aaaf, 0x4a8e},
    {0xe8aab3, 0xe8aab5, 0x4a92},
    {0xe8aab7, 0xe8aab8, 0x4a95},
    {0xe8aaba, 0xe8aabb, 0x4a97},
    {0xe8aabd, 0xe8aabe, 0x4a99},
    {0xe8ab80, 0xe8ab81, 0x4a9b},
    {0xe8ab85, 0xe8ab86, 0x4a9e},
    {0xe8ab93, 0xe8ab95, 0x4aa5},
    {0xe8ab98, 0xe8ab9a, 0x4aa8},
    {0xe8ab9f, 0xe8aba1, 0x4aac},
    {0xe8aba8, 0xe8abaa, 0x4ab1},
    {0xe8abaf, 0xe8abb0, 0x4ab5},
    {0xe8abb4, 0xe8abb5, 0x4ab8},
    {0xe8ac88, 0xe8ac89, 0x4ac0},
    {0xe8ac8b, 0xe8ac8d, 0x4ac2},
    {0xe8ac91, 0xe8ac93, 0x4ac6},
    {0xe8ac9e, 0xe8aca0, 0x4acc},
    {0xe8aca2, 0xe8aca5, 0x4acf},
    {0xe8aca9, 0xe8acaa, 0x4ad4},
    {0xe8acae, 0xe8acb2, 0x4ad6},
    {0xe8acb4, 0xe8acb8, 0x4adb},
    {0xe8acba, 0xe8acbd, 0x4ae0},
    {0xe8ad80, 0xe8ad88, 0x4ae5},
    {0xe8ad8a, 0xe8ad8d, 0x4aee},
    {0xe8ad90, 0xe8ad95, 0x4af2},
    {0xe8ad9d, 0xe8ada5, 0x4afa},
    {0xe8ada7, 0xe8adaa, 0x4b03},
    {0xe8adad, 0xe8adae, 0x4b07},
    {0xe8adb1, 0xe8adb3, 0x4b09},
    {0xe8adb5, 0xe8adb6, 0x4b0c},
    {0xe8adb8, 0xe8adbc, 0x4b0e},
    {0xe8adbe, 0xe8adbf, 0x4b13},
    {0xe8ae81, 0xe8ae89, 0x4b15},
    {0xe8ae8b, 0xe8ae8d, 0x4b1e},
    {0xe8ae8f, 0xe8ae91, 0x4b21},
    {0xe8ae97, 0xe8ae9b, 0x4b25},
    {0xe8aea6, 0xe8aea7, 0x1318},
    {0xe8aeb4, 0xe8aeb5, 0x131b},
    {0xe8af82, 0xe8af83, 0x131e},
    {0xe8af92, 0xe8af94, 0x1323},
    {0xe8af98, 0xe8af99, 0x1327},
    {0xe8af9f, 0xe8afa0, 0x132a},
    {0xe8afa8, 0xe8afa9, 0x132d},
    {0xe8b091, 0xe8b092, 0x133c},
    {0xe8b094, 0xe8b096, 0x133e},
    {0xe8b09f, 0xe8b0a1, 0x1345},
    {0xe8b0aa, 0xe8b0ab, 0x134a},
    {0xe8b0ae, 0xe8b0af, 0x134c},
    {0xe8b0b2, 0xe8b0b3, 0x134e},
    {0xe8b0b5, 0xe8b0b6, 0x1350},
    {0xe8b0b8, 0xe8b0bf, 0x4b34},
    {0xe8b182, 0xe8b185, 0x4b3d},
    {0xe8b18a, 0xe8b18b, 0x4b41},
    {0xe8b18d, 0xe8b18f, 0x4b43},
    {0xe8b191, 0xe8b194, 0x4b46},
    {0xe8b196, 0xe8b199, 0x4b4a},
    {0xe8b19b, 0xe8b1a0, 0x4b4e},
    {0xe8b1a3, 0xe8b1a9, 0x4b54},
    {0xe8b1ac, 0xe8b1b2, 0x4b5b},
    {0xe8b1b4, 0xe8b1b7, 0x4b62},
    {0xe8b1bb, 0xe8b1bf, 0x4b66},
    {0xe8b280, 0xe8b281, 0x4b6b},
    {0xe8b283, 0xe8b284, 0x4b6d},
    {0xe8b286, 0xe8b288, 0x4b6f},
    {0xe8b28d, 0xe8b293, 0x4b73},
    {0xe8b295, 0xe8b297, 0x4b7a},
    {0xe8b299, 0xe8b29c, 0x4b7d},
    {0xe8b2a3, 0xe8b2a6, 0x4b82},
    {0xe8b2ad, 0xe8b2ae, 0x4b86},
    {0xe8b38b, 0xe8b390, 0x4b8e},
    {0xe8b396, 0xe8b399, 0x4b95},
    {0xe8b3a8, 0xe8b3a9, 0x4b9d},
    {0xe8b3ae, 0xe8b3b3, 0x4b9f},
    {0xe8b3b5, 0xe8b3b9, 0x4ba5},
    {0xe8b480, 0xe8b483, 0x4bab},
    {0xe8b486, 0xe8b487, 0x4baf},
    {0xe8b491, 0xe8b495, 0x4bb4},
    {0xe8b497, 0xe8b49a, 0x4bb9},
    {0xe8b4b2, 0xe8b4b3, 0x192c},
    {0xe8b585, 0xe8b586, 0x1932},
    {0xe8b588, 0xe8b589, 0x1934},
    {0xe8b591, 0xe8b592, 0x4bbe},
    {0xe8b5a8, 0xe8b5aa, 0x4bc3},
    {0xe8b5ae, 0xe8b5af, 0x4bc7},
    {0xe8b5b1, 0xe8b5b2, 0x4bc9},
    {0xe8b5b8, 0xe8b5bf, 0x4bcb},
    {0xe8b682, 0xe8b683, 0x4bd4},
    {0xe8b686, 0xe8b689, 0x4bd6},
    {0xe8b68c, 0xe8b690, 0x4bda},
    {0xe8b692, 0xe8b693, 0x4bdf},
    {0xe8b696, 0xe8b698, 0x4be1},
    {0xe8b69a, 0xe8b69e, 0x4be4},
    {0xe8b6a0, 0xe8b6a2, 0x4be9},
    {0xe8b6a4, 0xe8b6a7, 0x4bec},
    {0xe8b6a9, 0xe8b6b0, 0x4bf0},
    {0xe8b6b6, 0xe8b6b7, 0x4bf8},
    {0xe8b780, 0xe8b782, 0x4bfd},
    {0xe8b787, 0xe8b78a, 0x4c01},
    {0xe8b78e, 0xe8b78f, 0x1d25},
    {0xe8b792, 0xe8b795, 0x4c07},
    {0xe8b796, 0xe8b797, 0x1d21},
    {0xe8b798, 0xe8b799, 0x4c0b},
    {0xe8b7a0, 0xe8b7a2, 0x4c0e},
    {0xe8b7a5, 0xe8b7a7, 0x4c11},
    {0xe8b7ad, 0xe8b7ae, 0x4c15},
    {0xe8b7b0, 0xe8b7b2, 0x4c17},
    {0xe8b7b7, 0xe8b7b8, 0x1d2a},
    {0xe8b7be, 0xe8b7bf, 0x4c1d},
    {0xe8b880, 0xe8b884, 0x4c1f},
    {0xe8b886, 0xe8b888, 0x4c24},
    {0xe8b88d, 0xe8b88e, 0x4c28},
    {0xe8b891, 0xe8b893, 0x4c2a},
    {0xe8b895, 0xe8b89c, 0x4c2d},
    {0xe8b8a0, 0xe8b8a1, 0x4c35},
    {0xe8b8a4, 0xe8b8a8, 0x4c37},
    {0xe8b8b2, 0xe8b8b3, 0x4c3f},
    {0xe8b8b6, 0xe8b8b8, 0x4c41},
    {0xe8b8bb, 0xe8b8bc, 0x4c44},
    {0xe8b8be, 0xe8b8bf, 0x4c46},
    {0xe8b981, 0xe8b982, 0x1d40},
    {0xe8b985, 0xe8b986, 0x4c49},
    {0xe8b98d, 0xe8b990, 0x4c4b},
    {0xe8b991, 0xe8b992, 0x1d42},
    {0xe8b993, 0xe8b994, 0x4c4f},
    {0xe8b996, 0xe8b998, 0x4c51},
    {0xe8b99a, 0xe8b9a2, 0x4c54},
    {0xe8b9a4, 0xe8b9a5, 0x4c5d},
    {0xe8b9a7, 0xe8b9a8, 0x4c5f},
    {0xe8b9aa, 0xe8b9ab, 0x4c61},
    {0xe8b9b7, 0xe8b9b9, 0x4c67},
    {0xe8b9bd, 0xe8b9be, 0x4c6b},
    {0xe8ba82, 0xe8ba84, 0x4c6e},
    {0xe8ba95, 0xe8ba99, 0x4c75},
    {0xe8ba9f, 0xe8baa0, 0x4c7c},
    {0xe8baa2, 0xe8baa4, 0x4c7e},
    {0xe8baa7, 0xe8baa9, 0x4c81},
    {0xe8baad, 0xe8baae, 0x4c84},
    {0xe8bab0, 0xe8bab1, 0x4c86},
    {0xe8bab3, 0xe8bab9, 0x4c88},
    {0xe8babb, 0xe8babf, 0x4c8f},
    {0xe8bb81, 0xe8bb89, 0x4c94},
    {0xe8bb8f, 0xe8bb91, 0x4c9d},
    {0xe8bb95, 0xe8bb9a, 0x4ca1},
    {0xe8bb9c, 0xe8bb9e, 0x4ca7},
    {0xe8bba0, 0xe8bba3, 0x4caa},
    {0xe8bba5, 0xe8bbaa, 0x4cae},
    {0xe8bbac, 0xe8bbb1, 0x4cb4},
    {0xe8bbb3, 0xe8bbb7, 0x4cba},
    {0xe8bc80, 0xe8bc82, 0x4cc1},
    {0xe8bc8b, 0xe8bc91, 0x4cc7},
    {0xe8bc96, 0xe8bc9a, 0x4ccf},
    {0xe8bc9e, 0xe8bc9f, 0x249d},
    {0xe8bca0, 0xe8bca4, 0x4cd4},
    {0xe8bca7, 0xe8bca8, 0x4cd9},
    {0xe8bcab, 0xe8bcae, 0x4cdb},
    {0xe8bcb0, 0xe8bcb2, 0x4cdf},
    {0xe8bcb4, 0xe8bcb7, 0x4ce2},
    {0xe8bcb9, 0xe8bcba, 0x4ce6},
    {0xe8bcbc, 0xe8bcbd, 0x4ce8},
    {0xe8bd80, 0xe8bd81, 0x4cea},
    {0xe8bd87, 0xe8bd88, 0x4ced},
    {0xe8bd8a, 0xe8bd8c, 0x4cef},
    {0xe8bd8f, 0xe8bd93, 0x4cf2},
    {0xe8bd95, 0xe8bd9e, 0x4cf7},
    {0xe8bdb1, 0xe8bdb3, 0x18e3},
    {0xe8bdb5, 0xe8bdb6, 0x18e6},
    {0xe8bdb9, 0xe8bdba, 0x18ea},
    {0xe8be81, 0xe8be82, 0x18ee},
    {0xe8be8d, 0xe8be8f, 0x18f3},
    {0xe8bea0, 0xe8bea2, 0x4d09},
    {0xe8bea4, 0xe8bea5, 0x4d0c},
    {0xe8bea8, 0xe8bea9, 0x44f},
    {0xe8beb3, 0xe8beb5, 0x4d11},
    {0xe8beb7, 0xe8beb8, 0x4d14},
    {0xe8beba, 0xe8bebc, 0x4d16},
    {0xe8bf89, 0xe8bf8d, 0x4d1d},
    {0xe8bf96, 0xe8bf97, 0x4d24},
    {0xe8bfa0, 0xe8bfa1, 0x4d27},
    {0xe8bfb1, 0xe8bfb2, 0x4d2d},
    {0xe8bfb5, 0xe8bfb6, 0x4d2f},
    {0xe8bfba, 0xe8bfbc, 0x4d31},
    {0xe8bfbe, 0xe8bfbf, 0x4d34},
    {0xe98087, 0xe98088, 0x4d36},
    {0xe980a4, 0xe980a5, 0x4d3d},
    {0xe980a7, 0xe980ac, 0x4d3f},
    {0xe980b0, 0xe980b1, 0x4d45},
    {0xe980b3, 0xe980b4, 0x4d47},
    {0xe980b5, 0xe980b6, 0x174f},
    {0xe980b9, 0xe980ba, 0x4d4a},
    {0xe98185, 0xe98186, 0x4d50},
    {0xe98188, 0xe9818a, 0x4d52},
    {0xe98191, 0xe98192, 0x1754},
    {0xe98199, 0xe9819a, 0x4d57},
    {0xe981a6, 0xe981a7, 0x4d5d},
    {0xe981aa, 0xe981ac, 0x4d5f},
    {0xe981af, 0xe981b1, 0x4d62},
    {0xe98285, 0xe98286, 0x4d6a},
    {0xe9828c, 0xe9828e, 0x4d6d},
    {0xe9829e, 0xe982a0, 0x4d76},
    {0xe982a4, 0xe982a5, 0x4d79},
    {0xe982a7, 0xe982a9, 0x4d7b},
    {0xe982bc, 0xe982bd, 0x4d82},
    {0xe98382, 0xe98383, 0x4d86},
    {0xe98388, 0xe98389, 0x4d89},
    {0xe9838b, 0xe9838d, 0x4d8b},
    {0xe98394, 0xe98396, 0x4d8f},
    {0xe98398, 0xe9839a, 0x4d92},
    {0xe983a3, 0xe983a5, 0x4d97},
    {0xe983a9, 0xe983aa, 0x4d9a},
    {0xe983b0, 0xe983b3, 0x4d9e},
    {0xe983b6, 0xe983b7, 0x4da2},
    {0xe983b9, 0xe983bc, 0x4da4},
    {0xe98480, 0xe98481, 0x4da9},
    {0xe98487, 0xe98488, 0x4dad},
    {0xe9848a, 0xe98491, 0x4daf},
    {0xe98497, 0xe98498, 0x4db9},
    {0xe9849a, 0xe9849d, 0x4dbb},
    {0xe9849f, 0xe984a1, 0x4dbf},
    {0xe984a4, 0xe984a6, 0x4dc2},
    {0xe984a8, 0xe984ac, 0x4dc5},
    {0xe984b7, 0xe984b8, 0x4dcd},
    {0xe984bb, 0xe984bf, 0x4dcf},
    {0xe98580, 0xe98582, 0x4dd4},
    {0xe98584, 0xe98585, 0x4dd7},
    {0xe9858e, 0xe9858f, 0x1cfa},
    {0xe98593, 0xe98596, 0x4ddb},
    {0xe98598, 0xe98599, 0x4ddf},
    {0xe9859b, 0xe9859c, 0x4de1},
    {0xe9859f, 0xe985a0, 0x4de3},
    {0xe985a6, 0xe985a8, 0x4de5},
    {0xe985ba, 0xe985bc, 0x4deb},
    {0xe985bd, 0xe985be, 0x1d02},
    {0xe98680, 0xe98684, 0x4dee},
    {0xe9868e, 0xe9868f, 0x4df6},
    {0xe98693, 0xe98695, 0x4df8},
    {0xe98697, 0xe98699, 0x4dfb},
    {0xe9869d, 0xe986a1, 0x4dfe},
    {0xe986a2, 0xe986a3, 0x1d0c},
    {0xe986a4, 0xe986a9, 0x4e03},
    {0xe986ad, 0xe986af, 0x1d0f},
    {0xe986b0, 0xe986b3, 0x4e09},
    {0xe986b6, 0xe986b9, 0x4e0d},
    {0xe986bb, 0xe986bf, 0x4e11},
    {0xe98792, 0xe98794, 0x24f3},
    {0xe9879a, 0xe9879b, 0x4e1c},
    {0xe9879e, 0xe987a2, 0x4e1e},
    {0xe987a5, 0xe987a6, 0x4e23},
    {0xe987aa, 0xe987b4, 0x4e26},
    {0xe987bb, 0xe987bf, 0x4e33},
    {0xe98882, 0xe98883, 0x4e38},
    {0xe98885, 0xe98887, 0x4e3a},
    {0xe9888a, 0xe9888c, 0x4e3d},
    {0xe98892, 0xe98893, 0x4e41},
    {0xe98896, 0xe9889d, 0x4e43},
    {0xe9889f, 0xe988a2, 0x4e4b},
    {0xe988a8, 0xe988ad, 0x4e50},
    {0xe988b1, 0xe988b2, 0x4e57},
    {0xe988b5, 0xe988b6, 0x4e59},
    {0xe988bb, 0xe988bc, 0x4e5b},
    {0xe98981, 0xe98984, 0x4e5d},
    {0xe98986, 0xe98987, 0x4e61},
    {0xe9898a, 0xe9898c, 0x4e63},
    {0xe9898e, 0xe98990, 0x4e66},
    {0xe98992, 0xe98994, 0x4e69},
    {0xe98998, 0xe98999, 0x4e6d},
    {0xe9899c, 0xe9899d, 0x4e6f},
    {0xe9899f, 0xe989a1, 0x4e71},
    {0xe989a3, 0xe989a5, 0x4e74},
    {0xe989a7, 0xe989ab, 0x4e77},
    {0xe989ac, 0xe989ad, 0x2511},
    {0xe989ae, 0xe989b3, 0x4e7c},
    {0xe989b5, 0xe989b7, 0x4e82},
    {0xe989bc, 0xe989be, 0x4e86},
    {0xe98a81, 0xe98a82, 0x4e89},
    {0xe98a86, 0xe98a8d, 0x4e8c},
    {0xe98a8f, 0xe98a90, 0x4e94},
    {0xe98a94, 0xe98a95, 0x4e97},
    {0xe98a9d, 0xe98a9f, 0x4e9c},
    {0xe98aa1, 0xe98aa2, 0x4e9f},
    {0xe98aaf, 0xe98ab0, 0x4ea4},
    {0xe98ab2, 0xe98ab6, 0x4ea6},
    {0xe98abd, 0xe98abf, 0x4ead},
    {0xe98b89, 0xe98b8b, 0x4eb4},
    {0xe98b8d, 0xe98b8e, 0x4eb7},
    {0xe98b90, 0xe98b91, 0x4eb9},
    {0xe98b93, 0xe98b9c, 0x4ebb},
    {0xe98ba0, 0xe98ba2, 0x4ec6},
    {0xe98bab, 0xe98bac, 0x4ecb},
    {0xe98bb2, 0xe98bb5, 0x4ecd},
    {0xe98bb9, 0xe98bbb, 0x4ed2},
    {0xe98bbd, 0xe98bbf, 0x4ed5},
    {0xe98c82, 0xe98c85, 0x4ed9},
    {0xe98c87, 0xe98c88, 0x254f},
    {0xe98c89, 0xe98c8f, 0x4edd},
    {0xe98c93, 0xe98c94, 0x4ee5},
    {0xe98c96, 0xe98c97, 0x4ee7},
    {0xe98c9c, 0xe98c9e, 0x4ee9},
    {0xe98ca3, 0xe98ca5, 0x4eed},
    {0xe98ca9, 0xe98caa, 0x4ef1},
    {0xe98cac, 0xe98cad, 0x4ef3},
    {0xe98cb0, 0xe98cb1, 0x4ef5},
    {0xe98cb4, 0xe98cb5, 0x4ef7},
    {0xe98cb9, 0xe98cbd, 0x4efa},
    {0xe98d84, 0xe98d85, 0x4f01},
    {0xe98d88, 0xe98d8a, 0x4f03},
    {0xe98d8e, 0xe98d93, 0x4f07},
    {0xe98d95, 0xe98d97, 0x4f0d},
    {0xe98d99, 0xe98d9a, 0x4f10},
    {0xe98d9c, 0xe98da3, 0x4f12},
    {0xe98da6, 0xe98da8, 0x4f1a},
    {0xe98dad, 0xe98daf, 0x4f1e},
    {0xe98db1, 0xe98db4, 0x4f21},
    {0xe98db7, 0xe98db9, 0x4f25},
    {0xe98dbb, 0xe98dbd, 0x4f28},
    {0xe98e80, 0xe98e81, 0x4f2c},
    {0xe98e85, 0xe98e86, 0x4f2f},
    {0xe98e88, 0xe98e89, 0x4f31},
    {0xe98e8b, 0xe98e8e, 0x4f33},
    {0xe98e90, 0xe98e95, 0x4f37},
    {0xe98e99, 0xe98ea1, 0x4f3e},
    {0xe98ea4, 0xe98ea5, 0x4f47},
    {0xe98eb1, 0xe98eb2, 0x4f4d},
    {0xe98eb6, 0xe98eb7, 0x4f50},
    {0xe98eb9, 0xe98ebe, 0x4f52},
    {0xe98f80, 0xe98f82, 0x4f58},
    {0xe98f84, 0xe98f86, 0x4f5b},
    {0xe98f8e, 0xe98f90, 0x4f60},
    {0xe98f92, 0xe98f95, 0x4f63},
    {0xe98f99, 0xe98f9b, 0x4f67},
    {0xe98f9c, 0xe98f9d, 0x2568},
    {0xe98fa5, 0xe98fa7, 0x4f6c},
    {0xe98fa9, 0xe98fb4, 0x4f6f},
    {0xe98fba, 0xe98fbf, 0x4f7d},
    {0xe99080, 0xe99082, 0x4f83},
    {0xe99084, 0xe9908a, 0x4f86},
    {0xe9908c, 0xe9908f, 0x4f8d},
    {0xe99095, 0xe99097, 0x4f92},
    {0xe9909a, 0xe9909c, 0x4f95},
    {0xe9909e, 0xe9909f, 0x4f98},
    {0xe990a1, 0xe990a5, 0x4f9a},
    {0xe990a6, 0xe990a7, 0x2541},
    {0xe990a9, 0xe990ad, 0x4f9f},
    {0xe990af, 0xe990b1, 0x4fa4},
    {0xe990b6, 0xe990b7, 0x4fa8},
    {0xe990bb, 0xe990bd, 0x4fab},
    {0xe99180, 0xe99183, 0x4fae},
    {0xe99185, 0xe99189, 0x4fb2},
    {0xe9918d, 0xe99191, 0x4fb8},
    {0xe99195, 0xe9919f, 0x4fbe},
    {0xe991a1, 0xe991a2, 0x4fc9},
    {0xe991a6, 0xe991aa, 0x4fcc},
    {0xe991ae, 0xe991af, 0x4fd2},
    {0xe991b3, 0xe991b6, 0x4fd5},
    {0xe991ba, 0xe991bb, 0x4fda},
    {0xe99280, 0xe99284, 0x4fdc},
    {0xe99285, 0xe99287, 0x1a8e},
    {0xe9928c, 0xe9928d, 0x1a93},
    {0xe9928f, 0xe99290, 0x1a95},
    {0xe9929a, 0xe9929c, 0x1a9a},
    {0xe992a3, 0xe992a4, 0x1a9d},
    {0xe992af, 0xe992b0, 0x1aa3},
    {0xe992b6, 0xe992ba, 0x1aa7},
    {0xe992bc, 0xe992bd, 0x1aac},
    {0xe99388, 0xe9938e, 0x1ab0},
    {0xe99390, 0xe99392, 0x1ab7},
    {0xe99393, 0xe99394, 0x4fe6},
    {0xe99395, 0xe99397, 0x1aba},
    {0xe9939e, 0xe993a0, 0x1ac0},
    {0xe993a4, 0xe993a5, 0x1ac4},
    {0xe993a7, 0xe993a8, 0x1ac6},
    {0xe993ae, 0xe993af, 0x1acb},
    {0xe993b3, 0xe993b5, 0x1acd},
    {0xe993bc, 0xe993bd, 0x1ad2},
    {0xe99486, 0xe99487, 0x1ad7},
    {0xe99489, 0xe9948a, 0x1ad9},
    {0xe9948d, 0xe9948f, 0x1adb},
    {0xe99492, 0xe99496, 0x1ade},
    {0xe9949d, 0xe9949f, 0x1ae5},
    {0xe994aa, 0xe994ab, 0x1ae9},
    {0xe994b1, 0xe994b2, 0x1aed},
    {0xe994b6, 0xe994b8, 0x1af0},
    {0xe994be, 0xe994bf, 0x1af4},
    {0xe99584, 0xe99586, 0x1af8},
    {0xe9958e, 0xe9958f, 0x1afd},
    {0xe99592, 0xe99594, 0x1aff},
    {0xe99596, 0xe99599, 0x1b02},
    {0xe9959e, 0xe9959f, 0x1b07},
    {0xe995a1, 0xe995a2, 0x1b0a},
    {0xe995a4, 0xe995ac, 0x1b0c},
    {0xe995b1, 0xe995b3, 0x1b16},
    {0xe995b4, 0xe995b5, 0x4ff7},
    {0xe995b8, 0xe995be, 0x4ff9},
    {0xe99684, 0xe99685, 0x5001},
    {0xe99687, 0xe99688, 0x5003},
    {0xe99695, 0xe99697, 0x5009},
    {0xe99699, 0xe996a0, 0x500c},
    {0xe996a6, 0xe996a7, 0x5015},
    {0xe996ae, 0xe996b1, 0x5018},
    {0xe996b3, 0xe996b5, 0x501c},
    {0xe996b7, 0xe996b8, 0x501f},
    {0xe99780, 0xe99782, 0x5022},
    {0xe99784, 0xe99785, 0x5025},
    {0xe9978d, 0xe9978f, 0x5029},
    {0xe99791, 0xe99793, 0x502c},
    {0xe99797, 0xe9979b, 0x502f},
    {0xe9979f, 0xe997a0, 0x5035},
    {0xe997a3, 0xe997a4, 0x5037},
    {0xe997a6, 0xe997a7, 0x5039},
    {0xe997b5, 0xe997b6, 0x1689},
    {0xe99883, 0xe99884, 0x168d},
    {0xe9988a, 0xe9988d, 0x1691},
    {0xe99895, 0xe99897, 0x1697},
    {0xe99899, 0xe9989a, 0x169a},
    {0xe998a3, 0xe998a9, 0x5043},
    {0xe998ab, 0xe998ad, 0x504a},
    {0xe998af, 0xe998b0, 0x504d},
    {0xe998b7, 0xe998ba, 0x504f},
    {0xe9998e, 0xe9998f, 0x5057},
    {0xe99991, 0xe99993, 0x5059},
    {0xe99996, 0xe99997, 0x505c},
    {0xe99999, 0xe9999a, 0x505e},
    {0xe999a5, 0xe999a6, 0x5063},
    {0xe999ad, 0xe999af, 0x5066},
    {0xe999b9, 0xe999bc, 0x506a},
    {0xe999be, 0xe999bf, 0x506e},
    {0xe99a80, 0xe99a84, 0x5070},
    {0xe99a91, 0xe99a93, 0x5078},
    {0xe99a9d, 0xe99aa6, 0x507d},
    {0xe99aab, 0xe99aaf, 0x5088},
    {0xe99abc, 0xe99abd, 0x1d7a},
    {0xe99b82, 0xe99b83, 0x5092},
    {0xe99b8a, 0xe99b8b, 0x5095},
    {0xe99b90, 0xe99b91, 0x5097},
    {0xe99b93, 0xe99b94, 0x5099},
    {0xe99b97, 0xe99b98, 0x509b},
    {0xe99b9d, 0xe99b9f, 0x509e},
    {0xe99ba4, 0xe99ba7, 0x50a2},
    {0xe99bab, 0xe99bae, 0x50a6},
    {0xe99bb0, 0xe99bb1, 0x50aa},
    {0xe99bb4, 0xe99bb5, 0x50ac},
    {0xe99bbc, 0xe99bbd, 0x50b0},
    {0xe99c82, 0xe99c83, 0x50b3},
    {0xe99c8a, 0xe99c8c, 0x50b6},
    {0xe99c90, 0xe99c92, 0x50b9},
    {0xe99c94, 0xe99c95, 0x50bc},
    {0xe99c97, 0xe99c9b, 0x50be},
    {0xe99c9f, 0xe99ca6, 0x50c4},
    {0xe99ca8, 0xe99ca9, 0x50cc},
    {0xe99cab, 0xe99cac, 0x50ce},
    {0xe99cae, 0xe99caf, 0x50d0},
    {0xe99cb3, 0xe99cb7, 0x50d3},
    {0xe99cba, 0xe99cbc, 0x50d8},
    {0xe99d80, 0xe99d81, 0x50dc},
    {0xe99d85, 0xe99d87, 0x50df},
    {0xe99d89, 0xe99d91, 0x50e2},
    {0xe99d94, 0xe99d95, 0x50eb},
    {0xe99d97, 0xe99d98, 0x50ed},
    {0xe99d9c, 0xe99d9d, 0x50ef},
    {0xe99da3, 0xe99da4, 0x50f2},
    {0xe99da6, 0xe99da7, 0x50f4},
    {0xe99daa, 0xe99db2, 0x50f6},
    {0xe99db7, 0xe99dbb, 0x5100},
    {0xe99dbd, 0xe99dbf, 0x5105},
    {0xe99e80, 0xe99e84, 0x5108},
    {0xe99e86, 0xe99e8a, 0x510d},
    {0xe99e91, 0xe99e92, 0x1dca},
    {0xe99e95, 0xe99e97, 0x5116},
    {0xe99e99, 0xe99e9f, 0x5119},
    {0xe99ea1, 0xe99ea2, 0x5120},
    {0xe99ea4, 0xe99ea5, 0x5122},
    {0xe99ea7, 0xe99eaa, 0x5124},
    {0xe99eb0, 0xe99eb1, 0x512a},
    {0xe99eb5, 0xe99ebc, 0x512d},
    {0xe99ebe, 0xe99ebf, 0x5135},
    {0xe99f80, 0xe99f82, 0x5137},
    {0xe99f84, 0xe99f85, 0x513a},
    {0xe99f87, 0xe99f88, 0x513c},
    {0xe99f8d, 0xe99f92, 0x513f},
    {0xe99f94, 0xe99f98, 0x5145},
    {0xe99f9a, 0xe99f9b, 0x514a},
    {0xe99f9f, 0xe99fa5, 0x514d},
    {0xe99faa, 0xe99fac, 0x184e},
    {0xe99fae, 0xe99fb2, 0x5155},
    {0xe99fb7, 0xe99fbe, 0x515b},
    {0xe9a08e, 0xe9a08f, 0x25c6},
    {0xe9a094, 0xe9a096, 0x5168},
    {0xe9a099, 0xe9a09b, 0x516b},
    {0xe9a09d, 0xe9a0a0, 0x516e},
    {0xe9a0a2, 0xe9a0a3, 0x5172},
    {0xe9a0a7, 0xe9a0ac, 0x5175},
    {0xe9a0ae, 0xe9a0af, 0x517b},
    {0xe9a0b1, 0xe9a0b6, 0x517d},
    {0xe9a0b9, 0xe9a0ba, 0x5183},
    {0xe9a0be, 0xe9a0bf, 0x5186},
    {0xe9a180, 0xe9a185, 0x5188},
    {0xe9a187, 0xe9a18b, 0x518e},
    {0xe9a18f, 0xe9a192, 0x5193},
    {0xe9a195, 0xe9a197, 0x5197},
    {0xe9a19c, 0xe9a19d, 0x519b},
    {0xe9a19f, 0xe9a1a1, 0x519d},
    {0xe9a1a3, 0xe9a1a4, 0x51a0},
    {0xe9a1a8, 0xe9a1aa, 0x51a3},
    {0xe9a1ad, 0xe9a1ae, 0x51a6},
    {0xe9a28c, 0xe9a28d, 0x1be4},
    {0xe9a29a, 0xe9a29b, 0x1be8},
    {0xe9a29e, 0xe9a29f, 0x1bea},
    {0xe9a2a1, 0xe9a2a2, 0x1bec},
    {0xe9a2a5, 0xe9a2a6, 0x1bee},
    {0xe9a2a9, 0xe9a2ad, 0x51af},
    {0xe9a2ae, 0xe9a2af, 0x24cc},
    {0xe9a2b4, 0xe9a2b5, 0x51b6},
    {0xe9a2b7, 0xe9a2bb, 0x51b8},
    {0xe9a2bd, 0xe9a2bf, 0x51bd},
    {0xe9a380, 0xe9a383, 0x51c0},
    {0xe9a389, 0xe9a38d, 0x51c6},
    {0xe9a38f, 0xe9a390, 0x51cb},
    {0xe9a391, 0xe9a393, 0x19b7},
    {0xe9a396, 0xe9a397, 0x51ce},
    {0xe9a399, 0xe9a39a, 0x19bb},
    {0xe9a39c, 0xe9a39d, 0x51d0},
    {0xe9a3a3, 0xe9a3a6, 0x51d3},
    {0xe9a3aa, 0xe9a3ab, 0x239f},
    {0xe9a3b0, 0xe9a3b1, 0x51d9},
    {0xe9a3b5, 0xe9a3bb, 0x51dc},
    {0xe9a480, 0xe9a482, 0x51e4},
    {0xe9a486, 0xe9a488, 0x51e8},
    {0xe9a48e, 0xe9a48f, 0x51ec},
    {0xe9a494, 0xe9a497, 0x51ee},
    {0xe9a499, 0xe9a49a, 0x51f2},
    {0xe9a49c, 0xe9a49d, 0x51f4},
    {0xe9a49f, 0xe9a4a0, 0x51f6},
    {0xe9a4a2, 0xe9a4a7, 0x51f8},
    {0xe9a4a9, 0xe9a4ad, 0x51fe},
    {0xe9a4af, 0xe9a4b2, 0x5203},
    {0xe9a4b4, 0xe9a4b6, 0x5207},
    {0xe9a4b8, 0xe9a4bb, 0x520a},
    {0xe9a580, 0xe9a582, 0x520f},
    {0xe9a586, 0xe9a587, 0x5213},
    {0xe9a588, 0xe9a58a, 0x23a9},
    {0xe9a58d, 0xe9a590, 0x5215},
    {0xe9a598, 0xe9a59b, 0x521b},
    {0xe9a59f, 0xe9a5a1, 0x5220},
    {0xe9a5a7, 0xe9a5ac, 0x161e},
    {0xe9a5b8, 0xe9a5b9, 0x5226},
    {0xe9a682, 0xe9a683, 0x522a},
    {0xe9a690, 0xe9a691, 0x162c},
    {0xe9a693, 0xe9a695, 0x162e},
    {0xe9a69a, 0xe9a6a4, 0x522f},
    {0xe9a6a6, 0xe9a6a7, 0x523a},
    {0xe9a6a9, 0xe9a6ab, 0x523c},
    {0xe9a6af, 0xe9a6b0, 0x523f},
    {0xe9a6b5, 0xe9a6bf, 0x5242},
    {0xe9a782, 0xe9a78f, 0x524e},
    {0xe9a796, 0xe9a797, 0x525d},
    {0xe9a7a3, 0xe9a7ac, 0x5263},
    {0xe9a7ae, 0xe9a7b0, 0x526d},
    {0xe9a7b2, 0xe9a7be, 0x5270},
    {0xe9a882, 0xe9a884, 0x527e},
    {0xe9a886, 0xe9a88c, 0x5281},
    {0xe9a890, 0xe9a895, 0x5288},
    {0xe9a897, 0xe9a898, 0x528e},
    {0xe9a89a, 0xe9a8aa, 0x5290},
    {0xe9a8b1, 0xe9a8b5, 0x52a3},
    {0xe9a8b9, 0xe9a8bd, 0x52a8},
    {0xe9a983, 0xe9a984, 0x2416},
    {0xe9a986, 0xe9a989, 0x52ae},
    {0xe9a98b, 0xe9a98c, 0x52b2},
    {0xe9a990, 0xe9a994, 0x52b5},
    {0xe9a998, 0xe9a999, 0x52bb},
    {0xe9a99c, 0xe9a99e, 0x52bd},
    {0xe9a9a0, 0xe9a9a1, 0x52c0},
    {0xe9a9a6, 0xe9a9a9, 0x52c3},
    {0xe9a9b7, 0xe9a9b8, 0x17bb},
    {0xe9aa80, 0xe9aa81, 0x17c0},
    {0xe9aa8d, 0xe9aa8e, 0x52cb},
    {0xe9aa92, 0xe9aa93, 0x17c6},
    {0xe9aa94, 0xe9aa95, 0x52cd},
    {0xe9aa9b, 0xe9aa9d, 0x17ca},
    {0xe9aa9f, 0xe9aaa0, 0x17cd},
    {0xe9aaa2, 0xe9aaa3, 0x17cf},
    {0xe9aaa9, 0xe9aaae, 0x52d1},
    {0xe9aab2, 0xe9aab5, 0x52d7},
    {0xe9aabd, 0xe9aabf, 0x52dd},
    {0xe9ab83, 0xe9ab84, 0x52e0},
    {0xe9ab86, 0xe9ab8a, 0x52e2},
    {0xe9ab8b, 0xe9ab8c, 0x1ddd},
    {0xe9ab8d, 0xe9ab8e, 0x52e7},
    {0xe9ab99, 0xe9ab9e, 0x52eb},
    {0xe9aba2, 0xe9aba5, 0x52f2},
    {0xe9aba7, 0xe9abaa, 0x52f6},
    {0xe9abb0, 0xe9abb8, 0x52fb},
    {0xe9abbc, 0xe9abbf, 0x5305},
    {0xe9ac80, 0xe9ac82, 0x5309},
    {0xe9ac84, 0xe9ac85, 0x530c},
    {0xe9ac89, 0xe9ac8c, 0x530f},
    {0xe9ac90, 0xe9ac92, 0x5314},
    {0xe9ac94, 0xe9ac99, 0x5317},
    {0xe9ac9b, 0xe9ac9e, 0x531d},
    {0xe9aca0, 0xe9aca1, 0x5321},
    {0xe9acaa, 0xe9acad, 0x5326},
    {0xe9acb3, 0xe9acba, 0x532b},
    {0xe9acbd, 0xe9acbf, 0x5333},
    {0xe9ad8a, 0xe9ad8c, 0x5338},
    {0xe9ad92, 0xe9ad93, 0x533c},
    {0xe9ad95, 0xe9ad97, 0x533e},
    {0xe9ad9b, 0xe9adae, 0x5342},
    {0xe9adb0, 0xe9adb3, 0x5356},
    {0xe9adb5, 0xe9adb6, 0x535a},
    {0xe9adb8, 0xe9adbf, 0x535c},
    {0xe9ae84, 0xe9ae8d, 0x5366},
    {0xe9ae93, 0xe9ae99, 0x5371},
    {0xe9ae9b, 0xe9ae9c, 0x5378},
    {0xe9ae9f, 0xe9aea9, 0x537a},
    {0xe9aeaf, 0xe9aebf, 0x5386},
    {0xe9af82, 0xe9af86, 0x5397},
    {0xe9af8b, 0xe9af93, 0x539d},
    {0xe9af97, 0xe9af9a, 0x53a7},
    {0xe9af9e, 0xe9afa0, 0x53ac},
    {0xe9afa5, 0xe9afa6, 0x53b0},
    {0xe9afaa, 0xe9afab, 0x263b},
    {0xe9afac, 0xe9afaf, 0x53b3},
    {0xe9afb1, 0xe9afb3, 0x53b7},
    {0xe9afb5, 0xe9afbc, 0x53ba},
    {0xe9b080, 0xe9b087, 0x53c3},
    {0xe9b08a, 0xe9b08c, 0x53cb},
    {0xe9b08e, 0xe9b08f, 0x53ce},
    {0xe9b094, 0xe9b09f, 0x53d1},
    {0xe9b0a1, 0xe9b0a2, 0x53dd},
    {0xe9b0a6, 0xe9b0a7, 0x53e0},
    {0xe9b0aa, 0xe9b0ac, 0x53e2},
    {0xe9b0ae, 0xe9b0b0, 0x53e5},
    {0xe9b0bc, 0xe9b0bd, 0x53ec},
    {0xe9b180, 0xe9b184, 0x53ef},
    {0xe9b186, 0xe9b187, 0x53f4},
    {0xe9b18a, 0xe9b191, 0x53f6},
    {0xe9b199, 0xe9b19c, 0x5400},
    {0xe9b1a0, 0xe9b1a6, 0x5405},
    {0xe9b1a8, 0xe9b1ac, 0x540c},
    {0xe9b1ae, 0xe9b1b7, 0x5411},
    {0xe9b1bd, 0xe9b1be, 0x541d},
    {0xe9b283, 0xe9b284, 0x5420},
    {0xe9b285, 0xe9b288, 0x1d8b},
    {0xe9b289, 0xe9b28a, 0x5422},
    {0xe9b290, 0xe9b292, 0x1d92},
    {0xe9b294, 0xe9b295, 0x1d95},
    {0xe9b296, 0xe9b299, 0x5427},
    {0xe9b29a, 0xe9b29b, 0x1d97},
    {0xe9b29e, 0xe9b2a3, 0x1d99},
    {0xe9b2a5, 0xe9b2a9, 0x1d9f},
    {0xe9b2ad, 0xe9b2ae, 0x1da5},
    {0xe9b2b0, 0xe9b2b7, 0x1da7},
    {0xe9b2ba, 0xe9b2bd, 0x1daf},
    {0xe9b2be, 0xe9b2bf, 0x5430},
    {0xe9b380, 0xe9b382, 0x5432},
    {0xe9b384, 0xe9b387, 0x1db3},
    {0xe9b388, 0xe9b389, 0x5435},
    {0xe9b38a, 0xe9b390, 0x1db7},
    {0xe9b391, 0xe9b392, 0x5437},
    {0xe9b393, 0xe9b395, 0x1dbe},
    {0xe9b397, 0xe9b399, 0x1dc1},
    {0xe9b39a, 0xe9b39b, 0x5439},
    {0xe9b39c, 0xe9b39d, 0x1dc4},
    {0xe9b3a0, 0xe9b3a1, 0x543b},
    {0xe9b3a3, 0xe9b3a4, 0x543d},
    {0xe9b3a6, 0xe9b3a8, 0x543f},
    {0xe9b3aa, 0xe9b3ab, 0x5442},
    {0xe9b3ad, 0xe9b3b2, 0x5444},
    {0xe9b3b7, 0xe9b3bf, 0x544b},
    {0xe9b480, 0xe9b485, 0x5454},
    {0xe9b48a, 0xe9b494, 0x545b},
    {0xe9b496, 0xe9b49a, 0x5466},
    {0xe9b4a0, 0xe9b4a2, 0x546d},
    {0xe9b4a4, 0xe9b4a5, 0x5470},
    {0xe9b4a9, 0xe9b4ae, 0x5473},
    {0xe9b4b1, 0xe9b4ba, 0x5479},
    {0xe9b4bc, 0xe9b4be, 0x5483},
    {0xe9b580, 0xe9b581, 0x5486},
    {0xe9b583, 0xe9b590, 0x5488},
    {0xe9b594, 0xe9b59b, 0x5496},
    {0xe9b59e, 0xe9b59f, 0x549e},
    {0xe9b5a2, 0xe9b5a9, 0x54a0},
    {0xe9b5ad, 0xe9b5ae, 0x54a9},
    {0xe9b5b0, 0xe9b5b1, 0x54ab},
    {0xe9b5b3, 0xe9b5bf, 0x54ad},
    {0xe9b680, 0xe9b686, 0x54ba},
    {0xe9b68a, 0xe9b692, 0x54c2},
    {0xe9b694, 0xe9b697, 0x54cb},
    {0xe9b69b, 0xe9b6a4, 0x54d0},
    {0xe9b6a6, 0xe9b6a8, 0x54da},
    {0xe9b6aa, 0xe9b6ae, 0x54dd},
    {0xe9b6b0, 0xe9b6b3, 0x54e2},
    {0xe9b6b5, 0xe9b6ba, 0x54e6},
    {0xe9b6bd, 0xe9b6bf, 0x54ec},
    {0xe9b785, 0xe9b792, 0x54f1},
    {0xe9b794, 0xe9b796, 0x54ff},
    {0xe9b79b, 0xe9b7a4, 0x5503},
    {0xe9b7a7, 0xe9b7ae, 0x550d},
    {0xe9b7b0, 0xe9b7b1, 0x5515},
    {0xe9b7b4, 0xe9b7b7, 0x5517},
    {0xe9b7bb, 0xe9b7bf, 0x551b},
    {0xe9b880, 0xe9b88b, 0x5520},
    {0xe9b88d, 0xe9b894, 0x552c},
    {0xe9b896, 0xe9b899, 0x5534},
    {0xe9b8a8, 0xe9b8ac, 0x1b37},
    {0xe9b8b9, 0xe9b8ba, 0x1b41},
    {0xe9b8bb, 0xe9b8bc, 0x553e},
    {0xe9b981, 0xe9b982, 0x1b44},
    {0xe9b986, 0xe9b989, 0x1b47},
    {0xe9b98b, 0xe9b98c, 0x1b4b},
    {0xe9b992, 0xe9b994, 0x5543},
    {0xe9b99a, 0xe9b99c, 0x1b51},
    {0xe9b99f, 0xe9b9a2, 0x5549},
    {0xe9b9a6, 0xe9b9ac, 0x1b56},
    {0xe9b9ae, 0xe9b9af, 0x554e},
    {0xe9b9b6, 0xe9b9b8, 0x5552},
    {0xe9ba80, 0xe9ba81, 0x5556},
    {0xe9ba83, 0xe9ba86, 0x5558},
    {0xe9ba87, 0xe9ba88, 0x1dfd},
    {0xe9ba89, 0xe9ba8a, 0x555c},
    {0xe9ba8c, 0xe9ba91, 0x555e},
    {0xe9ba94, 0xe9ba96, 0x5564},
    {0xe9ba98, 0xe9ba9c, 0x5567},
    {0xe9baa0, 0xe9baa4, 0x556d},
    {0xe9baa7, 0xe9baa8, 0x5572},
    {0xe9baaa, 0xe9baae, 0x5574},
    {0xe9bab0, 0xe9bab3, 0x5579},
    {0xe9bab6, 0xe9bab7, 0x557d},
    {0xe9bab9, 0xe9baba, 0x557f},
    {0xe9babd, 0xe9babe, 0x1df9},
    {0xe9bb80, 0xe9bb83, 0x5583},
    {0xe9bb85, 0xe9bb88, 0x5587},
    {0xe9bb8a, 0xe9bb8b, 0x558b},
    {0xe9bb92, 0xe9bb93, 0x558e},
    {0xe9bb95, 0xe9bb97, 0x5590},
    {0xe9bb99, 0xe9bb9a, 0x5593},
    {0xe9bb9b, 0xe9bb9d, 0x1e04},
    {0xe9bba3, 0xe9bba4, 0x5596},
    {0xe9bbab, 0xe9bbae, 0x5599},
    {0xe9bbb0, 0xe9bbb1, 0x559d},
    {0xe9bbb5, 0xe9bbb6, 0x55a0},
    {0xe9bbbb, 0xe9bbbc, 0x1a56},
    {0xe9bc80, 0xe9bc88, 0x55a4},
    {0xe9bc91, 0xe9bc92, 0x55b0},
    {0xe9bc9a, 0xe9bc9f, 0x55b5},
    {0xe9bca3, 0xe9bcab, 0x55bc},
    {0xe9bcad, 0xe9bcae, 0x55c5},
    {0xe9bcb0, 0xe9bcb6, 0x55c7},
    {0xe9bcbd, 0xe9bcbe, 0x1e14},
    {0xe9bd80, 0xe9bd83, 0x55d2},
    {0xe9bd85, 0xe9bd89, 0x55d6},
    {0xe9bd8c, 0xe9bd8e, 0x55db},
    {0xe9bd95, 0xe9bd98, 0x55df},
    {0xe9bd9a, 0xe9bd9b, 0x55e3},
    {0xe9bd9d, 0xe9bd9e, 0x55e5},
    {0xe9bda4, 0xe9bda5, 0x55e8},
    {0xe9bda7, 0xe9bda9, 0x55ea},
    {0xe9bdad, 0xe9bdb1, 0x55ee},
    {0xe9bdb3, 0xe9bdb6, 0x55f3},
    {0xe9bdb8, 0xe9bdbe, 0x55f7},
    {0xe9be81, 0xe9be82, 0x55fe},
    {0xe9be85, 0xe9be8a, 0x1d6f},
    {0xe9be8e, 0xe9be8f, 0x5600},
    {0xe9be91, 0xe9be93, 0x5602},
    {0xe9be96, 0xe9be98, 0x5605},
    {0xe9be9d, 0xe9be9e, 0x5608},
    {0xe9bea1, 0xe9bea5, 0x560a},
    {0xe9bea6, 0xe9beb3, 0x764c},
    {0xe9beb6, 0xe9beb7, 0x5635},
    {0xe9bebc, 0xe9bebf, 0x765a},
    {0xe9bf80, 0xe9bfbf, 0x765e},
    {0xea8080, 0xea80bf, 0x7188},
    {0xea8180, 0xea81bf, 0x71c8},
    {0xea8280, 0xea82bf, 0x7208},
    {0xea8380, 0xea83bf, 0x7248},
    {0xea8480, 0xea84bf, 0x7288},
    {0xea8580, 0xea85bf, 0x72c8},
    {0xea8680, 0xea86bf, 0x7308},
    {0xea8780, 0xea87bf, 0x7348},
    {0xea8880, 0xea88bf, 0x7388},
    {0xea8980, 0xea89bf, 0x73c8},
    {0xea8a80, 0xea8abf, 0x7408},
    {0xea8b80, 0xea8bbf, 0x7448},
    {0xea8c80, 0xea8cbf, 0x7488},
    {0xea8d80, 0xea8dbf, 0x74c8},
    {0xea8e80, 0xea8ebf, 0x7508},
    {0xea8f80, 0xea8fbf, 0x7548},
    {0xea9080, 0xea90bf, 0x7588},
    {0xea9180, 0xea91bf, 0x75c8},
    {0xea9280, 0xea928c, 0x7608},
    {0xea9290, 0xea92bf, 0x7615},
    {0xea9380, 0xea9386, 0x7645},
    {0xee9e8d, 0xee9e93, 0x23d},
    {0xee9e94, 0xee9e95, 0x250},
    {0xee9fa7, 0xee9fb3, 0x274b},
    {0xeea095, 0xeea0bf, 0x561f},
    {0xeea180, 0xeea1a4, 0x564a},
    {0xefa88d, 0xefa88f, 0x5610},
    {0xefa893, 0xefa894, 0x5614},
    {0xefa89f, 0xefa8a1, 0x5617},
    {0xefa8a3, 0xefa8a4, 0x561a},
    {0xefa8a7, 0xefa8a9, 0x561c},
    {0xefb893, 0xefb896, 0x240},
    {0xefb897, 0xefb898, 0x250},
    {0xefb8b3, 0xefb8b4, 0x258},
    {0xefb8b5, 0xefb8b6, 0x244},
    {0xefb8b7, 0xefb8b8, 0x254},
    {0xefb8b9, 0xefb8ba, 0x246},
    {0xefb8bb, 0xefb8bc, 0x252},
    {0xefb8bd, 0xefb8be, 0x24a},
    {0xefb981, 0xefb984, 0x24c},
    {0xefb989, 0xefb992, 0x272b},
    {0xefb994, 0xefb997, 0x2735},
    {0xefb999, 0xefb9a6, 0x2739},
    {0xefb9a8, 0xefb9ab, 0x2747},
    {0xefbc81, 0xefbc83, 0x106},
    {0xefbc85, 0xefbcbf, 0x10a},
    {0xefbd80, 0xefbd9d, 0x145},
    {0xefbfa0, 0xefbfa1, 0xa8},
    {0xf0a3b297, 0xf0a3b298, 0x76ae},
    {0xf0ab84a7, 0xf0ab84a8, 0x76d3},
    {0xf0ab84b7, 0xf0ab84b8, 0x76d5},
    {0xf0ab948d, 0xf0ab948e, 0x76e5},
    {0xf0ab96ae, 0xf0ab96af, 0x76e8},
    {0xf0ab989c, 0xf0ab989d, 0x76ed},
    {0xf0ab98a6, 0xf0ab98a8, 0x76ef},
    {0xf0ab9a95, 0xf0ab9a96, 0x76f4},
    {0xf0ac80a9, 0xf0ac80aa, 0x770b},
    {0xf0ac98ab, 0xf0ac98ad, 0x7721},
    {0xf0ac998a, 0xf0ac998b, 0x7726},
    {0xf0acacad, 0xf0acacae, 0x7739},
    {0xf0acacb8, 0xf0acacb9, 0x773c},
    {0xf0acad9a, 0xf0acad9b, 0x7743},
    {0xf0acb3b5, 0xf0acb3b6, 0x7753},
    {0xf0acb482, 0xf0acb483, 0x7757},
    {0xf0acb68f, 0xf0acb690, 0x775c},
    {0xf0acb69f, 0xf0acb6a0, 0x775e},
    {0xf0acb6ad, 0xf0acb6ae, 0x7761},
};

pdf_cmap_t cmap_UNIGB_UTF8_H = {
    .name = "UniGB-UTF8-H",
    .worldwide = true,
    .unicode_map_len = 11010,
    .unicode_map = unicode_map_UNIGB_UTF8_H,
    .char_range_map_len = 3250,
    .char_range_map = char_range_map_UNIGB_UTF8_H,
    .not_def_range_len = 1,
    .not_def_range = not_def_range_UNIGB_UTF8_H,
    .code_range_map_len = 4,
    .code_range_map = code_range_map_UNIGB_UTF8_H,
    .next = NULL
};

