#include "../pdf-private.h"

static pdf_code_range_map_t code_range_map_UNIJIS_UTF8_H[] = {
    {1, 0x00, 0x7f},
    {2, 0xc080, 0xdfbf},
    {3, 0xe08080, 0xefbfbf},
    {4, 0xf0808080, 0xf7bfbfbf},
};

static pdf_char_range_map_t not_def_range_UNIJIS_UTF8_H[] = {
    {0x00, 0x1f, 0x1},
};

static pdf_unicode_map_t unicode_map_UNIJIS_UTF8_H[] = {
    {0x61, 0x5c},
    {0x63, 0x7c},
    {0x5e, 0x7d},
    {0x64, 0x7e},
    {0x1, 0xc2a0},
    {0x6b, 0xc2a4},
    {0x3d, 0xc2a5},
    {0x5d, 0xc2a6},
    {0x2d0, 0xc2a7},
    {0x287, 0xc2a8},
    {0x98, 0xc2a9},
    {0x8c, 0xc2aa},
    {0x6d, 0xc2ab},
    {0x99, 0xc2ac},
    {0x97, 0xc2ad},
    {0x9a, 0xc2ae},
    {0x81, 0xc2af},
    {0x2c3, 0xc2b0},
    {0x2b6, 0xc2b1},
    {0x285, 0xc2b4},
    {0x9f, 0xc2b5},
    {0x30a, 0xc2b6},
    {0x75, 0xc2b7},
    {0x86, 0xc2b8},
    {0xa0, 0xc2b9},
    {0x90, 0xc2ba},
    {0x7b, 0xc2bb},
    {0x7e, 0xc2bf},
    {0x8b, 0xc386},
    {0x2b7, 0xc397},
    {0x8e, 0xc398},
    {0x96, 0xc39f},
    {0x91, 0xc3a6},
    {0x2b8, 0xc3b7},
    {0x94, 0xc3b8},
    {0x2496, 0xc480},
    {0x2491, 0xc481},
    {0x3d8c, 0xc482},
    {0x3d99, 0xc483},
    {0x3d79, 0xc484},
    {0x3d81, 0xc485},
    {0x3d8e, 0xc486},
    {0x3d9b, 0xc487},
    {0x3da7, 0xc488},
    {0x3dad, 0xc489},
    {0x4f6d, 0xc48a},
    {0x4f80, 0xc48b},
    {0x3d8f, 0xc48c},
    {0x3d9c, 0xc48d},
    {0x3d91, 0xc48e},
    {0x3d9e, 0xc48f},
    {0x4f62, 0xc490},
    {0x3d9f, 0xc491},
    {0x2499, 0xc492},
    {0x2494, 0xc493},
    {0x4f6e, 0xc496},
    {0x4f81, 0xc497},
    {0x3d90, 0xc498},
    {0x3d9d, 0xc499},
    {0x24b3, 0xc49a},
    {0x24bf, 0xc49b},
    {0x3da8, 0xc49c},
    {0x3dae, 0xc49d},
    {0x4f6f, 0xc49e},
    {0x4f83, 0xc49f},
    {0x4f71, 0xc4a0},
    {0x4f84, 0xc4a1},
    {0x4f70, 0xc4a2},
    {0x3da9, 0xc4a4},
    {0x3daf, 0xc4a5},
    {0x4f63, 0xc4a6},
    {0x3dc8, 0xc4a7},
    {0x24b8, 0xc4a8},
    {0x24c4, 0xc4a9},
    {0x2497, 0xc4aa},
    {0x2492, 0xc4ab},
    {0x4f73, 0xc4ae},
    {0x4f85, 0xc4af},
    {0x4f72, 0xc4b0},
    {0x92, 0xc4b1},
    {0x4f64, 0xc4b2},
    {0x4f68, 0xc4b3},
    {0x3daa, 0xc4b4},
    {0x3db0, 0xc4b5},
    {0x4f74, 0xc4b6},
    {0x4f86, 0xc4b7},
    {0x4f69, 0xc4b8},
    {0x3d8d, 0xc4b9},
    {0x3d9a, 0xc4ba},
    {0x4f76, 0xc4bb},
    {0x4f88, 0xc4bc},
    {0x3d7b, 0xc4bd},
    {0x3d83, 0xc4be},
    {0x4f65, 0xc4bf},
    {0x4f6a, 0xc580},
    {0x8d, 0xc581},
    {0x93, 0xc582},
    {0x3d92, 0xc583},
    {0x3da0, 0xc584},
    {0x4f77, 0xc585},
    {0x4f89, 0xc586},
    {0x3d93, 0xc587},
    {0x3da1, 0xc588},
    {0x4f6b, 0xc589},
    {0x4f66, 0xc58a},
    {0x24dc, 0xc58b},
    {0x249a, 0xc58c},
    {0x2495, 0xc58d},
    {0x3d94, 0xc590},
    {0x3da2, 0xc591},
    {0x8f, 0xc592},
    {0x95, 0xc593},
    {0x3d8b, 0xc594},
    {0x3d98, 0xc595},
    {0x4f78, 0xc596},
    {0x4f8a, 0xc597},
    {0x3d95, 0xc598},
    {0x3da3, 0xc599},
    {0x3d7c, 0xc59a},
    {0x3d84, 0xc59b},
    {0x3dab, 0xc59c},
    {0x3db1, 0xc59d},
    {0x3d7d, 0xc59e},
    {0x3d86, 0xc59f},
    {0xdf, 0xc5a0},
    {0xe3, 0xc5a1},
    {0x3d97, 0xc5a2},
    {0x3da5, 0xc5a3},
    {0x3d7e, 0xc5a4},
    {0x3d87, 0xc5a5},
    {0x4f67, 0xc5a6},
    {0x4f6c, 0xc5a7},
    {0x24bd, 0xc5a8},
    {0x24c9, 0xc5a9},
    {0x2498, 0xc5aa},
    {0x2493, 0xc5ab},
    {0x3dac, 0xc5ac},
    {0x3db2, 0xc5ad},
    {0x24bc, 0xc5ae},
    {0x24c8, 0xc5af},
    {0x3d96, 0xc5b0},
    {0x3da4, 0xc5b1},
    {0x4f79, 0xc5b2},
    {0x4f8b, 0xc5b3},
    {0x4f7e, 0xc5b4},
    {0x4f8c, 0xc5b5},
    {0x4f7f, 0xc5b6},
    {0x4f8d, 0xc5b7},
    {0xe0, 0xc5b8},
    {0x3d7f, 0xc5b9},
    {0x3d88, 0xc5ba},
    {0x3d80, 0xc5bb},
    {0x3d8a, 0xc5bc},
    {0xe1, 0xc5bd},
    {0xe5, 0xc5be},
    {0x69, 0xc692},
    {0x3dd2, 0xc693},
    {0x3dcd, 0xc782},
    {0x24b2, 0xc78d},
    {0x24be, 0xc78e},
    {0x24b6, 0xc78f},
    {0x24c2, 0xc790},
    {0x24b9, 0xc791},
    {0x24c5, 0xc792},
    {0x24bb, 0xc793},
    {0x24c7, 0xc794},
    {0x4f7d, 0xc795},
    {0x3d75, 0xc796},
    {0x4f7a, 0xc797},
    {0x3d76, 0xc798},
    {0x4f7c, 0xc799},
    {0x3d77, 0xc79a},
    {0x4f7b, 0xc79b},
    {0x3d78, 0xc79c},
    {0x4f82, 0xc7b5},
    {0x24cd, 0xc7bd},
    {0x24db, 0xc8b7},
    {0x3dd8, 0xc990},
    {0x24ca, 0xc991},
    {0x3ddc, 0xc992},
    {0x3dce, 0xc993},
    {0x24cf, 0xc994},
    {0x3de1, 0xc995},
    {0x3dba, 0xc996},
    {0x3dcf, 0xc997},
    {0x3dd5, 0xc998},
    {0x24d2, 0xc999},
    {0x24d5, 0xc99a},
    {0x24d8, 0xc99b},
    {0x3dd6, 0xc99c},
    {0x3dd7, 0xc99e},
    {0x3dc1, 0xc99f},
    {0x3dd1, 0xc9a0},
    {0x3dc5, 0xc9a1},
    {0x3ddb, 0xc9a4},
    {0x3dde, 0xc9a5},
    {0x3dcb, 0xc9a6},
    {0x3de4, 0xc9a7},
    {0x3dd3, 0xc9a8},
    {0x3e0d, 0xc9aa},
    {0x3db6, 0xc9ac},
    {0x3dc0, 0xc9ad},
    {0x3db7, 0xc9ae},
    {0x3dd9, 0xc9af},
    {0x3dc6, 0xc9b0},
    {0x3db3, 0xc9b1},
    {0x3dc2, 0xc9b2},
    {0x3dbb, 0xc9b3},
    {0x3e0e, 0xc9b4},
    {0x24dd, 0xc9b5},
    {0x3e0f, 0xc9b6},
    {0x3e10, 0xc9b8},
    {0x3db8, 0xc9b9},
    {0x3de3, 0xc9ba},
    {0x3dbf, 0xc9bb},
    {0x3dbc, 0xc9bd},
    {0x3db5, 0xc9be},
    {0x3e11, 0xca80},
    {0x3dc7, 0xca81},
    {0x3dbd, 0xca82},
    {0x24e2, 0xca83},
    {0x3dd0, 0xca84},
    {0x3db9, 0xca88},
    {0x3dd4, 0xca89},
    {0x3dda, 0xca8a},
    {0x3db4, 0xca8b},
    {0x24de, 0xca8c},
    {0x3ddd, 0xca8d},
    {0x3dc4, 0xca8e},
    {0x3e12, 0xca8f},
    {0x3dbe, 0xca90},
    {0x3de2, 0xca91},
    {0x24e1, 0xca92},
    {0x3dca, 0xca94},
    {0x3dc9, 0xca95},
    {0x3dcc, 0xca98},
    {0x3e13, 0xca99},
    {0x3e14, 0xca9c},
    {0x3dc3, 0xca9d},
    {0x3e15, 0xca9f},
    {0x3de0, 0xcaa1},
    {0x3ddf, 0xcaa2},
    {0x3e16, 0xcab0},
    {0x3e17, 0xcab2},
    {0x3e18, 0xcab7},
    {0x62, 0xcabb},
    {0x60, 0xcabc},
    {0x3e19, 0xcb81},
    {0x80, 0xcb86},
    {0x3d85, 0xcb87},
    {0x3de6, 0xcb88},
    {0x81, 0xcb89},
    {0x7f, 0xcb8a},
    {0x41, 0xcb8b},
    {0x3de7, 0xcb8c},
    {0x24e3, 0xcb90},
    {0x3de8, 0xcb91},
    {0x3d7a, 0xcb98},
    {0x3da6, 0xcb99},
    {0x85, 0xcb9a},
    {0x3d82, 0xcb9b},
    {0x5f, 0xcb9c},
    {0x3d89, 0xcb9d},
    {0x3dfb, 0xcb9e},
    {0x41, 0xcc80},
    {0x5f, 0xcc83},
    {0x81, 0xcc84},
    {0xe2, 0xcc85},
    {0x85, 0xcc8a},
    {0x87, 0xcc8b},
    {0x89, 0xcc8c},
    {0x3de6, 0xcc8d},
    {0x3dea, 0xcc8f},
    {0x3e07, 0xcc9a},
    {0x3df5, 0xcc9c},
    {0x3dfc, 0xcca4},
    {0x3df2, 0xcca5},
    {0x86, 0xcca7},
    {0x88, 0xcca8},
    {0x3df9, 0xcca9},
    {0x3e04, 0xccaa},
    {0x3df3, 0xccac},
    {0x3dfa, 0xccaf},
    {0x3dfd, 0xccb0},
    {0x40, 0xccb2},
    {0x3dff, 0xccb4},
    {0x8a, 0xccb6},
    {0x3df4, 0xccb9},
    {0x3dfe, 0xccbc},
    {0x3df8, 0xccbd},
    {0x3de5, 0xcda1},
    {0x4fcb, 0xce86},
    {0x4fd0, 0xce8c},
    {0x4fd1, 0xce8e},
    {0x4fd3, 0xce8f},
    {0x4fd9, 0xce90},
    {0x4fcf, 0xceaa},
    {0x4fd2, 0xceab},
    {0x4fdd, 0xceb0},
    {0x3f5e, 0xcf82},
    {0x4fd8, 0xcf8a},
    {0x4fdc, 0xcf8b},
    {0x4fde, 0xcf8e},
    {0x2f3a, 0xcf90},
    {0x2f40, 0xcf91},
    {0x2f3e, 0xcf95},
    {0x2f3f, 0xcf9b},
    {0x429, 0xd081},
    {0x44a, 0xd191},
    {0x2f96, 0xe0bf96},
    {0x24b5, 0xe1babc},
    {0x24c1, 0xe1babd},
    {0x24cc, 0xe1bdb0},
    {0x24cb, 0xe1bdb1},
    {0x24da, 0xe1bdb2},
    {0x24d9, 0xe1bdb3},
    {0xe7, 0xe28082},
    {0x279, 0xe28083},
    {0x296, 0xe28090},
    {0xe, 0xe28091},
    {0x72, 0xe28092},
    {0x72, 0xe28093},
    {0x8a, 0xe28094},
    {0x295, 0xe28095},
    {0x29a, 0xe28096},
    {0x62, 0xe28098},
    {0x60, 0xe28099},
    {0x78, 0xe2809a},
    {0x6c, 0xe2809c},
    {0x7a, 0xe2809d},
    {0x79, 0xe2809e},
    {0x77, 0xe280a2},
    {0x29d, 0xe280a5},
    {0x29c, 0xe280a6},
    {0x304, 0xe280b0},
    {0x2de, 0xe280bb},
    {0x2f4f, 0xe280bc},
    {0xe2, 0xe280be},
    {0x3de9, 0xe280bf},
    {0x3f9a, 0xe28182},
    {0x68, 0xe28184},
    {0x2f50, 0xe28189},
    {0x3f99, 0xe28191},
    {0x1eda, 0xe2819a},
    {0x1ed9, 0xe2819d},
    {0x24a1, 0xe281b0},
    {0x3e24, 0xe281bf},
    {0x248a, 0xe282ac},
    {0x3fc8, 0xe2839d},
    {0x2b1b, 0xe2839e},
    {0x2e4f, 0xe28480},
    {0x2c6, 0xe28483},
    {0x2e53, 0xe28485},
    {0x2071, 0xe28489},
    {0x2070, 0xe2848a},
    {0x2f3c, 0xe2848f},
    {0x1f59, 0xe28493},
    {0x1dba, 0xe28496},
    {0x1f77, 0xe284a1},
    {0xe4, 0xe284a2},
    {0x248b, 0xe284a6},
    {0x3c9b, 0xe284a7},
    {0x303, 0xe284ab},
    {0x4f8e, 0xe284ae},
    {0x2f39, 0xe284b5},
    {0x2073, 0xe284bb},
    {0x263e, 0xe28590},
    {0x2648, 0xe28591},
    {0x264e, 0xe28592},
    {0x3d6f, 0xe28595},
    {0x206f, 0xe285bf},
    {0x2634, 0xe28689},
    {0x2e0, 0xe28692},
    {0x2e3, 0xe28693},
    {0x2fa9, 0xe28694},
    {0x2075, 0xe28786},
    {0x2faf, 0xe2878b},
    {0x2fae, 0xe2878c},
    {0x2fa8, 0xe28790},
    {0x2f0, 0xe28792},
    {0x2f1, 0xe28794},
    {0x1f4d, 0xe287a6},
    {0x1f4c, 0xe287a7},
    {0x1f4e, 0xe287a8},
    {0x1f4b, 0xe287a9},
    {0x2078, 0xe287b5},
    {0x2f2, 0xe28880},
    {0x2f7, 0xe28882},
    {0x2f3, 0xe28883},
    {0x2f98, 0xe28885},
    {0x4f8f, 0xe28886},
    {0x2f8, 0xe28887},
    {0x2e5, 0xe28888},
    {0x3c74, 0xe28889},
    {0x2f3b, 0xe2888a},
    {0x2e6, 0xe2888b},
    {0x4f90, 0xe2888f},
    {0x1dc9, 0xe28891},
    {0x2b5, 0xe28892},
    {0x2f56, 0xe28893},
    {0x75, 0xe28899},
    {0x2fd, 0xe2889a},
    {0x2ff, 0xe2889d},
    {0x2bf, 0xe2889e},
    {0x1dcd, 0xe2889f},
    {0x2f4, 0xe288a0},
    {0x2ec, 0xe288a9},
    {0x2eb, 0xe288aa},
    {0x2003, 0xe288ad},
    {0x1dc8, 0xe288ae},
    {0x2c0, 0xe288b4},
    {0x300, 0xe288b5},
    {0x64, 0xe288bc},
    {0x2fe, 0xe288bd},
    {0x2f58, 0xe28983},
    {0x3c93, 0xe28985},
    {0x3c94, 0xe28988},
    {0x2fa, 0xe28992},
    {0x2ba, 0xe289a0},
    {0x2f9, 0xe289a1},
    {0x3c91, 0xe289a2},
    {0x2f9c, 0xe28a95},
    {0x2f9a, 0xe28a96},
    {0x2f9d, 0xe28a97},
    {0x2f9b, 0xe28a98},
    {0x3e22, 0xe28a9e},
    {0x2f99, 0xe28aa0},
    {0x2f5, 0xe28aa5},
    {0x1dce, 0xe28abf},
    {0x2fd8, 0xe28b84},
    {0x2fbb, 0xe28c87},
    {0x2f6, 0xe28c92},
    {0x3d70, 0xe28c98},
    {0x2f6f, 0xe28e9b},
    {0x2f87, 0xe28e9c},
    {0x2f87, 0xe28e9f},
    {0x2f72, 0xe28ea0},
    {0x2f77, 0xe28ea1},
    {0x2f87, 0xe28ea2},
    {0x2f87, 0xe28ea5},
    {0x2f7a, 0xe28ea6},
    {0x2f87, 0xe28eaa},
    {0x3f91, 0xe28f8e},
    {0x3f90, 0xe290a3},
    {0x2020, 0xe293aa},
    {0x2907, 0xe293bf},
    {0x203b, 0xe29590},
    {0x203c, 0xe2959e},
    {0x203e, 0xe295a1},
    {0x203d, 0xe295aa},
    {0x203a, 0xe295af},
    {0x2039, 0xe295b0},
    {0x2034, 0xe29689},
    {0x2033, 0xe2968a},
    {0x2032, 0xe2968b},
    {0x2031, 0xe2968c},
    {0x2030, 0xe2968d},
    {0x202f, 0xe2968e},
    {0x202e, 0xe2968f},
    {0x2d9, 0xe296a0},
    {0x2d8, 0xe296a1},
    {0x1f4f, 0xe296a2},
    {0x2fcf, 0xe296aa},
    {0x2fcd, 0xe296ab},
    {0x3f6b, 0xe296b1},
    {0x2db, 0xe296b2},
    {0x2da, 0xe296b3},
    {0x2fa3, 0xe296b6},
    {0x1f4a, 0xe296b7},
    {0x2dd, 0xe296bc},
    {0x2dc, 0xe296bd},
    {0x2fa2, 0xe29780},
    {0x1f49, 0xe29781},
    {0x2d7, 0xe29786},
    {0x2d6, 0xe29787},
    {0x2012, 0xe29789},
    {0x4f93, 0xe2978a},
    {0x2d3, 0xe2978b},
    {0x2906, 0xe2978c},
    {0x2d5, 0xe2978e},
    {0x2d4, 0xe2978f},
    {0x2042, 0xe297a4},
    {0x2041, 0xe297a5},
    {0x2fde, 0xe297a6},
    {0x30b, 0xe297af},
    {0x2fcc, 0xe297bb},
    {0x2fce, 0xe297bc},
    {0x2d2, 0xe29885},
    {0x2d1, 0xe29886},
    {0x1f78, 0xe2988e},
    {0x201b, 0xe2989e},
    {0x201e, 0xe2989f},
    {0x2c2, 0xe29980},
    {0x2c1, 0xe29982},
    {0x2013, 0xe299a0},
    {0x1f51, 0xe299a1},
    {0x1f53, 0xe299a2},
    {0x2015, 0xe299a3},
    {0x1f52, 0xe299a4},
    {0x2014, 0xe299a5},
    {0x2016, 0xe299a6},
    {0x1f50, 0xe299a7},
    {0x307, 0xe299aa},
    {0x3f48, 0xe299ab},
    {0x2f44, 0xe299ac},
    {0x306, 0xe299ad},
    {0x3f47, 0xe299ae},
    {0x305, 0xe299af},
    {0x2fa0, 0xe29aa0},
    {0x2fdd, 0xe29aaa},
    {0x2fdf, 0xe29aab},
    {0x51dd, 0xe29abd},
    {0x2f41, 0xe29abe},
    {0x2fc9, 0xe29b8b},
    {0x2f90, 0xe29c82},
    {0x3f8e, 0xe29c93},
    {0x2fd1, 0xe29c9a},
    {0x2fc5, 0xe29cbf},
    {0x2fc4, 0xe29d80},
    {0x2fe3, 0xe29d96},
    {0x2912, 0xe29dbf},
    {0x200e, 0xe29ea1},
    {0x51de, 0xe29ebf},
    {0x3f4b, 0xe2a6bf},
    {0x2fc8, 0xe2a788},
    {0x2b1c, 0xe2ac9a},
    {0x2fd9, 0xe2aca5},
    {0x2fd7, 0xe2aca6},
    {0x2fda, 0xe2aca9},
    {0x2fb2, 0xe2ada0},
    {0x2fb4, 0xe2ada1},
    {0x2fb3, 0xe2ada2},
    {0x200e, 0xe2ae95},
    {0x2f94, 0xe2ae97},
    {0x3c9c, 0xe2b980},
    {0x37e1, 0xe2ba83},
    {0x3620, 0xe2ba85},
    {0x3719, 0xe2ba87},
    {0x3814, 0xe2ba89},
    {0x371e, 0xe2ba8b},
    {0x1071, 0xe2ba8e},
    {0x388c, 0xe2ba8f},
    {0x1226, 0xe2ba90},
    {0xeb2, 0xe2ba92},
    {0x1283, 0xe2ba93},
    {0x12ab, 0xe2ba94},
    {0x3c1f, 0xe2ba95},
    {0x38c2, 0xe2ba96},
    {0x361c, 0xe2ba97},
    {0x38e1, 0xe2ba98},
    {0x13c3, 0xe2ba99},
    {0x13e1, 0xe2ba9b},
    {0x45e5, 0xe2ba9e},
    {0xe3c, 0xe2ba9f},
    {0xebd, 0xe2baa0},
    {0x399d, 0xe2baa3},
    {0x3c26, 0xe2baa4},
    {0x374d, 0xe2baa6},
    {0x39bc, 0xe2baa8},
    {0x35a1, 0xe2baa9},
    {0x36ab, 0xe2baaa},
    {0x3a97, 0xe2baab},
    {0x4aba, 0xe2baac},
    {0x3a39, 0xe2baad},
    {0x3662, 0xe2baae},
    {0x3a98, 0xe2bab1},
    {0x3a97, 0xe2bab2},
    {0x376d, 0xe2bab3},
    {0x36fe, 0xe2bab7},
    {0x3713, 0xe2bab9},
    {0x35b3, 0xe2babc},
    {0x354e, 0xe2babd},
    {0x3777, 0xe2bb80},
    {0x78b, 0xe2bb81},
    {0x3b0a, 0xe2bb82},
    {0x362e, 0xe2bb83},
    {0xa62, 0xe2bb84},
    {0x3572, 0xe2bb86},
    {0x364a, 0xe2bb8a},
    {0x3c2b, 0xe2bb8c},
    {0x3b50, 0xe2bb8d},
    {0x3b9e, 0xe2bb8f},
    {0xbd5, 0xe2bb91},
    {0x3b97, 0xe2bb92},
    {0x3b9e, 0xe2bb96},
    {0x354d, 0xe2bb97},
    {0xa68, 0xe2bb98},
    {0x3617, 0xe2bb9d},
    {0x3619, 0xe2bb9e},
    {0x3618, 0xe2bb9f},
    {0x64e, 0xe2bba4},
    {0xd34, 0xe2bba8},
    {0x52b, 0xe2bba9},
    {0xa6a, 0xe2bbab},
    {0x8c3, 0xe2bbad},
    {0xf7d, 0xe2bbaf},
    {0x64f, 0xe2bbb2},
    {0x4b0, 0xe2bc80},
    {0x20b3, 0xe2bc81},
    {0xfff, 0xe2bc82},
    {0x1001, 0xe2bc83},
    {0x535, 0xe2bc84},
    {0x1006, 0xe2bc85},
    {0xccb, 0xe2bc86},
    {0x100e, 0xe2bc87},
    {0xa13, 0xe2bc88},
    {0x1070, 0xe2bc89},
    {0xcd6, 0xe2bc8a},
    {0xd40, 0xe2bc8b},
    {0x107b, 0xe2bc8c},
    {0x1083, 0xe2bc8d},
    {0x1089, 0xe2bc8e},
    {0x1093, 0xe2bc8f},
    {0x1098, 0xe2bc90},
    {0xc5b, 0xe2bc91},
    {0xf97, 0xe2bc92},
    {0x10c6, 0xe2bc93},
    {0x10d3, 0xe2bc96},
    {0x947, 0xe2bc97},
    {0xe7c, 0xe2bc98},
    {0x10dc, 0xe2bc99},
    {0x10e1, 0xe2bc9a},
    {0x10e8, 0xe2bc9b},
    {0xea2, 0xe2bc9c},
    {0x7b1, 0xe2bc9d},
    {0x116b, 0xe2bc9e},
    {0xc54, 0xe2bc9f},
    {0x89c, 0xe2bca0},
    {0xf26, 0xe2bca3},
    {0xb47, 0xe2bca4},
    {0x981, 0xe2bca5},
    {0x8a0, 0xe2bca6},
    {0x120e, 0xe2bca7},
    {0xa47, 0xe2bca8},
    {0x996, 0xe2bca9},
    {0x1226, 0xe2bcaa},
    {0x1228, 0xe2bcab},
    {0x1232, 0xe2bcac},
    {0x881, 0xe2bcad},
    {0x126c, 0xe2bcae},
    {0x7bb, 0xe2bcaf},
    {0x77e, 0xe2bcb0},
    {0x6ca, 0xe2bcb1},
    {0x5ef, 0xe2bcb2},
    {0x1283, 0xe2bcb3},
    {0x1285, 0xe2bcb4},
    {0x1299, 0xe2bcb5},
    {0x129b, 0xe2bcb6},
    {0x12a0, 0xe2bcb7},
    {0x677, 0xe2bcb8},
    {0x38b9, 0xe2bcb9},
    {0x12af, 0xe2bcba},
    {0x12b1, 0xe2bcbb},
    {0x9fa, 0xe2bcbc},
    {0x1342, 0xe2bcbd},
    {0x781, 0xe2bcbe},
    {0x916, 0xe2bcbf},
    {0x8a7, 0xe2bd80},
    {0x13c2, 0xe2bd81},
    {0xe08, 0xe2bd82},
    {0xc47, 0xe2bd83},
    {0x6cc, 0xe2bd84},
    {0xe4d, 0xe2bd85},
    {0x13e0, 0xe2bd86},
    {0xcd4, 0xe2bd87},
    {0x140c, 0xe2bd88},
    {0x744, 0xe2bd89},
    {0xee6, 0xe2bd8a},
    {0x73d, 0xe2bd8b},
    {0x8ad, 0xe2bd8c},
    {0x14e5, 0xe2bd8d},
    {0x14f4, 0xe2bd8e},
    {0x14f8, 0xe2bd8f},
    {0xd7a, 0xe2bd90},
    {0xedf, 0xe2bd91},
    {0x8af, 0xe2bd92},
    {0x1502, 0xe2bd93},
    {0xa2b, 0xe2bd94},
    {0x550, 0xe2bd95},
    {0xbfa, 0xe2bd96},
    {0xdd5, 0xe2bd97},
    {0x15e4, 0xe2bd98},
    {0x15e6, 0xe2bd99},
    {0xe22, 0xe2bd9a},
    {0x567, 0xe2bd9b},
    {0x687, 0xe2bd9c},
    {0x758, 0xe2bd9d},
    {0x770, 0xe2bd9e},
    {0x6c4, 0xe2bd9f},
    {0x4dd, 0xe2bda0},
    {0x5e0, 0xe2bda1},
    {0x601, 0xe2bda2},
    {0xa5c, 0xe2bda3},
    {0xf3b, 0xe2bda4},
    {0xc3e, 0xe2bda5},
    {0xd97, 0xe2bda6},
    {0x3a00, 0xe2bda7},
    {0x1697, 0xe2bda8},
    {0xd28, 0xe2bda9},
    {0xd7d, 0xe2bdaa},
    {0x87c, 0xe2bdab},
    {0xee8, 0xe2bdac},
    {0xec3, 0xe2bdad},
    {0xefc, 0xe2bdae},
    {0xa74, 0xe2bdaf},
    {0x8d4, 0xe2bdb0},
    {0x3a41, 0xe2bdb1},
    {0x553, 0xe2bdb2},
    {0x740, 0xe2bdb3},
    {0xf71, 0xe2bdb4},
    {0xb9b, 0xe2bdb5},
    {0xe16, 0xe2bdb6},
    {0x8b3, 0xe2bdb7},
    {0x608, 0xe2bdb8},
    {0x1813, 0xe2bdb9},
    {0xf3d, 0xe2bdba},
    {0x4cb, 0xe2bdbb},
    {0xfdd, 0xe2bdbc},
    {0x8d5, 0xe2bdbd},
    {0x183d, 0xe2bdbe},
    {0x8d6, 0xe2bdbf},
    {0x1853, 0xe2be80},
    {0xcd1, 0xe2be81},
    {0xa09, 0xe2be82},
    {0x8d7, 0xe2be83},
    {0x8b8, 0xe2be84},
    {0x4d3, 0xe2be85},
    {0xa89, 0xe2be86},
    {0xaa6, 0xe2be87},
    {0x938, 0xe2be88},
    {0x821, 0xe2be89},
    {0x9ed, 0xe2be8a},
    {0x18b2, 0xe2be8b},
    {0x194f, 0xe2be8c},
    {0xbac, 0xe2be8d},
    {0x742, 0xe2be8e},
    {0x7e6, 0xe2be8f},
    {0x4a5, 0xe2be90},
    {0x19eb, 0xe2be91},
    {0x75f, 0xe2be92},
    {0x5af, 0xe2be93},
    {0x774, 0xe2be94},
    {0xb69, 0xe2be95},
    {0xc7e, 0xe2be96},
    {0x1a56, 0xe2be97},
    {0x1a59, 0xe2be98},
    {0x58b, 0xe2be99},
    {0xa7a, 0xe2be9a},
    {0xaf8, 0xe2be9b},
    {0xb0d, 0xe2be9c},
    {0xa0e, 0xe2be9d},
    {0x902, 0xe2be9e},
    {0xa0f, 0xe2be9f},
    {0xb62, 0xe2bea0},
    {0x3b4f, 0xe2bea1},
    {0xf22, 0xe2bea2},
    {0xcab, 0xe2bea3},
    {0xd64, 0xe2bea4},
    {0xf6c, 0xe2bea5},
    {0x6da, 0xe2bea6},
    {0xbd5, 0xe2bea7},
    {0xef3, 0xe2bea8},
    {0xdde, 0xe2bea9},
    {0x1bc9, 0xe2beaa},
    {0x1bcb, 0xe2beab},
    {0x4cd, 0xe2beac},
    {0x21f7, 0xe2bead},
    {0xd87, 0xe2beae},
    {0xed8, 0xe2beaf},
    {0x5b5, 0xe2beb0},
    {0x1c03, 0xe2beb1},
    {0x1c05, 0xe2beb2},
    {0x53b, 0xe2beb3},
    {0xe17, 0xe2beb4},
    {0xde9, 0xe2beb5},
    {0xd88, 0xe2beb6},
    {0x9ef, 0xe2beb7},
    {0x91f, 0xe2beb8},
    {0x7f3, 0xe2beb9},
    {0xd05, 0xe2beba},
    {0x80e, 0xe2bebb},
    {0x7f4, 0xe2bebc},
    {0x1c6c, 0xe2bebd},
    {0x1c7d, 0xe2bebe},
    {0x1c83, 0xe2bebf},
    {0x1c84, 0xe2bf80},
    {0x64e, 0xe2bf81},
    {0x695, 0xe2bf82},
    {0xbd7, 0xe2bf83},
    {0x1cf6, 0xe2bf84},
    {0x8db, 0xe2bf85},
    {0x1d01, 0xe2bf86},
    {0xe91, 0xe2bf87},
    {0x340b, 0xe2bf88},
    {0x66a, 0xe2bf89},
    {0x807, 0xe2bf8a},
    {0x1d16, 0xe2bf8b},
    {0x1d19, 0xe2bf8c},
    {0xc1e, 0xe2bf8d},
    {0x791, 0xe2bf8e},
    {0xacf, 0xe2bf8f},
    {0xd93, 0xe2bf90},
    {0xf7e, 0xe2bf93},
    {0x28f, 0xe38083},
    {0x2074, 0xe38084},
    {0x2df, 0xe38092},
    {0x2e4, 0xe38093},
    {0x299, 0xe3809c},
    {0x1db8, 0xe3809d},
    {0x2f8a, 0xe3809e},
    {0x1db9, 0xe3809f},
    {0x1f7a, 0xe380a0},
    {0x2fba, 0xe380b0},
    {0x1f79, 0xe380b6},
    {0x2f4a, 0xe380bb},
    {0x3f42, 0xe380bc},
    {0x2f93, 0xe380bd},
    {0x2f95, 0xe3829f},
    {0x3f4d, 0xe382a0},
    {0x27e, 0xe383bb},
    {0x294, 0xe383bc},
    {0x3f43, 0xe383bf},
    {0x2005, 0xe388b0},
    {0x1fcf, 0xe388b3},
    {0x1fcd, 0xe388b4},
    {0x1fd4, 0xe388b5},
    {0x1fd3, 0xe388b6},
    {0x200c, 0xe388b7},
    {0x1fce, 0xe388b8},
    {0x1dc4, 0xe388b9},
    {0x1fd7, 0xe388ba},
    {0x1fd5, 0xe388bb},
    {0x1fd0, 0xe388bc},
    {0x1fcb, 0xe388bd},
    {0x1fd2, 0xe388be},
    {0x1fcc, 0xe388bf},
    {0x1fd6, 0xe38980},
    {0x200d, 0xe38981},
    {0x1fd1, 0xe38982},
    {0x1fca, 0xe38983},
    {0x2902, 0xe38984},
    {0x1f9b, 0xe38991},
    {0x28e7, 0xe38a90},
    {0x1fe1, 0xe38a91},
    {0x1fe0, 0xe38a92},
    {0x1fe2, 0xe38a93},
    {0x1fdc, 0xe38a94},
    {0x28ff, 0xe38a95},
    {0x1fe5, 0xe38a96},
    {0x28fc, 0xe38a97},
    {0x1fde, 0xe38a98},
    {0x201f, 0xe38a99},
    {0x28f9, 0xe38a9a},
    {0x28f8, 0xe38a9b},
    {0x28fe, 0xe38a9c},
    {0x207f, 0xe38a9d},
    {0x1fff, 0xe38a9e},
    {0x28ef, 0xe38a9f},
    {0x28fb, 0xe38aa2},
    {0x28fa, 0xe38aa3},
    {0x1fda, 0xe38aa9},
    {0x1fdd, 0xe38aaa},
    {0x1fdf, 0xe38aab},
    {0x1fe3, 0xe38aac},
    {0x1fd9, 0xe38aad},
    {0x1fe4, 0xe38aae},
    {0x1fdb, 0xe38aaf},
    {0x1fd8, 0xe38ab0},
    {0x5a12, 0xe38bbf},
    {0x1f70, 0xe38c80},
    {0x1f6a, 0xe38c83},
    {0x2e64, 0xe38c84},
    {0x1ff7, 0xe38c85},
    {0x2e65, 0xe38c86},
    {0x2e69, 0xe38c87},
    {0x2e67, 0xe38c88},
    {0x2e6c, 0xe38c89},
    {0x2e6a, 0xe38c8a},
    {0x2e6e, 0xe38c8b},
    {0x2e70, 0xe38c8c},
    {0x1dab, 0xe38c8d},
    {0x1da2, 0xe38c94},
    {0x1f69, 0xe38c95},
    {0x1f67, 0xe38c96},
    {0x2e78, 0xe38c97},
    {0x1f68, 0xe38c98},
    {0x2e7a, 0xe38c99},
    {0x1f73, 0xe38c9e},
    {0x1f66, 0xe38ca2},
    {0x1f6b, 0xe38ca3},
    {0x2e83, 0xe38ca4},
    {0x2e85, 0xe38ca5},
    {0x1dac, 0xe38ca6},
    {0x1da6, 0xe38ca7},
    {0x1f74, 0xe38caa},
    {0x1dae, 0xe38cab},
    {0x2e8b, 0xe38cad},
    {0x1f71, 0xe38cb1},
    {0x2e91, 0xe38cb2},
    {0x2087, 0xe38cb3},
    {0x1da8, 0xe38cb6},
    {0x2e9a, 0xe38cb7},
    {0x2e9c, 0xe38cb8},
    {0x1f6e, 0xe38cb9},
    {0x2e9d, 0xe38cba},
    {0x1f6f, 0xe38cbb},
    {0x2e96, 0xe38cbc},
    {0x2e9e, 0xe38cbd},
    {0x2ea2, 0xe38d80},
    {0x2e9f, 0xe38d81},
    {0x1f6d, 0xe38d82},
    {0x1f72, 0xe38d87},
    {0x2ea7, 0xe38d88},
    {0x1da1, 0xe38d89},
    {0x1daf, 0xe38d8a},
    {0x1da4, 0xe38d8d},
    {0x2088, 0xe38d8e},
    {0x1da9, 0xe38d91},
    {0x2eae, 0xe38d92},
    {0x2eb2, 0xe38d93},
    {0x2eaf, 0xe38d94},
    {0x1f6c, 0xe38d97},
    {0x2e55, 0xe38db1},
    {0x2083, 0xe38dbb},
    {0x1dc7, 0xe38dbc},
    {0x1dc6, 0xe38dbd},
    {0x1dc5, 0xe38dbe},
    {0x1f76, 0xe38dbf},
    {0x2e58, 0xe38e8d},
    {0x1f63, 0xe38e90},
    {0x1f65, 0xe38e96},
    {0x1f58, 0xe38e97},
    {0x1f5a, 0xe38e98},
    {0x2e59, 0xe38e9b},
    {0x1ffa, 0xe38e9f},
    {0x1f54, 0xe38ea0},
    {0x1db7, 0xe38ea1},
    {0x1f55, 0xe38ea2},
    {0x1ffb, 0xe38ea3},
    {0x1ffc, 0xe38ea6},
    {0x1f5e, 0xe38eb0},
    {0x1f5d, 0xe38eb1},
    {0x1f5c, 0xe38eb2},
    {0x1f5b, 0xe38eb3},
    {0x2e50, 0xe38f82},
    {0x1db6, 0xe38f84},
    {0x2002, 0xe38f88},
    {0x1f62, 0xe38f8b},
    {0x1ff6, 0xe38f8c},
    {0x1dbb, 0xe38f8d},
    {0x1f64, 0xe38f94},
    {0x2e4b, 0xe38f9a},
    {0x3582, 0xe39082},
    {0x3c1b, 0xe39085},
    {0x435a, 0xe39086},
    {0x3656, 0xe390a7},
    {0x435e, 0xe390ac},
    {0x3788, 0xe390ae},
    {0x36df, 0xe391a8},
    {0x4375, 0xe391aa},
    {0x3c52, 0xe39288},
    {0x438e, 0xe39292},
    {0x4199, 0xe392b5},
    {0x4397, 0xe392bc},
    {0x47d0, 0xe39381},
    {0x439b, 0xe39387},
    {0x3c41, 0xe3939b},
    {0x3629, 0xe3949f},
    {0x371e, 0xe394be},
    {0x43c0, 0xe395a3},
    {0x43c4, 0xe395ae},
    {0x43d9, 0xe396a6},
    {0x43db, 0xe396a8},
    {0x43e1, 0xe39785},
    {0x43ea, 0xe3979a},
    {0x4e63, 0xe3979e},
    {0x43f3, 0xe397b4},
    {0x43fa, 0xe39885},
    {0x4abb, 0xe39894},
    {0x4421, 0xe3998a},
    {0x4441, 0xe39a91},
    {0x4445, 0xe39a96},
    {0x4443, 0xe39a99},
    {0x4456, 0xe39b8f},
    {0x447d, 0xe39dab},
    {0x447c, 0xe39dac},
    {0x4480, 0xe39db5},
    {0x361a, 0xe39e8d},
    {0x448e, 0xe39f81},
    {0x372b, 0xe39fa2},
    {0x44a2, 0xe39fa8},
    {0x44a5, 0xe39fb4},
    {0x44a8, 0xe39fbd},
    {0x44aa, 0xe3a080},
    {0x44b4, 0xe3a0af},
    {0x44b5, 0xe3a0b6},
    {0x44b6, 0xe3a180},
    {0x44ba, 0xe3a19c},
    {0x44bc, 0xe3a1a1},
    {0x4ecb, 0xe3a2a1},
    {0x4abc, 0xe3a2ad},
    {0x361c, 0xe3a3ba},
    {0x44d9, 0xe3a497},
    {0x44dc, 0xe3a49a},
    {0x44eb, 0xe3a5af},
    {0x4e9a, 0xe3a6a4},
    {0x4e9b, 0xe3a6b8},
    {0x4e9f, 0xe3a99c},
    {0x4531, 0xe3a9ae},
    {0x4534, 0xe3a9b3},
    {0x4eae, 0xe3aa85},
    {0x4ea7, 0xe3ab84},
    {0x4ea8, 0xe3ab8b},
    {0x4543, 0xe3ab96},
    {0x455e, 0xe3ab97},
    {0x454d, 0xe3abaa},
    {0x3c40, 0xe3abb3},
    {0x4558, 0xe3ac8e},
    {0x455c, 0xe3ac9a},
    {0x455d, 0xe3ac9c},
    {0x3c49, 0xe3aca2},
    {0x458c, 0xe3adad},
    {0x4585, 0xe3adb7},
    {0x45a2, 0xe3ae87},
    {0x368d, 0xe3ae88},
    {0x45a4, 0xe3ae8d},
    {0x45aa, 0xe3aea4},
    {0x420e, 0xe3aeb6},
    {0x420f, 0xe3af83},
    {0x45b8, 0xe3af8d},
    {0x45c9, 0xe3afb0},
    {0x4eb7, 0xe3afb3},
    {0x4217, 0xe3b08f},
    {0x45df, 0xe3b0a6},
    {0x45fc, 0xe3b383},
    {0x4601, 0xe3b392},
    {0x4625, 0xe3b491},
    {0x4630, 0xe3b49e},
    {0x4ebe, 0xe3b4b1},
    {0x1de7, 0xe3b58e},
    {0x464a, 0xe3b5a4},
    {0x4658, 0xe3b69a},
    {0x466a, 0xe3b780},
    {0x4abd, 0xe3b78c},
    {0x466f, 0xe3b794},
    {0x467b, 0xe3b885},
    {0x4248, 0xe3b8bf},
    {0x4eca, 0xe3b980},
    {0x468b, 0xe3b9a0},
    {0x468d, 0xe3b9a6},
    {0x468e, 0xe3b9a8},
    {0x4695, 0xe3ba83},
    {0x3c43, 0xe3ba8a},
    {0x469b, 0xe3ba94},
    {0x3c48, 0xe3bb9a},
    {0x46cb, 0xe3bd97},
    {0x4258, 0xe3bdb2},
    {0x46d9, 0xe3bdb5},
    {0x46db, 0xe3bdb7},
    {0x46ed, 0xe3beae},
    {0x3754, 0xe3beb1},
    {0x46f8, 0xe3bf89},
    {0x46fd, 0xe3bf97},
    {0x4abe, 0xe3bf9c},
    {0x470f, 0xe480b9},
    {0x4716, 0xe48198},
    {0x3c4c, 0xe48293},
    {0x3c4f, 0xe48483},
    {0x473b, 0xe48485},
    {0x4747, 0xe48588},
    {0x474a, 0xe4858f},
    {0x474e, 0xe485a3},
    {0x475d, 0xe486b4},
    {0x4760, 0xe486bf},
    {0x476b, 0xe487a6},
    {0x476f, 0xe487ae},
    {0x476c, 0xe487b3},
    {0x4776, 0xe48887},
    {0x4779, 0xe4888e},
    {0x3760, 0xe489a4},
    {0x3c50, 0xe48a93},
    {0x479f, 0xe48b86},
    {0x47aa, 0xe48b96},
    {0x47ae, 0xe48b9d},
    {0x47bc, 0xe48c82},
    {0x47c9, 0xe48cab},
    {0x47cb, 0xe48d83},
    {0x47f7, 0xe48fae},
    {0x47fa, 0xe48fb0},
    {0x4800, 0xe49088},
    {0x3c42, 0xe4908c},
    {0x4802, 0xe49097},
    {0x4803, 0xe4909c},
    {0x4805, 0xe490a2},
    {0x3773, 0xe49193},
    {0x42a4, 0xe4919b},
    {0x481c, 0xe491b6},
    {0x481d, 0xe491ba},
    {0x4823, 0xe49291},
    {0x483e, 0xe492b3},
    {0x483c, 0xe492be},
    {0x483d, 0xe49394},
    {0x485c, 0xe49488},
    {0x4858, 0xe4948d},
    {0x377e, 0xe494a5},
    {0x486c, 0xe49583},
    {0x3c4b, 0xe495ba},
    {0x42d4, 0xe4969d},
    {0x48a0, 0xe496b8},
    {0x4abf, 0xe496be},
    {0x48ba, 0xe497a5},
    {0x42d9, 0xe497aa},
    {0x48ca, 0xe4988f},
    {0x4ac0, 0xe49890},
    {0x48d8, 0xe49981},
    {0x3c4e, 0xe499a5},
    {0x48e9, 0xe49aa1},
    {0x3c51, 0xe49aae},
    {0x48ed, 0xe49aaf},
    {0x4902, 0xe49c8c},
    {0x4efb, 0xe49c9f},
    {0x4918, 0xe49da4},
    {0x3790, 0xe49fa6},
    {0x4924, 0xe49fbd},
    {0x492e, 0xe4a096},
    {0x4f01, 0xe4a09e},
    {0x42f5, 0xe4a184},
    {0x493a, 0xe4a18e},
    {0x495b, 0xe4a2b5},
    {0x431f, 0xe4a6b0},
    {0x49d2, 0xe4a7a7},
    {0x49d6, 0xe4a7ba},
    {0x49db, 0xe4a884},
    {0x49de, 0xe4a8a9},
    {0x49f6, 0xe4aabc},
    {0x35df, 0xe4acb8},
    {0x4a0e, 0xe4acbb},
    {0x4ac1, 0xe4adbe},
    {0x4a33, 0xe4af82},
    {0x4a35, 0xe4af8a},
    {0x4a37, 0xe4af92},
    {0x3c46, 0xe4afa8},
    {0x4334, 0xe4b097},
    {0x4a48, 0xe4b0a0},
    {0x4ac2, 0xe4b0b8},
    {0x4a84, 0xe4b384},
    {0x4a87, 0xe4b391},
    {0x4ac3, 0xe4b3a1},
    {0x4a9b, 0xe4b487},
    {0x4aab, 0xe4b5b7},
    {0x4b0, 0xe4b880},
    {0xbb8, 0xe4b881},
    {0x4352, 0xe4b882},
    {0x8e3, 0xe4b883},
    {0xeaa, 0xe4b887},
    {0x9ce, 0xe4b888},
    {0x87e, 0xe4b889},
    {0x9cd, 0xe4b88a},
    {0x53c, 0xe4b88b},
    {0x4ac4, 0xe4b88c},
    {0xdc6, 0xe4b88d},
    {0xf29, 0xe4b88e},
    {0x4353, 0xe4b88f},
    {0xffb, 0xe4b890},
    {0x4d1, 0xe4b891},
    {0x4354, 0xe4b892},
    {0x5cc, 0xe4b894},
    {0xffc, 0xe4b895},
    {0xa48, 0xe4b896},
    {0x10d7, 0xe4b897},
    {0x670, 0xe4b898},
    {0xe0a, 0xe4b899},
    {0x9cf, 0xe4b89e},
    {0x37da, 0xe4b89f},
    {0xf86, 0xe4b8a1},
    {0xe12, 0xe4b8a6},
    {0x20b3, 0xe4b8a8},
    {0x4355, 0xe4b8a9},
    {0xffd, 0xe4b8aa},
    {0x37db, 0xe4b8ab},
    {0x374d, 0xe4b8ac},
    {0xba4, 0xe4b8ad},
    {0x4356, 0xe4b8ae},
    {0xffe, 0xe4b8b1},
    {0x6f2, 0xe4b8b2},
    {0x5253, 0xe4b8b5},
    {0xfff, 0xe4b8b6},
    {0x369d, 0xe4b8b7},
    {0x619, 0xe4b8b8},
    {0xb6e, 0xe4b8b9},
    {0x913, 0xe4b8bb},
    {0x1000, 0xe4b8bc},
    {0x1001, 0xe4b8bf},
    {0x1002, 0xe4b982},
    {0xceb, 0xe4b983},
    {0x37e0, 0xe4b984},
    {0x671, 0xe4b985},
    {0x4357, 0xe4b987},
    {0x372e, 0xe4b988},
    {0xced, 0xe4b98b},
    {0xcbb, 0xe4b98d},
    {0x777, 0xe4b98e},
    {0xe61, 0xe4b98f},
    {0x4359, 0xe4b991},
    {0x1950, 0xe4b995},
    {0x1003, 0xe4b996},
    {0x9d0, 0xe4b997},
    {0x1004, 0xe4b998},
    {0x535, 0xe4b999},
    {0x37e1, 0xe4b99a},
    {0x5254, 0xe4b99c},
    {0x6dd, 0xe4b99d},
    {0x7a4, 0xe4b99e},
    {0xef5, 0xe4b99f},
    {0x1233, 0xe4b9a2},
    {0x5255, 0xe4b9a3},
    {0x5256, 0xe4b9a8},
    {0x435c, 0xe4b9a9},
    {0xf5a, 0xe4b9b1},
    {0xcd5, 0xe4b9b3},
    {0x4ac7, 0xe4b9b9},
    {0x5e1, 0xe4b9be},
    {0x37e2, 0xe4b9bf},
    {0x64f, 0xe4ba80},
    {0x1005, 0xe4ba82},
    {0x1006, 0xe4ba85},
    {0xf83, 0xe4ba86},
    {0xf27, 0xe4ba88},
    {0xaea, 0xe4ba89},
    {0x1008, 0xe4ba8a},
    {0x8c4, 0xe4ba8b},
    {0xccb, 0xe4ba8c},
    {0x37e3, 0xe4ba8d},
    {0x100b, 0xe4ba8e},
    {0x4e0, 0xe4ba91},
    {0x793, 0xe4ba92},
    {0x792, 0xe4ba94},
    {0x4aa, 0xe4ba95},
    {0x37e4, 0xe4ba96},
    {0x5259, 0xe4ba97},
    {0xff1, 0xe4ba98},
    {0xff0, 0xe4ba99},
    {0x823, 0xe4ba9b},
    {0x465, 0xe4ba9c},
    {0x435d, 0xe4ba9d},
    {0xe62, 0xe4baa1},
    {0x100f, 0xe4baa2},
    {0x7a6, 0xe4baa4},
    {0x4ab, 0xe4baa5},
    {0xea0, 0xe4baa6},
    {0x696, 0xe4baa8},
    {0xbfe, 0xe4baad},
    {0xf84, 0xe4baae},
    {0x525a, 0xe4baaf},
    {0x1010, 0xe4bab0},
    {0x1011, 0xe4bab3},
    {0x1012, 0xe4bab6},
    {0x37e5, 0xe4bab9},
    {0xa13, 0xe4baba},
    {0x3620, 0xe4babb},
    {0x435f, 0xe4babc},
    {0x944, 0xe4bb80},
    {0xa14, 0xe4bb81},
    {0x1017, 0xe4bb82},
    {0x4360, 0xe4bb83},
    {0x1015, 0xe4bb84},
    {0x1016, 0xe4bb86},
    {0x672, 0xe4bb87},
    {0x4361, 0xe4bb88},
    {0x813, 0xe4bb8a},
    {0x570, 0xe4bb8b},
    {0x1014, 0xe4bb8d},
    {0x1013, 0xe4bb8e},
    {0xdf9, 0xe4bb8f},
    {0x37e6, 0xe4bb90},
    {0x894, 0xe4bb94},
    {0x893, 0xe4bb95},
    {0xb1e, 0xe4bb96},
    {0x1018, 0xe4bb97},
    {0xdc7, 0xe4bb98},
    {0xa8b, 0xe4bb99},
    {0x4363, 0xe4bb9a},
    {0x525b, 0xe4bb9b},
    {0x290, 0xe4bb9d},
    {0x1019, 0xe4bb9e},
    {0x101b, 0xe4bb9f},
    {0x37e7, 0xe4bba0},
    {0x20b4, 0xe4bba1},
    {0x525c, 0xe4bba2},
    {0xb45, 0xe4bba3},
    {0xfa9, 0xe4bba4},
    {0x48e, 0xe4bba5},
    {0x525d, 0xe4bba8},
    {0x4362, 0xe4bbab},
    {0x101a, 0xe4bbad},
    {0x53e, 0xe4bbae},
    {0x525e, 0xe4bbaf},
    {0x6bc, 0xe4bbb0},
    {0x4364, 0xe4bbb1},
    {0xba5, 0xe4bbb2},
    {0x4ac8, 0xe4bbb3},
    {0x4365, 0xe4bbb5},
    {0x745, 0xe4bbb6},
    {0x101c, 0xe4bbb7},
    {0xcda, 0xe4bbbb},
    {0x20b5, 0xe4bbbc},
    {0x37e8, 0xe4bbbd},
    {0x525f, 0xe4bbbe},
    {0x37e9, 0xe4bbbf},
    {0x20b6, 0xe4bc80},
    {0x627, 0xe4bc81},
    {0x5260, 0xe4bc82},
    {0x20b7, 0xe4bc83},
    {0x5261, 0xe4bc88},
    {0x101d, 0xe4bc89},
    {0x48f, 0xe4bc8a},
    {0x37ea, 0xe4bc8b},
    {0x4ac9, 0xe4bc8c},
    {0x794, 0xe4bc8d},
    {0x628, 0xe4bc8e},
    {0xdec, 0xe4bc8f},
    {0xd46, 0xe4bc90},
    {0x673, 0xe4bc91},
    {0x5262, 0xe4bc92},
    {0x37eb, 0xe4bc95},
    {0x4366, 0xe4bc96},
    {0x5263, 0xe4bc97},
    {0x4aca, 0xe4bc99},
    {0x571, 0xe4bc9a},
    {0x1040, 0xe4bc9c},
    {0xc3b, 0xe4bc9d},
    {0x4acb, 0xe4bcab},
    {0x4acc, 0xe4bcae},
    {0xd22, 0xe4bcaf},
    {0x101f, 0xe4bcb0},
    {0x4acd, 0xe4bcb1},
    {0x5264, 0xe4bcb3},
    {0xd50, 0xe4bcb4},
    {0x5265, 0xe4bcb5},
    {0xfaa, 0xe4bcb6},
    {0x4368, 0xe4bcb7},
    {0x9f3, 0xe4bcb8},
    {0x20b8, 0xe4bcb9},
    {0x895, 0xe4bcba},
    {0x37ed, 0xe4bcbb},
    {0x8c5, 0xe4bcbc},
    {0x540, 0xe4bcbd},
    {0x4369, 0xe4bcbe},
    {0x5266, 0xe4bd80},
    {0x5267, 0xe4bd82},
    {0xbed, 0xe4bd83},
    {0xb60, 0xe4bd86},
    {0x1023, 0xe4bd87},
    {0x418b, 0xe4bd88},
    {0x37ee, 0xe4bd89},
    {0x490, 0xe4bd8d},
    {0xbff, 0xe4bd8e},
    {0x945, 0xe4bd8f},
    {0x824, 0xe4bd90},
    {0xf0e, 0xe4bd91},
    {0x526a, 0xe4bd92},
    {0xb2e, 0xe4bd93},
    {0x37ef, 0xe4bd94},
    {0x53f, 0xe4bd95},
    {0x20b9, 0xe4bd96},
    {0x1022, 0xe4bd97},
    {0x436a, 0xe4bd98},
    {0xf28, 0xe4bd99},
    {0x101e, 0xe4bd9a},
    {0x1020, 0xe4bd9b},
    {0x85e, 0xe4bd9c},
    {0x1021, 0xe4bd9d},
    {0x11d3, 0xe4bd9e},
    {0x418c, 0xe4bd9f},
    {0x37ec, 0xe4bda0},
    {0x526b, 0xe4bda3},
    {0x4367, 0xe4bda4},
    {0x1029, 0xe4bda9},
    {0x418d, 0xe4bdaa},
    {0x418e, 0xe4bdac},
    {0x526c, 0xe4bdae},
    {0x102c, 0xe4bdaf},
    {0x102a, 0xe4bdb0},
    {0x526d, 0xe4bdb1},
    {0x542, 0xe4bdb3},
    {0xe0b, 0xe4bdb5},
    {0x1024, 0xe4bdb6},
    {0x526e, 0xe4bdb9},
    {0x37f0, 0xe4bdba},
    {0x1028, 0xe4bdbb},
    {0x7a7, 0xe4bdbc},
    {0x896, 0xe4bdbf},
    {0x526f, 0xe4be81},
    {0x436e, 0xe4be82},
    {0x5e2, 0xe4be83},
    {0x4ace, 0xe4be84},
    {0x436f, 0xe4be85},
    {0x102d, 0xe4be86},
    {0x1025, 0xe4be88},
    {0x5270, 0xe4be89},
    {0x20bb, 0xe4be8a},
    {0xfab, 0xe4be8b},
    {0x5271, 0xe4be8c},
    {0x8c6, 0xe4be8d},
    {0x5272, 0xe4be8e},
    {0x1026, 0xe4be8f},
    {0x5273, 0xe4be90},
    {0x102b, 0xe4be91},
    {0x20ba, 0xe4be92},
    {0x5274, 0xe4be93},
    {0x20bd, 0xe4be94},
    {0x102e, 0xe4be96},
    {0x37f3, 0xe4be97},
    {0x1027, 0xe4be98},
    {0x5275, 0xe4be99},
    {0x20bc, 0xe4be9a},
    {0x699, 0xe4be9b},
    {0x491, 0xe4be9d},
    {0x4acf, 0xe4be9e},
    {0x5276, 0xe4be9f},
    {0x69a, 0xe4bea0},
    {0x541, 0xe4bea1},
    {0x11d4, 0xe4beab},
    {0xea7, 0xe4bead},
    {0xde0, 0xe4beae},
    {0x7a8, 0xe4beaf},
    {0x4371, 0xe4beb2},
    {0x9f5, 0xe4beb5},
    {0xf7f, 0xe4beb6},
    {0x4ad0, 0xe4beb7},
    {0x5277, 0xe4beb9},
    {0x37f4, 0xe4bebe},
    {0xe28, 0xe4bebf},
    {0x70e, 0xe4bf82},
    {0xb05, 0xe4bf83},
    {0x564, 0xe4bf84},
    {0x4372, 0xe4bf85},
    {0x527d, 0xe4bf86},
    {0x527e, 0xe4bf88},
    {0x20ac, 0xe4bf89},
    {0x95d, 0xe4bf8a},
    {0x4373, 0xe4bf8b},
    {0x527f, 0xe4bf8c},
    {0x20be, 0xe4bf8d},
    {0x1032, 0xe4bf8e},
    {0x37f5, 0xe4bf8f},
    {0x1037, 0xe4bf90},
    {0x1035, 0xe4bf91},
    {0x4374, 0xe4bf92},
    {0x3c2f, 0xe4bf93},
    {0x1030, 0xe4bf94},
    {0xb0f, 0xe4bf97},
    {0x1033, 0xe4bf98},
    {0x1036, 0xe4bf9a},
    {0x1034, 0xe4bf9b},
    {0x5280, 0xe4bf9c},
    {0xe2d, 0xe4bf9d},
    {0x1031, 0xe4bf9f},
    {0x1dec, 0xe4bfa0},
    {0x9f4, 0xe4bfa1},
    {0x5281, 0xe4bfa2},
    {0xea1, 0xe4bfa3},
    {0x4370, 0xe4bfa6},
    {0x92e, 0xe4bfae},
    {0x1046, 0xe4bfaf},
    {0x5282, 0xe4bfb0},
    {0x35a3, 0xe4bfb1},
    {0x4376, 0xe4bfb2},
    {0xd06, 0xe4bfb3},
    {0xda8, 0xe4bfb5},
    {0x1041, 0xe4bfb6},
    {0xe40, 0xe4bfb8},
    {0x536, 0xe4bfba},
    {0x5283, 0xe4bfbc},
    {0x37f6, 0xe4bfbd},
    {0x1045, 0xe4bfbe},
    {0x20c1, 0xe4bfbf},
    {0x4f4b, 0xe58082},
    {0x4ad1, 0xe58084},
    {0x103f, 0xe58085},
    {0x1048, 0xe58086},
    {0x5284, 0xe58087},
    {0xad4, 0xe58089},
    {0x5285, 0xe5808a},
    {0x778, 0xe5808b},
    {0x4ad2, 0xe5808c},
    {0xd12, 0xe5808d},
    {0x418f, 0xe5808e},
    {0x1600, 0xe5808f},
    {0x37f9, 0xe58090},
    {0x1047, 0xe58091},
    {0xc57, 0xe58092},
    {0x4377, 0xe58093},
    {0x103c, 0xe58094},
    {0x7aa, 0xe58096},
    {0x5286, 0xe58097},
    {0x4190, 0xe58098},
    {0x7a9, 0xe58099},
    {0x103a, 0xe5809a},
    {0x37fa, 0xe5809b},
    {0x4378, 0xe5809c},
    {0x5287, 0xe5809d},
    {0x20c2, 0xe5809e},
    {0x906, 0xe5809f},
    {0x1042, 0xe580a1},
    {0x20c0, 0xe580a2},
    {0xe3f, 0xe580a3},
    {0xb8b, 0xe580a4},
    {0x103e, 0xe580a5},
    {0x747, 0xe580a6},
    {0x37fb, 0xe580a7},
    {0x103b, 0xe580a8},
    {0x1043, 0xe580a9},
    {0x103d, 0xe580aa},
    {0xf99, 0xe580ab},
    {0x1044, 0xe580ac},
    {0xfe7, 0xe580ad},
    {0x37fc, 0xe580ae},
    {0x5288, 0xe580b0},
    {0x528b, 0xe580b5},
    {0x6de, 0xe580b6},
    {0x746, 0xe580b9},
    {0x3800, 0xe580bb},
    {0x20bf, 0xe58180},
    {0x4191, 0xe58181},
    {0x20c5, 0xe58182},
    {0x1049, 0xe58183},
    {0x528c, 0xe58185},
    {0x20c3, 0xe58186},
    {0x104a, 0xe58187},
    {0x104e, 0xe58188},
    {0x492, 0xe58189},
    {0x528d, 0xe5818a},
    {0x4ad3, 0xe5818c},
    {0x4379, 0xe5818e},
    {0xe20, 0xe5818f},
    {0x104d, 0xe58190},
    {0x437a, 0xe58193},
    {0x104c, 0xe58195},
    {0x1050, 0xe58196},
    {0x37fd, 0xe58197},
    {0x5290, 0xe58199},
    {0x104f, 0xe5819a},
    {0xc00, 0xe5819c},
    {0x4ad4, 0xe5819f},
    {0x5291, 0xe581a0},
    {0x4ad5, 0xe581a2},
    {0x437b, 0xe581a3},
    {0x748, 0xe581a5},
    {0x37fe, 0xe581a6},
    {0x5292, 0xe581a7},
    {0x37ff, 0xe581aa},
    {0x1051, 0xe581ac},
    {0x5293, 0xe581ad},
    {0x20c4, 0xe581b0},
    {0x5294, 0xe581b1},
    {0x8f1, 0xe581b2},
    {0xb06, 0xe581b4},
    {0xc01, 0xe581b5},
    {0x6ee, 0xe581b6},
    {0x4ad6, 0xe581b7},
    {0x1052, 0xe581b8},
    {0x650, 0xe581bd},
    {0x1053, 0xe58280},
    {0x5295, 0xe58281},
    {0x1055, 0xe58285},
    {0x5298, 0xe58286},
    {0x437d, 0xe58288},
    {0x5299, 0xe5828a},
    {0xe63, 0xe5828d},
    {0x4ad7, 0xe5828e},
    {0x3801, 0xe5828f},
    {0x529a, 0xe58290},
    {0x73c, 0xe58291},
    {0x20c6, 0xe58294},
    {0x4380, 0xe58295},
    {0x3802, 0xe58296},
    {0x87f, 0xe58298},
    {0xd8b, 0xe58299},
    {0x1054, 0xe5829a},
    {0x529b, 0xe5829b},
    {0x3803, 0xe5829c},
    {0x4ad8, 0xe5829e},
    {0x4ad9, 0xe582a2},
    {0x437c, 0xe582a3},
    {0x4381, 0xe582aa},
    {0x835, 0xe582ac},
    {0xf2d, 0xe582ad},
    {0x4383, 0xe582b1},
    {0x1057, 0xe582b2},
    {0x105a, 0xe582b3},
    {0x1056, 0xe582b4},
    {0x834, 0xe582b5},
    {0x987, 0xe582b7},
    {0x52a1, 0xe582b9},
    {0x52a2, 0xe582bd},
    {0x70f, 0xe582be},
    {0x52a3, 0xe58380},
    {0x105b, 0xe58382},
    {0x4ada, 0xe58383},
    {0x4386, 0xe58384},
    {0x6c7, 0xe58385},
    {0x4387, 0xe58387},
    {0x3804, 0xe5838c},
    {0xc87, 0xe5838d},
    {0x438a, 0xe5838e},
    {0xafe, 0xe5838f},
    {0x4193, 0xe58390},
    {0x69b, 0xe58391},
    {0x52a4, 0xe58393},
    {0x438c, 0xe58394},
    {0xe7b, 0xe58395},
    {0x105c, 0xe58396},
    {0x20c8, 0xe58398},
    {0x3c30, 0xe58399},
    {0xf85, 0xe5839a},
    {0x105d, 0xe5839e},
    {0x52a7, 0xe5839f},
    {0x438d, 0xe583a1},
    {0x52a8, 0xe583a2},
    {0x1060, 0xe583a3},
    {0x52a9, 0xe583a4},
    {0x105e, 0xe583a5},
    {0x3805, 0xe583a6},
    {0xad0, 0xe583a7},
    {0x4adb, 0xe583a8},
    {0x3806, 0xe583a9},
    {0x105f, 0xe583ad},
    {0x1061, 0xe583ae},
    {0x3807, 0xe583af},
    {0x3c31, 0xe583b0},
    {0x4adc, 0xe583b1},
    {0x4192, 0xe583b2},
    {0x4388, 0xe583b3},
    {0x20c7, 0xe583b4},
    {0x1063, 0xe583b5},
    {0x52aa, 0xe583b6},
    {0x1062, 0xe583b9},
    {0x52ab, 0xe583ba},
    {0xe18, 0xe583bb},
    {0x4add, 0xe583be},
    {0x651, 0xe58480},
    {0x4195, 0xe58483},
    {0x52f, 0xe58484},
    {0x4194, 0xe58486},
    {0x4ade, 0xe58487},
    {0x3808, 0xe58488},
    {0x1064, 0xe58489},
    {0x3809, 0xe5848b},
    {0x380a, 0xe58490},
    {0x920, 0xe58492},
    {0x1069, 0xe58494},
    {0x1068, 0xe58495},
    {0x1067, 0xe58496},
    {0x4390, 0xe58497},
    {0x102f, 0xe58498},
    {0x52ad, 0xe58499},
    {0x106a, 0xe5849a},
    {0x380b, 0xe5849b},
    {0x380c, 0xe5849e},
    {0x988, 0xe5849f},
    {0x106b, 0xe584a1},
    {0x52b0, 0xe584a3},
    {0xf0f, 0xe584aa},
    {0x52b5, 0xe584af},
    {0x52b6, 0xe584b1},
    {0xee5, 0xe584b2},
    {0x4ae2, 0xe584b3},
    {0x52b7, 0xe584b4},
    {0x4196, 0xe584b5},
    {0x106d, 0xe584b7},
    {0x4ae3, 0xe584b8},
    {0x52b8, 0xe584b9},
    {0x106c, 0xe584ba},
    {0x106f, 0xe584bb},
    {0x106e, 0xe584bc},
    {0x1070, 0xe584bf},
    {0x1071, 0xe58580},
    {0x4b8, 0xe58581},
    {0x52b9, 0xe58582},
    {0x769, 0xe58583},
    {0x711, 0xe58584},
    {0x946, 0xe58585},
    {0xbb9, 0xe58586},
    {0x69c, 0xe58587},
    {0xa8c, 0xe58588},
    {0x7ab, 0xe58589},
    {0x20c9, 0xe5858a},
    {0x800, 0xe5858b},
    {0x1073, 0xe5858c},
    {0xed4, 0xe5858d},
    {0xc40, 0xe5858e},
    {0x52ba, 0xe5858f},
    {0x8c7, 0xe58590},
    {0x1072, 0xe58592},
    {0x52bb, 0xe58593},
    {0x1074, 0xe58594},
    {0x4197, 0xe58595},
    {0x4198, 0xe58597},
    {0x52bc, 0xe58598},
    {0xc58, 0xe5859a},
    {0x5d3, 0xe5859c},
    {0x380d, 0xe5859f},
    {0x4392, 0xe585a0},
    {0x1075, 0xe585a2},
    {0x20ca, 0xe585a4},
    {0xcd6, 0xe585a5},
    {0x52bd, 0xe585a6},
    {0x368e, 0xe585a7},
    {0xab6, 0xe585a8},
    {0xd40, 0xe585ab},
    {0x7ac, 0xe585ac},
    {0xfe1, 0xe585ad},
    {0x1079, 0xe585ae},
    {0x69e, 0xe585b1},
    {0x4394, 0xe585b3},
    {0x4ae4, 0xe585b4},
    {0xe0c, 0xe585b5},
    {0xb16, 0xe585b6},
    {0x6e9, 0xe585b7},
    {0xc2f, 0xe585b8},
    {0x3779, 0xe585b9},
    {0x47d9, 0xe585bb},
    {0x749, 0xe585bc},
    {0x52be, 0xe585be},
    {0x107a, 0xe58680},
    {0x107b, 0xe58682},
    {0x4395, 0xe58683},
    {0x4ae5, 0xe58684},
    {0xcba, 0xe58685},
    {0x501, 0xe58686},
    {0x107e, 0xe58689},
    {0x86d, 0xe5868a},
    {0x4396, 0xe5868b},
    {0x107d, 0xe5868c},
    {0x836, 0xe5868d},
    {0x52bf, 0xe5868e},
    {0x107f, 0xe5868f},
    {0x185b, 0xe58690},
    {0x1080, 0xe58691},
    {0xe6f, 0xe58692},
    {0x1081, 0xe58693},
    {0x9d1, 0xe58697},
    {0x4398, 0xe58698},
    {0x8f8, 0xe58699},
    {0x20cb, 0xe5869d},
    {0x5e3, 0xe586a0},
    {0x380e, 0xe586a1},
    {0x1086, 0xe586a2},
    {0x4399, 0xe586a3},
    {0x1084, 0xe586a4},
    {0xec9, 0xe586a5},
    {0x1085, 0xe586a6},
    {0xdcc, 0xe586a8},
    {0xc59, 0xe586ac},
    {0x439a, 0xe586ad},
    {0x108d, 0xe586b0},
    {0x108a, 0xe586b3},
    {0x853, 0xe586b4},
    {0x108e, 0xe586b5},
    {0xef6, 0xe586b6},
    {0xfac, 0xe586b7},
    {0x4ae6, 0xe586b8},
    {0x4ae7, 0xe586ba},
    {0x380f, 0xe586bc},
    {0x108f, 0xe586bd},
    {0x20cc, 0xe586be},
    {0x52c0, 0xe586bf},
    {0x52c1, 0xe58782},
    {0x3c32, 0xe58783},
    {0xa4c, 0xe58784},
    {0x1090, 0xe58785},
    {0x964, 0xe58786},
    {0x4ae8, 0xe58788},
    {0x1091, 0xe58789},
    {0x419a, 0xe5878a},
    {0xbba, 0xe5878b},
    {0xf87, 0xe5878c},
    {0xc5a, 0xe5878d},
    {0x4ae9, 0xe5878f},
    {0x4aea, 0xe58791},
    {0x52c2, 0xe58792},
    {0x52c3, 0xe58795},
    {0x10da, 0xe58796},
    {0x4aed, 0xe58798},
    {0x1092, 0xe5879b},
    {0x205c, 0xe5879c},
    {0x6bd, 0xe5879d},
    {0x4f4c, 0xe5879e},
    {0x4aee, 0xe5879f},
    {0x1093, 0xe587a0},
    {0xe8c, 0xe587a1},
    {0x419b, 0xe587a2},
    {0x52c4, 0xe587a5},
    {0x972, 0xe587a6},
    {0xb5c, 0xe587a7},
    {0x1095, 0xe587a9},
    {0xcbc, 0xe587aa},
    {0x20cd, 0xe587ac},
    {0x1096, 0xe587ad},
    {0x3811, 0xe587ae},
    {0x1097, 0xe587b0},
    {0x58c, 0xe587b1},
    {0x52c5, 0xe587b2},
    {0x439d, 0xe587b3},
    {0x3812, 0xe587b4},
    {0x1098, 0xe587b5},
    {0x69f, 0xe587b6},
    {0x52c6, 0xe587b7},
    {0xca4, 0xe587b8},
    {0x51c, 0xe587b9},
    {0x95a, 0xe587ba},
    {0xd35, 0xe587bd},
    {0x1099, 0xe587be},
    {0xc5b, 0xe58880},
    {0xa15, 0xe58883},
    {0x109a, 0xe58884},
    {0x4aef, 0xe58885},
    {0xdfc, 0xe58886},
    {0xa7e, 0xe58887},
    {0x5de, 0xe58888},
    {0x5e5, 0xe5888a},
    {0x109b, 0xe5888b},
    {0x109d, 0xe5888e},
    {0x710, 0xe58891},
    {0x439e, 0xe58892},
    {0x3815, 0xe58893},
    {0x109c, 0xe58894},
    {0x20ce, 0xe58895},
    {0x439f, 0xe58896},
    {0xfbb, 0xe58897},
    {0x52c7, 0xe58898},
    {0x973, 0xe5889d},
    {0x52c8, 0xe588a2},
    {0xd51, 0xe588a4},
    {0xe1c, 0xe588a5},
    {0x4af0, 0xe588a6},
    {0x109e, 0xe588a7},
    {0x4af1, 0xe588a8},
    {0xf62, 0xe588a9},
    {0x109f, 0xe588aa},
    {0x4af2, 0xe588ab},
    {0x10a0, 0xe588ae},
    {0xc78, 0xe588b0},
    {0x10a1, 0xe588b3},
    {0x4af5, 0xe588b5},
    {0xa4d, 0xe588b6},
    {0x86e, 0xe588b7},
    {0x74a, 0xe588b8},
    {0x10a2, 0xe588b9},
    {0x897, 0xe588ba},
    {0x801, 0xe588bb},
    {0x4af6, 0xe588bc},
    {0xc02, 0xe58983},
    {0x10a4, 0xe58984},
    {0x52c9, 0xe58985},
    {0xb07, 0xe58987},
    {0x3816, 0xe58989},
    {0x85f, 0xe5898a},
    {0xab2, 0xe5898d},
    {0x10a3, 0xe5898f},
    {0x10a8, 0xe58994},
    {0x43a1, 0xe58995},
    {0xe64, 0xe58996},
    {0x419c, 0xe58997},
    {0x52ca, 0xe58998},
    {0x4af7, 0xe5899a},
    {0x7f6, 0xe5899b},
    {0x43a2, 0xe5899c},
    {0x1e5e, 0xe5899d},
    {0x10a7, 0xe5899e},
    {0x52cb, 0xe5899f},
    {0x4af8, 0xe589a0},
    {0x3817, 0xe589a1},
    {0x74b, 0xe589a3},
    {0x84e, 0xe589a4},
    {0xd23, 0xe589a5},
    {0x3818, 0xe589a6},
    {0x10ab, 0xe589a9},
    {0x10a9, 0xe589aa},
    {0x43a3, 0xe589ac},
    {0x4af9, 0xe589ae},
    {0xded, 0xe589af},
    {0x9d2, 0xe589b0},
    {0x10b2, 0xe589b1},
    {0x5c2, 0xe589b2},
    {0x10ac, 0xe589b3},
    {0x10aa, 0xe589b4},
    {0xad1, 0xe589b5},
    {0x43a4, 0xe589b7},
    {0x10ae, 0xe589bd},
    {0x10ad, 0xe589bf},
    {0x52cc, 0xe58a80},
    {0x43a6, 0xe58a82},
    {0x5a2, 0xe58a83},
    {0x43a5, 0xe58a84},
    {0x52cd, 0xe58a85},
    {0x736, 0xe58a87},
    {0x10b3, 0xe58a88},
    {0xf75, 0xe58a89},
    {0x4afc, 0xe58a8a},
    {0x4afd, 0xe58a8c},
    {0x10af, 0xe58a8d},
    {0x10b4, 0xe58a91},
    {0x10b1, 0xe58a92},
    {0x3819, 0xe58a93},
    {0x10b0, 0xe58a94},
    {0x43a8, 0xe58a98},
    {0x52d1, 0xe58a9a},
    {0xf97, 0xe58a9b},
    {0x20cf, 0xe58a9c},
    {0x7ad, 0xe58a9f},
    {0x543, 0xe58aa0},
    {0xfbc, 0xe58aa3},
    {0x43aa, 0xe58aa4},
    {0x52d2, 0xe58aa5},
    {0x20d0, 0xe58aa6},
    {0x52d3, 0xe58aa7},
    {0x97f, 0xe58aa9},
    {0xc52, 0xe58aaa},
    {0x7f7, 0xe58aab},
    {0x217d, 0xe58aaf},
    {0x52d4, 0xe58ab0},
    {0xfad, 0xe58ab1},
    {0xfd1, 0xe58ab4},
    {0x10ba, 0xe58ab5},
    {0x7ae, 0xe58ab9},
    {0x10b9, 0xe58abc},
    {0x52d8, 0xe58abd},
    {0x58d, 0xe58abe},
    {0x20d1, 0xe58b80},
    {0x10bb, 0xe58b81},
    {0xe84, 0xe58b83},
    {0x52d9, 0xe58b84},
    {0xbd8, 0xe58b85},
    {0x52da, 0xe58b86},
    {0xf10, 0xe58b87},
    {0x381a, 0xe58b88},
    {0xe29, 0xe58b89},
    {0x43ad, 0xe58b8a},
    {0x419d, 0xe58b8c},
    {0x10bc, 0xe58b8d},
    {0x52db, 0xe58b8f},
    {0x36e8, 0xe58b90},
    {0x43ae, 0xe58b91},
    {0x1bee, 0xe58b92},
    {0x52dc, 0xe58b94},
    {0xc88, 0xe58b95},
    {0x419e, 0xe58b96},
    {0x10bd, 0xe58b97},
    {0x5e6, 0xe58b98},
    {0xebf, 0xe58b99},
    {0x20d2, 0xe58b9b},
    {0x52dd, 0xe58b9c},
    {0x989, 0xe58b9d},
    {0x10be, 0xe58b9e},
    {0xe37, 0xe58b9f},
    {0x10c2, 0xe58ba0},
    {0x4afe, 0xe58ba1},
    {0xa4e, 0xe58ba2},
    {0x10bf, 0xe58ba3},
    {0x6c8, 0xe58ba4},
    {0x52de, 0xe58ba5},
    {0x10c0, 0xe58ba6},
    {0x5e7, 0xe58ba7},
    {0x52df, 0xe58ba8},
    {0x4aff, 0xe58ba9},
    {0x52e0, 0xe58baa},
    {0x52e1, 0xe58bac},
    {0x381b, 0xe58bb0},
    {0x4b00, 0xe58bb1},
    {0x704, 0xe58bb2},
    {0x10c3, 0xe58bb3},
    {0x52e2, 0xe58bb4},
    {0x10c4, 0xe58bb5},
    {0x52e3, 0xe58bb6},
    {0x43b0, 0xe58bb7},
    {0x907, 0xe58bba},
    {0x419f, 0xe58bbb},
    {0x7af, 0xe58bbe},
    {0xeea, 0xe58bbf},
    {0x20d3, 0xe58c80},
    {0xef4, 0xe58c81},
    {0xccf, 0xe58c82},
    {0x4b01, 0xe58c83},
    {0xe41, 0xe58c85},
    {0x10c7, 0xe58c86},
    {0x4f4d, 0xe58c87},
    {0x10c8, 0xe58c88},
    {0x52e4, 0xe58c8c},
    {0x10ca, 0xe58c8d},
    {0x10cc, 0xe58c8f},
    {0x10cb, 0xe58c90},
    {0x4b02, 0xe58c91},
    {0x52e5, 0xe58c93},
    {0x10cd, 0xe58c95},
    {0x53d, 0xe58c96},
    {0xe7a, 0xe58c97},
    {0x52e6, 0xe58c98},
    {0x86c, 0xe58c99},
    {0x10ce, 0xe58c9a},
    {0x52e7, 0xe58c9b},
    {0x41a0, 0xe58c9c},
    {0xadb, 0xe58c9d},
    {0x52e8, 0xe58c9e},
    {0x4b03, 0xe58c9f},
    {0x98a, 0xe58ca0},
    {0x6a1, 0xe58ca1},
    {0x10cf, 0xe58ca3},
    {0x20d5, 0xe58ca4},
    {0x52e9, 0xe58ca5},
    {0xd6f, 0xe58caa},
    {0x4b04, 0xe58cad},
    {0x10d0, 0xe58caf},
    {0x52ef, 0xe58cb0},
    {0x10d1, 0xe58cb1},
    {0x4b05, 0xe58cb2},
    {0x10d2, 0xe58cb3},
    {0x43b1, 0xe58cb5},
    {0x10d3, 0xe58cb8},
    {0xd96, 0xe58cb9},
    {0x6e0, 0xe58cba},
    {0x4a9, 0xe58cbb},
    {0x52f0, 0xe58cbc},
    {0x4b06, 0xe58cbd},
    {0x381e, 0xe58cbe},
    {0xc97, 0xe58cbf},
    {0x10d4, 0xe58d80},
    {0x947, 0xe58d81},
    {0x43b2, 0xe58d82},
    {0xa8d, 0xe58d83},
    {0x10d6, 0xe58d85},
    {0x10d5, 0xe58d86},
    {0x98b, 0xe58d87},
    {0x795, 0xe58d88},
    {0x10d8, 0xe58d89},
    {0xd52, 0xe58d8a},
    {0x3820, 0xe58d8b},
    {0x381f, 0xe58d8c},
    {0x10d9, 0xe58d8d},
    {0xd70, 0xe58d91},
    {0xb14, 0xe58d92},
    {0xb4e, 0xe58d93},
    {0x6a0, 0xe58d94},
    {0xcc6, 0xe58d97},
    {0xb6f, 0xe58d98},
    {0x52f1, 0xe58d99},
    {0xd24, 0xe58d9a},
    {0x52f2, 0xe58d9b},
    {0xe7c, 0xe58d9c},
    {0x10db, 0xe58d9e},
    {0xa8e, 0xe58da0},
    {0x3821, 0xe58da1},
    {0x41a1, 0xe58da3},
    {0x4b07, 0xe58da5},
    {0x70b, 0xe58da6},
    {0x43b5, 0xe58da7},
    {0x10dc, 0xe58da9},
    {0x3822, 0xe58dac},
    {0x4b08, 0xe58dad},
    {0x10dd, 0xe58dae},
    {0x4ce, 0xe58daf},
    {0x4b9, 0xe58db0},
    {0x629, 0xe58db1},
    {0x20d6, 0xe58db2},
    {0xb08, 0xe58db3},
    {0x66b, 0xe58db4},
    {0xf5b, 0xe58db5},
    {0x10e0, 0xe58db7},
    {0x537, 0xe58db8},
    {0x4b09, 0xe58db9},
    {0x43b6, 0xe58dba},
    {0x10df, 0xe58dbb},
    {0x3435, 0xe58dbd},
    {0x4b0a, 0xe58dbe},
    {0x6a2, 0xe58dbf},
    {0x10e1, 0xe58e82},
    {0x52f4, 0xe58e83},
    {0xefd, 0xe58e84},
    {0x37d0, 0xe58e89},
    {0x52f7, 0xe58e8e},
    {0x20d7, 0xe58e93},
    {0x4b0b, 0xe58e94},
    {0x10e2, 0xe58e96},
    {0xf9a, 0xe58e98},
    {0x4b0c, 0xe58e99},
    {0x7b0, 0xe58e9a},
    {0x41a2, 0xe58e9d},
    {0x76a, 0xe58e9f},
    {0x10e3, 0xe58ea0},
    {0x52f8, 0xe58ea1},
    {0x43b7, 0xe58ea4},
    {0x10e5, 0xe58ea5},
    {0x10e4, 0xe58ea6},
    {0xa25, 0xe58ea8},
    {0x4db, 0xe58ea9},
    {0x4b0d, 0xe58eaa},
    {0x3823, 0xe58eab},
    {0x500, 0xe58ead},
    {0x10e6, 0xe58eae},
    {0x4b0e, 0xe58eaf},
    {0x10e7, 0xe58eb0},
    {0x20d8, 0xe58eb2},
    {0x76b, 0xe58eb3},
    {0x43b8, 0xe58eb4},
    {0x52f9, 0xe58eb5},
    {0x10e8, 0xe58eb6},
    {0x43ba, 0xe58eb7},
    {0x52fa, 0xe58eb8},
    {0x4b0f, 0xe58eba},
    {0x688, 0xe58ebb},
    {0x52fb, 0xe58ebd},
    {0x43bb, 0xe58f80},
    {0x4b10, 0xe58f81},
    {0x880, 0xe58f82},
    {0x10e9, 0xe58f83},
    {0xea2, 0xe58f88},
    {0x825, 0xe58f89},
    {0x674, 0xe58f8a},
    {0xf11, 0xe58f8b},
    {0xad2, 0xe58f8c},
    {0xd53, 0xe58f8d},
    {0x929, 0xe58f8e},
    {0x52fc, 0xe58f8f},
    {0x951, 0xe58f94},
    {0x43bf, 0xe58f95},
    {0x914, 0xe58f96},
    {0x921, 0xe58f97},
    {0x980, 0xe58f99},
    {0x3824, 0xe58f9a},
    {0xd54, 0xe58f9b},
    {0x20d9, 0xe58f9d},
    {0x52ff, 0xe58f9e},
    {0x10ec, 0xe58f9f},
    {0x4b13, 0xe58fa0},
    {0x4e5, 0xe58fa1},
    {0xad3, 0xe58fa2},
    {0x7b1, 0xe58fa3},
    {0x779, 0xe58fa4},
    {0x6df, 0xe58fa5},
    {0x3825, 0xe58fa6},
    {0x5301, 0xe58fa7},
    {0x10f0, 0xe58fa8},
    {0xb5f, 0xe58fa9},
    {0xb5e, 0xe58faa},
    {0x6a3, 0xe58fab},
    {0x98c, 0xe58fac},
    {0x10f1, 0xe58fad},
    {0x10ef, 0xe58fae},
    {0x544, 0xe58faf},
    {0xb46, 0xe58fb0},
    {0x8e4, 0xe58fb1},
    {0x899, 0xe58fb2},
    {0x4c8, 0xe58fb3},
    {0x43c1, 0xe58fb4},
    {0x3826, 0xe58fb5},
    {0x5ce, 0xe58fb6},
    {0x7f8, 0xe58fb7},
    {0x898, 0xe58fb8},
    {0x10f2, 0xe58fba},
    {0x10f3, 0xe59081},
    {0x5302, 0xe59082},
    {0x663, 0xe59083},
    {0x5a4, 0xe59084},
    {0x7f9, 0xe59088},
    {0x662, 0xe59089},
    {0xbfb, 0xe5908a},
    {0x4c7, 0xe5908b},
    {0xc89, 0xe5908c},
    {0xeca, 0xe5908d},
    {0x7b3, 0xe5908e},
    {0xf63, 0xe5908f},
    {0xc41, 0xe59090},
    {0x7b2, 0xe59091},
    {0x41a3, 0xe59092},
    {0x4b14, 0xe59093},
    {0x5303, 0xe5909a},
    {0x705, 0xe5909b},
    {0x10fc, 0xe5909d},
    {0x368c, 0xe5909e},
    {0x6db, 0xe5909f},
    {0xe78, 0xe590a0},
    {0x5304, 0xe590a1},
    {0x43c2, 0xe590a4},
    {0xd71, 0xe590a6},
    {0x3827, 0xe590a7},
    {0x43c3, 0xe590a8},
    {0x10fb, 0xe590a9},
    {0x4b15, 0xe590aa},
    {0x61a, 0xe590ab},
    {0x10f9, 0xe590ae},
    {0x5305, 0xe590af},
    {0x4b16, 0xe590b1},
    {0x35c0, 0xe590b3},
    {0x10fa, 0xe590b6},
    {0x675, 0xe590b8},
    {0xa27, 0xe590b9},
    {0xdfd, 0xe590bb},
    {0x10f8, 0xe590bc},
    {0x10f4, 0xe590bd},
    {0x797, 0xe590be},
    {0x35cf, 0xe590bf},
    {0x10f5, 0xe59180},
    {0xfca, 0xe59182},
    {0x43c5, 0xe59183},
    {0x5306, 0xe59184},
    {0xe42, 0xe59186},
    {0x5307, 0xe59187},
    {0xc04, 0xe59188},
    {0x796, 0xe59189},
    {0x802, 0xe5918a},
    {0x4b19, 0xe5918c},
    {0x3828, 0xe5918d},
    {0x10fd, 0xe5918e},
    {0x5308, 0xe5918f},
    {0xcb5, 0xe59191},
    {0x3723, 0xe59195},
    {0x5309, 0xe5919e},
    {0x1101, 0xe5919f},
    {0x43c6, 0xe591a2},
    {0x530a, 0xe591a4},
    {0x3829, 0xe591a6},
    {0x530b, 0xe591a7},
    {0x92a, 0xe591a8},
    {0x530c, 0xe591a9},
    {0x922, 0xe591aa},
    {0x382a, 0xe591ab},
    {0x43c7, 0xe591ac},
    {0x1104, 0xe591b0},
    {0x1102, 0xe591b1},
    {0xeaf, 0xe591b3},
    {0x382b, 0xe591b4},
    {0x10ff, 0xe591b5},
    {0x1108, 0xe591b6},
    {0x1103, 0xe591b7},
    {0x1106, 0xe591bb},
    {0x77a, 0xe591bc},
    {0xecb, 0xe591bd},
    {0x41a4, 0xe591bf},
    {0x1107, 0xe59280},
    {0x530f, 0xe59281},
    {0x5310, 0xe59283},
    {0x1109, 0xe59284},
    {0x5311, 0xe59285},
    {0x110b, 0xe59286},
    {0x41a5, 0xe59288},
    {0x5312, 0xe59289},
    {0x20dc, 0xe5928a},
    {0x860, 0xe5928b},
    {0xfe8, 0xe5928c},
    {0x382c, 0xe5928d},
    {0x1100, 0xe5928e},
    {0x10fe, 0xe5928f},
    {0x110a, 0xe59290},
    {0x5313, 0xe59291},
    {0x1105, 0xe59292},
    {0x43c8, 0xe59295},
    {0x382d, 0xe59296},
    {0x20db, 0xe5929c},
    {0x5314, 0xe5929f},
    {0x43c9, 0xe592a0},
    {0x382e, 0xe592a1},
    {0x110d, 0xe592a2},
    {0x1116, 0xe592a4},
    {0x110f, 0xe592a5},
    {0x43ca, 0xe592a6},
    {0x4b1a, 0xe592a7},
    {0x1113, 0xe592a8},
    {0x20dd, 0xe592a9},
    {0x4b1b, 0xe592aa},
    {0x1114, 0xe592ab},
    {0x1110, 0xe592ac},
    {0x382f, 0xe592ad},
    {0x43cb, 0xe592ae},
    {0x1131, 0xe592af},
    {0x4b1c, 0xe592b1},
    {0x859, 0xe592b2},
    {0x58f, 0xe592b3},
    {0x43cc, 0xe592b7},
    {0x110e, 0xe592b8},
    {0x3830, 0xe592b9},
    {0x43cd, 0xe592ba},
    {0x4b1d, 0xe592bb},
    {0x1118, 0xe592bc},
    {0x4ba, 0xe592bd},
    {0x1117, 0xe592be},
    {0x3831, 0xe592bf},
    {0x469, 0xe59380},
    {0xdbc, 0xe59381},
    {0x1115, 0xe59382},
    {0x43ce, 0xe59383},
    {0x1111, 0xe59384},
    {0x3832, 0xe59386},
    {0x110c, 0xe59387},
    {0x1112, 0xe59388},
    {0x838, 0xe59389},
    {0x5315, 0xe5938a},
    {0x3833, 0xe5938d},
    {0x4b1e, 0xe5938e},
    {0x1119, 0xe59398},
    {0x5316, 0xe593a0},
    {0x4bb, 0xe593a1},
    {0x1122, 0xe593a2},
    {0x98d, 0xe593a8},
    {0xe97, 0xe593a9},
    {0x4b1f, 0xe593aa},
    {0x43d0, 0xe593ac},
    {0x1120, 0xe593ad},
    {0x111f, 0xe593ae},
    {0x43d1, 0xe593af},
    {0x43d2, 0xe593b1},
    {0xc29, 0xe593b2},
    {0x43d3, 0xe593b3},
    {0x5317, 0xe593b6},
    {0x1121, 0xe593ba},
    {0x4b20, 0xe593bc},
    {0x111e, 0xe593bd},
    {0x5318, 0xe593be},
    {0x20de, 0xe593bf},
    {0x4d6, 0xe59484},
    {0x4b21, 0xe59485},
    {0x826, 0xe59486},
    {0x9f6, 0xe59487},
    {0x4b22, 0xe59488},
    {0x43d6, 0xe59489},
    {0x3834, 0xe5948e},
    {0x111c, 0xe5948f},
    {0xc5c, 0xe59490},
    {0x111d, 0xe59494},
    {0x4b23, 0xe59495},
    {0x466, 0xe59496},
    {0x4b24, 0xe594a7},
    {0x4b25, 0xe594aa},
    {0x3835, 0xe594ab},
    {0x1127, 0xe594ae},
    {0xf0d, 0xe594af},
    {0x98f, 0xe594b1},
    {0x531b, 0xe594b2},
    {0x112d, 0xe594b3},
    {0x3836, 0xe594b5},
    {0x4b26, 0xe594b6},
    {0x112c, 0xe594b8},
    {0x1123, 0xe594b9},
    {0x531c, 0xe594bb},
    {0x43d7, 0xe594bc},
    {0x531d, 0xe594bd},
    {0xb23, 0xe594be},
    {0x1124, 0xe59580},
    {0x43d8, 0xe59581},
    {0xb4f, 0xe59584},
    {0x1129, 0xe59585},
    {0x98e, 0xe59586},
    {0x43da, 0xe59587},
    {0x531e, 0xe59589},
    {0x3837, 0xe5958a},
    {0x1126, 0xe5958c},
    {0x531f, 0xe5958d},
    {0xef0, 0xe5958f},
    {0x41a6, 0xe59590},
    {0x4b27, 0xe59591},
    {0x712, 0xe59593},
    {0x5320, 0xe59598},
    {0x1128, 0xe5959c},
    {0x112e, 0xe5959d},
    {0x1dd1, 0xe5959e},
    {0x3838, 0xe595a0},
    {0x4f54, 0xe595a1},
    {0x1125, 0xe595a3},
    {0x43dc, 0xe595a4},
    {0x4b28, 0xe595a6},
    {0x1134, 0xe595bb},
    {0x1139, 0xe595bc},
    {0x43de, 0xe595bd},
    {0x1135, 0xe595be},
    {0x5323, 0xe595bf},
    {0x1130, 0xe59680},
    {0x41a7, 0xe59681},
    {0x43df, 0xe59682},
    {0x113a, 0xe59683},
    {0xab3, 0xe59684},
    {0x20df, 0xe59686},
    {0x113c, 0xe59687},
    {0x383a, 0xe59688},
    {0x7b4, 0xe59689},
    {0x1132, 0xe5968a},
    {0xbbb, 0xe5968b},
    {0x383b, 0xe5968e},
    {0x4b29, 0xe5968f},
    {0x43e0, 0xe59691},
    {0x4b2a, 0xe59692},
    {0x5324, 0xe59693},
    {0x4b2b, 0xe59694},
    {0x5325, 0xe59697},
    {0x1136, 0xe59698},
    {0x112f, 0xe59699},
    {0x5e9, 0xe5969a},
    {0x62a, 0xe5969c},
    {0x5c3, 0xe5969d},
    {0x1137, 0xe5969e},
    {0x1133, 0xe5969f},
    {0x5326, 0xe596a3},
    {0x4b2c, 0xe596a4},
    {0x74c, 0xe596a7},
    {0x113d, 0xe596a8},
    {0x113b, 0xe596a9},
    {0xad5, 0xe596aa},
    {0x664, 0xe596ab},
    {0x6a4, 0xe596ac},
    {0x41a8, 0xe596ad},
    {0x1138, 0xe596ae},
    {0x6ec, 0xe596b0},
    {0x4b2d, 0xe596b2},
    {0x4e6, 0xe596b6},
    {0x43e5, 0xe596bf},
    {0x5327, 0xe59781},
    {0x4b2e, 0xe59783},
    {0x1141, 0xe59784},
    {0x113f, 0xe59785},
    {0x4b2f, 0xe59786},
    {0x1178, 0xe59787},
    {0x43e6, 0xe59789},
    {0x5328, 0xe5978b},
    {0x43e7, 0xe5978c},
    {0x41a9, 0xe5978e},
    {0x43e8, 0xe59791},
    {0x43e2, 0xe59792},
    {0x4b30, 0xe59793},
    {0x1144, 0xe59794},
    {0x113e, 0xe5979a},
    {0x4b31, 0xe5979b},
    {0x1142, 0xe5979c},
    {0x43e9, 0xe5979d},
    {0x532b, 0xe5979e},
    {0x1140, 0xe5979f},
    {0x43eb, 0xe597a2},
    {0x89a, 0xe597a3},
    {0x1143, 0xe597a4},
    {0x43ed, 0xe597a9},
    {0x4b32, 0xe597ac},
    {0x4b33, 0xe597ae},
    {0x4b34, 0xe597b1},
    {0x4b35, 0xe597b6},
    {0x1146, 0xe597b7},
    {0x4b36, 0xe597b8},
    {0x114b, 0xe597b9},
    {0x1149, 0xe597bd},
    {0x1148, 0xe597be},
    {0x532c, 0xe597bf},
    {0x4b37, 0xe59885},
    {0xb70, 0xe59886},
    {0x43f0, 0xe59887},
    {0x383c, 0xe59888},
    {0x545, 0xe59889},
    {0x532e, 0xe5988a},
    {0x4b38, 0xe5988d},
    {0x43f1, 0xe59890},
    {0x1145, 0xe59894},
    {0x1147, 0xe59896},
    {0x990, 0xe59897},
    {0x4d5, 0xe59898},
    {0x532f, 0xe59899},
    {0x114a, 0xe5989b},
    {0x3c1d, 0xe598a0},
    {0x43ee, 0xe598a8},
    {0x55e, 0xe598a9},
    {0x4b3b, 0xe598ac},
    {0x1155, 0xe598af},
    {0x43f2, 0xe598b0},
    {0x9e4, 0xe598b1},
    {0x1151, 0xe598b2},
    {0x5330, 0xe598b3},
    {0x114f, 0xe598b4},
    {0x4b3c, 0xe598b5},
    {0x1150, 0xe598b6},
    {0x383f, 0xe598b7},
    {0x1152, 0xe598b8},
    {0x4b3d, 0xe598b9},
    {0x41aa, 0xe598bb},
    {0x5331, 0xe598bc},
    {0x43f4, 0xe598bd},
    {0x3840, 0xe598bf},
    {0x43f5, 0xe59980},
    {0x5332, 0xe59981},
    {0x4df, 0xe59982},
    {0x5335, 0xe59986},
    {0x43f6, 0xe59987},
    {0x3841, 0xe59989},
    {0x3842, 0xe5998b},
    {0xabb, 0xe5998c},
    {0x4b3e, 0xe5998d},
    {0x114c, 0xe5998e},
    {0x3843, 0xe5998f},
    {0x114d, 0xe59990},
    {0x1f1b, 0xe59993},
    {0x4b3f, 0xe59994},
    {0x5d8, 0xe5999b},
    {0x43f7, 0xe5999e},
    {0x43f8, 0xe599a0},
    {0x1154, 0xe599a4},
    {0x3844, 0xe599a6},
    {0x62b, 0xe599a8},
    {0x3845, 0xe599a9},
    {0x1157, 0xe599aa},
    {0x1153, 0xe599ab},
    {0x1156, 0xe599ac},
    {0x43f9, 0xe599ad},
    {0x3846, 0xe599af},
    {0xdfe, 0xe599b4},
    {0x5339, 0xe599b5},
    {0x3c33, 0xe599b6},
    {0xcad, 0xe599b8},
    {0xd4c, 0xe599ba},
    {0x1159, 0xe59a80},
    {0x533a, 0xe59a84},
    {0x4b40, 0xe59a85},
    {0x1158, 0xe59a86},
    {0x5a3, 0xe59a87},
    {0x43fb, 0xe59a88},
    {0x115a, 0xe59a8a},
    {0x533b, 0xe59a8b},
    {0x43fc, 0xe59a8c},
    {0x115d, 0xe59a8f},
    {0x115c, 0xe59a94},
    {0x3849, 0xe59a95},
    {0x1de6, 0xe59a99},
    {0x384a, 0xe59a9a},
    {0x43fd, 0xe59a9d},
    {0x41ab, 0xe59a9e},
    {0x4b41, 0xe59a9f},
    {0x115b, 0xe59aa0},
    {0xcef, 0xe59aa2},
    {0x115e, 0xe59aa5},
    {0x4b42, 0xe59aa6},
    {0x533c, 0xe59aa7},
    {0x43fe, 0xe59aa8},
    {0x41ac, 0xe59aa9},
    {0x533d, 0xe59aab},
    {0x115f, 0xe59aae},
    {0x384d, 0xe59ab1},
    {0x43ff, 0xe59ab2},
    {0x41ad, 0xe59ab3},
    {0x1161, 0xe59ab4},
    {0x1160, 0xe59ab6},
    {0x4b43, 0xe59ab7},
    {0x1163, 0xe59abc},
    {0x533e, 0xe59abe},
    {0x1166, 0xe59b80},
    {0x1164, 0xe59b81},
    {0x1162, 0xe59b82},
    {0x1165, 0xe59b83},
    {0x4400, 0xe59b85},
    {0x1167, 0xe59b88},
    {0x384e, 0xe59b89},
    {0x1e5a, 0xe59b8a},
    {0x533f, 0xe59b8b},
    {0x4b44, 0xe59b8c},
    {0x4401, 0xe59b8d},
    {0x1168, 0xe59b8e},
    {0x4b45, 0xe59b8f},
    {0x5340, 0xe59b90},
    {0x1169, 0xe59b91},
    {0x116a, 0xe59b93},
    {0x116b, 0xe59b97},
    {0x107c, 0xe59b98},
    {0x4b46, 0xe59b99},
    {0x928, 0xe59b9a},
    {0x89b, 0xe59b9b},
    {0x5341, 0xe59b9c},
    {0x384f, 0xe59b9d},
    {0x573, 0xe59b9e},
    {0x4402, 0xe59b9f},
    {0x4bc, 0xe59ba0},
    {0x4b47, 0xe59ba1},
    {0xb82, 0xe59ba3},
    {0x3850, 0xe59ba4},
    {0x4403, 0xe59ba8},
    {0x4b48, 0xe59bab},
    {0x4b49, 0xe59bad},
    {0x116c, 0xe59bae},
    {0x814, 0xe59bb0},
    {0x4b4a, 0xe59bb1},
    {0x493, 0xe59bb2},
    {0xa24, 0xe59bb3},
    {0x116d, 0xe59bb9},
    {0x77b, 0xe59bba},
    {0x803, 0xe59bbd},
    {0x116f, 0xe59bbf},
    {0x116e, 0xe59c80},
    {0xe30, 0xe59c83},
    {0x1170, 0xe59c84},
    {0x4b4b, 0xe59c87},
    {0x1172, 0xe59c88},
    {0x1171, 0xe59c89},
    {0x3851, 0xe59c8a},
    {0x1173, 0xe59c8b},
    {0x4b4c, 0xe59c8c},
    {0x1174, 0xe59c8d},
    {0x74d, 0xe59c8f},
    {0x5347, 0xe59c91},
    {0x502, 0xe59c92},
    {0x1175, 0xe59c93},
    {0x3852, 0xe59c95},
    {0x1177, 0xe59c96},
    {0x1176, 0xe59c98},
    {0x1179, 0xe59c9c},
    {0x4b4f, 0xe59c9d},
    {0xc54, 0xe59c9f},
    {0x5348, 0xe59ca0},
    {0x3680, 0xe59ca1},
    {0x5349, 0xe59ca2},
    {0x3853, 0xe59ca3},
    {0x117a, 0xe59ca6},
    {0x479, 0xe59ca7},
    {0x84f, 0xe59ca8},
    {0x4408, 0xe59ca9},
    {0x534c, 0xe59caa},
    {0x4b50, 0xe59cac},
    {0x713, 0xe59cad},
    {0x4b51, 0xe59cae},
    {0x3854, 0xe59caf},
    {0xb8d, 0xe59cb0},
    {0x117e, 0xe59cbb},
    {0x534d, 0xe59cbf},
    {0x117f, 0xe59d80},
    {0x854, 0xe59d82},
    {0x6c9, 0xe59d87},
    {0xe65, 0xe59d8a},
    {0x3857, 0xe59d8c},
    {0x440c, 0xe59d8d},
    {0x117d, 0xe59d8e},
    {0x1180, 0xe59d8f},
    {0x831, 0xe59d90},
    {0x7b5, 0xe59d91},
    {0x534e, 0xe59d92},
    {0x20e0, 0xe59d99},
    {0x4b54, 0xe59d9f},
    {0x1184, 0xe59da1},
    {0x534f, 0xe59da2},
    {0x815, 0xe59da4},
    {0x20e1, 0xe59da5},
    {0xb71, 0xe59da6},
    {0x5350, 0xe59da7},
    {0x440e, 0xe59da8},
    {0x1181, 0xe59da9},
    {0xbf6, 0xe59daa},
    {0x4b55, 0xe59dab},
    {0x4b56, 0xe59dad},
    {0x5351, 0xe59dae},
    {0x440f, 0xe59daf},
    {0x3858, 0xe59db0},
    {0x5352, 0xe59db1},
    {0x41ae, 0xe59db7},
    {0x5353, 0xe59db9},
    {0x4b57, 0xe59dba},
    {0x4413, 0xe59dbb},
    {0x41af, 0xe59dbc},
    {0x5354, 0xe59dbe},
    {0x1185, 0xe59dbf},
    {0x5355, 0xe59e81},
    {0xa28, 0xe59e82},
    {0x4b58, 0xe59e83},
    {0x1183, 0xe59e88},
    {0x1186, 0xe59e89},
    {0x715, 0xe59e8b},
    {0x3859, 0xe59e8c},
    {0x1187, 0xe59e93},
    {0x5356, 0xe59e94},
    {0x535a, 0xe59e95},
    {0x4b59, 0xe59e97},
    {0x5357, 0xe59e99},
    {0x4416, 0xe59e9a},
    {0x385a, 0xe59e9c},
    {0x5358, 0xe59e9f},
    {0x1188, 0xe59ea0},
    {0x5359, 0xe59ea1},
    {0x7b6, 0xe59ea2},
    {0x59e, 0xe59ea3},
    {0x118a, 0xe59ea4},
    {0x535b, 0xe59ea7},
    {0x4419, 0xe59ea8},
    {0x535c, 0xe59ea9},
    {0x118b, 0xe59eaa},
    {0x20e2, 0xe59eac},
    {0x4b5a, 0xe59eae},
    {0x118c, 0xe59eb0},
    {0x1189, 0xe59eb3},
    {0x385b, 0xe59eb8},
    {0x535d, 0xe59ebd},
    {0x1182, 0xe59f80},
    {0x118d, 0xe59f83},
    {0x118e, 0xe59f86},
    {0x20e4, 0xe59f87},
    {0x20e3, 0xe59f88},
    {0xe92, 0xe59f8b},
    {0x441c, 0xe59f8c},
    {0x9d3, 0xe59f8e},
    {0x41b1, 0xe59f8f},
    {0x118f, 0xe59f94},
    {0x4b5b, 0xe59f95},
    {0x1193, 0xe59f96},
    {0x441a, 0xe59f97},
    {0xcee, 0xe59f9c},
    {0x535e, 0xe59f9d},
    {0x441f, 0xe59f9e},
    {0x4ac, 0xe59f9f},
    {0xdc8, 0xe59fa0},
    {0x5363, 0xe59fa1},
    {0x1194, 0xe59fa3},
    {0x41b2, 0xe59fa4},
    {0x385c, 0xe59fa6},
    {0x4b5c, 0xe59fa7},
    {0x535f, 0xe59fa9},
    {0x385d, 0xe59fad},
    {0x4420, 0xe59fb0},
    {0x9e5, 0xe59fb4},
    {0x8e5, 0xe59fb7},
    {0x4422, 0xe59fb8},
    {0xd13, 0xe59fb9},
    {0x62c, 0xe59fba},
    {0x4423, 0xe59fbb},
    {0x85b, 0xe59fbc},
    {0x4424, 0xe59fbd},
    {0x5360, 0xe59fbe},
    {0x3860, 0xe59fbf},
    {0xe87, 0xe5a080},
    {0xc8a, 0xe5a082},
    {0x5361, 0xe5a083},
    {0x4425, 0xe5a084},
    {0x74e, 0xe5a085},
    {0xb2f, 0xe5a086},
    {0x5362, 0xe5a088},
    {0x3861, 0xe5a089},
    {0x1192, 0xe5a08a},
    {0x1195, 0xe5a08b},
    {0x5364, 0xe5a08c},
    {0x4b5d, 0xe5a08d},
    {0xb24, 0xe5a095},
    {0x1196, 0xe5a099},
    {0x5365, 0xe5a09b},
    {0x1197, 0xe5a09d},
    {0x4426, 0xe5a09e},
    {0x5366, 0xe5a09f},
    {0x3862, 0xe5a0a0},
    {0x1199, 0xe5a0a1},
    {0xc05, 0xe5a0a4},
    {0x4b5e, 0xe5a0a6},
    {0x4427, 0xe5a0a7},
    {0x5ea, 0xe5a0aa},
    {0x5367, 0xe5a0ad},
    {0x1d32, 0xe5a0af},
    {0x503, 0xe5a0b0},
    {0xe43, 0xe5a0b1},
    {0x3863, 0xe5a0b2},
    {0x9d4, 0xe5a0b4},
    {0xc42, 0xe5a0b5},
    {0x4428, 0xe5a0b9},
    {0x856, 0xe5a0ba},
    {0x119f, 0xe5a0bd},
    {0x5368, 0xe5a0bf},
    {0xe0d, 0xe5a180},
    {0xfa5, 0xe5a181},
    {0x442a, 0xe5a189},
    {0x574, 0xe5a18a},
    {0x119b, 0xe5a18b},
    {0x442b, 0xe5a18c},
    {0x4b5f, 0xe5a18d},
    {0x4b60, 0xe5a18f},
    {0x5369, 0xe5a190},
    {0xabc, 0xe5a191},
    {0x119e, 0xe5a192},
    {0xc5d, 0xe5a194},
    {0x536a, 0xe5a195},
    {0xc43, 0xe5a197},
    {0xc5e, 0xe5a198},
    {0xd4d, 0xe5a199},
    {0xbe9, 0xe5a19a},
    {0x839, 0xe5a19e},
    {0x4b61, 0xe5a19f},
    {0x1e47, 0xe5a1a1},
    {0x119a, 0xe5a1a2},
    {0x41b3, 0xe5a1a4},
    {0x442c, 0xe5a1a7},
    {0x536b, 0xe5a1a8},
    {0x518, 0xe5a1a9},
    {0xc30, 0xe5a1ab},
    {0x4b62, 0xe5a1ad},
    {0x119c, 0xe5a1b0},
    {0x1198, 0xe5a1b2},
    {0xa16, 0xe5a1b5},
    {0x536c, 0xe5a1b8},
    {0x11a0, 0xe5a1b9},
    {0x3864, 0xe5a1bc},
    {0x958, 0xe5a1be},
    {0x4b63, 0xe5a1bf},
    {0x3865, 0xe5a280},
    {0x4b64, 0xe5a281},
    {0x6a5, 0xe5a283},
    {0x11a1, 0xe5a285},
    {0x41b4, 0xe5a289},
    {0x536f, 0xe5a28c},
    {0x442f, 0xe5a28d},
    {0xe38, 0xe5a293},
    {0x4432, 0xe5a294},
    {0x5370, 0xe5a296},
    {0xaff, 0xe5a297},
    {0x4b65, 0xe5a298},
    {0xbe2, 0xe5a29c},
    {0x4433, 0xe5a29d},
    {0x20e7, 0xe5a29e},
    {0x11a3, 0xe5a29f},
    {0x5374, 0xe5a2a6},
    {0xe7d, 0xe5a2a8},
    {0x3866, 0xe5a2a9},
    {0x4434, 0xe5a2aa},
    {0x11a4, 0xe5a2ab},
    {0x11a9, 0xe5a2ae},
    {0x4435, 0xe5a2b1},
    {0x20e8, 0xe5a2b2},
    {0xdff, 0xe5a2b3},
    {0x11a8, 0xe5a2b8},
    {0x11a2, 0xe5a2b9},
    {0x11a5, 0xe5a2ba},
    {0x11a7, 0xe5a2bb},
    {0x4b66, 0xe5a2bc},
    {0x816, 0xe5a2be},
    {0xe19, 0xe5a381},
    {0x5376, 0xe5a382},
    {0x4437, 0xe5a383},
    {0x5375, 0xe5a384},
    {0x11aa, 0xe5a385},
    {0xb83, 0xe5a387},
    {0x5377, 0xe5a388},
    {0x575, 0xe5a38a},
    {0x9d5, 0xe5a38c},
    {0x4438, 0xe5a38d},
    {0x3867, 0xe5a38e},
    {0x3868, 0xe5a390},
    {0x11ac, 0xe5a391},
    {0x41b6, 0xe5a392},
    {0x11ab, 0xe5a393},
    {0x3869, 0xe5a394},
    {0x7fa, 0xe5a395},
    {0x5378, 0xe5a396},
    {0x11ad, 0xe5a397},
    {0x11af, 0xe5a398},
    {0x11ae, 0xe5a399},
    {0x386a, 0xe5a39a},
    {0x11b1, 0xe5a39c},
    {0x5379, 0xe5a39d},
    {0x11a6, 0xe5a39e},
    {0x11b3, 0xe5a39f},
    {0x41b7, 0xe5a3a0},
    {0x537a, 0xe5a3a1},
    {0x4439, 0xe5a3a2},
    {0x11b2, 0xe5a3a4},
    {0x11b0, 0xe5a3a5},
    {0x386b, 0xe5a3a9},
    {0x89c, 0xe5a3ab},
    {0xa17, 0xe5a3ac},
    {0xad6, 0xe5a3ae},
    {0x11b4, 0xe5a3af},
    {0xa60, 0xe5a3b0},
    {0x4b1, 0xe5a3b1},
    {0xd1a, 0xe5a3b2},
    {0xbf7, 0xe5a3b7},
    {0x11b6, 0xe5a3b9},
    {0x11b5, 0xe5a3ba},
    {0x11ba, 0xe5a482},
    {0xe21, 0xe5a489},
    {0x11bb, 0xe5a48a},
    {0x20e9, 0xe5a48b},
    {0x386c, 0xe5a48c},
    {0x443e, 0xe5a48d},
    {0x546, 0xe5a48f},
    {0x11bc, 0xe5a490},
    {0x443f, 0xe5a494},
    {0xf26, 0xe5a495},
    {0x58e, 0xe5a496},
    {0x10de, 0xe5a498},
    {0x952, 0xe5a499},
    {0xb1f, 0xe5a49a},
    {0x11bd, 0xe5a49b},
    {0xef7, 0xe5a49c},
    {0x537e, 0xe5a49d},
    {0x4b67, 0xe5a49f},
    {0x537f, 0xe5a4a1},
    {0xec0, 0xe5a4a2},
    {0x4b68, 0xe5a4a3},
    {0x386d, 0xe5a4a4},
    {0x11bf, 0xe5a4a5},
    {0xb47, 0xe5a4a7},
    {0x5380, 0xe5a4a8},
    {0xc31, 0xe5a4a9},
    {0xb20, 0xe5a4aa},
    {0xdc9, 0xe5a4ab},
    {0x51d, 0xe5a4ae},
    {0x386e, 0xe5a4af},
    {0x5381, 0xe5a4b0},
    {0x8e6, 0xe5a4b1},
    {0x11c2, 0xe5a4b2},
    {0x5382, 0xe5a4b3},
    {0x494, 0xe5a4b7},
    {0x11c3, 0xe5a4b8},
    {0x3725, 0xe5a4b9},
    {0x4442, 0xe5a4bd},
    {0x11c4, 0xe5a4be},
    {0x5385, 0xe5a4bf},
    {0x5386, 0xe5a583},
    {0x504, 0xe5a584},
    {0x4444, 0xe5a586},
    {0x62d, 0xe5a587},
    {0xcb8, 0xe5a588},
    {0xe44, 0xe5a589},
    {0x11c8, 0xe5a58e},
    {0xad7, 0xe5a58f},
    {0x11c7, 0xe5a590},
    {0x716, 0xe5a591},
    {0x5387, 0xe5a592},
    {0x20ea, 0xe5a593},
    {0xe89, 0xe5a594},
    {0x11c6, 0xe5a595},
    {0xc5f, 0xe5a597},
    {0x11ca, 0xe5a598},
    {0x4b69, 0xe5a599},
    {0x11c9, 0xe5a59a},
    {0x20eb, 0xe5a59b},
    {0x20ec, 0xe5a59d},
    {0x5388, 0xe5a59e},
    {0x4447, 0xe5a59f},
    {0x11cc, 0xe5a5a0},
    {0x386f, 0xe5a5a1},
    {0x11cb, 0xe5a5a2},
    {0x20ed, 0xe5a5a3},
    {0x51e, 0xe5a5a5},
    {0x11cd, 0xe5a5a7},
    {0x991, 0xe5a5a8},
    {0x11cf, 0xe5a5a9},
    {0xb63, 0xe5a5aa},
    {0x5389, 0xe5a5ab},
    {0x11ce, 0xe5a5ac},
    {0x3870, 0xe5a5ad},
    {0xe03, 0xe5a5ae},
    {0x538a, 0xe5a5af},
    {0x538b, 0xe5a5b2},
    {0x981, 0xe5a5b3},
    {0xc55, 0xe5a5b4},
    {0x11d0, 0xe5a5b8},
    {0x4b6a, 0xe5a5b9},
    {0x538c, 0xe5a5bb},
    {0x444b, 0xe5a5bc},
    {0x7b7, 0xe5a5bd},
    {0x11d1, 0xe5a681},
    {0xcd7, 0xe5a682},
    {0xd72, 0xe5a683},
    {0xedd, 0xe5a684},
    {0xcdb, 0xe5a68a},
    {0x41b9, 0xe5a68b},
    {0x538d, 0xe5a68c},
    {0x11da, 0xe5a68d},
    {0x538e, 0xe5a68e},
    {0x41ba, 0xe5a692},
    {0x652, 0xe5a693},
    {0x538f, 0xe5a695},
    {0xf2f, 0xe5a696},
    {0x4b6b, 0xe5a697},
    {0xebb, 0xe5a699},
    {0x1239, 0xe5a69b},
    {0x11d2, 0xe5a69d},
    {0x444c, 0xe5a69f},
    {0x11d5, 0xe5a6a3},
    {0x20ee, 0xe5a6a4},
    {0xb25, 0xe5a6a5},
    {0x5390, 0xe5a6a7},
    {0xe66, 0xe5a6a8},
    {0xc44, 0xe5a6ac},
    {0x5391, 0xe5a6ad},
    {0x444d, 0xe5a6ae},
    {0x4b6c, 0xe5a6af},
    {0x5392, 0xe5a6b0},
    {0x11d6, 0xe5a6b2},
    {0x4b6d, 0xe5a6b3},
    {0x5393, 0xe5a6b7},
    {0xe93, 0xe5a6b9},
    {0x20ef, 0xe5a6ba},
    {0x83a, 0xe5a6bb},
    {0x444e, 0xe5a6bc},
    {0x992, 0xe5a6be},
    {0x5394, 0xe5a781},
    {0x41bb, 0xe5a783},
    {0x5395, 0xe5a784},
    {0x11d7, 0xe5a786},
    {0x444f, 0xe5a788},
    {0x89e, 0xe5a789},
    {0x3871, 0xe5a78a},
    {0x89d, 0xe5a78b},
    {0x4450, 0xe5a78d},
    {0x47d, 0xe5a790},
    {0x77c, 0xe5a791},
    {0x3872, 0xe5a792},
    {0xa4f, 0xe5a793},
    {0x495, 0xe5a794},
    {0x11d9, 0xe5a79c},
    {0x3873, 0xe5a79d},
    {0x4451, 0xe5a79e},
    {0x4b6e, 0xe5a79f},
    {0x4da, 0xe5a7a5},
    {0x5eb, 0xe5a7a6},
    {0x4452, 0xe5a7a7},
    {0x11d8, 0xe5a7a8},
    {0xed1, 0xe5a7aa},
    {0xda3, 0xe5a7ab},
    {0x36ad, 0xe5a7ac},
    {0x4453, 0xe5a7ae},
    {0x5396, 0xe5a7af},
    {0x4b6f, 0xe5a7b1},
    {0x5397, 0xe5a7b2},
    {0x5398, 0xe5a7b4},
    {0x46c, 0xe5a7b6},
    {0x5399, 0xe5a7b7},
    {0x4b70, 0xe5a7b8},
    {0x4bd, 0xe5a7bb},
    {0x89f, 0xe5a7bf},
    {0x539a, 0xe5a880},
    {0x496, 0xe5a881},
    {0x467, 0xe5a883},
    {0x3876, 0xe5a884},
    {0x11e1, 0xe5a889},
    {0x3877, 0xe5a88c},
    {0x4457, 0xe5a88d},
    {0x539b, 0xe5a88e},
    {0x11df, 0xe5a891},
    {0x539c, 0xe5a892},
    {0x41bc, 0xe5a893},
    {0x4458, 0xe5a897},
    {0xec8, 0xe5a898},
    {0x11e2, 0xe5a89a},
    {0x35c1, 0xe5a89b},
    {0x11e0, 0xe5a89c},
    {0x539d, 0xe5a89e},
    {0x11de, 0xe5a89f},
    {0x9f7, 0xe5a8a0},
    {0x3878, 0xe5a8a3},
    {0x539e, 0xe5a8a4},
    {0x11dd, 0xe5a8a5},
    {0x4459, 0xe5a8a7},
    {0x539f, 0xe5a8a8},
    {0xe2a, 0xe5a8a9},
    {0x53a0, 0xe5a8aa},
    {0x445a, 0xe5a8ad},
    {0x798, 0xe5a8af},
    {0x53a1, 0xe5a8b0},
    {0x993, 0xe5a8bc},
    {0x11e3, 0xe5a980},
    {0xfd2, 0xe5a981},
    {0xd02, 0xe5a986},
    {0x3879, 0xe5a987},
    {0x53a4, 0xe5a988},
    {0x11e5, 0xe5a989},
    {0x53a5, 0xe5a98c},
    {0x53a6, 0xe5a990},
    {0x387a, 0xe5a995},
    {0x817, 0xe5a99a},
    {0x53a7, 0xe5a99e},
    {0x11e8, 0xe5a9a2},
    {0x387b, 0xe5a9a3},
    {0x445b, 0xe5a9a5},
    {0xdca, 0xe5a9a6},
    {0x41bd, 0xe5a9a7},
    {0x11e9, 0xe5a9aa},
    {0x11e4, 0xe5a9ac},
    {0x387c, 0xe5a9ad},
    {0x41be, 0xe5a9b7},
    {0x445c, 0xe5a9ba},
    {0x53a8, 0xe5a9bb},
    {0x387d, 0xe5a9be},
    {0xec7, 0xe5a9bf},
    {0x41bf, 0xe5aa84},
    {0x445d, 0xe5aa8b},
    {0x53a9, 0xe5aa90},
    {0xd14, 0xe5aa92},
    {0x53aa, 0xe5aa93},
    {0x53ab, 0xe5aa96},
    {0x53ac, 0xe5aa99},
    {0x11ea, 0xe5aa9a},
    {0xda4, 0xe5aa9b},
    {0x445e, 0xe5aa9c},
    {0x387e, 0xe5aa9e},
    {0x4461, 0xe5aaa2},
    {0x387f, 0xe5aaa7},
    {0x3880, 0xe5aaac},
    {0x4462, 0xe5aab1},
    {0x4b71, 0xe5aab2},
    {0x3881, 0xe5aab3},
    {0x4463, 0xe5aab5},
    {0x4b72, 0xe5aab8},
    {0x4464, 0xe5aaba},
    {0x53ad, 0xe5aabb},
    {0x11eb, 0xe5aabc},
    {0x11ef, 0xe5aabd},
    {0x11ec, 0xe5aabe},
    {0x4465, 0xe5aabf},
    {0x547, 0xe5ab81},
    {0x11ee, 0xe5ab82},
    {0x41c0, 0xe5ab84},
    {0x53ae, 0xe5ab86},
    {0x53af, 0xe5ab88},
    {0x8e7, 0xe5ab89},
    {0x11ed, 0xe5ab8b},
    {0x74f, 0xe5ab8c},
    {0x53b0, 0xe5ab8f},
    {0x11fb, 0xe5ab90},
    {0x11f4, 0xe5ab96},
    {0x11f1, 0xe5ab97},
    {0x4466, 0xe5ab9a},
    {0x4467, 0xe5ab9c},
    {0x3882, 0xe5aba0},
    {0xba2, 0xe5aba1},
    {0x11f0, 0xe5aba3},
    {0x4468, 0xe5aba5},
    {0x11f2, 0xe5aba6},
    {0x11f3, 0xe5aba9},
    {0x4b73, 0xe5abaa},
    {0x446a, 0xe5abae},
    {0x4469, 0xe5abb0},
    {0x446b, 0xe5abb5},
    {0x4b74, 0xe5abb6},
    {0x53b1, 0xe5abbd},
    {0x3883, 0xe5ac80},
    {0x53b2, 0xe5ac81},
    {0x446c, 0xe5ac88},
    {0x62e, 0xe5ac89},
    {0x11f8, 0xe5ac8b},
    {0x11f7, 0xe5ac8c},
    {0x11f9, 0xe5ac96},
    {0x446d, 0xe5ac97},
    {0x3884, 0xe5ac99},
    {0x4b75, 0xe5ac9b},
    {0x4b76, 0xe5ac9d},
    {0x4b77, 0xe5aca1},
    {0x9d6, 0xe5aca2},
    {0x3885, 0xe5aca5},
    {0x11fc, 0xe5acaa},
    {0xbf8, 0xe5acac},
    {0x3886, 0xe5acad},
    {0x4e7, 0xe5acb0},
    {0x11fa, 0xe5acb2},
    {0x446e, 0xe5acb4},
    {0x11fd, 0xe5acb6},
    {0x4b78, 0xe5acb8},
    {0x11fe, 0xe5acbe},
    {0x1201, 0xe5ad80},
    {0x3887, 0xe5ad81},
    {0x11ff, 0xe5ad83},
    {0x1200, 0xe5ad85},
    {0x53b3, 0xe5ad8b},
    {0x446f, 0xe5ad8c},
    {0x8a0, 0xe5ad90},
    {0x1202, 0xe5ad91},
    {0x4470, 0xe5ad92},
    {0x7b8, 0xe5ad94},
    {0x1203, 0xe5ad95},
    {0x20f0, 0xe5ad96},
    {0x8c8, 0xe5ad97},
    {0xb18, 0xe5ad98},
    {0x8a8, 0xe5ad9c},
    {0x7b9, 0xe5ad9d},
    {0x53b4, 0xe5ad9e},
    {0xede, 0xe5ad9f},
    {0x642, 0xe5ada3},
    {0x77d, 0xe5ada4},
    {0x1206, 0xe5ada5},
    {0x5b6, 0xe5ada6},
    {0x4471, 0xe5ada8},
    {0x1207, 0xe5ada9},
    {0xb19, 0xe5adab},
    {0x53b5, 0xe5adae},
    {0x4472, 0xe5adaf},
    {0x1208, 0xe5adb0},
    {0x1230, 0xe5adb1},
    {0x1209, 0xe5adb3},
    {0x120a, 0xe5adb5},
    {0x3728, 0xe5adb6},
    {0x120b, 0xe5adb8},
    {0x120d, 0xe5adba},
    {0x3888, 0xe5adbc},
    {0x41c2, 0xe5adbd},
    {0x120e, 0xe5ae80},
    {0x4473, 0xe5ae81},
    {0x3610, 0xe5ae82},
    {0x120f, 0xe5ae83},
    {0x4474, 0xe5ae84},
    {0xb50, 0xe5ae85},
    {0x53b6, 0xe5ae86},
    {0x4c9, 0xe5ae87},
    {0x915, 0xe5ae88},
    {0x486, 0xe5ae89},
    {0x388b, 0xe5ae8a},
    {0xad9, 0xe5ae8b},
    {0x5ec, 0xe5ae8c},
    {0x8e1, 0xe5ae8d},
    {0x53b7, 0xe5ae8e},
    {0x7ba, 0xe5ae8f},
    {0x41c3, 0xe5ae93},
    {0x53ba, 0xe5ae94},
    {0xc60, 0xe5ae95},
    {0x4476, 0xe5ae96},
    {0x92b, 0xe5ae97},
    {0x5ed, 0xe5ae98},
    {0xba6, 0xe5ae99},
    {0xc06, 0xe5ae9a},
    {0x47c, 0xe5ae9b},
    {0x653, 0xe5ae9c},
    {0xe45, 0xe5ae9d},
    {0x8ee, 0xe5ae9f},
    {0x66c, 0xe5aea2},
    {0xa8f, 0xe5aea3},
    {0x8e8, 0xe5aea4},
    {0xf12, 0xe5aea5},
    {0x1210, 0xe5aea6},
    {0x4477, 0xe5aeac},
    {0x53bd, 0xe5aead},
    {0x676, 0xe5aeae},
    {0x53be, 0xe5aeaf},
    {0x83b, 0xe5aeb0},
    {0x590, 0xe5aeb3},
    {0x505, 0xe5aeb4},
    {0x994, 0xe5aeb5},
    {0x548, 0xe5aeb6},
    {0x4b79, 0xe5aeb7},
    {0x1211, 0xe5aeb8},
    {0xf30, 0xe5aeb9},
    {0x53c1, 0xe5aeba},
    {0x53c2, 0xe5aebc},
    {0x953, 0xe5aebf},
    {0x20f1, 0xe5af80},
    {0x53c3, 0xe5af81},
    {0x910, 0xe5af82},
    {0x1212, 0xe5af83},
    {0x62f, 0xe5af84},
    {0xcaa, 0xe5af85},
    {0xeb5, 0xe5af86},
    {0x1213, 0xe5af87},
    {0x1214, 0xe5af89},
    {0xdcb, 0xe5af8c},
    {0x53c4, 0xe5af8d},
    {0x447a, 0xe5af8e},
    {0x53c5, 0xe5af8f},
    {0x1216, 0xe5af90},
    {0x5e4, 0xe5af92},
    {0x6ef, 0xe5af93},
    {0x1215, 0xe5af94},
    {0x447b, 0xe5af96},
    {0x4b7a, 0xe5af97},
    {0x20f3, 0xe5af98},
    {0x5ee, 0xe5af9b},
    {0x9f8, 0xe5af9d},
    {0x121a, 0xe5af9e},
    {0x86f, 0xe5af9f},
    {0x4b7b, 0xe5afa0},
    {0x549, 0xe5afa1},
    {0x1219, 0xe5afa2},
    {0x1217, 0xe5afa4},
    {0x121b, 0xe5afa5},
    {0x1218, 0xe5afa6},
    {0xce1, 0xe5afa7},
    {0x148e, 0xe5afa8},
    {0x9f9, 0xe5afa9},
    {0x121c, 0xe5afab},
    {0x4f4e, 0xe5afac},
    {0xf88, 0xe5afae},
    {0x53c8, 0xe5afaf},
    {0x121d, 0xe5afb0},
    {0x447e, 0xe5afb1},
    {0x121f, 0xe5afb3},
    {0x53c9, 0xe5afb4},
    {0xbbc, 0xe5afb5},
    {0x121e, 0xe5afb6},
    {0xa47, 0xe5afb8},
    {0x8c9, 0xe5afba},
    {0x447f, 0xe5afbd},
    {0xb30, 0xe5afbe},
    {0x923, 0xe5afbf},
    {0xde7, 0xe5b081},
    {0xa90, 0xe5b082},
    {0x4481, 0xe5b083},
    {0x8f9, 0xe5b084},
    {0x1220, 0xe5b085},
    {0x995, 0xe5b086},
    {0x497, 0xe5b089},
    {0xb1a, 0xe5b08a},
    {0xa18, 0xe5b08b},
    {0x53ca, 0xe5b08c},
    {0x1223, 0xe5b08d},
    {0xc8b, 0xe5b08e},
    {0x996, 0xe5b08f},
    {0x997, 0xe5b091},
    {0x41c4, 0xe5b092},
    {0x1224, 0xe5b093},
    {0x372a, 0xe5b094},
    {0xa91, 0xe5b096},
    {0x53cb, 0xe5b097},
    {0x360b, 0xe5b099},
    {0x998, 0xe5b09a},
    {0x20f5, 0xe5b09e},
    {0x4b7c, 0xe5b09f},
    {0x1225, 0xe5b0a0},
    {0x1226, 0xe5b0a2},
    {0x388c, 0xe5b0a3},
    {0xeec, 0xe5b0a4},
    {0x53cc, 0xe5b0a6},
    {0x1227, 0xe5b0a8},
    {0x4482, 0xe5b0a9},
    {0x4b7d, 0xe5b0aa},
    {0x388d, 0xe5b0ab},
    {0x4b7e, 0xe5b0ac},
    {0x6be, 0xe5b0ad},
    {0x53cd, 0xe5b0ae},
    {0x388e, 0xe5b0b0},
    {0x92c, 0xe5b0b1},
    {0x53ce, 0xe5b0b2},
    {0x53cf, 0xe5b0b5},
    {0x4b7f, 0xe5b0b6},
    {0x908, 0xe5b0ba},
    {0x9f2, 0xe5b0bb},
    {0xccc, 0xe5b0bc},
    {0xa1a, 0xe5b0bd},
    {0xd8c, 0xe5b0be},
    {0xcd8, 0xe5b0bf},
    {0x6c1, 0xe5b180},
    {0x122a, 0xe5b181},
    {0x689, 0xe5b185},
    {0x122b, 0xe5b186},
    {0x6f6, 0xe5b188},
    {0xca7, 0xe5b18a},
    {0x530, 0xe5b18b},
    {0x8a1, 0xe5b18d},
    {0x122c, 0xe5b18e},
    {0x122f, 0xe5b18f},
    {0x122e, 0xe5b190},
    {0x6f5, 0xe5b191},
    {0x122d, 0xe5b193},
    {0xc32, 0xe5b195},
    {0x4b80, 0xe5b199},
    {0x53d0, 0xe5b19a},
    {0x1e92, 0xe5b19b},
    {0x4b81, 0xe5b19c},
    {0xb10, 0xe5b19e},
    {0x4484, 0xe5b19f},
    {0xc45, 0xe5b1a0},
    {0x8f4, 0xe5b1a1},
    {0x1e0d, 0xe5b1a2},
    {0x388f, 0xe5b1a3},
    {0xada, 0xe5b1a4},
    {0xf64, 0xe5b1a5},
    {0x3890, 0xe5b1a9},
    {0x1231, 0xe5b1ac},
    {0x4b82, 0xe5b1ad},
    {0x1232, 0xe5b1ae},
    {0xcae, 0xe5b1af},
    {0x4487, 0xe5b1b0},
    {0x881, 0xe5b1b1},
    {0x1234, 0xe5b1b6},
    {0x1235, 0xe5b1b9},
    {0x41c7, 0xe5b1ba},
    {0x53d3, 0xe5b1bb},
    {0x3891, 0xe5b1bc},
    {0x53d4, 0xe5b1bd},
    {0x53d5, 0xe5b287},
    {0x448c, 0xe5b288},
    {0x448d, 0xe5b28a},
    {0x1236, 0xe5b28c},
    {0x41c8, 0xe5b28f},
    {0x630, 0xe5b290},
    {0x1237, 0xe5b291},
    {0x53d6, 0xe5b292},
    {0x1238, 0xe5b294},
    {0x53d7, 0xe5b29d},
    {0x41c9, 0xe5b29f},
    {0x4491, 0xe5b2a0},
    {0x52c, 0xe5b2a1},
    {0x4492, 0xe5b2a2},
    {0x41ca, 0xe5b2a3},
    {0x20f6, 0xe5b2a6},
    {0x4493, 0xe5b2a7},
    {0xabd, 0xe5b2a8},
    {0x620, 0xe5b2a9},
    {0x41cb, 0xe5b2aa},
    {0x123a, 0xe5b2ab},
    {0xeb4, 0xe5b2ac},
    {0x4495, 0xe5b2ad},
    {0xb32, 0xe5b2b1},
    {0x53d8, 0xe5b2b2},
    {0x5b7, 0xe5b2b3},
    {0x53d9, 0xe5b2b4},
    {0x4496, 0xe5b2b5},
    {0x123c, 0xe5b2b6},
    {0x123e, 0xe5b2b7},
    {0x61b, 0xe5b2b8},
    {0x20f7, 0xe5b2ba},
    {0x123b, 0xe5b2bb},
    {0x123d, 0xe5b2bc},
    {0x1240, 0xe5b2be},
    {0x123f, 0xe5b385},
    {0x1241, 0xe5b387},
    {0x4498, 0xe5b389},
    {0x3892, 0xe5b38b},
    {0x41cc, 0xe5b390},
    {0x3893, 0xe5b392},
    {0x53da, 0xe5b397},
    {0x1242, 0xe5b399},
    {0x4b83, 0xe5b39d},
    {0xc95, 0xe5b3a0},
    {0x6a6, 0xe5b3a1},
    {0x372c, 0xe5b3a6},
    {0x565, 0xe5b3a8},
    {0x1243, 0xe5b3a9},
    {0x1248, 0xe5b3aa},
    {0x1246, 0xe5b3ad},
    {0x53db, 0xe5b3ae},
    {0xe47, 0xe5b3af},
    {0xe46, 0xe5b3b0},
    {0x3894, 0xe5b3b4},
    {0x20f8, 0xe5b3b5},
    {0xc61, 0xe5b3b6},
    {0x1245, 0xe5b3ba},
    {0x95e, 0xe5b3bb},
    {0x1244, 0xe5b3bd},
    {0x4b84, 0xe5b481},
    {0x449b, 0xe5b486},
    {0xa38, 0xe5b487},
    {0x1249, 0xe5b48b},
    {0x41ce, 0xe5b48d},
    {0x85a, 0xe5b48e},
    {0x449c, 0xe5b490},
    {0x124f, 0xe5b491},
    {0x53de, 0xe5b492},
    {0x1250, 0xe5b494},
    {0x124a, 0xe5b495},
    {0x591, 0xe5b496},
    {0x124b, 0xe5b497},
    {0x1254, 0xe5b498},
    {0x1253, 0xe5b499},
    {0x1252, 0xe5b49a},
    {0x124e, 0xe5b49b},
    {0x449e, 0xe5b49d},
    {0x124d, 0xe5b49f},
    {0x449f, 0xe5b4a0},
    {0x1251, 0xe5b4a2},
    {0x53df, 0xe5b4a3},
    {0x3895, 0xe5b4a4},
    {0x3896, 0xe5b4a6},
    {0x20f9, 0xe5b4a7},
    {0xe48, 0xe5b4a9},
    {0x449d, 0xe5b4ab},
    {0x44a0, 0xe5b4b1},
    {0x4b85, 0xe5b4b4},
    {0x44a1, 0xe5b4b9},
    {0x4b86, 0xe5b4bd},
    {0x53e0, 0xe5b4bf},
    {0x20fc, 0xe5b582},
    {0x3897, 0xe5b583},
    {0x3898, 0xe5b586},
    {0x41cf, 0xe5b587},
    {0x53e1, 0xe5b588},
    {0x3899, 0xe5b58a},
    {0x1258, 0xe5b58b},
    {0x1255, 0xe5b58c},
    {0x1257, 0xe5b58e},
    {0xf5c, 0xe5b590},
    {0x53e3, 0xe5b591},
    {0x1256, 0xe5b592},
    {0x20fa, 0xe5b593},
    {0x53e2, 0xe5b595},
    {0x4b87, 0xe5b599},
    {0x124c, 0xe5b59c},
    {0x44a3, 0xe5b5a1},
    {0x53e6, 0xe5b5a2},
    {0x53e7, 0xe5b5a4},
    {0xa39, 0xe5b5a9},
    {0x44a4, 0xe5b5aa},
    {0x1259, 0xe5b5ac},
    {0x20fd, 0xe5b5ad},
    {0x827, 0xe5b5af},
    {0x44a6, 0xe5b5b0},
    {0x125a, 0xe5b5b3},
    {0x125b, 0xe5b5b6},
    {0x4b88, 0xe5b5be},
    {0x53ea, 0xe5b5bf},
    {0x41d0, 0xe5b681},
    {0x125e, 0xe5b682},
    {0x4b89, 0xe5b683},
    {0x125d, 0xe5b684},
    {0x125c, 0xe5b687},
    {0x44a9, 0xe5b688},
    {0x53eb, 0xe5b68a},
    {0xc62, 0xe5b68b},
    {0x1247, 0xe5b68c},
    {0x1264, 0xe5b690},
    {0x389a, 0xe5b692},
    {0x53ec, 0xe5b693},
    {0x389b, 0xe5b694},
    {0x53ed, 0xe5b695},
    {0x44ab, 0xe5b697},
    {0x389c, 0xe5b699},
    {0x53ee, 0xe5b69b},
    {0x1260, 0xe5b69d},
    {0x53ef, 0xe5b69f},
    {0x389d, 0xe5b6a0},
    {0x125f, 0xe5b6a2},
    {0x41d1, 0xe5b6a4},
    {0x41d2, 0xe5b6a7},
    {0x53f0, 0xe5b6ab},
    {0x1261, 0xe5b6ac},
    {0x1262, 0xe5b6ae},
    {0x44ac, 0xe5b6b0},
    {0x3c2d, 0xe5b6b2},
    {0x44ad, 0xe5b6b4},
    {0x1265, 0xe5b6b7},
    {0xfae, 0xe5b6ba},
    {0x1266, 0xe5b6bc},
    {0x1263, 0xe5b6bd},
    {0x53f1, 0xe5b783},
    {0x4b8a, 0xe5b787},
    {0x1267, 0xe5b789},
    {0x41d3, 0xe5b78b},
    {0x61c, 0xe5b78c},
    {0x1268, 0xe5b78d},
    {0x53f2, 0xe5b78e},
    {0x2100, 0xe5b790},
    {0x44af, 0xe5b791},
    {0x126a, 0xe5b792},
    {0x1269, 0xe5b793},
    {0x126b, 0xe5b796},
    {0x44b0, 0xe5b797},
    {0x389e, 0xe5b798},
    {0x53f3, 0xe5b799},
    {0x126c, 0xe5b79b},
    {0xa92, 0xe5b79d},
    {0x92d, 0xe5b79e},
    {0x389f, 0xe5b7a0},
    {0x96e, 0xe5b7a1},
    {0x3432, 0xe5b7a2},
    {0xae5, 0xe5b7a3},
    {0x44b2, 0xe5b7a4},
    {0x7bb, 0xe5b7a5},
    {0x828, 0xe5b7a6},
    {0x7bc, 0xe5b7a7},
    {0x68a, 0xe5b7a8},
    {0x44b3, 0xe5b7a9},
    {0x126d, 0xe5b7ab},
    {0x829, 0xe5b7ae},
    {0x77e, 0xe5b7b1},
    {0x126e, 0xe5b7b2},
    {0xeb2, 0xe5b7b3},
    {0xcf9, 0xe5b7b4},
    {0x126f, 0xe5b7b5},
    {0x7bd, 0xe5b7b7},
    {0x38a0, 0xe5b7b8},
    {0x4b8b, 0xe5b7b9},
    {0x5e8, 0xe5b7bb},
    {0xb65, 0xe5b7bd},
    {0x6ca, 0xe5b7be},
    {0x35e2, 0xe5b7bf},
    {0x38a1, 0xe5b880},
    {0x8a2, 0xe5b882},
    {0xdcd, 0xe5b883},
    {0xd55, 0xe5b886},
    {0x53f4, 0xe5b887},
    {0x1270, 0xe5b88b},
    {0x631, 0xe5b88c},
    {0x53f5, 0xe5b88d},
    {0x1273, 0xe5b891},
    {0x38a2, 0xe5b892},
    {0xbbd, 0xe5b896},
    {0x38a5, 0xe5b898},
    {0x1272, 0xe5b899},
    {0x1271, 0xe5b89a},
    {0x1274, 0xe5b89b},
    {0xc07, 0xe5b89d},
    {0x44b7, 0xe5b89f},
    {0x53f6, 0xe5b8a0},
    {0xa29, 0xe5b8a5},
    {0x4b8c, 0xe5b8a8},
    {0x8a3, 0xe5b8ab},
    {0xa6e, 0xe5b8ad},
    {0x38a6, 0xe5b8ae},
    {0xb33, 0xe5b8af},
    {0x63c, 0xe5b8b0},
    {0x4b8d, 0xe5b8b2},
    {0xbbe, 0xe5b8b3},
    {0x4b8e, 0xe5b8b5},
    {0x9d7, 0xe5b8b8},
    {0xe67, 0xe5b8bd},
    {0x44b8, 0xe5b8be},
    {0x1279, 0xe5b980},
    {0x1278, 0xe5b983},
    {0x1277, 0xe5b984},
    {0xdef, 0xe5b985},
    {0x1280, 0xe5b987},
    {0x44b9, 0xe5b989},
    {0x53f7, 0xe5b98b},
    {0xe88, 0xe5b98c},
    {0x127a, 0xe5b98e},
    {0x127c, 0xe5b994},
    {0xe99, 0xe5b995},
    {0x44bb, 0xe5b996},
    {0x127b, 0xe5b997},
    {0x38a7, 0xe5b998},
    {0x4b8f, 0xe5b99b},
    {0x53fa, 0xe5b99c},
    {0x41d4, 0xe5b99e},
    {0x127d, 0xe5b99f},
    {0xd3c, 0xe5b9a1},
    {0x127e, 0xe5b9a2},
    {0xe0e, 0xe5b9a3},
    {0x127f, 0xe5b9a4},
    {0x4b90, 0xe5b9a8},
    {0x4b91, 0xe5b9aa},
    {0x53fb, 0xe5b9b0},
    {0x5ef, 0xe5b9b2},
    {0xe0f, 0xe5b9b3},
    {0xce5, 0xe5b9b4},
    {0x4b92, 0xe5b9b7},
    {0x7be, 0xe5b9b8},
    {0x5f0, 0xe5b9b9},
    {0x1283, 0xe5b9ba},
    {0x76c, 0xe5b9bb},
    {0xf2e, 0xe5b9bc},
    {0xf13, 0xe5b9bd},
    {0x632, 0xe5b9be},
    {0x1285, 0xe5b9bf},
    {0x4b93, 0xe5ba80},
    {0xbbf, 0xe5ba81},
    {0x7bf, 0xe5ba83},
    {0x999, 0xe5ba84},
    {0xd73, 0xe5ba87},
    {0x99a, 0xe5ba8a},
    {0x4b94, 0xe5ba8b},
    {0x53fc, 0xe5ba8e},
    {0x982, 0xe5ba8f},
    {0xc08, 0xe5ba95},
    {0xe49, 0xe5ba96},
    {0xc33, 0xe5ba97},
    {0x36b0, 0xe5ba99},
    {0x7c0, 0xe5ba9a},
    {0xdce, 0xe5ba9c},
    {0x1286, 0xe5baa0},
    {0x53fd, 0xe5baa2},
    {0x53fe, 0xe5baa4},
    {0x44c0, 0xe5baa5},
    {0xc53, 0xe5baa6},
    {0x832, 0xe5baa7},
    {0x38aa, 0xe5baa8},
    {0x38ab, 0xe5baaa},
    {0x77f, 0xe5baab},
    {0x44c1, 0xe5baac},
    {0xc09, 0xe5baad},
    {0x53ff, 0xe5bab1},
    {0x4b95, 0xe5bab3},
    {0x487, 0xe5bab5},
    {0x978, 0xe5bab6},
    {0x7c1, 0xe5bab7},
    {0xf31, 0xe5bab8},
    {0x44c2, 0xe5bab9},
    {0x4b96, 0xe5babd},
    {0xd07, 0xe5bb83},
    {0x44c3, 0xe5bb86},
    {0x1289, 0xe5bb88},
    {0xfbf, 0xe5bb89},
    {0xfd3, 0xe5bb8a},
    {0x3c1e, 0xe5bb8b},
    {0x5400, 0xe5bb8c},
    {0x5401, 0xe5bb8e},
    {0x128b, 0xe5bb8f},
    {0x128a, 0xe5bb90},
    {0x4b97, 0xe5bb91},
    {0x38af, 0xe5bb92},
    {0x5a5, 0xe5bb93},
    {0x128c, 0xe5bb96},
    {0x44c4, 0xe5bb99},
    {0x5402, 0xe5bb9c},
    {0x128e, 0xe5bb9d},
    {0x5403, 0xe5bb9e},
    {0xdb2, 0xe5bb9f},
    {0x99b, 0xe5bba0},
    {0x1292, 0xe5bba1},
    {0x1291, 0xe5bba2},
    {0x128d, 0xe5bba3},
    {0x5404, 0xe5bba5},
    {0x5405, 0xe5bbab},
    {0x1295, 0xe5bbac},
    {0x1298, 0xe5bbb0},
    {0x1296, 0xe5bbb1},
    {0x1297, 0xe5bbb3},
    {0x1299, 0xe5bbb4},
    {0x506, 0xe5bbb6},
    {0xc0a, 0xe5bbb7},
    {0x129a, 0xe5bbb8},
    {0x41d5, 0xe5bbb9},
    {0x750, 0xe5bbba},
    {0x576, 0xe5bbbb},
    {0xcec, 0xe5bbbc},
    {0x44c6, 0xe5bbbd},
    {0x129b, 0xe5bbbe},
    {0xcd3, 0xe5bbbf},
    {0x41d6, 0xe5bc80},
    {0xe2b, 0xe5bc81},
    {0x41d7, 0xe5bc82},
    {0x129c, 0xe5bc83},
    {0xfd4, 0xe5bc84},
    {0x5406, 0xe5bc86},
    {0x38b0, 0xe5bc87},
    {0x44c7, 0xe5bc88},
    {0x129d, 0xe5bc89},
    {0xe10, 0xe5bc8a},
    {0x12a0, 0xe5bc8b},
    {0xffa, 0xe5bc8c},
    {0x100a, 0xe5bc8d},
    {0x38b1, 0xe5bc8e},
    {0x8dc, 0xe5bc8f},
    {0xccd, 0xe5bc90},
    {0x12a1, 0xe5bc91},
    {0x677, 0xe5bc93},
    {0xbc0, 0xe5bc94},
    {0x4be, 0xe5bc95},
    {0x12a2, 0xe5bc96},
    {0xdf6, 0xe5bc97},
    {0x7c2, 0xe5bc98},
    {0x5407, 0xe5bc99},
    {0xb8e, 0xe5bc9b},
    {0x44c9, 0xe5bc9e},
    {0xc0b, 0xe5bc9f},
    {0x2101, 0xe5bca1},
    {0x38b4, 0xe5bca2},
    {0x41d8, 0xe5bca3},
    {0x5408, 0xe5bca4},
    {0xefb, 0xe5bca5},
    {0x76d, 0xe5bca6},
    {0x780, 0xe5bca7},
    {0x38b5, 0xe5bca8},
    {0x12a3, 0xe5bca9},
    {0x12a4, 0xe5bcad},
    {0x540b, 0xe5bcae},
    {0x12aa, 0xe5bcaf},
    {0x540c, 0xe5bcb0},
    {0x911, 0xe5bcb1},
    {0x2102, 0xe5bcb4},
    {0xbc1, 0xe5bcb5},
    {0x38b6, 0xe5bcb6},
    {0x6a7, 0xe5bcb7},
    {0x12a5, 0xe5bcb8},
    {0x3598, 0xe5bcba},
    {0x38b7, 0xe5bcbb},
    {0xd9d, 0xe5bcbc},
    {0x41d9, 0xe5bcbd},
    {0xb84, 0xe5bcbe},
    {0x540d, 0xe5bcbf},
    {0x38b8, 0xe5bd80},
    {0x12a6, 0xe5bd81},
    {0x540e, 0xe5bd84},
    {0x20b2, 0xe5bd85},
    {0x44ca, 0xe5bd87},
    {0x12a7, 0xe5bd88},
    {0x6a8, 0xe5bd8a},
    {0x12a8, 0xe5bd8c},
    {0x4b9a, 0xe5bd8d},
    {0x12a9, 0xe5bd8e},
    {0x38b9, 0xe5bd90},
    {0x12ab, 0xe5bd91},
    {0xc70, 0xe5bd93},
    {0x41da, 0xe5bd94},
    {0x38ba, 0xe5bd98},
    {0x12ae, 0xe5bd99},
    {0x540f, 0xe5bd9b},
    {0x129f, 0xe5bd9c},
    {0x129e, 0xe5bd9d},
    {0x5410, 0xe5bda0},
    {0x12af, 0xe5bda1},
    {0x717, 0xe5bda2},
    {0x44cb, 0xe5bda3},
    {0x38bb, 0xe5bda4},
    {0x36ac, 0xe5bda5},
    {0xd99, 0xe5bda6},
    {0x2103, 0xe5bda7},
    {0x83c, 0xe5bda9},
    {0xda9, 0xe5bdaa},
    {0xbc2, 0xe5bdab},
    {0xdbd, 0xe5bdac},
    {0x12b0, 0xe5bdad},
    {0x5411, 0xe5bdaf},
    {0x99c, 0xe5bdb0},
    {0x4e8, 0xe5bdb1},
    {0x44cc, 0xe5bdb2},
    {0x12b1, 0xe5bdb3},
    {0x12b2, 0xe5bdb7},
    {0x5414, 0xe5bdb8},
    {0xefe, 0xe5bdb9},
    {0x5415, 0xe5bdba},
    {0xd74, 0xe5bdbc},
    {0x41db, 0xe5bdbd},
    {0x44cd, 0xe5bdbe},
    {0x12b5, 0xe5bdbf},
    {0x51f, 0xe5be80},
    {0xa50, 0xe5be81},
    {0x12b4, 0xe5be82},
    {0x12b3, 0xe5be83},
    {0x718, 0xe5be84},
    {0xb34, 0xe5be85},
    {0x12b9, 0xe5be87},
    {0x12b7, 0xe5be88},
    {0x38bc, 0xe5be89},
    {0x12b6, 0xe5be8a},
    {0xf6f, 0xe5be8b},
    {0x799, 0xe5be8c},
    {0x5416, 0xe5be8d},
    {0x44ce, 0xe5be8f},
    {0x983, 0xe5be90},
    {0x12b8, 0xe5be91},
    {0xc46, 0xe5be92},
    {0x948, 0xe5be93},
    {0x5417, 0xe5be96},
    {0xc98, 0xe5be97},
    {0x12bc, 0xe5be98},
    {0x12bb, 0xe5be99},
    {0x38bd, 0xe5be9c},
    {0x5418, 0xe5be9d},
    {0x12ba, 0xe5be9e},
    {0x12bd, 0xe5bea0},
    {0x79a, 0xe5bea1},
    {0x44cf, 0xe5bea2},
    {0x38bf, 0xe5bea4},
    {0x38be, 0xe5bea7},
    {0x12be, 0xe5bea8},
    {0xdee, 0xe5bea9},
    {0x965, 0xe5beaa},
    {0x5419, 0xe5beab},
    {0x4b9b, 0xe5beac},
    {0x12bf, 0xe5bead},
    {0xd8d, 0xe5beae},
    {0x38c0, 0xe5beaf},
    {0xc99, 0xe5beb3},
    {0xbc3, 0xe5beb4},
    {0x3438, 0xe5beb5},
    {0x2104, 0xe5beb7},
    {0x38c1, 0xe5beb8},
    {0xc2a, 0xe5beb9},
    {0x12c0, 0xe5bebc},
    {0x645, 0xe5bebd},
    {0x9fa, 0xe5bf83},
    {0x38c2, 0xe5bf84},
    {0xd9e, 0xe5bf85},
    {0x44d0, 0xe5bf87},
    {0x541c, 0xe5bf88},
    {0x38c3, 0xe5bf89},
    {0x44d1, 0xe5bf8b},
    {0x633, 0xe5bf8c},
    {0xcdc, 0xe5bf8d},
    {0x12c1, 0xe5bf96},
    {0x8a4, 0xe5bf97},
    {0x520, 0xe5bf9c},
    {0x12c6, 0xe5bf9d},
    {0x2105, 0xe5bf9e},
    {0xba7, 0xe5bfa0},
    {0x38c4, 0xe5bfa1},
    {0x44d5, 0xe5bfa2},
    {0x12c3, 0xe5bfa4},
    {0x541f, 0xe5bfa8},
    {0x38c5, 0xe5bfa9},
    {0x4b9c, 0xe5bfaa},
    {0x577, 0xe5bfab},
    {0x5420, 0xe5bfac},
    {0x38c6, 0xe5bfad},
    {0x12f6, 0xe5bfb0},
    {0x12c5, 0xe5bfb1},
    {0x5421, 0xe5bfb2},
    {0x44d8, 0xe5bfb3},
    {0xce6, 0xe5bfb5},
    {0x5422, 0xe5bfb6},
    {0x12c4, 0xe5bfb8},
    {0x5423, 0xe5bfba},
    {0x12c2, 0xe5bfbb},
    {0x38c7, 0xe5bfbc},
    {0x80c, 0xe5bfbd},
    {0x12c8, 0xe5bfbf},
    {0x4b9d, 0xe68087},
    {0x5424, 0xe6808a},
    {0x41dc, 0xe6808d},
    {0x12ce, 0xe6808e},
    {0x12d4, 0xe6808f},
    {0x12cc, 0xe68090},
    {0xc56, 0xe68092},
    {0x5425, 0xe68093},
    {0x41dd, 0xe68094},
    {0x12d1, 0xe68095},
    {0xdcf, 0xe68096},
    {0x38c8, 0xe68097},
    {0x41de, 0xe68098},
    {0x12cb, 0xe68099},
    {0x38c9, 0xe6809a},
    {0x12d0, 0xe6809b},
    {0xfaf, 0xe6809c},
    {0x8a5, 0xe6809d},
    {0x5426, 0xe6809f},
    {0xb35, 0xe680a0},
    {0x12c9, 0xe680a1},
    {0x44da, 0xe680a2},
    {0x44db, 0xe680a4},
    {0x678, 0xe680a5},
    {0x12d3, 0xe680a6},
    {0xa51, 0xe680a7},
    {0x507, 0xe680a8},
    {0x12cd, 0xe680a9},
    {0x578, 0xe680aa},
    {0x12d2, 0xe680ab},
    {0x5427, 0xe680ad},
    {0x6a9, 0xe680af},
    {0x12cf, 0xe680b1},
    {0x38ca, 0xe680b3},
    {0x41df, 0xe680b5},
    {0x12d5, 0xe680ba},
    {0x5428, 0xe68180},
    {0x12d7, 0xe68181},
    {0x12e1, 0xe68182},
    {0x12df, 0xe68183},
    {0x12dc, 0xe68186},
    {0x41e0, 0xe68187},
    {0x5429, 0xe68188},
    {0x4b9e, 0xe68189},
    {0x12db, 0xe6818a},
    {0xfc0, 0xe6818b},
    {0x44dd, 0xe6818c},
    {0x12dd, 0xe6818d},
    {0x6aa, 0xe68190},
    {0x542a, 0xe68191},
    {0x7c3, 0xe68192},
    {0x4b9f, 0xe68194},
    {0x984, 0xe68195},
    {0x12e4, 0xe68199},
    {0x12d6, 0xe6819a},
    {0x2106, 0xe6819d},
    {0x12da, 0xe6819f},
    {0x12ca, 0xe681a0},
    {0x38cb, 0xe681a1},
    {0x57a, 0xe681a2},
    {0x12de, 0xe681a3},
    {0x12e0, 0xe681a4},
    {0xb8f, 0xe681a5},
    {0x4ba0, 0xe681a7},
    {0x818, 0xe681a8},
    {0x538, 0xe681a9},
    {0x12d8, 0xe681aa},
    {0x12e3, 0xe681ab},
    {0x12e2, 0xe681ac},
    {0x6ab, 0xe681ad},
    {0xb09, 0xe681af},
    {0x5c4, 0xe681b0},
    {0x542d, 0xe681b1},
    {0x719, 0xe681b5},
    {0x12d9, 0xe681b7},
    {0x542e, 0xe681be},
    {0x38cc, 0xe681bf},
    {0x12e5, 0xe68281},
    {0x542f, 0xe68282},
    {0x12e8, 0xe68283},
    {0x12ea, 0xe68284},
    {0x2107, 0xe68285},
    {0x5430, 0xe68286},
    {0x5431, 0xe68288},
    {0x8e9, 0xe68289},
    {0x2108, 0xe6828a},
    {0x12f0, 0xe6828b},
    {0xc0c, 0xe6828c},
    {0x12e6, 0xe6828d},
    {0x5432, 0xe6828e},
    {0x5433, 0xe68291},
    {0x12ee, 0xe68292},
    {0x5434, 0xe68293},
    {0x579, 0xe68294},
    {0x44de, 0xe68295},
    {0x5435, 0xe68298},
    {0x12e9, 0xe6829a},
    {0x12eb, 0xe6829b},
    {0x41e1, 0xe6829d},
    {0x38cd, 0xe6829e},
    {0x79b, 0xe6829f},
    {0xf14, 0xe682a0},
    {0x5437, 0xe682a2},
    {0x5f1, 0xe682a3},
    {0x38ce, 0xe682a4},
    {0x5438, 0xe682a5},
    {0x4fb, 0xe682a6},
    {0x12ef, 0xe682a7},
    {0x44df, 0xe682a8},
    {0xcf0, 0xe682a9},
    {0x471, 0xe682aa},
    {0x38cf, 0xe682b0},
    {0x44e1, 0xe682b1},
    {0xd75, 0xe682b2},
    {0x12c7, 0xe682b3},
    {0x12f5, 0xe682b4},
    {0x12f9, 0xe682b5},
    {0xef1, 0xe682b6},
    {0x5439, 0xe682b7},
    {0x12f2, 0xe682b8},
    {0x4ba1, 0xe682bb},
    {0xc63, 0xe682bc},
    {0x12f7, 0xe682bd},
    {0x44e2, 0xe682be},
    {0x543a, 0xe68382},
    {0x4ba2, 0xe68384},
    {0x9d8, 0xe68385},
    {0x12f8, 0xe68386},
    {0xcaf, 0xe68387},
    {0x44e3, 0xe68388},
    {0x38d0, 0xe6838b},
    {0xfed, 0xe68391},
    {0x12f4, 0xe68393},
    {0x41e2, 0xe68394},
    {0x210a, 0xe68395},
    {0x12fa, 0xe68398},
    {0x44e4, 0xe68399},
    {0x80d, 0xe6839a},
    {0x38d1, 0xe6839b},
    {0xa6f, 0xe6839c},
    {0x41e3, 0xe6839d},
    {0x2109, 0xe6839e},
    {0x498, 0xe6839f},
    {0x12f3, 0xe683a0},
    {0x12f1, 0xe683a1},
    {0x543f, 0xe683a2},
    {0xadc, 0xe683a3},
    {0x5440, 0xe683a5},
    {0x12e7, 0xe683a7},
    {0x882, 0xe683a8},
    {0x44e5, 0xe683ae},
    {0xb26, 0xe683b0},
    {0x1306, 0xe683b1},
    {0x210c, 0xe683b2},
    {0xadd, 0xe683b3},
    {0x1301, 0xe683b4},
    {0x44e6, 0xe683b5},
    {0x38d2, 0xe683b8},
    {0x912, 0xe683b9},
    {0x1302, 0xe683ba},
    {0x1305, 0xe683bb},
    {0x5441, 0xe683bc},
    {0x4ba3, 0xe683bd},
    {0x1300, 0xe68480},
    {0x92f, 0xe68481},
    {0x5442, 0xe68482},
    {0x1303, 0xe68483},
    {0x12fd, 0xe68486},
    {0x5443, 0xe68487},
    {0xf08, 0xe68488},
    {0xf07, 0xe68489},
    {0x4ba4, 0xe6848a},
    {0x5444, 0xe6848c},
    {0x499, 0xe6848f},
    {0x44e7, 0xe68490},
    {0x210d, 0xe68491},
    {0x12fc, 0xe68495},
    {0x4ba5, 0xe68496},
    {0x5445, 0xe68497},
    {0x44e8, 0xe68499},
    {0x6ea, 0xe6849a},
    {0x46a, 0xe6849b},
    {0x38d6, 0xe6849c},
    {0x44e9, 0xe6849e},
    {0x5f2, 0xe6849f},
    {0x210b, 0xe684a0},
    {0x1304, 0xe684a1},
    {0x5446, 0xe684a2},
    {0x130c, 0xe684a7},
    {0x130b, 0xe684a8},
    {0x4ba6, 0xe684aa},
    {0x41e4, 0xe684ab},
    {0x1310, 0xe684ac},
    {0x210f, 0xe684b0},
    {0x5447, 0xe684b1},
    {0x1311, 0xe684b4},
    {0x5448, 0xe684b5},
    {0x4ba7, 0xe684b6},
    {0x210e, 0xe684b7},
    {0x5449, 0xe684b9},
    {0x44ea, 0xe684ba},
    {0x130f, 0xe684bc},
    {0x1312, 0xe684bd},
    {0x130a, 0xe684be},
    {0x130e, 0xe684bf},
    {0x44ec, 0xe68581},
    {0x1313, 0xe68582},
    {0x1314, 0xe68584},
    {0x544a, 0xe68585},
    {0x44ed, 0xe68586},
    {0x1309, 0xe68587},
    {0x8ca, 0xe68588},
    {0x544b, 0xe68589},
    {0x130d, 0xe6858a},
    {0xb36, 0xe6858b},
    {0x7c4, 0xe6858c},
    {0x12fb, 0xe6858d},
    {0x9fb, 0xe6858e},
    {0x1321, 0xe68593},
    {0xe39, 0xe68595},
    {0x1320, 0xe6859d},
    {0x4ba8, 0xe6859e},
    {0x131f, 0xe6859f},
    {0x44ee, 0xe685a0},
    {0xeab, 0xe685a2},
    {0x5f3, 0xe685a3},
    {0x4ba9, 0xe685a4},
    {0x131d, 0xe685a5},
    {0x71b, 0xe685a7},
    {0x592, 0xe685a8},
    {0x131a, 0xe685ab},
    {0x544c, 0xe685ac},
    {0xf80, 0xe685ae},
    {0x131c, 0xe685af},
    {0x49a, 0xe685b0},
    {0x131e, 0xe685b1},
    {0x544d, 0xe685b2},
    {0x1315, 0xe685b3},
    {0x131b, 0xe685b4},
    {0x1322, 0xe685b5},
    {0x71a, 0xe685b6},
    {0x1316, 0xe685b7},
    {0x544e, 0xe685b8},
    {0x4baa, 0xe685bb},
    {0x38d7, 0xe685bc},
    {0x4bab, 0xe685bd},
    {0xf47, 0xe685be},
    {0x4bac, 0xe685bf},
    {0xf15, 0xe68682},
    {0x1325, 0xe68687},
    {0x1329, 0xe6868a},
    {0x5453, 0xe6868b},
    {0x38d8, 0xe6868d},
    {0xb00, 0xe6868e},
    {0xfc1, 0xe68690},
    {0x132a, 0xe68691},
    {0x1327, 0xe68694},
    {0x1324, 0xe68696},
    {0x44f2, 0xe68697},
    {0x2110, 0xe68698},
    {0x1323, 0xe68699},
    {0x1328, 0xe6869a},
    {0x5454, 0xe6869c},
    {0x4bad, 0xe6869d},
    {0x38d9, 0xe6869f},
    {0x5455, 0xe686a0},
    {0xe00, 0xe686a4},
    {0x44f3, 0xe686a5},
    {0xc8c, 0xe686a7},
    {0x38da, 0xe686a8},
    {0x71c, 0xe686a9},
    {0x5456, 0xe686aa},
    {0x132b, 0xe686ab},
    {0x1326, 0xe686ac},
    {0x44f4, 0xe686ad},
    {0x132c, 0xe686ae},
    {0x751, 0xe686b2},
    {0x531, 0xe686b6},
    {0x4bae, 0xe686b8},
    {0x41e6, 0xe686b9},
    {0x1334, 0xe686ba},
    {0x41e5, 0xe686bc},
    {0x5f4, 0xe686be},
    {0x38db, 0xe68782},
    {0x1332, 0xe68783},
    {0x1333, 0xe68786},
    {0x819, 0xe68787},
    {0x1331, 0xe68788},
    {0x132f, 0xe68789},
    {0x132e, 0xe6878a},
    {0x1335, 0xe6878b},
    {0x132d, 0xe6878c},
    {0x1337, 0xe6878d},
    {0x57b, 0xe68790},
    {0x44f6, 0xe68795},
    {0x4baf, 0xe6879c},
    {0x44f7, 0xe6879d},
    {0x545b, 0xe6879e},
    {0x38dc, 0xe6879f},
    {0x545c, 0xe687a1},
    {0x4bb0, 0xe687a2},
    {0x1339, 0xe687a3},
    {0x4bb1, 0xe687a5},
    {0x1338, 0xe687a6},
    {0x545d, 0xe687a7},
    {0x4bb2, 0xe687a8},
    {0x545e, 0xe687a9},
    {0x5461, 0xe687af},
    {0xbc4, 0xe687b2},
    {0x133c, 0xe687b4},
    {0x44f8, 0xe687b5},
    {0x133a, 0xe687b6},
    {0x1330, 0xe687b7},
    {0x752, 0xe687b8},
    {0x133b, 0xe687ba},
    {0x133f, 0xe687bc},
    {0x133e, 0xe687bd},
    {0x1340, 0xe687be},
    {0x133d, 0xe687bf},
    {0x1341, 0xe68880},
    {0x5462, 0xe68881},
    {0x5463, 0xe68883},
    {0x4bb3, 0xe68884},
    {0x4bb4, 0xe68887},
    {0xe3a, 0xe6888a},
    {0x1345, 0xe6888c},
    {0x1344, 0xe6888d},
    {0x949, 0xe6888e},
    {0xa52, 0xe68890},
    {0x566, 0xe68891},
    {0x57c, 0xe68892},
    {0x2111, 0xe68893},
    {0x1346, 0xe68894},
    {0x38dd, 0xe68895},
    {0x483, 0xe68896},
    {0xa70, 0xe6889a},
    {0x1347, 0xe6889b},
    {0x5464, 0xe6889c},
    {0x1a64, 0xe6889d},
    {0x1348, 0xe6889e},
    {0x737, 0xe6889f},
    {0x5465, 0xe688a0},
    {0x1349, 0xe688a1},
    {0x41e7, 0xe688a2},
    {0x44fa, 0xe688a3},
    {0xa93, 0xe688a6},
    {0x5466, 0xe688a7},
    {0x38de, 0xe688a9},
    {0x134a, 0xe688aa},
    {0x5467, 0xe688ab},
    {0x134b, 0xe688ae},
    {0x654, 0xe688af},
    {0x134c, 0xe688b0},
    {0x4bb5, 0xe688b1},
    {0xb37, 0xe688b4},
    {0x35bd, 0xe688b6},
    {0x781, 0xe688b8},
    {0x4bb6, 0xe688b9},
    {0xeed, 0xe688bb},
    {0x4bb7, 0xe688bd},
    {0x344e, 0xe688be},
    {0xe6a, 0xe688bf},
    {0x974, 0xe68980},
    {0x134f, 0xe68981},
    {0x5468, 0xe68982},
    {0x38df, 0xe68983},
    {0x5469, 0xe68984},
    {0x38e0, 0xe68986},
    {0xa94, 0xe68987},
    {0x1b1a, 0xe68988},
    {0xd76, 0xe68989},
    {0x916, 0xe6898b},
    {0x38e1, 0xe6898c},
    {0x83d, 0xe6898d},
    {0x1350, 0xe6898e},
    {0x546a, 0xe68990},
    {0x38e2, 0xe68991},
    {0x44fb, 0xe68992},
    {0xb27, 0xe68993},
    {0x546b, 0xe68994},
    {0xdf7, 0xe68995},
    {0x38e3, 0xe68996},
    {0xb51, 0xe68998},
    {0x41e8, 0xe6899a},
    {0x1353, 0xe6899b},
    {0x546c, 0xe6899c},
    {0x1351, 0xe6899e},
    {0x1354, 0xe689a0},
    {0x44fc, 0xe689a1},
    {0x1352, 0xe689a3},
    {0x44fd, 0xe689a4},
    {0x1355, 0xe689a8},
    {0x44ff, 0xe689ad},
    {0xe01, 0xe689ae},
    {0x41e9, 0xe689af},
    {0x47b, 0xe689b1},
    {0x4500, 0xe689b3},
    {0xdd0, 0xe689b6},
    {0xd77, 0xe689b9},
    {0x4bb8, 0xe689ba},
    {0x44fe, 0xe689bb},
    {0x1356, 0xe689bc},
    {0x546d, 0xe689bd},
    {0x1359, 0xe689be},
    {0x99d, 0xe689bf},
    {0x655, 0xe68a80},
    {0x1357, 0xe68a82},
    {0x135e, 0xe68a83},
    {0x99e, 0xe68a84},
    {0x35c5, 0xe68a85},
    {0x1358, 0xe68a89},
    {0xcfa, 0xe68a8a},
    {0x4bb9, 0xe68a90},
    {0xf48, 0xe68a91},
    {0x135f, 0xe68a94},
    {0xc64, 0xe68a95},
    {0x135c, 0xe68a96},
    {0x7c5, 0xe68a97},
    {0xa82, 0xe68a98},
    {0x4501, 0xe68a99},
    {0x136d, 0xe68a9b},
    {0xd48, 0xe68a9c},
    {0xb52, 0xe68a9e},
    {0x2112, 0xe68aa6},
    {0x4bba, 0xe68aa8},
    {0xd78, 0xe68aab},
    {0x13b2, 0xe68aac},
    {0xe4a, 0xe68ab1},
    {0x5471, 0xe68ab3},
    {0xc0d, 0xe68ab5},
    {0xea3, 0xe68ab9},
    {0x5474, 0xe68aba},
    {0x1362, 0xe68abb},
    {0x521, 0xe68abc},
    {0xba8, 0xe68abd},
    {0x136b, 0xe68b82},
    {0x38e4, 0xe68b84},
    {0xb72, 0xe68b85},
    {0x1365, 0xe68b86},
    {0x136c, 0xe68b87},
    {0x1367, 0xe68b88},
    {0x136e, 0xe68b89},
    {0x136a, 0xe68b8a},
    {0x1369, 0xe68b8c},
    {0xd25, 0xe68b8d},
    {0x5477, 0xe68b8e},
    {0x1363, 0xe68b8f},
    {0x57d, 0xe68b90},
    {0x1361, 0xe68b91},
    {0x68b, 0xe68b92},
    {0xb53, 0xe68b93},
    {0x135d, 0xe68b94},
    {0x4502, 0xe68b95},
    {0x41ea, 0xe68b96},
    {0x1360, 0xe68b97},
    {0x7c6, 0xe68b98},
    {0xa7f, 0xe68b99},
    {0x4bbb, 0xe68b9a},
    {0x99f, 0xe68b9b},
    {0x1368, 0xe68b9c},
    {0xd08, 0xe68b9d},
    {0x68c, 0xe68ba0},
    {0x5a6, 0xe68ba1},
    {0x5478, 0xe68baa},
    {0x5c5, 0xe68bac},
    {0x9e7, 0xe68bad},
    {0x1370, 0xe68bae},
    {0x1375, 0xe68baf},
    {0x1371, 0xe68bb1},
    {0x5479, 0xe68bb2},
    {0x753, 0xe68bb3},
    {0x4bbc, 0xe68bb4},
    {0x1376, 0xe68bb5},
    {0x870, 0xe68bb6},
    {0x7fb, 0xe68bb7},
    {0x38e5, 0xe68bbc},
    {0x4504, 0xe68bbd},
    {0x930, 0xe68bbe},
    {0x1364, 0xe68bbf},
    {0x8cb, 0xe68c81},
    {0x1373, 0xe68c82},
    {0x4505, 0xe68c83},
    {0x547a, 0xe68c84},
    {0x8a6, 0xe68c87},
    {0x1374, 0xe68c88},
    {0x488, 0xe68c89},
    {0x38e6, 0xe68c8a},
    {0x547b, 0xe68c8b},
    {0x136f, 0xe68c8c},
    {0x38e7, 0xe68c8d},
    {0x4506, 0xe68c90},
    {0xbc5, 0xe68c91},
    {0x547c, 0xe68c93},
    {0x4bbd, 0xe68c96},
    {0x38e8, 0xe68c98},
    {0x68d, 0xe68c99},
    {0x3737, 0xe68c9b},
    {0x6ac, 0xe68c9f},
    {0x1372, 0xe68ca7},
    {0x46b, 0xe68ca8},
    {0x547d, 0xe68ca9},
    {0x4bbe, 0xe68caa},
    {0x833, 0xe68cab},
    {0x547e, 0xe68cad},
    {0x9fc, 0xe68caf},
    {0x4509, 0xe68cb2},
    {0x450a, 0xe68cb5},
    {0x4bbf, 0xe68cb6},
    {0x38e9, 0xe68cb9},
    {0xc0e, 0xe68cba},
    {0xd68, 0xe68cbd},
    {0x1378, 0xe68cbe},
    {0xae0, 0xe68cbf},
    {0x450d, 0xe68d81},
    {0x450e, 0xe68d84},
    {0x4bc0, 0xe68d86},
    {0xb0a, 0xe68d89},
    {0x547f, 0xe68d8a},
    {0x4bc1, 0xe68d8b},
    {0x879, 0xe68d8c},
    {0x1379, 0xe68d8d},
    {0x450f, 0xe68d8e},
    {0x137b, 0xe68d8f},
    {0x1377, 0xe68d90},
    {0x5480, 0xe68d92},
    {0x4bc2, 0xe68d93},
    {0x5481, 0xe68d94},
    {0xe31, 0xe68d95},
    {0xbd9, 0xe68d97},
    {0x5482, 0xe68d98},
    {0x4511, 0xe68d99},
    {0x5483, 0xe68d9b},
    {0xade, 0xe68d9c},
    {0x38ec, 0xe68da5},
    {0x5484, 0xe68da6},
    {0xe4b, 0xe68da7},
    {0x8fa, 0xe68da8},
    {0x1387, 0xe68da9},
    {0x1386, 0xe68dab},
    {0x4514, 0xe68dac},
    {0x5485, 0xe68dad},
    {0xa3e, 0xe68dae},
    {0x4bc3, 0xe68db1},
    {0x754, 0xe68db2},
    {0x38ed, 0xe68db4},
    {0x4bc4, 0xe68db5},
    {0x1380, 0xe68db6},
    {0x9a1, 0xe68db7},
    {0x5486, 0xe68db8},
    {0xcc0, 0xe68dba},
    {0xce7, 0xe68dbb},
    {0x41eb, 0xe68dbc},
    {0x38ee, 0xe68dbd},
    {0x4bc5, 0xe68dbf},
    {0x137e, 0xe68e80},
    {0x4bc6, 0xe68e82},
    {0xadf, 0xe68e83},
    {0x38ef, 0xe68e84},
    {0x38f0, 0xe68e87},
    {0x924, 0xe68e88},
    {0x1383, 0xe68e89},
    {0x4bc7, 0xe68e8a},
    {0x9a0, 0xe68e8c},
    {0x137d, 0xe68e8e},
    {0x1382, 0xe68e8f},
    {0x38f1, 0xe68e90},
    {0xd09, 0xe68e92},
    {0x4517, 0xe68e94},
    {0x5487, 0xe68e95},
    {0x137c, 0xe68e96},
    {0x6f7, 0xe68e98},
    {0x4515, 0xe68e99},
    {0x5488, 0xe68e9a},
    {0x5bb, 0xe68e9b},
    {0x38f2, 0xe68e9e},
    {0x1384, 0xe68e9f},
    {0xf73, 0xe68ea0},
    {0x83e, 0xe68ea1},
    {0xb73, 0xe68ea2},
    {0x1381, 0xe68ea3},
    {0x5489, 0xe68ea4},
    {0xa80, 0xe68ea5},
    {0x548a, 0xe68ea6},
    {0x7c7, 0xe68ea7},
    {0xa2a, 0xe68ea8},
    {0x508, 0xe68ea9},
    {0xabe, 0xe68eaa},
    {0x137f, 0xe68eab},
    {0x65f, 0xe68eac},
    {0x548b, 0xe68ead},
    {0x71d, 0xe68eb2},
    {0xbeb, 0xe68eb4},
    {0x1385, 0xe68eb5},
    {0xae1, 0xe68ebb},
    {0x4518, 0xe68ebd},
    {0x1388, 0xe68ebe},
    {0x138a, 0xe68f80},
    {0x548c, 0xe68f81},
    {0xb17, 0xe68f83},
    {0x1390, 0xe68f84},
    {0x548d, 0xe68f85},
    {0x138b, 0xe68f86},
    {0x548e, 0xe68f88},
    {0x138d, 0xe68f89},
    {0x548f, 0xe68f8e},
    {0xdb3, 0xe68f8f},
    {0xc0f, 0xe68f90},
    {0x38f3, 0xe68f91},
    {0x138e, 0xe68f92},
    {0x5490, 0xe68f93},
    {0xf16, 0xe68f96},
    {0xf32, 0xe68f9a},
    {0x5f5, 0xe68f9b},
    {0x38f4, 0xe68f9c},
    {0x451b, 0xe68fa0},
    {0x472, 0xe68fa1},
    {0x138c, 0xe68fa3},
    {0x41ec, 0xe68fa5},
    {0x1389, 0xe68fa9},
    {0x4bca, 0xe68faa},
    {0x341c, 0xe68fad},
    {0x634, 0xe68fae},
    {0x451e, 0xe68fb2},
    {0x5491, 0xe68fb3},
    {0x509, 0xe68fb4},
    {0x2113, 0xe68fb5},
    {0x138f, 0xe68fb6},
    {0x3644, 0xe68fb7},
    {0xf33, 0xe68fba},
    {0x1393, 0xe69086},
    {0x38f5, 0xe69089},
    {0x5492, 0xe6908a},
    {0xb1b, 0xe6908d},
    {0x139a, 0xe6908f},
    {0x38f6, 0xe69090},
    {0x4bcd, 0xe69092},
    {0x1394, 0xe69093},
    {0x1e2c, 0xe69094},
    {0x1391, 0xe69096},
    {0x1398, 0xe69097},
    {0x4bce, 0xe69098},
    {0x137a, 0xe6909c},
    {0x451f, 0xe6909e},
    {0x4bcf, 0xe690a0},
    {0x38f7, 0xe690a2},
    {0x4bd0, 0xe690a4},
    {0x4520, 0xe690a5},
    {0x1395, 0xe690a6},
    {0x1399, 0xe690a8},
    {0x4521, 0xe690a9},
    {0x4bd1, 0xe690aa},
    {0xd56, 0xe690ac},
    {0xc65, 0xe690ad},
    {0x4522, 0xe690af},
    {0x5493, 0xe690b0},
    {0x1392, 0xe690b4},
    {0x4bd2, 0xe690b5},
    {0x1396, 0xe690b6},
    {0x71e, 0xe690ba},
    {0x4bd3, 0xe690bd},
    {0x861, 0xe690be},
    {0x4bd4, 0xe690bf},
    {0xa81, 0xe69182},
    {0x5494, 0xe6918b},
    {0x139e, 0xe6918e},
    {0x5495, 0xe6918f},
    {0x1e43, 0xe69191},
    {0x4bd5, 0xe69192},
    {0x5496, 0xe69193},
    {0x38f8, 0xe69194},
    {0xc20, 0xe69198},
    {0x4523, 0xe6919a},
    {0x38f9, 0xe6919b},
    {0x5497, 0xe6919c},
    {0x4524, 0xe6919d},
    {0x4bd6, 0xe6919f},
    {0x2114, 0xe691a0},
    {0x5498, 0xe691a1},
    {0x5499, 0xe691a3},
    {0x139b, 0xe691a7},
    {0xe8e, 0xe691a9},
    {0x38fa, 0xe691ad},
    {0x139c, 0xe691af},
    {0x4525, 0xe691b3},
    {0x4bd7, 0xe691b4},
    {0x139d, 0xe691b6},
    {0xeda, 0xe691b8},
    {0x41ed, 0xe691b9},
    {0xa46, 0xe691ba},
    {0x38fb, 0xe691bb},
    {0x4526, 0xe691bd},
    {0x738, 0xe69283},
    {0x549a, 0xe69285},
    {0x4527, 0xe69287},
    {0x13a4, 0xe69288},
    {0x549b, 0xe6928f},
    {0x4bd8, 0xe69290},
    {0x4528, 0xe69291},
    {0x883, 0xe69292},
    {0x13a1, 0xe69293},
    {0x13a0, 0xe69295},
    {0xce8, 0xe6929a},
    {0x549c, 0xe6929b},
    {0x2115, 0xe6929d},
    {0xc8d, 0xe6929e},
    {0x4529, 0xe6929f},
    {0x549d, 0xe692a1},
    {0x549e, 0xe692a3},
    {0xc2b, 0xe692a4},
    {0x13a2, 0xe692a5},
    {0x549f, 0xe692a6},
    {0x54a0, 0xe692a8},
    {0x13a3, 0xe692a9},
    {0xde1, 0xe692ab},
    {0x4bdb, 0xe692ac},
    {0xcfb, 0xe692ad},
    {0x871, 0xe692ae},
    {0xa95, 0xe692b0},
    {0xe7e, 0xe692b2},
    {0x4bdc, 0xe692b3},
    {0x5a7, 0xe692b9},
    {0x13aa, 0xe692bb},
    {0x13a5, 0xe692bc},
    {0x54a1, 0xe692bd},
    {0xf34, 0xe69381},
    {0x13ac, 0xe69382},
    {0x41ee, 0xe69384},
    {0x13a8, 0xe69385},
    {0x13a9, 0xe69387},
    {0x54a2, 0xe69389},
    {0x341d, 0xe6938a},
    {0xae2, 0xe6938d},
    {0x2116, 0xe6938e},
    {0x41ef, 0xe69390},
    {0x54a3, 0xe69391},
    {0x13a7, 0xe69392},
    {0x1366, 0xe69394},
    {0x452c, 0xe69395},
    {0x452d, 0xe69397},
    {0x13ab, 0xe69398},
    {0x13a6, 0xe6939a},
    {0xc21, 0xe693a2},
    {0x13b3, 0xe693a3},
    {0x452f, 0xe693a4},
    {0x38fe, 0xe693a5},
    {0x872, 0xe693a6},
    {0x13ae, 0xe693a7},
    {0x656, 0xe693ac},
    {0x4bdd, 0xe693ad},
    {0x13b4, 0xe693af},
    {0x4bde, 0xe693b0},
    {0x13ad, 0xe693b1},
    {0x13b8, 0xe693b2},
    {0x13b7, 0xe693b4},
    {0x54a6, 0xe693b5},
    {0x13b6, 0xe693b6},
    {0x38ff, 0xe693b7},
    {0x13b9, 0xe693ba},
    {0x3900, 0xe693bb},
    {0x13bb, 0xe693bd},
    {0x9d9, 0xe693be},
    {0x4530, 0xe693bf},
    {0x13ba, 0xe69480},
    {0x54a7, 0xe69481},
    {0x3901, 0xe69484},
    {0x13be, 0xe69485},
    {0x4532, 0xe6948f},
    {0x54ab, 0xe69493},
    {0x4533, 0xe69494},
    {0x3902, 0xe69496},
    {0x13bc, 0xe69498},
    {0x3903, 0xe69499},
    {0x4bdf, 0xe6949b},
    {0x13bd, 0xe6949c},
    {0x1397, 0xe6949d},
    {0x4535, 0xe6949e},
    {0x4be0, 0xe6949f},
    {0x1e97, 0xe694a2},
    {0x13c0, 0xe694a3},
    {0x13bf, 0xe694a4},
    {0x54ac, 0xe694a6},
    {0x41f0, 0xe694a9},
    {0x139f, 0xe694aa},
    {0x13c1, 0xe694ab},
    {0x13b5, 0xe694ac},
    {0x4be1, 0xe694ae},
    {0x8a7, 0xe694af},
    {0x54ad, 0xe694b1},
    {0x4536, 0xe694b2},
    {0x13c5, 0xe694b6},
    {0x13c4, 0xe694b7},
    {0x13c6, 0xe694b8},
    {0x57e, 0xe694b9},
    {0x54ae, 0xe694ba},
    {0x7c8, 0xe694bb},
    {0xe4c, 0xe694be},
    {0xa53, 0xe694bf},
    {0x54b1, 0xe69583},
    {0x4537, 0xe69584},
    {0x782, 0xe69585},
    {0x3904, 0xe69587},
    {0x13c8, 0xe69588},
    {0x4be2, 0xe69589},
    {0x13cb, 0xe6958d},
    {0x2117, 0xe6958e},
    {0xdc4, 0xe6958f},
    {0x54b2, 0xe69590},
    {0x679, 0xe69591},
    {0x54b3, 0xe69592},
    {0x4538, 0xe69594},
    {0x13ca, 0xe69595},
    {0x13c9, 0xe69596},
    {0xd0a, 0xe69597},
    {0x13cc, 0xe69598},
    {0x6ad, 0xe69599},
    {0x13ce, 0xe6959d},
    {0x13cd, 0xe6959e},
    {0x54b4, 0xe6959f},
    {0x4be3, 0xe695a0},
    {0x5f6, 0xe695a2},
    {0x884, 0xe695a3},
    {0xcb0, 0xe695a6},
    {0x3905, 0xe695a7},
    {0x4539, 0xe695ab},
    {0x71f, 0xe695ac},
    {0xa3a, 0xe695b0},
    {0x13cf, 0xe695b2},
    {0xa54, 0xe695b4},
    {0xc22, 0xe695b5},
    {0xdd1, 0xe695b7},
    {0x13d0, 0xe695b8},
    {0x453a, 0xe695ba},
    {0x54b5, 0xe695bd},
    {0x3906, 0xe69681},
    {0x453b, 0xe69684},
    {0x3907, 0xe69685},
    {0xe08, 0xe69687},
    {0x120c, 0xe69688},
    {0xa6a, 0xe69689},
    {0x453c, 0xe6968a},
    {0xdbe, 0xe6968c},
    {0x848, 0xe6968e},
    {0xd79, 0xe69690},
    {0xd57, 0xe69691},
    {0x4be4, 0xe69692},
    {0x4be5, 0xe69695},
    {0xc47, 0xe69697},
    {0x54b6, 0xe69698},
    {0xf89, 0xe69699},
    {0x13d4, 0xe6969b},
    {0x8fc, 0xe6969c},
    {0x41f1, 0xe6969d},
    {0x13d5, 0xe6969f},
    {0x54b7, 0xe696a0},
    {0x47a, 0xe696a1},
    {0x54b8, 0xe696a3},
    {0x6cc, 0xe696a4},
    {0xa71, 0xe696a5},
    {0x54b9, 0xe696a6},
    {0xdd2, 0xe696a7},
    {0x13d6, 0xe696ab},
    {0x890, 0xe696ac},
    {0xb85, 0xe696ad},
    {0x54ba, 0xe696ae},
    {0x8a9, 0xe696af},
    {0x9fd, 0xe696b0},
    {0x453d, 0xe696b2},
    {0x54bb, 0xe696b3},
    {0x4be6, 0xe696b4},
    {0x453e, 0xe696b5},
    {0x13d7, 0xe696b7},
    {0x453f, 0xe696b8},
    {0xe4d, 0xe696b9},
    {0x519, 0xe696bc},
    {0x8aa, 0xe696bd},
    {0x4be7, 0xe696be},
    {0x4540, 0xe696bf},
    {0x13da, 0xe69781},
    {0x3908, 0xe69782},
    {0x13d8, 0xe69783},
    {0x13db, 0xe69784},
    {0xf81, 0xe69785},
    {0x13d9, 0xe69786},
    {0x4be8, 0xe69788},
    {0x4541, 0xe69789},
    {0xa9f, 0xe6978b},
    {0x13dc, 0xe6978c},
    {0x4be9, 0xe6978e},
    {0xb12, 0xe6978f},
    {0x4bea, 0xe69790},
    {0x13dd, 0xe69792},
    {0x4542, 0xe69794},
    {0x54bc, 0xe69796},
    {0x636, 0xe69797},
    {0x54bd, 0xe69798},
    {0x13df, 0xe69799},
    {0x13de, 0xe6979b},
    {0x4beb, 0xe6979f},
    {0x637, 0xe697a2},
    {0x3585, 0xe697a3},
    {0xcd4, 0xe697a5},
    {0xb74, 0xe697a6},
    {0x686, 0xe697a7},
    {0x8ab, 0xe697a8},
    {0xae3, 0xe697a9},
    {0x966, 0xe697ac},
    {0x474, 0xe697ad},
    {0x3909, 0xe697b0},
    {0x13e2, 0xe697b1},
    {0x390a, 0xe697b2},
    {0x4544, 0xe697b9},
    {0x522, 0xe697ba},
    {0x13e6, 0xe697bb},
    {0x4545, 0xe697bc},
    {0x2118, 0xe69880},
    {0x7c9, 0xe69882},
    {0x13e5, 0xe69883},
    {0x4546, 0xe69884},
    {0x81b, 0xe69886},
    {0x9a2, 0xe69887},
    {0x4547, 0xe69888},
    {0x211a, 0xe69889},
    {0x13e4, 0xe6988a},
    {0x9a3, 0xe6988c},
    {0x54c3, 0xe6988d},
    {0xecc, 0xe6988e},
    {0x81a, 0xe6988f},
    {0x49b, 0xe69893},
    {0xa72, 0xe69894},
    {0x2119, 0xe69895},
    {0x54c6, 0xe69896},
    {0x13eb, 0xe6989c},
    {0x54c7, 0xe6989d},
    {0x4f50, 0xe6989e},
    {0xa55, 0xe6989f},
    {0x4e9, 0xe698a0},
    {0x4548, 0xe698a1},
    {0x41f3, 0xe698a2},
    {0x54c8, 0xe698a3},
    {0x211d, 0xe698a4},
    {0x95f, 0xe698a5},
    {0x54c9, 0xe698a6},
    {0xe94, 0xe698a7},
    {0x862, 0xe698a8},
    {0x54ca, 0xe698a9},
    {0x4549, 0xe698aa},
    {0x41f4, 0xe698ab},
    {0x390b, 0xe698ac},
    {0x9a4, 0xe698ad},
    {0x211b, 0xe698ae},
    {0xa4b, 0xe698af},
    {0x41f5, 0xe698b0},
    {0x20ae, 0xe698b1},
    {0x41f6, 0xe698b3},
    {0x13ea, 0xe698b4},
    {0x54cc, 0xe698b7},
    {0x54cb, 0xe698b9},
    {0x41f2, 0xe698ba},
    {0x1e00, 0xe698bb},
    {0xba9, 0xe698bc},
    {0x1409, 0xe698bf},
    {0x54cd, 0xe69980},
    {0x13ef, 0xe69981},
    {0x8cc, 0xe69982},
    {0x7ca, 0xe69983},
    {0x13ed, 0xe69984},
    {0x454a, 0xe69985},
    {0x54ce, 0xe69986},
    {0x41f7, 0xe69988},
    {0x13ee, 0xe69989},
    {0x54cf, 0xe6998a},
    {0x9fe, 0xe6998b},
    {0x390c, 0xe6998c},
    {0x454c, 0xe6998e},
    {0x13ec, 0xe6998f},
    {0x454b, 0xe69991},
    {0x87d, 0xe69992},
    {0x211f, 0xe69997},
    {0x54d0, 0xe69998},
    {0x2120, 0xe69999},
    {0x3441, 0xe6999a},
    {0x13f1, 0xe6999d},
    {0x13f0, 0xe6999e},
    {0x13f5, 0xe6999f},
    {0x54d1, 0xe699a0},
    {0x390f, 0xe699a1},
    {0x13f6, 0xe699a2},
    {0x373a, 0xe699a3},
    {0x13f2, 0xe699a4},
    {0x211e, 0xe699a5},
    {0x580, 0xe699a6},
    {0xd69, 0xe699a9},
    {0x4551, 0xe699aa},
    {0x3910, 0xe699ab},
    {0xdd3, 0xe699ae},
    {0x720, 0xe699af},
    {0x13f7, 0xe699b0},
    {0x2122, 0xe699b3},
    {0xa56, 0xe699b4},
    {0x54d2, 0xe699b5},
    {0x9a5, 0xe699b6},
    {0x54d4, 0xe699b9},
    {0xb90, 0xe699ba},
    {0x4554, 0xe699bb},
    {0x54d5, 0xe699bc},
    {0x4bec, 0xe699be},
    {0x54d3, 0xe699bf},
    {0x4555, 0xe69a80},
    {0x6bf, 0xe69a81},
    {0x13f8, 0xe69a83},
    {0x13fc, 0xe69a84},
    {0x54b, 0xe69a87},
    {0x13f9, 0xe69a88},
    {0x13fb, 0xe69a89},
    {0x41fb, 0xe69a8d},
    {0x13fa, 0xe69a8e},
    {0x4556, 0xe69a90},
    {0x975, 0xe69a91},
    {0x4557, 0xe69a92},
    {0xb86, 0xe69a96},
    {0x489, 0xe69a97},
    {0x13fd, 0xe69a98},
    {0x2123, 0xe69a99},
    {0x13fe, 0xe69a9d},
    {0x54d9, 0xe69a9f},
    {0x2124, 0xe69aa0},
    {0xbc6, 0xe69aa2},
    {0x3912, 0xe69aa4},
    {0xfb9, 0xe69aa6},
    {0x891, 0xe69aab},
    {0x4559, 0xe69aad},
    {0xe3b, 0xe69aae},
    {0x455a, 0xe69ab1},
    {0x2125, 0xe69ab2},
    {0x4bef, 0xe69ab3},
    {0xe6b, 0xe69ab4},
    {0x455b, 0xe69ab5},
    {0x1405, 0xe69ab8},
    {0x1400, 0xe69ab9},
    {0x41fc, 0xe69abb},
    {0x1403, 0xe69abc},
    {0x1402, 0xe69abe},
    {0x2126, 0xe69abf},
    {0x4bf0, 0xe69b80},
    {0x13ff, 0xe69b81},
    {0x1404, 0xe69b84},
    {0x3455, 0xe69b86},
    {0xcb6, 0xe69b87},
    {0x3913, 0xe69b88},
    {0x1401, 0xe69b89},
    {0x54dd, 0xe69b8c},
    {0x54de, 0xe69b8e},
    {0x4bf1, 0xe69b8f},
    {0x54df, 0xe69b94},
    {0x1406, 0xe69b96},
    {0x976, 0xe69b99},
    {0x1407, 0xe69b9a},
    {0x41fd, 0xe69b9b},
    {0xf35, 0xe69b9c},
    {0xd2e, 0xe69b9d},
    {0x54e0, 0xe69b9f},
    {0x1408, 0xe69ba0},
    {0x140a, 0xe69ba6},
    {0x41fe, 0xe69ba8},
    {0x140b, 0xe69ba9},
    {0x54e1, 0xe69bab},
    {0x3914, 0xe69bac},
    {0x54e2, 0xe69bae},
    {0x140c, 0xe69bb0},
    {0x6c2, 0xe69bb2},
    {0x4ea, 0xe69bb3},
    {0x7cb, 0xe69bb4},
    {0x140d, 0xe69bb5},
    {0x140e, 0xe69bb7},
    {0x97b, 0xe69bb8},
    {0xae4, 0xe69bb9},
    {0x2127, 0xe69bba},
    {0x20b1, 0xe69bbb},
    {0x10ed, 0xe69bbc},
    {0xac0, 0xe69bbd},
    {0xabf, 0xe69bbe},
    {0xb38, 0xe69bbf},
    {0x837, 0xe69c80},
    {0x455f, 0xe69c81},
    {0x104b, 0xe69c83},
    {0x3915, 0xe69c85},
    {0x54e3, 0xe69c87},
    {0x744, 0xe69c88},
    {0xf17, 0xe69c89},
    {0xe4e, 0xe69c8b},
    {0xdf0, 0xe69c8d},
    {0x2128, 0xe69c8e},
    {0x140f, 0xe69c8f},
    {0x4560, 0xe69c92},
    {0x3916, 0xe69c93},
    {0x863, 0xe69c94},
    {0xbdb, 0xe69c95},
    {0x1410, 0xe69c96},
    {0xfd5, 0xe69c97},
    {0x4562, 0xe69c99},
    {0xe6c, 0xe69c9b},
    {0x54e4, 0xe69c9c},
    {0xbc7, 0xe69c9d},
    {0x1411, 0xe69c9e},
    {0x638, 0xe69c9f},
    {0x54e5, 0xe69ca0},
    {0x54e6, 0xe69ca2},
    {0x4bf2, 0xe69ca5},
    {0xee6, 0xe69ca8},
    {0xeb0, 0xe69caa},
    {0xea4, 0xe69cab},
    {0xe8a, 0xe69cac},
    {0x873, 0xe69cad},
    {0x1415, 0xe69cae},
    {0x917, 0xe69cb1},
    {0x3917, 0xe69cb3},
    {0xe7f, 0xe69cb4},
    {0x4bf3, 0xe69cb5},
    {0x1417, 0xe69cb6},
    {0x141a, 0xe69cb7},
    {0x1419, 0xe69cb8},
    {0x635, 0xe69cba},
    {0x67a, 0xe69cbd},
    {0x54e7, 0xe69cbe},
    {0x1416, 0xe69cbf},
    {0x1418, 0xe69d81},
    {0x35b7, 0xe69d83},
    {0x54e8, 0xe69d85},
    {0x141b, 0xe69d86},
    {0x41ff, 0xe69d87},
    {0x3918, 0xe69d88},
    {0xa3f, 0xe69d89},
    {0x3919, 0xe69d8c},
    {0x4565, 0xe69d8d},
    {0xf65, 0xe69d8e},
    {0x48d, 0xe69d8f},
    {0x850, 0xe69d90},
    {0xb1c, 0xe69d91},
    {0x909, 0xe69d93},
    {0x4566, 0xe69d94},
    {0x4bf4, 0xe69d95},
    {0x9db, 0xe69d96},
    {0x141e, 0xe69d99},
    {0xc48, 0xe69d9c},
    {0x4567, 0xe69d9d},
    {0x141c, 0xe69d9e},
    {0xb0b, 0xe69d9f},
    {0x141d, 0xe69da0},
    {0x9da, 0xe69da1},
    {0xee9, 0xe69da2},
    {0xf52, 0xe69da5},
    {0x212a, 0xe69da6},
    {0x1425, 0xe69daa},
    {0x54e9, 0xe69dac},
    {0x7cc, 0xe69dad},
    {0x3571, 0xe69dae},
    {0xd0b, 0xe69daf},
    {0x1422, 0xe69db0},
    {0xc66, 0xe69db1},
    {0x13e3, 0xe69db2},
    {0x13e7, 0xe69db3},
    {0x456b, 0xe69db4},
    {0x669, 0xe69db5},
    {0x391a, 0xe69db6},
    {0xcfd, 0xe69db7},
    {0x391b, 0xe69dbb},
    {0x1424, 0xe69dbc},
    {0x9a6, 0xe69dbe},
    {0xd58, 0xe69dbf},
    {0x4bf5, 0xe69e80},
    {0x4200, 0xe69e81},
    {0x54ea, 0xe69e84},
    {0x142a, 0xe69e85},
    {0xd8e, 0xe69e87},
    {0x1421, 0xe69e89},
    {0x1427, 0xe69e8b},
    {0x1426, 0xe69e8c},
    {0x54eb, 0xe69e8e},
    {0x4bf6, 0xe69e8f},
    {0xa73, 0xe69e90},
    {0x4bf7, 0xe69e91},
    {0x456d, 0xe69e92},
    {0x4201, 0xe69e93},
    {0xe9b, 0xe69e95},
    {0x54ec, 0xe69e96},
    {0xf9b, 0xe69e97},
    {0x4202, 0xe69e98},
    {0x54ed, 0xe69e99},
    {0xe95, 0xe69e9a},
    {0x4203, 0xe69e9b},
    {0x54c, 0xe69e9c},
    {0x8ac, 0xe69e9d},
    {0xfee, 0xe69ea0},
    {0x1429, 0xe69ea1},
    {0xa3b, 0xe69ea2},
    {0x4bf8, 0xe69ea4},
    {0x1428, 0xe69ea6},
    {0x1423, 0xe69ea9},
    {0x783, 0xe69eaf},
    {0x391c, 0xe69eb0},
    {0x4bf9, 0xe69eb1},
    {0x391d, 0xe69eb2},
    {0x142f, 0xe69eb3},
    {0x142d, 0xe69eb4},
    {0x4bfa, 0xe69eb5},
    {0x54d, 0xe69eb6},
    {0x142b, 0xe69eb7},
    {0x1431, 0xe69eb8},
    {0x1437, 0xe69eb9},
    {0x212b, 0xe69ebb},
    {0x4bfb, 0xe69ebe},
    {0x212d, 0xe69f80},
    {0xb28, 0xe69f81},
    {0x54f0, 0xe69f82},
    {0x4571, 0xe69f83},
    {0xe11, 0xe69f84},
    {0x54f1, 0xe69f85},
    {0x1439, 0xe69f86},
    {0x4572, 0xe69f88},
    {0x54f2, 0xe69f89},
    {0xd94, 0xe69f8a},
    {0x1438, 0xe69f8e},
    {0xd26, 0xe69f8f},
    {0xe6d, 0xe69f90},
    {0x5f7, 0xe69f91},
    {0x4573, 0xe69f92},
    {0xa9b, 0xe69f93},
    {0x94a, 0xe69f94},
    {0x391f, 0xe69f97},
    {0xbef, 0xe69f98},
    {0x3920, 0xe69f99},
    {0xf18, 0xe69f9a},
    {0x4574, 0xe69f9b},
    {0x54f3, 0xe69f9c},
    {0x1434, 0xe69f9d},
    {0x1433, 0xe69f9e},
    {0x54f4, 0xe69fa1},
    {0x1435, 0xe69fa2},
    {0x1432, 0xe69fa4},
    {0x54f5, 0xe69fa6},
    {0x143a, 0xe69fa7},
    {0x1430, 0xe69fa9},
    {0x142e, 0xe69fac},
    {0x1436, 0xe69fae},
    {0x142c, 0xe69faf},
    {0x3921, 0xe69fb0},
    {0xbaa, 0xe69fb1},
    {0x54f6, 0xe69fb2},
    {0xf04, 0xe69fb3},
    {0x8f2, 0xe69fb4},
    {0x864, 0xe69fb5},
    {0x54f7, 0xe69fb6},
    {0x4575, 0xe69fb7},
    {0x391e, 0xe69fb9},
    {0x1e9a, 0xe69fba},
    {0x82a, 0xe69fbb},
    {0x4204, 0xe69fbc},
    {0xe9d, 0xe69fbe},
    {0x59f, 0xe69fbf},
    {0x36f2, 0xe6a081},
    {0xbea, 0xe6a082},
    {0xca2, 0xe6a083},
    {0x4eb, 0xe6a084},
    {0x1e07, 0xe6a085},
    {0x4570, 0xe6a090},
    {0xa96, 0xe6a093},
    {0x54f8, 0xe6a094},
    {0xa58, 0xe6a096},
    {0x700, 0xe6a097},
    {0x4579, 0xe6a098},
    {0x54f9, 0xe6a099},
    {0x4205, 0xe6a09d},
    {0x143c, 0xe6a09e},
    {0x457a, 0xe6a09f},
    {0x7cd, 0xe6a0a1},
    {0x5da, 0xe6a0a2},
    {0x54fa, 0xe6a0a7},
    {0x4bfc, 0xe6a0a8},
    {0x143e, 0xe6a0a9},
    {0x5d2, 0xe6a0aa},
    {0x1444, 0xe6a0ab},
    {0x3922, 0xe6a0ac},
    {0x457b, 0xe6a0ad},
    {0x54fb, 0xe6a0af},
    {0x1441, 0xe6a0b2},
    {0x457d, 0xe6a0b3},
    {0xa97, 0xe6a0b4},
    {0x5a9, 0xe6a0b8},
    {0x81c, 0xe6a0b9},
    {0x457e, 0xe6a0bb},
    {0x5a8, 0xe6a0bc},
    {0x83f, 0xe6a0bd},
    {0x457f, 0xe6a0be},
    {0x54fc, 0xe6a0bf},
    {0x143f, 0xe6a180},
    {0x73b, 0xe6a181},
    {0x721, 0xe6a182},
    {0xc67, 0xe6a183},
    {0x212f, 0xe6a184},
    {0x4580, 0xe6a185},
    {0x143d, 0xe6a186},
    {0x48a, 0xe6a188},
    {0x4581, 0xe6a189},
    {0x54fd, 0xe6a18a},
    {0x4582, 0xe6a18c},
    {0x1440, 0xe6a18d},
    {0x1442, 0xe6a18e},
    {0x6c5, 0xe6a190},
    {0x702, 0xe6a191},
    {0x212c, 0xe6a192},
    {0x5f8, 0xe6a193},
    {0x665, 0xe6a194},
    {0x4583, 0xe6a195},
    {0x4584, 0xe6a197},
    {0x54fe, 0xe6a198},
    {0x1445, 0xe6a199},
    {0x3925, 0xe6a19b},
    {0x869, 0xe6a19c},
    {0xe9f, 0xe6a19d},
    {0x885, 0xe6a19f},
    {0x1446, 0xe6a1a3},
    {0xda2, 0xe6a1a7},
    {0x4586, 0xe6a1ab},
    {0x4587, 0xe6a1ae},
    {0x3926, 0xe6a1b2},
    {0x1452, 0xe6a1b4},
    {0x3927, 0xe6a1b5},
    {0x533, 0xe6a1b6},
    {0x1447, 0xe6a1b7},
    {0x5502, 0xe6a1b9},
    {0x3928, 0xe6a1ba},
    {0x5503, 0xe6a1bb},
    {0x4588, 0xe6a1bc},
    {0x1458, 0xe6a1be},
    {0x1448, 0xe6a1bf},
    {0xf8a, 0xe6a281},
    {0x4589, 0xe6a282},
    {0x144f, 0xe6a283},
    {0x3929, 0xe6a284},
    {0xd15, 0xe6a285},
    {0x4bfd, 0xe6a286},
    {0x5504, 0xe6a288},
    {0x1457, 0xe6a28d},
    {0x1e9c, 0xe6a28e},
    {0x144a, 0xe6a28f},
    {0x458a, 0xe6a290},
    {0x478, 0xe6a293},
    {0x144c, 0xe6a294},
    {0x458b, 0xe6a296},
    {0x7ce, 0xe6a297},
    {0x144e, 0xe6a29b},
    {0x4590, 0xe6a29c},
    {0x144d, 0xe6a29d},
    {0x1449, 0xe6a29f},
    {0x1454, 0xe6a2a0},
    {0x5505, 0xe6a2a1},
    {0x9a7, 0xe6a2a2},
    {0x4206, 0xe6a2a3},
    {0x392a, 0xe6a2a5},
    {0x11be, 0xe6a2a6},
    {0x79c, 0xe6a2a7},
    {0xf66, 0xe6a2a8},
    {0x5506, 0xe6a2a9},
    {0x144b, 0xe6a2ad},
    {0x5507, 0xe6a2ae},
    {0xc10, 0xe6a2af},
    {0x581, 0xe6a2b0},
    {0x81d, 0xe6a2b1},
    {0x392b, 0xe6a2b2},
    {0x1443, 0xe6a2b3},
    {0x4593, 0xe6a2b4},
    {0x1453, 0xe6a2b5},
    {0x5bf, 0xe6a2b6},
    {0x1451, 0xe6a2b9},
    {0x1455, 0xe6a2ba},
    {0x4594, 0xe6a2bb},
    {0xc68, 0xe6a2bc},
    {0x4598, 0xe6a383},
    {0x63a, 0xe6a384},
    {0x4599, 0xe6a385},
    {0x1473, 0xe6a386},
    {0x20af, 0xe6a388},
    {0xed5, 0xe6a389},
    {0x145a, 0xe6a38a},
    {0x639, 0xe6a38b},
    {0x459a, 0xe6a38c},
    {0x1461, 0xe6a38d},
    {0x2130, 0xe6a38f},
    {0x392c, 0xe6a390},
    {0x5508, 0xe6a391},
    {0xe6e, 0xe6a392},
    {0x5509, 0xe6a393},
    {0x1462, 0xe6a394},
    {0x1464, 0xe6a395},
    {0x392d, 0xe6a396},
    {0x1468, 0xe6a397},
    {0x145c, 0xe6a398},
    {0x459b, 0xe6a399},
    {0xb68, 0xe6a39a},
    {0xc69, 0xe6a39f},
    {0x146c, 0xe6a3a0},
    {0x145f, 0xe6a3a1},
    {0x1469, 0xe6a3a3},
    {0x1463, 0xe6a3a7},
    {0x392e, 0xe6a3a8},
    {0x550c, 0xe6a3aa},
    {0x4bfe, 0xe6a3ab},
    {0x459e, 0xe6a3ac},
    {0x392f, 0xe6a3ad},
    {0x9ff, 0xe6a3ae},
    {0x146d, 0xe6a3af},
    {0xa57, 0xe6a3b2},
    {0x4bff, 0xe6a3b5},
    {0x550d, 0xe6a3b6},
    {0x459f, 0xe6a3b7},
    {0x146b, 0xe6a3b9},
    {0x5f9, 0xe6a3ba},
    {0x4595, 0xe6a3bb},
    {0x3932, 0xe6a3bc},
    {0x550e, 0xe6a3bd},
    {0xff6, 0xe6a480},
    {0x1459, 0xe6a481},
    {0x45a0, 0xe6a483},
    {0x1467, 0xe6a484},
    {0x49c, 0xe6a485},
    {0x550f, 0xe6a486},
    {0x45a1, 0xe6a487},
    {0x145b, 0xe6a488},
    {0x5510, 0xe6a489},
    {0x4207, 0xe6a48a},
    {0xec6, 0xe6a48b},
    {0x1460, 0xe6a48c},
    {0x9e8, 0xe6a48d},
    {0xbe3, 0xe6a48e},
    {0x1456, 0xe6a48f},
    {0x5511, 0xe6a490},
    {0x3933, 0xe6a491},
    {0x1466, 0xe6a492},
    {0x3934, 0xe6a493},
    {0x5512, 0xe6a496},
    {0x4c00, 0xe6a497},
    {0xa40, 0xe6a499},
    {0x1470, 0xe6a49a},
    {0x5cf, 0xe6a49b},
    {0x755, 0xe6a49c},
    {0x1472, 0xe6a4a1},
    {0x145d, 0xe6a4a2},
    {0x1471, 0xe6a4a3},
    {0x146a, 0xe6a4a5},
    {0x145e, 0xe6a4a6},
    {0x146e, 0xe6a4a8},
    {0x146f, 0xe6a4aa},
    {0x1480, 0xe6a4b0},
    {0x5513, 0xe6a4b1},
    {0x4c01, 0xe6a4b3},
    {0xca6, 0xe6a4b4},
    {0x3935, 0xe6a4b5},
    {0x1465, 0xe6a4b6},
    {0x4c02, 0xe6a4b8},
    {0x147c, 0xe6a4b9},
    {0x3936, 0xe6a4bb},
    {0x147e, 0xe6a4bd},
    {0xbf4, 0xe6a4bf},
    {0x420a, 0xe6a582},
    {0x5514, 0xe6a585},
    {0x45a5, 0xe6a586},
    {0x4208, 0xe6a589},
    {0xf36, 0xe6a58a},
    {0x5515, 0xe6a58e},
    {0xde8, 0xe6a593},
    {0x1479, 0xe6a594},
    {0xb2a, 0xe6a595},
    {0x3937, 0xe6a597},
    {0x147f, 0xe6a599},
    {0xac1, 0xe6a59a},
    {0x4c03, 0xe6a59b},
    {0x1476, 0xe6a59c},
    {0x1483, 0xe6a59d},
    {0x1482, 0xe6a59e},
    {0xcc7, 0xe6a5a0},
    {0x1481, 0xe6a5a1},
    {0xcc2, 0xe6a5a2},
    {0x3938, 0xe6a5a3},
    {0x420b, 0xe6a5a4},
    {0x4c04, 0xe6a5a5},
    {0x5516, 0xe6a5a6},
    {0x2132, 0xe6a5a8},
    {0x45a6, 0xe6a5a9},
    {0x1485, 0xe6a5aa},
    {0x1478, 0xe6a5ab},
    {0x45a7, 0xe6a5ac},
    {0x6c0, 0xe6a5ad},
    {0x147b, 0xe6a5ae},
    {0x967, 0xe6a5af},
    {0x3939, 0xe6a5b2},
    {0xd16, 0xe6a5b3},
    {0x147d, 0xe6a5b4},
    {0x6c3, 0xe6a5b5},
    {0x1475, 0xe6a5b7},
    {0x1477, 0xe6a5b8},
    {0x1474, 0xe6a5b9},
    {0x45a8, 0xe6a5ba},
    {0x5519, 0xe6a5bb},
    {0xfd6, 0xe6a5bc},
    {0x5b8, 0xe6a5bd},
    {0x147a, 0xe6a5be},
    {0x393a, 0xe6a5bf},
    {0x393b, 0xe6a680},
    {0x1484, 0xe6a681},
    {0x593, 0xe6a682},
    {0x3740, 0xe6a686},
    {0x857, 0xe6a68a},
    {0x551a, 0xe6a68d},
    {0x4ff, 0xe6a68e},
    {0x1495, 0xe6a691},
    {0x45a9, 0xe6a692},
    {0xfd7, 0xe6a694},
    {0x1498, 0xe6a695},
    {0x45ab, 0xe6a696},
    {0x2134, 0xe6a698},
    {0xa00, 0xe6a69b},
    {0x1497, 0xe6a69c},
    {0x1496, 0xe6a6a0},
    {0x551b, 0xe6a6a1},
    {0x420c, 0xe6a6a5},
    {0x393c, 0xe6a6a6},
    {0x1493, 0xe6a6a7},
    {0x4c05, 0xe6a6a8},
    {0x4c06, 0xe6a6ab},
    {0x393d, 0xe6a6ad},
    {0x1487, 0xe6a6ae},
    {0x4c07, 0xe6a6af},
    {0x45ac, 0xe6a6b0},
    {0x14a4, 0xe6a6b1},
    {0x1486, 0xe6a6b2},
    {0x1499, 0xe6a6b4},
    {0x393e, 0xe6a6b7},
    {0x551c, 0xe6a6b8},
    {0x45ad, 0xe6a6ba},
    {0x1491, 0xe6a6bb},
    {0x45ae, 0xe6a6bc},
    {0x148c, 0xe6a6be},
    {0x1489, 0xe6a6bf},
    {0x45af, 0xe6a780},
    {0x148a, 0xe6a781},
    {0x1492, 0xe6a783},
    {0x551d, 0xe6a785},
    {0x1d33, 0xe6a787},
    {0x551e, 0xe6a788},
    {0x148f, 0xe6a78a},
    {0x7cf, 0xe6a78b},
    {0xbe4, 0xe6a78c},
    {0xae6, 0xe6a78d},
    {0x148d, 0xe6a78e},
    {0x420d, 0xe6a78f},
    {0x1488, 0xe6a790},
    {0x45b0, 0xe6a791},
    {0x148b, 0xe6a793},
    {0xf37, 0xe6a798},
    {0xe98, 0xe6a799},
    {0x1490, 0xe6a79d},
    {0x149a, 0xe6a79e},
    {0x2135, 0xe6a7a2},
    {0x45b4, 0xe6a7a3},
    {0x4c08, 0xe6a7a5},
    {0x14a2, 0xe6a7a7},
    {0x149b, 0xe6a7a8},
    {0x4210, 0xe6a7a9},
    {0x3411, 0xe6a7aa},
    {0x14a8, 0xe6a7ab},
    {0x14a6, 0xe6a7ad},
    {0x4c09, 0xe6a7b1},
    {0x14a1, 0xe6a7b2},
    {0x45b7, 0xe6a7b3},
    {0x45b9, 0xe6a7b4},
    {0x4211, 0xe6a7b5},
    {0x373f, 0xe6a7b6},
    {0x14a0, 0xe6a7b9},
    {0xbec, 0xe6a7bb},
    {0xae7, 0xe6a7bd},
    {0x45ba, 0xe6a7be},
    {0x149e, 0xe6a7bf},
    {0x5520, 0xe6a880},
    {0x3941, 0xe6a881},
    {0x149c, 0xe6a882},
    {0x5521, 0xe6a883},
    {0x14a3, 0xe6a885},
    {0x14a9, 0xe6a88a},
    {0xd89, 0xe6a88b},
    {0x14af, 0xe6a88c},
    {0x3942, 0xe6a88f},
    {0x45bb, 0xe6a891},
    {0x14aa, 0xe6a892},
    {0x14ad, 0xe6a893},
    {0x14a7, 0xe6a894},
    {0x3943, 0xe6a895},
    {0xbb2, 0xe6a897},
    {0xdaa, 0xe6a899},
    {0x45bc, 0xe6a89a},
    {0x149d, 0xe6a89b},
    {0x45bd, 0xe6a89d},
    {0x14a5, 0xe6a89e},
    {0x9a8, 0xe6a89f},
    {0x5522, 0xe6a8a0},
    {0xedb, 0xe6a8a1},
    {0x14b9, 0xe6a8a2},
    {0x14ac, 0xe6a8a3},
    {0x5523, 0xe6a8a4},
    {0x3944, 0xe6a8a8},
    {0x756, 0xe6a8a9},
    {0x523, 0xe6a8aa},
    {0x5bd, 0xe6a8ab},
    {0x1494, 0xe6a8ae},
    {0x2136, 0xe6a8b0},
    {0x3945, 0xe6a8b4},
    {0x9a9, 0xe6a8b5},
    {0x14b1, 0xe6a8b6},
    {0x5524, 0xe6a8b7},
    {0x14b8, 0xe6a8b8},
    {0x925, 0xe6a8b9},
    {0x5d0, 0xe6a8ba},
    {0x4213, 0xe6a8bb},
    {0xb6c, 0xe6a8bd},
    {0x3946, 0xe6a8be},
    {0x45c1, 0xe6a8bf},
    {0x14ae, 0xe6a984},
    {0x3947, 0xe6a985},
    {0x2138, 0xe6a986},
    {0x14b3, 0xe6a987},
    {0x14b7, 0xe6a988},
    {0x45c2, 0xe6a989},
    {0x4c0a, 0xe6a98a},
    {0x6ae, 0xe6a98b},
    {0x45c4, 0xe6a98e},
    {0x45c5, 0xe6a992},
    {0x3c34, 0xe6a994},
    {0x4c0b, 0xe6a995},
    {0x394a, 0xe6a996},
    {0x666, 0xe6a998},
    {0x14b5, 0xe6a999},
    {0x394b, 0xe6a99b},
    {0x63b, 0xe6a99f},
    {0xca3, 0xe6a9a1},
    {0x14b4, 0xe6a9a2},
    {0x45c6, 0xe6a9a4},
    {0x14b6, 0xe6a9a6},
    {0x4c0c, 0xe6a9a7},
    {0x5526, 0xe6a9aa},
    {0x2137, 0xe6a9ab},
    {0x4c0d, 0xe6a9b1},
    {0x14b0, 0xe6a9b2},
    {0x2139, 0xe6a9b3},
    {0x14b2, 0xe6a9b8},
    {0x45c3, 0xe6a9ba},
    {0x213a, 0xe6a9be},
    {0x5be, 0xe6a9bf},
    {0xb87, 0xe6aa80},
    {0x5527, 0xe6aa81},
    {0x394c, 0xe6aa83},
    {0x14bd, 0xe6aa84},
    {0x394d, 0xe6aa89},
    {0x45c8, 0xe6aa8b},
    {0x14bb, 0xe6aa8d},
    {0x79d, 0xe6aa8e},
    {0x14ba, 0xe6aa90},
    {0x394e, 0xe6aa91},
    {0x4215, 0xe6aa94},
    {0x14c0, 0xe6aa97},
    {0x552a, 0xe6aa9b},
    {0x143b, 0xe6aa9c},
    {0x14bc, 0xe6aaa0},
    {0x45ca, 0xe6aaa1},
    {0x4216, 0xe6aaa5},
    {0x14cb, 0xe6aaaa},
    {0x45cc, 0xe6aaab},
    {0x14c7, 0xe6aaac},
    {0x1450, 0xe6aaae},
    {0x4c0e, 0xe6aaaf},
    {0x14c6, 0xe6aab3},
    {0x552d, 0xe6aab4},
    {0x14c5, 0xe6aab8},
    {0x14c2, 0xe6aabb},
    {0x45cd, 0xe6aabd},
    {0x14ab, 0xe6ab81},
    {0x14c4, 0xe6ab82},
    {0x14c3, 0xe6ab83},
    {0x45ce, 0xe6ab86},
    {0x5530, 0xe6ab8c},
    {0x45d0, 0xe6ab90},
    {0x14c9, 0xe6ab91},
    {0xfcc, 0xe6ab93},
    {0x45cf, 0xe6ab94},
    {0x14cc, 0xe6ab9a},
    {0x6f3, 0xe6ab9b},
    {0x3952, 0xe6ab9c},
    {0x45d1, 0xe6ab9d},
    {0x14c8, 0xe6ab9e},
    {0x14ca, 0xe6ab9f},
    {0x213b, 0xe6aba2},
    {0x213c, 0xe6aba4},
    {0x3953, 0xe6aba7},
    {0xd3b, 0xe6aba8},
    {0x14cd, 0xe6abaa},
    {0x3954, 0xe6abac},
    {0x5533, 0xe6abb0},
    {0x4eb8, 0xe6abb8},
    {0x14d1, 0xe6abba},
    {0x14ce, 0xe6abbb},
    {0x5534, 0xe6abbc},
    {0x45d7, 0xe6abbd},
    {0x5535, 0xe6ac82},
    {0x4c11, 0xe6ac83},
    {0xf5d, 0xe6ac84},
    {0x14cf, 0xe6ac85},
    {0x5538, 0xe6ac89},
    {0x149f, 0xe6ac8a},
    {0x45d9, 0xe6ac8b},
    {0x14d2, 0xe6ac92},
    {0x14d3, 0xe6ac96},
    {0x45de, 0xe6ac97},
    {0x4218, 0xe6ac9b},
    {0x4d7, 0xe6ac9d},
    {0x3955, 0xe6ac9e},
    {0x14d5, 0xe6ac9f},
    {0x73d, 0xe6aca0},
    {0x8cd, 0xe6aca1},
    {0x6cd, 0xe6aca3},
    {0x3956, 0xe6aca4},
    {0x524, 0xe6aca7},
    {0x5539, 0xe6aca8},
    {0x553a, 0xe6acab},
    {0x4219, 0xe6acac},
    {0x45e0, 0xe6acaf},
    {0xf49, 0xe6acb2},
    {0x3957, 0xe6acb5},
    {0x553b, 0xe6acb6},
    {0x14d7, 0xe6acb7},
    {0x14d6, 0xe6acb8},
    {0x14d9, 0xe6acb9},
    {0x657, 0xe6acba},
    {0x4c12, 0xe6acbb},
    {0x6ce, 0xe6acbd},
    {0x5fa, 0xe6acbe},
    {0x4c13, 0xe6acbf},
    {0x14dc, 0xe6ad83},
    {0x3958, 0xe6ad86},
    {0x14db, 0xe6ad87},
    {0x14dd, 0xe6ad89},
    {0x45e1, 0xe6ad8a},
    {0x54e, 0xe6ad8c},
    {0x553c, 0xe6ad8d},
    {0xb75, 0xe6ad8e},
    {0x14de, 0xe6ad90},
    {0x553d, 0xe6ad92},
    {0x5fb, 0xe6ad93},
    {0x14e0, 0xe6ad94},
    {0x3959, 0xe6ad96},
    {0x45e2, 0xe6ad98},
    {0x14df, 0xe6ad99},
    {0x14e1, 0xe6ad9b},
    {0x553e, 0xe6ad9d},
    {0x14e2, 0xe6ad9f},
    {0x395a, 0xe6ada0},
    {0x14e3, 0xe6ada1},
    {0x8ad, 0xe6ada2},
    {0xa59, 0xe6ada3},
    {0x811, 0xe6ada4},
    {0x344a, 0xe6ada5},
    {0xde2, 0xe6ada6},
    {0x421a, 0xe6ada7},
    {0xe32, 0xe6ada9},
    {0xfea, 0xe6adaa},
    {0x553f, 0xe6adab},
    {0x45e3, 0xe6adac},
    {0x5540, 0xe6adae},
    {0x8c3, 0xe6adaf},
    {0x5541, 0xe6adb0},
    {0x35d9, 0xe6adb2},
    {0x840, 0xe6adb3},
    {0xfba, 0xe6adb4},
    {0x45e4, 0xe6adb5},
    {0x3456, 0xe6adb7},
    {0x45e5, 0xe6adba},
    {0x8ae, 0xe6adbb},
    {0x14e6, 0xe6adbf},
    {0x14e7, 0xe6ae80},
    {0x45e6, 0xe6ae81},
    {0x395b, 0xe6ae82},
    {0x14e9, 0xe6ae83},
    {0x14e8, 0xe6ae84},
    {0x5542, 0xe6ae85},
    {0xe86, 0xe6ae86},
    {0x968, 0xe6ae89},
    {0x918, 0xe6ae8a},
    {0x892, 0xe6ae8b},
    {0x14ea, 0xe6ae8d},
    {0x14ec, 0xe6ae95},
    {0x9e9, 0xe6ae96},
    {0x5543, 0xe6ae97},
    {0x14eb, 0xe6ae98},
    {0x45e7, 0xe6ae9b},
    {0x14ed, 0xe6ae9e},
    {0x14ee, 0xe6aea4},
    {0x5548, 0xe6aea8},
    {0x421b, 0xe6aea9},
    {0x5549, 0xe6aeac},
    {0x421c, 0xe6aead},
    {0x45e8, 0xe6aeae},
    {0x14f1, 0xe6aeaf},
    {0x4c16, 0xe6aeb0},
    {0x14f3, 0xe6aeb1},
    {0x14f2, 0xe6aeb2},
    {0x14f4, 0xe6aeb3},
    {0x525, 0xe6aeb4},
    {0xb88, 0xe6aeb5},
    {0x14f5, 0xe6aeb7},
    {0x874, 0xe6aeba},
    {0x5aa, 0xe6aebb},
    {0x14f6, 0xe6aebc},
    {0x45ea, 0xe6aebd},
    {0x395c, 0xe6aebe},
    {0xc3c, 0xe6aebf},
    {0x119d, 0xe6af80},
    {0x63d, 0xe6af85},
    {0x14f7, 0xe6af86},
    {0x14f8, 0xe6af8b},
    {0x3744, 0xe6af8c},
    {0xe3c, 0xe6af8d},
    {0xe96, 0xe6af8e},
    {0x344c, 0xe6af8f},
    {0xc9f, 0xe6af92},
    {0x14f9, 0xe6af93},
    {0xd7a, 0xe6af94},
    {0x213d, 0xe6af96},
    {0x421d, 0xe6af97},
    {0xd8f, 0xe6af98},
    {0x45ee, 0xe6af9a},
    {0xedf, 0xe6af9b},
    {0x14fa, 0xe6af9f},
    {0x395d, 0xe6afa1},
    {0x554e, 0xe6afa3},
    {0x14fc, 0xe6afab},
    {0x14fb, 0xe6afac},
    {0x45f1, 0xe6afae},
    {0x14fe, 0xe6afaf},
    {0x395e, 0xe6afb1},
    {0x14fd, 0xe6afb3},
    {0x4c17, 0xe6afb7},
    {0x4c18, 0xe6afb9},
    {0x421e, 0xe6afbf},
    {0x45f2, 0xe6b082},
    {0x4c19, 0xe6b084},
    {0x421f, 0xe6b085},
    {0x1500, 0xe6b088},
    {0x4c1a, 0xe6b089},
    {0x45f3, 0xe6b08a},
    {0x4c1b, 0xe6b08d},
    {0x45f4, 0xe6b08e},
    {0x8af, 0xe6b08f},
    {0x395f, 0xe6b090},
    {0xebd, 0xe6b091},
    {0x554f, 0xe6b092},
    {0x63e, 0xe6b097},
    {0x5550, 0xe6b099},
    {0x1503, 0xe6b09b},
    {0x5551, 0xe6b09f},
    {0x1505, 0xe6b0a3},
    {0x1504, 0xe6b0a4},
    {0x4c1c, 0xe6b0ac},
    {0x5555, 0xe6b0ae},
    {0x3960, 0xe6b0b3},
    {0xa2b, 0xe6b0b4},
    {0x3961, 0xe6b0b5},
    {0x45f5, 0xe6b0b6},
    {0xdab, 0xe6b0b7},
    {0x4ec, 0xe6b0b8},
    {0x4f55, 0xe6b0ba},
    {0x5556, 0xe6b0bb},
    {0xd59, 0xe6b0be},
    {0x213e, 0xe6b0bf},
    {0xc11, 0xe6b180},
    {0x94b, 0xe6b181},
    {0x67b, 0xe6b182},
    {0x4c1d, 0xe6b18a},
    {0x5557, 0xe6b18b},
    {0x45f7, 0xe6b18d},
    {0xd5a, 0xe6b18e},
    {0x5558, 0xe6b18f},
    {0x8da, 0xe6b190},
    {0x4c1e, 0xe6b192},
    {0x4c1f, 0xe6b194},
    {0x1507, 0xe6b195},
    {0x5fc, 0xe6b197},
    {0x3963, 0xe6b199},
    {0x51a, 0xe6b19a},
    {0x45f8, 0xe6b19b},
    {0x213f, 0xe6b19c},
    {0xcca, 0xe6b19d},
    {0x1506, 0xe6b19e},
    {0x7d0, 0xe6b19f},
    {0xb91, 0xe6b1a0},
    {0x1508, 0xe6b1a2},
    {0x460a, 0xe6b1a7},
    {0x1510, 0xe6b1a8},
    {0x1509, 0xe6b1aa},
    {0x5559, 0xe6b1ab},
    {0x45f9, 0xe6b1ad},
    {0x2141, 0xe6b1af},
    {0xb21, 0xe6b1b0},
    {0x67c, 0xe6b1b2},
    {0x1511, 0xe6b1b3},
    {0x4220, 0xe6b1b4},
    {0x3964, 0xe6b1b6},
    {0x555a, 0xe6b1b8},
    {0x4c20, 0xe6b1b9},
    {0x73e, 0xe6b1ba},
    {0x3965, 0xe6b1bb},
    {0x63f, 0xe6b1bd},
    {0x150f, 0xe6b1be},
    {0x150d, 0xe6b281},
    {0x150a, 0xe6b282},
    {0xf4a, 0xe6b283},
    {0x45fa, 0xe6b284},
    {0x3966, 0xe6b285},
    {0x2140, 0xe6b286},
    {0x555b, 0xe6b287},
    {0xbdc, 0xe6b288},
    {0x45fb, 0xe6b289},
    {0xcb1, 0xe6b28c},
    {0x150b, 0xe6b28d},
    {0x1513, 0xe6b290},
    {0x1512, 0xe6b292},
    {0x6f9, 0xe6b293},
    {0x45fd, 0xe6b294},
    {0x3967, 0xe6b295},
    {0x52d, 0xe6b296},
    {0x45fe, 0xe6b297},
    {0x4221, 0xe6b298},
    {0x82b, 0xe6b299},
    {0x150c, 0xe6b29a},
    {0x150e, 0xe6b29b},
    {0x3968, 0xe6b29c},
    {0x555c, 0xe6b29f},
    {0xe85, 0xe6b2a1},
    {0xb54, 0xe6b2a2},
    {0x3749, 0xe6b2aa},
    {0xea5, 0xe6b2ab},
    {0x4c21, 0xe6b2ac},
    {0x45ff, 0xe6b2ad},
    {0x151b, 0xe6b2ae},
    {0x555d, 0xe6b2b0},
    {0x151c, 0xe6b2b1},
    {0x555e, 0xe6b2b2},
    {0x54f, 0xe6b2b3},
    {0x4c22, 0xe6b2b4},
    {0xdf8, 0xe6b2b8},
    {0xf09, 0xe6b2b9},
    {0x151e, 0xe6b2ba},
    {0x8cf, 0xe6b2bb},
    {0x9aa, 0xe6b2bc},
    {0x1517, 0xe6b2bd},
    {0x151d, 0xe6b2be},
    {0x50a, 0xe6b2bf},
    {0x6af, 0xe6b381},
    {0x4600, 0xe6b382},
    {0x1514, 0xe6b384},
    {0x1519, 0xe6b385},
    {0x4223, 0xe6b386},
    {0xa98, 0xe6b389},
    {0xd27, 0xe6b38a},
    {0xd7b, 0xe6b38c},
    {0x555f, 0xe6b38d},
    {0x5560, 0xe6b38f},
    {0x3969, 0xe6b390},
    {0x5561, 0xe6b391},
    {0x4c23, 0xe6b392},
    {0x1516, 0xe6b393},
    {0x396a, 0xe6b394},
    {0xe4f, 0xe6b395},
    {0x396b, 0xe6b396},
    {0x1518, 0xe6b397},
    {0x1521, 0xe6b399},
    {0x2142, 0xe6b39a},
    {0x151f, 0xe6b39b},
    {0x4602, 0xe6b39c},
    {0x151a, 0xe6b39d},
    {0x396c, 0xe6b3a0},
    {0xe50, 0xe6b3a1},
    {0xcfe, 0xe6b3a2},
    {0x67d, 0xe6b3a3},
    {0xc1f, 0xe6b3a5},
    {0x5562, 0xe6b3a7},
    {0xbab, 0xe6b3a8},
    {0x4603, 0xe6b3a9},
    {0x1522, 0xe6b3aa},
    {0x4604, 0xe6b3ad},
    {0x396f, 0xe6b3ae},
    {0x1520, 0xe6b3af},
    {0xb39, 0xe6b3b0},
    {0x1515, 0xe6b3b1},
    {0x5563, 0xe6b3b2},
    {0x4ed, 0xe6b3b3},
    {0x5564, 0xe6b3b4},
    {0x4222, 0xe6b3bb},
    {0x4606, 0xe6b480},
    {0x3c35, 0xe6b481},
    {0x2143, 0xe6b484},
    {0x5565, 0xe6b487},
    {0x3970, 0xe6b48a},
    {0xf38, 0xe6b48b},
    {0x152d, 0xe6b48c},
    {0x3971, 0xe6b48e},
    {0x5566, 0xe6b48f},
    {0x3972, 0xe6b491},
    {0x152c, 0xe6b492},
    {0x5567, 0xe6b493},
    {0xa9a, 0xe6b497},
    {0x1529, 0xe6b499},
    {0x5568, 0xe6b49a},
    {0xf56, 0xe6b49b},
    {0xc8e, 0xe6b49e},
    {0x1523, 0xe6b49f},
    {0x4607, 0xe6b4a4},
    {0xbe1, 0xe6b4a5},
    {0x5569, 0xe6b4a8},
    {0x4ee, 0xe6b4a9},
    {0x7d1, 0xe6b4aa},
    {0x1526, 0xe6b4ab},
    {0x3973, 0xe6b4ae},
    {0x460b, 0xe6b4af},
    {0x4224, 0xe6b4b1},
    {0x931, 0xe6b4b2},
    {0x152b, 0xe6b4b3},
    {0x461e, 0xe6b4b4},
    {0x152a, 0xe6b4b5},
    {0x1525, 0xe6b4b6},
    {0x1528, 0xe6b4b8},
    {0x4225, 0xe6b4b9},
    {0x5c6, 0xe6b4bb},
    {0x460c, 0xe6b4bc},
    {0x1527, 0xe6b4bd},
    {0xcff, 0xe6b4be},
    {0x4226, 0xe6b4bf},
    {0xf76, 0xe6b581},
    {0x9dc, 0xe6b584},
    {0xa99, 0xe6b585},
    {0x3974, 0xe6b597},
    {0x4227, 0xe6b598},
    {0x1533, 0xe6b599},
    {0x1531, 0xe6b59a},
    {0x460d, 0xe6b59b},
    {0xdbf, 0xe6b59c},
    {0x3975, 0xe6b59e},
    {0x556a, 0xe6b59f},
    {0x460e, 0xe6b5a0},
    {0x4c24, 0xe6b5a1},
    {0x152e, 0xe6b5a3},
    {0x1530, 0xe6b5a4},
    {0x3976, 0xe6b5a5},
    {0x4dc, 0xe6b5a6},
    {0x556b, 0xe6b5a7},
    {0x7d2, 0xe6b5a9},
    {0xfd8, 0xe6b5aa},
    {0x59b, 0xe6b5ac},
    {0xdd4, 0xe6b5ae},
    {0x2145, 0xe6b5af},
    {0x460f, 0xe6b5b0},
    {0xf4b, 0xe6b5b4},
    {0x582, 0xe6b5b7},
    {0xa01, 0xe6b5b8},
    {0x1532, 0xe6b5b9},
    {0x4c25, 0xe6b5bc},
    {0x3977, 0xe6b682},
    {0x1537, 0xe6b685},
    {0x2144, 0xe6b687},
    {0x9ab, 0xe6b688},
    {0x342a, 0xe6b689},
    {0x4612, 0xe6b68a},
    {0xf1a, 0xe6b68c},
    {0x4613, 0xe6b68d},
    {0x1534, 0xe6b68e},
    {0x4614, 0xe6b691},
    {0x556c, 0xe6b692},
    {0x152f, 0xe6b693},
    {0x4228, 0xe6b694},
    {0x1535, 0xe6b695},
    {0x2146, 0xe6b696},
    {0x556d, 0xe6b697},
    {0x4615, 0xe6b698},
    {0xfa6, 0xe6b699},
    {0xc6d, 0xe6b69b},
    {0xc9a, 0xe6b69c},
    {0x4229, 0xe6b6aa},
    {0x461a, 0xe6b6ab},
    {0x2147, 0xe6b6ac},
    {0x461b, 0xe6b6ae},
    {0x594, 0xe6b6af},
    {0x4f7, 0xe6b6b2},
    {0x461c, 0xe6b6b4},
    {0x153b, 0xe6b6b5},
    {0x556e, 0xe6b6b7},
    {0x153e, 0xe6b6b8},
    {0x4c26, 0xe6b6b9},
    {0xf8b, 0xe6b6bc},
    {0x556f, 0xe6b6bd},
    {0x3978, 0xe6b6bf},
    {0xf4e, 0xe6b780},
    {0x461d, 0xe6b782},
    {0x3979, 0xe6b784},
    {0x1545, 0xe6b785},
    {0x153f, 0xe6b786},
    {0x153c, 0xe6b787},
    {0x461f, 0xe6b788},
    {0x397a, 0xe6b78a},
    {0xf9c, 0xe6b78b},
    {0x1542, 0xe6b78c},
    {0x4620, 0xe6b78e},
    {0x2148, 0xe6b78f},
    {0x3c36, 0xe6b790},
    {0x954, 0xe6b791},
    {0x1544, 0xe6b792},
    {0x1549, 0xe6b795},
    {0x397b, 0xe6b796},
    {0xc6b, 0xe6b798},
    {0x1547, 0xe6b799},
    {0x3453, 0xe6b79a},
    {0x422a, 0xe6b79b},
    {0x422b, 0xe6b79d},
    {0x1541, 0xe6b79e},
    {0x4621, 0xe6b79f},
    {0x5570, 0xe6b7a0},
    {0xb76, 0xe6b7a1},
    {0x5571, 0xe6b7a2},
    {0x1548, 0xe6b7a4},
    {0x5572, 0xe6b7a5},
    {0x153d, 0xe6b7a6},
    {0x1543, 0xe6b7a8},
    {0x397c, 0xe6b7a9},
    {0x154a, 0xe6b7aa},
    {0x4c0, 0xe6b7ab},
    {0x1540, 0xe6b7ac},
    {0x154b, 0xe6b7ae},
    {0x5573, 0xe6b7af},
    {0x4c27, 0xe6b7b0},
    {0xa02, 0xe6b7b1},
    {0x214a, 0xe6b7b2},
    {0x969, 0xe6b7b3},
    {0x5574, 0xe6b7b4},
    {0xdf5, 0xe6b7b5},
    {0x4622, 0xe6b7b6},
    {0x81e, 0xe6b7b7},
    {0x2149, 0xe6b7b8},
    {0x1538, 0xe6b7b9},
    {0x1546, 0xe6b7ba},
    {0xc34, 0xe6b7bb},
    {0x214b, 0xe6b7bc},
    {0x5575, 0xe6b880},
    {0x5576, 0xe6b884},
    {0xa5a, 0xe6b885},
    {0x5c7, 0xe6b887},
    {0x841, 0xe6b888},
    {0x9ac, 0xe6b889},
    {0x153a, 0xe6b88a},
    {0x94c, 0xe6b88b},
    {0x722, 0xe6b893},
    {0x1539, 0xe6b895},
    {0x3746, 0xe6b897},
    {0x154f, 0xe6b899},
    {0x977, 0xe6b89a},
    {0x76e, 0xe6b89b},
    {0x155e, 0xe6b89d},
    {0x4624, 0xe6b89e},
    {0x1558, 0xe6b89f},
    {0x68e, 0xe6b8a0},
    {0xc49, 0xe6b8a1},
    {0x397d, 0xe6b8a2},
    {0x1553, 0xe6b8a3},
    {0x155c, 0xe6b8a4},
    {0x473, 0xe6b8a5},
    {0x4d4, 0xe6b8a6},
    {0x214e, 0xe6b8a7},
    {0x539, 0xe6b8a9},
    {0x1555, 0xe6b8ab},
    {0xb0c, 0xe6b8ac},
    {0x154c, 0xe6b8ad},
    {0x154e, 0xe6b8ae},
    {0x7d3, 0xe6b8af},
    {0x4626, 0xe6b8b2},
    {0x3412, 0xe6b8b4},
    {0x4623, 0xe6b8b6},
    {0x155f, 0xe6b8b8},
    {0x214c, 0xe6b8b9},
    {0x155a, 0xe6b8ba},
    {0x5577, 0xe6b8bb},
    {0x214f, 0xe6b8bc},
    {0x1552, 0xe6b8be},
    {0x3c37, 0xe6b982},
    {0x1559, 0xe6b983},
    {0x422c, 0xe6b984},
    {0x4c28, 0xe6b985},
    {0xeb7, 0xe6b98a},
    {0x1557, 0xe6b98d},
    {0x155b, 0xe6b98e},
    {0x462b, 0xe6b98f},
    {0x397e, 0xe6b991},
    {0x5578, 0xe6b992},
    {0x784, 0xe6b996},
    {0x462e, 0xe6b997},
    {0x9ad, 0xe6b998},
    {0xb77, 0xe6b99b},
    {0x214d, 0xe6b99c},
    {0x5579, 0xe6b99d},
    {0x422d, 0xe6b99e},
    {0x1551, 0xe6b99f},
    {0x557a, 0xe6b9a2},
    {0x462f, 0xe6b9a3},
    {0xf19, 0xe6b9a7},
    {0x557b, 0xe6b9a8},
    {0x1554, 0xe6b9ab},
    {0x154d, 0xe6b9ae},
    {0xc6c, 0xe6b9af},
    {0x1550, 0xe6b9b2},
    {0x4c29, 0xe6b9b3},
    {0x1556, 0xe6b9b6},
    {0x4c2a, 0xe6b9bb},
    {0x4c2b, 0xe6b9bd},
    {0xff7, 0xe6b9be},
    {0x8ea, 0xe6b9bf},
    {0xeac, 0xe6ba80},
    {0x1560, 0xe6ba82},
    {0x4c2c, 0xe6ba89},
    {0xd42, 0xe6ba8c},
    {0x557c, 0xe6ba8d},
    {0x156c, 0xe6ba8f},
    {0x76f, 0xe6ba90},
    {0x4631, 0xe6ba93},
    {0x96a, 0xe6ba96},
    {0x1562, 0xe6ba98},
    {0x557d, 0xe6ba99},
    {0xf77, 0xe6ba9c},
    {0x7d4, 0xe6ba9d},
    {0x156f, 0xe6ba9f},
    {0x557e, 0xe6baa0},
    {0x4b2, 0xe6baa2},
    {0x156d, 0xe6baa5},
    {0x4632, 0xe6baa7},
    {0x1561, 0xe6baaa},
    {0x340c, 0xe6baab},
    {0x1567, 0xe6baaf},
    {0x422e, 0xe6bab1},
    {0x1569, 0xe6bab2},
    {0x5581, 0xe6bab3},
    {0x4633, 0xe6bab4},
    {0xf39, 0xe6bab6},
    {0x1564, 0xe6bab7},
    {0xc28, 0xe6baba},
    {0x5582, 0xe6babb},
    {0x4c2d, 0xe6babc},
    {0x1566, 0xe6babd},
    {0x2150, 0xe6babf},
    {0x5583, 0xe6bb80},
    {0x422f, 0xe6bb81},
    {0x156e, 0xe6bb82},
    {0x4634, 0xe6bb83},
    {0x1568, 0xe6bb84},
    {0xed3, 0xe6bb85},
    {0x397f, 0xe6bb87},
    {0x5584, 0xe6bb88},
    {0x1563, 0xe6bb89},
    {0x3980, 0xe6bb8a},
    {0x8ce, 0xe6bb8b},
    {0x157b, 0xe6bb8c},
    {0x5585, 0xe6bb8d},
    {0x3981, 0xe6bb8e},
    {0x5586, 0xe6bb8f},
    {0x5c8, 0xe6bb91},
    {0x1565, 0xe6bb93},
    {0x3c38, 0xe6bb99},
    {0xb4c, 0xe6bb9d},
    {0xb3a, 0xe6bb9e},
    {0x3c24, 0xe6bba6},
    {0x4636, 0xe6bbab},
    {0x1573, 0xe6bbac},
    {0x1579, 0xe6bbaf},
    {0x1577, 0xe6bbb2},
    {0xc23, 0xe6bbb4},
    {0x157e, 0xe6bbb7},
    {0x1574, 0xe6bbb8},
    {0x4637, 0xe6bbb9},
    {0x4638, 0xe6bbbb},
    {0x3982, 0xe6bbbd},
    {0x1575, 0xe6bbbe},
    {0x155d, 0xe6bbbf},
    {0x693, 0xe6bc81},
    {0xdac, 0xe6bc82},
    {0x5589, 0xe6bc84},
    {0x8eb, 0xe6bc86},
    {0x558a, 0xe6bc88},
    {0x809, 0xe6bc89},
    {0x4639, 0xe6bc8a},
    {0x463a, 0xe6bc8c},
    {0x558b, 0xe6bc8d},
    {0xfd9, 0xe6bc8f},
    {0x4230, 0xe6bc90},
    {0x1571, 0xe6bc91},
    {0x157d, 0xe6bc93},
    {0x50b, 0xe6bc94},
    {0xae8, 0xe6bc95},
    {0x558c, 0xe6bc96},
    {0x463b, 0xe6bc98},
    {0x3983, 0xe6bc9a},
    {0x558d, 0xe6bc9b},
    {0xd2f, 0xe6bca0},
    {0x5fd, 0xe6bca2},
    {0xfc2, 0xe6bca3},
    {0x463c, 0xe6bca5},
    {0x4c30, 0xe6bca6},
    {0x4c31, 0xe6bca9},
    {0x3984, 0xe6bcaa},
    {0xead, 0xe6bcab},
    {0xbee, 0xe6bcac},
    {0x558f, 0xe6bcad},
    {0x3985, 0xe6bcaf},
    {0x4c32, 0xe6bcb0},
    {0x1578, 0xe6bcb1},
    {0x157a, 0xe6bcb2},
    {0x3986, 0xe6bcb3},
    {0x4635, 0xe6bcb5},
    {0x463d, 0xe6bcb6},
    {0xab4, 0xe6bcb8},
    {0x558e, 0xe6bcbb},
    {0x463e, 0xe6bcbc},
    {0x157c, 0xe6bcbe},
    {0x1576, 0xe6bcbf},
    {0x1570, 0xe6bd81},
    {0x5ff, 0xe6bd85},
    {0x5590, 0xe6bd8f},
    {0x1e60, 0xe6bd91},
    {0x4640, 0xe6bd92},
    {0x5591, 0xe6bd93},
    {0x73f, 0xe6bd94},
    {0x4641, 0xe6bd97},
    {0x158a, 0xe6bd98},
    {0x4231, 0xe6bd99},
    {0x3987, 0xe6bd9a},
    {0x1585, 0xe6bd9b},
    {0xa9c, 0xe6bd9c},
    {0x5592, 0xe6bd9d},
    {0x3988, 0xe6bd9e},
    {0x5c1, 0xe6bd9f},
    {0x4642, 0xe6bda0},
    {0x4232, 0xe6bda1},
    {0x3989, 0xe6bda2},
    {0x96b, 0xe6bda4},
    {0x158e, 0xe6bda6},
    {0x4643, 0xe6bda8},
    {0x5593, 0xe6bdac},
    {0x1587, 0xe6bdad},
    {0xbc8, 0xe6bdae},
    {0x1584, 0xe6bdaf},
    {0xbf5, 0xe6bdb0},
    {0x15a7, 0xe6bdb4},
    {0x1581, 0xe6bdb8},
    {0x1580, 0xe6bdba},
    {0x1589, 0xe6bdbc},
    {0x398a, 0xe6bdbd},
    {0x4233, 0xe6bdbe},
    {0x1583, 0xe6be80},
    {0x1582, 0xe6be81},
    {0x1588, 0xe6be82},
    {0x5594, 0xe6be83},
    {0xa45, 0xe6be84},
    {0x157f, 0xe6be86},
    {0x4c33, 0xe6be87},
    {0x2151, 0xe6be88},
    {0x398b, 0xe6be8b},
    {0x4234, 0xe6be8c},
    {0x398c, 0xe6be8d},
    {0x158b, 0xe6be8e},
    {0x4644, 0xe6be90},
    {0x158c, 0xe6be91},
    {0x398d, 0xe6be92},
    {0x5595, 0xe6be93},
    {0x398e, 0xe6be94},
    {0x4645, 0xe6be96},
    {0x5fe, 0xe6be97},
    {0x363c, 0xe6be98},
    {0x398f, 0xe6be9a},
    {0x4c34, 0xe6be9d},
    {0x4647, 0xe6be9f},
    {0x4235, 0xe6bea0},
    {0x1591, 0xe6bea1},
    {0x1590, 0xe6bea3},
    {0x1592, 0xe6bea4},
    {0x4648, 0xe6bea5},
    {0x5596, 0xe6bea6},
    {0x1595, 0xe6beaa},
    {0x4c35, 0xe6beae},
    {0x4649, 0xe6beaf},
    {0x5597, 0xe6beb0},
    {0xc3d, 0xe6beb1},
    {0x158f, 0xe6beb3},
    {0x2152, 0xe6beb5},
    {0x3992, 0xe6beb6},
    {0x4c36, 0xe6beb7},
    {0x1593, 0xe6beb9},
    {0x4236, 0xe6bebc},
    {0x4646, 0xe6bebe},
    {0x739, 0xe6bf80},
    {0xb59, 0xe6bf81},
    {0x158d, 0xe6bf82},
    {0xcf1, 0xe6bf83},
    {0x5598, 0xe6bf85},
    {0x1594, 0xe6bf86},
    {0x4237, 0xe6bf87},
    {0x4238, 0xe6bf8a},
    {0x1599, 0xe6bf94},
    {0x1597, 0xe6bf95},
    {0x159a, 0xe6bf98},
    {0x3993, 0xe6bf9a},
    {0x159d, 0xe6bf9b},
    {0x3994, 0xe6bf9e},
    {0x1596, 0xe6bf9f},
    {0x7fc, 0xe6bfa0},
    {0xcde, 0xe6bfa1},
    {0x1536, 0xe6bfa4},
    {0x5599, 0xe6bfa8},
    {0x464d, 0xe6bfa9},
    {0xf5e, 0xe6bfab},
    {0x1598, 0xe6bfac},
    {0x159c, 0xe6bfae},
    {0xb55, 0xe6bfaf},
    {0x4239, 0xe6bfb0},
    {0x159b, 0xe6bfb1},
    {0x1586, 0xe6bfb3},
    {0x2153, 0xe6bfb5},
    {0x1ba4, 0xe6bfb6},
    {0x3c23, 0xe6bfb9},
    {0x15a0, 0xe6bfba},
    {0x464f, 0xe6bfbc},
    {0x559a, 0xe6bfbd},
    {0x15a4, 0xe6bfbe},
    {0x4650, 0xe78080},
    {0x15a2, 0xe78081},
    {0x2154, 0xe78085},
    {0x1e50, 0xe78086},
    {0x2155, 0xe78087},
    {0x159e, 0xe78089},
    {0x4651, 0xe7808a},
    {0x159f, 0xe7808b},
    {0x4c37, 0xe7808d},
    {0x15a3, 0xe7808f},
    {0x15a1, 0xe78091},
    {0xdc0, 0xe78095},
    {0x559b, 0xe78097},
    {0x15a9, 0xe78098},
    {0x15a6, 0xe7809a},
    {0x15a5, 0xe7809b},
    {0x15a8, 0xe7809d},
    {0xcac, 0xe7809e},
    {0x15aa, 0xe7809f},
    {0x4c38, 0xe780a0},
    {0x4652, 0xe780a3},
    {0xbb3, 0xe780a6},
    {0xb4d, 0xe780a7},
    {0x2156, 0xe780a8},
    {0xa49, 0xe780ac},
    {0x559c, 0xe780af},
    {0x15ab, 0xe780b0},
    {0x15ad, 0xe780b2},
    {0x559d, 0xe780b4},
    {0x559e, 0xe780b7},
    {0x3996, 0xe780b9},
    {0x4654, 0xe780ba},
    {0x3997, 0xe780bc},
    {0x15ac, 0xe780be},
    {0x4655, 0xe78183},
    {0x559f, 0xe78184},
    {0x4656, 0xe78187},
    {0x55a0, 0xe78188},
    {0x4c39, 0xe78189},
    {0x4f52, 0xe7818a},
    {0x4657, 0xe7818b},
    {0x1572, 0xe7818c},
    {0x423a, 0xe7818e},
    {0x15ae, 0xe78191},
    {0x3999, 0xe78194},
    {0x55a1, 0xe78195},
    {0xcbf, 0xe78198},
    {0x15af, 0xe781a3},
    {0x399c, 0xe781a4},
    {0x4659, 0xe781a5},
    {0x465a, 0xe781a9},
    {0x550, 0xe781ab},
    {0x399d, 0xe781ac},
    {0x465b, 0xe781ae},
    {0xc6e, 0xe781af},
    {0x583, 0xe781b0},
    {0x423b, 0xe781b5},
    {0x465c, 0xe781b6},
    {0x67e, 0xe781b8},
    {0x90a, 0xe781bc},
    {0x842, 0xe781bd},
    {0x399e, 0xe781be},
    {0x399f, 0xe78281},
    {0x2157, 0xe78285},
    {0x465d, 0xe78286},
    {0xfcd, 0xe78289},
    {0xa2c, 0xe7828a},
    {0x50c, 0xe7828e},
    {0x15b1, 0xe78292},
    {0x55a2, 0xe78294},
    {0x39a0, 0xe78295},
    {0x55a3, 0xe78296},
    {0x465e, 0xe78297},
    {0x4c3a, 0xe78298},
    {0x15b0, 0xe78299},
    {0x55a4, 0xe7829b},
    {0x4660, 0xe7829f},
    {0x423c, 0xe782a4},
    {0x2158, 0xe782ab},
    {0x15b4, 0xe782ac},
    {0xb78, 0xe782ad},
    {0x15b7, 0xe782ae},
    {0x15b2, 0xe782af},
    {0x4c3b, 0xe782b0},
    {0x4661, 0xe782b1},
    {0x15b6, 0xe782b3},
    {0x55a5, 0xe782b4},
    {0x39a1, 0xe782b7},
    {0x15b5, 0xe782b8},
    {0xc3a, 0xe782b9},
    {0x49d, 0xe782ba},
    {0x20ad, 0xe782bb},
    {0xfbd, 0xe78388},
    {0x4664, 0xe7838a},
    {0x15b9, 0xe7838b},
    {0x4ca, 0xe7838f},
    {0x4665, 0xe78391},
    {0x39a4, 0xe78398},
    {0x15bb, 0xe78399},
    {0x39a5, 0xe7839c},
    {0x15ba, 0xe7839d},
    {0x15b8, 0xe7839f},
    {0x423d, 0xe783a4},
    {0x4663, 0xe783ac},
    {0x15b3, 0xe783b1},
    {0xe51, 0xe783b9},
    {0x55a6, 0xe783ba},
    {0x15bd, 0xe783bd},
    {0x4666, 0xe78483},
    {0x215a, 0xe78484},
    {0x55a7, 0xe78485},
    {0x4667, 0xe78486},
    {0x39a6, 0xe78487},
    {0x4668, 0xe78488},
    {0x15bc, 0xe78489},
    {0x55a8, 0xe7848b},
    {0x4669, 0xe7848c},
    {0x2159, 0xe7848f},
    {0x50d, 0xe78494},
    {0x15bf, 0xe78499},
    {0xe02, 0xe7849a},
    {0x15be, 0xe7849c},
    {0x423f, 0xe7849e},
    {0x39a7, 0xe784a0},
    {0xec1, 0xe784a1},
    {0x9af, 0xe784a6},
    {0x423e, 0xe784ab},
    {0x55a9, 0xe784ad},
    {0x4240, 0xe784ae},
    {0x466b, 0xe784af},
    {0x1ddc, 0xe784b0},
    {0x39a8, 0xe784b1},
    {0xab5, 0xe784b6},
    {0x55aa, 0xe784b8},
    {0x9ae, 0xe784bc},
    {0x55ab, 0xe78581},
    {0x4c3e, 0xe78585},
    {0xfc3, 0xe78589},
    {0x39a9, 0xe7858a},
    {0x55ac, 0xe7858b},
    {0x15c5, 0xe7858c},
    {0xa9d, 0xe7858e},
    {0x466c, 0xe78590},
    {0x4241, 0xe78591},
    {0x39aa, 0xe78592},
    {0x466d, 0xe78593},
    {0x15c1, 0xe78595},
    {0x15c6, 0xe78596},
    {0x55ae, 0xe78597},
    {0x50e, 0xe78599},
    {0x55af, 0xe7859a},
    {0x215b, 0xe7859c},
    {0x466e, 0xe7859e},
    {0x39ab, 0xe785a0},
    {0x15c4, 0xe785a2},
    {0xd17, 0xe785a4},
    {0x15c0, 0xe785a5},
    {0x15c3, 0xe785a6},
    {0x9b0, 0xe785a7},
    {0x4242, 0xe785a8},
    {0xd65, 0xe785a9},
    {0x15c7, 0xe785ac},
    {0x8fd, 0xe785ae},
    {0x39ac, 0xe785b9},
    {0xa9e, 0xe785bd},
    {0x4671, 0xe78680},
    {0x15ca, 0xe78684},
    {0x4243, 0xe78685},
    {0x4244, 0xe78687},
    {0x15c2, 0xe78688},
    {0x6fd, 0xe7868a},
    {0x55b0, 0xe7868c},
    {0x15c8, 0xe7868f},
    {0x39ad, 0xe78692},
    {0xf3a, 0xe78694},
    {0x15cb, 0xe78695},
    {0x4670, 0xe78696},
    {0x205d, 0xe78699},
    {0x55b1, 0xe7869a},
    {0x4672, 0xe7869b},
    {0x959, 0xe7869f},
    {0x4673, 0xe786a0},
    {0x4674, 0xe786a2},
    {0x15cc, 0xe786a8},
    {0x15cd, 0xe786ac},
    {0x55b2, 0xe786b0},
    {0xce4, 0xe786b1},
    {0x4c3f, 0xe786b2},
    {0x3c25, 0xe786b3},
    {0x15cf, 0xe786b9},
    {0x4245, 0xe786ba},
    {0x15d0, 0xe786be},
    {0x55b3, 0xe786bf},
    {0x55b4, 0xe78780},
    {0x215f, 0xe78781},
    {0xce9, 0xe78783},
    {0x4246, 0xe78784},
    {0xc6f, 0xe78788},
    {0x15d2, 0xe78789},
    {0x39af, 0xe7878b},
    {0x55b5, 0xe7878c},
    {0x15d4, 0xe7878e},
    {0xf9d, 0xe78790},
    {0x15d1, 0xe78792},
    {0x39b0, 0xe78793},
    {0x15d3, 0xe78794},
    {0x50f, 0xe78795},
    {0x39b1, 0xe78796},
    {0x15ce, 0xe78797},
    {0x4678, 0xe78799},
    {0x55b6, 0xe7879a},
    {0x4679, 0xe7879c},
    {0x114e, 0xe7879f},
    {0x15d5, 0xe787a0},
    {0xae9, 0xe787a5},
    {0x886, 0xe787a6},
    {0x15d7, 0xe787a7},
    {0x15d6, 0xe787ac},
    {0x9ea, 0xe787ad},
    {0x10ee, 0xe787ae},
    {0x4c40, 0xe787b4},
    {0x15d8, 0xe787b5},
    {0x55b7, 0xe787b8},
    {0x15da, 0xe787b9},
    {0x15c9, 0xe787bb},
    {0x15d9, 0xe787bc},
    {0x2160, 0xe787be},
    {0x15db, 0xe787bf},
    {0x39b2, 0xe78880},
    {0xd30, 0xe78886},
    {0x467a, 0xe78887},
    {0x15dc, 0xe7888d},
    {0x15dd, 0xe78890},
    {0x55ba, 0xe78893},
    {0x4247, 0xe78895},
    {0x4c41, 0xe78897},
    {0x55bb, 0xe7889a},
    {0x15de, 0xe7889b},
    {0x39b3, 0xe7889d},
    {0x4c42, 0xe7889f},
    {0x55bc, 0xe788a4},
    {0x15df, 0xe788a8},
    {0xbfa, 0xe788aa},
    {0x39b4, 0xe788ab},
    {0x15e1, 0xe788ac},
    {0x15e0, 0xe788ad},
    {0x55bd, 0xe788af},
    {0x15e2, 0xe788b0},
    {0x15e3, 0xe788b2},
    {0x467c, 0xe788b4},
    {0x90b, 0xe788b5},
    {0xdd5, 0xe788b6},
    {0x39b5, 0xe788b8},
    {0x467d, 0xe788b9},
    {0xef8, 0xe788ba},
    {0xad8, 0xe788bd},
    {0x8d0, 0xe788be},
    {0x15e6, 0xe788bf},
    {0x15e7, 0xe78980},
    {0x39b6, 0xe78981},
    {0x467e, 0xe78982},
    {0x4c43, 0xe78983},
    {0x55be, 0xe78985},
    {0x15e8, 0xe78986},
    {0xe22, 0xe78987},
    {0xd5b, 0xe78988},
    {0x15e9, 0xe7898b},
    {0xd0d, 0xe7898c},
    {0x55bf, 0xe7898e},
    {0xbc9, 0xe78992},
    {0x39b7, 0xe78993},
    {0x467f, 0xe78997},
    {0x15ea, 0xe78998},
    {0x567, 0xe78999},
    {0x4c46, 0xe7899a},
    {0x687, 0xe7899b},
    {0x39ba, 0xe7899c},
    {0xed2, 0xe7899d},
    {0x55c0, 0xe7899e},
    {0xec2, 0xe7899f},
    {0x4c47, 0xe789a0},
    {0x534, 0xe789a1},
    {0xfda, 0xe789a2},
    {0x4680, 0xe789a3},
    {0xe80, 0xe789a7},
    {0x4c48, 0xe789a8},
    {0xdfa, 0xe789a9},
    {0x55c1, 0xe789ab},
    {0x55c2, 0xe789b1},
    {0xa5b, 0xe789b2},
    {0x15eb, 0xe789b4},
    {0x4c49, 0xe789b7},
    {0x4684, 0xe789b8},
    {0xc9b, 0xe789b9},
    {0x757, 0xe789bd},
    {0x15ec, 0xe789be},
    {0x4685, 0xe789bf},
    {0x844, 0xe78a80},
    {0x15ee, 0xe78a81},
    {0x15ed, 0xe78a82},
    {0x4c4a, 0xe78a84},
    {0x15ef, 0xe78a87},
    {0x55c5, 0xe78a89},
    {0x39bb, 0xe78a8d},
    {0x4686, 0xe78a8e},
    {0x15f0, 0xe78a92},
    {0x55c6, 0xe78a93},
    {0x15f1, 0xe78a96},
    {0x4249, 0xe78a9b},
    {0x658, 0xe78aa0},
    {0x15f2, 0xe78aa2},
    {0x15f3, 0xe78aa7},
    {0x55c7, 0xe78aa8},
    {0x758, 0xe78aac},
    {0x39bc, 0xe78aad},
    {0x4688, 0xe78aae},
    {0xd5c, 0xe78aaf},
    {0x4689, 0xe78ab0},
    {0x2161, 0xe78ab1},
    {0x15f5, 0xe78ab2},
    {0x39bd, 0xe78ab4},
    {0x9dd, 0xe78ab6},
    {0x15f4, 0xe78ab9},
    {0x2162, 0xe78abe},
    {0x342b, 0xe78b80},
    {0x468a, 0xe78b81},
    {0x6b0, 0xe78b82},
    {0x15f6, 0xe78b83},
    {0x15f8, 0xe78b84},
    {0x15f7, 0xe78b86},
    {0x39be, 0xe78b87},
    {0x4c4b, 0xe78b89},
    {0x468c, 0xe78b8c},
    {0x15f9, 0xe78b8e},
    {0x785, 0xe78b90},
    {0x15fa, 0xe78b92},
    {0x6e1, 0xe78b97},
    {0x55ca, 0xe78b98},
    {0xac2, 0xe78b99},
    {0x80f, 0xe78b9b},
    {0x55cb, 0xe78b9f},
    {0x15fb, 0xe78ba2},
    {0x4c4c, 0xe78ba5},
    {0x919, 0xe78ba9},
    {0xca0, 0xe78bac},
    {0x6b1, 0xe78bad},
    {0x468f, 0xe78bb3},
    {0x4c4d, 0xe78bb4},
    {0x15ff, 0xe78bb7},
    {0xb6a, 0xe78bb8},
    {0x15fe, 0xe78bb9},
    {0x4690, 0xe78bba},
    {0x39bf, 0xe78bbb},
    {0xfdb, 0xe78bbc},
    {0xd18, 0xe78bbd},
    {0x55cc, 0xe78bbe},
    {0x4c4e, 0xe78c82},
    {0x4691, 0xe78c87},
    {0x1602, 0xe78c8a},
    {0x4c4f, 0xe78c8b},
    {0x55cd, 0xe78c8d},
    {0x4692, 0xe78c92},
    {0x55ce, 0xe78c93},
    {0x1604, 0xe78c96},
    {0x1601, 0xe78c97},
    {0xee0, 0xe78c9b},
    {0x1603, 0xe78c9c},
    {0x1605, 0xe78c9d},
    {0x4c50, 0xe78c9e},
    {0xf8c, 0xe78c9f},
    {0x4c51, 0xe78ca2},
    {0x2163, 0xe78ca4},
    {0x1609, 0xe78ca5},
    {0x424b, 0xe78ca7},
    {0x39c2, 0xe78ca8},
    {0x1608, 0xe78ca9},
    {0xbb4, 0xe78caa},
    {0xce3, 0xe78cab},
    {0x4697, 0xe78cac},
    {0x759, 0xe78cae},
    {0x1607, 0xe78caf},
    {0x39c3, 0xe78cb1},
    {0x55cf, 0xe78cb2},
    {0x4698, 0xe78cb3},
    {0x1606, 0xe78cb4},
    {0x55d0, 0xe78cb5},
    {0x4696, 0xe78cb9},
    {0x4699, 0xe78cbd},
    {0x160a, 0xe78cbe},
    {0x510, 0xe78cbf},
    {0x39c4, 0xe78d83},
    {0x808, 0xe78d84},
    {0x8b0, 0xe78d85},
    {0x4c54, 0xe78d8d},
    {0x424c, 0xe78d90},
    {0x469a, 0xe78d92},
    {0x55d1, 0xe78d96},
    {0x160e, 0xe78d97},
    {0x4c55, 0xe78d98},
    {0x94d, 0xe78da3},
    {0x424d, 0xe78da6},
    {0x4c56, 0xe78da7},
    {0x1610, 0xe78da8},
    {0x55d6, 0xe78da9},
    {0x160f, 0xe78daa},
    {0x469c, 0xe78dab},
    {0x39c5, 0xe78dac},
    {0x1611, 0xe78db0},
    {0x46a0, 0xe78db1},
    {0x5ab, 0xe78db2},
    {0x1613, 0xe78db5},
    {0x2165, 0xe78db7},
    {0x1612, 0xe78db8},
    {0x55d7, 0xe78db9},
    {0x1615, 0xe78dba},
    {0x1614, 0xe78dbb},
    {0x39c6, 0xe78dbc},
    {0x55d8, 0xe78e80},
    {0x46a1, 0xe78e81},
    {0x39c7, 0xe78e83},
    {0x770, 0xe78e84},
    {0xf70, 0xe78e87},
    {0x6c4, 0xe78e89},
    {0x46a2, 0xe78e8a},
    {0x526, 0xe78e8b},
    {0x55d9, 0xe78e8e},
    {0x55da, 0xe78e90},
    {0x55db, 0xe78e93},
    {0x46a3, 0xe78e94},
    {0x39ca, 0xe78e95},
    {0x6e2, 0xe78e96},
    {0x55dc, 0xe78e97},
    {0x46a4, 0xe78e98},
    {0x46a5, 0xe78e9c},
    {0x424e, 0xe78ea2},
    {0x46a6, 0xe78ea5},
    {0x39ce, 0xe78ea6},
    {0x3c3f, 0xe78ea8},
    {0x61d, 0xe78ea9},
    {0x55dd, 0xe78eaa},
    {0x39cf, 0xe78eab},
    {0x55de, 0xe78ead},
    {0xfb0, 0xe78eb2},
    {0x1617, 0xe78eb3},
    {0x39d0, 0xe78eb5},
    {0x39d1, 0xe78eb7},
    {0x46a7, 0xe78eb9},
    {0x35ea, 0xe78eba},
    {0x1619, 0xe78ebb},
    {0x39d2, 0xe78ebc},
    {0x2166, 0xe78ebd},
    {0x46a8, 0xe78ebf},
    {0x161a, 0xe78f80},
    {0x551, 0xe78f82},
    {0x46a9, 0xe78f85},
    {0x55df, 0xe78f86},
    {0x1616, 0xe78f88},
    {0x2167, 0xe78f89},
    {0x887, 0xe78f8a},
    {0x46aa, 0xe78f8b},
    {0x55e0, 0xe78f8c},
    {0xbdd, 0xe78f8d},
    {0x1618, 0xe78f8e},
    {0x39d3, 0xe78f8f},
    {0x216a, 0xe78f92},
    {0x55e1, 0xe78f93},
    {0x2168, 0xe78f96},
    {0x39d4, 0xe78f99},
    {0x55e2, 0xe78f9d},
    {0x161d, 0xe78f9e},
    {0x91a, 0xe78fa0},
    {0x46ab, 0xe78fa1},
    {0x2169, 0xe78fa3},
    {0x3c39, 0xe78fa4},
    {0x161b, 0xe78fa5},
    {0x55e3, 0xe78fa6},
    {0x46ac, 0xe78fa7},
    {0x39d5, 0xe78fa9},
    {0x714, 0xe78faa},
    {0xd5d, 0xe78fad},
    {0x161c, 0xe78fae},
    {0x1637, 0xe78fb1},
    {0x39d6, 0xe78fb4},
    {0x216c, 0xe78fb5},
    {0x55e4, 0xe78fb7},
    {0x1622, 0xe78fb8},
    {0x46ad, 0xe78fb9},
    {0x46af, 0xe78fba},
    {0x55e5, 0xe78fbb},
    {0x39d7, 0xe78fbd},
    {0x771, 0xe78fbe},
    {0x55e6, 0xe78fbf},
    {0x55e7, 0xe79080},
    {0x46b0, 0xe79081},
    {0x67f, 0xe79083},
    {0x39d8, 0xe79084},
    {0x161f, 0xe79085},
    {0xf67, 0xe79086},
    {0x216b, 0xe79087},
    {0xf78, 0xe79089},
    {0x39d9, 0xe7908a},
    {0x55e8, 0xe79091},
    {0x46ae, 0xe79093},
    {0x3c3a, 0xe790a1},
    {0xb56, 0xe790a2},
    {0x39dc, 0xe790a4},
    {0x1621, 0xe790a5},
    {0x216d, 0xe790a6},
    {0x39dd, 0xe790a8},
    {0x216f, 0xe790a9},
    {0x216e, 0xe790aa},
    {0x424f, 0xe790ab},
    {0x39de, 0xe790ac},
    {0x55e9, 0xe790ad},
    {0x2170, 0xe790ae},
    {0x1623, 0xe790b2},
    {0xf9e, 0xe790b3},
    {0x6cf, 0xe790b4},
    {0xd90, 0xe790b5},
    {0xd00, 0xe790b6},
    {0x39e2, 0xe790b9},
    {0x1624, 0xe790ba},
    {0x1626, 0xe790bf},
    {0x46b2, 0xe79180},
    {0x1629, 0xe79181},
    {0x46b3, 0xe79183},
    {0x39e3, 0xe79184},
    {0x4250, 0xe79186},
    {0x39e4, 0xe79187},
    {0x39e5, 0xe7918b},
    {0x39e6, 0xe7918d},
    {0x39e7, 0xe79191},
    {0x46b4, 0xe79192},
    {0x46b1, 0xe79193},
    {0x1625, 0xe79195},
    {0x39e8, 0xe79197},
    {0x1628, 0xe79199},
    {0x79e, 0xe7919a},
    {0x4ef, 0xe7919b},
    {0x162a, 0xe7919c},
    {0x46b5, 0xe7919d},
    {0xa36, 0xe7919e},
    {0x1627, 0xe7919f},
    {0xfa4, 0xe791a0},
    {0x4251, 0xe791a2},
    {0x162d, 0xe791a3},
    {0x1d35, 0xe791a4},
    {0x39e9, 0xe791a6},
    {0x162b, 0xe791a9},
    {0x162e, 0xe791aa},
    {0x39ea, 0xe791ab},
    {0x4252, 0xe791ad},
    {0x55ec, 0xe791ae},
    {0x1620, 0xe791af},
    {0x162c, 0xe791b0},
    {0x39eb, 0xe791b1},
    {0x4c57, 0xe791b2},
    {0x82c, 0xe791b3},
    {0x162f, 0xe791b6},
    {0x1630, 0xe791be},
    {0x39ec, 0xe79280},
    {0x46b6, 0xe79281},
    {0xf68, 0xe79283},
    {0x46b7, 0xe79288},
    {0x2172, 0xe79289},
    {0x1631, 0xe7928b},
    {0x55ed, 0xe7928f},
    {0x39f0, 0xe79290},
    {0x55ee, 0xe79291},
    {0x46b9, 0xe79292},
    {0x46ba, 0xe79297},
    {0x39f1, 0xe79298},
    {0x46bb, 0xe79299},
    {0x55ef, 0xe7929a},
    {0x39f2, 0xe7929c},
    {0x1632, 0xe7929e},
    {0x2173, 0xe7929f},
    {0x39f3, 0xe792a0},
    {0x46bc, 0xe792a1},
    {0x161e, 0xe792a2},
    {0x39f4, 0xe792a3},
    {0x46bd, 0xe792a5},
    {0x4253, 0xe792a6},
    {0x1633, 0xe792a7},
    {0x39f5, 0xe792a8},
    {0x4254, 0xe792a9},
    {0x46be, 0xe792aa},
    {0x39f6, 0xe792ab},
    {0x55f0, 0xe792ae},
    {0x4c58, 0xe792af},
    {0x600, 0xe792b0},
    {0x39f7, 0xe792b5},
    {0x46bf, 0xe792b9},
    {0x46c1, 0xe792ba},
    {0x46c0, 0xe792bb},
    {0x8d1, 0xe792bd},
    {0x39f8, 0xe792bf},
    {0x39f9, 0xe79388},
    {0x4255, 0xe79389},
    {0x1634, 0xe7938a},
    {0x55f3, 0xe7938c},
    {0x1635, 0xe7938f},
    {0x55f4, 0xe79390},
    {0x55f5, 0xe79393},
    {0x1636, 0xe79394},
    {0x46c2, 0xe79396},
    {0x46c3, 0xe79398},
    {0x39fa, 0xe7939a},
    {0x55f7, 0xe7939b},
    {0x4dd, 0xe7939c},
    {0x39fb, 0xe7939e},
    {0x4c59, 0xe7939f},
    {0x1638, 0xe793a0},
    {0xdad, 0xe793a2},
    {0x1639, 0xe793a3},
    {0x4c5a, 0xe793a4},
    {0x5e0, 0xe793a6},
    {0x163a, 0xe793a7},
    {0x55f8, 0xe793a8},
    {0x163b, 0xe793a9},
    {0x55f9, 0xe793aa},
    {0x46c4, 0xe793ab},
    {0x163c, 0xe793ae},
    {0x3750, 0xe793af},
    {0x163d, 0xe793b2},
    {0x4c5b, 0xe793b4},
    {0xdc5, 0xe793b6},
    {0x1641, 0xe793b7},
    {0x1640, 0xe793b8},
    {0x46c6, 0xe793ba},
    {0x4c5c, 0xe793bb},
    {0x55fb, 0xe793bc},
    {0x4256, 0xe793bf},
    {0x2174, 0xe79481},
    {0x1643, 0xe79483},
    {0x1642, 0xe79484},
    {0x1644, 0xe79485},
    {0x55fc, 0xe79486},
    {0x1645, 0xe7948c},
    {0x1647, 0xe7948d},
    {0x1646, 0xe7948e},
    {0x80b, 0xe79491},
    {0x55fd, 0xe79492},
    {0x1649, 0xe79493},
    {0x1648, 0xe79495},
    {0x4c5d, 0xe79496},
    {0x4257, 0xe79497},
    {0x601, 0xe79498},
    {0xa19, 0xe7949a},
    {0xc36, 0xe7949c},
    {0x164a, 0xe7949e},
    {0xa5c, 0xe7949f},
    {0x46c8, 0xe794a0},
    {0x4c5e, 0xe794a1},
    {0x35de, 0xe794a2},
    {0x888, 0xe794a3},
    {0x46c9, 0xe794a4},
    {0x51b, 0xe794a5},
    {0x164b, 0xe794a6},
    {0x55fe, 0xe794a7},
    {0xf3b, 0xe794a8},
    {0x55ff, 0xe794a9},
    {0x46ca, 0xe794aa},
    {0xe33, 0xe794ab},
    {0x164c, 0xe794ac},
    {0x20f2, 0xe794af},
    {0xc3e, 0xe794b0},
    {0xf1d, 0xe794b1},
    {0x7d5, 0xe794b2},
    {0xa03, 0xe794b3},
    {0x5600, 0xe794b6},
    {0xb89, 0xe794b7},
    {0x10c9, 0xe794b8},
    {0x5601, 0xe794b9},
    {0xbca, 0xe794ba},
    {0x568, 0xe794bb},
    {0x164d, 0xe794bc},
    {0x4c5f, 0xe794bf},
    {0x46cf, 0xe79580},
    {0x5602, 0xe79583},
    {0x164e, 0xe79584},
    {0x1653, 0xe79586},
    {0x5603, 0xe79587},
    {0x46d0, 0xe79588},
    {0x1651, 0xe79589},
    {0x1650, 0xe7958a},
    {0x13c7, 0xe7958b},
    {0x584, 0xe7958c},
    {0x164f, 0xe7958d},
    {0x39fc, 0xe7958e},
    {0x49e, 0xe7958f},
    {0x46d1, 0xe79590},
    {0xd3e, 0xe79591},
    {0x46d2, 0xe79592},
    {0xd5e, 0xe79594},
    {0x5604, 0xe79597},
    {0xf79, 0xe79599},
    {0x1654, 0xe7959a},
    {0x1652, 0xe7959b},
    {0xb9a, 0xe7959c},
    {0xa4a, 0xe7959d},
    {0x4c60, 0xe7959e},
    {0x5605, 0xe7959f},
    {0xd3f, 0xe795a0},
    {0x5606, 0xe795a1},
    {0xd9f, 0xe795a2},
    {0x1656, 0xe795a4},
    {0xf74, 0xe795a5},
    {0x723, 0xe795a6},
    {0x1657, 0xe795a7},
    {0x1655, 0xe795a9},
    {0xd6a, 0xe795aa},
    {0x1658, 0xe795ab},
    {0x3c3b, 0xe795ac},
    {0x1659, 0xe795ad},
    {0x2175, 0xe795af},
    {0x49f, 0xe795b0},
    {0x46d4, 0xe795b1},
    {0x46d3, 0xe795b2},
    {0x9de, 0xe795b3},
    {0x165e, 0xe795b4},
    {0x3751, 0xe795b5},
    {0x165b, 0xe795b6},
    {0xcc5, 0xe795b7},
    {0x165a, 0xe795b8},
    {0x39fd, 0xe795b9},
    {0x46d5, 0xe795ba},
    {0x640, 0xe795bf},
    {0x39fe, 0xe79681},
    {0x1661, 0xe79682},
    {0x5609, 0xe79685},
    {0x1660, 0xe79689},
    {0x165f, 0xe7968a},
    {0xd97, 0xe7968b},
    {0x46d8, 0xe7968c},
    {0xac4, 0xe7968e},
    {0xac3, 0xe7968f},
    {0x39ff, 0xe79690},
    {0x659, 0xe79691},
    {0x1662, 0xe79694},
    {0x560a, 0xe79695},
    {0x4c61, 0xe79699},
    {0x1663, 0xe7969a},
    {0x560b, 0xe7969c},
    {0x1664, 0xe7969d},
    {0x46da, 0xe796a2},
    {0x1666, 0xe796a3},
    {0x4c62, 0xe796a4},
    {0x1665, 0xe796a5},
    {0x4f8, 0xe796ab},
    {0x46dc, 0xe796b0},
    {0x166e, 0xe796b1},
    {0xd7c, 0xe796b2},
    {0x1668, 0xe796b3},
    {0x3a02, 0xe796b4},
    {0x166a, 0xe796b5},
    {0x46dd, 0xe796b7},
    {0x166c, 0xe796b8},
    {0xa04, 0xe796b9},
    {0x560c, 0xe796ba},
    {0x166d, 0xe796bc},
    {0x166b, 0xe796bd},
    {0x8ec, 0xe796be},
    {0x46de, 0xe796bf},
    {0x46df, 0xe79780},
    {0x4c63, 0xe79781},
    {0x1667, 0xe79782},
    {0x1669, 0xe79783},
    {0x4c64, 0xe79784},
    {0xdb4, 0xe79785},
    {0x46e0, 0xe79786},
    {0x9b1, 0xe79787},
    {0x1670, 0xe7978a},
    {0x4c65, 0xe7978c},
    {0x166f, 0xe7978d},
    {0x4259, 0xe7978e},
    {0x46e1, 0xe7978f},
    {0x1671, 0xe79792},
    {0x46e2, 0xe79793},
    {0x8d2, 0xe79794},
    {0x81f, 0xe79795},
    {0x4c66, 0xe79797},
    {0xc71, 0xe79798},
    {0x1672, 0xe79799},
    {0xbe7, 0xe7979b},
    {0x4c67, 0xe7979c},
    {0x46e3, 0xe7979d},
    {0x1674, 0xe7979e},
    {0x4c68, 0xe797a1},
    {0xf69, 0xe797a2},
    {0x1673, 0xe797a3},
    {0x3a03, 0xe797a4},
    {0x46e6, 0xe797a7},
    {0xaeb, 0xe797a9},
    {0x3752, 0xe797ac},
    {0x46e7, 0xe797ae},
    {0x4c69, 0xe797af},
    {0x1679, 0xe797b0},
    {0x46e8, 0xe797b1},
    {0xb92, 0xe797b4},
    {0x3a04, 0xe797b9},
    {0x167a, 0xe797ba},
    {0x1677, 0xe797bc},
    {0x3a05, 0xe79880},
    {0x1678, 0xe79881},
    {0x425a, 0xe79882},
    {0x46e9, 0xe79883},
    {0x4c6a, 0xe79884},
    {0x46eb, 0xe79887},
    {0x425b, 0xe79888},
    {0x167f, 0xe79889},
    {0x3a06, 0xe7988a},
    {0x167d, 0xe7988b},
    {0x4c6b, 0xe7988c},
    {0x167e, 0xe7988d},
    {0x46ec, 0xe7988f},
    {0x560d, 0xe79892},
    {0x46ef, 0xe79893},
    {0x46ea, 0xe79898},
    {0x3a09, 0xe79899},
    {0x4c6c, 0xe7989d},
    {0x3a0a, 0xe7989e},
    {0x1680, 0xe7989f},
    {0x560e, 0xe798a3},
    {0x1685, 0xe798a4},
    {0x46f3, 0xe798a5},
    {0x3645, 0xe798a6},
    {0x1681, 0xe798a7},
    {0x46f4, 0xe798a8},
    {0x560f, 0xe798a9},
    {0x3a0b, 0xe798ad},
    {0x1687, 0xe798b0},
    {0x4c6d, 0xe798b2},
    {0x46f6, 0xe798b3},
    {0x1686, 0xe798b4},
    {0x3a0c, 0xe798b5},
    {0x4c6e, 0xe798b8},
    {0x1688, 0xe798bb},
    {0x46f5, 0xe798bc},
    {0x5612, 0xe79980},
    {0x46f9, 0xe79981},
    {0xf8d, 0xe79982},
    {0x3a0d, 0xe79983},
    {0x5613, 0xe79984},
    {0x4c6f, 0xe79985},
    {0x168b, 0xe79986},
    {0x46fb, 0xe79989},
    {0x4c70, 0xe7998a},
    {0x3a0e, 0xe7998b},
    {0x61e, 0xe7998c},
    {0x3753, 0xe7998e},
    {0xf0a, 0xe79992},
    {0x46fc, 0xe79995},
    {0xe1a, 0xe79996},
    {0x168d, 0xe79998},
    {0x5614, 0xe79999},
    {0x168c, 0xe7999c},
    {0x4c71, 0xe7999f},
    {0x425c, 0xe799a4},
    {0x3a0f, 0xe799a5},
    {0x1693, 0xe799a7},
    {0x1694, 0xe799ac},
    {0x3a10, 0xe799ad},
    {0x46fe, 0xe799ae},
    {0x3a11, 0xe799af},
    {0x1695, 0xe799b0},
    {0x3a12, 0xe799b1},
    {0x1696, 0xe799b2},
    {0x3a13, 0xe799b4},
    {0x1697, 0xe799b6},
    {0x1698, 0xe799b8},
    {0xd43, 0xe799ba},
    {0xc4a, 0xe799bb},
    {0x1699, 0xe799bc},
    {0xd28, 0xe799bd},
    {0xda6, 0xe799be},
    {0x169a, 0xe79a80},
    {0x425d, 0xe79a81},
    {0x2176, 0xe79a82},
    {0x169b, 0xe79a83},
    {0xc24, 0xe79a84},
    {0x5615, 0xe79a85},
    {0x585, 0xe79a86},
    {0x7d6, 0xe79a87},
    {0x169c, 0xe79a88},
    {0x169d, 0xe79a8b},
    {0x169e, 0xe79a8e},
    {0x877, 0xe79a90},
    {0x16a0, 0xe79a93},
    {0x46ff, 0xe79a95},
    {0x169f, 0xe79a96},
    {0x2179, 0xe79a9b},
    {0x2177, 0xe79a9c},
    {0x425e, 0xe79a9d},
    {0x2178, 0xe79a9e},
    {0x5618, 0xe79a9f},
    {0x4701, 0xe79aa0},
    {0x4700, 0xe79aa1},
    {0x217a, 0xe79aa6},
    {0x425f, 0xe79aaa},
    {0x4c72, 0xe79aad},
    {0xd7d, 0xe79aae},
    {0x4704, 0xe79aaf},
    {0x16a3, 0xe79ab0},
    {0x16a4, 0xe79ab4},
    {0x4260, 0xe79ab6},
    {0x1d1c, 0xe79ab7},
    {0x4c73, 0xe79abd},
    {0x87c, 0xe79abf},
    {0x561b, 0xe79b81},
    {0x16a8, 0xe79b82},
    {0xd0c, 0xe79b83},
    {0x3a16, 0xe79b85},
    {0xe8d, 0xe79b86},
    {0x4f0, 0xe79b88},
    {0x4706, 0xe79b89},
    {0x4f9, 0xe79b8a},
    {0x561c, 0xe79b8b},
    {0x3a17, 0xe79b8c},
    {0x16a9, 0xe79b8d},
    {0x4261, 0xe79b8e},
    {0x16ab, 0xe79b92},
    {0x4262, 0xe79b94},
    {0x16aa, 0xe79b96},
    {0xc6a, 0xe79b97},
    {0x4c74, 0xe79b99},
    {0xa5d, 0xe79b9b},
    {0x14d8, 0xe79b9c},
    {0x16ac, 0xe79b9e},
    {0xecd, 0xe79b9f},
    {0x561e, 0xe79ba0},
    {0x16ad, 0xe79ba1},
    {0x602, 0xe79ba3},
    {0xd6b, 0xe79ba4},
    {0x16ae, 0xe79ba5},
    {0x4263, 0xe79ba6},
    {0x16af, 0xe79ba7},
    {0x4708, 0xe79ba8},
    {0x16b0, 0xe79baa},
    {0x4c75, 0xe79bab},
    {0x3a18, 0xe79bac},
    {0xee8, 0xe79bae},
    {0x4c76, 0xe79bb0},
    {0x4264, 0xe79bb1},
    {0xee1, 0xe79bb2},
    {0xbda, 0xe79bb4},
    {0x561f, 0xe79bb6},
    {0xaec, 0xe79bb8},
    {0x4c77, 0xe79bb9},
    {0x16b2, 0xe79bbb},
    {0x3a19, 0xe79bbc},
    {0x96c, 0xe79bbe},
    {0x4c78, 0xe79c80},
    {0x9b2, 0xe79c81},
    {0x16b5, 0xe79c84},
    {0x5620, 0xe79c86},
    {0x16b4, 0xe79c87},
    {0x16b3, 0xe79c88},
    {0xd91, 0xe79c89},
    {0x4265, 0xe79c8a},
    {0x603, 0xe79c8b},
    {0x75d, 0xe79c8c},
    {0x4c79, 0xe79c8e},
    {0x5621, 0xe79c92},
    {0x470a, 0xe79c97},
    {0x4266, 0xe79c99},
    {0x470b, 0xe79c9a},
    {0x16bb, 0xe79c9b},
    {0x5624, 0xe79c9c},
    {0x16b8, 0xe79c9e},
    {0xa05, 0xe79c9f},
    {0xebe, 0xe79ca0},
    {0x4c7a, 0xe79ca2},
    {0x16b7, 0xe79ca4},
    {0x4c7b, 0xe79ca8},
    {0x16b6, 0xe79ca9},
    {0x470c, 0xe79cad},
    {0x5625, 0xe79cae},
    {0x4c7c, 0xe79caf},
    {0x3a1a, 0xe79cb4},
    {0x470d, 0xe79cb5},
    {0x3a1b, 0xe79cb6},
    {0x4c7d, 0xe79cb9},
    {0xbcb, 0xe79cba},
    {0x61f, 0xe79cbc},
    {0x5626, 0xe79cbd},
    {0x4c7e, 0xe79cbe},
    {0xba3, 0xe79d80},
    {0x5627, 0xe79d82},
    {0x4c7f, 0xe79d85},
    {0x217c, 0xe79d86},
    {0x16be, 0xe79d87},
    {0x4c80, 0xe79d8a},
    {0x4c81, 0xe79d8f},
    {0x5628, 0xe79d92},
    {0x4712, 0xe79d98},
    {0x16bf, 0xe79d9a},
    {0x16c2, 0xe79d9b},
    {0x3a1c, 0xe79d9c},
    {0x4c82, 0xe79d9e},
    {0xa2d, 0xe79da1},
    {0x1ec5, 0xe79da2},
    {0xc9c, 0xe79da3},
    {0x4c83, 0xe79da4},
    {0x16c3, 0xe79da5},
    {0xe81, 0xe79da6},
    {0x4c84, 0xe79da7},
    {0x16c0, 0xe79da8},
    {0x3755, 0xe79daa},
    {0x16c1, 0xe79dab},
    {0x4c85, 0xe79dac},
    {0x562b, 0xe79db0},
    {0x3a1f, 0xe79db2},
    {0x16c6, 0xe79db9},
    {0x4269, 0xe79dba},
    {0x4714, 0xe79dbc},
    {0x3a20, 0xe79dbd},
    {0x16c5, 0xe79dbe},
    {0x16c4, 0xe79dbf},
    {0x426a, 0xe79e80},
    {0x4c86, 0xe79e84},
    {0x16c8, 0xe79e8b},
    {0x16c7, 0xe79e8e},
    {0x16c9, 0xe79e91},
    {0x426b, 0xe79e94},
    {0x3a21, 0xe79e95},
    {0x4c89, 0xe79e96},
    {0x4717, 0xe79e9a},
    {0x16cb, 0xe79e9e},
    {0x4718, 0xe79e9f},
    {0x16ca, 0xe79ea0},
    {0x4719, 0xe79ea2},
    {0x471a, 0xe79ea4},
    {0xe1d, 0xe79ea5},
    {0x4c8a, 0xe79ea7},
    {0x3756, 0xe79ea9},
    {0x3a22, 0xe79eaa},
    {0x960, 0xe79eac},
    {0xf8e, 0xe79ead},
    {0x5630, 0xe79eae},
    {0x4c8b, 0xe79eaf},
    {0x16cc, 0xe79eb0},
    {0x5631, 0xe79eb1},
    {0xc8f, 0xe79eb3},
    {0x5632, 0xe79eb5},
    {0x16cd, 0xe79eb6},
    {0x4c8c, 0xe79eb7},
    {0x16ce, 0xe79eb9},
    {0x16d2, 0xe79ebb},
    {0x4c8d, 0xe79ebe},
    {0x16cf, 0xe79ebf},
    {0x5633, 0xe79f83},
    {0x16d3, 0xe79f87},
    {0x4c8e, 0xe79f89},
    {0x16d4, 0xe79f8d},
    {0x4c8f, 0xe79f91},
    {0x5634, 0xe79f92},
    {0x5635, 0xe79f95},
    {0x16d5, 0xe79f97},
    {0x4c90, 0xe79f99},
    {0x16d6, 0xe79f9a},
    {0xec3, 0xe79f9b},
    {0x16d7, 0xe79f9c},
    {0x426c, 0xe79fa0},
    {0xefc, 0xe79fa2},
    {0x16d8, 0xe79fa3},
    {0x471d, 0xe79fa4},
    {0xb8c, 0xe79fa5},
    {0x3a23, 0xe79fa6},
    {0xd20, 0xe79fa7},
    {0x6e3, 0xe79fa9},
    {0x471e, 0xe79faa},
    {0x471f, 0xe79fac},
    {0xb79, 0xe79fad},
    {0x16d9, 0xe79fae},
    {0x6b2, 0xe79faf},
    {0x3a24, 0xe79fb0},
    {0x4c91, 0xe79fb1},
    {0xa74, 0xe79fb3},
    {0x3a25, 0xe79fb4},
    {0x5636, 0xe79fb8},
    {0x4720, 0xe79fbb},
    {0x16da, 0xe79fbc},
    {0x82d, 0xe7a082},
    {0x4722, 0xe7a085},
    {0x3a26, 0xe7a086},
    {0x4723, 0xe7a089},
    {0x16db, 0xe7a08c},
    {0x4724, 0xe7a08d},
    {0x5637, 0xe7a08e},
    {0x5638, 0xe7a091},
    {0x16dc, 0xe7a092},
    {0x75a, 0xe7a094},
    {0x845, 0xe7a095},
    {0x4725, 0xe7a099},
    {0x5639, 0xe7a09d},
    {0x16de, 0xe7a0a0},
    {0x217e, 0xe7a0a1},
    {0x3a27, 0xe7a0a2},
    {0x563a, 0xe7a0a3},
    {0xc50, 0xe7a0a5},
    {0x846, 0xe7a0a6},
    {0x668, 0xe7a0a7},
    {0x4726, 0xe7a0ac},
    {0x3a2a, 0xe7a0b0},
    {0xe52, 0xe7a0b2},
    {0xd01, 0xe7a0b4},
    {0x3a2b, 0xe7a0b5},
    {0x4c92, 0xe7a0b7},
    {0xc51, 0xe7a0ba},
    {0x7ee, 0xe7a0bf},
    {0x426e, 0xe7a183},
    {0x563b, 0xe7a184},
    {0x16e0, 0xe7a185},
    {0x4727, 0xe7a187},
    {0x563c, 0xe7a188},
    {0x563d, 0xe7a18c},
    {0x217f, 0xe7a18e},
    {0x341e, 0xe7a18f},
    {0x3c3c, 0xe7a191},
    {0x563e, 0xe7a192},
    {0x4c93, 0xe7a19c},
    {0x9b3, 0xe7a19d},
    {0x563f, 0xe7a19e},
    {0x5642, 0xe7a1a3},
    {0x2180, 0xe7a1a4},
    {0x3a2c, 0xe7a1a8},
    {0x4728, 0xe7a1aa},
    {0xf7a, 0xe7a1ab},
    {0x7d7, 0xe7a1ac},
    {0x426f, 0xe7a1ae},
    {0x75b, 0xe7a1af},
    {0xd37, 0xe7a1b2},
    {0x16e2, 0xe7a1b4},
    {0x2181, 0xe7a1ba},
    {0x16e4, 0xe7a1bc},
    {0x4c94, 0xe7a1be},
    {0x79f, 0xe7a281},
    {0x16e3, 0xe7a286},
    {0xc12, 0xe7a287},
    {0x472a, 0xe7a28a},
    {0x16e6, 0xe7a28c},
    {0x595, 0xe7a28d},
    {0x16e1, 0xe7a28e},
    {0x5643, 0xe7a28f},
    {0xd7e, 0xe7a291},
    {0x4d2, 0xe7a293},
    {0x472b, 0xe7a294},
    {0x85c, 0xe7a295},
    {0xff8, 0xe7a297},
    {0x4c95, 0xe7a298},
    {0x16e5, 0xe7a29a},
    {0x472d, 0xe7a29d},
    {0x3a2d, 0xe7a29e},
    {0x472e, 0xe7a29f},
    {0x4c96, 0xe7a2a1},
    {0x16e7, 0xe7a2a3},
    {0x472c, 0xe7a2a4},
    {0xe1b, 0xe7a2a7},
    {0x5644, 0xe7a2a8},
    {0xa7d, 0xe7a2a9},
    {0x16e9, 0xe7a2aa},
    {0x5645, 0xe7a2ac},
    {0x4272, 0xe7a2ad},
    {0x16ea, 0xe7a2af},
    {0x4270, 0xe7a2b0},
    {0x4c97, 0xe7a2b1},
    {0x5646, 0xe7a2b2},
    {0x4c98, 0xe7a2b3},
    {0x16e8, 0xe7a2b5},
    {0x5ac, 0xe7a2ba},
    {0x472f, 0xe7a2bb},
    {0x16f0, 0xe7a2bc},
    {0x5647, 0xe7a2bd},
    {0x16ef, 0xe7a2be},
    {0x5648, 0xe7a2bf},
    {0x8d3, 0xe7a381},
    {0x16f1, 0xe7a385},
    {0x16ec, 0xe7a386},
    {0x5649, 0xe7a387},
    {0x3a2e, 0xe7a388},
    {0x4c99, 0xe7a389},
    {0x16f2, 0xe7a38a},
    {0x16ed, 0xe7a38b},
    {0x3a2f, 0xe7a38c},
    {0x3a30, 0xe7a38e},
    {0xd6c, 0xe7a390},
    {0x16eb, 0xe7a391},
    {0x564a, 0xe7a392},
    {0x4c9a, 0xe7a393},
    {0x16ee, 0xe7a394},
    {0x4730, 0xe7a395},
    {0x564b, 0xe7a396},
    {0x16f5, 0xe7a39a},
    {0x564c, 0xe7a39b},
    {0x564d, 0xe7a39f},
    {0x3a31, 0xe7a3a4},
    {0x4731, 0xe7a3a6},
    {0x16f4, 0xe7a3a7},
    {0xe8f, 0xe7a3a8},
    {0x564e, 0xe7a3aa},
    {0x16f3, 0xe7a3ac},
    {0x4af, 0xe7a3af},
    {0x3a34, 0xe7a3b2},
    {0x564f, 0xe7a3b3},
    {0x16f7, 0xe7a3b4},
    {0x5650, 0xe7a3b6},
    {0x3a35, 0xe7a3b7},
    {0x3a36, 0xe7a3bb},
    {0x16f6, 0xe7a3bd},
    {0x4734, 0xe7a3be},
    {0x5651, 0xe7a3bf},
    {0x4273, 0xe7a480},
    {0x9b4, 0xe7a481},
    {0x5652, 0xe7a486},
    {0x16f8, 0xe7a487},
    {0x4c9b, 0xe7a48c},
    {0xac5, 0xe7a48e},
    {0x4736, 0xe7a490},
    {0x16fa, 0xe7a491},
    {0x16f9, 0xe7a492},
    {0x16fb, 0xe7a499},
    {0x5653, 0xe7a49a},
    {0x4737, 0xe7a49b},
    {0x4274, 0xe7a49c},
    {0x5654, 0xe7a49e},
    {0x4c9c, 0xe7a49f},
    {0x5655, 0xe7a4a0},
    {0x4738, 0xe7a4a5},
    {0x16dd, 0xe7a4a6},
    {0x5656, 0xe7a4a9},
    {0x16df, 0xe7a4aa},
    {0x16fd, 0xe7a4ab},
    {0x16fc, 0xe7a4ac},
    {0x5657, 0xe7a4ad},
    {0x4275, 0xe7a4ae},
    {0x2182, 0xe7a4b0},
    {0x3a37, 0xe7a4b1},
    {0x4276, 0xe7a4b4},
    {0x5658, 0xe7a4b5},
    {0x8d4, 0xe7a4ba},
    {0x3a39, 0xe7a4bb},
    {0xfb1, 0xe7a4bc},
    {0x3a3a, 0xe7a4bd},
    {0x8fe, 0xe7a4be},
    {0x4c9f, 0xe7a4bf},
    {0x16fe, 0xe7a580},
    {0x70d, 0xe7a581},
    {0x4ca0, 0xe7a582},
    {0x5659, 0xe7a584},
    {0x3a3b, 0xe7a585},
    {0x4277, 0xe7a586},
    {0x65a, 0xe7a587},
    {0x641, 0xe7a588},
    {0x8b1, 0xe7a589},
    {0x4739, 0xe7a58a},
    {0x565a, 0xe7a58b},
    {0x565b, 0xe7a58f},
    {0xf1e, 0xe7a590},
    {0x565c, 0xe7a591},
    {0x1704, 0xe7a593},
    {0x4ca1, 0xe7a594},
    {0x1703, 0xe7a595},
    {0xac6, 0xe7a596},
    {0x1700, 0xe7a597},
    {0x473a, 0xe7a598},
    {0x1702, 0xe7a59a},
    {0x955, 0xe7a59d},
    {0xa06, 0xe7a59e},
    {0x1701, 0xe7a59f},
    {0x16ff, 0xe7a5a0},
    {0xce0, 0xe7a5a2},
    {0x9b5, 0xe7a5a5},
    {0x473c, 0xe7a5a7},
    {0xdae, 0xe7a5a8},
    {0x565d, 0xe7a5a9},
    {0x4ca2, 0xe7a5ab},
    {0x847, 0xe7a5ad},
    {0x473d, 0xe7a5b2},
    {0xc72, 0xe7a5b7},
    {0x4278, 0xe7a5b9},
    {0x1705, 0xe7a5ba},
    {0x565e, 0xe7a5bb},
    {0x4ca3, 0xe7a5bc},
    {0x565f, 0xe7a5be},
    {0x1706, 0xe7a5bf},
    {0x171c, 0xe7a680},
    {0x6d0, 0xe7a681},
    {0xfe3, 0xe7a684},
    {0xab7, 0xe7a685},
    {0x1707, 0xe7a68a},
    {0x3a3e, 0xe7a68b},
    {0x5660, 0xe7a68c},
    {0x552, 0xe7a68d},
    {0xc13, 0xe7a68e},
    {0xdf1, 0xe7a68f},
    {0x5661, 0xe7a691},
    {0x5662, 0xe7a693},
    {0x2186, 0xe7a694},
    {0x473e, 0xe7a695},
    {0x3a3f, 0xe7a696},
    {0x3a40, 0xe7a698},
    {0x2188, 0xe7a69b},
    {0x5663, 0xe7a69c},
    {0x1708, 0xe7a69d},
    {0x473f, 0xe7a6a1},
    {0x694, 0xe7a6a6},
    {0x1709, 0xe7a6a7},
    {0x5664, 0xe7a6a8},
    {0x4740, 0xe7a6a9},
    {0x170b, 0xe7a6aa},
    {0x4ca4, 0xe7a6ab},
    {0x170c, 0xe7a6ae},
    {0x5665, 0xe7a6af},
    {0xcdf, 0xe7a6b0},
    {0x1e4e, 0xe7a6b1},
    {0x170d, 0xe7a6b3},
    {0x4741, 0xe7a6b4},
    {0x3a41, 0xe7a6b8},
    {0x3a42, 0xe7a6bb},
    {0x6d1, 0xe7a6bd},
    {0x553, 0xe7a6be},
    {0xc9d, 0xe7a6bf},
    {0x932, 0xe7a780},
    {0x8b2, 0xe7a781},
    {0x4742, 0xe7a782},
    {0x4ca5, 0xe7a784},
    {0x4743, 0xe7a787},
    {0x4279, 0xe7a788},
    {0x1710, 0xe7a789},
    {0x3a43, 0xe7a78a},
    {0x933, 0xe7a78b},
    {0x5666, 0xe7a78f},
    {0x54a, 0xe7a791},
    {0xdb5, 0xe7a792},
    {0x427b, 0xe7a794},
    {0x1711, 0xe7a795},
    {0x4746, 0xe7a796},
    {0xd7f, 0xe7a798},
    {0x3a44, 0xe7a79a},
    {0x5667, 0xe7a79d},
    {0x427c, 0xe7a79e},
    {0xac7, 0xe7a79f},
    {0x5668, 0xe7a7a0},
    {0x1714, 0xe7a7a1},
    {0x5669, 0xe7a7a2},
    {0x1715, 0xe7a7a3},
    {0xd1f, 0xe7a7a4},
    {0x566a, 0xe7a7a5},
    {0xa07, 0xe7a7a6},
    {0x1712, 0xe7a7a7},
    {0xb9f, 0xe7a7a9},
    {0x4ca6, 0xe7a7aa},
    {0x427d, 0xe7a7ab},
    {0x1713, 0xe7a7ac},
    {0x427e, 0xe7a7ad},
    {0x9b6, 0xe7a7b0},
    {0x566b, 0xe7a7b1},
    {0x566c, 0xe7a7b8},
    {0x4a0, 0xe7a7bb},
    {0x566d, 0xe7a7bc},
    {0x643, 0xe7a880},
    {0x4ca7, 0xe7a882},
    {0x3a45, 0xe7a883},
    {0x3633, 0xe7a885},
    {0x566e, 0xe7a887},
    {0x1716, 0xe7a888},
    {0x3a46, 0xe7a889},
    {0x474b, 0xe7a88a},
    {0xc14, 0xe7a88b},
    {0x4ca8, 0xe7a88c},
    {0x1717, 0xe7a88d},
    {0xa6b, 0xe7a88e},
    {0x3a47, 0xe7a891},
    {0xeb9, 0xe7a894},
    {0x474c, 0xe7a895},
    {0xd95, 0xe7a897},
    {0xb93, 0xe7a89a},
    {0x474d, 0xe7a89b},
    {0xf8f, 0xe7a89c},
    {0x3a48, 0xe7a89e},
    {0x171b, 0xe7a89f},
    {0x171a, 0xe7a8a0},
    {0x566f, 0xe7a8a1},
    {0x5670, 0xe7a8a7},
    {0x5671, 0xe7a8ab},
    {0x3a49, 0xe7a8ad},
    {0x91b, 0xe7a8ae},
    {0x5672, 0xe7a8af},
    {0x4ca9, 0xe7a8b0},
    {0x171d, 0xe7a8b1},
    {0x4b4, 0xe7a8b2},
    {0x1720, 0xe7a8b7},
    {0x474f, 0xe7a8b8},
    {0x3a4a, 0xe7a8b9},
    {0x4caa, 0xe7a8ba},
    {0x171e, 0xe7a8bb},
    {0x554, 0xe7a8bc},
    {0x724, 0xe7a8bd},
    {0x171f, 0xe7a8be},
    {0x7d8, 0xe7a8bf},
    {0x804, 0xe7a980},
    {0xe36, 0xe7a982},
    {0x1721, 0xe7a983},
    {0x4cab, 0xe7a984},
    {0x3a4b, 0xe7a985},
    {0xe82, 0xe7a986},
    {0x4750, 0xe7a987},
    {0x5675, 0xe7a988},
    {0x1723, 0xe7a989},
    {0x3a4c, 0xe7a98c},
    {0xa75, 0xe7a98d},
    {0x4f1, 0xe7a98e},
    {0x53a, 0xe7a98f},
    {0x470, 0xe7a990},
    {0x5676, 0xe7a995},
    {0x4751, 0xe7a996},
    {0x1722, 0xe7a997},
    {0x4752, 0xe7a999},
    {0x4753, 0xe7a99c},
    {0x3a4d, 0xe7a99d},
    {0x4754, 0xe7a99f},
    {0x4f56, 0xe7a9a0},
    {0x9df, 0xe7a9a3},
    {0x5677, 0xe7a9a5},
    {0x4755, 0xe7a9a7},
    {0x1726, 0xe7a9a9},
    {0x4756, 0xe7a9aa},
    {0x5ad, 0xe7a9ab},
    {0x3a4f, 0xe7a9ad},
    {0x1728, 0xe7a9b0},
    {0x740, 0xe7a9b4},
    {0x4757, 0xe7a9b5},
    {0x680, 0xe7a9b6},
    {0x3a50, 0xe7a9b8},
    {0x1729, 0xe7a9b9},
    {0x6ed, 0xe7a9ba},
    {0x172a, 0xe7a9bd},
    {0x5678, 0xe7a9be},
    {0xaa0, 0xe7a9bf},
    {0x4cac, 0xe7aa80},
    {0xca5, 0xe7aa81},
    {0x4758, 0xe7aa82},
    {0xa84, 0xe7aa83},
    {0x865, 0xe7aa84},
    {0x427f, 0xe7aa85},
    {0x4cad, 0xe7aa86},
    {0x172b, 0xe7aa88},
    {0x4759, 0xe7aa8a},
    {0x5679, 0xe7aa8b},
    {0x475a, 0xe7aa90},
    {0x567a, 0xe7aa91},
    {0xba0, 0xe7aa92},
    {0xaed, 0xe7aa93},
    {0x4cae, 0xe7aa94},
    {0x172d, 0xe7aa95},
    {0x172f, 0xe7aa96},
    {0x172c, 0xe7aa97},
    {0x172e, 0xe7aa98},
    {0x567b, 0xe7aa9e},
    {0x6f8, 0xe7aa9f},
    {0x3a51, 0xe7aaa0},
    {0x3a52, 0xe7aaa3},
    {0x1730, 0xe7aaa9},
    {0x6fc, 0xe7aaaa},
    {0x475b, 0xe7aaac},
    {0x681, 0xe7aaae},
    {0xf3c, 0xe7aaaf},
    {0x1732, 0xe7aab0},
    {0x3a53, 0xe7aab3},
    {0x4caf, 0xe7aab5},
    {0x1733, 0xe7aab6},
    {0x475e, 0xe7aab9},
    {0x4d0, 0xe7aaba},
    {0x4cb0, 0xe7aabd},
    {0x475f, 0xe7aabe},
    {0x1736, 0xe7aabf},
    {0x5d4, 0xe7ab83},
    {0x1735, 0xe7ab84},
    {0x1734, 0xe7ab85},
    {0x3a56, 0xe7ab86},
    {0x1738, 0xe7ab87},
    {0x1731, 0xe7ab88},
    {0x567c, 0xe7ab89},
    {0x1739, 0xe7ab8a},
    {0xf71, 0xe7ab8b},
    {0x4761, 0xe7ab8c},
    {0x173a, 0xe7ab8d},
    {0x4281, 0xe7ab8e},
    {0x173b, 0xe7ab8f},
    {0x2189, 0xe7ab91},
    {0x11c5, 0xe7ab92},
    {0x173d, 0xe7ab93},
    {0x173c, 0xe7ab95},
    {0x567d, 0xe7ab9b},
    {0xf7d, 0xe7ab9c},
    {0x1740, 0xe7ab9d},
    {0x1c08, 0xe7ab9f},
    {0x9b7, 0xe7aba0},
    {0x961, 0xe7aba3},
    {0xc90, 0xe7aba5},
    {0x1743, 0xe7aba6},
    {0x218a, 0xe7aba7},
    {0x4762, 0xe7aba8},
    {0x567e, 0xe7aba9},
    {0xb66, 0xe7abaa},
    {0x218c, 0xe7abab},
    {0x567f, 0xe7abac},
    {0x1744, 0xe7abad},
    {0xb7a, 0xe7abaf},
    {0x1745, 0xe7abb0},
    {0x5680, 0xe7abb1},
    {0x4763, 0xe7abb4},
    {0x69d, 0xe7abb6},
    {0x1076, 0xe7abb8},
    {0xb9b, 0xe7abb9},
    {0x8df, 0xe7abba},
    {0x5681, 0xe7abbb},
    {0x4282, 0xe7abbd},
    {0x4cb1, 0xe7abbe},
    {0x604, 0xe7abbf},
    {0x1746, 0xe7ac82},
    {0x1753, 0xe7ac84},
    {0x1749, 0xe7ac86},
    {0x3a57, 0xe7ac87},
    {0x682, 0xe7ac88},
    {0x1748, 0xe7ac8a},
    {0x1755, 0xe7ac8b},
    {0x1747, 0xe7ac8f},
    {0x9b8, 0xe7ac91},
    {0x4283, 0xe7ac92},
    {0x3a58, 0xe7ac94},
    {0xc25, 0xe7ac9b},
    {0x174d, 0xe7ac9e},
    {0x5682, 0xe7ac9f},
    {0x5bc, 0xe7aca0},
    {0x5683, 0xe7aca3},
    {0xa20, 0xe7aca5},
    {0xdd6, 0xe7aca6},
    {0x3a59, 0xe7aca7},
    {0x174f, 0xe7aca8},
    {0x5684, 0xe7aca9},
    {0x4768, 0xe7acaa},
    {0x4cb2, 0xe7acab},
    {0xb48, 0xe7acac},
    {0x4284, 0xe7acad},
    {0x5685, 0xe7acb0},
    {0x3a5a, 0xe7acb1},
    {0x174a, 0xe7acb3},
    {0x5686, 0xe7acb4},
    {0x174e, 0xe7acb5},
    {0x1750, 0xe7acb6},
    {0x86b, 0xe7acb9},
    {0x4285, 0xe7acbb},
    {0x4767, 0xe7acbd},
    {0x5687, 0xe7acbf},
    {0x5688, 0xe7ad80},
    {0x476e, 0xe7ad81},
    {0x1757, 0xe7ad85},
    {0xda0, 0xe7ad86},
    {0x3a5b, 0xe7ad87},
    {0xd3a, 0xe7ad88},
    {0xc73, 0xe7ad89},
    {0x6d2, 0xe7ad8b},
    {0x1756, 0xe7ad8c},
    {0x1754, 0xe7ad8d},
    {0x3a5c, 0xe7ad8e},
    {0xd49, 0xe7ad8f},
    {0x1751, 0xe7ad90},
    {0xb9c, 0xe7ad91},
    {0xc75, 0xe7ad92},
    {0x375d, 0xe7ad93},
    {0xc74, 0xe7ad94},
    {0x4770, 0xe7ad95},
    {0x866, 0xe7ad96},
    {0x1769, 0xe7ad9d},
    {0x3a5d, 0xe7ada0},
    {0x4772, 0xe7ada4},
    {0x1759, 0xe7ada5},
    {0x4773, 0xe7ada6},
    {0x175b, 0xe7ada7},
    {0x3a5e, 0xe7ada9},
    {0x5689, 0xe7adaa},
    {0x175e, 0xe7adac},
    {0x3a5f, 0xe7adad},
    {0x175f, 0xe7adae},
    {0x4286, 0xe7adaf},
    {0x3a60, 0xe7adb2},
    {0x4774, 0xe7adb3},
    {0x175a, 0xe7adb4},
    {0x1758, 0xe7adb5},
    {0x4cb3, 0xe7adb7},
    {0x4771, 0xe7adb9},
    {0x1752, 0xe7adba},
    {0x476d, 0xe7adbf},
    {0x568a, 0xe7ae84},
    {0xe1f, 0xe7ae86},
    {0x555, 0xe7ae87},
    {0x568b, 0xe7ae89},
    {0x1766, 0xe7ae8b},
    {0x1763, 0xe7ae8d},
    {0x568c, 0xe7ae8e},
    {0x1768, 0xe7ae8f},
    {0x4777, 0xe7ae90},
    {0x3a61, 0xe7ae91},
    {0x1767, 0xe7ae92},
    {0xd29, 0xe7ae94},
    {0xeb3, 0xe7ae95},
    {0x568d, 0xe7ae96},
    {0x889, 0xe7ae97},
    {0x1761, 0xe7ae98},
    {0x176a, 0xe7ae99},
    {0x1765, 0xe7ae9a},
    {0x4778, 0xe7ae9b},
    {0x1764, 0xe7ae9c},
    {0x1760, 0xe7ae9d},
    {0x218d, 0xe7ae9e},
    {0x1762, 0xe7ae9f},
    {0x4cb4, 0xe7aea0},
    {0x605, 0xe7aea1},
    {0x568e, 0xe7aea5},
    {0xb7b, 0xe7aeaa},
    {0x4cb5, 0xe7aeac},
    {0xaa1, 0xe7aead},
    {0x3a62, 0xe7aeaf},
    {0x4cb6, 0xe7aeb0},
    {0xd36, 0xe7aeb1},
    {0x568f, 0xe7aeb2},
    {0x176f, 0xe7aeb4},
    {0x477a, 0xe7aeb5},
    {0x5690, 0xe7aeb6},
    {0xd38, 0xe7aeb8},
    {0x477b, 0xe7aebc},
    {0x5693, 0xe7aebd},
    {0xa85, 0xe7af80},
    {0x176c, 0xe7af81},
    {0x5694, 0xe7af82},
    {0xd63, 0xe7af84},
    {0x477c, 0xe7af85},
    {0x1770, 0xe7af86},
    {0xe23, 0xe7af87},
    {0x5695, 0xe7af88},
    {0xb99, 0xe7af89},
    {0x477d, 0xe7af8a},
    {0x176b, 0xe7af8b},
    {0x176d, 0xe7af8c},
    {0x176e, 0xe7af8f},
    {0x4780, 0xe7af94},
    {0x4781, 0xe7af96},
    {0x3a63, 0xe7af97},
    {0x3a64, 0xe7af99},
    {0x4782, 0xe7af9a},
    {0x5696, 0xe7af9b},
    {0x1771, 0xe7af9d},
    {0x8f0, 0xe7afa0},
    {0xc9e, 0xe7afa4},
    {0x1776, 0xe7afa5},
    {0x1775, 0xe7afa6},
    {0x4cb7, 0xe7afa8},
    {0x1772, 0xe7afa9},
    {0x4783, 0xe7afaa},
    {0xfdc, 0xe7afad},
    {0x4784, 0xe7afb0},
    {0x4cb8, 0xe7afb2},
    {0x177b, 0xe7afb3},
    {0x177f, 0xe7afb6},
    {0x177c, 0xe7afb7},
    {0x4cb9, 0xe7afb8},
    {0x4cba, 0xe7afbc},
    {0x4cbb, 0xe7afbe},
    {0x1778, 0xe7b080},
    {0x4287, 0xe7b081},
    {0x569b, 0xe7b082},
    {0x4785, 0xe7b083},
    {0x569c, 0xe7b084},
    {0x569d, 0xe7b086},
    {0x1779, 0xe7b087},
    {0x4cbc, 0xe7b089},
    {0x3a65, 0xe7b08b},
    {0x569e, 0xe7b08c},
    {0x177e, 0xe7b08d},
    {0x4786, 0xe7b08e},
    {0x3a66, 0xe7b08f},
    {0x1773, 0xe7b091},
    {0x10ea, 0xe7b092},
    {0x177a, 0xe7b093},
    {0x1774, 0xe7b094},
    {0x177d, 0xe7b097},
    {0x569f, 0xe7b099},
    {0x56a0, 0xe7b09b},
    {0x1e3b, 0xe7b09e},
    {0x1783, 0xe7b09f},
    {0x3a67, 0xe7b0a0},
    {0x606, 0xe7b0a1},
    {0x1780, 0xe7b0a3},
    {0x56a1, 0xe7b0a5},
    {0x3a68, 0xe7b0a6},
    {0x1781, 0xe7b0a7},
    {0x4cbd, 0xe7b0a8},
    {0x1782, 0xe7b0aa},
    {0x1785, 0xe7b0ab},
    {0x56a2, 0xe7b0ac},
    {0x4cbe, 0xe7b0af},
    {0x3a69, 0xe7b0b1},
    {0x4288, 0xe7b0b3},
    {0x56a3, 0xe7b0b4},
    {0x3a6a, 0xe7b0b6},
    {0x1784, 0xe7b0b7},
    {0xd8a, 0xe7b0b8},
    {0x1786, 0xe7b0bd},
    {0xfc4, 0xe7b0be},
    {0xe3d, 0xe7b0bf},
    {0x178b, 0xe7b180},
    {0x4cbf, 0xe7b182},
    {0x1788, 0xe7b183},
    {0x4787, 0xe7b185},
    {0x56a6, 0xe7b186},
    {0x4788, 0xe7b18a},
    {0x1787, 0xe7b18c},
    {0xa76, 0xe7b18d},
    {0x178a, 0xe7b18f},
    {0x178c, 0xe7b190},
    {0x3a6b, 0xe7b191},
    {0x1789, 0xe7b194},
    {0x56a7, 0xe7b195},
    {0x1790, 0xe7b196},
    {0x4789, 0xe7b197},
    {0x178d, 0xe7b198},
    {0x3a6c, 0xe7b199},
    {0x56a8, 0xe7b19a},
    {0x478a, 0xe7b19e},
    {0x178e, 0xe7b19f},
    {0x1777, 0xe7b1a0},
    {0x478b, 0xe7b1a1},
    {0x56a9, 0xe7b1a3},
    {0x178f, 0xe7b1a4},
    {0x1791, 0xe7b1a5},
    {0x3a6d, 0xe7b1a7},
    {0x478c, 0xe7b1a9},
    {0x1792, 0xe7b1ac},
    {0x428a, 0xe7b1ad},
    {0x3a6e, 0xe7b1ae},
    {0x478d, 0xe7b1af},
    {0x3a6f, 0xe7b1b0},
    {0x4cc5, 0xe7b1b2},
    {0xe16, 0xe7b1b3},
    {0x1793, 0xe7b1b5},
    {0x428b, 0xe7b1b9},
    {0x370e, 0xe7b1bb},
    {0x56ab, 0xe7b1bc},
    {0x4cc6, 0xe7b1bd},
    {0xeee, 0xe7b1be},
    {0x6c6, 0xe7b281},
    {0x6ff, 0xe7b282},
    {0x1794, 0xe7b283},
    {0x56ac, 0xe7b286},
    {0x4cc7, 0xe7b287},
    {0xe04, 0xe7b289},
    {0xa2e, 0xe7b28b},
    {0xebc, 0xe7b28d},
    {0x428c, 0xe7b28f},
    {0x1795, 0xe7b290},
    {0xf7b, 0xe7b292},
    {0x428d, 0xe7b294},
    {0xd2a, 0xe7b295},
    {0xac8, 0xe7b297},
    {0xcea, 0xe7b298},
    {0x957, 0xe7b29b},
    {0x4cc8, 0xe7b29e},
    {0x484, 0xe7b29f},
    {0x428e, 0xe7b2a0},
    {0x179a, 0xe7b2a1},
    {0x1798, 0xe7b2a2},
    {0x1796, 0xe7b2a4},
    {0x5dd, 0xe7b2a5},
    {0x4791, 0xe7b2a6},
    {0x9b9, 0xe7b2a7},
    {0x179b, 0xe7b2a8},
    {0x1799, 0xe7b2ab},
    {0x1797, 0xe7b2ad},
    {0x179f, 0xe7b2ae},
    {0x56ad, 0xe7b2b0},
    {0x179e, 0xe7b2b1},
    {0x179d, 0xe7b2b2},
    {0x179c, 0xe7b2b3},
    {0x17a0, 0xe7b2b9},
    {0x4cc9, 0xe7b2ba},
    {0x56ae, 0xe7b2bb},
    {0x3a70, 0xe7b2bc},
    {0x17a1, 0xe7b2bd},
    {0xa5e, 0xe7b2be},
    {0x3a71, 0xe7b2bf},
    {0x17a2, 0xe7b380},
    {0x17a4, 0xe7b382},
    {0x4796, 0xe7b384},
    {0x17a3, 0xe7b385},
    {0x4cca, 0xe7b387},
    {0x786, 0xe7b38a},
    {0x4798, 0xe7b38d},
    {0xaba, 0xe7b38e},
    {0x56af, 0xe7b38f},
    {0x17a6, 0xe7b392},
    {0x4ccb, 0xe7b393},
    {0x56b0, 0xe7b394},
    {0x428f, 0xe7b395},
    {0xc76, 0xe7b396},
    {0x3a74, 0xe7b397},
    {0x17a5, 0xe7b398},
    {0x3a75, 0xe7b399},
    {0x4ccc, 0xe7b39a},
    {0x17a7, 0xe7b39c},
    {0x3a76, 0xe7b39d},
    {0xe05, 0xe7b39e},
    {0xaee, 0xe7b39f},
    {0x7d9, 0xe7b3a0},
    {0x17a8, 0xe7b3a2},
    {0x479b, 0xe7b3a6},
    {0xf90, 0xe7b3a7},
    {0x56b1, 0xe7b3a9},
    {0x3a77, 0xe7b3ab},
    {0x17aa, 0xe7b3af},
    {0x17ab, 0xe7b3b2},
    {0x17ac, 0xe7b3b4},
    {0x479d, 0xe7b3b5},
    {0x17ad, 0xe7b3b6},
    {0x8b3, 0xe7b3b8},
    {0x17ae, 0xe7b3ba},
    {0x725, 0xe7b3bb},
    {0x684, 0xe7b3be},
    {0x644, 0xe7b480},
    {0x17b0, 0xe7b482},
    {0x479e, 0xe7b483},
    {0xeff, 0xe7b484},
    {0x7da, 0xe7b485},
    {0x17af, 0xe7b486},
    {0x17b3, 0xe7b48a},
    {0xef2, 0xe7b48b},
    {0xcf2, 0xe7b48d},
    {0x56b2, 0xe7b48f},
    {0xda5, 0xe7b490},
    {0x56b3, 0xe7b491},
    {0x47a0, 0xe7b492},
    {0x3a7b, 0xe7b493},
    {0x96d, 0xe7b494},
    {0x17b2, 0xe7b495},
    {0x56b4, 0xe7b496},
    {0x8ff, 0xe7b497},
    {0x7db, 0xe7b498},
    {0x8b4, 0xe7b499},
    {0x683, 0xe7b49a},
    {0xe06, 0xe7b49b},
    {0x17b1, 0xe7b49c},
    {0x3a7c, 0xe7b49d},
    {0x47a1, 0xe7b49e},
    {0xac9, 0xe7b4a0},
    {0xe70, 0xe7b4a1},
    {0x867, 0xe7b4a2},
    {0x3a7d, 0xe7b4a3},
    {0x56b5, 0xe7b4a6},
    {0x56b6, 0xe7b4aa},
    {0x8b5, 0xe7b4ab},
    {0xbf9, 0xe7b4ac},
    {0x56b7, 0xe7b4ad},
    {0x17b6, 0xe7b4ae},
    {0xfa7, 0xe7b4af},
    {0x849, 0xe7b4b0},
    {0x4290, 0xe7b4b1},
    {0x17b7, 0xe7b4b2},
    {0xa08, 0xe7b4b3},
    {0x17b9, 0xe7b4b5},
    {0x9ba, 0xe7b4b9},
    {0x820, 0xe7b4ba},
    {0x4ccd, 0xe7b4bc},
    {0x17b8, 0xe7b4bf},
    {0x47a6, 0xe7b580},
    {0x3a7e, 0xe7b581},
    {0x934, 0xe7b582},
    {0x772, 0xe7b583},
    {0xaca, 0xe7b584},
    {0x17b4, 0xe7b585},
    {0x17ba, 0xe7b586},
    {0x47a7, 0xe7b587},
    {0x218f, 0xe7b588},
    {0x17b5, 0xe7b58b},
    {0x726, 0xe7b58c},
    {0x4cce, 0xe7b58d},
    {0x17bd, 0xe7b58e},
    {0x17c1, 0xe7b58f},
    {0x741, 0xe7b590},
    {0x56b8, 0xe7b591},
    {0x3a7f, 0xe7b593},
    {0x363a, 0xe7b595},
    {0x17bc, 0xe7b596},
    {0x56b9, 0xe7b597},
    {0x3a80, 0xe7b599},
    {0x47ab, 0xe7b59a},
    {0x17c5, 0xe7b59b},
    {0x4291, 0xe7b59c},
    {0x3a81, 0xe7b59d},
    {0x7dc, 0xe7b59e},
    {0xf57, 0xe7b5a1},
    {0x480, 0xe7b5a2},
    {0x17c2, 0xe7b5a3},
    {0x56ba, 0xe7b5a5},
    {0x685, 0xe7b5a6},
    {0x56bb, 0xe7b5a7},
    {0x17bf, 0xe7b5a8},
    {0x47ac, 0xe7b5aa},
    {0x17c0, 0xe7b5ae},
    {0x47ad, 0xe7b5b0},
    {0xc77, 0xe7b5b1},
    {0x17be, 0xe7b5b2},
    {0x17bb, 0xe7b5b3},
    {0x586, 0xe7b5b5},
    {0xa88, 0xe7b5b6},
    {0x56bc, 0xe7b5b8},
    {0x75c, 0xe7b5b9},
    {0x3a82, 0xe7b5ba},
    {0x56bd, 0xe7b5bb},
    {0x17c7, 0xe7b5bd},
    {0x47af, 0xe7b5bf},
    {0x56be, 0xe7b681},
    {0x4ccf, 0xe7b682},
    {0x4292, 0xe7b683},
    {0x4cd0, 0xe7b685},
    {0x3a83, 0xe7b686},
    {0x47b1, 0xe7b688},
    {0x17c4, 0xe7b689},
    {0x4cd1, 0xe7b68d},
    {0x17c6, 0xe7b68f},
    {0x4cd2, 0xe7b691},
    {0x17c3, 0xe7b693},
    {0x56bf, 0xe7b696},
    {0x47b2, 0xe7b697},
    {0x727, 0xe7b699},
    {0xb13, 0xe7b69a},
    {0x17c8, 0xe7b69b},
    {0xaf0, 0xe7b69c},
    {0x47b4, 0xe7b69d},
    {0x4cd3, 0xe7b69e},
    {0x17d5, 0xe7b69f},
    {0x2192, 0xe7b6a0},
    {0x17d1, 0xe7b6a2},
    {0x17cb, 0xe7b6a3},
    {0x4293, 0xe7b6a6},
    {0x47b5, 0xe7b6a7},
    {0x47b6, 0xe7b6aa},
    {0x17cf, 0xe7b6ab},
    {0x926, 0xe7b6ac},
    {0x4a1, 0xe7b6ad},
    {0x17ca, 0xe7b6ae},
    {0x17d2, 0xe7b6af},
    {0x17d6, 0xe7b6b0},
    {0x7dd, 0xe7b6b1},
    {0xee2, 0xe7b6b2},
    {0x4cd4, 0xe7b6b3},
    {0xbf2, 0xe7b6b4},
    {0x17cc, 0xe7b6b5},
    {0x47b7, 0xe7b6b6},
    {0x2191, 0xe7b6b7},
    {0x17d4, 0xe7b6b8},
    {0x4cd5, 0xe7b6b9},
    {0x17c9, 0xe7b6ba},
    {0xb7c, 0xe7b6bb},
    {0x17ce, 0xe7b6bd},
    {0x481, 0xe7b6be},
    {0xed6, 0xe7b6bf},
    {0x47b8, 0xe7b780},
    {0x4294, 0xe7b782},
    {0x17cd, 0xe7b787},
    {0x6d3, 0xe7b78a},
    {0xd80, 0xe7b78b},
    {0x3a86, 0xe7b78c},
    {0xaef, 0xe7b78f},
    {0x4cd6, 0xe7b790},
    {0xf98, 0xe7b791},
    {0x979, 0xe7b792},
    {0x17fd, 0xe7b795},
    {0x2193, 0xe7b796},
    {0x47b9, 0xe7b797},
    {0x17d7, 0xe7b798},
    {0x47ba, 0xe7b799},
    {0xaa2, 0xe7b79a},
    {0x17d3, 0xe7b79c},
    {0x17d8, 0xe7b79d},
    {0x17da, 0xe7b79e},
    {0xc15, 0xe7b7a0},
    {0x17dd, 0xe7b7a1},
    {0x56c7, 0xe7b7a2},
    {0x340a, 0xe7b7a3},
    {0x17d9, 0xe7b7a4},
    {0x4cd7, 0xe7b7a5},
    {0x47bb, 0xe7b7a6},
    {0xe24, 0xe7b7a8},
    {0x607, 0xe7b7a9},
    {0x56c8, 0xe7b7aa},
    {0x3a87, 0xe7b7ab},
    {0xed7, 0xe7b7ac},
    {0x56c9, 0xe7b7ad},
    {0x4a2, 0xe7b7af},
    {0x3a88, 0xe7b7b1},
    {0x17dc, 0xe7b7b2},
    {0xfc5, 0xe7b7b4},
    {0x3a89, 0xe7b7b9},
    {0x56ca, 0xe7b7ba},
    {0x17db, 0xe7b7bb},
    {0x56c6, 0xe7b880},
    {0x511, 0xe7b881},
    {0xcc4, 0xe7b884},
    {0x17de, 0xe7b885},
    {0x3a8a, 0xe7b888},
    {0x17e5, 0xe7b889},
    {0x17df, 0xe7b88a},
    {0x17e6, 0xe7b88b},
    {0x47bf, 0xe7b890},
    {0x3a8b, 0xe7b891},
    {0x17e2, 0xe7b892},
    {0x3a8c, 0xe7b895},
    {0x47c0, 0xe7b897},
    {0xd31, 0xe7b89b},
    {0x56cb, 0xe7b89c},
    {0x47c1, 0xe7b89d},
    {0x8f6, 0xe7b89e},
    {0x17e4, 0xe7b89f},
    {0x3a8d, 0xe7b8a0},
    {0x17e1, 0xe7b8a1},
    {0x17e7, 0xe7b8a2},
    {0x17e0, 0xe7b8a3},
    {0x94e, 0xe7b8a6},
    {0x47c2, 0xe7b8a7},
    {0x4295, 0xe7b8a8},
    {0xe53, 0xe7b8ab},
    {0x47c3, 0xe7b8ac},
    {0x56cc, 0xe7b8ad},
    {0x956, 0xe7b8ae},
    {0x4cda, 0xe7b8af},
    {0x17e3, 0xe7b8b1},
    {0x17ef, 0xe7b8b2},
    {0x56cd, 0xe7b8b3},
    {0x17eb, 0xe7b8b5},
    {0x4cdb, 0xe7b8b6},
    {0x17ee, 0xe7b8b7},
    {0x17ec, 0xe7b8b9},
    {0x17f0, 0xe7b8ba},
    {0x17ea, 0xe7b8bb},
    {0x17d0, 0xe7b8bd},
    {0xa77, 0xe7b8be},
    {0x56ce, 0xe7b8bf},
    {0xd5f, 0xe7b981},
    {0x17ed, 0xe7b983},
    {0x4cdc, 0xe7b984},
    {0x47c4, 0xe7b985},
    {0x17e8, 0xe7b986},
    {0x3a8e, 0xe7b987},
    {0x3767, 0xe7b988},
    {0xaa3, 0xe7b98a},
    {0x728, 0xe7b98b},
    {0x935, 0xe7b98d},
    {0x56cf, 0xe7b98e},
    {0x56d0, 0xe7b990},
    {0x2194, 0xe7b992},
    {0x9eb, 0xe7b994},
    {0xab8, 0xe7b995},
    {0x17f3, 0xe7b996},
    {0x56d1, 0xe7b998},
    {0x17f2, 0xe7b99d},
    {0x17f4, 0xe7b99e},
    {0x56d2, 0xe7b99f},
    {0x1e11, 0xe7b9a1},
    {0x3a8f, 0xe7b9a2},
    {0x56d3, 0xe7b9a5},
    {0x17e9, 0xe7b9a6},
    {0x17f1, 0xe7b9a7},
    {0x17f9, 0xe7b9a9},
    {0x17f8, 0xe7b9aa},
    {0x1df7, 0xe7b9ab},
    {0xea8, 0xe7b9ad},
    {0x3a90, 0xe7b9ae},
    {0x4cdd, 0xe7b9af},
    {0x701, 0xe7b9b0},
    {0x3a91, 0xe7b9b3},
    {0x47c5, 0xe7b9b5},
    {0x4cde, 0xe7b9b8},
    {0x17f7, 0xe7b9b9},
    {0x17fb, 0xe7b9bb},
    {0x17fa, 0xe7b9bc},
    {0x17fe, 0xe7b9bd},
    {0x47c6, 0xe7b9be},
    {0x1800, 0xe7b9bf},
    {0x4cdf, 0xe7ba81},
    {0x88a, 0xe7ba82},
    {0x17fc, 0xe7ba83},
    {0x20a7, 0xe7ba8a},
    {0x1803, 0xe7ba8c},
    {0x3a92, 0xe7ba8d},
    {0x1809, 0xe7ba8e},
    {0xc35, 0xe7ba8f},
    {0x1805, 0xe7ba90},
    {0x3a93, 0xe7ba91},
    {0x1804, 0xe7ba92},
    {0x56d4, 0xe7ba95},
    {0x1808, 0xe7ba96},
    {0x3a94, 0xe7ba98},
    {0x47ca, 0xe7ba9a},
    {0x608, 0xe7bcb6},
    {0x180c, 0xe7bcb8},
    {0x180d, 0xe7bcba},
    {0x47cd, 0xe7bcbb},
    {0x47cc, 0xe7bcbc},
    {0x4ce0, 0xe7bcbd},
    {0x47ce, 0xe7bcbe},
    {0x56d7, 0xe7bcbf},
    {0x47cf, 0xe7bd83},
    {0x3a95, 0xe7bd84},
    {0x180e, 0xe7bd85},
    {0x2195, 0xe7bd87},
    {0x3a96, 0xe7bd8f},
    {0x1815, 0xe7bd94},
    {0x1814, 0xe7bd95},
    {0x1816, 0xe7bd98},
    {0x4ce1, 0xe7bd9b},
    {0x56d8, 0xe7bd9c},
    {0x4ce2, 0xe7bd9d},
    {0x3a99, 0xe7bda1},
    {0x4ce3, 0xe7bda5},
    {0x56d9, 0xe7bda6},
    {0x181b, 0xe7bda7},
    {0x851, 0xe7bdaa},
    {0x729, 0xe7bdab},
    {0x47d5, 0xe7bdad},
    {0xb94, 0xe7bdae},
    {0xd47, 0xe7bdb0},
    {0x4ce4, 0xe7bdb1},
    {0x97a, 0xe7bdb2},
    {0xd03, 0xe7bdb5},
    {0xd81, 0xe7bdb7},
    {0x181c, 0xe7bdb8},
    {0x1336, 0xe7bdb9},
    {0x4ce5, 0xe7bdbf},
    {0x4ce6, 0xe7be80},
    {0x181d, 0xe7be82},
    {0x181f, 0xe7be83},
    {0xf4f, 0xe7be85},
    {0x181e, 0xe7be86},
    {0x1821, 0xe7be87},
    {0x1820, 0xe7be88},
    {0xf3d, 0xe7be8a},
    {0x4ce7, 0xe7be8b},
    {0x1822, 0xe7be8c},
    {0x56db, 0xe7be8d},
    {0xd92, 0xe7be8e},
    {0x56dc, 0xe7be8f},
    {0x47d8, 0xe7be90},
    {0x3a9a, 0xe7be91},
    {0x1823, 0xe7be94},
    {0x47db, 0xe7be96},
    {0x4296, 0xe7be97},
    {0x1826, 0xe7be9a},
    {0x47dc, 0xe7be9c},
    {0x1825, 0xe7be9d},
    {0x1824, 0xe7be9e},
    {0x2196, 0xe7bea1},
    {0x4ce8, 0xe7bea2},
    {0x1827, 0xe7bea3},
    {0x708, 0xe7bea4},
    {0x56dd, 0xe7bea6},
    {0xaa4, 0xe7bea8},
    {0x65b, 0xe7bea9},
    {0x56de, 0xe7beaa},
    {0x47dd, 0xe7bead},
    {0x182b, 0xe7beae},
    {0x1828, 0xe7beaf},
    {0x1829, 0xe7beb2},
    {0x56df, 0xe7beb4},
    {0x182c, 0xe7beb6},
    {0x182d, 0xe7beb8},
    {0x182a, 0xe7beb9},
    {0x56e0, 0xe7bebc},
    {0x4cb, 0xe7bebd},
    {0x3a9b, 0xe7bebf},
    {0x56e1, 0xe7bf80},
    {0x527, 0xe7bf81},
    {0x47df, 0xe7bf83},
    {0x56e2, 0xe7bf88},
    {0x1831, 0xe7bf8a},
    {0xf4c, 0xe7bf8c},
    {0x3a9c, 0xe7bf8e},
    {0x47e0, 0xe7bf8f},
    {0x936, 0xe7bf92},
    {0x1833, 0xe7bf94},
    {0x1832, 0xe7bf95},
    {0x4297, 0xe7bf9b},
    {0x3a9d, 0xe7bf9f},
    {0xa2f, 0xe7bfa0},
    {0x1834, 0xe7bfa1},
    {0x47e1, 0xe7bfa3},
    {0x3a9e, 0xe7bfa5},
    {0x1835, 0xe7bfa6},
    {0x56e3, 0xe7bfa8},
    {0x1836, 0xe7bfa9},
    {0x621, 0xe7bfab},
    {0x3a9f, 0xe7bfac},
    {0x609, 0xe7bfb0},
    {0x47e2, 0xe7bfb2},
    {0x1837, 0xe7bfb3},
    {0x1838, 0xe7bfb9},
    {0x3aa2, 0xe7bfba},
    {0xe8b, 0xe7bfbb},
    {0xf4d, 0xe7bfbc},
    {0xf3e, 0xe88080},
    {0xfdd, 0xe88081},
    {0x3713, 0xe88082},
    {0x7df, 0xe88083},
    {0x183b, 0xe88084},
    {0x900, 0xe88085},
    {0x183a, 0xe88086},
    {0x4cec, 0xe88087},
    {0x47e4, 0xe88088},
    {0x47e3, 0xe8808a},
    {0x183c, 0xe8808b},
    {0x8d5, 0xe8808c},
    {0x4ced, 0xe8808d},
    {0x3aa3, 0xe8808e},
    {0x56e4, 0xe8808f},
    {0xb31, 0xe88090},
    {0x3aa4, 0xe88091},
    {0x183d, 0xe88092},
    {0x56e5, 0xe88093},
    {0x3aa5, 0xe88094},
    {0x7de, 0xe88095},
    {0x47e5, 0xe88096},
    {0xee3, 0xe88097},
    {0x1840, 0xe8809c},
    {0x56e6, 0xe8809d},
    {0x4cee, 0xe8809e},
    {0x1841, 0xe880a1},
    {0x3aa6, 0xe880a4},
    {0x3aa7, 0xe880a6},
    {0x1842, 0xe880a8},
    {0x47e6, 0xe880ac},
    {0x56e9, 0xe880ae},
    {0x47e7, 0xe880b0},
    {0x8d6, 0xe880b3},
    {0x56ea, 0xe880b4},
    {0x4298, 0xe880b5},
    {0xef9, 0xe880b6},
    {0x4299, 0xe880b7},
    {0x4cef, 0xe880b9},
    {0x3aa8, 0xe880ba},
    {0x1844, 0xe880bb},
    {0x3aa9, 0xe880bc},
    {0xb7d, 0xe880bd},
    {0x56eb, 0xe880be},
    {0x1843, 0xe880bf},
    {0x56ec, 0xe88180},
    {0x47e8, 0xe88183},
    {0x56ed, 0xe88184},
    {0x1846, 0xe88186},
    {0x1845, 0xe8818a},
    {0x1847, 0xe88192},
    {0xa5f, 0xe88196},
    {0x1848, 0xe88198},
    {0x1849, 0xe8819a},
    {0xe09, 0xe8819e},
    {0x184a, 0xe8819f},
    {0x3aaa, 0xe881a0},
    {0xaf1, 0xe881a1},
    {0x184b, 0xe881a2},
    {0x56ee, 0xe881a4},
    {0x47e9, 0xe881a6},
    {0x184c, 0xe881a8},
    {0x56ef, 0xe881ad},
    {0xfc6, 0xe881af},
    {0x184f, 0xe881b0},
    {0x3aab, 0xe881b1},
    {0x184e, 0xe881b2},
    {0x184d, 0xe881b3},
    {0xbcc, 0xe881b4},
    {0x3aac, 0xe881b5},
    {0x1850, 0xe881b6},
    {0x9ec, 0xe881b7},
    {0x1851, 0xe881b9},
    {0x47ea, 0xe881bb},
    {0x1852, 0xe881bd},
    {0xfde, 0xe881be},
    {0x1853, 0xe881bf},
    {0x56f0, 0xe88281},
    {0x1854, 0xe88284},
    {0x1856, 0xe88285},
    {0x1855, 0xe88286},
    {0xd39, 0xe88287},
    {0x4cf0, 0xe88288},
    {0xcd1, 0xe88289},
    {0xfe4, 0xe8828b},
    {0xd3d, 0xe8828c},
    {0x4cf1, 0xe8828e},
    {0x1858, 0xe88293},
    {0x9bb, 0xe88296},
    {0xd9c, 0xe88298},
    {0x47eb, 0xe88299},
    {0x1859, 0xe8829a},
    {0x1857, 0xe8829b},
    {0x47ec, 0xe8829c},
    {0x60a, 0xe8829d},
    {0x3aad, 0xe8829e},
    {0x788, 0xe882a1},
    {0x8b6, 0xe882a2},
    {0x47ed, 0xe882a4},
    {0xd82, 0xe882a5},
    {0x3aae, 0xe882a6},
    {0x47ee, 0xe882a7},
    {0x75e, 0xe882a9},
    {0xe71, 0xe882aa},
    {0x3aaf, 0xe882ab},
    {0x185c, 0xe882ac},
    {0x185a, 0xe882ad},
    {0x7e0, 0xe882af},
    {0x7e1, 0xe882b1},
    {0x4ad, 0xe882b2},
    {0x858, 0xe882b4},
    {0x47ef, 0xe882b8},
    {0x56f1, 0xe882b9},
    {0xd0f, 0xe882ba},
    {0x4a3, 0xe88383},
    {0x1861, 0xe88384},
    {0x47f1, 0xe88385},
    {0xb7e, 0xe88386},
    {0x56f2, 0xe88388},
    {0x429a, 0xe8838a},
    {0xd0e, 0xe8838c},
    {0x56f3, 0xe8838d},
    {0xb3b, 0xe8838e},
    {0x4cf2, 0xe8838f},
    {0x56f4, 0xe88392},
    {0x4cf3, 0xe88394},
    {0x47f2, 0xe88395},
    {0x1863, 0xe88396},
    {0x185f, 0xe88399},
    {0x1862, 0xe8839a},
    {0x185d, 0xe8839b},
    {0x1860, 0xe8839d},
    {0xe54, 0xe8839e},
    {0x429b, 0xe883a0},
    {0x789, 0xe883a1},
    {0x4c1, 0xe883a4},
    {0x185e, 0xe883a5},
    {0x47f3, 0xe883a6},
    {0x4cf4, 0xe883ad},
    {0x56f5, 0xe883ae},
    {0x1865, 0xe883af},
    {0x4cf5, 0xe883b0},
    {0x1866, 0xe883b1},
    {0x56f6, 0xe883b2},
    {0x429c, 0xe883b3},
    {0xc91, 0xe883b4},
    {0x47f5, 0xe883b5},
    {0x56f7, 0xe883b6},
    {0x4cf6, 0xe883b7},
    {0x6b3, 0xe883b8},
    {0x56f8, 0xe883b9},
    {0x4cf7, 0xe883ba},
    {0x47f6, 0xe883bb},
    {0x1871, 0xe883bc},
    {0xcf3, 0xe883bd},
    {0x4cf8, 0xe883be},
    {0x8b7, 0xe88482},
    {0x4cf9, 0xe88483},
    {0x6b4, 0xe88485},
    {0xa6c, 0xe88486},
    {0xfec, 0xe88487},
    {0xeba, 0xe88488},
    {0x1864, 0xe88489},
    {0xa78, 0xe8848a},
    {0x56f9, 0xe8848b},
    {0x47f4, 0xe8848d},
    {0x3ab2, 0xe88496},
    {0x4cfa, 0xe88497},
    {0x3ab3, 0xe88498},
    {0x66d, 0xe8849a},
    {0x1867, 0xe8849b},
    {0x56fa, 0xe8849c},
    {0x47f9, 0xe8849e},
    {0x56fb, 0xe884a0},
    {0x1869, 0xe884a3},
    {0x47fb, 0xe884a4},
    {0x47fc, 0xe884a7},
    {0x1868, 0xe884a9},
    {0x3659, 0xe884ab},
    {0x47fd, 0xe884ac},
    {0x186a, 0xe884af},
    {0x4cfb, 0xe884b0},
    {0xb64, 0xe884b1},
    {0xcf4, 0xe884b3},
    {0x47f8, 0xe884b5},
    {0xbcd, 0xe884b9},
    {0x3ab4, 0xe884ba},
    {0x56fc, 0xe884bc},
    {0x47ff, 0xe884bd},
    {0x186e, 0xe884be},
    {0x3772, 0xe88581},
    {0x56fd, 0xe88585},
    {0x186d, 0xe88586},
    {0x56fe, 0xe88587},
    {0x3ab5, 0xe8858a},
    {0x186b, 0xe8858b},
    {0x3ab6, 0xe8858c},
    {0xa1b, 0xe8858e},
    {0xdd7, 0xe88590},
    {0x1870, 0xe88591},
    {0x56ff, 0xe88592},
    {0x186f, 0xe88593},
    {0x7e2, 0xe88594},
    {0xff9, 0xe88595},
    {0x4cfc, 0xe88597},
    {0x1880, 0xe8859f},
    {0x429d, 0xe885a0},
    {0x5700, 0xe885a1},
    {0x4801, 0xe885a9},
    {0x91c, 0xe885ab},
    {0x42a0, 0xe885ad},
    {0x1873, 0xe885ae},
    {0x4cfd, 0xe885af},
    {0x80a, 0xe885b0},
    {0x1872, 0xe885b1},
    {0x4cfe, 0xe885b3},
    {0x1876, 0xe885b4},
    {0x5701, 0xe885b7},
    {0xbce, 0xe885b8},
    {0xdf2, 0xe885b9},
    {0xaa5, 0xe885ba},
    {0xb3c, 0xe885bf},
    {0x187a, 0xe88680},
    {0x3ab7, 0xe88681},
    {0x187b, 0xe88682},
    {0x1877, 0xe88683},
    {0x3ab8, 0xe88684},
    {0x4804, 0xe88685},
    {0x5702, 0xe88686},
    {0x1878, 0xe88688},
    {0x1879, 0xe8868a},
    {0x4cff, 0xe8868b},
    {0x5703, 0xe8868e},
    {0x7e3, 0xe8868f},
    {0x4d00, 0xe88690},
    {0x1881, 0xe88693},
    {0x187d, 0xe88695},
    {0x5704, 0xe88696},
    {0x4806, 0xe88698},
    {0xdd8, 0xe8869a},
    {0x4d01, 0xe8869b},
    {0xe9a, 0xe8869c},
    {0xd9a, 0xe8869d},
    {0x4d02, 0xe8869e},
    {0x187c, 0xe886a0},
    {0x5705, 0xe886a2},
    {0x187f, 0xe886a3},
    {0x187e, 0xe886a4},
    {0xe72, 0xe886a8},
    {0x1882, 0xe886a9},
    {0x5706, 0xe886ae},
    {0x1883, 0xe886b0},
    {0x4807, 0xe886b2},
    {0xab9, 0xe886b3},
    {0x3ab9, 0xe886b4},
    {0x1884, 0xe886b5},
    {0x1886, 0xe886b8},
    {0x188a, 0xe886ba},
    {0x42a1, 0xe886bb},
    {0x1887, 0xe886bd},
    {0x1885, 0xe886be},
    {0xcf5, 0xe886bf},
    {0x1888, 0xe88780},
    {0x4808, 0xe88781},
    {0x1889, 0xe88782},
    {0x4809, 0xe88783},
    {0x5707, 0xe88785},
    {0x532, 0xe88786},
    {0x1890, 0xe88788},
    {0x188b, 0xe88789},
    {0x42a2, 0xe8878a},
    {0x4d03, 0xe8878b},
    {0x188c, 0xe8878d},
    {0x5708, 0xe8878e},
    {0x3aba, 0xe8878f},
    {0x188d, 0xe88791},
    {0xb01, 0xe88793},
    {0x4d04, 0xe88795},
    {0x480a, 0xe88796},
    {0x42a3, 0xe88797},
    {0x188f, 0xe88798},
    {0x188e, 0xe88799},
    {0x1891, 0xe8879a},
    {0x480b, 0xe8879b},
    {0x4d07, 0xe887a1},
    {0xa09, 0xe887a3},
    {0x480d, 0xe887a4},
    {0x569, 0xe887a5},
    {0x1894, 0xe887a7},
    {0xf9f, 0xe887a8},
    {0x8d7, 0xe887aa},
    {0x5709, 0xe887ab},
    {0x480f, 0xe887ac},
    {0x937, 0xe887ad},
    {0x4d08, 0xe887af},
    {0x8b8, 0xe887b3},
    {0xb95, 0xe887b4},
    {0x570d, 0xe887b5},
    {0x4d09, 0xe887b6},
    {0x570e, 0xe887b8},
    {0x3abb, 0xe887b9},
    {0x4d3, 0xe887bc},
    {0x4810, 0xe887bd},
    {0x1897, 0xe887be},
    {0x4811, 0xe887bf},
    {0x4d0a, 0xe88880},
    {0x3abc, 0xe88883},
    {0x4813, 0xe88884},
    {0x189a, 0xe88885},
    {0x189b, 0xe88887},
    {0x6b5, 0xe88888},
    {0x13af, 0xe88889},
    {0x189c, 0xe8888a},
    {0x4d0b, 0xe8888b},
    {0xa89, 0xe8888c},
    {0x189d, 0xe8888d},
    {0x8f7, 0xe8888e},
    {0x5710, 0xe8888f},
    {0x189e, 0xe88890},
    {0x1009, 0xe88892},
    {0x189f, 0xe88896},
    {0xe2e, 0xe88897},
    {0x618, 0xe88898},
    {0x4815, 0xe88899},
    {0x4d0e, 0xe8889a},
    {0xaa6, 0xe8889b},
    {0x962, 0xe8889c},
    {0x5711, 0xe8889d},
    {0xde3, 0xe8889e},
    {0x938, 0xe8889f},
    {0x3abd, 0xe888a1},
    {0x4816, 0xe888a2},
    {0x5712, 0xe888a8},
    {0x18a0, 0xe888a9},
    {0x7e4, 0xe888aa},
    {0x18a1, 0xe888ab},
    {0xd60, 0xe888ac},
    {0x18af, 0xe888ae},
    {0x3abe, 0xe888b2},
    {0x18a3, 0xe888b3},
    {0x3abf, 0xe888b4},
    {0xb29, 0xe888b5},
    {0xd2b, 0xe888b6},
    {0x773, 0xe888b7},
    {0x18a2, 0xe888b8},
    {0xaa7, 0xe888b9},
    {0x4d0f, 0xe888ba},
    {0x4818, 0xe888bc},
    {0x18a4, 0xe88980},
    {0x5713, 0xe88983},
    {0x4d10, 0xe88984},
    {0x481a, 0xe88985},
    {0x3ac0, 0xe88986},
    {0xc16, 0xe88987},
    {0x4819, 0xe88989},
    {0x3ac1, 0xe8898b},
    {0x5714, 0xe8898e},
    {0x3ac2, 0xe8898f},
    {0x5715, 0xe88991},
    {0x5716, 0xe88996},
    {0x481e, 0xe88997},
    {0x18a6, 0xe88998},
    {0x18a5, 0xe88999},
    {0x18a8, 0xe8899a},
    {0x4820, 0xe8899c},
    {0x18a7, 0xe8899d},
    {0x18a9, 0xe8899f},
    {0x42a5, 0xe889a0},
    {0x18ab, 0xe889a2},
    {0x4821, 0xe889a3},
    {0x18aa, 0xe889a4},
    {0x60b, 0xe889a6},
    {0x5717, 0xe889a7},
    {0x18ac, 0xe889a8},
    {0x4d11, 0xe889ad},
    {0x821, 0xe889ae},
    {0xf91, 0xe889af},
    {0x18b0, 0xe889b1},
    {0x9ed, 0xe889b2},
    {0x42a6, 0xe889b4},
    {0x512, 0xe889b6},
    {0x3775, 0xe889b9},
    {0x5718, 0xe889bb},
    {0x4824, 0xe889bd},
    {0x18b3, 0xe889be},
    {0x4825, 0xe889bf},
    {0x4826, 0xe88a83},
    {0x4d12, 0xe88a84},
    {0x571b, 0xe88a87},
    {0x4d13, 0xe88a89},
    {0x4827, 0xe88a8a},
    {0x4b6, 0xe88a8b},
    {0x18b4, 0xe88a8d},
    {0x3ac3, 0xe88a8e},
    {0x4d14, 0xe88a91},
    {0x18b5, 0xe88a92},
    {0x4828, 0xe88a93},
    {0x571c, 0xe88a94},
    {0x571d, 0xe88a96},
    {0x571e, 0xe88a98},
    {0xdd9, 0xe88a99},
    {0x8f3, 0xe88a9d},
    {0x18b7, 0xe88a9f},
    {0x5721, 0xe88aa0},
    {0x42a8, 0xe88aa1},
    {0x587, 0xe88aa5},
    {0x476, 0xe88aa6},
    {0x42ab, 0xe88aa9},
    {0x4d15, 0xe88aaa},
    {0x18b6, 0xe88aab},
    {0x18b9, 0xe88aac},
    {0xd04, 0xe88aad},
    {0x3ac4, 0xe88aae},
    {0xa0a, 0xe88aaf},
    {0x4d16, 0xe88ab0},
    {0x556, 0xe88ab1},
    {0x482b, 0xe88ab2},
    {0xe55, 0xe88ab3},
    {0x482c, 0xe88ab4},
    {0x3ac5, 0xe88ab7},
    {0x733, 0xe88ab8},
    {0x6d4, 0xe88ab9},
    {0x482d, 0xe88aba},
    {0x18b8, 0xe88abb},
    {0x482e, 0xe88abc},
    {0x56a, 0xe88abd},
    {0x3ac6, 0xe88abe},
    {0x42ac, 0xe88abf},
    {0x5df, 0xe88b85},
    {0x3ac7, 0xe88b86},
    {0x4d17, 0xe88b90},
    {0x513, 0xe88b91},
    {0x18bd, 0xe88b92},
    {0xfb2, 0xe88b93},
    {0xb3d, 0xe88b94},
    {0x42ad, 0xe88b95},
    {0xdb6, 0xe88b97},
    {0x18c9, 0xe88b99},
    {0x5722, 0xe88b9a},
    {0x557, 0xe88b9b},
    {0x18c7, 0xe88b9c},
    {0x18c5, 0xe88b9e},
    {0x18bc, 0xe88b9f},
    {0x5723, 0xe88ba0},
    {0x18ba, 0xe88ba1},
    {0x482f, 0xe88ba2},
    {0x18bb, 0xe88ba3},
    {0x5724, 0xe88ba4},
    {0x90f, 0xe88ba5},
    {0x6e4, 0xe88ba6},
    {0xbb5, 0xe88ba7},
    {0x4830, 0xe88ba8},
    {0x4d18, 0xe88baa},
    {0xca9, 0xe88bab},
    {0x5725, 0xe88bad},
    {0x4d19, 0xe88baf},
    {0x4f3, 0xe88bb1},
    {0x18bf, 0xe88bb3},
    {0x18be, 0xe88bb4},
    {0x4d1a, 0xe88bb6},
    {0x4831, 0xe88bb7},
    {0x18c4, 0xe88bb9},
    {0x18c0, 0xe88bba},
    {0x18c3, 0xe88bbb},
    {0x42ae, 0xe88bbd},
    {0x3ac8, 0xe88bbe},
    {0x42af, 0xe88c80},
    {0x2198, 0xe88c81},
    {0xedc, 0xe88c82},
    {0x18c2, 0xe88c83},
    {0x558, 0xe88c84},
    {0x5db, 0xe88c85},
    {0x18c6, 0xe88c86},
    {0x18c8, 0xe88c89},
    {0x4834, 0xe88c8c},
    {0x72a, 0xe88c8e},
    {0x18cc, 0xe88c96},
    {0x4836, 0xe88c9b},
    {0x46f, 0xe88c9c},
    {0x4837, 0xe88c9d},
    {0x572a, 0xe88ca1},
    {0x42b0, 0xe88ca2},
    {0x18dd, 0xe88ca3},
    {0x4b5, 0xe88ca8},
    {0x18d4, 0xe88cab},
    {0x572b, 0xe88cac},
    {0x42b1, 0xe88cad},
    {0x572c, 0xe88cae},
    {0x18d3, 0xe88caf},
    {0x4838, 0xe88cb0},
    {0x18ce, 0xe88cb1},
    {0x18cd, 0xe88cb2},
    {0x572d, 0xe88cb3},
    {0x18cb, 0xe88cb4},
    {0x18ca, 0xe88cb5},
    {0xba1, 0xe88cb6},
    {0x572e, 0xe88cb7},
    {0xb5b, 0xe88cb8},
    {0x18d0, 0xe88cb9},
    {0x42b2, 0xe88cba},
    {0x4839, 0xe88cbc},
    {0x572f, 0xe88cbd},
    {0x18cf, 0xe88d80},
    {0x5730, 0xe88d82},
    {0x3ac9, 0xe88d83},
    {0x483a, 0xe88d84},
    {0x18d2, 0xe88d85},
    {0x1df8, 0xe88d86},
    {0x42b3, 0xe88d87},
    {0xaf2, 0xe88d89},
    {0x72b, 0xe88d8a},
    {0x4e3, 0xe88d8f},
    {0x18d1, 0xe88d90},
    {0x3aca, 0xe88d91},
    {0x7e5, 0xe88d92},
    {0x573c, 0xe88d93},
    {0x4835, 0xe88d94},
    {0x3acb, 0xe88d95},
    {0x4d1b, 0xe88d96},
    {0x483b, 0xe88d97},
    {0xaf3, 0xe88d98},
    {0x377a, 0xe88d9a},
    {0x2199, 0xe88da2},
    {0x456f, 0xe88da3},
    {0x5733, 0xe88db0},
    {0x18e3, 0xe88db3},
    {0x18e4, 0xe88db5},
    {0x559, 0xe88db7},
    {0x4d1c, 0xe88db8},
    {0x52e, 0xe88dbb},
    {0x18e1, 0xe88dbc},
    {0x42b4, 0xe88dbd},
    {0x219a, 0xe88dbf},
    {0x5734, 0xe88e80},
    {0x5735, 0xe88e82},
    {0x5736, 0xe88e84},
    {0x18d7, 0xe88e85},
    {0x3acc, 0xe88e86},
    {0x18df, 0xe88e87},
    {0x18e6, 0xe88e89},
    {0x18e0, 0xe88e8a},
    {0x3acd, 0xe88e8d},
    {0x18de, 0xe88e8e},
    {0x3ace, 0xe88e92},
    {0x18c1, 0xe88e93},
    {0x18dc, 0xe88e96},
    {0x3acf, 0xe88e98},
    {0x5737, 0xe88e99},
    {0x18d8, 0xe88e9a},
    {0x4841, 0xe88e9b},
    {0x5738, 0xe88e9c},
    {0x4842, 0xe88e9d},
    {0x60c, 0xe88e9e},
    {0x18da, 0xe88e9f},
    {0x18e5, 0xe88ea0},
    {0x18db, 0xe88ea2},
    {0x5739, 0xe88ea6},
    {0x42b5, 0xe88ea7},
    {0x18e7, 0xe88ea8},
    {0x3ad0, 0xe88ea9},
    {0x18d9, 0xe88eaa},
    {0xd32, 0xe88eab},
    {0x573a, 0xe88eac},
    {0x573f, 0xe88ead},
    {0xf53, 0xe88eb1},
    {0x18e2, 0xe88eb5},
    {0x18f8, 0xe88ebd},
    {0x573b, 0xe88ebe},
    {0x3ad1, 0xe88ebf},
    {0x3ad2, 0xe88f80},
    {0x18f0, 0xe88f81},
    {0xa41, 0xe88f85},
    {0x219b, 0xe88f87},
    {0x4843, 0xe88f89},
    {0x660, 0xe88f8a},
    {0x6d5, 0xe88f8c},
    {0x18eb, 0xe88f8e},
    {0x42b6, 0xe88f8f},
    {0x4844, 0xe88f90},
    {0x42b7, 0xe88f91},
    {0x55b, 0xe88f93},
    {0x4845, 0xe88f94},
    {0x9bc, 0xe88f96},
    {0x18ee, 0xe88f98},
    {0x84a, 0xe88f9c},
    {0x4846, 0xe88f9d},
    {0xc4b, 0xe88f9f},
    {0x18f3, 0xe88fa0},
    {0x42b8, 0xe88fa1},
    {0x4847, 0xe88fa5},
    {0x573d, 0xe88fa8},
    {0xe3e, 0xe88fa9},
    {0x3ad3, 0xe88faa},
    {0x18ea, 0xe88fab},
    {0x55a, 0xe88faf},
    {0x78a, 0xe88fb0},
    {0xd9b, 0xe88fb1},
    {0x18f4, 0xe88fb2},
    {0x18e8, 0xe88fb4},
    {0x219c, 0xe88fb6},
    {0x18f1, 0xe88fb7},
    {0x4d1d, 0xe88fb8},
    {0x4848, 0xe88fb9},
    {0x18fb, 0xe88fbb},
    {0x4d1e, 0xe88fbc},
    {0x18ec, 0xe88fbd},
    {0x42b9, 0xe89081},
    {0x18ed, 0xe89083},
    {0xc92, 0xe89084},
    {0x42ba, 0xe89086},
    {0x18f2, 0xe89087},
    {0x1e7f, 0xe8908a},
    {0x18ef, 0xe8908b},
    {0xe56, 0xe8908c},
    {0x18f5, 0xe8908d},
    {0x4a4, 0xe8908e},
    {0x3ad4, 0xe8908f},
    {0x3ad5, 0xe89091},
    {0x18e9, 0xe89093},
    {0x4849, 0xe89095},
    {0x484b, 0xe89097},
    {0x573e, 0xe89099},
    {0x18f7, 0xe890a0},
    {0x18f6, 0xe890a2},
    {0xd21, 0xe890a9},
    {0x18fd, 0xe890aa},
    {0x1908, 0xe890ac},
    {0x5740, 0xe890af},
    {0x5dc, 0xe890b1},
    {0x190b, 0xe890b5},
    {0x18f9, 0xe890b8},
    {0x484c, 0xe890b9},
    {0x18fe, 0xe890bc},
    {0xf58, 0xe890bd},
    {0x5741, 0xe89185},
    {0x1907, 0xe89186},
    {0x5742, 0xe89187},
    {0x219d, 0xe89188},
    {0xf3f, 0xe89189},
    {0x3ad6, 0xe8918a},
    {0x5743, 0xe8918d},
    {0xf72, 0xe8918e},
    {0x484d, 0xe8918f},
    {0x5744, 0xe89196},
    {0xbb6, 0xe89197},
    {0x4d1f, 0xe89198},
    {0x5c9, 0xe8919b},
    {0x4852, 0xe8919c},
    {0x42bb, 0xe8919f},
    {0x5746, 0xe891a0},
    {0xde4, 0xe891a1},
    {0x190d, 0xe891a2},
    {0xc79, 0xe891a3},
    {0x5747, 0xe891a4},
    {0x4854, 0xe891a5},
    {0x475, 0xe891a6},
    {0x5748, 0xe891a7},
    {0x1906, 0xe891a9},
    {0x5749, 0xe891aa},
    {0x1902, 0xe891ab},
    {0xaf4, 0xe891ac},
    {0x18fc, 0xe891ad},
    {0x1904, 0xe891ae},
    {0x1909, 0xe891af},
    {0x42bc, 0xe891b0},
    {0xce2, 0xe891b1},
    {0x42bd, 0xe891b3},
    {0x574a, 0xe891b4},
    {0x46e, 0xe891b5},
    {0x3ad7, 0xe891b6},
    {0x1901, 0xe891b7},
    {0x4855, 0xe891b8},
    {0x190a, 0xe891b9},
    {0xdea, 0xe891ba},
    {0x4856, 0xe891bc},
    {0x574b, 0xe891bd},
    {0x4857, 0xe89281},
    {0x1905, 0xe89282},
    {0x1900, 0xe89284},
    {0x42be, 0xe89285},
    {0x9bd, 0xe8928b},
    {0x939, 0xe89290},
    {0x574c, 0xe89292},
    {0x4d20, 0xe89293},
    {0x8d8, 0xe89294},
    {0x574d, 0xe89295},
    {0x4859, 0xe89297},
    {0xee4, 0xe89299},
    {0xdb9, 0xe8929c},
    {0x42bf, 0xe8929e},
    {0x1910, 0xe8929f},
    {0x1919, 0xe892a1},
    {0x485a, 0xe892a6},
    {0x3ad8, 0xe892a8},
    {0x1903, 0xe892ad},
    {0x3ad9, 0xe892af},
    {0x4d21, 0xe892b1},
    {0x5d5, 0xe892b2},
    {0x219e, 0xe892b4},
    {0x9e0, 0xe892b8},
    {0x190e, 0xe892b9},
    {0x42c0, 0xe892ba},
    {0x1913, 0xe892bb},
    {0xaf5, 0xe892bc},
    {0x4d22, 0xe892bd},
    {0x485b, 0xe892be},
    {0x190f, 0xe892bf},
    {0x3ada, 0xe89380},
    {0x1916, 0xe89381},
    {0x3adb, 0xe89382},
    {0xb9d, 0xe89384},
    {0x1917, 0xe89386},
    {0xf40, 0xe89389},
    {0x190c, 0xe8938a},
    {0x596, 0xe8938b},
    {0x5752, 0xe8938c},
    {0x1912, 0xe8938d},
    {0x1915, 0xe89390},
    {0xeb8, 0xe89391},
    {0x485f, 0xe89393},
    {0x1918, 0xe89396},
    {0x1911, 0xe89399},
    {0x1914, 0xe8939a},
    {0x20ab, 0xe8939c},
    {0x4861, 0xe893a7},
    {0x4862, 0xe893aa},
    {0xe57, 0xe893ac},
    {0xfc7, 0xe893ae},
    {0x4863, 0xe893af},
    {0x3adc, 0xe893b0},
    {0x4864, 0xe893b1},
    {0x5753, 0xe893b2},
    {0x191c, 0xe893b4},
    {0x5754, 0xe893b7},
    {0x4865, 0xe893ba},
    {0x4d23, 0xe893bb},
    {0x1923, 0xe893bc},
    {0x3add, 0xe893bd},
    {0x191b, 0xe893bf},
    {0x8ef, 0xe89480},
    {0x18fa, 0xe89486},
    {0x5757, 0xe89487},
    {0x3ade, 0xe8948c},
    {0x5758, 0xe8948e},
    {0x5759, 0xe89490},
    {0xe1e, 0xe89491},
    {0xeae, 0xe89493},
    {0x1922, 0xe89494},
    {0x1921, 0xe89495},
    {0x4d8, 0xe8949a},
    {0x4866, 0xe8949b},
    {0x575a, 0xe8949c},
    {0x42c3, 0xe8949e},
    {0x1920, 0xe8949f},
    {0x191a, 0xe894a1},
    {0x575b, 0xe894a2},
    {0x1e1a, 0xe894a3},
    {0xbf1, 0xe894a6},
    {0x575c, 0xe894a7},
    {0x575d, 0xe894aa},
    {0x4869, 0xe894ab},
    {0x191f, 0xe894ac},
    {0x4c2, 0xe894ad},
    {0x42c4, 0xe894af},
    {0x42c2, 0xe894b2},
    {0x575e, 0xe894b3},
    {0x3adf, 0xe894b4},
    {0xb02, 0xe894b5},
    {0x575f, 0xe894b6},
    {0xe13, 0xe894bd},
    {0x1eb5, 0xe894be},
    {0x5760, 0xe894bf},
    {0x1924, 0xe89580},
    {0x1928, 0xe89581},
    {0xd6d, 0xe89583},
    {0x4d24, 0xe89586},
    {0x1927, 0xe89588},
    {0x9be, 0xe89589},
    {0x8f5, 0xe8958a},
    {0x192a, 0xe8958b},
    {0x6b6, 0xe8958e},
    {0x486a, 0xe8958f},
    {0x5761, 0xe89590},
    {0x486d, 0xe89591},
    {0x5762, 0xe89592},
    {0x219f, 0xe89593},
    {0x192b, 0xe89595},
    {0x4d25, 0xe89596},
    {0xdeb, 0xe89597},
    {0x1926, 0xe89598},
    {0x21a0, 0xe89599},
    {0x18ff, 0xe8959a},
    {0x5763, 0xe8959c},
    {0x4d26, 0xe8959d},
    {0x3ae0, 0xe8959e},
    {0x1925, 0xe895a3},
    {0x42c5, 0xe895a4},
    {0xff5, 0xe895a8},
    {0xc7a, 0xe895a9},
    {0xde5, 0xe895aa},
    {0x21a1, 0xe895ab},
    {0x1932, 0xe895ad},
    {0x486b, 0xe895af},
    {0x1938, 0xe895b7},
    {0x5767, 0xe895b9},
    {0x42c6, 0xe895ba},
    {0x4871, 0xe895bb},
    {0x4872, 0xe895bd},
    {0x1939, 0xe895be},
    {0x4873, 0xe895bf},
    {0x192c, 0xe89680},
    {0x4874, 0xe89681},
    {0xd2c, 0xe89684},
    {0x4d27, 0xe89685},
    {0x4875, 0xe89686},
    {0x1936, 0xe89687},
    {0x192e, 0xe89688},
    {0x5768, 0xe89689},
    {0x1930, 0xe8968a},
    {0x5769, 0xe8968b},
    {0x42c7, 0xe8968c},
    {0x3ae1, 0xe8968f},
    {0x193a, 0xe89690},
    {0x192f, 0xe89691},
    {0x4876, 0xe89693},
    {0x1933, 0xe89694},
    {0x514, 0xe89697},
    {0x4d28, 0xe89698},
    {0xcbd, 0xe89699},
    {0x1934, 0xe8969b},
    {0x1937, 0xe8969c},
    {0x4877, 0xe8969d},
    {0x4878, 0xe8969f},
    {0x576a, 0xe896a0},
    {0x42c8, 0xe896a2},
    {0x192d, 0xe896a4},
    {0x576b, 0xe896a5},
    {0xaa8, 0xe896a6},
    {0x576c, 0xe896a7},
    {0x1931, 0xe896a8},
    {0x875, 0xe896a9},
    {0xa0b, 0xe896aa},
    {0x706, 0xe896ab},
    {0xf00, 0xe896ac},
    {0x3ae4, 0xe896ad},
    {0xf05, 0xe896ae},
    {0x97c, 0xe896af},
    {0x21a3, 0xe896b0},
    {0x576d, 0xe896b4},
    {0x576e, 0xe896b6},
    {0x3ae2, 0xe896b7},
    {0x576f, 0xe896b8},
    {0x193e, 0xe896b9},
    {0x193c, 0xe896ba},
    {0x487c, 0xe896bc},
    {0xff4, 0xe89781},
    {0x5773, 0xe89782},
    {0x487d, 0xe89787},
    {0x193b, 0xe89789},
    {0x487e, 0xe8978a},
    {0x42c9, 0xe8978b},
    {0xf5f, 0xe8978d},
    {0x3ae3, 0xe8978e},
    {0x193d, 0xe8978f},
    {0x193f, 0xe89790},
    {0x1940, 0xe89795},
    {0x5774, 0xe8979a},
    {0x1943, 0xe8979c},
    {0x1941, 0xe8979d},
    {0x4881, 0xe8979f},
    {0x5775, 0xe897a0},
    {0x4882, 0xe897a1},
    {0xc7b, 0xe897a4},
    {0x1942, 0xe897a5},
    {0x4883, 0xe897a6},
    {0x5776, 0xe897a8},
    {0xd61, 0xe897a9},
    {0x1935, 0xe897aa},
    {0x42ca, 0xe897ad},
    {0x5777, 0xe897b3},
    {0x3780, 0xe897b4},
    {0x4884, 0xe897b6},
    {0x97d, 0xe897b7},
    {0x1944, 0xe897b9},
    {0x1949, 0xe897ba},
    {0xaf6, 0xe897bb},
    {0x5778, 0xe897bc},
    {0x1948, 0xe897be},
    {0x42cb, 0xe897bf},
    {0x4885, 0xe89880},
    {0x1929, 0xe89882},
    {0x194a, 0xe89886},
    {0xacb, 0xe89887},
    {0x1945, 0xe8988a},
    {0x1947, 0xe8988b},
    {0x42ce, 0xe89890},
    {0x4886, 0xe89891},
    {0x3ae5, 0xe89892},
    {0x1946, 0xe89893},
    {0x14d0, 0xe89896},
    {0x14c1, 0xe89897},
    {0x42d0, 0xe89898},
    {0x577b, 0xe89899},
    {0x194c, 0xe8989a},
    {0x577c, 0xe8989b},
    {0x4887, 0xe8989e},
    {0x4888, 0xe898a1},
    {0x194b, 0xe898a2},
    {0x4889, 0xe898a4},
    {0x488a, 0xe898a7},
    {0x3ae6, 0xe898a9},
    {0xf60, 0xe898ad},
    {0x16b1, 0xe898af},
    {0x194d, 0xe898b0},
    {0x577d, 0xe898b6},
    {0x42d1, 0xe898b8},
    {0x488c, 0xe898b9},
    {0x577e, 0xe898ba},
    {0x488d, 0xe898bc},
    {0x577f, 0xe898bd},
    {0x194e, 0xe898bf},
    {0x488f, 0xe89980},
    {0x41b8, 0xe89981},
    {0x4d29, 0xe89982},
    {0x4d2a, 0xe89986},
    {0x194f, 0xe8998d},
    {0x78b, 0xe8998e},
    {0x66e, 0xe89990},
    {0x3ae7, 0xe89992},
    {0x4890, 0xe89993},
    {0x1951, 0xe89994},
    {0x1094, 0xe89995},
    {0x4891, 0xe89996},
    {0x42d2, 0xe89997},
    {0x68f, 0xe8999a},
    {0x3418, 0xe8999b},
    {0xf82, 0xe8999c},
    {0x5782, 0xe8999d},
    {0x6eb, 0xe8999e},
    {0x1952, 0xe8999f},
    {0x42d3, 0xe899a2},
    {0x3ae8, 0xe899a3},
    {0x5785, 0xe899a4},
    {0x1953, 0xe899a7},
    {0x5786, 0xe899a9},
    {0xbac, 0xe899ab},
    {0x3ae9, 0xe899ac},
    {0x3aea, 0xe899af},
    {0x1954, 0xe899b1},
    {0x42d5, 0xe899b5},
    {0x5787, 0xe899b6},
    {0x4892, 0xe899b7},
    {0xcd2, 0xe899b9},
    {0x3aeb, 0xe899ba},
    {0x47e, 0xe899bb},
    {0x3786, 0xe899bd},
    {0x4893, 0xe89a87},
    {0x5799, 0xe89a88},
    {0x4894, 0xe89a89},
    {0x563, 0xe89a8a},
    {0x3aec, 0xe89a8d},
    {0x3aed, 0xe89a91},
    {0x1955, 0xe89a93},
    {0x88b, 0xe89a95},
    {0x5788, 0xe89a96},
    {0x3aee, 0xe89a98},
    {0x5789, 0xe89a9a},
    {0x578a, 0xe89aa1},
    {0x1956, 0xe89aa3},
    {0xcf8, 0xe89aa4},
    {0x578b, 0xe89aa6},
    {0x1962, 0xe89aab},
    {0x578c, 0xe89aad},
    {0x195c, 0xe89aaf},
    {0x195f, 0xe89ab0},
    {0x4897, 0xe89ab1},
    {0x4898, 0xe89ab3},
    {0x195b, 0xe89ab6},
    {0x578f, 0xe89ab7},
    {0x42d6, 0xe89ab8},
    {0x5790, 0xe89ab9},
    {0x5791, 0xe89abf},
    {0x4d2b, 0xe89b80},
    {0x4899, 0xe89b81},
    {0x489a, 0xe89b83},
    {0x195d, 0xe89b84},
    {0x5792, 0xe89b85},
    {0x195e, 0xe89b86},
    {0x904, 0xe89b87},
    {0x1960, 0xe89b89},
    {0xb7f, 0xe89b8b},
    {0x72c, 0xe89b8d},
    {0x5a0, 0xe89b8e},
    {0x489b, 0xe89b91},
    {0x5793, 0xe89b92},
    {0x1963, 0xe89b94},
    {0x489c, 0xe89b95},
    {0x489d, 0xe89b97},
    {0x59d, 0xe89b99},
    {0x5794, 0xe89b9a},
    {0x1968, 0xe89b9b},
    {0x5795, 0xe89b9c},
    {0x1964, 0xe89b9e},
    {0x1967, 0xe89b9f},
    {0x5796, 0xe89ba0},
    {0x489e, 0xe89ba3},
    {0xd4e, 0xe89ba4},
    {0x5797, 0xe89ba5},
    {0x489f, 0xe89ba6},
    {0x5798, 0xe89ba7},
    {0x1965, 0xe89ba9},
    {0x1966, 0xe89bac},
    {0xdba, 0xe89bad},
    {0xd6e, 0xe89bae},
    {0x1969, 0xe89baf},
    {0xb5d, 0xe89bb8},
    {0x1973, 0xe89bb9},
    {0x3af1, 0xe89bba},
    {0x196f, 0xe89bbb},
    {0x42d7, 0xe89bbc},
    {0x3af2, 0xe89bbd},
    {0x56b, 0xe89bbe},
    {0x196d, 0xe89c80},
    {0xe58, 0xe89c82},
    {0x196e, 0xe89c83},
    {0x579a, 0xe89c84},
    {0x48a1, 0xe89c85},
    {0x196b, 0xe89c86},
    {0x48a2, 0xe89c87},
    {0x196c, 0xe89c88},
    {0x1971, 0xe89c89},
    {0x1974, 0xe89c8a},
    {0x3af3, 0xe89c8b},
    {0x1972, 0xe89c8d},
    {0x48a3, 0xe89c8e},
    {0x579b, 0xe89c8f},
    {0x48a4, 0xe89c90},
    {0x1970, 0xe89c91},
    {0x196a, 0xe89c92},
    {0x3af4, 0xe89c93},
    {0x4d2c, 0xe89c94},
    {0xb96, 0xe89c98},
    {0x3af5, 0xe89c99},
    {0x197b, 0xe89c9a},
    {0xeb6, 0xe89c9c},
    {0x3af6, 0xe89c9e},
    {0x48a5, 0xe89c9f},
    {0x48a6, 0xe89ca1},
    {0x4d2d, 0xe89ca2},
    {0x48a7, 0xe89ca3},
    {0x1979, 0xe89ca5},
    {0x3af7, 0xe89ca8},
    {0x197a, 0xe89ca9},
    {0x4d2e, 0xe89cae},
    {0x579c, 0xe89caf},
    {0x48a8, 0xe89cb1},
    {0x579d, 0xe89cb2},
    {0x1975, 0xe89cb4},
    {0x1977, 0xe89cb7},
    {0x4d2f, 0xe89cb9},
    {0x48a9, 0xe89cba},
    {0x1978, 0xe89cbb},
    {0x3af8, 0xe89cbe},
    {0x1976, 0xe89cbf},
    {0x48aa, 0xe89d80},
    {0x48ab, 0xe89d83},
    {0x57a0, 0xe89d85},
    {0xa8a, 0xe89d89},
    {0xfdf, 0xe89d8b},
    {0x197f, 0xe89d8c},
    {0x57a1, 0xe89d8d},
    {0x1980, 0xe89d8e},
    {0x48ac, 0xe89d91},
    {0x1986, 0xe89d93},
    {0x9f0, 0xe89d95},
    {0x1982, 0xe89d97},
    {0x48ad, 0xe89d98},
    {0x1985, 0xe89d99},
    {0x4d30, 0xe89d9d},
    {0x197d, 0xe89d9f},
    {0x197c, 0xe89da0},
    {0x57a2, 0xe89da1},
    {0x1987, 0xe89da3},
    {0x55c, 0xe89da6},
    {0x1983, 0xe89da8},
    {0x1988, 0xe89daa},
    {0x1984, 0xe89dae},
    {0x57a3, 0xe89daf},
    {0x3af9, 0xe89db1},
    {0x48b0, 0xe89db2},
    {0x1981, 0xe89db4},
    {0xbcf, 0xe89db6},
    {0x197e, 0xe89db8},
    {0x4d31, 0xe89dbb},
    {0x48b1, 0xe89dbc},
    {0xd1e, 0xe89dbf},
    {0x198c, 0xe89e82},
    {0x42d8, 0xe89e87},
    {0x3afa, 0xe89e88},
    {0x48b5, 0xe89e89},
    {0x48b6, 0xe89e8b},
    {0x4d32, 0xe89e8c},
    {0xf25, 0xe89e8d},
    {0x4d33, 0xe89e8e},
    {0x57a8, 0xe89e90},
    {0x48b7, 0xe89e93},
    {0x57a9, 0xe89e95},
    {0x3afb, 0xe89e99},
    {0x4d36, 0xe89e9e},
    {0x198b, 0xe89e9f},
    {0x48b8, 0xe89ea0},
    {0x198a, 0xe89ea2},
    {0x4d37, 0xe89ea3},
    {0x48b4, 0xe89ea7},
    {0x1993, 0xe89eab},
    {0x4d38, 0xe89eae},
    {0x198d, 0xe89eaf},
    {0x57ab, 0xe89eb1},
    {0x1995, 0xe89eb3},
    {0x3afe, 0xe89eb5},
    {0xf50, 0xe89eba},
    {0x1998, 0xe89ebb},
    {0x198f, 0xe89ebd},
    {0x48bb, 0xe89ebe},
    {0x4d39, 0xe89ebf},
    {0x1990, 0xe89f80},
    {0x48bd, 0xe89f81},
    {0x1994, 0xe89f84},
    {0x1997, 0xe89f86},
    {0x1996, 0xe89f87},
    {0x57ac, 0xe89f88},
    {0x4d3a, 0xe89f89},
    {0x57ad, 0xe89f8a},
    {0x198e, 0xe89f8b},
    {0x48be, 0xe89f8e},
    {0x1991, 0xe89f90},
    {0x19a2, 0xe89f92},
    {0x57ae, 0xe89f95},
    {0x3aff, 0xe89f96},
    {0x57af, 0xe89f99},
    {0x4d3b, 0xe89f9a},
    {0x57b0, 0xe89f9c},
    {0x48bf, 0xe89f9f},
    {0x199b, 0xe89fa0},
    {0x57b1, 0xe89fa2},
    {0x48c1, 0xe89fa3},
    {0x57b2, 0xe89fa4},
    {0x48c4, 0xe89faa},
    {0x3b00, 0xe89fab},
    {0x1e23, 0xe89fac},
    {0x3b01, 0xe89fad},
    {0x1999, 0xe89faf},
    {0x57b3, 0xe89fb1},
    {0x199a, 0xe89fb2},
    {0x57b4, 0xe89fb3},
    {0x3c3d, 0xe89fb5},
    {0x57b5, 0xe89fb8},
    {0x588, 0xe89fb9},
    {0x57b6, 0xe89fba},
    {0x65c, 0xe89fbb},
    {0x199e, 0xe89fbe},
    {0x57b7, 0xe89fbf},
    {0x3b02, 0xe8a081},
    {0x4f58, 0xe8a083},
    {0x1989, 0xe8a085},
    {0x3b04, 0xe8a086},
    {0x21a6, 0xe8a087},
    {0x57b8, 0xe8a089},
    {0x42da, 0xe8a08a},
    {0x3b05, 0xe8a08b},
    {0x199d, 0xe8a08d},
    {0x19a1, 0xe8a08e},
    {0x199c, 0xe8a08f},
    {0x42db, 0xe8a090},
    {0x19a3, 0xe8a091},
    {0x57ba, 0xe8a092},
    {0x48c5, 0xe8a093},
    {0x3b06, 0xe8a094},
    {0x19a5, 0xe8a095},
    {0x19a4, 0xe8a096},
    {0x4d3c, 0xe8a098},
    {0x57b9, 0xe8a099},
    {0x57bb, 0xe8a09a},
    {0x4d3d, 0xe8a09b},
    {0x3b07, 0xe8a09c},
    {0x57bc, 0xe8a09e},
    {0x1e85, 0xe8a09f},
    {0x19a7, 0xe8a0a1},
    {0x19a6, 0xe8a0a2},
    {0x1961, 0xe8a0a3},
    {0x19ab, 0xe8a0a7},
    {0x48c6, 0xe8a0a8},
    {0x4d3e, 0xe8a0ad},
    {0x48c7, 0xe8a0ae},
    {0x57bd, 0xe8a0b0},
    {0x19a8, 0xe8a0b1},
    {0x48c8, 0xe8a0b2},
    {0x57be, 0xe8a0b5},
    {0x19a9, 0xe8a0b6},
    {0x19aa, 0xe8a0b9},
    {0x4d3f, 0xe8a0ba},
    {0x19ac, 0xe8a0bb},
    {0x48c9, 0xe8a0bc},
    {0x742, 0xe8a180},
    {0x57bf, 0xe8a181},
    {0x19ae, 0xe8a182},
    {0x57c0, 0xe8a183},
    {0x19ad, 0xe8a184},
    {0x4d40, 0xe8a185},
    {0x93a, 0xe8a186},
    {0x48cb, 0xe8a18a},
    {0x4d41, 0xe8a18b},
    {0x7e6, 0xe8a18c},
    {0x1524, 0xe8a18d},
    {0x4d42, 0xe8a18e},
    {0x57c4, 0xe8a191},
    {0x19af, 0xe8a192},
    {0x95b, 0xe8a193},
    {0x4d43, 0xe8a195},
    {0x3b08, 0xe8a196},
    {0x597, 0xe8a197},
    {0x48cc, 0xe8a198},
    {0x19b0, 0xe8a199},
    {0x4d44, 0xe8a19a},
    {0x4f4, 0xe8a19b},
    {0x57c5, 0xe8a19c},
    {0x9bf, 0xe8a19d},
    {0x19b1, 0xe8a19e},
    {0x3b09, 0xe8a19f},
    {0x57c6, 0xe8a1a0},
    {0x7e7, 0xe8a1a1},
    {0x19b2, 0xe8a1a2},
    {0x4a5, 0xe8a1a3},
    {0x3b0a, 0xe8a1a4},
    {0xdaf, 0xe8a1a8},
    {0x48cf, 0xe8a1a9},
    {0x19b3, 0xe8a1ab},
    {0x4d45, 0xe8a1ae},
    {0x48d1, 0xe8a1af},
    {0xa30, 0xe8a1b0},
    {0x57c7, 0xe8a1b1},
    {0x19ba, 0xe8a1b2},
    {0x19b7, 0xe8a1b5},
    {0xbad, 0xe8a1b7},
    {0x57c8, 0xe8a1b9},
    {0x57c9, 0xe8a1bb},
    {0x19b8, 0xe8a1bd},
    {0x19b5, 0xe8a1be},
    {0x6d6, 0xe8a1bf},
    {0x57ca, 0xe8a280},
    {0x19b4, 0xe8a281},
    {0x19bb, 0xe8a282},
    {0x70c, 0xe8a288},
    {0xb3e, 0xe8a28b},
    {0x19c1, 0xe8a28d},
    {0x19bd, 0xe8a292},
    {0xb15, 0xe8a296},
    {0x19bc, 0xe8a297},
    {0x3b0b, 0xe8a298},
    {0x19bf, 0xe8a299},
    {0x19b6, 0xe8a29e},
    {0x57cb, 0xe8a29f},
    {0x48d2, 0xe8a2a0},
    {0x19c0, 0xe8a2a2},
    {0x19c2, 0xe8a2a4},
    {0x57cc, 0xe8a2a8},
    {0x3b0c, 0xe8a2aa},
    {0xd83, 0xe8a2ab},
    {0x19be, 0xe8a2ae},
    {0x19c3, 0xe8a2b0},
    {0x19c5, 0xe8a2b1},
    {0x787, 0xe8a2b4},
    {0x19b9, 0xe8a2b5},
    {0x485, 0xe8a2b7},
    {0x57cd, 0xe8a2ba},
    {0x48d3, 0xe8a2bc},
    {0x19c4, 0xe8a2bf},
    {0x48d4, 0xe8a380},
    {0x84b, 0xe8a381},
    {0xfbe, 0xe8a382},
    {0xaf7, 0xe8a385},
    {0x3789, 0xe8a386},
    {0x3b0f, 0xe8a38a},
    {0x4d49, 0xe8a38d},
    {0x42dc, 0xe8a38e},
    {0xf6a, 0xe8a38f},
    {0x48d6, 0xe8a391},
    {0x3b10, 0xe8a392},
    {0x48d7, 0xe8a393},
    {0x19c8, 0xe8a394},
    {0xf1f, 0xe8a395},
    {0x3b11, 0xe8a39b},
    {0xe34, 0xe8a39c},
    {0x19cb, 0xe8a39d},
    {0x57d0, 0xe8a39e},
    {0x830, 0xe8a39f},
    {0x4d4a, 0xe8a3a0},
    {0xf6b, 0xe8a3a1},
    {0x57d1, 0xe8a3a7},
    {0x19d0, 0xe8a3a8},
    {0x4d4b, 0xe8a3af},
    {0x19d1, 0xe8a3b2},
    {0x9c0, 0xe8a3b3},
    {0x19cf, 0xe8a3b4},
    {0x21a7, 0xe8a3b5},
    {0x57d2, 0xe8a3b7},
    {0xf51, 0xe8a3b8},
    {0x19cc, 0xe8a3b9},
    {0x19ce, 0xe8a3bc},
    {0xa61, 0xe8a3bd},
    {0xa44, 0xe8a3be},
    {0x48d9, 0xe8a481},
    {0x19cd, 0xe8a482},
    {0x19d2, 0xe8a484},
    {0x3b14, 0xe8a486},
    {0xdf3, 0xe8a487},
    {0x19d4, 0xe8a48a},
    {0x19d3, 0xe8a48c},
    {0x57d3, 0xe8a48d},
    {0x5ca, 0xe8a490},
    {0xe59, 0xe8a492},
    {0x19d5, 0xe8a493},
    {0x20a8, 0xe8a49c},
    {0x19e1, 0xe8a49d},
    {0x19d7, 0xe8a49e},
    {0x57d6, 0xe8a4a0},
    {0x19d8, 0xe8a4a5},
    {0x4d4e, 0xe8a4a6},
    {0x3b18, 0xe8a4a7},
    {0x57d7, 0xe8a4a8},
    {0x3b19, 0xe8a4b0},
    {0x57d8, 0xe8a4b1},
    {0x42de, 0xe8a4b2},
    {0x4d4f, 0xe8a4b5},
    {0x19de, 0xe8a4b6},
    {0x48db, 0xe8a4b7},
    {0x19df, 0xe8a4b8},
    {0x42df, 0xe8a4b9},
    {0x57d9, 0xe8a4ba},
    {0x19dd, 0xe8a4bb},
    {0x3b1a, 0xe8a4be},
    {0x42e0, 0xe8a580},
    {0x19db, 0xe8a581},
    {0x48dd, 0xe8a582},
    {0x19d6, 0xe8a583},
    {0x19dc, 0xe8a584},
    {0x48de, 0xe8a585},
    {0x57da, 0xe8a586},
    {0x48df, 0xe8a589},
    {0x19e0, 0xe8a58c},
    {0x1bd0, 0xe8a58d},
    {0x57db, 0xe8a58f},
    {0x57dc, 0xe8a592},
    {0x528, 0xe8a596},
    {0x57dd, 0xe8a597},
    {0x4d50, 0xe8a59a},
    {0x57de, 0xe8a59b},
    {0x4d51, 0xe8a59c},
    {0x19e3, 0xe8a59e},
    {0x6d7, 0xe8a59f},
    {0x19e2, 0xe8a5a0},
    {0x57df, 0xe8a5a1},
    {0x48e1, 0xe8a5a2},
    {0x57e0, 0xe8a5a3},
    {0x19e5, 0xe8a5a4},
    {0x19e4, 0xe8a5a6},
    {0x19e7, 0xe8a5aa},
    {0x4d52, 0xe8a5ab},
    {0x19e6, 0xe8a5ad},
    {0x57e1, 0xe8a5ae},
    {0x19e8, 0xe8a5af},
    {0x4d53, 0xe8a5b0},
    {0x93b, 0xe8a5b2},
    {0x57e2, 0xe8a5b3},
    {0x19e9, 0xe8a5b4},
    {0x57e3, 0xe8a5b5},
    {0x19ea, 0xe8a5b7},
    {0x57e4, 0xe8a5ba},
    {0x3b1b, 0xe8a5bb},
    {0x4d54, 0xe8a5bc},
    {0x57e5, 0xe8a5bd},
    {0x19eb, 0xe8a5be},
    {0xa62, 0xe8a5bf},
    {0x362e, 0xe8a680},
    {0xf41, 0xe8a681},
    {0x19ec, 0xe8a683},
    {0xdf4, 0xe8a686},
    {0xcfc, 0xe8a687},
    {0x19ed, 0xe8a688},
    {0x48e2, 0xe8a689},
    {0x19ee, 0xe8a68a},
    {0x75f, 0xe8a68b},
    {0x57e6, 0xe8a68d},
    {0x646, 0xe8a68f},
    {0x48e3, 0xe8a690},
    {0x19ef, 0xe8a693},
    {0x42e1, 0xe8a694},
    {0x57e7, 0xe8a695},
    {0x8b9, 0xe8a696},
    {0xcf7, 0xe8a697},
    {0x19f0, 0xe8a698},
    {0x5ae, 0xe8a69a},
    {0x48e4, 0xe8a69f},
    {0x57ea, 0xe8a6a0},
    {0x19f1, 0xe8a6a1},
    {0x4d55, 0xe8a6a5},
    {0x19f3, 0xe8a6a6},
    {0xf61, 0xe8a6a7},
    {0x19f2, 0xe8a6a9},
    {0xa0c, 0xe8a6aa},
    {0x19f4, 0xe8a6ac},
    {0x19f5, 0xe8a6af},
    {0x48e5, 0xe8a6b0},
    {0x19f6, 0xe8a6b2},
    {0x60d, 0xe8a6b3},
    {0x57eb, 0xe8a6b4},
    {0x4d56, 0xe8a6b5},
    {0x57ec, 0xe8a6b6},
    {0x48e6, 0xe8a6b7},
    {0x19f7, 0xe8a6ba},
    {0x4d57, 0xe8a6bc},
    {0x19f8, 0xe8a6bd},
    {0x19f9, 0xe8a6bf},
    {0x19fa, 0xe8a780},
    {0x5af, 0xe8a792},
    {0x3b1c, 0xe8a794},
    {0x4d58, 0xe8a795},
    {0x3b1d, 0xe8a796},
    {0x57ed, 0xe8a797},
    {0x48e7, 0xe8a798},
    {0x19fb, 0xe8a79a},
    {0x572, 0xe8a7a3},
    {0x3b1e, 0xe8a7a5},
    {0x9ee, 0xe8a7a6},
    {0x19fe, 0xe8a7a7},
    {0x57ee, 0xe8a7a9},
    {0x48e8, 0xe8a7ab},
    {0x57ef, 0xe8a7ad},
    {0x3b1f, 0xe8a7b1},
    {0x48ea, 0xe8a7b3},
    {0x19ff, 0xe8a7b4},
    {0x42e2, 0xe8a7b6},
    {0x1a00, 0xe8a7b8},
    {0x57f0, 0xe8a7b9},
    {0x48eb, 0xe8a7bd},
    {0x48ec, 0xe8a7bf},
    {0x774, 0xe8a880},
    {0x35bc, 0xe8a881},
    {0xc17, 0xe8a882},
    {0x1a01, 0xe8a883},
    {0x3b20, 0xe8a887},
    {0x72d, 0xe8a888},
    {0xa1c, 0xe8a88a},
    {0x1a04, 0xe8a88c},
    {0xc7c, 0xe8a88e},
    {0x3b21, 0xe8a88f},
    {0x1a03, 0xe8a890},
    {0x48ee, 0xe8a891},
    {0x21a8, 0xe8a892},
    {0x707, 0xe8a893},
    {0x48ef, 0xe8a894},
    {0x3b22, 0xe8a895},
    {0x1a02, 0xe8a896},
    {0xb57, 0xe8a897},
    {0x647, 0xe8a898},
    {0x1a05, 0xe8a89b},
    {0x1a06, 0xe8a89d},
    {0x57f3, 0xe8a89e},
    {0x9c1, 0xe8a89f},
    {0x57f4, 0xe8a8a0},
    {0x48f1, 0xe8a8a1},
    {0x3b23, 0xe8a8a2},
    {0x743, 0xe8a8a3},
    {0x57f5, 0xe8a8a4},
    {0x1a07, 0xe8a8a5},
    {0x57f6, 0xe8a8a6},
    {0xe5a, 0xe8a8aa},
    {0xa83, 0xe8a8ad},
    {0x57f9, 0xe8a8af},
    {0x690, 0xe8a8b1},
    {0xf01, 0xe8a8b3},
    {0xacc, 0xe8a8b4},
    {0x48f2, 0xe8a8b5},
    {0x1a08, 0xe8a8b6},
    {0x21a9, 0xe8a8b7},
    {0xa0d, 0xe8a8ba},
    {0xbae, 0xe8a8bb},
    {0x9c2, 0xe8a8bc},
    {0x57fa, 0xe8a8bd},
    {0x48f3, 0xe8a8be},
    {0x57fb, 0xe8a980},
    {0x1a09, 0xe8a981},
    {0x57fc, 0xe8a983},
    {0x48f4, 0xe8a985},
    {0x1a0c, 0xe8a986},
    {0x42e3, 0xe8a987},
    {0x1a0d, 0xe8a988},
    {0x4d59, 0xe8a989},
    {0x48f5, 0xe8a98d},
    {0x3b24, 0xe8a98e},
    {0x82e, 0xe8a990},
    {0xb22, 0xe8a991},
    {0x1a0b, 0xe8a992},
    {0x57fd, 0xe8a993},
    {0x9c3, 0xe8a994},
    {0xdb0, 0xe8a995},
    {0x57fe, 0xe8a996},
    {0x4d5a, 0xe8a997},
    {0x48f6, 0xe8a998},
    {0x1a0a, 0xe8a99b},
    {0x57ff, 0xe8a99c},
    {0x42e4, 0xe8a99d},
    {0x8ba, 0xe8a99e},
    {0x4f5, 0xe8a9a0},
    {0x42e5, 0xe8a9a1},
    {0x1a11, 0xe8a9a2},
    {0x72e, 0xe8a9a3},
    {0x5800, 0xe8a9a5},
    {0x8bc, 0xe8a9a6},
    {0x4d5b, 0xe8a9a7},
    {0x8bb, 0xe8a9a9},
    {0xff3, 0xe8a9ab},
    {0x1a10, 0xe8a9ac},
    {0x1a0f, 0xe8a9ad},
    {0xaa9, 0xe8a9ae},
    {0x667, 0xe8a9b0},
    {0xfe9, 0xe8a9b1},
    {0x598, 0xe8a9b2},
    {0x9c4, 0xe8a9b3},
    {0x42e6, 0xe8a9b5},
    {0x21aa, 0xe8a9b9},
    {0x1a0e, 0xe8a9bc},
    {0x4d5c, 0xe8a9be},
    {0x3b25, 0xe8a9bf},
    {0x5805, 0xe8aa80},
    {0x1a13, 0xe8aa82},
    {0x5806, 0xe8aa83},
    {0x1a14, 0xe8aa84},
    {0x1a12, 0xe8aa85},
    {0x4d5d, 0xe8aa86},
    {0x78c, 0xe8aa87},
    {0xf2a, 0xe8aa89},
    {0x5807, 0xe8aa8b},
    {0x8bd, 0xe8aa8c},
    {0xcdd, 0xe8aa8d},
    {0x5808, 0xe8aa8f},
    {0x48f8, 0xe8aa90},
    {0x1a17, 0xe8aa91},
    {0x5809, 0xe8aa92},
    {0xa64, 0xe8aa93},
    {0xb80, 0xe8aa95},
    {0x4d5e, 0xe8aa96},
    {0x580a, 0xe8aa97},
    {0xf20, 0xe8aa98},
    {0x580b, 0xe8aa99},
    {0x1a1a, 0xe8aa9a},
    {0x7a0, 0xe8aa9e},
    {0x580c, 0xe8aa9f},
    {0xa63, 0xe8aaa0},
    {0x1a16, 0xe8aaa1},
    {0x1a1b, 0xe8aaa3},
    {0x7a1, 0xe8aaa4},
    {0x21ab, 0xe8aaa7},
    {0x1a15, 0xe8aaa8},
    {0x580d, 0xe8aaa9},
    {0x3638, 0xe8aaaa},
    {0xa86, 0xe8aaac},
    {0xca1, 0xe8aaad},
    {0x48f7, 0xe8aaae},
    {0x580e, 0xe8aaaf},
    {0xb6d, 0xe8aab0},
    {0x55d, 0xe8aab2},
    {0x580f, 0xe8aab3},
    {0x4d5f, 0xe8aab6},
    {0x48f9, 0xe8aab7},
    {0xd84, 0xe8aab9},
    {0x5810, 0xe8aabb},
    {0x65d, 0xe8aabc},
    {0x21ac, 0xe8aabe},
    {0xbd0, 0xe8aabf},
    {0x1a1e, 0xe8ab82},
    {0x5811, 0xe8ab83},
    {0x1a1c, 0xe8ab84},
    {0x5812, 0xe8ab86},
    {0xb8a, 0xe8ab87},
    {0x5813, 0xe8ab88},
    {0x4d60, 0xe8ab89},
    {0x5814, 0xe8ab8a},
    {0xa65, 0xe8ab8b},
    {0x60e, 0xe8ab8c},
    {0x1a1d, 0xe8ab8d},
    {0xa21, 0xe8ab8f},
    {0x42e7, 0xe8ab90},
    {0x4d61, 0xe8ab91},
    {0xf92, 0xe8ab92},
    {0xfe6, 0xe8ab96},
    {0x48fa, 0xe8ab97},
    {0x1a1f, 0xe8ab9a},
    {0x1a2a, 0xe8ab9b},
    {0xbd1, 0xe8ab9c},
    {0x4d62, 0xe8ab9d},
    {0x1a29, 0xe8ab9e},
    {0x21ad, 0xe8ab9f},
    {0x1a26, 0xe8aba0},
    {0x1a2e, 0xe8aba1},
    {0x1a27, 0xe8aba2},
    {0x1a23, 0xe8aba4},
    {0xc18, 0xe8aba6},
    {0x1a22, 0xe8aba7},
    {0x1a20, 0xe8abab},
    {0x4d63, 0xe8abac},
    {0xf0b, 0xe8abad},
    {0x8be, 0xe8abae},
    {0x5818, 0xe8abb0},
    {0x1a24, 0xe8abb1},
    {0x1a21, 0xe8abb3},
    {0x3b26, 0xe8abb4},
    {0x4d64, 0xe8abb5},
    {0x21af, 0xe8abb6},
    {0x1a28, 0xe8abb7},
    {0x97e, 0xe8abb8},
    {0x775, 0xe8abba},
    {0x48fb, 0xe8abbc},
    {0xb5a, 0xe8abbe},
    {0x5819, 0xe8abbf},
    {0xe73, 0xe8ac80},
    {0x4fc, 0xe8ac81},
    {0x4a6, 0xe8ac82},
    {0xc7d, 0xe8ac84},
    {0x48fe, 0xe8ac85},
    {0x4d65, 0xe8ac86},
    {0x1a2c, 0xe8ac87},
    {0x48fd, 0xe8ac8a},
    {0x581a, 0xe8ac8b},
    {0x1a2b, 0xe8ac8c},
    {0x48ff, 0xe8ac8d},
    {0xcbe, 0xe8ac8e},
    {0x4d66, 0xe8ac8f},
    {0x1a30, 0xe8ac90},
    {0x4d67, 0xe8ac91},
    {0x1a25, 0xe8ac94},
    {0x1a2f, 0xe8ac96},
    {0x1a31, 0xe8ac97},
    {0x760, 0xe8ac99},
    {0x1a2d, 0xe8ac9a},
    {0x7e8, 0xe8ac9b},
    {0x4900, 0xe8ac9c},
    {0x901, 0xe8ac9d},
    {0x581b, 0xe8ac9e},
    {0x3b27, 0xe8ac9f},
    {0x1a32, 0xe8aca0},
    {0xf42, 0xe8aca1},
    {0x1a35, 0xe8aca6},
    {0x1a38, 0xe8aca8},
    {0x1a36, 0xe8acab},
    {0xda7, 0xe8acac},
    {0x4901, 0xe8acad},
    {0x581c, 0xe8acb0},
    {0x1a33, 0xe8acb3},
    {0x3b28, 0xe8acb7},
    {0x6d8, 0xe8acb9},
    {0x581d, 0xe8acbc},
    {0x1a37, 0xe8acbe},
    {0x1a39, 0xe8ad81},
    {0x581e, 0xe8ad82},
    {0x4d68, 0xe8ad85},
    {0x42e8, 0xe8ad86},
    {0x581f, 0xe8ad88},
    {0x1a3d, 0xe8ad89},
    {0x1a3a, 0xe8ad8c},
    {0x5820, 0xe8ad8d},
    {0x1a3c, 0xe8ad8e},
    {0x1a3b, 0xe8ad8f},
    {0x4903, 0xe8ad91},
    {0x4d69, 0xe8ad92},
    {0x21b0, 0xe8ad93},
    {0x3b2b, 0xe8ad94},
    {0x1a3e, 0xe8ad96},
    {0x8dd, 0xe8ad98},
    {0x42e9, 0xe8ad99},
    {0x1a40, 0xe8ad9a},
    {0x1a3f, 0xe8ad9b},
    {0xdda, 0xe8ad9c},
    {0x4904, 0xe8ad9e},
    {0x1a42, 0xe8ad9f},
    {0x5821, 0xe8ada3},
    {0x72f, 0xe8ada6},
    {0x42ea, 0xe8ada9},
    {0x1a41, 0xe8adab},
    {0x1a43, 0xe8adac},
    {0x4d6a, 0xe8adad},
    {0x1a44, 0xe8adaf},
    {0x65e, 0xe8adb0},
    {0x182e, 0xe8adb1},
    {0x9e1, 0xe8adb2},
    {0x1a45, 0xe8adb4},
    {0x4905, 0xe8adb6},
    {0x7a2, 0xe8adb7},
    {0x4d6b, 0xe8adb8},
    {0x5822, 0xe8adb9},
    {0x4d6c, 0xe8adbc},
    {0x1a46, 0xe8adbd},
    {0x4d6d, 0xe8adbe},
    {0x21b1, 0xe8adbf},
    {0x1a47, 0xe8ae80},
    {0x4906, 0xe8ae81},
    {0x88c, 0xe8ae83},
    {0x5823, 0xe8ae84},
    {0x4d6e, 0xe8ae85},
    {0x13d3, 0xe8ae8a},
    {0x4907, 0xe8ae8b},
    {0x1a48, 0xe8ae8c},
    {0x5824, 0xe8ae8d},
    {0x1a49, 0xe8ae8e},
    {0x5825, 0xe8ae8f},
    {0x93c, 0xe8ae90},
    {0x1a4c, 0xe8ae96},
    {0x3b2c, 0xe8ae9c},
    {0x42eb, 0xe8ae9d},
    {0x3b2d, 0xe8ae9e},
    {0x4d6f, 0xe8ae9f},
    {0xb69, 0xe8b0b7},
    {0x5826, 0xe8b0b8},
    {0x490a, 0xe8b0b9},
    {0x1a4f, 0xe8b0ba},
    {0x490c, 0xe8b0bd},
    {0x5827, 0xe8b0be},
    {0x1a51, 0xe8b0bf},
    {0x1a50, 0xe8b181},
    {0x490f, 0xe8b185},
    {0xc7e, 0xe8b186},
    {0x3b2e, 0xe8b187},
    {0x1a52, 0xe8b188},
    {0x42ec, 0xe8b189},
    {0xe5b, 0xe8b18a},
    {0x4d70, 0xe8b18b},
    {0x1a53, 0xe8b18c},
    {0x1a54, 0xe8b18e},
    {0x4910, 0xe8b18f},
    {0x1a55, 0xe8b190},
    {0x5828, 0xe8b191},
    {0x4d71, 0xe8b193},
    {0x3b2f, 0xe8b194},
    {0x1a56, 0xe8b195},
    {0x4911, 0xe8b197},
    {0x5829, 0xe8b198},
    {0x582c, 0xe8b199},
    {0xcb2, 0xe8b19a},
    {0x582a, 0xe8b19b},
    {0x582b, 0xe8b19d},
    {0x9c5, 0xe8b1a1},
    {0x1a57, 0xe8b1a2},
    {0x582f, 0xe8b1a6},
    {0x42ed, 0xe8b1a8},
    {0x4912, 0xe8b1a9},
    {0x7fd, 0xe8b1aa},
    {0x1007, 0xe8b1ab},
    {0x1a58, 0xe8b1ac},
    {0x4913, 0xe8b1ad},
    {0x3b30, 0xe8b1b3},
    {0x1a59, 0xe8b1b8},
    {0xdb1, 0xe8b1b9},
    {0x1a5a, 0xe8b1ba},
    {0x4d72, 0xe8b1bb},
    {0x1a62, 0xe8b1bc},
    {0x5832, 0xe8b1be},
    {0x1a5b, 0xe8b282},
    {0x1a5d, 0xe8b285},
    {0x1a5c, 0xe8b289},
    {0x1a5e, 0xe8b28a},
    {0x5835, 0xe8b28b},
    {0xe74, 0xe8b28c},
    {0x5836, 0xe8b290},
    {0x4916, 0xe8b292},
    {0x4915, 0xe8b293},
    {0x1a61, 0xe8b294},
    {0x1a63, 0xe8b298},
    {0x4917, 0xe8b299},
    {0x4919, 0xe8b29b},
    {0x5838, 0xe8b29c},
    {0x58b, 0xe8b29d},
    {0xc03, 0xe8b29e},
    {0x354c, 0xe8b29f},
    {0xddb, 0xe8b2a0},
    {0x852, 0xe8b2a1},
    {0x7e9, 0xe8b2a2},
    {0x3b31, 0xe8b2a4},
    {0xdc1, 0xe8b2a7},
    {0x55f, 0xe8b2a8},
    {0xd62, 0xe8b2a9},
    {0x1a66, 0xe8b2aa},
    {0x60f, 0xe8b2ab},
    {0xa79, 0xe8b2ac},
    {0x1a65, 0xe8b2ad},
    {0x1a6a, 0xe8b2ae},
    {0xbb7, 0xe8b2af},
    {0xeef, 0xe8b2b0},
    {0x648, 0xe8b2b4},
    {0x1a6b, 0xe8b2b6},
    {0xd19, 0xe8b2b7},
    {0xb3f, 0xe8b2b8},
    {0x5839, 0xe8b2b9},
    {0x4d73, 0xe8b2ba},
    {0xd85, 0xe8b2bb},
    {0xc37, 0xe8b2bc},
    {0x1a67, 0xe8b2bd},
    {0xe75, 0xe8b2bf},
    {0x56c, 0xe8b380},
    {0x1a6d, 0xe8b381},
    {0xfce, 0xe8b382},
    {0xbde, 0xe8b383},
    {0xfeb, 0xe8b384},
    {0x4d74, 0xe8b385},
    {0x583a, 0xe8b386},
    {0x8bf, 0xe8b387},
    {0x1a6c, 0xe8b388},
    {0x4d75, 0xe8b389},
    {0xb11, 0xe8b38a},
    {0x583b, 0xe8b38b},
    {0x1a7d, 0xe8b38d},
    {0xaaa, 0xe8b38e},
    {0x583c, 0xe8b38f},
    {0xcd0, 0xe8b391},
    {0x4d76, 0xe8b392},
    {0xdc2, 0xe8b393},
    {0x491b, 0xe8b395},
    {0x491a, 0xe8b396},
    {0x3b32, 0xe8b399},
    {0x1a70, 0xe8b39a},
    {0x88d, 0xe8b39b},
    {0x8c0, 0xe8b39c},
    {0x583d, 0xe8b39d},
    {0x9c6, 0xe8b39e},
    {0xd1b, 0xe8b3a0},
    {0x3b33, 0xe8b3a1},
    {0x761, 0xe8b3a2},
    {0x1a6f, 0xe8b3a3},
    {0x1a6e, 0xe8b3a4},
    {0xddc, 0xe8b3a6},
    {0x583e, 0xe8b3a8},
    {0x8ed, 0xe8b3aa},
    {0x4d77, 0xe8b3ac},
    {0xc4c, 0xe8b3ad},
    {0x583f, 0xe8b3af},
    {0x21b2, 0xe8b3b0},
    {0x491d, 0xe8b3b1},
    {0x5840, 0xe8b3b2},
    {0x21b3, 0xe8b3b4},
    {0x4d78, 0xe8b3b5},
    {0x4d79, 0xe8b3b7},
    {0x3b34, 0xe8b3b8},
    {0x7ea, 0xe8b3bc},
    {0x1a71, 0xe8b3bd},
    {0x3b35, 0xe8b3be},
    {0x5841, 0xe8b3bf},
    {0x4d7a, 0xe8b481},
    {0x4d7b, 0xe8b483},
    {0x1a77, 0xe8b487},
    {0xb03, 0xe8b488},
    {0x491f, 0xe8b489},
    {0x1a76, 0xe8b48a},
    {0x622, 0xe8b48b},
    {0x1a79, 0xe8b48d},
    {0x4920, 0xe8b48e},
    {0x1a78, 0xe8b48f},
    {0x1a7a, 0xe8b490},
    {0x21b4, 0xe8b492},
    {0x1a7c, 0xe8b493},
    {0x1a7e, 0xe8b494},
    {0x1a7f, 0xe8b496},
    {0x4d7c, 0xe8b497},
    {0x3b36, 0xe8b49b},
    {0x4d7d, 0xe8b49c},
    {0xa7a, 0xe8b5a4},
    {0x5842, 0xe8b5a5},
    {0x8fb, 0xe8b5a6},
    {0x1a80, 0xe8b5a7},
    {0x3b37, 0xe8b5a9},
    {0x5b0, 0xe8b5ab},
    {0x3b38, 0xe8b5ac},
    {0x1a81, 0xe8b5ad},
    {0x4d7e, 0xe8b5ae},
    {0xaf8, 0xe8b5b0},
    {0x1a82, 0xe8b5b1},
    {0x1a83, 0xe8b5b3},
    {0xddd, 0xe8b5b4},
    {0x21b5, 0xe8b5b6},
    {0x649, 0xe8b5b7},
    {0x5843, 0xe8b5bf},
    {0x1a84, 0xe8b681},
    {0x5844, 0xe8b682},
    {0x3b39, 0xe8b684},
    {0xbd2, 0xe8b685},
    {0x5845, 0xe8b688},
    {0x4fd, 0xe8b68a},
    {0x3b3a, 0xe8b68d},
    {0x5846, 0xe8b690},
    {0x4d7f, 0xe8b691},
    {0x3b3b, 0xe8b695},
    {0x1a85, 0xe8b699},
    {0x5847, 0xe8b69e},
    {0x4d80, 0xe8b69f},
    {0x5848, 0xe8b6a0},
    {0x91d, 0xe8b6a3},
    {0x3b3c, 0xe8b6a6},
    {0xa3c, 0xe8b6a8},
    {0x4d81, 0xe8b6ab},
    {0x5849, 0xe8b6ac},
    {0x42ee, 0xe8b6af},
    {0x4d82, 0xe8b6b2},
    {0xb0d, 0xe8b6b3},
    {0x584a, 0xe8b6b5},
    {0x584b, 0xe8b6b7},
    {0x584c, 0xe8b6b9},
    {0x1a88, 0xe8b6ba},
    {0x584d, 0xe8b6bb},
    {0x5855, 0xe8b6bc},
    {0x1a87, 0xe8b6be},
    {0x584e, 0xe8b780},
    {0x1a86, 0xe8b782},
    {0x584f, 0xe8b785},
    {0x3b3d, 0xe8b786},
    {0x5850, 0xe8b787},
    {0x4921, 0xe8b788},
    {0x5851, 0xe8b78a},
    {0x1a8e, 0xe8b78b},
    {0x1a8c, 0xe8b78c},
    {0x3b3e, 0xe8b78e},
    {0x1a89, 0xe8b78f},
    {0x42ef, 0xe8b791},
    {0x5852, 0xe8b794},
    {0x4d83, 0xe8b795},
    {0x1a8b, 0xe8b796},
    {0x42f0, 0xe8b797},
    {0x4922, 0xe8b799},
    {0x1a8a, 0xe8b79a},
    {0x1a8d, 0xe8b79b},
    {0x691, 0xe8b79d},
    {0x1a91, 0xe8b79f},
    {0xa7b, 0xe8b7a1},
    {0x1a92, 0xe8b7a3},
    {0x3b3f, 0xe8b7a4},
    {0x5853, 0xe8b7a5},
    {0x4d84, 0xe8b7a7},
    {0x78d, 0xe8b7a8},
    {0x3b40, 0xe8b7ac},
    {0xfcf, 0xe8b7af},
    {0x5854, 0xe8b7b0},
    {0xbd3, 0xe8b7b3},
    {0x4d87, 0xe8b7b4},
    {0xaab, 0xe8b7b5},
    {0x1a93, 0xe8b7bc},
    {0x4925, 0xe8b7bd},
    {0x1a96, 0xe8b7bf},
    {0x4d88, 0xe8b881},
    {0x4926, 0xe8b886},
    {0xf43, 0xe8b88a},
    {0x4d89, 0xe8b88b},
    {0x4923, 0xe8b88c},
    {0xc7f, 0xe8b88f},
    {0x1a99, 0xe8b890},
    {0x5858, 0xe8b891},
    {0x4928, 0xe8b894},
    {0x4929, 0xe8b896},
    {0x1a9a, 0xe8b89f},
    {0x3b41, 0xe8b8a0},
    {0x42f1, 0xe8b8a3},
    {0x4d8a, 0xe8b8a6},
    {0x492c, 0xe8b8a7},
    {0x1aa8, 0xe8b8aa},
    {0x1a9d, 0xe8b8b0},
    {0x4d8b, 0xe8b8b1},
    {0x5859, 0xe8b8b3},
    {0x1a9e, 0xe8b8b4},
    {0x1a9c, 0xe8b8b5},
    {0x492f, 0xe8b8b6},
    {0x4930, 0xe8b8b9},
    {0x42f2, 0xe8b8bd},
    {0x1a9b, 0xe8b982},
    {0xc19, 0xe8b984},
    {0x1aa0, 0xe8b987},
    {0x1aa4, 0xe8b988},
    {0x1aa1, 0xe8b989},
    {0x1a9f, 0xe8b98a},
    {0x3b42, 0xe8b98b},
    {0x1aa2, 0xe8b98c},
    {0x4d8e, 0xe8b98d},
    {0x585c, 0xe8b98e},
    {0x4d8f, 0xe8b98f},
    {0x1aa3, 0xe8b990},
    {0x4931, 0xe8b994},
    {0x1aaa, 0xe8b995},
    {0x1aa5, 0xe8b999},
    {0x585d, 0xe8b99b},
    {0x4d90, 0xe8b99c},
    {0xa7c, 0xe8b99f},
    {0x1aa7, 0xe8b9a0},
    {0x4d91, 0xe8b9a1},
    {0x4932, 0xe8b9a2},
    {0x1aa9, 0xe8b9a3},
    {0x1aa6, 0xe8b9a4},
    {0x4d92, 0xe8b9a9},
    {0x3b43, 0xe8b9ac},
    {0x4933, 0xe8b9ad},
    {0x4934, 0xe8b9af},
    {0x3b44, 0xe8b9b0},
    {0x4d93, 0xe8b9b1},
    {0x1aac, 0xe8b9b2},
    {0x93d, 0xe8b9b4},
    {0x4d94, 0xe8b9b5},
    {0x1aab, 0xe8b9b6},
    {0x4d95, 0xe8b9b7},
    {0x5860, 0xe8b9b9},
    {0x3b45, 0xe8b9ba},
    {0x42f3, 0xe8b9bb},
    {0x1aad, 0xe8b9bc},
    {0x1aae, 0xe8ba81},
    {0x1ab1, 0xe8ba84},
    {0x1ab0, 0xe8ba85},
    {0x1aaf, 0xe8ba87},
    {0x4d96, 0xe8ba89},
    {0x1ab3, 0xe8ba8a},
    {0x1ab2, 0xe8ba8b},
    {0xf02, 0xe8ba8d},
    {0x4d97, 0xe8ba90},
    {0x1ab5, 0xe8ba91},
    {0x3b46, 0xe8ba92},
    {0x1ab4, 0xe8ba93},
    {0x1ab6, 0xe8ba94},
    {0x4d98, 0xe8ba95},
    {0x4935, 0xe8ba98},
    {0x1ab7, 0xe8ba99},
    {0x4d99, 0xe8ba9a},
    {0x5863, 0xe8ba9b},
    {0x5864, 0xe8ba9d},
    {0x4936, 0xe8ba9e},
    {0x1ab9, 0xe8baa1},
    {0x5865, 0xe8baa2},
    {0x4d9a, 0xe8baa7},
    {0x4d9b, 0xe8baa9},
    {0x1ab8, 0xe8baaa},
    {0xa0e, 0xe8baab},
    {0x1aba, 0xe8baac},
    {0x4d9c, 0xe8baad},
    {0x3b47, 0xe8baae},
    {0x6e5, 0xe8baaf},
    {0x1abb, 0xe8bab0},
    {0x1abd, 0xe8bab1},
    {0x3b48, 0xe8bab3},
    {0x4937, 0xe8bab5},
    {0x3703, 0xe8bab6},
    {0x5866, 0xe8baba},
    {0x4938, 0xe8babb},
    {0x1abe, 0xe8babe},
    {0x1def, 0xe8bb80},
    {0x5867, 0xe8bb81},
    {0x1abf, 0xe8bb85},
    {0x1abc, 0xe8bb86},
    {0x586a, 0xe8bb87},
    {0x1ac0, 0xe8bb88},
    {0x902, 0xe8bb8a},
    {0x1ac1, 0xe8bb8b},
    {0x64a, 0xe8bb8c},
    {0x709, 0xe8bb8d},
    {0x21b7, 0xe8bb8f},
    {0x3b49, 0xe8bb91},
    {0x762, 0xe8bb92},
    {0x3b4a, 0xe8bb94},
    {0x1ac2, 0xe8bb9b},
    {0x586b, 0xe8bb9c},
    {0xcc8, 0xe8bb9f},
    {0xc38, 0xe8bba2},
    {0x1ac3, 0xe8bba3},
    {0x4d9d, 0xe8bba8},
    {0x1ac6, 0xe8bbab},
    {0x586f, 0xe8bbad},
    {0x586c, 0xe8bbae},
    {0x4d9e, 0xe8bbb0},
    {0x586d, 0xe8bbb1},
    {0x586e, 0xe8bbb7},
    {0x8e0, 0xe8bbb8},
    {0x3b4b, 0xe8bbb9},
    {0x42f6, 0xe8bbba},
    {0x1ac5, 0xe8bbbb},
    {0x1ac4, 0xe8bbbc},
    {0x730, 0xe8bbbd},
    {0x1ac7, 0xe8bbbe},
    {0x493c, 0xe8bc80},
    {0x5870, 0xe8bc82},
    {0x5b1, 0xe8bc83},
    {0x1ac9, 0xe8bc85},
    {0x4d9f, 0xe8bc87},
    {0x493d, 0xe8bc88},
    {0x84c, 0xe8bc89},
    {0x1ac8, 0xe8bc8a},
    {0x1ad1, 0xe8bc8c},
    {0x1acb, 0xe8bc92},
    {0x1acd, 0xe8bc93},
    {0xe35, 0xe8bc94},
    {0x1aca, 0xe8bc95},
    {0x5873, 0xe8bc96},
    {0x3b4c, 0xe8bc97},
    {0x4da0, 0xe8bc98},
    {0x1acc, 0xe8bc99},
    {0x1ad0, 0xe8bc9b},
    {0x1ace, 0xe8bc9c},
    {0x64b, 0xe8bc9d},
    {0x42f7, 0xe8bc9e},
    {0x1acf, 0xe8bc9f},
    {0x5876, 0xe8bca3},
    {0x4da1, 0xe8bca5},
    {0x1ad2, 0xe8bca6},
    {0x4da2, 0xe8bca7},
    {0x5877, 0xe8bca8},
    {0xd10, 0xe8bca9},
    {0xfa0, 0xe8bcaa},
    {0x493e, 0xe8bcab},
    {0x4da3, 0xe8bcac},
    {0x42f8, 0xe8bcad},
    {0x5878, 0xe8bcae},
    {0x93e, 0xe8bcaf},
    {0x1ad3, 0xe8bcb3},
    {0x5879, 0xe8bcb4},
    {0x4da4, 0xe8bcb5},
    {0x3b4d, 0xe8bcb6},
    {0x587a, 0xe8bcb7},
    {0xf0c, 0xe8bcb8},
    {0x1ad5, 0xe8bcb9},
    {0x4da5, 0xe8bcba},
    {0x1ad4, 0xe8bcbb},
    {0x1ad8, 0xe8bcbe},
    {0xf2b, 0xe8bcbf},
    {0x493f, 0xe8bd80},
    {0x587b, 0xe8bd81},
    {0x1ad7, 0xe8bd82},
    {0x4da6, 0xe8bd83},
    {0x5cb, 0xe8bd84},
    {0x1ad6, 0xe8bd85},
    {0x1adb, 0xe8bd86},
    {0x4da7, 0xe8bd87},
    {0x1ada, 0xe8bd89},
    {0x4940, 0xe8bd8a},
    {0x1ad9, 0xe8bd8c},
    {0xc2c, 0xe8bd8d},
    {0x1adc, 0xe8bd8e},
    {0x587c, 0xe8bd8f},
    {0x4da8, 0xe8bd91},
    {0x42f9, 0xe8bd94},
    {0x4da9, 0xe8bd95},
    {0x1add, 0xe8bd97},
    {0x4941, 0xe8bd98},
    {0x1ade, 0xe8bd9c},
    {0x7fe, 0xe8bd9f},
    {0x6fb, 0xe8bda1},
    {0x5881, 0xe8bda5},
    {0xa0f, 0xe8be9b},
    {0x1ae2, 0xe8be9c},
    {0x5882, 0xe8be9d},
    {0x8d9, 0xe8be9e},
    {0x1ae3, 0xe8be9f},
    {0x1ae4, 0xe8bea3},
    {0x4943, 0xe8bea4},
    {0x4dad, 0xe8bea5},
    {0x3b4e, 0xe8bea6},
    {0x10b6, 0xe8bea7},
    {0x10b5, 0xe8bea8},
    {0x1ae5, 0xe8bead},
    {0x17ff, 0xe8beae},
    {0x1ae6, 0xe8beaf},
    {0xb62, 0xe8beb0},
    {0x9f1, 0xe8beb1},
    {0xcf6, 0xe8beb2},
    {0x4944, 0xe8beb4},
    {0x1ae7, 0xe8beb7},
    {0x5883, 0xe8beb8},
    {0xe25, 0xe8beba},
    {0xbf0, 0xe8bebb},
    {0x810, 0xe8bebc},
    {0x5884, 0xe8bebe},
    {0xb67, 0xe8bebf},
    {0x5885, 0xe8bf80},
    {0x4946, 0xe8bf81},
    {0x4cc, 0xe8bf82},
    {0xea6, 0xe8bf84},
    {0xa1d, 0xe8bf85},
    {0x4947, 0xe8bf86},
    {0x3799, 0xe8bf88},
    {0x4949, 0xe8bf8a},
    {0x5886, 0xe8bf8b},
    {0x494a, 0xe8bf8d},
    {0x734, 0xe8bf8e},
    {0x5887, 0xe8bf90},
    {0x6d9, 0xe8bf91},
    {0x5888, 0xe8bf92},
    {0x494b, 0xe8bf93},
    {0xe26, 0xe8bf94},
    {0x494c, 0xe8bf95},
    {0x1ae8, 0xe8bf9a},
    {0x3b52, 0xe8bfa0},
    {0x1aea, 0xe8bfa2},
    {0x5889, 0xe8bfa3},
    {0x3b53, 0xe8bfa4},
    {0x1ae9, 0xe8bfa5},
    {0x560, 0xe8bfa6},
    {0x42fb, 0xe8bfa8},
    {0xcce, 0xe8bfa9},
    {0x1aeb, 0xe8bfaa},
    {0xd2d, 0xe8bfab},
    {0xc2d, 0xe8bfad},
    {0x42fc, 0xe8bfae},
    {0x1aec, 0xe8bfaf},
    {0x95c, 0xe8bfb0},
    {0x494d, 0xe8bfb1},
    {0x1aee, 0xe8bfb4},
    {0x494e, 0xe8bfb5},
    {0x3b54, 0xe8bfb6},
    {0xece, 0xe8bfb7},
    {0x1afd, 0xe8bfb8},
    {0x494f, 0xe8bfbb},
    {0xbe5, 0xe8bfbd},
    {0x588a, 0xe8bfbe},
    {0xb40, 0xe98080},
    {0xaf9, 0xe98081},
    {0x3b55, 0xe98082},
    {0xc80, 0xe98083},
    {0x4dae, 0xe98084},
    {0x1aef, 0xe98085},
    {0x66f, 0xe98086},
    {0x42fd, 0xe98088},
    {0x1af8, 0xe9808b},
    {0x4950, 0xe9808c},
    {0x1af5, 0xe9808d},
    {0x1b02, 0xe9808e},
    {0xc81, 0xe9808f},
    {0xb9e, 0xe98090},
    {0x1af2, 0xe98091},
    {0xc1a, 0xe98093},
    {0xc4d, 0xe98094},
    {0x1af3, 0xe98095},
    {0x1af7, 0xe98096},
    {0xa26, 0xe98097},
    {0x588b, 0xe98098},
    {0xd1d, 0xe98099},
    {0xbe8, 0xe9809a},
    {0x4daf, 0xe9809b},
    {0xa66, 0xe9809d},
    {0x1af6, 0xe9809e},
    {0xb0e, 0xe9809f},
    {0xb04, 0xe980a0},
    {0x1af4, 0xe980a1},
    {0x46d, 0xe980a2},
    {0xfc8, 0xe980a3},
    {0x1af9, 0xe980a7},
    {0x3b56, 0xe980ac},
    {0x42fe, 0xe980ad},
    {0xb41, 0xe980ae},
    {0x4db0, 0xe980af},
    {0x93f, 0xe980b1},
    {0xa10, 0xe980b2},
    {0x1afb, 0xe980b5},
    {0x1afa, 0xe980b6},
    {0x4951, 0xe980b7},
    {0x4b3, 0xe980b8},
    {0x1afc, 0xe980b9},
    {0xda1, 0xe980bc},
    {0x1b04, 0xe980be},
    {0x5891, 0xe980bf},
    {0xcb3, 0xe98181},
    {0xa31, 0xe98182},
    {0x4953, 0xe98183},
    {0x3b57, 0xe98184},
    {0xb97, 0xe98185},
    {0x6f0, 0xe98187},
    {0x1b03, 0xe98189},
    {0xf21, 0xe9818a},
    {0x4e1, 0xe9818b},
    {0x4db1, 0xe9818c},
    {0xe27, 0xe9818d},
    {0x561, 0xe9818e},
    {0xc93, 0xe98193},
    {0xb61, 0xe98194},
    {0x4a7, 0xe98195},
    {0x1b05, 0xe98196},
    {0x1b06, 0xe98198},
    {0x1d34, 0xe98199},
    {0x4db2, 0xe9819b},
    {0xb1d, 0xe9819c},
    {0x4954, 0xe9819d},
    {0x1b07, 0xe9819e},
    {0x515, 0xe981a0},
    {0xace, 0xe981a1},
    {0x5892, 0xe981a2},
    {0x763, 0xe981a3},
    {0xf44, 0xe981a5},
    {0x5893, 0xe981a6},
    {0x21ba, 0xe981a7},
    {0x1b08, 0xe981a8},
    {0xc26, 0xe981a9},
    {0x5894, 0xe981ac},
    {0xafa, 0xe981ad},
    {0x903, 0xe981ae},
    {0x1b09, 0xe981af},
    {0x4db3, 0xe981b0},
    {0x1b0c, 0xe981b2},
    {0x4db4, 0xe981b4},
    {0x96f, 0xe981b5},
    {0x1b0a, 0xe981b6},
    {0xaad, 0xe981b7},
    {0xaac, 0xe981b8},
    {0x4db5, 0xe981b9},
    {0x4a8, 0xe981ba},
    {0xf93, 0xe981bc},
    {0x1b0e, 0xe981bd},
    {0xd86, 0xe981bf},
    {0x1b10, 0xe98280},
    {0x1b0f, 0xe98281},
    {0x1b0d, 0xe98282},
    {0x1737, 0xe98283},
    {0x610, 0xe98284},
    {0x4957, 0xe98285},
    {0x1aed, 0xe98287},
    {0x3b58, 0xe98288},
    {0x1b12, 0xe98289},
    {0x1b11, 0xe9828a},
    {0x4db6, 0xe9828b},
    {0x4958, 0xe9828c},
    {0x5895, 0xe9828e},
    {0x1b13, 0xe9828f},
    {0x4959, 0xe98290},
    {0xf22, 0xe98291},
    {0x3b59, 0xe98295},
    {0x42ff, 0xe98297},
    {0x4db7, 0xe98298},
    {0x3b5a, 0xe98299},
    {0x3b5b, 0xe9829b},
    {0x4db8, 0xe982a0},
    {0x495a, 0xe982a1},
    {0x3b5c, 0xe982a2},
    {0xcb9, 0xe982a3},
    {0x5896, 0xe982a5},
    {0xe5c, 0xe982a6},
    {0x1b14, 0xe982a8},
    {0x905, 0xe982aa},
    {0x1b15, 0xe982af},
    {0x495c, 0xe982b0},
    {0x1b16, 0xe982b1},
    {0x4db9, 0xe982b2},
    {0x4300, 0xe982b3},
    {0x3b5d, 0xe982b4},
    {0x1b17, 0xe982b5},
    {0x495d, 0xe982b6},
    {0xc1b, 0xe982b8},
    {0x4dba, 0xe982bd},
    {0x4301, 0xe982be},
    {0x4ae, 0xe98381},
    {0x495e, 0xe98383},
    {0x4304, 0xe98387},
    {0x495f, 0xe98388},
    {0x4dbb, 0xe98389},
    {0x7eb, 0xe9838a},
    {0x5897, 0xe9838c},
    {0xfe0, 0xe9838e},
    {0x589c, 0xe98392},
    {0x5898, 0xe98395},
    {0x3b5e, 0xe98397},
    {0x1b1b, 0xe9839b},
    {0x4961, 0xe9839c},
    {0x3b5f, 0xe9839d},
    {0x21bb, 0xe9839e},
    {0x4962, 0xe9839f},
    {0x70a, 0xe983a1},
    {0x1b18, 0xe983a2},
    {0x1b19, 0xe983a4},
    {0x589b, 0xe983a5},
    {0xde6, 0xe983a8},
    {0x4967, 0xe983ab},
    {0x5b2, 0xe983ad},
    {0x4305, 0xe983af},
    {0x4dbc, 0xe983b0},
    {0x4965, 0xe983b2},
    {0x3b60, 0xe983b4},
    {0xf23, 0xe983b5},
    {0x4964, 0xe983b6},
    {0x6b7, 0xe983b7},
    {0xc4e, 0xe983bd},
    {0x4966, 0xe98480},
    {0x1b1c, 0xe98482},
    {0x496a, 0xe98484},
    {0x4dbd, 0xe98485},
    {0x496b, 0xe98486},
    {0x589d, 0xe98488},
    {0x589e, 0xe9848d},
    {0x589f, 0xe98490},
    {0x1b1d, 0xe98492},
    {0x4306, 0xe98494},
    {0x21bd, 0xe98495},
    {0x4307, 0xe98496},
    {0x3b61, 0xe98497},
    {0x496c, 0xe98498},
    {0x1b1e, 0xe98499},
    {0x58a0, 0xe9849a},
    {0x3b62, 0xe9849c},
    {0x496d, 0xe9849e},
    {0x58a1, 0xe984a0},
    {0x4dbe, 0xe984a5},
    {0x21be, 0xe984a7},
    {0x58a2, 0xe984a9},
    {0xc1c, 0xe984ad},
    {0x58a3, 0xe984ae},
    {0x430a, 0xe984af},
    {0x1b20, 0xe984b0},
    {0x3b63, 0xe984b1},
    {0x1b1f, 0xe984b2},
    {0x430b, 0xe984b4},
    {0x58a4, 0xe984b6},
    {0x496e, 0xe984b7},
    {0x496f, 0xe984b9},
    {0x3b64, 0xe984ba},
    {0x58a5, 0xe984bc},
    {0x3b65, 0xe984bd},
    {0x58a6, 0xe98583},
    {0x3b66, 0xe98588},
    {0xcab, 0xe98589},
    {0x1b21, 0xe9858a},
    {0x940, 0xe9858b},
    {0x90c, 0xe9858c},
    {0xd11, 0xe9858d},
    {0xbaf, 0xe9858e},
    {0x58a7, 0xe9858f},
    {0x91e, 0xe98592},
    {0x58a8, 0xe98593},
    {0xa32, 0xe98594},
    {0x1b22, 0xe98596},
    {0x4972, 0xe98597},
    {0x1b23, 0xe98598},
    {0x4973, 0xe98599},
    {0x4dbf, 0xe9859a},
    {0x3b67, 0xe9859b},
    {0x3b68, 0xe985a1},
    {0xa23, 0xe985a2},
    {0x1b24, 0xe985a3},
    {0x3b69, 0xe985a4},
    {0x1b25, 0xe985a5},
    {0x4dc0, 0xe985a7},
    {0x1b26, 0xe985a9},
    {0xf59, 0xe985aa},
    {0x941, 0xe985ac},
    {0x58a9, 0xe985ad},
    {0x1b28, 0xe985b2},
    {0x1b27, 0xe985b3},
    {0x4974, 0xe985b4},
    {0x7ec, 0xe985b5},
    {0x805, 0xe985b7},
    {0x88e, 0xe985b8},
    {0x4975, 0xe985b9},
    {0x4dc1, 0xe985ba},
    {0x58aa, 0xe985bb},
    {0x58ab, 0xe98681},
    {0x1b2b, 0xe98682},
    {0x430c, 0xe98683},
    {0x4976, 0xe98685},
    {0x58ac, 0xe98686},
    {0x970, 0xe98687},
    {0x1b2a, 0xe98689},
    {0x4dc2, 0xe9868a},
    {0x1b29, 0xe9868b},
    {0xb49, 0xe9868d},
    {0x3b6a, 0xe9868e},
    {0x7a3, 0xe98690},
    {0x4dc3, 0xe98691},
    {0xa67, 0xe98692},
    {0x4dc4, 0xe98695},
    {0xd44, 0xe98697},
    {0x58af, 0xe98698},
    {0x943, 0xe9869c},
    {0x3b6b, 0xe9869e},
    {0x58b0, 0xe986a1},
    {0x1b2c, 0xe986a2},
    {0x9c7, 0xe986a4},
    {0x58b1, 0xe986a6},
    {0x3b6c, 0xe986a8},
    {0x1b2f, 0xe986aa},
    {0x1b2d, 0xe986ab},
    {0x1e1b, 0xe986ac},
    {0x1b2e, 0xe986af},
    {0x4dc5, 0xe986b0},
    {0x1e61, 0xe986b1},
    {0x3b6f, 0xe986b2},
    {0x4977, 0xe986b3},
    {0x1b31, 0xe986b4},
    {0x1b30, 0xe986b5},
    {0x4978, 0xe986b6},
    {0x9e2, 0xe986b8},
    {0x1b32, 0xe986ba},
    {0x4dc6, 0xe986bb},
    {0x3b70, 0xe986bc},
    {0x4dc7, 0xe986bd},
    {0x58b2, 0xe986bf},
    {0x4dc8, 0xe98782},
    {0x4dc9, 0xe98785},
    {0xd64, 0xe98786},
    {0x843, 0xe98787},
    {0x90d, 0xe98788},
    {0x1b35, 0xe98789},
    {0x1b36, 0xe9878b},
    {0xf6c, 0xe9878c},
    {0x94f, 0xe9878d},
    {0xefa, 0xe9878e},
    {0xf94, 0xe9878f},
    {0x1b37, 0xe98790},
    {0x6da, 0xe98791},
    {0x1b38, 0xe98796},
    {0x21c0, 0xe98797},
    {0xc1d, 0xe98798},
    {0x58b5, 0xe98799},
    {0x21bf, 0xe9879a},
    {0x1b3b, 0xe9879b},
    {0x5d6, 0xe9879c},
    {0xa11, 0xe9879d},
    {0x21c1, 0xe9879e},
    {0x1b39, 0xe9879f},
    {0x1b3a, 0xe987a1},
    {0xbfc, 0xe987a3},
    {0xe83, 0xe987a6},
    {0x6f4, 0xe987a7},
    {0x497d, 0xe987ac},
    {0x58b8, 0xe987af},
    {0x3b71, 0xe987b0},
    {0x430d, 0xe987b1},
    {0x3b72, 0xe987b7},
    {0x58b9, 0xe987b9},
    {0x3b73, 0xe987bb},
    {0x1b3c, 0xe987bc},
    {0x58ba, 0xe987bd},
    {0x1b40, 0xe987bf},
    {0x4dca, 0xe98880},
    {0x497e, 0xe98881},
    {0x21c6, 0xe98886},
    {0x3b74, 0xe98887},
    {0x4dcb, 0xe98889},
    {0x21c8, 0xe9888a},
    {0x58bd, 0xe9888c},
    {0xcb7, 0xe9888d},
    {0x5a1, 0xe9888e},
    {0x21c7, 0xe98890},
    {0x1b44, 0xe98891},
    {0x1b41, 0xe98894},
    {0x1b43, 0xe98895},
    {0x58c0, 0xe98898},
    {0x1b3f, 0xe9889e},
    {0x4dcc, 0xe988a3},
    {0x3b75, 0xe988a8},
    {0x1b8a, 0xe988a9},
    {0x1b42, 0xe988ac},
    {0x3b76, 0xe988b3},
    {0xfb3, 0xe988b4},
    {0x78e, 0xe988b7},
    {0x3b77, 0xe988b8},
    {0x21cf, 0xe988b9},
    {0x21c9, 0xe988ba},
    {0x21cb, 0xe988bc},
    {0x58cb, 0xe988be},
    {0x1b4c, 0xe988bf},
    {0x21ca, 0xe98980},
    {0x4982, 0xe98982},
    {0x3b78, 0xe98983},
    {0xc2e, 0xe98984},
    {0x1b47, 0xe98985},
    {0x58cc, 0xe98986},
    {0x3b79, 0xe98987},
    {0x1b4a, 0xe98988},
    {0x1b48, 0xe98989},
    {0x4983, 0xe9898a},
    {0x1b4d, 0xe9898b},
    {0x58cd, 0xe9898d},
    {0x21cc, 0xe9898e},
    {0x3b7a, 0xe9898f},
    {0x1b4e, 0xe98990},
    {0x21ce, 0xe98991},
    {0x4984, 0xe98996},
    {0x1b46, 0xe98997},
    {0x58ce, 0xe98998},
    {0x21cd, 0xe98999},
    {0x1b53, 0xe9899a},
    {0x516, 0xe9899b},
    {0x1b45, 0xe9899e},
    {0x3b7b, 0xe989a0},
    {0x4985, 0xe989a1},
    {0xd41, 0xe989a2},
    {0x1b49, 0xe989a4},
    {0x4986, 0xe989a5},
    {0x9c8, 0xe989a6},
    {0x21d0, 0xe989a7},
    {0x4987, 0xe989a8},
    {0x58d1, 0xe989a9},
    {0x7ed, 0xe989b1},
    {0x58d5, 0xe989b5},
    {0x4dcd, 0xe989b6},
    {0x58d6, 0xe989b9},
    {0x58d7, 0xe989bb},
    {0xe76, 0xe989be},
    {0x498b, 0xe989bf},
    {0x6dc, 0xe98a80},
    {0x950, 0xe98a83},
    {0xc94, 0xe98a85},
    {0x20aa, 0xe98a88},
    {0x498c, 0xe98a89},
    {0x58d8, 0xe98a8a},
    {0x498d, 0xe98a8d},
    {0x4dce, 0xe98a8e},
    {0xaaf, 0xe98a91},
    {0x58d9, 0xe98a92},
    {0x1b51, 0xe98a93},
    {0x1b4b, 0xe98a95},
    {0x1b50, 0xe98a96},
    {0x498e, 0xe98a97},
    {0xecf, 0xe98a98},
    {0x498f, 0xe98a99},
    {0xbd4, 0xe98a9a},
    {0x1b52, 0xe98a9b},
    {0x1b4f, 0xe98a9c},
    {0x4990, 0xe98a9f},
    {0x58da, 0xe98aa0},
    {0x21d1, 0xe98aa7},
    {0x58dd, 0xe98aa8},
    {0x4991, 0xe98aab},
    {0xaae, 0xe98aad},
    {0x4dcf, 0xe98aaf},
    {0x4994, 0xe98ab2},
    {0x3554, 0xe98ab3},
    {0x58de, 0xe98ab6},
    {0x1b56, 0xe98ab7},
    {0x58df, 0xe98ab8},
    {0x1b55, 0xe98ab9},
    {0x58e0, 0xe98aba},
    {0x58e1, 0xe98abd},
    {0x4995, 0xe98abf},
    {0x4996, 0xe98b80},
    {0x4dd2, 0xe98b81},
    {0x3b7c, 0xe98b82},
    {0x4dd3, 0xe98b83},
    {0x4dd4, 0xe98b85},
    {0x4997, 0xe98b86},
    {0x58e2, 0xe98b87},
    {0x4dd5, 0xe98b88},
    {0x58e3, 0xe98b8d},
    {0x4998, 0xe98b8e},
    {0x1b54, 0xe98b8f},
    {0x21d7, 0xe98b90},
    {0xe5d, 0xe98b92},
    {0x21db, 0xe98b93},
    {0x21d9, 0xe98b95},
    {0x21d5, 0xe98b97},
    {0x58e4, 0xe98b98},
    {0x21d6, 0xe98b99},
    {0x3b7f, 0xe98b9f},
    {0x21da, 0xe98ba0},
    {0x58e7, 0xe98ba1},
    {0x58e8, 0xe98ba3},
    {0x985, 0xe98ba4},
    {0x4999, 0xe98ba5},
    {0x21d4, 0xe98ba7},
    {0x58e9, 0xe98ba8},
    {0x1b57, 0xe98ba9},
    {0xe2f, 0xe98baa},
    {0x58ea, 0xe98bac},
    {0x4f6, 0xe98bad},
    {0x58eb, 0xe98bae},
    {0x58ec, 0xe98bb0},
    {0xdb8, 0xe98bb2},
    {0xbb0, 0xe98bb3},
    {0x499d, 0xe98bb7},
    {0x692, 0xe98bb8},
    {0x20b0, 0xe98bb9},
    {0x1b59, 0xe98bba},
    {0x21de, 0xe98bbb},
    {0x7ef, 0xe98bbc},
    {0x21e1, 0xe98bbf},
    {0x58ed, 0xe98c80},
    {0x21e3, 0xe98c82},
    {0x345a, 0xe98c84},
    {0x87a, 0xe98c86},
    {0x58ee, 0xe98c88},
    {0x3b80, 0xe98c8d},
    {0x1b58, 0xe98c8f},
    {0xa33, 0xe98c90},
    {0x499a, 0xe98c91},
    {0x4dd6, 0xe98c94},
    {0x3b81, 0xe98c95},
    {0xa34, 0xe98c98},
    {0x1b5c, 0xe98c99},
    {0x1b5e, 0xe98c9a},
    {0x58ef, 0xe98c9c},
    {0x21e2, 0xe98c9d},
    {0x21e0, 0xe98c9e},
    {0x3b82, 0xe98c9f},
    {0x9e3, 0xe98ca0},
    {0x21dd, 0xe98ca1},
    {0x1b5d, 0xe98ca2},
    {0x1b5f, 0xe98ca3},
    {0x58f0, 0xe98ca4},
    {0x21dc, 0xe98ca5},
    {0x6cb, 0xe98ca6},
    {0x3b83, 0xe98ca7},
    {0xdb7, 0xe98ca8},
    {0x499e, 0xe98ca9},
    {0x58f1, 0xe98caa},
    {0x90e, 0xe98cab},
    {0xfc9, 0xe98cac},
    {0x1b5b, 0xe98cae},
    {0x868, 0xe98caf},
    {0xfe5, 0xe98cb2},
    {0x4dd7, 0xe98cb3},
    {0x58f2, 0xe98cb4},
    {0x1b61, 0xe98cb5},
    {0x4dd8, 0xe98cb6},
    {0x58f3, 0xe98cb7},
    {0x1b60, 0xe98cba},
    {0x1b62, 0xe98cbb},
    {0x1b5a, 0xe98d84},
    {0x3b84, 0xe98d87},
    {0x20a9, 0xe98d88},
    {0x430e, 0xe98d89},
    {0x3458, 0xe98d8a},
    {0xcc1, 0xe98d8b},
    {0xc4f, 0xe98d8d},
    {0x58f4, 0xe98d90},
    {0x49a1, 0xe98d91},
    {0x3b85, 0xe98d92},
    {0xbf3, 0xe98d94},
    {0x58f5, 0xe98d95},
    {0x1b67, 0xe98d96},
    {0x21e5, 0xe98d97},
    {0x4dd9, 0xe98d98},
    {0x49a2, 0xe98d9a},
    {0xb81, 0xe98d9b},
    {0x1b63, 0xe98d9c},
    {0x58f6, 0xe98d9e},
    {0x1b64, 0xe98da0},
    {0x58f7, 0xe98da7},
    {0x58f8, 0xe98da9},
    {0x3b87, 0xe98daa},
    {0x49a3, 0xe98dab},
    {0x703, 0xe98dac},
    {0x3b88, 0xe98dad},
    {0x1b66, 0xe98dae},
    {0x58f9, 0xe98daf},
    {0x21e4, 0xe98db0},
    {0x49a4, 0xe98db1},
    {0x49a5, 0xe98db3},
    {0x58fa, 0xe98db4},
    {0x764, 0xe98db5},
    {0x58fb, 0xe98db6},
    {0x58fc, 0xe98dba},
    {0x1b65, 0xe98dbc},
    {0x58fd, 0xe98dbd},
    {0x9c9, 0xe98dbe},
    {0x4dda, 0xe98dbf},
    {0x4ddb, 0xe98e82},
    {0x49a9, 0xe98e88},
    {0x4ddc, 0xe98e8a},
    {0x49aa, 0xe98e8b},
    {0x5d7, 0xe98e8c},
    {0x5900, 0xe98e8d},
    {0x49ab, 0xe98e8f},
    {0x5901, 0xe98e92},
    {0x1b6b, 0xe98e94},
    {0x5902, 0xe98e95},
    {0x82f, 0xe98e96},
    {0xafb, 0xe98e97},
    {0x5903, 0xe98e98},
    {0xbe6, 0xe98e9a},
    {0x3b89, 0xe98e9b},
    {0x49ac, 0xe98e9e},
    {0x49a6, 0xe98ea1},
    {0x4311, 0xe98ea3},
    {0x21e6, 0xe98ea4},
    {0x5905, 0xe98ea6},
    {0x599, 0xe98ea7},
    {0x5906, 0xe98ea8},
    {0x3b8b, 0xe98ea9},
    {0x5907, 0xe98eab},
    {0xbdf, 0xe98eae},
    {0x1b68, 0xe98eb0},
    {0x1b6c, 0xe98eb9},
    {0x3b8a, 0xe98eba},
    {0x4ddd, 0xe98ebb},
    {0x3b8c, 0xe98f81},
    {0x1b72, 0xe98f83},
    {0x21e7, 0xe98f86},
    {0x49b1, 0xe98f87},
    {0x1b75, 0xe98f88},
    {0x590d, 0xe98f89},
    {0x3b8d, 0xe98f8a},
    {0x590e, 0xe98f8b},
    {0x4dde, 0xe98f8c},
    {0x590f, 0xe98f8d},
    {0x1b74, 0xe98f90},
    {0xc27, 0xe98f91},
    {0x5910, 0xe98f93},
    {0x1b71, 0xe98f98},
    {0x5911, 0xe98f99},
    {0x49b2, 0xe98f9c},
    {0x1b73, 0xe98f9d},
    {0x21e8, 0xe98f9e},
    {0x4312, 0xe98f9f},
    {0x6b8, 0xe98fa1},
    {0x3b8e, 0xe98fa2},
    {0x1b76, 0xe98fa4},
    {0x1b70, 0xe98fa5},
    {0x4ddf, 0xe98fa6},
    {0x49b3, 0xe98fa7},
    {0x1b6f, 0xe98fa8},
    {0x49b0, 0xe98fb1},
    {0x49ad, 0xe98fb5},
    {0x5912, 0xe98fb7},
    {0x21e9, 0xe98fb8},
    {0x4de0, 0xe98fb9},
    {0x3b8f, 0xe98fba},
    {0x49b7, 0xe98fbb},
    {0x3b90, 0xe98fbd},
    {0x5913, 0xe99081},
    {0x4de1, 0xe99082},
    {0x1b7a, 0xe99083},
    {0x4313, 0xe99084},
    {0x1b7b, 0xe99087},
    {0x5914, 0xe99088},
    {0x49b4, 0xe99089},
    {0x3b91, 0xe9908f},
    {0x1b7c, 0xe99090},
    {0x1b79, 0xe99093},
    {0x1b78, 0xe99094},
    {0x5915, 0xe99095},
    {0x9ca, 0xe99098},
    {0xc82, 0xe99099},
    {0x1b77, 0xe9909a},
    {0x5916, 0xe9909f},
    {0x1b80, 0xe990a1},
    {0x1b7e, 0xe990ab},
    {0x4de4, 0xe990ae},
    {0x5917, 0xe990af},
    {0x21ea, 0xe990b1},
    {0x49b8, 0xe990b2},
    {0x4314, 0xe990b3},
    {0x3b92, 0xe990b4},
    {0x1b7f, 0xe990b5},
    {0x1b7d, 0xe990b6},
    {0xb58, 0xe990b8},
    {0x1b81, 0xe990ba},
    {0x49b9, 0xe990bb},
    {0x5918, 0xe990bd},
    {0x3b93, 0xe990bf},
    {0x1b82, 0xe99181},
    {0x5919, 0xe99183},
    {0x1b84, 0xe99184},
    {0x21eb, 0xe99185},
    {0x21ec, 0xe99188},
    {0x4315, 0xe9918a},
    {0x4de5, 0xe9918c},
    {0x611, 0xe99191},
    {0x1b83, 0xe99192},
    {0xf06, 0xe99193},
    {0x3b94, 0xe99195},
    {0x591a, 0xe99199},
    {0x1b8f, 0xe9919a},
    {0x1b85, 0xe9919b},
    {0x591b, 0xe9919c},
    {0x1b88, 0xe9919e},
    {0x591c, 0xe9919f},
    {0x1b86, 0xe991a0},
    {0x591d, 0xe991a1},
    {0x1b87, 0xe991a2},
    {0x4316, 0xe991a3},
    {0x591e, 0xe991a8},
    {0x1b89, 0xe991aa},
    {0x3b95, 0xe991ab},
    {0x49bc, 0xe991ad},
    {0x591f, 0xe991ae},
    {0x49bd, 0xe991af},
    {0x1b8b, 0xe991b0},
    {0x4317, 0xe991b1},
    {0x3b96, 0xe991b2},
    {0x1b8c, 0xe991b5},
    {0x1b8d, 0xe991b7},
    {0x1b90, 0xe991bc},
    {0x1b8e, 0xe991bd},
    {0x1b91, 0xe991be},
    {0x1b93, 0xe991bf},
    {0x1b92, 0xe99281},
    {0x5921, 0xe99283},
    {0x5920, 0xe99284},
    {0xbd5, 0xe995b7},
    {0x3b97, 0xe995b8},
    {0x49be, 0xe995b9},
    {0x5922, 0xe995be},
    {0xef3, 0xe99680},
    {0x1b94, 0xe99682},
    {0xab0, 0xe99683},
    {0x5923, 0xe99684},
    {0x49bf, 0xe99686},
    {0x1b95, 0xe99687},
    {0x4de6, 0xe99688},
    {0xe14, 0xe99689},
    {0x1b96, 0xe9968a},
    {0x589, 0xe9968b},
    {0x4318, 0xe9968e},
    {0x4de, 0xe9968f},
    {0x613, 0xe99691},
    {0x21ed, 0xe99692},
    {0x612, 0xe99693},
    {0x1b97, 0xe99694},
    {0x1b98, 0xe99696},
    {0x4319, 0xe9969f},
    {0x1b9b, 0xe996a0},
    {0x4de7, 0xe996a1},
    {0x614, 0xe996a2},
    {0x5b3, 0xe996a3},
    {0x7f0, 0xe996a4},
    {0xd4a, 0xe996a5},
    {0x3b98, 0xe996a6},
    {0x1b9d, 0xe996a7},
    {0x1b9c, 0xe996a8},
    {0x3b99, 0xe996a9},
    {0x4f59, 0xe996ab},
    {0x431a, 0xe996ac},
    {0x1b9e, 0xe996ad},
    {0x3555, 0xe996b1},
    {0x4fe, 0xe996b2},
    {0x3b9b, 0xe996b4},
    {0x431b, 0xe996b6},
    {0x1ba1, 0xe996b9},
    {0x5926, 0xe996ba},
    {0x1ba0, 0xe996bb},
    {0x1b9f, 0xe996bc},
    {0x3b9c, 0xe996bd},
    {0x1ba2, 0xe996be},
    {0x4de8, 0xe996bf},
    {0x1ba5, 0xe99783},
    {0x4de9, 0xe99786},
    {0x48b, 0xe99787},
    {0x49c4, 0xe99788},
    {0x4dea, 0xe99789},
    {0x1ba3, 0xe9978a},
    {0x431c, 0xe9978b},
    {0x1ba7, 0xe9978c},
    {0x1ba6, 0xe9978d},
    {0x431d, 0xe99790},
    {0x431e, 0xe99793},
    {0x1ba9, 0xe99794},
    {0x1ba8, 0xe99795},
    {0x1baa, 0xe99796},
    {0xc86, 0xe99798},
    {0x5927, 0xe99799},
    {0x3b9d, 0xe9979a},
    {0x1bab, 0xe9979c},
    {0x5928, 0xe9979d},
    {0x4320, 0xe9979e},
    {0x5929, 0xe9979f},
    {0x4ded, 0xe997a0},
    {0x1bac, 0xe997a1},
    {0x1bae, 0xe997a2},
    {0x4dee, 0xe997a4},
    {0x1bad, 0xe997a5},
    {0x4def, 0xe997a6},
    {0x36ed, 0xe997a8},
    {0xdde, 0xe9989c},
    {0x3b9e, 0xe9989d},
    {0x592a, 0xe9989e},
    {0x1baf, 0xe998a1},
    {0x592b, 0xe998a2},
    {0x4df0, 0xe998a4},
    {0x1bb0, 0xe998a8},
    {0x855, 0xe998aa},
    {0x49c7, 0xe998ac},
    {0x4df1, 0xe998b1},
    {0xe77, 0xe998b2},
    {0x592e, 0xe998b7},
    {0x4df2, 0xe998b8},
    {0xacd, 0xe998bb},
    {0x49cb, 0xe998bc},
    {0x4df3, 0xe998bd},
    {0x468, 0xe998bf},
    {0xb2b, 0xe99980},
    {0x3b9f, 0xe99981},
    {0x1bb3, 0xe99982},
    {0xddf, 0xe99984},
    {0x1bb6, 0xe9998b},
    {0x1bb4, 0xe9998c},
    {0x7f1, 0xe9998d},
    {0x1bb5, 0xe9998f},
    {0x776, 0xe99990},
    {0x5931, 0xe99992},
    {0x4df4, 0xe99994},
    {0x3ba0, 0xe99998},
    {0xe15, 0xe9999b},
    {0x1bb8, 0xe9999c},
    {0x1bba, 0xe9999d},
    {0x1bb9, 0xe9999e},
    {0x1bbb, 0xe9999f},
    {0x49cc, 0xe999a1},
    {0x4c3, 0xe999a2},
    {0xa1e, 0xe999a3},
    {0x986, 0xe999a4},
    {0x615, 0xe999a5},
    {0x1bbc, 0xe999a6},
    {0xd1c, 0xe999aa},
    {0x1bbe, 0xe999ac},
    {0x5934, 0xe999ae},
    {0x4c4, 0xe999b0},
    {0x1bbd, 0xe999b2},
    {0xbe0, 0xe999b3},
    {0x4df5, 0xe999b4},
    {0xf95, 0xe999b5},
    {0xc83, 0xe999b6},
    {0x1bb7, 0xe999b7},
    {0xf6e, 0xe999b8},
    {0x765, 0xe999ba},
    {0x4df6, 0xe999bb},
    {0x5935, 0xe999bc},
    {0xf45, 0xe999bd},
    {0x5936, 0xe999be},
    {0x4df7, 0xe999bf},
    {0x4df8, 0xe99a81},
    {0x49ce, 0xe99a82},
    {0x4df9, 0xe99a83},
    {0x3ba1, 0xe99a84},
    {0x6f1, 0xe99a85},
    {0xf7c, 0xe99a86},
    {0x6fe, 0xe99a88},
    {0x4dfa, 0xe99a89},
    {0xb42, 0xe99a8a},
    {0x186c, 0xe99a8b},
    {0x1bbf, 0xe99a8d},
    {0x58a, 0xe99a8e},
    {0xa35, 0xe99a8f},
    {0x5937, 0xe99a91},
    {0x5b4, 0xe99a94},
    {0x1bc1, 0xe99a95},
    {0x4dfb, 0xe99a96},
    {0x1bc2, 0xe99a97},
    {0x1bc0, 0xe99a98},
    {0x73a, 0xe99a99},
    {0x49d0, 0xe99a9a},
    {0x84d, 0xe99a9b},
    {0x9cb, 0xe99a9c},
    {0x21f0, 0xe99a9d},
    {0x5938, 0xe99a9f},
    {0x4c5, 0xe99aa0},
    {0xfa1, 0xe99aa3},
    {0x3ba2, 0xe99aa4},
    {0x4321, 0xe99aa5},
    {0x5939, 0xe99aa6},
    {0x1bc4, 0xe99aa7},
    {0x1b0b, 0xe99aa8},
    {0x3ba3, 0xe99aa9},
    {0x1bc3, 0xe99aaa},
    {0x4dfc, 0xe99aae},
    {0x21f1, 0xe99aaf},
    {0x1bc7, 0xe99ab0},
    {0x49d3, 0xe99ab3},
    {0x1bc8, 0xe99ab4},
    {0x1bc9, 0xe99ab6},
    {0xfb4, 0xe99ab7},
    {0x49d4, 0xe99aba},
    {0xa6d, 0xe99abb},
    {0xd4f, 0xe99abc},
    {0x49d5, 0xe99abd},
    {0xa43, 0xe99b80},
    {0x623, 0xe99b81},
    {0xf24, 0xe99b84},
    {0x56d, 0xe99b85},
    {0x942, 0xe99b86},
    {0x78f, 0xe99b87},
    {0x1bce, 0xe99b89},
    {0x593a, 0xe99b8a},
    {0x1bcd, 0xe99b8b},
    {0x8c1, 0xe99b8c},
    {0x1bcf, 0xe99b8d},
    {0x1bcc, 0xe99b8e},
    {0x876, 0xe99b91},
    {0x3ba4, 0xe99b92},
    {0x1bd3, 0xe99b95},
    {0x1992, 0xe99b96},
    {0x49d8, 0xe99b98},
    {0x10eb, 0xe99b99},
    {0x49d9, 0xe99b9a},
    {0xa3d, 0xe99b9b},
    {0x1bd1, 0xe99b9c},
    {0x49da, 0xe99b9d},
    {0x3ba6, 0xe99b9e},
    {0x593c, 0xe99b9f},
    {0xf6d, 0xe99ba2},
    {0xcc9, 0xe99ba3},
    {0x4cd, 0xe99ba8},
    {0x3ba7, 0xe99ba9},
    {0xa87, 0xe99baa},
    {0x8e2, 0xe99bab},
    {0x4322, 0xe99baf},
    {0xe07, 0xe99bb0},
    {0x3ba8, 0xe99bb1},
    {0x4e2, 0xe99bb2},
    {0xfb5, 0xe99bb6},
    {0xf55, 0xe99bb7},
    {0x1bd4, 0xe99bb9},
    {0x593d, 0xe99bba},
    {0xc3f, 0xe99bbb},
    {0x927, 0xe99c80},
    {0x3ba9, 0xe99c82},
    {0x4dfd, 0xe99c83},
    {0x1bd5, 0xe99c84},
    {0x593e, 0xe99c85},
    {0x1bd6, 0xe99c86},
    {0xa12, 0xe99c87},
    {0x1bd7, 0xe99c88},
    {0x3baa, 0xe99c89},
    {0xfb6, 0xe99c8a},
    {0x1bd2, 0xe99c8d},
    {0x1bd9, 0xe99c8e},
    {0x1bdb, 0xe99c8f},
    {0x1bda, 0xe99c91},
    {0x1bd8, 0xe99c93},
    {0x49dc, 0xe99c94},
    {0x1bdc, 0xe99c96},
    {0x1bdd, 0xe99c99},
    {0x593f, 0xe99c9a},
    {0x4dfe, 0xe99c9b},
    {0xafc, 0xe99c9c},
    {0x5940, 0xe99c9d},
    {0x562, 0xe99c9e},
    {0x49dd, 0xe99ca3},
    {0x1bde, 0xe99ca4},
    {0xec4, 0xe99ca7},
    {0x4e01, 0xe99ca8},
    {0x1bdf, 0xe99caa},
    {0x1be0, 0xe99cb0},
    {0x4e02, 0xe99cb1},
    {0xfd0, 0xe99cb2},
    {0x21f2, 0xe99cb3},
    {0x49df, 0xe99cb6},
    {0x1414, 0xe99cb8},
    {0x1be1, 0xe99cb9},
    {0x21f3, 0xe99cbb},
    {0x49e0, 0xe99d81},
    {0x1be7, 0xe99d82},
    {0x21f4, 0xe99d83},
    {0x1be4, 0xe99d84},
    {0x1be5, 0xe99d86},
    {0x49e1, 0xe99d87},
    {0x1be6, 0xe99d88},
    {0x1be8, 0xe99d89},
    {0x5942, 0xe99d8a},
    {0x21f5, 0xe99d8d},
    {0x4323, 0xe99d8e},
    {0x21f6, 0xe99d8f},
    {0x21f7, 0xe99d91},
    {0xa68, 0xe99d92},
    {0x4f5a, 0xe99d95},
    {0xf03, 0xe99d96},
    {0x49e2, 0xe99d97},
    {0x5943, 0xe99d98},
    {0xa69, 0xe99d99},
    {0x3bab, 0xe99d9a},
    {0x49e3, 0xe99d9b},
    {0x1be9, 0xe99d9c},
    {0xd87, 0xe99d9e},
    {0x1bea, 0xe99da0},
    {0x1d06, 0xe99da1},
    {0xed8, 0xe99da2},
    {0x3bac, 0xe99da3},
    {0x1beb, 0xe99da4},
    {0x1bec, 0xe99da6},
    {0x4e03, 0xe99da7},
    {0x1bed, 0xe99da8},
    {0x5b5, 0xe99da9},
    {0x49e4, 0xe99daa},
    {0x1bef, 0xe99dab},
    {0xa1f, 0xe99dad},
    {0x3bad, 0xe99dae},
    {0x1bf0, 0xe99db1},
    {0x3bae, 0xe99db3},
    {0x6fa, 0xe99db4},
    {0x4e04, 0xe99db6},
    {0x1bf1, 0xe99db9},
    {0x1bf5, 0xe99dba},
    {0x5946, 0xe99dbb},
    {0x1bf3, 0xe99dbc},
    {0x4e05, 0xe99dbd},
    {0x4e06, 0xe99dbf},
    {0x5947, 0xe99e80},
    {0x1bf4, 0xe99e81},
    {0x5d1, 0xe99e84},
    {0x1bf2, 0xe99e85},
    {0x1bf6, 0xe99e86},
    {0x5948, 0xe99e89},
    {0x1bf7, 0xe99e8b},
    {0x48c, 0xe99e8d},
    {0x4324, 0xe99e95},
    {0x49e7, 0xe99e96},
    {0x5949, 0xe99e97},
    {0x9cc, 0xe99e98},
    {0x4e07, 0xe99e99},
    {0x3baf, 0xe99e9a},
    {0x1bfa, 0xe99e9c},
    {0x49e8, 0xe99e9e},
    {0x4e08, 0xe99e9f},
    {0x661, 0xe99ea0},
    {0x3bb0, 0xe99ea2},
    {0x1bfd, 0xe99ea3},
    {0x1bfc, 0xe99ea6},
    {0x1bfb, 0xe99ea8},
    {0x1a34, 0xe99eab},
    {0x4e09, 0xe99eac},
    {0xe2c, 0xe99ead},
    {0x4325, 0xe99eae},
    {0x594a, 0xe99eb8},
    {0x4e0a, 0xe99eb9},
    {0x4326, 0xe99eba},
    {0x594b, 0xe99ebc},
    {0x49eb, 0xe99ebe},
    {0x594c, 0xe99ebf},
    {0x4327, 0xe99f81},
    {0x1c00, 0xe99f83},
    {0x1c01, 0xe99f86},
    {0x594f, 0xe99f87},
    {0x1c02, 0xe99f88},
    {0x4328, 0xe99f89},
    {0x5950, 0xe99f8a},
    {0x1c03, 0xe99f8b},
    {0x49ec, 0xe99f8c},
    {0x4e0b, 0xe99f8d},
    {0x5951, 0xe99f8e},
    {0x5952, 0xe99f90},
    {0x49ed, 0xe99f91},
    {0x616, 0xe99f93},
    {0x49ee, 0xe99f94},
    {0x5953, 0xe99f97},
    {0x49ef, 0xe99f98},
    {0x3bb3, 0xe99f99},
    {0x4329, 0xe99f9b},
    {0x1c04, 0xe99f9c},
    {0x5954, 0xe99f9d},
    {0x3bb4, 0xe99f9e},
    {0x4e0c, 0xe99fa0},
    {0x49f0, 0xe99fa1},
    {0x5955, 0xe99fa4},
    {0x1c05, 0xe99fad},
    {0xcd9, 0xe99fae},
    {0x4e0d, 0xe99faf},
    {0x49f1, 0xe99fb1},
    {0x1c07, 0xe99fb2},
    {0x53b, 0xe99fb3},
    {0x3bb5, 0xe99fb4},
    {0x1c0a, 0xe99fb5},
    {0x1c09, 0xe99fb6},
    {0x5958, 0xe99fba},
    {0x4c6, 0xe99fbb},
    {0x6b9, 0xe99fbf},
    {0xe17, 0xe9a081},
    {0xbd6, 0xe9a082},
    {0x812, 0xe9a083},
    {0x49f2, 0xe9a084},
    {0x7f2, 0xe9a085},
    {0x971, 0xe9a086},
    {0x4e0e, 0xe9a087},
    {0xa22, 0xe9a088},
    {0x3bb6, 0xe9a08a},
    {0x1c0c, 0xe9a08c},
    {0x49f3, 0xe9a08d},
    {0x3bb7, 0xe9a08e},
    {0x1c0b, 0xe9a08f},
    {0xf2c, 0xe9a090},
    {0x624, 0xe9a091},
    {0xd66, 0xe9a092},
    {0xcb4, 0xe9a093},
    {0x49f4, 0xe9a094},
    {0x49f5, 0xe9a096},
    {0xa42, 0xe9a097},
    {0xf96, 0xe9a098},
    {0x5959, 0xe9a099},
    {0x731, 0xe9a09a},
    {0x595a, 0xe9a09c},
    {0x3bb8, 0xe9a09e},
    {0x595b, 0xe9a0a0},
    {0x1c0f, 0xe9a0a1},
    {0x3bb9, 0xe9a0a3},
    {0x1c0e, 0xe9a0a4},
    {0x49fa, 0xe9a0a5},
    {0x4e0f, 0xe9a0a6},
    {0x3bba, 0xe9a0ab},
    {0xe79, 0xe9a0ac},
    {0xc84, 0xe9a0ad},
    {0x4e10, 0xe9a0ae},
    {0x595c, 0xe9a0af},
    {0x1e73, 0xe9a0b0},
    {0x4f2, 0xe9a0b4},
    {0x595d, 0xe9a0b5},
    {0x1c10, 0xe9a0b7},
    {0x1c0d, 0xe9a0b8},
    {0x37b3, 0xe9a0b9},
    {0xdc3, 0xe9a0bb},
    {0xf54, 0xe9a0bc},
    {0x1c11, 0xe9a0bd},
    {0x3bbb, 0xe9a0be},
    {0x595e, 0xe9a184},
    {0x1c12, 0xe9a186},
    {0x49fb, 0xe9a187},
    {0x595f, 0xe9a18a},
    {0x1c14, 0xe9a18b},
    {0xb4a, 0xe9a18c},
    {0x1c13, 0xe9a18f},
    {0x5960, 0xe9a191},
    {0x625, 0xe9a194},
    {0x766, 0xe9a195},
    {0x432a, 0xe9a196},
    {0x21f9, 0xe9a197},
    {0x626, 0xe9a198},
    {0x3bbe, 0xe9a199},
    {0x1e48, 0xe9a19a},
    {0xc39, 0xe9a19b},
    {0xfa8, 0xe9a19e},
    {0x21fa, 0xe9a1a5},
    {0x49fc, 0xe9a1a6},
    {0x790, 0xe9a1a7},
    {0x5961, 0xe9a1aa},
    {0x1c15, 0xe9a1ab},
    {0x3bbf, 0xe9a1ac},
    {0x1c1a, 0xe9a1b3},
    {0x1c19, 0xe9a1b4},
    {0xde9, 0xe9a2a8},
    {0x1c1b, 0xe9a2aa},
    {0x49fd, 0xe9a2ab},
    {0x49fe, 0xe9a2ad},
    {0x5962, 0xe9a2ae},
    {0x1c1c, 0xe9a2af},
    {0x49ff, 0xe9a2b0},
    {0x1c1d, 0xe9a2b1},
    {0x4e13, 0xe9a2b4},
    {0x1c1e, 0xe9a2b6},
    {0x4a01, 0xe9a2b7},
    {0x3bc0, 0xe9a2b8},
    {0x3bc1, 0xe9a2ba},
    {0x3bc2, 0xe9a2bf},
    {0x4a04, 0xe9a382},
    {0x1c20, 0xe9a383},
    {0x1c1f, 0xe9a384},
    {0x4e14, 0xe9a385},
    {0x1c21, 0xe9a386},
    {0x4a05, 0xe9a387},
    {0x3bc3, 0xe9a388},
    {0x4a06, 0xe9a38b},
    {0x5963, 0xe9a38c},
    {0xd88, 0xe9a39b},
    {0x1839, 0xe9a39c},
    {0x9ef, 0xe9a39f},
    {0x3618, 0xe9a3a0},
    {0x4a07, 0xe9a3a1},
    {0x64c, 0xe9a3a2},
    {0x4a08, 0xe9a3a3},
    {0x3bc4, 0xe9a3a5},
    {0x5964, 0xe9a3a6},
    {0x432b, 0xe9a3a7},
    {0x1c22, 0xe9a3a9},
    {0x4a09, 0xe9a3aa},
    {0x1c23, 0xe9a3ab},
    {0x10c1, 0xe9a3ad},
    {0x14da, 0xe9a3ae},
    {0xd67, 0xe9a3af},
    {0x4bf, 0xe9a3b2},
    {0x4a0c, 0xe9a3b3},
    {0x47f, 0xe9a3b4},
    {0x5965, 0xe9a3b6},
    {0x8c2, 0xe9a3bc},
    {0xe5e, 0xe9a3bd},
    {0x9e6, 0xe9a3be},
    {0x4e15, 0xe9a482},
    {0x1c24, 0xe9a483},
    {0xeeb, 0xe9a485},
    {0x5966, 0xe9a487},
    {0x4a0d, 0xe9a488},
    {0x1c25, 0xe9a489},
    {0xf46, 0xe9a48a},
    {0x4e4, 0xe9a48c},
    {0x88f, 0xe9a490},
    {0x4e16, 0xe9a491},
    {0x1c26, 0xe9a492},
    {0x56e, 0xe9a493},
    {0x1c27, 0xe9a494},
    {0x4e17, 0xe9a495},
    {0x1c28, 0xe9a498},
    {0x5967, 0xe9a49f},
    {0x1c2d, 0xe9a4a0},
    {0x1c29, 0xe9a4a1},
    {0x5968, 0xe9a4a2},
    {0x1c2c, 0xe9a4a4},
    {0x5969, 0xe9a4a6},
    {0x21fd, 0xe9a4a7},
    {0x617, 0xe9a4a8},
    {0x596a, 0xe9a4ab},
    {0x1c2e, 0xe9a4ac},
    {0x1c2f, 0xe9a4ae},
    {0x4a17, 0xe9a4b1},
    {0x596b, 0xe9a4b4},
    {0x4e18, 0xe9a4b5},
    {0x596c, 0xe9a4b9},
    {0x3bc7, 0xe9a580},
    {0x4a1b, 0xe9a581},
    {0x1c32, 0xe9a582},
    {0x1c34, 0xe9a585},
    {0x4a1c, 0xe9a586},
    {0x596d, 0xe9a587},
    {0x4e19, 0xe9a588},
    {0x1c33, 0xe9a589},
    {0x1c36, 0xe9a58b},
    {0x1c39, 0xe9a58c},
    {0x3bc8, 0xe9a58d},
    {0x4a1d, 0xe9a58e},
    {0x1c35, 0xe9a590},
    {0x4e1a, 0xe9a594},
    {0x1c3a, 0xe9a595},
    {0x6ba, 0xe9a597},
    {0x432c, 0xe9a598},
    {0x596e, 0xe9a599},
    {0x596f, 0xe9a59b},
    {0x3bc9, 0xe9a59c},
    {0x4e1b, 0xe9a59e},
    {0x3bca, 0xe9a59f},
    {0x4a1e, 0xe9a5a0},
    {0x91f, 0xe9a696},
    {0x7f3, 0xe9a699},
    {0x5970, 0xe9a69b},
    {0x5971, 0xe9a69d},
    {0x21ff, 0xe9a69e},
    {0x5972, 0xe9a69f},
    {0x4a1f, 0xe9a6a3},
    {0x1c3d, 0xe9a6a5},
    {0x4a20, 0xe9a6a6},
    {0x59c, 0xe9a6a8},
    {0xd05, 0xe9a6ac},
    {0x5973, 0xe9a6b0},
    {0x3bcb, 0xe9a6b1},
    {0x5974, 0xe9a6b2},
    {0xb98, 0xe9a6b3},
    {0xcc3, 0xe9a6b4},
    {0x5975, 0xe9a6b5},
    {0x1c40, 0xe9a6bc},
    {0x4a21, 0xe9a6bd},
    {0x4a22, 0xe9a6bf},
    {0xd33, 0xe9a781},
    {0x4a23, 0xe9a783},
    {0xb2c, 0xe9a784},
    {0x4fa, 0xe9a785},
    {0x6e6, 0xe9a786},
    {0x6e7, 0xe9a788},
    {0x3bce, 0xe9a789},
    {0xbb1, 0xe9a790},
    {0x1c45, 0xe9a791},
    {0x6e8, 0xe9a792},
    {0x5976, 0xe9a793},
    {0x4a24, 0xe9a794},
    {0x56f, 0xe9a795},
    {0x1c44, 0xe9a798},
    {0x4a25, 0xe9a799},
    {0x5977, 0xe9a79a},
    {0x1c42, 0xe9a79b},
    {0x5978, 0xe9a79c},
    {0x1c43, 0xe9a79d},
    {0x4a26, 0xe9a79e},
    {0x1c41, 0xe9a79f},
    {0x4e1c, 0xe9a7a1},
    {0x1c4f, 0xe9a7a2},
    {0x5979, 0xe9a7a7},
    {0x4a28, 0xe9a7b0},
    {0x1c4b, 0xe9a7b8},
    {0x4a29, 0xe9a7b9},
    {0x1c4a, 0xe9a7bb},
    {0x4a2a, 0xe9a7bc},
    {0x963, 0xe9a7bf},
    {0x1c4c, 0xe9a881},
    {0x3bcf, 0xe9a882},
    {0x432d, 0xe9a883},
    {0x5981, 0xe9a884},
    {0x1c4e, 0xe9a885},
    {0x37ba, 0xe9a888},
    {0x4a2b, 0xe9a88a},
    {0x5982, 0xe9a88b},
    {0x4e1d, 0xe9a88c},
    {0x64d, 0xe9a88e},
    {0x1c4d, 0xe9a88f},
    {0x4e1e, 0xe9a890},
    {0x4a2c, 0xe9a891},
    {0xafd, 0xe9a892},
    {0x767, 0xe9a893},
    {0x3bd0, 0xe9a896},
    {0x1c50, 0xe9a899},
    {0x4a2d, 0xe9a89a},
    {0x5983, 0xe9a89e},
    {0x4a2e, 0xe9a8a0},
    {0x5984, 0xe9a8a2},
    {0x4e1f, 0xe9a8a3},
    {0x3bd1, 0xe9a8a4},
    {0x3bd2, 0xe9a8a7},
    {0xb2d, 0xe9a8a8},
    {0x1c51, 0xe9a8ab},
    {0xc85, 0xe9a8b0},
    {0x4a2f, 0xe9a8b1},
    {0x5985, 0xe9a8b3},
    {0x5986, 0xe9a8b5},
    {0x3bd5, 0xe9a8b6},
    {0x1c52, 0xe9a8b7},
    {0x3bd6, 0xe9a8b8},
    {0x1c57, 0xe9a8be},
    {0x1c55, 0xe9a980},
    {0x4e20, 0xe9a981},
    {0x1c54, 0xe9a982},
    {0x1c56, 0xe9a983},
    {0x4a30, 0xe9a984},
    {0x1c53, 0xe9a985},
    {0x5987, 0xe9a987},
    {0x3bd7, 0xe9a98a},
    {0x5989, 0xe9a98b},
    {0x4a31, 0xe9a98c},
    {0x1c59, 0xe9a98d},
    {0x2200, 0xe9a98e},
    {0x4e21, 0xe9a991},
    {0x1e2f, 0xe9a992},
    {0x598a, 0xe9a994},
    {0x1c58, 0xe9a995},
    {0x3bd8, 0xe9a996},
    {0x1c5b, 0xe9a997},
    {0x4a32, 0xe9a998},
    {0x6bb, 0xe9a99a},
    {0x1c5a, 0xe9a99b},
    {0x598b, 0xe9a99d},
    {0x1c5c, 0xe9a99f},
    {0x1c5d, 0xe9a9a2},
    {0x1c5f, 0xe9a9a4},
    {0x1c5e, 0xe9a9a5},
    {0x1c60, 0xe9a9a9},
    {0x1c62, 0xe9a9aa},
    {0x1c61, 0xe9a9ab},
    {0x80e, 0xe9aaa8},
    {0x598c, 0xe9aaaa},
    {0x598d, 0xe9aaac},
    {0x1c63, 0xe9aaad},
    {0x598e, 0xe9aaae},
    {0x4a34, 0xe9aaaf},
    {0x1c64, 0xe9aab0},
    {0x598f, 0xe9aab2},
    {0x5990, 0xe9aab4},
    {0x4a36, 0xe9aab7},
    {0x59a, 0xe9aab8},
    {0x4a38, 0xe9aab9},
    {0x5991, 0xe9aabb},
    {0x1c65, 0xe9aabc},
    {0x5992, 0xe9aabf},
    {0x1c66, 0xe9ab80},
    {0x432e, 0xe9ab81},
    {0x432f, 0xe9ab83},
    {0xa37, 0xe9ab84},
    {0x4a3a, 0xe9ab86},
    {0x5993, 0xe9ab88},
    {0x4330, 0xe9ab8e},
    {0x1c67, 0xe9ab8f},
    {0x4a3b, 0xe9ab90},
    {0x1c68, 0xe9ab91},
    {0x4a3c, 0xe9ab92},
    {0x4a3d, 0xe9ab95},
    {0x4331, 0xe9ab96},
    {0x5994, 0xe9ab97},
    {0x7f4, 0xe9ab98},
    {0x2201, 0xe9ab99},
    {0x5995, 0xe9ab9b},
    {0x2202, 0xe9ab9c},
    {0x4a3e, 0xe9aba0},
    {0x5996, 0xe9aba4},
    {0x4a3f, 0xe9aba5},
    {0x1c6f, 0xe9aba6},
    {0x5997, 0xe9aba7},
    {0x4a40, 0xe9aba9},
    {0xd45, 0xe9abaa},
    {0x1c71, 0xe9abab},
    {0x5998, 0xe9abac},
    {0xd98, 0xe9abad},
    {0x1c72, 0xe9abae},
    {0x1c70, 0xe9abaf},
    {0x1c74, 0xe9abb1},
    {0x1c73, 0xe9abb4},
    {0x599b, 0xe9abb5},
    {0x1c75, 0xe9abb7},
    {0x3bdb, 0xe9abb9},
    {0x599c, 0xe9abba},
    {0x1c76, 0xe9abbb},
    {0x599d, 0xe9abbd},
    {0x599e, 0xe9abbf},
    {0x599f, 0xe9ac80},
    {0x4e24, 0xe9ac81},
    {0x4332, 0xe9ac82},
    {0x3bdc, 0xe9ac83},
    {0x1c77, 0xe9ac86},
    {0x4333, 0xe9ac88},
    {0x4e25, 0xe9ac89},
    {0x4e26, 0xe9ac8b},
    {0x4a41, 0xe9ac8c},
    {0x4a42, 0xe9ac90},
    {0x4a43, 0xe9ac92},
    {0x4a44, 0xe9ac96},
    {0x1c78, 0xe9ac98},
    {0x4e29, 0xe9ac99},
    {0x1c79, 0xe9ac9a},
    {0x59a2, 0xe9ac9b},
    {0x4a45, 0xe9ac9c},
    {0x4f49, 0xe9ac9d},
    {0x1c7a, 0xe9ac9f},
    {0x3bdd, 0xe9aca0},
    {0x1c7d, 0xe9aca5},
    {0x59a3, 0xe9aca6},
    {0x4a46, 0xe9acab},
    {0x4f4a, 0xe9acac},
    {0x4335, 0xe9acad},
    {0x14d4, 0xe9acb1},
    {0x1c84, 0xe9acb2},
    {0x4e2a, 0xe9acb5},
    {0x59a5, 0xe9acb7},
    {0x17a9, 0xe9acbb},
    {0x64e, 0xe9acbc},
    {0x4a47, 0xe9acbd},
    {0x57f, 0xe9ad81},
    {0x822, 0xe9ad82},
    {0x1c86, 0xe9ad83},
    {0x1c85, 0xe9ad84},
    {0xeb1, 0xe9ad85},
    {0x4e2b, 0xe9ad88},
    {0x4a49, 0xe9ad8b},
    {0x59a8, 0xe9ad8c},
    {0x1c87, 0xe9ad8f},
    {0x1c8a, 0xe9ad91},
    {0xe90, 0xe9ad94},
    {0x4e2c, 0xe9ad95},
    {0x1c8b, 0xe9ad98},
    {0x695, 0xe9ad9a},
    {0x59ab, 0xe9ad9b},
    {0x4336, 0xe9ad9e},
    {0x59ac, 0xe9ada1},
    {0x4a4a, 0xe9ada3},
    {0x4a4b, 0xe9ada5},
    {0x4337, 0xe9ada6},
    {0x4e2d, 0xe9ada8},
    {0x59ad, 0xe9adaa},
    {0xfcb, 0xe9adaf},
    {0x2204, 0xe9adb2},
    {0x3be0, 0xe9adb3},
    {0x1c8c, 0xe9adb4},
    {0x2203, 0xe9adb5},
    {0x59b0, 0xe9adb8},
    {0x3be1, 0xe9adb9},
    {0x59b1, 0xe9adbf},
    {0x4e2e, 0xe9ae80},
    {0x1c8e, 0xe9ae83},
    {0x4338, 0xe9ae84},
    {0x59b2, 0xe9ae85},
    {0x4e2f, 0xe9ae86},
    {0x59b3, 0xe9ae87},
    {0x59b4, 0xe9ae89},
    {0x4339, 0xe9ae8a},
    {0x59b5, 0xe9ae8b},
    {0x59b6, 0xe9ae8d},
    {0x482, 0xe9ae8e},
    {0x2205, 0xe9ae8f},
    {0x4e30, 0xe9ae90},
    {0x1c8f, 0xe9ae91},
    {0xdfb, 0xe9ae92},
    {0x1c8d, 0xe9ae93},
    {0x59b7, 0xe9ae94},
    {0x59b8, 0xe9ae9a},
    {0x4e31, 0xe9ae9d},
    {0x433a, 0xe9ae9e},
    {0x4a50, 0xe9aea6},
    {0x3be2, 0xe9aea7},
    {0x1c94, 0xe9aea8},
    {0x59b9, 0xe9aea9},
    {0xe9c, 0xe9aeaa},
    {0x87b, 0xe9aeab},
    {0x4a51, 0xe9aeac},
    {0x86a, 0xe9aead},
    {0xab1, 0xe9aeae},
    {0x4e32, 0xe9aeb0},
    {0x2206, 0xe9aeb1},
    {0x4a53, 0xe9aeb2},
    {0x1c95, 0xe9aeb4},
    {0x59ba, 0xe9aeb7},
    {0x4a54, 0xe9aeb8},
    {0x1c98, 0xe9aeb9},
    {0x2207, 0xe9aebb},
    {0x59bb, 0xe9aebc},
    {0x4a55, 0xe9aebe},
    {0x4e33, 0xe9aebf},
    {0x1c96, 0xe9af80},
    {0x3be3, 0xe9af81},
    {0x1c99, 0xe9af86},
    {0x3be4, 0xe9af87},
    {0x4e34, 0xe9af88},
    {0x7a5, 0xe9af89},
    {0x1c97, 0xe9af8a},
    {0x433b, 0xe9af8e},
    {0x1c9a, 0xe9af8f},
    {0x59bc, 0xe9af90},
    {0x1ca0, 0xe9af94},
    {0x878, 0xe9af96},
    {0x3be5, 0xe9af97},
    {0x4a57, 0xe9af98},
    {0xb44, 0xe9af9b},
    {0x4a58, 0xe9af9d},
    {0x37bf, 0xe9af9f},
    {0x1ca1, 0xe9afa1},
    {0x1c9e, 0xe9afa2},
    {0x1c9d, 0xe9afa3},
    {0x1c9f, 0xe9afa4},
    {0x433c, 0xe9afa5},
    {0x3be6, 0xe9afa7},
    {0x735, 0xe9afa8},
    {0x4a59, 0xe9afaa},
    {0x3be7, 0xe9afab},
    {0x4a5b, 0xe9afae},
    {0x4a5a, 0xe9afaf},
    {0x1ca5, 0xe9afb0},
    {0x1ca4, 0xe9afb1},
    {0x1ca3, 0xe9afb2},
    {0x4a56, 0xe9afb3},
    {0x477, 0xe9afb5},
    {0x3be8, 0xe9afb7},
    {0x433d, 0xe9afb8},
    {0x59bd, 0xe9afb9},
    {0x3be9, 0xe9afba},
    {0x3bea, 0xe9afbd},
    {0x4e35, 0xe9afbf},
    {0x2208, 0xe9b080},
    {0x4e36, 0xe9b082},
    {0x1caf, 0xe9b084},
    {0x1cab, 0xe9b086},
    {0x1cac, 0xe9b088},
    {0x1ca8, 0xe9b089},
    {0x1cae, 0xe9b08a},
    {0x3beb, 0xe9b08b},
    {0x1caa, 0xe9b08c},
    {0x5c0, 0xe9b08d},
    {0x59be, 0xe9b08f},
    {0xff2, 0xe9b090},
    {0x59bf, 0xe9b091},
    {0x1cad, 0xe9b092},
    {0x1ca9, 0xe9b093},
    {0x1ca7, 0xe9b094},
    {0x1ca6, 0xe9b095},
    {0x4a5f, 0xe9b096},
    {0x1cb1, 0xe9b09b},
    {0x4e37, 0xe9b09c},
    {0x4a63, 0xe9b09d},
    {0x59c0, 0xe9b09e},
    {0x1cb4, 0xe9b0a1},
    {0x4a64, 0xe9b0a2},
    {0x433e, 0xe9b0a3},
    {0x1cb3, 0xe9b0a4},
    {0x1cb2, 0xe9b0a5},
    {0x59c1, 0xe9b0a6},
    {0x3bec, 0xe9b0a7},
    {0x59c2, 0xe9b0a8},
    {0x4a65, 0xe9b0a9},
    {0x3bed, 0xe9b0aa},
    {0xdbb, 0xe9b0ad},
    {0x1cb0, 0xe9b0ae},
    {0x4b7, 0xe9b0af},
    {0x1cb5, 0xe9b0b0},
    {0x4a67, 0xe9b0b1},
    {0x1cb7, 0xe9b0b2},
    {0x4e38, 0xe9b0b5},
    {0x3bee, 0xe9b0b6},
    {0x4a68, 0xe9b0b7},
    {0x5cd, 0xe9b0b9},
    {0x1ca2, 0xe9b0ba},
    {0x4d9, 0xe9b0bb},
    {0x59c3, 0xe9b0bd},
    {0x1cb9, 0xe9b0be},
    {0x3bef, 0xe9b181},
    {0x59c4, 0xe9b183},
    {0x4e39, 0xe9b184},
    {0x4a69, 0xe9b185},
    {0x1cb8, 0xe9b186},
    {0x1cb6, 0xe9b187},
    {0xb6b, 0xe9b188},
    {0x59c5, 0xe9b18e},
    {0xe9e, 0xe9b192},
    {0x3bf0, 0xe9b193},
    {0x4a6f, 0xe9b194},
    {0x4e3a, 0xe9b196},
    {0xfa2, 0xe9b197},
    {0x4a70, 0xe9b198},
    {0x1cba, 0xe9b19a},
    {0x4a71, 0xe9b19b},
    {0x4a6a, 0xe9b19c},
    {0x4a72, 0xe9b19d},
    {0x59c6, 0xe9b19e},
    {0x4a73, 0xe9b19f},
    {0x1cbb, 0xe9b1a0},
    {0x4e3b, 0xe9b1a1},
    {0x3bf1, 0xe9b1a3},
    {0x4341, 0xe9b1a5},
    {0x1cbc, 0xe9b1a7},
    {0x4e3c, 0xe9b1a8},
    {0x3bf2, 0xe9b1b0},
    {0x4a79, 0xe9b1b2},
    {0x4a7a, 0xe9b1b5},
    {0x1cbd, 0xe9b1b6},
    {0x3bf3, 0xe9b1b7},
    {0x1cbe, 0xe9b1b8},
    {0x4a7b, 0xe9b1ba},
    {0x59c7, 0xe9b1bb},
    {0xbd7, 0xe9b3a5},
    {0x4a7c, 0xe9b3a6},
    {0x1cbf, 0xe9b3a7},
    {0xd4b, 0xe9b3a9},
    {0x1cc4, 0xe9b3ab},
    {0x1cc0, 0xe9b3ac},
    {0x1cc1, 0xe9b3b0},
    {0x4a7d, 0xe9b3b2},
    {0xe5f, 0xe9b3b3},
    {0xed0, 0xe9b3b4},
    {0xca8, 0xe9b3b6},
    {0x59c8, 0xe9b3b7},
    {0x59c9, 0xe9b3b9},
    {0x3bf4, 0xe9b482},
    {0x1cc5, 0xe9b483},
    {0x1cc6, 0xe9b486},
    {0xc96, 0xe9b487},
    {0x1cc3, 0xe9b488},
    {0x1cc2, 0xe9b489},
    {0x4a7e, 0xe9b48b},
    {0x52a, 0xe9b48e},
    {0x4a80, 0xe9b491},
    {0x1cce, 0xe9b492},
    {0x1ccd, 0xe9b495},
    {0x517, 0xe9b49b},
    {0x59ca, 0xe9b49c},
    {0x1ccb, 0xe9b49f},
    {0x1cca, 0xe9b4a3},
    {0x1cc8, 0xe9b4a6},
    {0x5d9, 0xe9b4a8},
    {0x1cc7, 0xe9b4aa},
    {0x8de, 0xe9b4ab},
    {0x529, 0xe9b4ac},
    {0x59cb, 0xe9b4af},
    {0x4e3d, 0xe9b4b0},
    {0x4a86, 0xe9b4b2},
    {0x59ce, 0xe9b4ba},
    {0x7f5, 0xe9b4bb},
    {0x59cf, 0xe9b4bc},
    {0x4e3e, 0xe9b4bd},
    {0x1cd1, 0xe9b4be},
    {0x1cd0, 0xe9b4bf},
    {0x1ccf, 0xe9b581},
    {0x3bf5, 0xe9b582},
    {0x4344, 0xe9b583},
    {0x1ccc, 0xe9b584},
    {0x59d0, 0xe9b585},
    {0x1cd2, 0xe9b586},
    {0x3bf6, 0xe9b587},
    {0x1cd3, 0xe9b588},
    {0x4a88, 0xe9b58a},
    {0x1cd8, 0xe9b590},
    {0x1cd7, 0xe9b591},
    {0x4345, 0xe9b592},
    {0x1cd9, 0xe9b599},
    {0x4cf, 0xe9b59c},
    {0x4a89, 0xe9b59f},
    {0x806, 0xe9b5a0},
    {0xec5, 0xe9b5a1},
    {0x4a8a, 0xe9b5a2},
    {0x3bf7, 0xe9b5a3},
    {0x1cd6, 0xe9b5a4},
    {0x59d3, 0xe9b5a5},
    {0x3bf8, 0xe9b5a9},
    {0x4e3f, 0xe9b5aa},
    {0x220a, 0xe9b5ab},
    {0xe60, 0xe9b5ac},
    {0x1cde, 0xe9b5af},
    {0x2209, 0xe9b5b0},
    {0x1cda, 0xe9b5b2},
    {0x4a8d, 0xe9b5b3},
    {0x1cdf, 0xe9b5ba},
    {0x4e40, 0xe9b5bb},
    {0x3bf9, 0xe9b5bc},
    {0x3bfa, 0xe9b5be},
    {0x59d4, 0xe9b683},
    {0x4a90, 0xe9b684},
    {0x59d5, 0xe9b686},
    {0x1cdc, 0xe9b687},
    {0x1cdb, 0xe9b689},
    {0x4346, 0xe9b68a},
    {0x3bfb, 0xe9b68d},
    {0x59d6, 0xe9b68e},
    {0x732, 0xe9b68f},
    {0x59d9, 0xe9b695},
    {0x4347, 0xe9b696},
    {0x4a91, 0xe9b699},
    {0x1ce0, 0xe9b69a},
    {0x4a92, 0xe9b6a1},
    {0x1ce1, 0xe9b6a4},
    {0x1ce2, 0xe9b6a9},
    {0x59dc, 0xe9b6aa},
    {0x1cdd, 0xe9b6ab},
    {0x4349, 0xe9b6ac},
    {0x59dd, 0xe9b6ae},
    {0x1cc9, 0xe9b6af},
    {0x3bfc, 0xe9b6b1},
    {0x1ce3, 0xe9b6b2},
    {0xbfd, 0xe9b6b4},
    {0x4a94, 0xe9b6b5},
    {0x1ce7, 0xe9b6b8},
    {0x4a95, 0xe9b6b9},
    {0x1ce8, 0xe9b6ba},
    {0x1ce6, 0xe9b6bb},
    {0x434a, 0xe9b6bc},
    {0x4a96, 0xe9b6bd},
    {0x4a93, 0xe9b6bf},
    {0x4348, 0xe9b780},
    {0x1ce5, 0xe9b781},
    {0x1ceb, 0xe9b782},
    {0x3bfd, 0xe9b783},
    {0x1ce4, 0xe9b784},
    {0x1ce9, 0xe9b786},
    {0x3bfe, 0xe9b787},
    {0x4a97, 0xe9b789},
    {0x59df, 0xe9b78a},
    {0x1cea, 0xe9b78f},
    {0x1ced, 0xe9b793},
    {0x3bff, 0xe9b796},
    {0x1dde, 0xe9b797},
    {0x1cec, 0xe9b799},
    {0x4a98, 0xe9b79a},
    {0x59e2, 0xe9b79e},
    {0x3c00, 0xe9b79f},
    {0x4a99, 0xe9b7a0},
    {0x4a9a, 0xe9b7a3},
    {0x4e41, 0xe9b7a5},
    {0x1cef, 0xe9b7a6},
    {0x434c, 0xe9b7a7},
    {0x4e42, 0xe9b7a9},
    {0x3c01, 0xe9b7ab},
    {0x1cf0, 0xe9b7ad},
    {0x59e3, 0xe9b7ae},
    {0x1cf1, 0xe9b7af},
    {0x59e4, 0xe9b7b0},
    {0xfef, 0xe9b7b2},
    {0x4e43, 0xe9b7b3},
    {0x3c02, 0xe9b7b4},
    {0x1cee, 0xe9b7b8},
    {0xb4b, 0xe9b7b9},
    {0x85d, 0xe9b7ba},
    {0x1cf2, 0xe9b7bd},
    {0x59e5, 0xe9b7be},
    {0x4a9d, 0xe9b882},
    {0x434d, 0xe9b887},
    {0x4a9c, 0xe9b88a},
    {0x4a9e, 0xe9b88d},
    {0x59e6, 0xe9b88e},
    {0x3c03, 0xe9b895},
    {0x59ea, 0xe9b896},
    {0x220c, 0xe9b899},
    {0x4a9f, 0xe9b89c},
    {0x3c04, 0xe9b89d},
    {0x1cf5, 0xe9b89e},
    {0x1cf6, 0xe9b9b5},
    {0x768, 0xe9b9b8},
    {0x1cf7, 0xe9b9b9},
    {0x4e44, 0xe9b9ba},
    {0x4aa0, 0xe9b9bb},
    {0x1dfd, 0xe9b9bc},
    {0x1cf8, 0xe9b9bd},
    {0x8db, 0xe9b9bf},
    {0x4aa2, 0xe9ba80},
    {0x1cf9, 0xe9ba81},
    {0x4aa3, 0xe9ba85},
    {0x59eb, 0xe9ba87},
    {0x1cfa, 0xe9ba88},
    {0x1cff, 0xe9ba91},
    {0x1cfd, 0xe9ba92},
    {0xfe2, 0xe9ba93},
    {0x1cfe, 0xe9ba95},
    {0x59ee, 0xe9ba96},
    {0xfb7, 0xe9ba97},
    {0x59ef, 0xe9ba98},
    {0x4aa4, 0xe9ba9b},
    {0x1d00, 0xe9ba9d},
    {0x434e, 0xe9ba9e},
    {0xfa3, 0xe9ba9f},
    {0x3c05, 0xe9baa4},
    {0x1d01, 0xe9baa5},
    {0xd34, 0xe9baa6},
    {0x3c06, 0xe9baa8},
    {0x1d02, 0xe9baa9},
    {0x1d04, 0xe9baaa},
    {0x3c07, 0xe9baac},
    {0x1d05, 0xe9baad},
    {0x59f0, 0xe9baae},
    {0x434f, 0xe9baaf},
    {0x4e48, 0xe9bab0},
    {0x59f1, 0xe9bab3},
    {0x1e02, 0xe9bab4},
    {0x1e75, 0xe9bab5},
    {0x1d03, 0xe9bab8},
    {0x7ff, 0xe9bab9},
    {0xed9, 0xe9baba},
    {0xe91, 0xe9babb},
    {0x1284, 0xe9babc},
    {0x4aa6, 0xe9babd},
    {0x14ff, 0xe9babe},
    {0xea9, 0xe9babf},
    {0x340b, 0xe9bb83},
    {0x52b, 0xe9bb84},
    {0x59f2, 0xe9bb86},
    {0x59f3, 0xe9bb88},
    {0x59f4, 0xe9bb8b},
    {0x1d07, 0xe9bb8c},
    {0x66a, 0xe9bb8d},
    {0x220d, 0xe9bb91},
    {0x807, 0xe9bb92},
    {0x1d0b, 0xe9bb94},
    {0x59f5, 0xe9bb95},
    {0x160d, 0xe9bb98},
    {0xee7, 0xe9bb99},
    {0xb43, 0xe9bb9b},
    {0x1d0c, 0xe9bb9c},
    {0x1d0e, 0xe9bb9d},
    {0x1d0d, 0xe9bb9e},
    {0x4aa8, 0xe9bb9f},
    {0x1d0f, 0xe9bba0},
    {0x4e49, 0xe9bba4},
    {0x1d10, 0xe9bba5},
    {0x3c08, 0xe9bba7},
    {0x1d11, 0xe9bba8},
    {0x3c09, 0xe9bbae},
    {0x1d12, 0xe9bbaf},
    {0x4e4a, 0xe9bbb0},
    {0x59f8, 0xe9bbb1},
    {0x4e4b, 0xe9bbb2},
    {0x1d13, 0xe9bbb4},
    {0x59f9, 0xe9bbb5},
    {0x59fa, 0xe9bbb8},
    {0x1d16, 0xe9bbb9},
    {0x4aa9, 0xe9bbbf},
    {0x4aaa, 0xe9bc82},
    {0x4aac, 0xe9bc83},
    {0x4e4c, 0xe9bc89},
    {0xc1e, 0xe9bc8e},
    {0x4e4d, 0xe9bc8f},
    {0x3c0a, 0xe9bc90},
    {0x59fb, 0xe9bc91},
    {0x3c0b, 0xe9bc92},
    {0x791, 0xe9bc93},
    {0x4e4e, 0xe9bc94},
    {0x1d1d, 0xe9bc95},
    {0x59fc, 0xe9bc96},
    {0x3c0c, 0xe9bc97},
    {0x3c0d, 0xe9bc99},
    {0x59fd, 0xe9bc9a},
    {0x4e4f, 0xe9bc9b},
    {0x59fe, 0xe9bc9f},
    {0xacf, 0xe9bca0},
    {0x1d1e, 0xe9bca1},
    {0x4e50, 0xe9bca2},
    {0x4e51, 0xe9bca6},
    {0x1d1f, 0xe9bcac},
    {0x3c0e, 0xe9bcaf},
    {0x4e54, 0xe9bcb4},
    {0x3c0f, 0xe9bcb7},
    {0x3c10, 0xe9bcb9},
    {0x4aad, 0xe9bcba},
    {0xd93, 0xe9bcbb},
    {0x5a01, 0xe9bcbc},
    {0x4aae, 0xe9bcbd},
    {0x1d20, 0xe9bcbe},
    {0x5a02, 0xe9bcbf},
    {0x3c11, 0xe9bd81},
    {0x3c12, 0xe9bd85},
    {0x4aaf, 0xe9bd86},
    {0x5a05, 0xe9bd87},
    {0x1d21, 0xe9bd8a},
    {0x170a, 0xe9bd8b},
    {0x1a7b, 0xe9bd8e},
    {0x1c06, 0xe9bd8f},
    {0x1d22, 0xe9bd92},
    {0x4ab0, 0xe9bd93},
    {0x1d23, 0xe9bd94},
    {0x4ab1, 0xe9bd95},
    {0x5a06, 0xe9bd96},
    {0x3c13, 0xe9bd97},
    {0x4ab2, 0xe9bd98},
    {0x4e55, 0xe9bd9a},
    {0x4ab4, 0xe9bd9d},
    {0x5a07, 0xe9bd9e},
    {0xfb8, 0xe9bda2},
    {0x1d24, 0xe9bda3},
    {0x3c14, 0xe9bda8},
    {0x4ab6, 0xe9bda9},
    {0x1d2b, 0xe9bdaa},
    {0x1d2a, 0xe9bdac},
    {0x4ab7, 0xe9bdad},
    {0x5a08, 0xe9bdae},
    {0x4e56, 0xe9bdaf},
    {0x4ab8, 0xe9bdb0},
    {0x3c15, 0xe9bdb1},
    {0x1d2d, 0xe9bdb2},
    {0x5a09, 0xe9bdb3},
    {0x3c16, 0xe9bdb5},
    {0x1d2e, 0xe9bdb6},
    {0x1d2c, 0xe9bdb7},
    {0x5a0a, 0xe9bdba},
    {0x5a0b, 0xe9bdbd},
    {0xf7e, 0xe9be8d},
    {0x5a0c, 0xe9be8f},
    {0x3c17, 0xe9be90},
    {0x3c18, 0xe9be94},
    {0x1d2f, 0xe9be95},
    {0x5a0f, 0xe9be96},
    {0x4350, 0xe9be97},
    {0x1d30, 0xe9be9c},
    {0x1727, 0xe9be9d},
    {0x4e57, 0xe9be9e},
    {0x1d31, 0xe9bea0},
    {0x5a10, 0xe9bea1},
    {0x3c19, 0xe9bea2},
    {0x5a11, 0xe9bea3},
    {0x4e58, 0xe9bea5},
    {0x36e0, 0xe9beb4},
    {0x3c47, 0xe9bebc},
    {0x3c45, 0xe9bebd},
    {0x3c4a, 0xe9bebe},
    {0x4e64, 0xe9bebf},
    {0x3709, 0xe9bf84},
    {0x3758, 0xe9bf86},
    {0x4ebc, 0xe9bf8c},
    {0x3e25, 0xea9eb5},
    {0x3e27, 0xeaad93},
    {0x3c57, 0xefa1ba},
    {0x3c58, 0xefa1bf},
    {0x35ab, 0xefa489},
    {0x3450, 0xefa49d},
    {0x3704, 0xefa49f},
    {0x4f4f, 0xefa4a8},
    {0x4f51, 0xefa4a9},
    {0x3452, 0xefa4b6},
    {0x3693, 0xefa59f},
    {0x3420, 0xefa5b0},
    {0x3708, 0xefa683},
    {0x1e83, 0xefa699},
    {0x3711, 0xefa69a},
    {0x370f, 0xefa6a2},
    {0x1e80, 0xefa783},
    {0x3454, 0xefa790},
    {0x3451, 0xefa79c},
    {0x1e46, 0xefa7ac},
    {0x3684, 0xefa883},
    {0x20da, 0xefa88e},
    {0x20e5, 0xefa88f},
    {0x1e42, 0xefa890},
    {0x37d2, 0xefa891},
    {0x2121, 0xefa892},
    {0x2131, 0xefa893},
    {0x2133, 0xefa894},
    {0x4f53, 0xefa895},
    {0x2164, 0xefa896},
    {0x217b, 0xefa897},
    {0x2187, 0xefa89b},
    {0x218b, 0xefa89c},
    {0x218e, 0xefa89d},
    {0x2197, 0xefa89e},
    {0x21a2, 0xefa89f},
    {0x21ae, 0xefa8a2},
    {0x21b6, 0xefa8a3},
    {0x4948, 0xefa8a4},
    {0x21b9, 0xefa8a5},
    {0x21bc, 0xefa8a6},
    {0x21d8, 0xefa8a7},
    {0x21df, 0xefa8a8},
    {0x21ef, 0xefa8a9},
    {0x21fe, 0xefa8ac},
    {0x220b, 0xefa8ad},
    {0x3446, 0xefa8b0},
    {0x3430, 0xefa8b1},
    {0x344d, 0xefa8b2},
    {0x3449, 0xefa8b3},
    {0x341a, 0xefa8b4},
    {0x3442, 0xefa8b5},
    {0x1de3, 0xefa8b6},
    {0x3436, 0xefa8b7},
    {0x3415, 0xefa8b8},
    {0x3448, 0xefa8b9},
    {0x344b, 0xefa8ba},
    {0x3431, 0xefa8bb},
    {0x41c5, 0xefa8bc},
    {0x340e, 0xefa8bd},
    {0x3410, 0xefa8be},
    {0x3433, 0xefa8bf},
    {0x3439, 0xefa980},
    {0x3445, 0xefa981},
    {0x3416, 0xefa982},
    {0x3428, 0xefa983},
    {0x343f, 0xefa984},
    {0x340f, 0xefa985},
    {0x1e14, 0xefa986},
    {0x3414, 0xefa987},
    {0x3423, 0xefa988},
    {0x3c26, 0xefa989},
    {0x1e34, 0xefa98a},
    {0x3443, 0xefa98b},
    {0x3424, 0xefa98c},
    {0x3421, 0xefa98d},
    {0x3417, 0xefa98e},
    {0x344f, 0xefa98f},
    {0x342f, 0xefa990},
    {0x3427, 0xefa991},
    {0x340d, 0xefa992},
    {0x343b, 0xefa993},
    {0x341f, 0xefa994},
    {0x343d, 0xefa995},
    {0x342e, 0xefa996},
    {0x3457, 0xefa997},
    {0x47be, 0xefa998},
    {0x3440, 0xefa999},
    {0x3429, 0xefa99a},
    {0x3777, 0xefa99d},
    {0x3776, 0xefa99e},
    {0x3437, 0xefa99f},
    {0x3413, 0xefa9a0},
    {0x3422, 0xefa9a1},
    {0x3409, 0xefa9a2},
    {0x341b, 0xefa9a3},
    {0x3444, 0xefa9a4},
    {0x3434, 0xefa9a5},
    {0x3c2b, 0xefa9a6},
    {0x3408, 0xefa9a7},
    {0x343e, 0xefa9a8},
    {0x3419, 0xefa9a9},
    {0x1e6c, 0xefa9aa},
    {0x35ac, 0xefa9ab},
    {0x37c9, 0xefa9ac},
    {0x357f, 0xefa9ad},
    {0x248e, 0xefac80},
    {0x204c, 0xefb890},
    {0x1ed9, 0xefb899},
    {0x1eda, 0xefb8b0},
    {0x1ed2, 0xefb8b3},
    {0x1ee3, 0xefb8bf},
    {0x1ee4, 0xefb980},
    {0x282, 0xefbc81},
    {0x1f47, 0xefbc82},
    {0x2cc, 0xefbc83},
    {0x2c8, 0xefbc84},
    {0x2cb, 0xefbc85},
    {0x2cd, 0xefbc86},
    {0x1f46, 0xefbc87},
    {0x2ce, 0xefbc8a},
    {0x2b4, 0xefbc8b},
    {0x27c, 0xefbc8c},
    {0x2b5, 0xefbc8d},
    {0x27d, 0xefbc8e},
    {0x297, 0xefbc8f},
    {0x2bb, 0xefbc9c},
    {0x2b9, 0xefbc9d},
    {0x2bc, 0xefbc9e},
    {0x281, 0xefbc9f},
    {0x2cf, 0xefbca0},
    {0x2a6, 0xefbcbb},
    {0x298, 0xefbcbc},
    {0x2a7, 0xefbcbd},
    {0x288, 0xefbcbe},
    {0x28a, 0xefbcbf},
    {0x286, 0xefbd80},
    {0x2a8, 0xefbd9b},
    {0x29b, 0xefbd9c},
    {0x2a9, 0xefbd9d},
    {0x299, 0xefbd9e},
    {0x2ef, 0xefbfa2},
    {0x289, 0xefbfa3},
    {0x1f45, 0xefbfa4},
    {0x2c7, 0xefbfa5},
    {0x143, 0xefbfa8},
    {0x2fed, 0xf09b84b2},
    {0x2fef, 0xf09b8595},
    {0x1f7d, 0xf09f8480},
    {0x2ae9, 0xf09f8882},
    {0x2b10, 0xf09f88b7},
    {0x2fd4, 0xf09f9e9c},
    {0x360f, 0xf0a0808b},
    {0x4351, 0xf0a08289},
    {0x371c, 0xf0a0828a},
    {0x4358, 0xf0a082a2},
    {0x435b, 0xf0a082a4},
    {0x3781, 0xf0a082b0},
    {0x4e59, 0xf0a083b5},
    {0x4e6b, 0xf0a08598},
    {0x3621, 0xf0a086a2},
    {0x436b, 0xf0a08893},
    {0x4382, 0xf0a08cab},
    {0x438b, 0xf0a08db1},
    {0x4389, 0xf0a08e81},
    {0x438f, 0xf0a08fb9},
    {0x4391, 0xf0a0918a},
    {0x4393, 0xf0a09489},
    {0x376c, 0xf0a094bf},
    {0x4e70, 0xf0a096b1},
    {0x439c, 0xf0a09796},
    {0x37d6, 0xf0a09891},
    {0x3719, 0xf0a098a8},
    {0x4e73, 0xf0a09bac},
    {0x43a0, 0xf0a09d8f},
    {0x4ea0, 0xf0a09f88},
    {0x43a7, 0xf0a0a087},
    {0x43a9, 0xf0a0a0ba},
    {0x43af, 0xf0a0a2b9},
    {0x34d3, 0xf0a0a48e},
    {0x43b3, 0xf0a0a5bc},
    {0x371d, 0xf0a0a684},
    {0x43b4, 0xf0a0a69d},
    {0x35bb, 0xf0a0a9a4},
    {0x43b9, 0xf0a0ab93},
    {0x43bc, 0xf0a0ac9d},
    {0x35eb, 0xf0a0ae9f},
    {0x358a, 0xf0a0aeb7},
    {0x43cf, 0xf0a0b585},
    {0x4e7a, 0xf0a0b598},
    {0x43dd, 0xf0a0b7a1},
    {0x43ec, 0xf0a0b9a4},
    {0x43e4, 0xf0a0b9ad},
    {0x43e3, 0xf0a0ba95},
    {0x43ef, 0xf0a0bd9f},
    {0x4406, 0xf0a18881},
    {0x3681, 0xf0a188bd},
    {0x4407, 0xf0a18995},
    {0x440d, 0xf0a189b4},
    {0x4409, 0xf0a189bb},
    {0x4415, 0xf0a18b97},
    {0x4414, 0xf0a18ba4},
    {0x441b, 0xf0a18bbd},
    {0x41b0, 0xf0a18c9b},
    {0x441d, 0xf0a18cb6},
    {0x441e, 0xf0a18d84},
    {0x4429, 0xf0a18f84},
    {0x4436, 0xf0a191ad},
    {0x41b5, 0xf0a191ae},
    {0x4440, 0xf0a19797},
    {0x4448, 0xf0a19987},
    {0x41c6, 0xf0a19ab4},
    {0x4454, 0xf0a19c86},
    {0x4455, 0xf0a19d82},
    {0x41c1, 0xf0a1a2bd},
    {0x4475, 0xf0a1a783},
    {0x1e91, 0xf0a1a89a},
    {0x4483, 0xf0a1b196},
    {0x4488, 0xf0a1b4ad},
    {0x4489, 0xf0a1b585},
    {0x448b, 0xf0a1b5a2},
    {0x448a, 0xf0a1b5b8},
    {0x4494, 0xf0a1b692},
    {0x4490, 0xf0a1b69c},
    {0x448f, 0xf0a1b6a1},
    {0x4497, 0xf0a1b6b7},
    {0x4499, 0xf0a1b7a0},
    {0x449a, 0xf0a1b8b3},
    {0x41cd, 0xf0a1b8b4},
    {0x44a7, 0xf0a1bc9e},
    {0x44ae, 0xf0a1bdb6},
    {0x44b1, 0xf0a1bfba},
    {0x44bf, 0xf0a285bb},
    {0x4aa1, 0xf0a28898},
    {0x44c5, 0xf0a28c9e},
    {0x44c8, 0xf0a28ead},
    {0x3c53, 0xf0a29889},
    {0x44e0, 0xf0a29bb3},
    {0x44ef, 0xf0a2a19b},
    {0x44f5, 0xf0a2a2ab},
    {0x44f9, 0xf0a2a68f},
    {0x4503, 0xf0a2aab8},
    {0x4510, 0xf0a2ad86},
    {0x4513, 0xf0a2aea6},
    {0x4512, 0xf0a2b09d},
    {0x4516, 0xf0a2b0a4},
    {0x452e, 0xf0a2b7a1},
    {0x4e9c, 0xf0a2b982},
    {0x4ea2, 0xf0a2bfab},
    {0x4550, 0xf0a386b6},
    {0x454e, 0xf0a38783},
    {0x41f8, 0xf0a38784},
    {0x454f, 0xf0a387b5},
    {0x4561, 0xf0a38db2},
    {0x373c, 0xf0a38f8c},
    {0x4568, 0xf0a38f90},
    {0x4564, 0xf0a38f92},
    {0x4563, 0xf0a38f93},
    {0x456a, 0xf0a38f95},
    {0x456c, 0xf0a38f9a},
    {0x456e, 0xf0a38f9f},
    {0x4569, 0xf0a38fa4},
    {0x3c3e, 0xf0a38fbe},
    {0x4576, 0xf0a3918a},
    {0x4578, 0xf0a3918b},
    {0x4577, 0xf0a39191},
    {0x457c, 0xf0a391a5},
    {0x4596, 0xf0a393a4},
    {0x4597, 0xf0a3959a},
    {0x45a3, 0xf0a39694},
    {0x4209, 0xf0a39784},
    {0x45b3, 0xf0a398b8},
    {0x45b1, 0xf0a398b9},
    {0x3c21, 0xf0a398ba},
    {0x45b2, 0xf0a39987},
    {0x45c7, 0xf0a39c8c},
    {0x45be, 0xf0a39c9c},
    {0x4212, 0xf0a39cbf},
    {0x4214, 0xf0a39da3},
    {0x45cb, 0xf0a39da4},
    {0x45d3, 0xf0a39fa7},
    {0x4eb8, 0xf0a39fb1},
    {0x45d2, 0xf0a39fbf},
    {0x45d8, 0xf0a3a0a4},
    {0x45dd, 0xf0a3a0bd},
    {0x45e9, 0xf0a3aa98},
    {0x45f6, 0xf0a3b1bf},
    {0x37d5, 0xf0a3b2be},
    {0x3650, 0xf0a3b3be},
    {0x4605, 0xf0a3b480},
    {0x47da, 0xf0a3b48e},
    {0x4616, 0xf0a3b580},
    {0x4619, 0xf0a3b793},
    {0x4618, 0xf0a3b7b9},
    {0x4617, 0xf0a3b7ba},
    {0x463f, 0xf0a3bdbe},
    {0x4ec8, 0xf0a4818b},
    {0x464e, 0xf0a48296},
    {0x4653, 0xf0a48483},
    {0x465f, 0xf0a48786},
    {0x4662, 0xf0a487be},
    {0x37ca, 0xf0a48bae},
    {0x4677, 0xf0a48ebc},
    {0x1e9e, 0xf0a48f90},
    {0x4681, 0xf0a498a9},
    {0x4687, 0xf0a49aa5},
    {0x424a, 0xf0a49fb1},
    {0x469d, 0xf0a4a296},
    {0x46b8, 0xf0a4a98d},
    {0x46c5, 0xf0a4ad96},
    {0x46c7, 0xf0a4adaf},
    {0x46cc, 0xf0a4b096},
    {0x36ab, 0xf0a4b494},
    {0x4e5a, 0xf0a4b884},
    {0x46ee, 0xf0a4b88e},
    {0x46f2, 0xf0a4b8b7},
    {0x46f7, 0xf0a4b9aa},
    {0x46fa, 0xf0a4ba8b},
    {0x4e5b, 0xf0a4bfb2},
    {0x4705, 0xf0a5818a},
    {0x4707, 0xf0a58195},
    {0x4709, 0xf0a584a2},
    {0x470e, 0xf0a586a9},
    {0x4711, 0xf0a5878d},
    {0x4710, 0xf0a587a5},
    {0x4713, 0xf0a5889e},
    {0x4715, 0xf0a5898c},
    {0x4721, 0xf0a590ae},
    {0x426d, 0xf0a5928e},
    {0x4729, 0xf0a59399},
    {0x4271, 0xf0a5948e},
    {0x4735, 0xf0a596a7},
    {0x36fb, 0xf0a599bf},
    {0x427a, 0xf0a59db1},
    {0x4748, 0xf0a59ea9},
    {0x4749, 0xf0a59eb4},
    {0x1df6, 0xf0a5a1b4},
    {0x4280, 0xf0a5a784},
    {0x4e90, 0xf0a5a78c},
    {0x475c, 0xf0a5a794},
    {0x3662, 0xf0a5ab97},
    {0x4765, 0xf0a5aba3},
    {0x4764, 0xf0a5aba4},
    {0x4766, 0xf0a5abb1},
    {0x4775, 0xf0a5aeb2},
    {0x477e, 0xf0a5b18b},
    {0x477f, 0xf0a5b1a4},
    {0x4289, 0xf0a5b6a1},
    {0x478e, 0xf0a5b8ae},
    {0x478f, 0xf0a5b996},
    {0x4792, 0xf0a5b9a2},
    {0x4790, 0xf0a5b9a5},
    {0x4797, 0xf0a5bb82},
    {0x4795, 0xf0a5bb98},
    {0x4799, 0xf0a5bba8},
    {0x479a, 0xf0a5bca3},
    {0x479c, 0xf0a5bd9c},
    {0x47a3, 0xf0a5bf94},
    {0x47a2, 0xf0a5bfa0},
    {0x47a9, 0xf0a5bfbb},
    {0x47a8, 0xf0a6808c},
    {0x47b0, 0xf0a68097},
    {0x47b3, 0xf0a681a0},
    {0x47bd, 0xf0a683ad},
    {0x357b, 0xf0a688a2},
    {0x376d, 0xf0a689aa},
    {0x47d1, 0xf0a689b0},
    {0x47d2, 0xf0a68a86},
    {0x4f57, 0xf0a68d8c},
    {0x47de, 0xf0a69082},
    {0x47f0, 0xf0a699be},
    {0x3714, 0xf0a69ab0},
    {0x47fe, 0xf0a69c9d},
    {0x480c, 0xf0a6a39d},
    {0x480e, 0xf0a6a3aa},
    {0x354e, 0xf0a6a591},
    {0x4812, 0xf0a6a5af},
    {0x3736, 0xf0a6a699},
    {0x4814, 0xf0a6a79d},
    {0x4817, 0xf0a6a89e},
    {0x481b, 0xf0a6a998},
    {0x481f, 0xf0a6aa8c},
    {0x4822, 0xf0a6aab7},
    {0x42a7, 0xf0a6abbf},
    {0x4446, 0xf0a6b0a9},
    {0x484a, 0xf0a6b1b3},
    {0x4eee, 0xf0a6b29e},
    {0x4853, 0xf0a6b39d},
    {0x42c1, 0xf0a6b980},
    {0x4860, 0xf0a6b9a5},
    {0x4870, 0xf0a6be94},
    {0x4879, 0xf0a6bfb8},
    {0x42cf, 0xf0a783b4},
    {0x488b, 0xf0a7848d},
    {0x488e, 0xf0a784b9},
    {0x48b3, 0xf0a78f9a},
    {0x48b2, 0xf0a78f9b},
    {0x48b9, 0xf0a78fbe},
    {0x48bc, 0xf0a79090},
    {0x48c0, 0xf0a79189},
    {0x48ce, 0xf0a79894},
    {0x48cd, 0xf0a79895},
    {0x48d0, 0xf0a798b1},
    {0x42dd, 0xf0a79a84},
    {0x48d5, 0xf0a79a93},
    {0x48da, 0xf0a79c8e},
    {0x48dc, 0xf0a79ca3},
    {0x48e0, 0xf0a79d92},
    {0x48f0, 0xf0a7a685},
    {0x4ea5, 0xf0a7a6b4},
    {0x48fc, 0xf0a7aa84},
    {0x490b, 0xf0a7aeb3},
    {0x490d, 0xf0a7aebe},
    {0x490e, 0xf0a7af87},
    {0x4efc, 0xf0a7b0bc},
    {0x4914, 0xf0a7b2b8},
    {0x4e5c, 0xf0a7b5b3},
    {0x491c, 0xf0a7b6a0},
    {0x491e, 0xf0a7b890},
    {0x364a, 0xf0a7beb7},
    {0x4927, 0xf0a8828a},
    {0x492d, 0xf0a882bb},
    {0x42f4, 0xf0a889b7},
    {0x4939, 0xf0a88a82},
    {0x493b, 0xf0a88bb3},
    {0x42fa, 0xf0a88f8d},
    {0x4942, 0xf0a8908c},
    {0x4945, 0xf0a89195},
    {0x4952, 0xf0a895ab},
    {0x4960, 0xf0a89b97},
    {0x4963, 0xf0a89bba},
    {0x497c, 0xf0a8a586},
    {0x497b, 0xf0a8a589},
    {0x4981, 0xf0a8a5ab},
    {0x37ad, 0xf0a8a687},
    {0x4988, 0xf0a8a688},
    {0x499b, 0xf0a8a89e},
    {0x499c, 0xf0a8a8a9},
    {0x49a0, 0xf0a8a983},
    {0x499f, 0xf0a8a9b1},
    {0x49a7, 0xf0a8aa99},
    {0x49a8, 0xf0a8ab8d},
    {0x49af, 0xf0a8ab9d},
    {0x49ae, 0xf0a8aba4},
    {0x49ba, 0xf0a8af81},
    {0x49bb, 0xf0a8afaf},
    {0x1dd9, 0xf0a8b39d},
    {0x49c2, 0xf0a8b490},
    {0x49c3, 0xf0a8b5b1},
    {0x49c5, 0xf0a8b7bb},
    {0x37b0, 0xf0a8b897},
    {0x49c6, 0xf0a8b89f},
    {0x49ca, 0xf0a8b8b6},
    {0x49cd, 0xf0a8ba89},
    {0x49cf, 0xf0a8bbab},
    {0x1df9, 0xf0a8bbb6},
    {0x49d1, 0xf0a8bcb2},
    {0x49d7, 0xf0a8bfb8},
    {0x49e5, 0xf0a98aa0},
    {0x49e6, 0xf0a98ab1},
    {0x49f7, 0xf0a99290},
    {0x4a00, 0xf0a9978f},
    {0x3619, 0xf0a999bf},
    {0x4a0f, 0xf0a99bb0},
    {0x4a12, 0xf0a99c99},
    {0x4a16, 0xf0a99d90},
    {0x4a27, 0xf0a9a386},
    {0x4a39, 0xf0a9a9b2},
    {0x3595, 0xf0a9b58b},
    {0x4a52, 0xf0a9b79b},
    {0x4a5c, 0xf0a9b895},
    {0x4f5b, 0xf0a9b8bd},
    {0x4a5e, 0xf0a9b989},
    {0x4a5d, 0xf0a9ba8a},
    {0x4a66, 0xf0a9bb84},
    {0x4a6e, 0xf0a9bb9b},
    {0x4a6b, 0xf0a9bba9},
    {0x4a7f, 0xf0a9bf8e},
    {0x4a7f, 0xf0a9bf97},
    {0x4a85, 0xf0aa809a},
    {0x4a83, 0xf0aa80af},
    {0x4a8c, 0xf0aa8282},
    {0x4a8b, 0xf0aa83b9},
    {0x434b, 0xf0aa8690},
    {0x4e68, 0xf0aa8ab2},
    {0x4aa5, 0xf0aa8e8c},
    {0x4aa7, 0xf0aa90b7},
    {0x4ab3, 0xf0aa97b1},
    {0x4ab5, 0xf0aa9882},
    {0x4f5c, 0xf0aa989a},
    {0x4ab9, 0xf0aa9ab2},
    {0x3741, 0xf0aaa7a6},
    {0x35d4, 0xf0ab9d86},
    {0x362a, 0xf0ab9d91},
    {0x4e78, 0xf0ab9d93},
    {0x4e80, 0xf0ab9d9a},
    {0x4e81, 0xf0ab9d9c},
    {0x4f17, 0xf0ab9da5},
    {0x4e92, 0xf0ab9db6},
    {0x35d6, 0xf0ab9db7},
    {0x4e9d, 0xf0ab9dbc},
    {0x4ead, 0xf0ab9e82},
    {0x36f0, 0xf0ab9e89},
    {0x4eb5, 0xf0ab9e8b},
    {0x359c, 0xf0ab9e8e},
    {0x4eb9, 0xf0ab9e94},
    {0x4ed0, 0xf0ab9eac},
    {0x4ed4, 0xf0ab9eaf},
    {0x375e, 0xf0ab9ebd},
    {0x4ee2, 0xf0ab9f89},
    {0x4ee9, 0xf0ab9f8f},
    {0x4eec, 0xf0ab9f92},
    {0x3553, 0xf0ab9f98},
    {0x4f10, 0xf0ab9fb0},
    {0x4f20, 0xf0aba08d},
    {0x4f24, 0xf0aba097},
    {0x37c6, 0xf0aba09a},
    {0x360a, 0xf0ad9584},
    {0x376b, 0xf0ae89b8},
    {0x3627, 0xf0ae95a9},
    {0x3792, 0xf0ae9baa},
    {0x3c1c, 0xf0afa084},
    {0x1e86, 0xf0afa08f},
    {0x4e5d, 0xf0afa095},
    {0x1e89, 0xf0afa098},
    {0x3682, 0xf0afa09a},
    {0x3574, 0xf0afa0a2},
    {0x35ef, 0xf0afa0a8},
    {0x371d, 0xf0afa0ac},
    {0x3597, 0xf0afa0b3},
    {0x35f7, 0xf0afa0bf},
    {0x4e5e, 0xf0afa186},
    {0x3611, 0xf0afa192},
    {0x36ae, 0xf0afa1a2},
    {0x3729, 0xf0afa1ad},
    {0x3608, 0xf0afa1b3},
    {0x1e4a, 0xf0afa1b7},
    {0x1e36, 0xf0afa284},
    {0x4e5f, 0xf0afa299},
    {0x3668, 0xf0afa29a},
    {0x4e60, 0xf0afa2a6},
    {0x35b6, 0xf0afa2ac},
    {0x362b, 0xf0afa2b2},
    {0x3731, 0xf0afa2b6},
    {0x1e88, 0xf0afa393},
    {0x373c, 0xf0afa39b},
    {0x1e0f, 0xf0afa39c},
    {0x37d3, 0xf0afa3a1},
    {0x4e61, 0xf0afa3a5},
    {0x356f, 0xf0afa3aa},
    {0x1df1, 0xf0afa3ad},
    {0x3558, 0xf0afa3bc},
    {0x35c8, 0xf0afa483},
    {0x35e9, 0xf0afa48b},
    {0x366c, 0xf0afa48f},
    {0x365c, 0xf0afa49a},
    {0x1e9f, 0xf0afa4a0},
    {0x35f1, 0xf0afa4a1},
    {0x342d, 0xf0afa585},
    {0x361e, 0xf0afa587},
    {0x3764, 0xf0afa5ac},
    {0x3566, 0xf0afa695},
    {0x36f4, 0xf0afa790},
    {0x4e62, 0xf0afa79e},
    {0x36f5, 0xf0afa79f},
    {0x3ba5, 0xf0afa7b4},
    {0x4aba, 0xf0b18d90},
};

static pdf_char_range_map_t char_range_map_UNIJIS_UTF8_H[] = {
    {0x20, 0x5b, 0x1},
    {0x5d, 0x7b, 0x3e},
    {0xc2a1, 0xc2a3, 0x65},
    {0xc2b2, 0xc2b3, 0x9d},
    {0xc2bc, 0xc2be, 0xa1},
    {0xc380, 0xc385, 0xa4},
    {0xc387, 0xc396, 0xaa},
    {0xc399, 0xc39e, 0xbb},
    {0xc3a0, 0xc3a5, 0xc1},
    {0xc3a7, 0xc3b6, 0xc7},
    {0xc3b9, 0xc3bf, 0xd8},
    {0xc7b8, 0xc7b9, 0x3d73},
    {0xc9a2, 0xc9a3, 0x3e0b},
    {0xcba0, 0xcba1, 0x3e1a},
    {0xcba5, 0xcba9, 0x3deb},
    {0xcc81, 0xcc82, 0x7f},
    {0xcc86, 0xcc88, 0x82},
    {0xcc98, 0xcc99, 0x3e02},
    {0xcc9d, 0xcc9e, 0x3e00},
    {0xcc9f, 0xcca0, 0x3df6},
    {0xccba, 0xccbb, 0x3e05},
    {0xce84, 0xce85, 0x4f5d},
    {0xce88, 0xce8a, 0x4fcc},
    {0xce91, 0xcea1, 0x3f3},
    {0xcea3, 0xcea9, 0x404},
    {0xceac, 0xceaf, 0x4fd4},
    {0xceb1, 0xcebf, 0x40b},
    {0xcf80, 0xcf81, 0x41a},
    {0xcf83, 0xcf89, 0x41c},
    {0xcf8c, 0xcf8d, 0x4fda},
    {0xd082, 0xd08c, 0x4fdf},
    {0xd08e, 0xd08f, 0x4fea},
    {0xd090, 0xd095, 0x423},
    {0xd096, 0xd0b5, 0x42a},
    {0xd0b6, 0xd0bf, 0x44b},
    {0xd180, 0xd18f, 0x455},
    {0xd192, 0xd19c, 0x4fec},
    {0xd19e, 0xd19f, 0x4ff7},
    {0xe1b8be, 0xe1b8bf, 0x3d71},
    {0xe280a0, 0xe280a1, 0x308},
    {0xe280b2, 0xe280b3, 0x2c4},
    {0xe280b9, 0xe280ba, 0x6e},
    {0xe28187, 0xe28188, 0x3f96},
    {0xe281b4, 0xe281b9, 0x24a2},
    {0xe28280, 0xe28289, 0x24a8},
    {0xe28593, 0xe28594, 0x249f},
    {0xe28596, 0xe2859a, 0x2639},
    {0xe2859b, 0xe2859e, 0x249b},
    {0xe285a0, 0xe285a9, 0x1d97},
    {0xe285aa, 0xe285ab, 0x2021},
    {0xe285b0, 0xe285b9, 0x1f9c},
    {0xe285ba, 0xe285bb, 0x206a},
    {0xe28690, 0xe28691, 0x2e1},
    {0xe28696, 0xe28697, 0x2fac},
    {0xe28698, 0xe28699, 0x2faa},
    {0xe28784, 0xe28785, 0x2076},
    {0xe288a5, 0xe288a6, 0x3c81},
    {0xe288a7, 0xe288a8, 0x2ed},
    {0xe288ab, 0xe288ac, 0x301},
    {0xe289a4, 0xe289a5, 0x4f91},
    {0xe289a6, 0xe289a7, 0x2bd},
    {0xe289aa, 0xe289ab, 0x2fb},
    {0xe289b2, 0xe289b3, 0x2f59},
    {0xe289b6, 0xe289b7, 0x3c95},
    {0xe28a82, 0xe28a83, 0x2e9},
    {0xe28a84, 0xe28a85, 0x3c70},
    {0xe28a86, 0xe28a87, 0x2e7},
    {0xe28a8a, 0xe28a8b, 0x3c72},
    {0xe28b9a, 0xe28b9b, 0x3d6d},
    {0xe28c85, 0xe28c86, 0x3c76},
    {0xe28ca9, 0xe28caa, 0x2aa},
    {0xe28e9d, 0xe28e9e, 0x2f70},
    {0xe28ea3, 0xe28ea4, 0x2f78},
    {0xe28ea7, 0xe28ea9, 0x1ff2},
    {0xe28eab, 0xe28ead, 0x1fee},
    {0xe28eb0, 0xe28eb1, 0x3fb8},
    {0xe28ebe, 0xe28ebf, 0x3f7d},
    {0xe28f80, 0xe28f8c, 0x3f7f},
    {0xe291a0, 0xe291b3, 0x1d83},
    {0xe291b4, 0xe291bf, 0x1f87},
    {0xe29280, 0xe29287, 0x1f93},
    {0xe29288, 0xe29290, 0x1f7e},
    {0xe29291, 0xe29292, 0x506b},
    {0xe2929c, 0xe292b5, 0x1fb0},
    {0xe292b6, 0xe292bf, 0x2863},
    {0xe29380, 0xe2938f, 0x286d},
    {0xe29390, 0xe293a9, 0x2849},
    {0xe293ab, 0xe293b4, 0x2913},
    {0xe293b5, 0xe293be, 0x3f5f},
    {0xe29480, 0xe294bf, 0x1d37},
    {0xe29580, 0xe2958b, 0x1d77},
    {0xe295ad, 0xe295ae, 0x2037},
    {0xe295b1, 0xe295b3, 0x2045},
    {0xe29681, 0xe29688, 0x2026},
    {0xe29694, 0xe29695, 0x2035},
    {0xe29790, 0xe29793, 0x3f92},
    {0xe297a2, 0xe297a3, 0x203f},
    {0xe29880, 0xe29883, 0x2017},
    {0xe29896, 0xe29897, 0x3f69},
    {0xe2989c, 0xe2989d, 0x201c},
    {0xe299a8, 0xe299a9, 0x2f42},
    {0xe299b2, 0xe299bd, 0x3fba},
    {0xe29db6, 0xe29dbe, 0x205e},
    {0xe2a4b4, 0xe2a4b5, 0x3f49},
    {0xe2a7ba, 0xe2a7bb, 0x3f4f},
    {0xe2ac85, 0xe2ac87, 0x200f},
    {0xe2ada3, 0xe2ada5, 0x2fb5},
    {0xe2ae82, 0xe2ae83, 0x2fb0},
    {0xe2ba8c, 0xe2ba8d, 0x3609},
    {0xe2baa1, 0xe2baa2, 0x3961},
    {0xe2babe, 0xe2babf, 0x3775},
    {0xe2bc94, 0xe2bc95, 0x10cd},
    {0xe2bca1, 0xe2bca2, 0x11ba},
    {0xe2bf91, 0xe2bf92, 0x1d21},
    {0xe2bf94, 0xe2bf95, 0x1d30},
    {0xe38080, 0xe38082, 0x279},
    {0xe38085, 0xe38087, 0x291},
    {0xe38088, 0xe38091, 0x2aa},
    {0xe38094, 0xe38095, 0x2a4},
    {0xe38096, 0xe38097, 0x3f45},
    {0xe38098, 0xe38099, 0x2f61},
    {0xe380b3, 0xe380b5, 0x2f4c},
    {0xe38181, 0xe381bf, 0x34a},
    {0xe38280, 0xe38293, 0x389},
    {0xe38294, 0xe38296, 0x1f16},
    {0xe38299, 0xe3829a, 0x3fc6},
    {0xe3829b, 0xe3829c, 0x283},
    {0xe3829d, 0xe3829e, 0x28d},
    {0xe382a1, 0xe382bf, 0x39d},
    {0xe38380, 0xe383b6, 0x3bc},
    {0xe383b7, 0xe383ba, 0x2079},
    {0xe383bd, 0xe383be, 0x28b},
    {0xe38690, 0xe3869f, 0x3f9b},
    {0xe387b0, 0xe387b9, 0x3f6c},
    {0xe387ba, 0xe387bf, 0x3f77},
    {0xe388a0, 0xe388a9, 0x278e},
    {0xe388aa, 0xe388af, 0x2006},
    {0xe388b1, 0xe388b2, 0x1dc2},
    {0xe38992, 0xe3899b, 0x1fa6},
    {0xe3899c, 0xe3899f, 0x2804},
    {0xe38a80, 0xe38a89, 0x28dd},
    {0xe38a8a, 0xe38a8f, 0x28e8},
    {0xe38aa0, 0xe38aa1, 0x28f6},
    {0xe38aa4, 0xe38aa8, 0x1dbd},
    {0xe38ab1, 0xe38abf, 0x2808},
    {0xe38b90, 0xe38bbe, 0x28ad},
    {0xe38c81, 0xe38c82, 0x2e62},
    {0xe38c8e, 0xe38c93, 0x2e71},
    {0xe38c9a, 0xe38c9d, 0x2e7c},
    {0xe38c9f, 0xe38ca1, 0x2e80},
    {0xe38ca8, 0xe38ca9, 0x2e88},
    {0xe38cae, 0xe38cb0, 0x2e8e},
    {0xe38cb4, 0xe38cb5, 0x2e94},
    {0xe38cbe, 0xe38cbf, 0x2ea0},
    {0xe38d83, 0xe38d86, 0x2ea3},
    {0xe38d8b, 0xe38d8c, 0x2ea8},
    {0xe38d8f, 0xe38d90, 0x2eaa},
    {0xe38d95, 0xe38d96, 0x2eb3},
    {0xe38e85, 0xe38e87, 0x1f5f},
    {0xe38e88, 0xe38e89, 0x2000},
    {0xe38e8e, 0xe38e8f, 0x1db4},
    {0xe38e9c, 0xe38e9e, 0x1db1},
    {0xe38ea4, 0xe38ea5, 0x1f56},
    {0xe38f97, 0xe38f98, 0x2e5d},
    {0xe3959d, 0xe3959e, 0x43bd},
    {0xe39da1, 0xe39da2, 0x4478},
    {0xe4b884, 0xe4b885, 0x37d8},
    {0xe4b8a3, 0xe4b8a4, 0x4ac5},
    {0xe4b8af, 0xe4b8b0, 0x37dc},
    {0xe4b980, 0xe4b981, 0x37de},
    {0xe4b9b4, 0xe4b9b5, 0x5257},
    {0xe4ba9e, 0xe4baa0, 0x100c},
    {0xe4baab, 0xe4baac, 0x697},
    {0xe4bd8b, 0xe4bd8c, 0x5268},
    {0xe4bdb7, 0xe4bdb8, 0x436c},
    {0xe4bdbd, 0xe4bdbe, 0x37f1},
    {0xe4bebb, 0xe4bebd, 0x5278},
    {0xe4bf80, 0xe4bf81, 0x527b},
    {0xe4bfa4, 0xe4bfa5, 0x1038},
    {0xe58080, 0xe58081, 0x37f7},
    {0xe580b2, 0xe580b3, 0x5289},
    {0xe58191, 0xe58192, 0x528e},
    {0xe58283, 0xe58284, 0x5296},
    {0xe58292, 0xe58293, 0x437e},
    {0xe5829f, 0xe582a1, 0x529c},
    {0xe582af, 0xe582b0, 0x529f},
    {0xe582ba, 0xe582bb, 0x4384},
    {0xe58389, 0xe5838a, 0x1058},
    {0xe5839c, 0xe5839d, 0x52a5},
    {0xe58481, 0xe58482, 0x1065},
    {0xe5848c, 0xe5848e, 0x4adf},
    {0xe5849c, 0xe5849d, 0x52ae},
    {0xe584a7, 0xe584a8, 0x52b1},
    {0xe584ac, 0xe584ad, 0x52b3},
    {0xe585a9, 0xe585aa, 0x1077},
    {0xe58695, 0xe58696, 0x1082},
    {0xe586a9, 0xe586ab, 0x1087},
    {0xe586b1, 0xe586b2, 0x108b},
    {0xe58793, 0xe58794, 0x4aeb},
    {0xe58881, 0xe58882, 0x3813},
    {0xe588b1, 0xe588b2, 0x4af3},
    {0xe5898b, 0xe5898c, 0x10a5},
    {0xe589b8, 0xe589b9, 0x4afa},
    {0xe58a95, 0xe58a97, 0x52ce},
    {0xe58aac, 0xe58aad, 0x10b7},
    {0xe58ab6, 0xe58ab8, 0x52d5},
    {0xe58aba, 0xe58abb, 0x43ab},
    {0xe58bb8, 0xe58bb9, 0x10c5},
    {0xe58c8a, 0xe58c8b, 0x381c},
    {0xe58ca7, 0xe58ca9, 0x52ea},
    {0xe58cab, 0xe58cac, 0x52ed},
    {0xe58e87, 0xe58e88, 0x52f5},
    {0xe58f84, 0xe58f85, 0x4b11},
    {0xe58f92, 0xe58f93, 0x52fd},
    {0xe590ac, 0xe590ad, 0x10f6},
    {0xe590b4, 0xe590b5, 0x4b17},
    {0xe591ad, 0xe591ae, 0x530d},
    {0xe593a5, 0xe593a6, 0x111a},
    {0xe59480, 0xe59481, 0x43d4},
    {0xe5948c, 0xe5948d, 0x5319},
    {0xe59596, 0xe59597, 0x112a},
    {0xe5959a, 0xe5959b, 0x5321},
    {0xe59797, 0xe59798, 0x5329},
    {0xe5988e, 0xe5988f, 0x383d},
    {0xe59891, 0xe59892, 0x4b39},
    {0xe59983, 0xe59984, 0x5333},
    {0xe599a1, 0xe599a3, 0x5336},
    {0xe599b1, 0xe599b2, 0x3847},
    {0xe59aac, 0xe59aad, 0x384b},
    {0xe59ba5, 0xe59ba7, 0x5342},
    {0xe59bb6, 0xe59bb7, 0x4404},
    {0xe59c81, 0xe59c82, 0x5345},
    {0xe59c9a, 0xe59c9b, 0x4b4d},
    {0xe59ca4, 0xe59ca5, 0x534a},
    {0xe59cb3, 0xe59cb4, 0x3855},
    {0xe59cb7, 0xe59cb8, 0x117b},
    {0xe59cbd, 0xe59cbe, 0x4b52},
    {0xe59d85, 0xe59d86, 0x440a},
    {0xe59db3, 0xe59db5, 0x4410},
    {0xe59e9d, 0xe59e9e, 0x4417},
    {0xe59f92, 0xe59f93, 0x1190},
    {0xe59fb5, 0xe59fb6, 0x385e},
    {0xe5a287, 0xe5a288, 0x536d},
    {0xe5a28a, 0xe5a28b, 0x442d},
    {0xe5a28f, 0xe5a290, 0x4430},
    {0xe5a2a0, 0xe5a2a2, 0x5371},
    {0xe5a3b3, 0xe5a3b4, 0x443a},
    {0xe5a3bb, 0xe5a3bd, 0x11b7},
    {0xe5a485, 0xe5a486, 0x443c},
    {0xe5a492, 0xe5a493, 0x537c},
    {0xe5a4ac, 0xe5a4ad, 0x11c0},
    {0xe5a4b5, 0xe5a4b6, 0x5383},
    {0xe5a5b5, 0xe5a5b6, 0x4449},
    {0xe5a799, 0xe5a79a, 0x11db},
    {0xe5a7a3, 0xe5a7a4, 0x3874},
    {0xe5a8b5, 0xe5a8b6, 0x11e6},
    {0xe5a984, 0xe5a985, 0x53a2},
    {0xe5aa9f, 0xe5aaa0, 0x445f},
    {0xe5abba, 0xe5abbb, 0x11f5},
    {0xe5ad9a, 0xe5ad9b, 0x1204},
    {0xe5adbe, 0xe5adbf, 0x3889},
    {0xe5ae90, 0xe5ae91, 0x53b8},
    {0xe5aea8, 0xe5aea9, 0x53bb},
    {0xe5aeb1, 0xe5aeb2, 0x53bf},
    {0xe5af99, 0xe5af9a, 0x53c6},
    {0xe5b087, 0xe5b088, 0x1221},
    {0xe5b0b8, 0xe5b0b9, 0x1228},
    {0xe5b1a7, 0xe5b1a8, 0x4485},
    {0xe5b1b4, 0xe5b1b5, 0x53d1},
    {0xe5b3b1, 0xe5b3b2, 0x53dc},
    {0xe5b59f, 0xe5b5a0, 0x53e4},
    {0xe5b5b9, 0xe5b5ba, 0x53e8},
    {0xe5b6b8, 0xe5b6b9, 0x20fe},
    {0xe5b894, 0xe5b895, 0x38a3},
    {0xe5b8b6, 0xe5b8b7, 0x1275},
    {0xe5b990, 0xe5b991, 0x53f8},
    {0xe5b9ab, 0xe5b9ac, 0x38a8},
    {0xe5b9ad, 0xe5b9ae, 0x44bd},
    {0xe5b9b5, 0xe5b9b6, 0x1281},
    {0xe5babe, 0xe5babf, 0x38ac},
    {0xe5bb81, 0xe5bb82, 0x1287},
    {0xe5bb94, 0xe5bb95, 0x4b98},
    {0xe5bb9a, 0xe5bb9b, 0x128f},
    {0xe5bba8, 0xe5bba9, 0x1293},
    {0xe5bc9c, 0xe5bc9d, 0x38b2},
    {0xe5bcab, 0xe5bcac, 0x5409},
    {0xe5bd96, 0xe5bd97, 0x12ac},
    {0xe5bdb4, 0xe5bdb5, 0x5412},
    {0xe5beb0, 0xe5beb1, 0x541a},
    {0xe5bf90, 0xe5bf91, 0x541d},
    {0xe5bf92, 0xe5bf94, 0x44d2},
    {0xe5bf98, 0xe5bf99, 0xe68},
    {0xe5bfae, 0xe5bfaf, 0x44d6},
    {0xe68196, 0xe68197, 0x542b},
    {0xe68296, 0xe68297, 0x12ec},
    {0xe68389, 0xe6838a, 0x543b},
    {0xe6838e, 0xe6838f, 0x543d},
    {0xe683b6, 0xe683b7, 0x12fe},
    {0xe6848d, 0xe6848e, 0x1307},
    {0xe68492, 0xe68494, 0x38d3},
    {0xe68598, 0xe6859a, 0x1317},
    {0xe68680, 0xe68681, 0x544f},
    {0xe68683, 0xe68684, 0x5451},
    {0xe68692, 0xe68693, 0x44f0},
    {0xe68780, 0xe68781, 0x5457},
    {0xe6878e, 0xe6878f, 0x5459},
    {0xe687ac, 0xe687ad, 0x545f},
    {0xe68888, 0xe68889, 0x1342},
    {0xe688b2, 0xe688b3, 0x134d},
    {0xe68a8d, 0xe68a8f, 0x546e},
    {0xe68a92, 0xe68a93, 0x135a},
    {0xe68ab6, 0xe68ab7, 0x5472},
    {0xe68abe, 0xe68abf, 0x5475},
    {0xe68cbb, 0xe68cbc, 0x450b},
    {0xe68d82, 0xe68d83, 0x38ea},
    {0xe68eae, 0xe68eaf, 0x4bc8},
    {0xe68f94, 0xe68f95, 0x4519},
    {0xe68fab, 0xe68fac, 0x451c},
    {0xe68fb8, 0xe68fb9, 0x4bcb},
    {0xe69298, 0xe69299, 0x4bd9},
    {0xe692be, 0xe692bf, 0x38fc},
    {0xe6938b, 0xe6938c, 0x452a},
    {0xe693a0, 0xe693a1, 0x13b0},
    {0xe693a9, 0xe693aa, 0x54a4},
    {0xe69488, 0xe6948a, 0x54a8},
    {0xe694b4, 0xe694b5, 0x13c2},
    {0xe694bc, 0xe694bd, 0x54af},
    {0xe69682, 0xe69683, 0x13d1},
    {0xe697a0, 0xe697a1, 0x13e0},
    {0xe697b4, 0xe697b5, 0x54bf},
    {0xe697be, 0xe697bf, 0x54c1},
    {0xe69891, 0xe69892, 0x54c4},
    {0xe698b5, 0xe698b6, 0x13e8},
    {0xe6999b, 0xe6999c, 0x390d},
    {0xe699a7, 0xe699a8, 0x13f3},
    {0xe699ac, 0xe699ad, 0x4552},
    {0xe699b7, 0xe699b8, 0x41f9},
    {0xe69a8b, 0xe69a8c, 0x4bed},
    {0xe69a9a, 0xe69a9c, 0x54d6},
    {0xe69b82, 0xe69b83, 0x54db},
    {0xe69ca6, 0xe69ca7, 0x1412},
    {0xe69da3, 0xe69da4, 0x141f},
    {0xe69ebc, 0xe69ebd, 0x54ee},
    {0xe6a0b0, 0xe6a0b1, 0x3923},
    {0xe6a1af, 0xe6a1b1, 0x54ff},
    {0xe6a298, 0xe6a29a, 0x458d},
    {0xe6a2aa, 0xe6a2ab, 0x4591},
    {0xe6a39c, 0xe6a39d, 0x550a},
    {0xe6a3a4, 0xe6a3a5, 0x459c},
    {0xe6a3b0, 0xe6a3b1, 0x3930},
    {0xe6a5b0, 0xe6a5b1, 0x5517},
    {0xe6a796, 0xe6a797, 0x393f},
    {0xe6a7ae, 0xe6a7af, 0x45b5},
    {0xe6a8b2, 0xe6a8b3, 0x45bf},
    {0xe6a990, 0xe6a991, 0x3948},
    {0xe6aa86, 0xe6aa87, 0x5528},
    {0xe6aa9d, 0xe6aa9f, 0x394f},
    {0xe6aaa2, 0xe6aaa3, 0x14be},
    {0xe6aab0, 0xe6aab1, 0x552b},
    {0xe6aabe, 0xe6aabf, 0x552e},
    {0xe6ab88, 0xe6ab89, 0x4c0f},
    {0xe6ab95, 0xe6ab96, 0x5531},
    {0xe6abb1, 0xe6abb3, 0x45d4},
    {0xe6ac86, 0xe6ac87, 0x5536},
    {0xe6ac8f, 0xe6ac91, 0x45da},
    {0xe6adb8, 0xe6adb9, 0x14e4},
    {0xe6adbd, 0xe6adbe, 0x4c14},
    {0xe6ae9f, 0xe6aea0, 0x5544},
    {0xe6aea2, 0xe6aea3, 0x5546},
    {0xe6aeaa, 0xe6aeab, 0x14ef},
    {0xe6aeb8, 0xe6aeb9, 0x554a},
    {0xe6af83, 0xe6af84, 0x554c},
    {0xe6af87, 0xe6af89, 0x45eb},
    {0xe6afa6, 0xe6afa7, 0x45ef},
    {0xe6b093, 0xe6b094, 0x1501},
    {0xe6b0a6, 0xe6b0a8, 0x5552},
    {0xe6b3ab, 0xe6b3ac, 0x396d},
    {0xe6b4a6, 0xe6b4a7, 0x4608},
    {0xe6b680, 0xe6b681, 0x4610},
    {0xe6b988, 0xe6b989, 0x4627},
    {0xe6b98b, 0xe6b98c, 0x4629},
    {0xe6b993, 0xe6b994, 0x462c},
    {0xe6baad, 0xe6baae, 0x557f},
    {0xe6bb94, 0xe6bb95, 0x156a},
    {0xe6bb9a, 0xe6bb9b, 0x4c2e},
    {0xe6bbad, 0xe6bbae, 0x5587},
    {0xe6bea7, 0xe6bea8, 0x3990},
    {0xe6bf88, 0xe6bf89, 0x464b},
    {0xe7819d, 0xe7819e, 0x399a},
    {0xe78393, 0xe78394, 0x39a2},
    {0xe78395, 0xe78396, 0x4c3c},
    {0xe78586, 0xe78587, 0x215c},
    {0xe786ae, 0xe786af, 0x4675},
    {0xe78888, 0xe78889, 0x55b8},
    {0xe788bb, 0xe788bc, 0x15e4},
    {0xe7898f, 0xe78990, 0x4c44},
    {0xe78995, 0xe78996, 0x39b8},
    {0xe789ae, 0xe789af, 0x4682},
    {0xe789bb, 0xe789bc, 0x55c3},
    {0xe78b95, 0xe78b96, 0x55c8},
    {0xe78ba0, 0xe78ba1, 0x15fc},
    {0xe78c84, 0xe78c85, 0x39c0},
    {0xe78c98, 0xe78c99, 0x4693},
    {0xe78cb6, 0xe78cb7, 0xf1b},
    {0xe78cba, 0xe78cbb, 0x4c52},
    {0xe78d8e, 0xe78d8f, 0x160b},
    {0xe78d9d, 0xe78da0, 0x55d2},
    {0xe78dae, 0xe78daf, 0x469e},
    {0xe78e85, 0xe78e86, 0x39c8},
    {0xe78e9e, 0xe78ea0, 0x39cb},
    {0xe7909a, 0xe7909b, 0x39da},
    {0xe790af, 0xe790b1, 0x39df},
    {0xe791a7, 0xe791a8, 0x55ea},
    {0xe79285, 0xe79287, 0x39ed},
    {0xe792b1, 0xe792b2, 0x55f1},
    {0xe793b0, 0xe793b1, 0x163e},
    {0xe794bd, 0xe794be, 0x46cd},
    {0xe795bb, 0xe795bc, 0x5607},
    {0xe795bd, 0xe795be, 0x46d6},
    {0xe79686, 0xe79687, 0x165c},
    {0xe79692, 0xe79693, 0x3a00},
    {0xe7979f, 0xe797a0, 0x46e4},
    {0xe797b2, 0xe797b3, 0x167b},
    {0xe797be, 0xe797bf, 0x1675},
    {0xe79895, 0xe79896, 0x3a07},
    {0xe7989b, 0xe7989c, 0x46f0},
    {0xe798a0, 0xe798a2, 0x1682},
    {0xe798b9, 0xe798ba, 0x5610},
    {0xe79987, 0xe79988, 0x1689},
    {0xe799a1, 0xe799a2, 0x168e},
    {0xe799a8, 0xe799aa, 0x1690},
    {0xe79a8c, 0xe79a8d, 0x5616},
    {0xe79a99, 0xe79a9a, 0x16a1},
    {0xe79aa2, 0xe79aa3, 0x5619},
    {0xe79aa4, 0xe79aa5, 0x3a14},
    {0xe79aa7, 0xe79aa8, 0x4702},
    {0xe79ab8, 0xe79aba, 0x16a5},
    {0xe79c94, 0xe79c95, 0x5622},
    {0xe79ca5, 0xe79ca6, 0x16b9},
    {0xe79cb7, 0xe79cb8, 0x16bc},
    {0xe79d8d, 0xe79d8e, 0x4267},
    {0xe79d96, 0xe79d97, 0x5629},
    {0xe79d9f, 0xe79da0, 0x3a1d},
    {0xe79db3, 0xe79db4, 0x562c},
    {0xe79e8c, 0xe79e8d, 0x4c87},
    {0xe79ebc, 0xe79ebd, 0x16d0},
    {0xe79f9e, 0xe79f9f, 0x471b},
    {0xe7a0ad, 0xe7a0ae, 0x3a28},
    {0xe7a1a0, 0xe7a1a1, 0x5640},
    {0xe7a3a0, 0xe7a3a1, 0x3a32},
    {0xe7a3b9, 0xe7a3ba, 0x4732},
    {0xe7a4a7, 0xe7a4a8, 0x4c9d},
    {0xe7a59b, 0xe7a59c, 0x3a3c},
    {0xe7a6b9, 0xe7a6ba, 0x170e},
    {0xe7a78c, 0xe7a78d, 0x4744},
    {0xe7a898, 0xe7a899, 0x1718},
    {0xe7a8b4, 0xe7a8b5, 0x5673},
    {0xe7a9a1, 0xe7a9a2, 0x1724},
    {0xe7aabb, 0xe7aabc, 0x3a54},
    {0xe7ab99, 0xe7ab9a, 0x173e},
    {0xe7aba1, 0xe7aba2, 0x1741},
    {0xe7ac98, 0xe7ac99, 0x174b},
    {0xe7acae, 0xe7acaf, 0x4769},
    {0xe7adb0, 0xe7adb1, 0x175c},
    {0xe7aeba, 0xe7aebb, 0x5691},
    {0xe7afb4, 0xe7afb5, 0x5697},
    {0xe7afb9, 0xe7afba, 0x5699},
    {0xe7b0b9, 0xe7b0ba, 0x56a4},
    {0xe7b192, 0xe7b193, 0x4cc0},
    {0xe7b19b, 0xe7b19d, 0x4cc2},
    {0xe7b2b6, 0xe7b2b7, 0x4793},
    {0xe7b388, 0xe7b389, 0x3a72},
    {0xe7b487, 0xe7b489, 0x3a78},
    {0xe7b4bd, 0xe7b4be, 0x47a4},
    {0xe7b68b, 0xe7b68c, 0x3a84},
    {0xe7b783, 0xe7b786, 0x56c0},
    {0xe7b78d, 0xe7b78e, 0x56c4},
    {0xe7b7b5, 0xe7b7b6, 0x4cd8},
    {0xe7b999, 0xe7b99a, 0x17f5},
    {0xe7ba86, 0xe7ba87, 0x47c7},
    {0xe7ba88, 0xe7ba89, 0x1801},
    {0xe7ba93, 0xe7ba94, 0x1806},
    {0xe7ba9b, 0xe7ba9c, 0x180a},
    {0xe7ba9d, 0xe7ba9e, 0x56d5},
    {0xe7bd8c, 0xe7bd8e, 0x180f},
    {0xe7bd90, 0xe7bd91, 0x1812},
    {0xe7bd92, 0xe7bd93, 0x3a97},
    {0xe7bd9f, 0xe7bda0, 0x1817},
    {0xe7bda3, 0xe7bda4, 0x47d3},
    {0xe7bda8, 0xe7bda9, 0x1819},
    {0xe7bdbd, 0xe7bdbe, 0x47d6},
    {0xe7bf85, 0xe7bf86, 0x182f},
    {0xe7bfae, 0xe7bfaf, 0x3aa0},
    {0xe7bfbd, 0xe7bfbf, 0x4ce9},
    {0xe88098, 0xe88099, 0x183e},
    {0xe8809f, 0xe880a0, 0x56e7},
    {0xe88397, 0xe88398, 0x3ab0},
    {0xe885a5, 0xe885a6, 0x1874},
    {0xe885a7, 0xe885a8, 0x429e},
    {0xe8879d, 0xe8879e, 0x4d05},
    {0xe8879f, 0xe887a0, 0x1892},
    {0xe887b0, 0xe887b2, 0x570a},
    {0xe887ba, 0xe887bb, 0x1895},
    {0xe88881, 0xe88882, 0x1898},
    {0xe88893, 0xe88894, 0x4d0c},
    {0xe889aa, 0xe889ab, 0x18ad},
    {0xe889b7, 0xe889b8, 0x18b1},
    {0xe88a80, 0xe88a81, 0x5719},
    {0xe88a9a, 0xe88a9b, 0x571f},
    {0xe88aa3, 0xe88aa4, 0x42a9},
    {0xe88aa7, 0xe88aa8, 0x4829},
    {0xe88c87, 0xe88c88, 0x4832},
    {0xe88c8a, 0xe88c8b, 0x5726},
    {0xe88c97, 0xe88c98, 0x18d5},
    {0xe88c9e, 0xe88c9f, 0x5728},
    {0xe88d8d, 0xe88d8e, 0x5731},
    {0xe88e94, 0xe88e95, 0x483f},
    {0xe89191, 0xe89192, 0x484e},
    {0xe89199, 0xe8919a, 0x4850},
    {0xe892a9, 0xe892aa, 0x574e},
    {0xe89387, 0xe89388, 0x5750},
    {0xe8938e, 0xe8938f, 0x485d},
    {0xe89482, 0xe89483, 0x5755},
    {0xe89497, 0xe89498, 0x191d},
    {0xe894a4, 0xe894a5, 0x4867},
    {0xe8959f, 0xe895a0, 0x5765},
    {0xe895a1, 0xe895a2, 0x486e},
    {0xe896bd, 0xe896bf, 0x5770},
    {0xe89798, 0xe89799, 0x487f},
    {0xe89884, 0xe89885, 0x42cc},
    {0xe8988d, 0xe8988e, 0x5779},
    {0xe89998, 0xe89999, 0x5780},
    {0xe899a0, 0xe899a1, 0x5783},
    {0xe89a8b, 0xe89a8c, 0x1959},
    {0xe89a9c, 0xe89a9d, 0x4895},
    {0xe89aa7, 0xe89aa8, 0x3aef},
    {0xe89aa9, 0xe89aaa, 0x1957},
    {0xe89ab4, 0xe89ab5, 0x578d},
    {0xe89cbc, 0xe89cbd, 0x579e},
    {0xe89da4, 0xe89da5, 0x48ae},
    {0xe89e83, 0xe89e86, 0x57a4},
    {0xe89e97, 0xe89e98, 0x4d34},
    {0xe89eac, 0xe89ead, 0x3afc},
    {0xe89fa5, 0xe89fa6, 0x48c2},
    {0xe89fb6, 0xe89fb7, 0x199f},
    {0xe8a188, 0xe8a189, 0x57c1},
    {0xe8a29a, 0xe8a29c, 0x4d46},
    {0xe8a2bd, 0xe8a2be, 0x3b0d},
    {0xe8a383, 0xe8a384, 0x19c6},
    {0xe8a38b, 0xe8a38c, 0x57ce},
    {0xe8a398, 0xe8a399, 0x19c9},
    {0xe8a3b0, 0xe8a3b1, 0x3b12},
    {0xe8a48e, 0xe8a48f, 0x4d4c},
    {0xe8a495, 0xe8a496, 0x57d4},
    {0xe8a498, 0xe8a49a, 0x3b15},
    {0xe8a4aa, 0xe8a4ab, 0x19d9},
    {0xe8a69b, 0xe8a69c, 0x57e8},
    {0xe8a79c, 0xe8a79d, 0x19fc},
    {0xe8a884, 0xe8a885, 0x57f1},
    {0xe8a8ab, 0xe8a8ac, 0x57f7},
    {0xe8a9b6, 0xe8a9b7, 0x5801},
    {0xe8a9ba, 0xe8a9bb, 0x5803},
    {0xe8aaa5, 0xe8aaa6, 0x1a18},
    {0xe8ab93, 0xe8ab95, 0x5815},
    {0xe8ad83, 0xe8ad84, 0x3b29},
    {0xe8ae92, 0xe8ae93, 0x1a4a},
    {0xe8ae94, 0xe8ae95, 0x4908},
    {0xe8ae99, 0xe8ae9a, 0x1a4d},
    {0xe8b1a3, 0xe8b1a4, 0x582d},
    {0xe8b1b5, 0xe8b1b6, 0x5830},
    {0xe8b286, 0xe8b287, 0x5833},
    {0xe8b28d, 0xe8b28e, 0x1a5f},
    {0xe8b2b2, 0xe8b2b3, 0x1a68},
    {0xe8b3ba, 0xe8b3bb, 0x1a72},
    {0xe8b484, 0xe8b485, 0x1a74},
    {0xe8b7aa, 0xe8b7ab, 0x1a8f},
    {0xe8b7b1, 0xe8b7b2, 0x4d85},
    {0xe8b884, 0xe8b885, 0x5856},
    {0xe8b888, 0xe8b889, 0x1a94},
    {0xe8b89d, 0xe8b89e, 0x1a97},
    {0xe8b8a1, 0xe8b8a2, 0x492a},
    {0xe8b8b7, 0xe8b8b8, 0x585a},
    {0xe8b980, 0xe8b981, 0x4d8c},
    {0xe8b99d, 0xe8b99e, 0x585e},
    {0xe8ba82, 0xe8ba83, 0x5861},
    {0xe8bb83, 0xe8bb84, 0x5868},
    {0xe8bc8f, 0xe8bc90, 0x5871},
    {0xe8bca0, 0xe8bca1, 0x5874},
    {0xe8bd92, 0xe8bd93, 0x587d},
    {0xe8bd9d, 0xe8bd9e, 0x587f},
    {0xe8bda2, 0xe8bda4, 0x1adf},
    {0xe8bea0, 0xe8bea2, 0x4daa},
    {0xe8beb5, 0xe8beb6, 0x3b4f},
    {0xe8bfb9, 0xe8bfba, 0x1af0},
    {0xe980a8, 0xe980aa, 0x588c},
    {0xe980b3, 0xe980b4, 0x588f},
    {0xe9818f, 0xe98192, 0x1afe},
    {0xe98384, 0xe98385, 0x4302},
    {0xe98398, 0xe98399, 0x5899},
    {0xe983be, 0xe983bf, 0x4968},
    {0xe984a2, 0xe984a3, 0x4308},
    {0xe98586, 0xe98587, 0x4970},
    {0xe98693, 0xe98694, 0x58ad},
    {0xe986ad, 0xe986ae, 0x3b6d},
    {0xe98780, 0xe98781, 0x1b33},
    {0xe98783, 0xe98784, 0x4979},
    {0xe98793, 0xe98794, 0x58b3},
    {0xe987a4, 0xe987a5, 0x21c4},
    {0xe987a9, 0xe987aa, 0x58b6},
    {0xe987ad, 0xe987ae, 0x21c2},
    {0xe987b5, 0xe987b6, 0x1b3d},
    {0xe98884, 0xe98885, 0x58bb},
    {0xe98892, 0xe98893, 0x58be},
    {0xe98896, 0xe98897, 0x497f},
    {0xe9889c, 0xe9889d, 0x58c1},
    {0xe988a4, 0xe988a6, 0x58c3},
    {0xe988ae, 0xe988b0, 0x58c6},
    {0xe988b5, 0xe988b6, 0x58c9},
    {0xe9899c, 0xe9899d, 0x58cf},
    {0xe989ae, 0xe989b0, 0x58d2},
    {0xe989b7, 0xe989b8, 0x21d2},
    {0xe989bc, 0xe989bd, 0x4989},
    {0xe98aa4, 0xe98aa5, 0x58db},
    {0xe98abb, 0xe98abc, 0x4dd0},
    {0xe98b8b, 0xe98b8c, 0x3b7d},
    {0xe98b9c, 0xe98b9d, 0x58e5},
    {0xe98da4, 0xe98da5, 0x430f},
    {0xe98e80, 0xe98e81, 0x58fe},
    {0xe98eac, 0xe98ead, 0x1b69},
    {0xe98eb4, 0xe98eb6, 0x5908},
    {0xe98f84, 0xe98f85, 0x590b},
    {0xe98f96, 0xe98f97, 0x1b6d},
    {0xe9908d, 0xe9908e, 0x4de2},
    {0xe99096, 0xe99097, 0x49b5},
    {0xe9968c, 0xe9968d, 0x49c0},
    {0xe99698, 0xe99699, 0x1b99},
    {0xe9969d, 0xe9969e, 0x5924},
    {0xe99791, 0xe99792, 0x4deb},
    {0xe998a5, 0xe998a6, 0x592c},
    {0xe998ae, 0xe998af, 0x1bb1},
    {0xe998b3, 0xe998b4, 0x49c8},
    {0xe998b9, 0xe998ba, 0x592f},
    {0xe99996, 0xe99997, 0x5932},
    {0xe99ab1, 0xe99ab2, 0x1bc5},
    {0xe99ab8, 0xe99ab9, 0x1bca},
    {0xe99ca1, 0xe99ca2, 0x4dff},
    {0xe99cbd, 0xe99cbe, 0x1be2},
    {0xe99db7, 0xe99db8, 0x5944},
    {0xe99e8f, 0xe99e90, 0x1bf8},
    {0xe99eb1, 0xe99eb2, 0x49e9},
    {0xe99eb3, 0xe99eb4, 0x1bfe},
    {0xe99eb5, 0xe99eb6, 0x3bb1},
    {0xe99f84, 0xe99f85, 0x594d},
    {0xe99fb7, 0xe99fb8, 0x5956},
    {0xe9a0b2, 0xe9a0b3, 0x49f8},
    {0xe9a18d, 0xe9a18e, 0x5b9},
    {0xe9a192, 0xe9a193, 0x3bbc},
    {0xe9a1a2, 0xe9a1a3, 0x4e11},
    {0xe9a1af, 0xe9a1b1, 0x1c16},
    {0xe9a2bb, 0xe9a2bc, 0x4a02},
    {0xe9a3b0, 0xe9a3b1, 0x4a0a},
    {0xe9a496, 0xe9a497, 0x4a10},
    {0xe9a49a, 0xe9a49c, 0x4a13},
    {0xe9a49d, 0xe9a49e, 0x1c2a},
    {0xe9a4b2, 0xe9a4b3, 0x3bc5},
    {0xe9a4ba, 0xe9a4bc, 0x4a18},
    {0xe9a4bd, 0xe9a4be, 0x1c30},
    {0xe9a591, 0xe9a592, 0x1c37},
    {0xe9a697, 0xe9a698, 0x1c3b},
    {0xe9a6ad, 0xe9a6ae, 0x1c3e},
    {0xe9a6b9, 0xe9a6ba, 0x3bcc},
    {0xe9a7aa, 0xe9a7ac, 0x597a},
    {0xe9a7ad, 0xe9a7ae, 0x1c46},
    {0xe9a7b1, 0xe9a7b2, 0x1c48},
    {0xe9a7b4, 0xe9a7b5, 0x597d},
    {0xe9a7bd, 0xe9a7be, 0x597f},
    {0xe9a8ad, 0xe9a8ae, 0x3bd3},
    {0xe9aab5, 0xe9aab6, 0x3bd9},
    {0xe9aabd, 0xe9aabe, 0x4e22},
    {0xe9ab93, 0xe9ab94, 0x1c69},
    {0xe9ab9e, 0xe9ab9f, 0x1c6b},
    {0xe9aba2, 0xe9aba3, 0x1c6d},
    {0xe9abb2, 0xe9abb3, 0x5999},
    {0xe9ac84, 0xe9ac85, 0x59a0},
    {0xe9ac8d, 0xe9ac8e, 0x4e27},
    {0xe9aca2, 0xe9aca3, 0x1c7b},
    {0xe9aca7, 0xe9acaa, 0x1c7e},
    {0xe9acae, 0xe9acaf, 0x1c82},
    {0xe9acb3, 0xe9acb4, 0x3bde},
    {0xe9acb9, 0xe9acba, 0x59a6},
    {0xe9ad8d, 0xe9ad8e, 0x1c88},
    {0xe9ad96, 0xe9ad97, 0x59a9},
    {0xe9adab, 0xe9adac, 0x4a4c},
    {0xe9adad, 0xe9adae, 0x59ae},
    {0xe9adb6, 0xe9adb7, 0x4a4e},
    {0xe9ae96, 0xe9ae97, 0x1c90},
    {0xe9ae9f, 0xe9aea0, 0x1c92},
    {0xe9af91, 0xe9af92, 0x1c9b},
    {0xe9b098, 0xe9b09a, 0x4a60},
    {0xe9b189, 0xe9b18a, 0x4a6c},
    {0xe9b18f, 0xe9b190, 0x433f},
    {0xe9b1a9, 0xe9b1ab, 0x4a74},
    {0xe9b1ad, 0xe9b1ae, 0x4a77},
    {0xe9b497, 0xe9b498, 0x4a81},
    {0xe9b49d, 0xe9b49e, 0x4342},
    {0xe9b4b3, 0xe9b4b4, 0x59cc},
    {0xe9b593, 0xe9b594, 0x59d1},
    {0xe9b59d, 0xe9b59e, 0x1cd4},
    {0xe9b5b6, 0xe9b5b7, 0x4a8e},
    {0xe9b692, 0xe9b693, 0x59d7},
    {0xe9b697, 0xe9b698, 0x59da},
    {0xe9b794, 0xe9b795, 0x59e0},
    {0xe9b890, 0xe9b892, 0x59e7},
    {0xe9b89a, 0xe9b89b, 0x1cf3},
    {0xe9ba82, 0xe9ba84, 0x4e45},
    {0xe9ba8b, 0xe9ba8c, 0x1cfb},
    {0xe9ba8e, 0xe9ba8f, 0x59ec},
    {0xe9bb8e, 0xe9bb90, 0x1d08},
    {0xe9bbac, 0xe9bbad, 0x59f6},
    {0xe9bbb6, 0xe9bbb7, 0x1d14},
    {0xe9bbbb, 0xe9bbbd, 0x1d17},
    {0xe9bc87, 0xe9bc88, 0x1d1a},
    {0xe9bcaa, 0xe9bcab, 0x4e52},
    {0xe9bcb1, 0xe9bcb2, 0x59ff},
    {0xe9bd83, 0xe9bd84, 0x5a03},
    {0xe9bd9f, 0xe9bda1, 0x1d25},
    {0xe9bda6, 0xe9bda7, 0x1d28},
    {0xe9be91, 0xe9be92, 0x5a0d},
    {0xe9bf80, 0xe9bf82, 0x4e65},
    {0xefa1a0, 0xefa1a2, 0x3c54},
    {0xefa692, 0xefa693, 0x1e81},
    {0xefa898, 0xefa89a, 0x2183},
    {0xefa8a0, 0xefa8a1, 0x21a4},
    {0xefa8aa, 0xefa8ab, 0x21fb},
    {0xefa99b, 0xefa99c, 0x3425},
    {0xefac81, 0xefac82, 0x70},
    {0xefac83, 0xefac84, 0x248f},
    {0xefb891, 0xefb892, 0x1ecf},
    {0xefb897, 0xefb898, 0x3fc9},
    {0xefb8b1, 0xefb8b2, 0x1ed4},
    {0xefb8b5, 0xefb8b6, 0x1edb},
    {0xefb8b7, 0xefb8b8, 0x1ee1},
    {0xefb8b9, 0xefb8ba, 0x1edd},
    {0xefb8bb, 0xefb8bc, 0x1eeb},
    {0xefb8bd, 0xefb8be, 0x1ee5},
    {0xefb981, 0xefb984, 0x1ee7},
    {0xefb985, 0xefb986, 0x315f},
    {0xefb987, 0xefb988, 0x1edf},
    {0xefbc88, 0xefbc89, 0x2a2},
    {0xefbc90, 0xefbc99, 0x30c},
    {0xefbc9a, 0xefbc9b, 0x27f},
    {0xefbca1, 0xefbcba, 0x316},
    {0xefbd81, 0xefbd9a, 0x330},
    {0xefbd9f, 0xefbda0, 0x2f63},
    {0xefbda1, 0xefbdbf, 0x147},
    {0xefbe80, 0xefbe9f, 0x166},
    {0xefbfa0, 0xefbfa1, 0x2c9},
    {0xf09f8490, 0xf09f84a9, 0x2714},
    {0xf09f84b0, 0xf09f84bf, 0x2a95},
    {0xf09f8580, 0xf09f8589, 0x2aa5},
    {0xf09f8590, 0xf09f85a9, 0x2987},
    {0xf09f85b0, 0xf09f85bf, 0x2dc1},
    {0xf09f8680, 0xf09f8689, 0x2dd1},
    {0xf0a2ad8f, 0xf0a2ad90, 0x4507},
    {0xf0a6bfb6, 0xf0a6bfb7, 0x487a},
    {0xf0a89788, 0xf0a89789, 0x4955},
    {0xf0a8a6ba, 0xf0a8a6bb, 0x4992},
};

pdf_cmap_t cmap_UNIJIS_UTF8_H = {
    "UniJIS-UTF8-H",    //name
    true,        //worldwide
    13241,      //unicode_map_len
    unicode_map_UNIJIS_UTF8_H,      //unicode_map
    767,   //char_range_map_len
    char_range_map_UNIJIS_UTF8_H,   //char_range_map
    1,       //not_def_range_len
    not_def_range_UNIJIS_UTF8_H,       //not_def_range
    4,    //code_range_map_len
    code_range_map_UNIJIS_UTF8_H,    //code_range_map
     NULL//next
};

