#include "../pdf-private.h"

static pdf_code_range_map_t code_range_map_UNIKS_UTF8_H[] = {
    {1, 0x00, 0x7f},
    {2, 0xc080, 0xdfbf},
    {3, 0xe08080, 0xefbfbf},
    {4, 0xf0808080, 0xf7bfbfbf},
};

static pdf_char_range_map_t not_def_range_UNIKS_UTF8_H[] = {
    {0x00, 0x1f, 0x1},
};

static pdf_unicode_map_t unicode_map_UNIKS_UTF8_H[] = {
    {0x1, 0xc2a0},
    {0xd0, 0xc2a1},
    {0xd6, 0xc2a4},
    {0x9b, 0xc2a7},
    {0x6b, 0xc2a8},
    {0x62, 0xc2a9},
    {0x29c, 0xc2aa},
    {0xb0, 0xc2ab},
    {0x8a, 0xc2b0},
    {0x82, 0xc2b1},
    {0xc7, 0xc2b4},
    {0xf4, 0xc2b6},
    {0x68, 0xc2b7},
    {0xce, 0xc2b8},
    {0x34a, 0xc2b9},
    {0x2a3, 0xc2ba},
    {0xb1, 0xc2bb},
    {0x2ef, 0xc2bc},
    {0x2ec, 0xc2bd},
    {0x2f0, 0xc2be},
    {0xd1, 0xc2bf},
    {0x29a, 0xc386},
    {0x29b, 0xc390},
    {0x83, 0xc397},
    {0x2a1, 0xc398},
    {0x2a4, 0xc39e},
    {0x300, 0xc39f},
    {0x2f5, 0xc3a6},
    {0x2f7, 0xc3b0},
    {0x84, 0xc3b7},
    {0x2fe, 0xc3b8},
    {0x301, 0xc3be},
    {0x2f6, 0xc491},
    {0x29d, 0xc4a6},
    {0x2f8, 0xc4a7},
    {0x2f9, 0xc4b1},
    {0x29e, 0xc4b2},
    {0x2fa, 0xc4b3},
    {0x2fb, 0xc4b8},
    {0x29f, 0xc4bf},
    {0x2fc, 0xc580},
    {0x2a0, 0xc581},
    {0x2fd, 0xc582},
    {0x304, 0xc589},
    {0x2a6, 0xc58a},
    {0x303, 0xc58b},
    {0x2a2, 0xc592},
    {0x2ff, 0xc593},
    {0x2a5, 0xc5a6},
    {0x302, 0xc5a7},
    {0x2053, 0xcabc},
    {0xc9, 0xcb87},
    {0xca, 0xcb98},
    {0xcd, 0xcb99},
    {0xcc, 0xcb9a},
    {0xcf, 0xcb9b},
    {0xc8, 0xcb9c},
    {0xcb, 0xcb9d},
    {0x402, 0xd081},
    {0x423, 0xd191},
    {0x61, 0xe28090},
    {0x6f, 0xe28096},
    {0x202e, 0xe2809b},
    {0x202d, 0xe2809f},
    {0x219f, 0xe280a2},
    {0xd8, 0xe280b0},
    {0x2186, 0xe280b4},
    {0x246e, 0xe280b5},
    {0x246c, 0xe280b6},
    {0x9c, 0xe280bb},
    {0x223b, 0xe280bc},
    {0x2197, 0xe28182},
    {0x34d, 0xe281b4},
    {0x2038, 0xe281bc},
    {0x34e, 0xe281bf},
    {0x60, 0xe282a9},
    {0x8d, 0xe28483},
    {0xd7, 0xe28489},
    {0x24e, 0xe28493},
    {0x102, 0xe28496},
    {0x107, 0xe284a1},
    {0x104, 0xe284a2},
    {0x283, 0xe284a6},
    {0x8e, 0xe284ab},
    {0xaa, 0xe28692},
    {0xf7, 0xe28695},
    {0xfa, 0xe28696},
    {0xf8, 0xe28697},
    {0xfb, 0xe28698},
    {0xf9, 0xe28699},
    {0x22a4, 0xe286b0},
    {0x22a1, 0xe286b1},
    {0x22a0, 0xe286b2},
    {0x22a5, 0xe286b3},
    {0x22a3, 0xe286b4},
    {0x22b4, 0xe286bc},
    {0x22b5, 0xe28780},
    {0x2270, 0xe2878d},
    {0x226f, 0xe2878f},
    {0x226e, 0xe28790},
    {0x2296, 0xe28791},
    {0xc3, 0xe28792},
    {0x2297, 0xe28793},
    {0xc4, 0xe28794},
    {0x23e6, 0xe287a0},
    {0x23e8, 0xe287a1},
    {0x23e7, 0xe287a2},
    {0x23e9, 0xe287a3},
    {0x23ee, 0xe287a6},
    {0x23f0, 0xe287a7},
    {0x23ef, 0xe287a8},
    {0x23f1, 0xe287a9},
    {0xc5, 0xe28880},
    {0x97, 0xe28882},
    {0xc6, 0xe28883},
    {0x220b, 0xe28886},
    {0x98, 0xe28887},
    {0xb8, 0xe28888},
    {0x222d, 0xe28889},
    {0xb9, 0xe2888b},
    {0x222e, 0xe2888c},
    {0xd5, 0xe2888f},
    {0xd4, 0xe28891},
    {0x2216, 0xe28893},
    {0xb2, 0xe2889a},
    {0xb4, 0xe2889d},
    {0x88, 0xe2889e},
    {0x220d, 0xe2889f},
    {0x94, 0xe288a0},
    {0x2222, 0xe288a2},
    {0xbf, 0xe288a9},
    {0xbe, 0xe288aa},
    {0xd3, 0xe288ae},
    {0x89, 0xe288b4},
    {0xb5, 0xe288b5},
    {0xd2, 0xe288b6},
    {0x2081, 0xe288b7},
    {0xb3, 0xe288bd},
    {0x2134, 0xe28983},
    {0x2133, 0xe28985},
    {0x2135, 0xe28988},
    {0x2223, 0xe28990},
    {0x2213, 0xe28991},
    {0x9a, 0xe28992},
    {0x2212, 0xe28993},
    {0x2231, 0xe2899a},
    {0x85, 0xe289a0},
    {0x99, 0xe289a1},
    {0x221e, 0xe289a2},
    {0x212b, 0xe289b9},
    {0x222c, 0xe28a84},
    {0x222b, 0xe28a85},
    {0x2126, 0xe28a8a},
    {0x2128, 0xe28a8b},
    {0x2226, 0xe28aa3},
    {0x2137, 0xe28aa4},
    {0x95, 0xe28aa5},
    {0x2080, 0xe28bae},
    {0x6a, 0xe28baf},
    {0x2232, 0xe28c86},
    {0x96, 0xe28c92},
    {0x221b, 0xe28c94},
    {0x207, 0xe29480},
    {0x212, 0xe29481},
    {0x208, 0xe29482},
    {0x213, 0xe29483},
    {0x209, 0xe2948c},
    {0x22e, 0xe2948d},
    {0x22d, 0xe2948e},
    {0x214, 0xe2948f},
    {0x20a, 0xe29490},
    {0x228, 0xe29491},
    {0x227, 0xe29492},
    {0x215, 0xe29493},
    {0x20c, 0xe29494},
    {0x22c, 0xe29495},
    {0x22b, 0xe29496},
    {0x217, 0xe29497},
    {0x20b, 0xe29498},
    {0x22a, 0xe29499},
    {0x229, 0xe2949a},
    {0x216, 0xe2949b},
    {0x20d, 0xe2949c},
    {0x222, 0xe2949d},
    {0x21d, 0xe294a0},
    {0x218, 0xe294a3},
    {0x20f, 0xe294a4},
    {0x224, 0xe294a5},
    {0x21f, 0xe294a8},
    {0x21a, 0xe294ab},
    {0x20e, 0xe294ac},
    {0x21e, 0xe294af},
    {0x223, 0xe294b0},
    {0x219, 0xe294b3},
    {0x210, 0xe294b4},
    {0x220, 0xe294b7},
    {0x225, 0xe294b8},
    {0x21b, 0xe294bb},
    {0x211, 0xe294bc},
    {0x221, 0xe294bf},
    {0x226, 0xe29582},
    {0x21c, 0xe2958b},
    {0xe8, 0xe29692},
    {0xa5, 0xe296a0},
    {0xa4, 0xe296a1},
    {0xe5, 0xe296a3},
    {0xed, 0xe296a6},
    {0xec, 0xe296a7},
    {0xeb, 0xe296a8},
    {0xee, 0xe296a9},
    {0x2220, 0xe296b1},
    {0xa7, 0xe296b2},
    {0xa6, 0xe296b3},
    {0x224c, 0xe296b5},
    {0xdc, 0xe296b6},
    {0xdb, 0xe296b7},
    {0x224d, 0xe296b9},
    {0xa9, 0xe296bc},
    {0xa8, 0xe296bd},
    {0x224b, 0xe296bf},
    {0xda, 0xe29780},
    {0xd9, 0xe29781},
    {0x224e, 0xe29783},
    {0xa3, 0xe29786},
    {0xa2, 0xe29787},
    {0xe4, 0xe29788},
    {0xe3, 0xe29789},
    {0x2253, 0xe2978a},
    {0x9f, 0xe2978b},
    {0x21bf, 0xe2978c},
    {0xa1, 0xe2978e},
    {0xa0, 0xe2978f},
    {0x2247, 0xe297a6},
    {0x21b9, 0xe297af},
    {0x9e, 0xe29885},
    {0x9d, 0xe29886},
    {0xf1, 0xe2988e},
    {0xf0, 0xe2988f},
    {0xf2, 0xe2989c},
    {0x2406, 0xe2989d},
    {0xf3, 0xe2989e},
    {0x2407, 0xe2989f},
    {0x21d8, 0xe298af},
    {0x93, 0xe29980},
    {0x92, 0xe29982},
    {0xe2, 0xe299a3},
    {0xdd, 0xe299a4},
    {0xe0, 0xe299a5},
    {0xe1, 0xe299a7},
    {0xef, 0xe299a8},
    {0xff, 0xe299ac},
    {0xfc, 0xe299ad},
    {0x2192, 0xe299af},
    {0x21b7, 0xe29c96},
    {0x21b6, 0xe29c9a},
    {0x219c, 0xe29cbd},
    {0x21bd, 0xe29d96},
    {0x193c, 0xe2bc80},
    {0x18ec, 0xe2bc84},
    {0x190d, 0xe2bc86},
    {0x192b, 0xe2bc88},
    {0x194d, 0xe2bc8a},
    {0x1d4b, 0xe2bc8b},
    {0x10ae, 0xe2bc91},
    {0x116a, 0xe2bc92},
    {0x143f, 0xe2bc94},
    {0x168c, 0xe2bc97},
    {0x13d5, 0xe2bc98},
    {0x1839, 0xe2bc9c},
    {0xf3d, 0xe2bc9d},
    {0x1d1b, 0xe2bc9f},
    {0x1487, 0xe2bca0},
    {0x151b, 0xe2bca3},
    {0x109d, 0xe2bca4},
    {0x103f, 0xe2bca5},
    {0x1958, 0xe2bca6},
    {0x1c4f, 0xe2bca8},
    {0x1580, 0xe2bca9},
    {0x1641, 0xe2bcab},
    {0x14b9, 0xe2bcad},
    {0xecf, 0xe2bcaf},
    {0xfed, 0xe2bcb0},
    {0xe14, 0xe2bcb1},
    {0xd99, 0xe2bcb2},
    {0xf7c, 0xe2bcb8},
    {0x1684, 0xe2bcbc},
    {0xedc, 0xe2bcbd},
    {0x1e80, 0xe2bcbe},
    {0x15cc, 0xe2bcbf},
    {0x1b27, 0xe2bd80},
    {0x12e8, 0xe2bd82},
    {0x10fd, 0xe2bd83},
    {0xfbb, 0xe2bd84},
    {0x1356, 0xe2bd85},
    {0x12d3, 0xe2bd86},
    {0x1940, 0xe2bd87},
    {0x17ed, 0xe2bd88},
    {0x1889, 0xe2bd89},
    {0x12b4, 0xe2bd8a},
    {0x1f5b, 0xe2bd8b},
    {0x1b2c, 0xe2bd8c},
    {0x12d6, 0xe2bd8f},
    {0x144c, 0xe2bd90},
    {0x12a8, 0xe2bd91},
    {0x168e, 0xe2bd92},
    {0x15d3, 0xe2bd94},
    {0x1ebb, 0xe2bd95},
    {0x1a93, 0xe2bd96},
    {0x1409, 0xe2bd97},
    {0x1f1a, 0xe2bd98},
    {0x1d61, 0xe2bd9a},
    {0x1696, 0xe2bd9b},
    {0x1842, 0xe2bd9c},
    {0xe37, 0xe2bd9d},
    {0x1e3d, 0xe2bd9e},
    {0x17c1, 0xe2bd9f},
    {0xede, 0xe2bda0},
    {0x17d4, 0xe2bda1},
    {0xdc1, 0xe2bda2},
    {0x14fa, 0xe2bda3},
    {0x182d, 0xe2bda4},
    {0x1a08, 0xe2bda5},
    {0x1dba, 0xe2bda6},
    {0x1381, 0xe2bda9},
    {0x1db0, 0xe2bdaa},
    {0x1293, 0xe2bdab},
    {0x12b7, 0xe2bdac},
    {0x12ad, 0xe2bdad},
    {0x164d, 0xe2bdae},
    {0x1525, 0xe2bdaf},
    {0x164e, 0xe2bdb0},
    {0x1ebe, 0xe2bdb2},
    {0x1e4b, 0xe2bdb3},
    {0x122d, 0xe2bdb4},
    {0x1af4, 0xe2bdb5},
    {0x12ff, 0xe2bdb6},
    {0x140c, 0xe2bdb8},
    {0x1708, 0xe2bdba},
    {0x184a, 0xe2bdbb},
    {0x11a7, 0xe2bdbc},
    {0x191b, 0xe2bdbd},
    {0x191c, 0xe2bdbf},
    {0x18e0, 0xe2be80},
    {0x18d5, 0xe2be81},
    {0x1675, 0xe2be82},
    {0x1966, 0xe2be83},
    {0x1b37, 0xe2be84},
    {0xf5a, 0xe2be85},
    {0x1550, 0xe2be86},
    {0x1bf6, 0xe2be87},
    {0x1ae8, 0xe2be88},
    {0xda8, 0xe2be89},
    {0x14f8, 0xe2be8a},
    {0x1c40, 0xe2be8b},
    {0x1e4c, 0xe2be8e},
    {0x1e1d, 0xe2be8f},
    {0x1909, 0xe2be90},
    {0xe3c, 0xe2be92},
    {0xd92, 0xe2be93},
    {0x1721, 0xe2be94},
    {0xebc, 0xe2be95},
    {0x1103, 0xe2be96},
    {0x1656, 0xe2be97},
    {0x1d58, 0xe2be99},
    {0x19ec, 0xe2be9a},
    {0x1aec, 0xe2be9b},
    {0x1aae, 0xe2be9c},
    {0x167b, 0xe2be9d},
    {0x1b8d, 0xe2be9e},
    {0x167c, 0xe2be9f},
    {0x1b61, 0xe2bea0},
    {0x18f5, 0xe2bea2},
    {0x18d0, 0xe2bea3},
    {0x121a, 0xe2bea5},
    {0x1023, 0xe2bea6},
    {0x19a8, 0xe2bea7},
    {0x12ee, 0xe2bea8},
    {0x141b, 0xe2bea9},
    {0x1853, 0xe2beac},
    {0x1c23, 0xe2bead},
    {0x1464, 0xe2beae},
    {0x1288, 0xe2beaf},
    {0x1e35, 0xe2beb0},
    {0x18a3, 0xe2beb1},
    {0x18f1, 0xe2beb3},
    {0x1e4d, 0xe2beb4},
    {0x1dab, 0xe2beb5},
    {0x1465, 0xe2beb6},
    {0x1665, 0xe2beb7},
    {0x15f9, 0xe2beb8},
    {0x1e26, 0xe2beb9},
    {0x1235, 0xe2beba},
    {0xec9, 0xe2bebb},
    {0xeb5, 0xe2bebc},
    {0xf99, 0xe2bf81},
    {0x1716, 0xe2bf82},
    {0x1aab, 0xe2bf83},
    {0x11af, 0xe2bf84},
    {0x11b5, 0xe2bf85},
    {0x1276, 0xe2bf86},
    {0x1237, 0xe2bf87},
    {0x1ef7, 0xe2bf88},
    {0x1519, 0xe2bf89},
    {0x1f52, 0xe2bf8a},
    {0x1a66, 0xe2bf8d},
    {0xeb6, 0xe2bf8e},
    {0x151a, 0xe2bf8f},
    {0x1466, 0xe2bf90},
    {0x1a7d, 0xe2bf91},
    {0x1cbf, 0xe2bf92},
    {0x11d3, 0xe2bf93},
    {0xf6a, 0xe2bf94},
    {0x6c, 0xe38083},
    {0x21fc, 0xe38092},
    {0xaf, 0xe38093},
    {0x21df, 0xe380a0},
    {0x21fd, 0xe380b6},
    {0x68, 0xe383bb},
    {0x2472, 0xe383bc},
    {0x65, 0xe385a4},
    {0x101, 0xe3889c},
    {0x2254, 0xe388b1},
    {0x2255, 0xe388b9},
    {0x100, 0xe389bf},
    {0x2454, 0xe38a90},
    {0x2378, 0xe38a94},
    {0x2239, 0xe38a9e},
    {0x2388, 0xe38aa5},
    {0x24f, 0xe38e98},
    {0x105, 0xe38f82},
    {0x296, 0xe38f83},
    {0x250, 0xe38f84},
    {0x28a, 0xe38f85},
    {0x299, 0xe38f86},
    {0x103, 0xe38f87},
    {0x266, 0xe38f88},
    {0x297, 0xe38f89},
    {0x25f, 0xe38f8a},
    {0x2256, 0xe38f8b},
    {0x263, 0xe38f8f},
    {0x294, 0xe38f90},
    {0x295, 0xe38f93},
    {0x289, 0xe38f96},
    {0x106, 0xe38f98},
    {0x28e, 0xe38f9b},
    {0x298, 0xe38f9c},
    {0x293, 0xe38f9d},
    {0x193c, 0xe4b880},
    {0x1a30, 0xe4b881},
    {0x1cc4, 0xe4b883},
    {0x123e, 0xe4b887},
    {0x1986, 0xe4b888},
    {0x14c8, 0xe4b889},
    {0x14d3, 0xe4b88a},
    {0x1dc0, 0xe4b88b},
    {0x13f5, 0xe4b88d},
    {0x1c78, 0xe4b891},
    {0x1b81, 0xe4b894},
    {0x143d, 0xe4b895},
    {0x1574, 0xe4b896},
    {0xf35, 0xe4b898},
    {0x13b1, 0xe4b899},
    {0x1632, 0xe4b89e},
    {0x1b0a, 0xe4b8ad},
    {0xeda, 0xe4b8b2},
    {0x1eca, 0xe4b8b8},
    {0x1060, 0xe4b8b9},
    {0x1acc, 0xe4b8bb},
    {0x178d, 0xe4b982},
    {0x103a, 0xe4b983},
    {0xf36, 0xe4b985},
    {0x1b1e, 0xe4b98b},
    {0x1479, 0xe4b98d},
    {0x1e78, 0xe4b98e},
    {0x1dbe, 0xe4b98f},
    {0xf0f, 0xe4b996},
    {0x1633, 0xe4b998},
    {0x18ec, 0xe4b999},
    {0xf37, 0xe4b99d},
    {0xe1d, 0xe4b99e},
    {0x16e6, 0xe4b99f},
    {0xdac, 0xe4b9ab},
    {0x10e9, 0xe4b9ad},
    {0x18a5, 0xe4b9b3},
    {0x13e4, 0xe4b9b6},
    {0x14c3, 0xe4b9b7},
    {0xe11, 0xe4b9be},
    {0x1125, 0xe4ba82},
    {0x11c7, 0xe4ba86},
    {0x172e, 0xe4ba88},
    {0x147a, 0xe4ba8b},
    {0x190d, 0xe4ba8c},
    {0x1835, 0xe4ba8e},
    {0x186c, 0xe4ba90},
    {0x185e, 0xe4ba91},
    {0x1e79, 0xe4ba92},
    {0x17a1, 0xe4ba94},
    {0x1a31, 0xe4ba95},
    {0xfda, 0xe4ba98},
    {0x147b, 0xe4ba9b},
    {0x168f, 0xe4ba9e},
    {0x1258, 0xe4baa1},
    {0x1df6, 0xe4baa2},
    {0xf1c, 0xe4baa4},
    {0x1e05, 0xe4baa5},
    {0x173b, 0xe4baa6},
    {0x1e5b, 0xe4baa8},
    {0x1e1e, 0xe4baab},
    {0xe4c, 0xe4baac},
    {0x1a32, 0xe4baad},
    {0x114b, 0xe4baae},
    {0x1061, 0xe4bab6},
    {0x192b, 0xe4baba},
    {0x168b, 0xe4bb80},
    {0x192c, 0xe4bb81},
    {0x1ca3, 0xe4bb84},
    {0xf38, 0xe4bb87},
    {0xfc6, 0xe4bb8a},
    {0xde8, 0xe4bb8b},
    {0x194f, 0xe4bb8d},
    {0x1953, 0xe4bb94},
    {0x147c, 0xe4bb95},
    {0x1cd4, 0xe4bb96},
    {0x1987, 0xe4bb97},
    {0x13f6, 0xe4bb98},
    {0x152a, 0xe4bb99},
    {0x10eb, 0xe4bb9d},
    {0x1bec, 0xe4bb9f},
    {0x109a, 0xe4bba3},
    {0x1189, 0xe4bba4},
    {0x190e, 0xe4bba5},
    {0x16c9, 0xe4bbb0},
    {0x1b0b, 0xe4bbb2},
    {0xe12, 0xe4bbb6},
    {0xde9, 0xe4bbb7},
    {0x1945, 0xe4bbbb},
    {0xfde, 0xe4bc81},
    {0x1df7, 0xe4bc89},
    {0x190f, 0xe4bc8a},
    {0xfd3, 0xe4bc8b},
    {0x17a2, 0xe4bc8d},
    {0xfdf, 0xe4bc8e},
    {0x13d2, 0xe4bc8f},
    {0x138d, 0xe4bc90},
    {0x1f45, 0xe4bc91},
    {0x137c, 0xe4bcaf},
    {0x1329, 0xe4bcb4},
    {0x118a, 0xe4bcb6},
    {0x1667, 0xe4bcb8},
    {0x147d, 0xe4bcba},
    {0x147e, 0xe4bcbc},
    {0xd6c, 0xe4bcbd},
    {0x19f3, 0xe4bd83},
    {0x1062, 0xe4bd86},
    {0x19bf, 0xe4bd87},
    {0x1d78, 0xe4bd88},
    {0x188c, 0xe4bd8d},
    {0x19c0, 0xe4bd8e},
    {0x1acd, 0xe4bd8f},
    {0x1ac6, 0xe4bd90},
    {0x1836, 0xe4bd91},
    {0x1dc1, 0xe4bd95},
    {0x172f, 0xe4bd99},
    {0x193d, 0xe4bd9a},
    {0x1433, 0xe4bd9b},
    {0x196d, 0xe4bd9c},
    {0x1d4e, 0xe4bda9},
    {0x16f7, 0xe4bdaf},
    {0x137d, 0xe4bdb0},
    {0xd6d, 0xe4bdb3},
    {0x101f, 0xe4bdb6},
    {0x19f4, 0xe4bdba},
    {0x193e, 0xe4bdbe},
    {0x147f, 0xe4bdbf},
    {0x1668, 0xe4be81},
    {0xd94, 0xe4be83},
    {0x1b67, 0xe4be84},
    {0x1144, 0xe4be86},
    {0x1ca8, 0xe4be88},
    {0xeff, 0xe4be8a},
    {0x119a, 0xe4be8b},
    {0x163c, 0xe4be8d},
    {0x1ace, 0xe4be8f},
    {0x18a6, 0xe4be91},
    {0x11f2, 0xe4be96},
    {0x1b82, 0xe4be98},
    {0xeca, 0xe4be9b},
    {0x18fa, 0xe4be9d},
    {0x129c, 0xe4beae},
    {0x1f1e, 0xe4beaf},
    {0x1cc7, 0xe4beb5},
    {0x1158, 0xe4beb6},
    {0x1d5e, 0xe4bebf},
    {0xe79, 0xe4bf82},
    {0x1c49, 0xe4bf83},
    {0x1690, 0xe4bf84},
    {0x17a3, 0xe4bf89},
    {0x1af6, 0xe4bf8a},
    {0x1a7e, 0xe4bf8e},
    {0x181e, 0xe4bf91},
    {0xe4d, 0xe4bf93},
    {0x1e36, 0xe4bf94},
    {0x15a1, 0xe4bf97},
    {0x1205, 0xe4bf9a},
    {0x13c2, 0xe4bf9d},
    {0x1480, 0xe4bf9f},
    {0x1e4f, 0xe4bfa0},
    {0x1669, 0xe4bfa1},
    {0x15bf, 0xe4bfae},
    {0x13f7, 0xe4bfaf},
    {0xf39, 0xe4bfb1},
    {0x136a, 0xe4bfb3},
    {0x1d98, 0xe4bfb5},
    {0x13e5, 0xe4bfb8},
    {0x1725, 0xe4bfba},
    {0x13b2, 0xe58082},
    {0x114c, 0xe58086},
    {0x1bb4, 0xe58089},
    {0xdea, 0xe5808b},
    {0x1369, 0xe5808d},
    {0x12e4, 0xe58091},
    {0x10ad, 0xe58092},
    {0x1e19, 0xe58096},
    {0x1f1f, 0xe58099},
    {0x18fb, 0xe5809a},
    {0x1bde, 0xe5809c},
    {0xe4e, 0xe5809e},
    {0x1b83, 0xe5809f},
    {0x1bb5, 0xe580a1},
    {0x134d, 0xe580a3},
    {0x1ca9, 0xe580a4},
    {0xf81, 0xe580a6},
    {0x1ab5, 0xe580a7},
    {0xe01, 0xe580a8},
    {0x178e, 0xe580aa},
    {0x11f3, 0xe580ab},
    {0x1ce2, 0xe580ac},
    {0x17f3, 0xe580ad},
    {0x16e7, 0xe580bb},
    {0x171d, 0xe58183},
    {0xd6e, 0xe58187},
    {0xe2b, 0xe58188},
    {0x188d, 0xe58189},
    {0x1d5f, 0xe5818f},
    {0x1e06, 0xe58195},
    {0x1acf, 0xe5819a},
    {0x1a33, 0xe5819c},
    {0xe13, 0xe581a5},
    {0x1ca2, 0xe581b4},
    {0x1a34, 0xe581b5},
    {0x1837, 0xe581b6},
    {0x1d29, 0xe581b8},
    {0xf10, 0xe58280},
    {0x13f8, 0xe58285},
    {0x134e, 0xe5828d},
    {0xe1e, 0xe58291},
    {0x14b7, 0xe58298},
    {0x143e, 0xe58299},
    {0x1c5e, 0xe582ac},
    {0x181f, 0xe582ad},
    {0x17a4, 0xe582b2},
    {0x19f5, 0xe582b3},
    {0x1bca, 0xe582b5},
    {0x14d4, 0xe582b7},
    {0xe4f, 0xe582be},
    {0xfb7, 0xe58385},
    {0x1c09, 0xe58389},
    {0x152b, 0xe5838a},
    {0x14d5, 0xe5838f},
    {0xf1d, 0xe58391},
    {0x13d3, 0xe58395},
    {0x1f63, 0xe58396},
    {0x11c8, 0xe5839a},
    {0x188e, 0xe5839e},
    {0x17fc, 0xe583a5},
    {0x1634, 0xe583a7},
    {0x1baa, 0xe583ad},
    {0xd6f, 0xe583b9},
    {0x139c, 0xe583bb},
    {0x1481, 0xe583bf},
    {0x18fc, 0xe58480},
    {0x1af7, 0xe58481},
    {0x1718, 0xe58484},
    {0xe50, 0xe58486},
    {0xe21, 0xe58489},
    {0x18a7, 0xe58492},
    {0x14d6, 0xe5849f},
    {0x11bf, 0xe584a1},
    {0x1838, 0xe584aa},
    {0x19c1, 0xe584b2},
    {0x1159, 0xe584b7},
    {0x1025, 0xe584ba},
    {0x1726, 0xe584bc},
    {0x17c9, 0xe58580},
    {0x18d7, 0xe58581},
    {0x186f, 0xe58583},
    {0x1e5c, 0xe58584},
    {0x1c8a, 0xe58585},
    {0x1a7f, 0xe58586},
    {0x1f4d, 0xe58587},
    {0x152c, 0xe58588},
    {0xf00, 0xe58589},
    {0xfb0, 0xe5858b},
    {0x1d07, 0xe5858c},
    {0x127f, 0xe5858d},
    {0x1d19, 0xe5858e},
    {0x1691, 0xe58592},
    {0x10fc, 0xe5859c},
    {0xfdb, 0xe585a2},
    {0x194d, 0xe585a5},
    {0x103b, 0xe585a7},
    {0x19f6, 0xe585a8},
    {0x114d, 0xe585a9},
    {0x18a8, 0xe585aa},
    {0x1d4b, 0xe585ab},
    {0xecb, 0xe585ac},
    {0x11ef, 0xe585ad},
    {0x1e6f, 0xe585ae},
    {0xecc, 0xe585b1},
    {0x13b3, 0xe585b5},
    {0xfe0, 0xe585b6},
    {0xf3a, 0xe585b7},
    {0x19f7, 0xe585b8},
    {0xe46, 0xe585bc},
    {0xfe1, 0xe58680},
    {0x172d, 0xe58686},
    {0x1bd6, 0xe5868a},
    {0x19aa, 0xe5868d},
    {0x129d, 0xe58692},
    {0x1280, 0xe58695},
    {0x1820, 0xe58697},
    {0xeeb, 0xe586a0},
    {0x128c, 0xe586a5},
    {0x127d, 0xe586aa},
    {0x10ec, 0xe586ac},
    {0x16e8, 0xe586b6},
    {0x1148, 0xe586b7},
    {0x117d, 0xe586bd},
    {0x1bda, 0xe58784},
    {0x1af8, 0xe58786},
    {0x114e, 0xe58789},
    {0x1a80, 0xe5878b},
    {0x11ff, 0xe5878c},
    {0x10ed, 0xe5878d},
    {0x11fe, 0xe5879c},
    {0x18f6, 0xe5879d},
    {0x1f64, 0xe5879e},
    {0x1391, 0xe587a1},
    {0x1ee0, 0xe587b0},
    {0xdeb, 0xe587b1},
    {0x1f4e, 0xe587b6},
    {0x1bff, 0xe587b8},
    {0x17fd, 0xe587b9},
    {0x1c87, 0xe587ba},
    {0x1de3, 0xe587bd},
    {0x10ae, 0xe58880},
    {0x192d, 0xe58883},
    {0x1420, 0xe58886},
    {0x1a1c, 0xe58887},
    {0x178f, 0xe58888},
    {0xd95, 0xe5888a},
    {0x12e5, 0xe5888e},
    {0x1e5d, 0xe58891},
    {0x117e, 0xe58897},
    {0x1c2e, 0xe5889d},
    {0x1d42, 0xe588a4},
    {0x13ad, 0xe588a5},
    {0x1206, 0xe588a9},
    {0x14b8, 0xe588aa},
    {0xefb, 0xe588ae},
    {0x10af, 0xe588b0},
    {0x1a67, 0xe588b6},
    {0x15b9, 0xe588b7},
    {0xf82, 0xe588b8},
    {0x1ba5, 0xe588b9},
    {0x1954, 0xe588ba},
    {0xd89, 0xe588bb},
    {0x1c25, 0xe58983},
    {0x1cc0, 0xe58987},
    {0x14b5, 0xe5898a},
    {0xfb1, 0xe5898b},
    {0x112d, 0xe5898c},
    {0x19f8, 0xe5898d},
    {0x1bdf, 0xe58994},
    {0x13f9, 0xe58996},
    {0xdd0, 0xe5899b},
    {0x1316, 0xe5899d},
    {0x1557, 0xe589a1},
    {0x1950, 0xe589a9},
    {0x19f9, 0xe589aa},
    {0x13fa, 0xe589af},
    {0x1de1, 0xe589b2},
    {0x1bb6, 0xe589b5},
    {0x1d99, 0xe589bd},
    {0x1c2f, 0xe589bf},
    {0x1f0c, 0xe58a83},
    {0xfb2, 0xe58a87},
    {0x139d, 0xe58a88},
    {0x11e1, 0xe58a89},
    {0xe22, 0xe58a8d},
    {0x1a68, 0xe58a91},
    {0xe23, 0xe58a92},
    {0x116a, 0xe58a9b},
    {0xecd, 0xe58a9f},
    {0xd70, 0xe58aa0},
    {0x117f, 0xe58aa3},
    {0xfb8, 0xe58aa4},
    {0x1a81, 0xe58aa9},
    {0x1049, 0xe58aaa},
    {0xe28, 0xe58aab},
    {0x1e17, 0xe58abe},
    {0xe51, 0xe58b81},
    {0x1342, 0xe58b83},
    {0x1cc1, 0xe58b85},
    {0x1821, 0xe58b87},
    {0x1281, 0xe58b89},
    {0xe52, 0xe58b8d},
    {0x11fc, 0xe58b92},
    {0x10ee, 0xe58b95},
    {0x1855, 0xe58b96},
    {0xdb6, 0xe58b98},
    {0x12cc, 0xe58b99},
    {0x1f2b, 0xe58b9b},
    {0x1635, 0xe58b9d},
    {0x119f, 0xe58b9e},
    {0x129e, 0xe58b9f},
    {0x1575, 0xe58ba2},
    {0x19db, 0xe58ba3},
    {0xfb9, 0xe58ba4},
    {0x1f2c, 0xe58bb3},
    {0x115a, 0xe58bb5},
    {0xf83, 0xe58bb8},
    {0x196e, 0xe58bba},
    {0xfa9, 0xe58bbb},
    {0xf3b, 0xe58bbe},
    {0x12f0, 0xe58bbf},
    {0x1d79, 0xe58c85},
    {0x1f4f, 0xe58c88},
    {0x1d7a, 0xe58c8d},
    {0x1d7b, 0xe58c8f},
    {0x13d4, 0xe58c90},
    {0x143f, 0xe58c95},
    {0x1eb7, 0xe58c96},
    {0x141f, 0xe58c97},
    {0x163d, 0xe58c99},
    {0x1988, 0xe58ca0},
    {0xf01, 0xe58ca1},
    {0xdca, 0xe58ca3},
    {0x1440, 0xe58caa},
    {0x1ef8, 0xe58caf},
    {0x1db4, 0xe58cb9},
    {0x105c, 0xe58cbf},
    {0xf3c, 0xe58d80},
    {0x168c, 0xe58d81},
    {0x1bed, 0xe58d83},
    {0x194e, 0xe58d84},
    {0x1636, 0xe58d87},
    {0x17a5, 0xe58d88},
    {0x1f3a, 0xe58d89},
    {0x132a, 0xe58d8a},
    {0x123f, 0xe58d8d},
    {0x1441, 0xe58d91},
    {0x1ab2, 0xe58d92},
    {0x1ce3, 0xe58d93},
    {0x1e50, 0xe58d94},
    {0x1031, 0xe58d97},
    {0x1317, 0xe58d9a},
    {0x13d5, 0xe58d9c},
    {0x13a7, 0xe58d9e},
    {0x1a24, 0xe58da0},
    {0xf0c, 0xe58da6},
    {0x154a, 0xe58da8},
    {0x12c0, 0xe58daf},
    {0x192e, 0xe58db0},
    {0x188f, 0xe58db1},
    {0xd8a, 0xe58db4},
    {0x1126, 0xe58db5},
    {0xf84, 0xe58db7},
    {0x1b0e, 0xe58dbd},
    {0xe53, 0xe58dbf},
    {0x16db, 0xe58e84},
    {0x16d0, 0xe58e93},
    {0x1207, 0xe58e98},
    {0x1f20, 0xe58e9a},
    {0x1870, 0xe58e9f},
    {0x1ca4, 0xe58ea0},
    {0xf8b, 0xe58ea5},
    {0x1dc2, 0xe58ea6},
    {0x1765, 0xe58ead},
    {0xe02, 0xe58ebb},
    {0x1bab, 0xe58f83},
    {0x1839, 0xe58f88},
    {0x1b84, 0xe58f89},
    {0xfd4, 0xe58f8a},
    {0x183a, 0xe58f8b},
    {0x132b, 0xe58f8d},
    {0x15fc, 0xe58f94},
    {0x1c94, 0xe58f96},
    {0x15c0, 0xe58f97},
    {0x132c, 0xe58f9b},
    {0x1790, 0xe58fa1},
    {0x1c53, 0xe58fa2},
    {0xf3d, 0xe58fa3},
    {0xe91, 0xe58fa4},
    {0xf3e, 0xe58fa5},
    {0xe92, 0xe58fa9},
    {0x1b1f, 0xe58faa},
    {0xf9a, 0xe58fab},
    {0x157c, 0xe58fac},
    {0x1d4c, 0xe58fad},
    {0xd71, 0xe58faf},
    {0x1d08, 0xe58fb0},
    {0x1b68, 0xe58fb1},
    {0x1482, 0xe58fb2},
    {0x183b, 0xe58fb3},
    {0x1483, 0xe58fb8},
    {0x1f57, 0xe59083},
    {0xd8b, 0xe59084},
    {0x1def, 0xe59088},
    {0x1020, 0xe59089},
    {0x19dc, 0xe5908a},
    {0x10ef, 0xe5908c},
    {0x128d, 0xe5908d},
    {0x1f21, 0xe5908e},
    {0x1208, 0xe5908f},
    {0x1d1a, 0xe59090},
    {0x1e1f, 0xe59091},
    {0xf71, 0xe5909b},
    {0x121e, 0xe5909d},
    {0x18ed, 0xe5909f},
    {0x1d6e, 0xe590a0},
    {0x13fb, 0xe590a6},
    {0x1421, 0xe590a9},
    {0x1de4, 0xe590ab},
    {0x17a7, 0xe590b3},
    {0x1f5e, 0xe590b8},
    {0x1c95, 0xe590b9},
    {0x12e6, 0xe590bb},
    {0x1f22, 0xe590bc},
    {0x17a6, 0xe590be},
    {0x115b, 0xe59182},
    {0x1a35, 0xe59188},
    {0xe93, 0xe5918a},
    {0x1cf0, 0xe59191},
    {0x1ad3, 0xe591a8},
    {0x1ad2, 0xe591aa},
    {0xe94, 0xe591b1},
    {0x12f3, 0xe591b3},
    {0xd72, 0xe591b5},
    {0x166a, 0xe591bb},
    {0x1e7a, 0xe591bc},
    {0x128e, 0xe591bd},
    {0x19c2, 0xe59280},
    {0x1d7c, 0xe59286},
    {0x1eb8, 0xe5928c},
    {0xf3f, 0xe5928e},
    {0x13fc, 0xe59290},
    {0x1cd5, 0xe592a4},
    {0x1955, 0xe592a8},
    {0x1b20, 0xe592ab},
    {0xf1e, 0xe592ac},
    {0x1e07, 0xe592b3},
    {0x1de5, 0xe592b8},
    {0x192f, 0xe592bd},
    {0x16d1, 0xe59380},
    {0x1da6, 0xe59381},
    {0x1ead, 0xe59384},
    {0x1df0, 0xe59388},
    {0x19ab, 0xe59389},
    {0x1871, 0xe593a1},
    {0xd73, 0xe593a5},
    {0x1c30, 0xe593a8},
    {0xeb7, 0xe593ad},
    {0x1f11, 0xe593ae},
    {0x1c00, 0xe593b2},
    {0x1d7d, 0xe593ba},
    {0x1d4f, 0xe59484},
    {0x1484, 0xe59486},
    {0x1b44, 0xe59487},
    {0x1209, 0xe5948e},
    {0x108f, 0xe59490},
    {0x1251, 0xe5949c},
    {0x18a9, 0xe594af},
    {0x1bb7, 0xe594b1},
    {0x16bd, 0xe594b5},
    {0x1cd6, 0xe594be},
    {0x1ce4, 0xe59584},
    {0x14d7, 0xe59586},
    {0x12e7, 0xe5958f},
    {0xe7a, 0xe59593},
    {0x1079, 0xe59596},
    {0x1692, 0xe5959e},
    {0x1de6, 0xe595a3},
    {0x1a69, 0xe595bc},
    {0xdfb, 0xe59680},
    {0x152d, 0xe59684},
    {0x1c01, 0xe59686},
    {0x1116, 0xe59687},
    {0x1f23, 0xe59689},
    {0x1de7, 0xe5968a},
    {0x1bee, 0xe59698},
    {0x1f3b, 0xe59699},
    {0x1ecb, 0xe5969a},
    {0x1f65, 0xe5969c},
    {0xdad, 0xe5969d},
    {0x1f36, 0xe596a7},
    {0x18aa, 0xe596a9},
    {0x14d8, 0xe596aa},
    {0x1024, 0xe596ab},
    {0xf1f, 0xe596ac},
    {0x1063, 0xe596ae},
    {0x1f24, 0xe59785},
    {0x14f5, 0xe59787},
    {0x1b45, 0xe59794},
    {0x17a8, 0xe5979a},
    {0xfe2, 0xe5979c},
    {0x1b85, 0xe5979f},
    {0x1485, 0xe597a3},
    {0x1caa, 0xe597a4},
    {0x15c1, 0xe597bd},
    {0x1ad4, 0xe597be},
    {0x1cf1, 0xe59886},
    {0xd74, 0xe59889},
    {0xf40, 0xe59894},
    {0x14d9, 0xe59897},
    {0x157d, 0xe598af},
    {0x1a82, 0xe598b2},
    {0x1c96, 0xe598b4},
    {0x163e, 0xe598b6},
    {0x1e27, 0xe59993},
    {0xfe3, 0xe599a8},
    {0x1f66, 0xe599ab},
    {0x1422, 0xe599b4},
    {0x1f12, 0xe59a86},
    {0x1744, 0xe59aa5},
    {0x1467, 0xe59aac},
    {0x1e20, 0xe59aae},
    {0x1727, 0xe59ab4},
    {0x196f, 0xe59abc},
    {0x1038, 0xe59b8a},
    {0x1f67, 0xe59b8d},
    {0x1c4a, 0xe59b91},
    {0x15c2, 0xe59b9a},
    {0x1486, 0xe59b9b},
    {0x1ef9, 0xe59b9e},
    {0x1930, 0xe59ba0},
    {0xebe, 0xe59bb0},
    {0x118b, 0xe59bb9},
    {0xe95, 0xe59bba},
    {0x1d7e, 0xe59c83},
    {0x170e, 0xe59c84},
    {0xf85, 0xe59c88},
    {0xf6b, 0xe59c8b},
    {0x1890, 0xe59c8d},
    {0x1873, 0xe59c92},
    {0x1872, 0xe59c93},
    {0x10b0, 0xe59c96},
    {0x1064, 0xe59c98},
    {0x1d1b, 0xe59c9f},
    {0x19ac, 0xe59ca8},
    {0xf9b, 0xe59cad},
    {0x1b21, 0xe59cb0},
    {0xfe4, 0xe59cbb},
    {0x1b22, 0xe59d80},
    {0x1d43, 0xe59d82},
    {0xfaa, 0xe59d87},
    {0x134f, 0xe59d8a},
    {0x107a, 0xe59d8d},
    {0xdb7, 0xe59d8e},
    {0x1ac7, 0xe59d90},
    {0xdfd, 0xe59d91},
    {0x1d32, 0xe59da1},
    {0xebf, 0xe59da4},
    {0x1cf2, 0xe59da6},
    {0x1d69, 0xe59daa},
    {0x109c, 0xe59dae},
    {0xe54, 0xe59db0},
    {0xf41, 0xe59db5},
    {0x1ce5, 0xe59dbc},
    {0x15c3, 0xe59e82},
    {0x109b, 0xe59e88},
    {0x1e5e, 0xe59e8b},
    {0x1e08, 0xe59e93},
    {0x18e5, 0xe59ea0},
    {0xf42, 0xe59ea2},
    {0x1874, 0xe59ea3},
    {0x16d2, 0xe59f83},
    {0x1822, 0xe59f87},
    {0x1af9, 0xe59f88},
    {0x1264, 0xe59f8b},
    {0x1562, 0xe59f8e},
    {0x173c, 0xe59f9f},
    {0x13fd, 0xe59fa0},
    {0x1bcb, 0xe59fb0},
    {0x1658, 0xe59fb4},
    {0x1b78, 0xe59fb7},
    {0x136b, 0xe59fb9},
    {0xfe5, 0xe59fba},
    {0xfe6, 0xe59fbc},
    {0xf77, 0xe5a080},
    {0x1090, 0xe5a082},
    {0xe35, 0xe5a085},
    {0x1d23, 0xe5a086},
    {0xdd1, 0xe5a088},
    {0x18d3, 0xe5a089},
    {0x16a1, 0xe5a08a},
    {0x1c13, 0xe5a09e},
    {0x13c3, 0xe5a0a1},
    {0x1a6a, 0xe5a0a4},
    {0x1745, 0xe5a0a7},
    {0xdb8, 0xe5a0aa},
    {0x17fe, 0xe5a0af},
    {0x171e, 0xe5a0b0},
    {0x13c4, 0xe5a0b1},
    {0x1989, 0xe5a0b4},
    {0x10b1, 0xe5a0b5},
    {0xe7b, 0xe5a0ba},
    {0xf11, 0xe5a18a},
    {0x1772, 0xe5a18b},
    {0xdec, 0xe5a18f},
    {0x157e, 0xe5a191},
    {0x1d00, 0xe5a194},
    {0x10b2, 0xe5a197},
    {0x1091, 0xe5a198},
    {0x1c54, 0xe5a19a},
    {0x14f2, 0xe5a19e},
    {0x19fa, 0xe5a1a1},
    {0x17a9, 0xe5a1a2},
    {0x1f2d, 0xe5a1a4},
    {0x1b46, 0xe5a1b5},
    {0x1bac, 0xe5a1b9},
    {0x19fb, 0xe5a1bc},
    {0x15fd, 0xe5a1be},
    {0xe55, 0xe5a283},
    {0x14fd, 0xe5a285},
    {0x1823, 0xe5a289},
    {0x12c1, 0xe5a293},
    {0x1c61, 0xe5a29c},
    {0x1b13, 0xe5a29e},
    {0x1e28, 0xe5a29f},
    {0x12e2, 0xe5a2a8},
    {0x10df, 0xe5a2a9},
    {0x1cd7, 0xe5a2ae},
    {0x1423, 0xe5a2b3},
    {0x17aa, 0xe5a2ba},
    {0x198a, 0xe5a2bb},
    {0xd96, 0xe5a2be},
    {0x139e, 0xe5a381},
    {0x17ca, 0xe5a385},
    {0x1065, 0xe5a387},
    {0x1f2e, 0xe5a38e},
    {0x1dce, 0xe5a391},
    {0x16c5, 0xe5a393},
    {0x1e7b, 0xe5a395},
    {0x11d4, 0xe5a398},
    {0xf02, 0xe5a399},
    {0xf12, 0xe5a39e},
    {0x11b8, 0xe5a39f},
    {0x16f8, 0xe5a3a4},
    {0x1487, 0xe5a3ab},
    {0x1946, 0xe5a3ac},
    {0x198b, 0xe5a3af},
    {0x193f, 0xe5a3b9},
    {0x1e7c, 0xe5a3ba},
    {0x14fe, 0xe5a3bb},
    {0x15c4, 0xe5a3bd},
    {0x1dc3, 0xe5a48f},
    {0xfe7, 0xe5a494},
    {0x151b, 0xe5a495},
    {0x17f7, 0xe5a496},
    {0x15fe, 0xe5a499},
    {0x105e, 0xe5a49a},
    {0x16e9, 0xe5a49c},
    {0x12bd, 0xe5a4a2},
    {0x109d, 0xe5a4a7},
    {0x1bef, 0xe5a4a9},
    {0x1d09, 0xe5a4aa},
    {0x13fe, 0xe5a4ab},
    {0x17ff, 0xe5a4ad},
    {0x16ca, 0xe5a4ae},
    {0x167e, 0xe5a4b1},
    {0x1910, 0xe5a4b7},
    {0x1e51, 0xe5a4be},
    {0x1728, 0xe5a584},
    {0xfe8, 0xe5a587},
    {0x103c, 0xe5a588},
    {0x13e6, 0xe5a589},
    {0xf9c, 0xe5a58e},
    {0x1ad5, 0xe5a58f},
    {0x1ecc, 0xe5a590},
    {0xe7c, 0xe5a591},
    {0x1424, 0xe5a594},
    {0x1e32, 0xe5a595},
    {0x1d2a, 0xe5a597},
    {0x1e09, 0xe5a59a},
    {0x19fc, 0xe5a5a0},
    {0x1488, 0xe5a5a2},
    {0x17ab, 0xe5a5a7},
    {0x1cfa, 0xe5a5aa},
    {0x18d8, 0xe5a5ab},
    {0x198c, 0xe5a5ac},
    {0x151c, 0xe5a5ad},
    {0x1425, 0xe5a5ae},
    {0x103f, 0xe5a5b3},
    {0x104a, 0xe5a5b4},
    {0xd97, 0xe5a5b8},
    {0x1e7d, 0xe5a5bd},
    {0x1730, 0xe5a682},
    {0x1442, 0xe5a683},
    {0x1259, 0xe5a684},
    {0x1947, 0xe5a68a},
    {0xfe9, 0xe5a693},
    {0x1800, 0xe5a696},
    {0xfc7, 0xe5a697},
    {0x12c2, 0xe5a699},
    {0x1cd8, 0xe5a6a5},
    {0x1350, 0xe5a6a8},
    {0x1d2b, 0xe5a6ac},
    {0x1265, 0xe5a6b9},
    {0x1bdb, 0xe5a6bb},
    {0x1c14, 0xe5a6be},
    {0x1a36, 0xe5a783},
    {0x129f, 0xe5a786},
    {0x1956, 0xe5a789},
    {0x163f, 0xe5a78b},
    {0x19c3, 0xe5a790},
    {0xe96, 0xe5a791},
    {0x1563, 0xe5a793},
    {0x1891, 0xe5a794},
    {0x1948, 0xe5a799},
    {0x1801, 0xe5a79a},
    {0xdd2, 0xe5a79c},
    {0x1ad0, 0xe5a79d},
    {0xd98, 0xe5a7a6},
    {0x1911, 0xe5a7a8},
    {0x1b69, 0xe5a7aa},
    {0x1f68, 0xe5a7ac},
    {0x1df8, 0xe5a7ae},
    {0x1746, 0xe5a7b8},
    {0x1931, 0xe5a7bb},
    {0x1957, 0xe5a7bf},
    {0x1892, 0xe5a881},
    {0x17f4, 0xe5a883},
    {0x1489, 0xe5a891},
    {0x1039, 0xe5a898},
    {0x17ac, 0xe5a89b},
    {0x1026, 0xe5a89c},
    {0x1747, 0xe5a89f},
    {0x166b, 0xe5a8a0},
    {0x1693, 0xe5a8a5},
    {0x1240, 0xe5a8a9},
    {0x1c97, 0xe5a8b6},
    {0x1bb8, 0xe5a8bc},
    {0x11d5, 0xe5a981},
    {0x1d33, 0xe5a986},
    {0x17db, 0xe5a989},
    {0x1ea4, 0xe5a99a},
    {0x1443, 0xe5a9a2},
    {0x13ff, 0xe5a9a6},
    {0x1266, 0xe5aa92},
    {0x12f4, 0xe5aa9a},
    {0x1875, 0xe5aa9b},
    {0x1640, 0xe5aaa4},
    {0xd75, 0xe5ab81},
    {0x15c5, 0xe5ab82},
    {0x1876, 0xe5ab84},
    {0x1b6a, 0xe5ab89},
    {0x1e4e, 0xe5ab8c},
    {0x19dd, 0xe5aba1},
    {0x1df9, 0xe5aba6},
    {0x1055, 0xe5aba9},
    {0x1eb9, 0xe5ac85},
    {0x1f69, 0xe5ac89},
    {0x152e, 0xe5ac8b},
    {0xf20, 0xe5ac8c},
    {0x1d6f, 0xe5ac96},
    {0x1468, 0xe5acaa},
    {0x14da, 0xe5ad80},
    {0x16f9, 0xe5ad83},
    {0x1958, 0xe5ad90},
    {0x1e4a, 0xe5ad91},
    {0xece, 0xe5ad94},
    {0x1951, 0xe5ad95},
    {0x1959, 0xe5ad97},
    {0x1ab0, 0xe5ad98},
    {0x1400, 0xe5ad9a},
    {0x195a, 0xe5ad9c},
    {0x1f13, 0xe5ad9d},
    {0x1277, 0xe5ad9f},
    {0xe7d, 0xe5ada3},
    {0xe97, 0xe5ada4},
    {0x1e0a, 0xe5ada9},
    {0x15aa, 0xe5adab},
    {0x15ff, 0xe5adb0},
    {0x197a, 0xe5adb1},
    {0x1401, 0xe5adb5},
    {0x1dcf, 0xe5adb8},
    {0x18ab, 0xe5adba},
    {0x1723, 0xe5adbc},
    {0x10aa, 0xe5ae85},
    {0x183c, 0xe5ae87},
    {0x15c6, 0xe5ae88},
    {0x16af, 0xe5ae89},
    {0x15b1, 0xe5ae8b},
    {0x17dc, 0xe5ae8c},
    {0xf18, 0xe5ae8f},
    {0x13d6, 0xe5ae93},
    {0x1d03, 0xe5ae95},
    {0x1f0e, 0xe5ae96},
    {0x1ab6, 0xe5ae97},
    {0xeec, 0xe5ae98},
    {0x1ad6, 0xe5ae99},
    {0x1a37, 0xe5ae9a},
    {0x17dd, 0xe5ae9b},
    {0x18fd, 0xe5ae9c},
    {0xdfc, 0xe5aea2},
    {0x152f, 0xe5aea3},
    {0x167f, 0xe5aea4},
    {0x18ac, 0xe5aea5},
    {0x1ecd, 0xe5aea6},
    {0x1564, 0xe5aeac},
    {0xf7b, 0xe5aeae},
    {0x19ad, 0xe5aeb0},
    {0x1e0b, 0xe5aeb3},
    {0x1748, 0xe5aeb4},
    {0x157f, 0xe5aeb5},
    {0xd76, 0xe5aeb6},
    {0x166c, 0xe5aeb8},
    {0x1824, 0xe5aeb9},
    {0x1600, 0xe5aebf},
    {0x1bcc, 0xe5af80},
    {0x19de, 0xe5af82},
    {0x1877, 0xe5af83},
    {0xfea, 0xe5af84},
    {0x1932, 0xe5af85},
    {0x1313, 0xe5af86},
    {0xf43, 0xe5af87},
    {0x1402, 0xe5af8c},
    {0x1267, 0xe5af90},
    {0x1dd3, 0xe5af92},
    {0x183d, 0xe5af93},
    {0x1659, 0xe5af94},
    {0x1048, 0xe5af97},
    {0x1238, 0xe5af9e},
    {0x1ba6, 0xe5af9f},
    {0xedb, 0xe5afa1},
    {0x1cc8, 0xe5afa2},
    {0x17ad, 0xe5afa4},
    {0x1802, 0xe5afa5},
    {0x1680, 0xe5afa6},
    {0x1047, 0xe5afa7},
    {0x1bcd, 0xe5afa8},
    {0x1682, 0xe5afa9},
    {0x148a, 0xe5afab},
    {0xeed, 0xe5afac},
    {0x11c9, 0xe5afae},
    {0x1afa, 0xe5afaf},
    {0x1c55, 0xe5afb5},
    {0x13c5, 0xe5afb6},
    {0x1c4f, 0xe5afb8},
    {0x148b, 0xe5afba},
    {0x13e7, 0xe5b081},
    {0x148c, 0xe5b084},
    {0x198d, 0xe5b087},
    {0x19fd, 0xe5b088},
    {0x1893, 0xe5b089},
    {0x1ab1, 0xe5b08a},
    {0x1683, 0xe5b08b},
    {0x109e, 0xe5b08d},
    {0x10b3, 0xe5b08e},
    {0x1580, 0xe5b08f},
    {0x1581, 0xe5b091},
    {0x1c0a, 0xe5b096},
    {0x14db, 0xe5b099},
    {0x183e, 0xe5b0a4},
    {0x1351, 0xe5b0a8},
    {0x1c98, 0xe5b0b1},
    {0x1641, 0xe5b0b8},
    {0x18d9, 0xe5b0b9},
    {0x1be0, 0xe5b0ba},
    {0xe98, 0xe5b0bb},
    {0x105a, 0xe5b0bc},
    {0x12f5, 0xe5b0be},
    {0x1054, 0xe5b0bf},
    {0xf6c, 0xe5b180},
    {0xe03, 0xe5b185},
    {0xe7e, 0xe5b186},
    {0xf78, 0xe5b188},
    {0x17be, 0xe5b18b},
    {0x1643, 0xe5b18d},
    {0x1642, 0xe5b18e},
    {0x154b, 0xe5b191},
    {0x19fe, 0xe5b195},
    {0x13b4, 0xe5b19b},
    {0x10b4, 0xe5b1a0},
    {0x11d6, 0xe5b1a2},
    {0x1ca7, 0xe5b1a4},
    {0x120a, 0xe5b1a5},
    {0x15a2, 0xe5b1ac},
    {0x1106, 0xe5b1af},
    {0x14b9, 0xe5b1b1},
    {0x1f58, 0xe5b1b9},
    {0xfeb, 0xe5b290},
    {0x197f, 0xe5b291},
    {0xdd3, 0xe5b2a1},
    {0x16be, 0xe5b2a9},
    {0x15c7, 0xe5b2ab},
    {0xdcb, 0xe5b2ac},
    {0x109f, 0xe5b2b1},
    {0x16a2, 0xe5b2b3},
    {0x1e7e, 0xe5b2b5},
    {0x1306, 0xe5b2b7},
    {0x16b0, 0xe5b2b8},
    {0x118c, 0xe5b2ba},
    {0x1a25, 0xe5b2be},
    {0x15c8, 0xe5b380},
    {0x1cab, 0xe5b399},
    {0x14dc, 0xe5b3a0},
    {0x1694, 0xe5b3a8},
    {0x1e37, 0xe5b3b4},
    {0x10b5, 0xe5b3b6},
    {0x1afb, 0xe5b3bb},
    {0x1e52, 0xe5b3bd},
    {0x1627, 0xe5b487},
    {0x1145, 0xe5b48d},
    {0xfec, 0xe5b48e},
    {0xec0, 0xe5b491},
    {0x1c5f, 0xe5b494},
    {0x16d3, 0xe5b496},
    {0xdd4, 0xe5b497},
    {0x11f4, 0xe5b499},
    {0x1628, 0xe5b4a7},
    {0x1437, 0xe5b4a9},
    {0x12f6, 0xe5b58b},
    {0xdb9, 0xe5b58c},
    {0x112f, 0xe5b590},
    {0x1629, 0xe5b5a9},
    {0x17f8, 0xe5b5ac},
    {0x1b86, 0xe5b5af},
    {0xf44, 0xe5b687},
    {0x10b6, 0xe5b68b},
    {0x110d, 0xe5b69d},
    {0xf21, 0xe5b6a0},
    {0x1803, 0xe5b6a2},
    {0x172b, 0xe5b6aa},
    {0x1773, 0xe5b6b8},
    {0x118d, 0xe5b6ba},
    {0x14ff, 0xe5b6bc},
    {0x16a3, 0xe5b6bd},
    {0x17f9, 0xe5b78d},
    {0x1241, 0xe5b792},
    {0x16bf, 0xe5b796},
    {0x1bf0, 0xe5b79d},
    {0x1ad7, 0xe5b79e},
    {0x1608, 0xe5b7a1},
    {0x1582, 0xe5b7a2},
    {0xecf, 0xe5b7a5},
    {0x1ac8, 0xe5b7a6},
    {0xf22, 0xe5b7a7},
    {0xe04, 0xe5b7a8},
    {0x12cd, 0xe5b7ab},
    {0x1b87, 0xe5b7ae},
    {0xfed, 0xe5b7b1},
    {0x1912, 0xe5b7b2},
    {0x148d, 0xe5b7b3},
    {0x1d34, 0xe5b7b4},
    {0x1dfa, 0xe5b7b7},
    {0x15ab, 0xe5b7bd},
    {0xe14, 0xe5b7be},
    {0x1644, 0xe5b882},
    {0x1d7f, 0xe5b883},
    {0x1392, 0xe5b886},
    {0x1f6a, 0xe5b88c},
    {0x1d04, 0xe5b891},
    {0x1c15, 0xe5b896},
    {0x1b6b, 0xe5b899},
    {0x137e, 0xe5b89b},
    {0x1a6b, 0xe5b89d},
    {0x15c9, 0xe5b8a5},
    {0x148e, 0xe5b8ab},
    {0x151d, 0xe5b8ad},
    {0x198e, 0xe5b8b3},
    {0x10a0, 0xe5b8b6},
    {0x14dd, 0xe5b8b8},
    {0x12a0, 0xe5b8bd},
    {0x1f25, 0xe5b8bf},
    {0x1a38, 0xe5b980},
    {0x16a4, 0xe5b984},
    {0x1d93, 0xe5b985},
    {0x1352, 0xe5b987},
    {0x1ee1, 0xe5b98c},
    {0x1239, 0xe5b995},
    {0x1cac, 0xe5b99f},
    {0x1384, 0xe5b9a1},
    {0x1092, 0xe5b9a2},
    {0x1d70, 0xe5b9a3},
    {0xd99, 0xe5b9b2},
    {0x1d6a, 0xe5b9b3},
    {0x1040, 0xe5b9b4},
    {0x13b5, 0xe5b9b7},
    {0x1e1a, 0xe5b9b8},
    {0xd9a, 0xe5b9b9},
    {0x1ece, 0xe5b9bb},
    {0xfee, 0xe5b9be},
    {0x198f, 0xe5ba84},
    {0x1444, 0xe5ba87},
    {0x14de, 0xe5ba8a},
    {0x1500, 0xe5ba8f},
    {0x19c4, 0xe5ba95},
    {0x1a26, 0xe5ba97},
    {0xe56, 0xe5ba9a},
    {0x1403, 0xe5ba9c},
    {0x14df, 0xe5baa0},
    {0x10b7, 0xe5baa6},
    {0x1ac9, 0xe5baa7},
    {0xe99, 0xe5baab},
    {0x1a39, 0xe5baad},
    {0x16c0, 0xe5bab5},
    {0x1501, 0xe5bab6},
    {0xdd5, 0xe5bab7},
    {0x1825, 0xe5bab8},
    {0x18af, 0xe5babe},
    {0x14e0, 0xe5bb82},
    {0x1dc4, 0xe5bb88},
    {0x1183, 0xe5bb89},
    {0x113c, 0xe5bb8a},
    {0xf45, 0xe5bb90},
    {0xee7, 0xe5bb93},
    {0x11ca, 0xe5bb96},
    {0x1ad8, 0xe5bb9a},
    {0x19ff, 0xe5bb9b},
    {0x12c3, 0xe5bb9f},
    {0x1bb9, 0xe5bba0},
    {0x1d71, 0xe5bba2},
    {0xf03, 0xe5bba3},
    {0x115c, 0xe5bbac},
    {0x1c1d, 0xe5bbb3},
    {0x1749, 0xe5bbb6},
    {0x1a3a, 0xe5bbb7},
    {0xe15, 0xe5bbba},
    {0x1efa, 0xe5bbbb},
    {0x13a8, 0xe5bc81},
    {0x11b9, 0xe5bc84},
    {0x1d72, 0xe5bc8a},
    {0x165a, 0xe5bc8f},
    {0x1645, 0xe5bc91},
    {0xf7c, 0xe5bc93},
    {0x1a83, 0xe5bc94},
    {0x1933, 0xe5bc95},
    {0x1434, 0xe5bc97},
    {0x1eae, 0xe5bc98},
    {0x1913, 0xe5bc9b},
    {0x1a6c, 0xe5bc9f},
    {0x1e38, 0xe5bca6},
    {0x1e7f, 0xe5bca7},
    {0x104b, 0xe5bca9},
    {0x16f0, 0xe5bcb1},
    {0x1990, 0xe5bcb5},
    {0xdd6, 0xe5bcba},
    {0x1db5, 0xe5bcbc},
    {0x1cf3, 0xe5bd88},
    {0xdd7, 0xe5bd8a},
    {0x12f7, 0xe5bd8c},
    {0x1242, 0xe5bd8e},
    {0x1066, 0xe5bd96},
    {0x1e70, 0xe5bd97},
    {0x1f3d, 0xe5bd99},
    {0x1914, 0xe5bd9b},
    {0x1e5f, 0xe5bda2},
    {0x171f, 0xe5bda6},
    {0x1856, 0xe5bda7},
    {0x1bce, 0xe5bda9},
    {0x1d9a, 0xe5bdaa},
    {0x1a84, 0xe5bdab},
    {0x1469, 0xe5bdac},
    {0x1d59, 0xe5bdad},
    {0x1bba, 0xe5bdb0},
    {0x1774, 0xe5bdb1},
    {0x1353, 0xe5bdb7},
    {0x173d, 0xe5bdb9},
    {0x1dad, 0xe5bdbc},
    {0x1435, 0xe5bdbf},
    {0x17ee, 0xe5be80},
    {0x1a3b, 0xe5be81},
    {0x10a1, 0xe5be85},
    {0x1609, 0xe5be87},
    {0x1efb, 0xe5be8a},
    {0x11f8, 0xe5be8b},
    {0x1f26, 0xe5be8c},
    {0x1502, 0xe5be90},
    {0xe57, 0xe5be91},
    {0x10b8, 0xe5be92},
    {0x110c, 0xe5be97},
    {0x136c, 0xe5be98},
    {0x148f, 0xe5be99},
    {0x1ab7, 0xe5be9e},
    {0x1146, 0xe5bea0},
    {0x170f, 0xe5bea1},
    {0x1ee2, 0xe5bea8},
    {0x13d7, 0xe5bea9},
    {0x160a, 0xe5beaa},
    {0x12f8, 0xe5beae},
    {0x1b7e, 0xe5beb5},
    {0x10ab, 0xe5beb7},
    {0x1c02, 0xe5beb9},
    {0x1f3e, 0xe5bebd},
    {0x1684, 0xe5bf83},
    {0x1db6, 0xe5bf85},
    {0xfef, 0xe5bf8c},
    {0x1934, 0xe5bf8d},
    {0x1c50, 0xe5bf96},
    {0x1b23, 0xe5bf97},
    {0x1c8b, 0xe5bfa0},
    {0x1cd3, 0xe5bfab},
    {0x1043, 0xe5bfb5},
    {0x1eaa, 0xe5bfbd},
    {0x1426, 0xe5bfbf},
    {0x16cb, 0xe6808f},
    {0x104c, 0xe68092},
    {0x1d80, 0xe68096},
    {0x118e, 0xe6809c},
    {0x1490, 0xe6809d},
    {0x1d0a, 0xe680a0},
    {0x1915, 0xe680a1},
    {0xfd5, 0xe680a5},
    {0x1565, 0xe680a7},
    {0x1878, 0xe680a8},
    {0xf13, 0xe680aa},
    {0xe29, 0xe680af},
    {0x1949, 0xe68181},
    {0x160b, 0xe68182},
    {0x1646, 0xe68183},
    {0x1ee3, 0xe6818d},
    {0xed0, 0xe68190},
    {0x1dfb, 0xe68192},
    {0x1503, 0xe68195},
    {0x16fa, 0xe68199},
    {0xefc, 0xe6819d},
    {0x1efc, 0xe681a2},
    {0x195b, 0xe681a3},
    {0x1f4a, 0xe681a4},
    {0x1cad, 0xe681a5},
    {0x1dd4, 0xe681a8},
    {0x18e6, 0xe681a9},
    {0xd8c, 0xe681aa},
    {0x1044, 0xe681ac},
    {0xed1, 0xe681ad},
    {0x165b, 0xe681af},
    {0x1f5f, 0xe681b0},
    {0x1761, 0xe68285},
    {0x1681, 0xe68289},
    {0x1a6d, 0xe6828c},
    {0x1dd5, 0xe6828d},
    {0x1efd, 0xe68294},
    {0x1d50, 0xe68296},
    {0x15b2, 0xe6829a},
    {0x1a00, 0xe6829b},
    {0x17ae, 0xe6829f},
    {0x18b0, 0xe682a0},
    {0x1ecf, 0xe682a3},
    {0x1c56, 0xe682a4},
    {0x120b, 0xe682a7},
    {0x1ab8, 0xe682b0},
    {0x1445, 0xe682b2},
    {0x10ac, 0xe682b3},
    {0x1c90, 0xe682b4},
    {0x1307, 0xe682b6},
    {0xe7f, 0xe682b8},
    {0x10b9, 0xe682bc},
    {0x1bdc, 0xe682bd},
    {0x1a3c, 0xe68385},
    {0x10e0, 0xe68387},
    {0x1ea1, 0xe68391},
    {0x1eab, 0xe6839a},
    {0x151e, 0xe6839c},
    {0x18b1, 0xe6839f},
    {0x1e71, 0xe683a0},
    {0x16a5, 0xe683a1},
    {0x1cd9, 0xe683b0},
    {0x1052, 0xe683b1},
    {0x14e1, 0xe683b3},
    {0x1ee4, 0xe683b6},
    {0x16ea, 0xe683b9},
    {0x1566, 0xe683ba},
    {0x1ca5, 0xe683bb},
    {0x15ca, 0xe68481},
    {0xe16, 0xe68486},
    {0x1308, 0xe6848d},
    {0x1d5d, 0xe6848e},
    {0x18fe, 0xe6848f},
    {0x16a6, 0xe68495},
    {0x183f, 0xe6849a},
    {0x16d4, 0xe6849b},
    {0xdba, 0xe6849f},
    {0xf14, 0xe684a7},
    {0x1ee5, 0xe684b0},
    {0x1bbb, 0xe684b4},
    {0xded, 0xe684b7},
    {0x166d, 0xe684bc},
    {0xdee, 0xe684be},
    {0x1879, 0xe684bf},
    {0x1826, 0xe68582},
    {0x11f9, 0xe68584},
    {0x18e7, 0xe68587},
    {0x195c, 0xe68588},
    {0xe47, 0xe6858a},
    {0x1d0b, 0xe6858b},
    {0x1ee6, 0xe6858c},
    {0x1d9b, 0xe68593},
    {0x12a1, 0xe68595},
    {0x1d2f, 0xe6859d},
    {0x1d1d, 0xe6859f},
    {0x1243, 0xe685a2},
    {0xeee, 0xe685a3},
    {0xd8d, 0xe685a4},
    {0x1e72, 0xe685a7},
    {0xdef, 0xe685a8},
    {0x1ab9, 0xe685ab},
    {0x115d, 0xe685ae},
    {0x1894, 0xe685b0},
    {0xe58, 0xe685b6},
    {0xdd8, 0xe685b7},
    {0x1be1, 0xe685bd},
    {0x1818, 0xe685be},
    {0x1c57, 0xe68681},
    {0x1840, 0xe68682},
    {0x1446, 0xe6868a},
    {0x1b14, 0xe6868e},
    {0x1171, 0xe68690},
    {0x1475, 0xe68691},
    {0x1c31, 0xe68694},
    {0x1f6c, 0xe68698},
    {0x1f6b, 0xe68699},
    {0x1cf4, 0xe6869a},
    {0x1427, 0xe686a4},
    {0x10f0, 0xe686a7},
    {0xe2c, 0xe686a9},
    {0x1309, 0xe686ab},
    {0xe59, 0xe686ac},
    {0x12ce, 0xe686ae},
    {0x1e2b, 0xe686b2},
    {0x1719, 0xe686b6},
    {0x107b, 0xe686ba},
    {0xdbb, 0xe686be},
    {0xfba, 0xe68783},
    {0xd9b, 0xe68787},
    {0x1e0c, 0xe68788},
    {0x18f7, 0xe68789},
    {0x17af, 0xe6878a},
    {0x12cf, 0xe6878b},
    {0x1027, 0xe687a6},
    {0x1b7f, 0xe687b2},
    {0x1117, 0xe687b6},
    {0x1efe, 0xe687b7},
    {0x1e39, 0xe687b8},
    {0x1baf, 0xe687ba},
    {0xf46, 0xe687bc},
    {0x18ff, 0xe687bf},
    {0x1172, 0xe68880},
    {0x1093, 0xe68887},
    {0xedc, 0xe68888},
    {0x12d0, 0xe6888a},
    {0x1623, 0xe6888c},
    {0x15cb, 0xe6888d},
    {0x18e1, 0xe6888e},
    {0x1567, 0xe68890},
    {0x1695, 0xe68891},
    {0xe80, 0xe68892},
    {0x1ea2, 0xe68896},
    {0x1be2, 0xe6889a},
    {0xfb3, 0xe6889f},
    {0xdbc, 0xe688a1},
    {0x1a1d, 0xe688aa},
    {0x11f0, 0xe688ae},
    {0x1a01, 0xe688b0},
    {0x1f6d, 0xe688b1},
    {0x10a2, 0xe688b4},
    {0x1e80, 0xe688b6},
    {0x115e, 0xe688be},
    {0x1354, 0xe688bf},
    {0x1583, 0xe68980},
    {0x1d60, 0xe68981},
    {0x1530, 0xe68987},
    {0x1e81, 0xe68988},
    {0x1447, 0xe68989},
    {0x15cc, 0xe6898b},
    {0x19ae, 0xe6898d},
    {0x1cda, 0xe68993},
    {0x1ce6, 0xe68998},
    {0x1428, 0xe689ae},
    {0xfd6, 0xe689b1},
    {0x1404, 0xe689b6},
    {0x1448, 0xe689b9},
    {0x16dc, 0xe689bc},
    {0x1637, 0xe689bf},
    {0xff0, 0xe68a80},
    {0x1c32, 0xe68a84},
    {0xe40, 0xe68a89},
    {0x1d35, 0xe68a8a},
    {0x171a, 0xe68a91},
    {0x1504, 0xe68a92},
    {0x1d2c, 0xe68a95},
    {0x1dfc, 0xe68a97},
    {0x1a1e, 0xe68a98},
    {0x1d81, 0xe68a9b},
    {0x1dae, 0xe68aab},
    {0x1d82, 0xe68ab1},
    {0x19c5, 0xe68ab5},
    {0x1252, 0xe68ab9},
    {0x16c6, 0xe68abc},
    {0x1c62, 0xe68abd},
    {0x1436, 0xe68b82},
    {0x12d1, 0xe68b87},
    {0x1045, 0xe68b88},
    {0x1139, 0xe68b89},
    {0x132d, 0xe68b8c},
    {0x1318, 0xe68b8d},
    {0x1028, 0xe68b8f},
    {0xf15, 0xe68b90},
    {0xe05, 0xe68b92},
    {0x1be3, 0xe68b93},
    {0x1343, 0xe68b94},
    {0x1cdb, 0xe68b96},
    {0x1804, 0xe68b97},
    {0xf47, 0xe68b98},
    {0x1ab3, 0xe68b99},
    {0x1c33, 0xe68b9b},
    {0x136d, 0xe68b9c},
    {0xefd, 0xe68bac},
    {0x165c, 0xe68bad},
    {0x1021, 0xe68bae},
    {0x1b16, 0xe68baf},
    {0xed2, 0xe68bb1},
    {0xf86, 0xe68bb3},
    {0xe9a, 0xe68bb7},
    {0x162e, 0xe68bbe},
    {0x1029, 0xe68bbf},
    {0x1b24, 0xe68c81},
    {0x1b25, 0xe68c87},
    {0x16b1, 0xe68c89},
    {0x10ba, 0xe68c91},
    {0x1aca, 0xe68cab},
    {0x1b47, 0xe68caf},
    {0x1a3d, 0xe68cba},
    {0x174b, 0xe68cbb},
    {0x1244, 0xe68cbd},
    {0x1e53, 0xe68cbe},
    {0x1b8f, 0xe68d89},
    {0x1d4d, 0xe68d8c},
    {0x102f, 0xe68d8f},
    {0x174a, 0xe68d90},
    {0x1d83, 0xe68d95},
    {0x13ea, 0xe68da7},
    {0x1491, 0xe68da8},
    {0xe06, 0xe68dae},
    {0xf87, 0xe68db2},
    {0x1c16, 0xe68db7},
    {0x1030, 0xe68dba},
    {0x1046, 0xe68dbb},
    {0x1505, 0xe68dbf},
    {0x1584, 0xe68e83},
    {0x15cd, 0xe68e88},
    {0x10bb, 0xe68e89},
    {0x1991, 0xe68e8c},
    {0x136e, 0xe68e92},
    {0x16dd, 0xe68e96},
    {0xf79, 0xe68e98},
    {0xf0d, 0xe68e9b},
    {0x1149, 0xe68ea0},
    {0x1bcf, 0xe68ea1},
    {0x1cfc, 0xe68ea2},
    {0x1a2d, 0xe68ea5},
    {0xed3, 0xe68ea7},
    {0x1c63, 0xe68ea8},
    {0x1729, 0xe68ea9},
    {0x1a85, 0xe68eaa},
    {0xd9c, 0xe68f80},
    {0x18b4, 0xe68f84},
    {0xf9d, 0xe68f86},
    {0x12c4, 0xe68f8f},
    {0x1a6e, 0xe68f90},
    {0x18f3, 0xe68f96},
    {0x16fb, 0xe68f9a},
    {0x1ed0, 0xe68f9b},
    {0x16a7, 0xe68fa1},
    {0xe2d, 0xe68fad},
    {0x1f3f, 0xe68fae},
    {0x187a, 0xe68fb4},
    {0x16eb, 0xe68fb6},
    {0x14cf, 0xe68fb7},
    {0x15ac, 0xe6908d},
    {0x1319, 0xe6908f},
    {0x1585, 0xe69094},
    {0x1805, 0xe69096},
    {0x10bc, 0xe69097},
    {0x15ce, 0xe6909c},
    {0x1b48, 0xe690a2},
    {0x132e, 0xe690ac},
    {0x1d01, 0xe690ad},
    {0x1f46, 0xe690ba},
    {0x1b90, 0xe690be},
    {0x19df, 0xe69198},
    {0x1c58, 0xe691a0},
    {0x1230, 0xe691a9},
    {0x1b26, 0xe691af},
    {0x1a2e, 0xe691ba},
    {0x11a0, 0xe69288},
    {0x1d17, 0xe69291},
    {0x14c4, 0xe69292},
    {0x1806, 0xe69293},
    {0x1041, 0xe6929a},
    {0x1094, 0xe6929e},
    {0x1c03, 0xe692a4},
    {0x1344, 0xe692a5},
    {0x12d2, 0xe692ab},
    {0x1d36, 0xe692ad},
    {0x1c5d, 0xe692ae},
    {0x1b96, 0xe692b0},
    {0x131a, 0xe692b2},
    {0x1074, 0xe692bb},
    {0x17cb, 0xe69381},
    {0x11a1, 0xe69384},
    {0x1bf1, 0xe69385},
    {0x1d15, 0xe69387},
    {0xe2e, 0xe6938a},
    {0x1a86, 0xe6938d},
    {0xe5a, 0xe6938e},
    {0xfc8, 0xe69392},
    {0x107c, 0xe69394},
    {0x139f, 0xe69398},
    {0xe07, 0xe6939a},
    {0x10a3, 0xe693a1},
    {0x1ce7, 0xe693a2},
    {0x1130, 0xe693a5},
    {0x1ba7, 0xe693a6},
    {0xe08, 0xe693a7},
    {0x1900, 0xe693ac},
    {0x1be4, 0xe693b2},
    {0x1ec5, 0xe693b4},
    {0x1d37, 0xe693ba},
    {0x1807, 0xe693be},
    {0x132f, 0xe69480},
    {0x1d18, 0xe69484},
    {0x16fc, 0xe69498},
    {0x155f, 0xe6949d},
    {0x1173, 0xe694a3},
    {0xf23, 0xe694aa},
    {0x1ec6, 0xe694ab},
    {0x1131, 0xe694ac},
    {0x1b27, 0xe694af},
    {0x15cf, 0xe694b6},
    {0xe9b, 0xe694b7},
    {0x18b5, 0xe694b8},
    {0xdf0, 0xe694b9},
    {0xed4, 0xe694bb},
    {0x1355, 0xe694be},
    {0x1a3e, 0xe694bf},
    {0xe9c, 0xe69585},
    {0x1f14, 0xe69588},
    {0x1506, 0xe6958d},
    {0xf24, 0xe6958e},
    {0x130a, 0xe6958f},
    {0xf48, 0xe69591},
    {0x17b0, 0xe69596},
    {0x1d51, 0xe69597},
    {0x1bbc, 0xe6959e},
    {0xdbd, 0xe695a2},
    {0x14ba, 0xe695a3},
    {0x10e1, 0xe695a6},
    {0xe5b, 0xe695ac},
    {0x16fd, 0xe695ad},
    {0xe9d, 0xe695b2},
    {0x1a3f, 0xe695b4},
    {0x19e0, 0xe695b5},
    {0x1405, 0xe695b7},
    {0x15d0, 0xe695b8},
    {0x1531, 0xe695be},
    {0x1184, 0xe69682},
    {0x1d73, 0xe69683},
    {0x1f15, 0xe69685},
    {0x12e8, 0xe69687},
    {0x146a, 0xe6968c},
    {0x1449, 0xe69690},
    {0x1330, 0xe69691},
    {0x10fd, 0xe69697},
    {0x11cb, 0xe69699},
    {0xeb8, 0xe6969b},
    {0x1492, 0xe6969c},
    {0x1b76, 0xe6969f},
    {0x16b9, 0xe696a1},
    {0xfbb, 0xe696a4},
    {0x1be5, 0xe696a5},
    {0x1406, 0xe696a7},
    {0x1970, 0xe696ab},
    {0x1bb0, 0xe696ac},
    {0x1493, 0xe696af},
    {0x166e, 0xe696b0},
    {0x1067, 0xe696b7},
    {0x1356, 0xe696b9},
    {0x1710, 0xe696bc},
    {0x1647, 0xe696bd},
    {0x1357, 0xe69781},
    {0x115f, 0xe69785},
    {0x1532, 0xe6978b},
    {0x1a40, 0xe6978c},
    {0x1aac, 0xe6978f},
    {0x11e2, 0xe69792},
    {0xff1, 0xe69797},
    {0x12d3, 0xe697a0},
    {0xff2, 0xe697a3},
    {0x1940, 0xe697a5},
    {0x1068, 0xe697a6},
    {0x1b28, 0xe697a8},
    {0x1a87, 0xe697a9},
    {0x160c, 0xe697ac},
    {0x1857, 0xe697ad},
    {0x1dd6, 0xe697b1},
    {0x1841, 0xe697b4},
    {0x17ef, 0xe697ba},
    {0x10e2, 0xe697bd},
    {0x17b1, 0xe697bf},
    {0xec1, 0xe69886},
    {0x1638, 0xe69887},
    {0x1358, 0xe69889},
    {0x1e82, 0xe6988a},
    {0x1bbd, 0xe6988c},
    {0x128f, 0xe6988e},
    {0x1ea5, 0xe6988f},
    {0x1429, 0xe69890},
    {0xfc9, 0xe69891},
    {0x173e, 0xe69893},
    {0x151f, 0xe69894},
    {0x1f53, 0xe69895},
    {0x13b6, 0xe6989e},
    {0x1568, 0xe6989f},
    {0x1775, 0xe698a0},
    {0x1c84, 0xe698a5},
    {0x1268, 0xe698a7},
    {0x1971, 0xe698a8},
    {0x1586, 0xe698ad},
    {0x1648, 0xe698af},
    {0x1dc5, 0xe698b0},
    {0x1858, 0xe698b1},
    {0x12c5, 0xe698b4},
    {0x1bbe, 0xe698b6},
    {0x13b7, 0xe698ba},
    {0x16cc, 0xe698bb},
    {0x1a88, 0xe69981},
    {0x1649, 0xe69982},
    {0x1b49, 0xe69989},
    {0x1b4a, 0xe6998b},
    {0x16b2, 0xe6998f},
    {0x1afc, 0xe69999},
    {0x1e3a, 0xe6999b},
    {0x1ad9, 0xe6999d},
    {0x1f6e, 0xe6999e},
    {0x1569, 0xe6999f},
    {0x17b2, 0xe699a4},
    {0x1ed2, 0xe699a5},
    {0x1eff, 0xe699a6},
    {0x1e83, 0xe699a7},
    {0x166f, 0xe699a8},
    {0x1245, 0xe699a9},
    {0x1ce8, 0xe699ab},
    {0x13c6, 0xe699ae},
    {0xe5c, 0xe699af},
    {0x1520, 0xe699b3},
    {0x1c1e, 0xe699b4},
    {0x1a41, 0xe699b6},
    {0xf96, 0xe699b7},
    {0x1a42, 0xe699b8},
    {0x1b29, 0xe699ba},
    {0x1f37, 0xe69a84},
    {0xd77, 0xe69a87},
    {0x1f34, 0xe69a88},
    {0x1f40, 0xe69a89},
    {0x1776, 0xe69a8e},
    {0x1895, 0xe69a90},
    {0x1507, 0xe69a91},
    {0x102c, 0xe69a96},
    {0x16c1, 0xe69a97},
    {0x16fe, 0xe69a98},
    {0x1290, 0xe69a9d},
    {0xe9e, 0xe69aa0},
    {0x1bbf, 0xe69aa2},
    {0x1980, 0xe69aab},
    {0x12a4, 0xe69aae},
    {0x1992, 0xe69ab2},
    {0x1e73, 0xe69ab3},
    {0x1d94, 0xe69ab4},
    {0x1558, 0xe69ab9},
    {0xe5d, 0xe69abb},
    {0x10e3, 0xe69abe},
    {0x176f, 0xe69b84},
    {0x116b, 0xe69b86},
    {0x107d, 0xe69b87},
    {0x1f16, 0xe69b89},
    {0x16d5, 0xe69b96},
    {0x1508, 0xe69b99},
    {0x1808, 0xe69b9c},
    {0x1d95, 0xe69b9d},
    {0xf04, 0xe69ba0},
    {0x1f6f, 0xe69ba6},
    {0x17ed, 0xe69bb0},
    {0xeb9, 0xe69bb2},
    {0x1791, 0xe69bb3},
    {0xe5e, 0xe69bb4},
    {0xdae, 0xe69bb7},
    {0x1509, 0xe69bb8},
    {0x1a8a, 0xe69bb9},
    {0x1a89, 0xe69bba},
    {0x1246, 0xe69bbc},
    {0x1b15, 0xe69bbe},
    {0x1c26, 0xe69bbf},
    {0x1c60, 0xe69c80},
    {0x1f00, 0xe69c83},
    {0x1889, 0xe69c88},
    {0x18b6, 0xe69c89},
    {0x1438, 0xe69c8b},
    {0x13d8, 0xe69c8d},
    {0x14b6, 0xe69c94},
    {0x1b77, 0xe69c95},
    {0x113d, 0xe69c97},
    {0x125c, 0xe69c9b},
    {0x1a8b, 0xe69c9d},
    {0x12be, 0xe69ca6},
    {0x11ba, 0xe69ca7},
    {0x12b4, 0xe69ca8},
    {0x12f9, 0xe69caa},
    {0x1253, 0xe69cab},
    {0x13e3, 0xe69cac},
    {0x1ba8, 0xe69cad},
    {0x1c88, 0xe69cae},
    {0x1ada, 0xe69cb1},
    {0x131b, 0xe69cb4},
    {0x1cdc, 0xe69cb6},
    {0xf90, 0xe69cba},
    {0x1f27, 0xe69cbd},
    {0xd9d, 0xe69d86},
    {0x14c9, 0xe69d89},
    {0x120c, 0xe69d8e},
    {0x1e1b, 0xe69d8f},
    {0x19af, 0xe69d90},
    {0x1c51, 0xe69d91},
    {0x1d9c, 0xe69d93},
    {0x1993, 0xe69d96},
    {0x10fe, 0xe69d9c},
    {0xff5, 0xe69d9e},
    {0x15a3, 0xe69d9f},
    {0x1dfd, 0xe69dad},
    {0x136f, 0xe69daf},
    {0xe1f, 0xe69db0},
    {0x10f1, 0xe69db1},
    {0x12c6, 0xe69db3},
    {0x19c6, 0xe69db5},
    {0x1d38, 0xe69db7},
    {0x1057, 0xe69dbb},
    {0x15b3, 0xe69dbe},
    {0x1d44, 0xe69dbf},
    {0x144a, 0xe69e87},
    {0x17f0, 0xe69e89},
    {0x1359, 0xe69e8b},
    {0x1032, 0xe69e8f},
    {0x1521, 0xe69e90},
    {0x10ff, 0xe69e93},
    {0x1cc9, 0xe69e95},
    {0x1227, 0xe69e97},
    {0x1269, 0xe69e9a},
    {0xedd, 0xe69e9c},
    {0x1b2a, 0xe69e9d},
    {0xe9f, 0xe69eaf},
    {0x1d6b, 0xe69eb0},
    {0x1b2b, 0xe69eb3},
    {0xf49, 0xe69eb8},
    {0x164a, 0xe69ebe},
    {0x13b8, 0xe69f84},
    {0x137f, 0xe69f8f},
    {0x12a5, 0xe69f90},
    {0xdbe, 0xe69f91},
    {0x1cc5, 0xe69f92},
    {0x1766, 0xe69f93},
    {0x18b7, 0xe69f94},
    {0x18b8, 0xe69f9a},
    {0x1ce9, 0xe69f9d},
    {0xf4a, 0xe69fa9},
    {0xd9e, 0xe69fac},
    {0xd7a, 0xe69faf},
    {0x103d, 0xe69fb0},
    {0x1adb, 0xe69fb1},
    {0x11e3, 0xe69fb3},
    {0x164b, 0xe69fb4},
    {0x1bd7, 0xe69fb5},
    {0x1494, 0xe69fb6},
    {0x1495, 0xe69fbb},
    {0x1a43, 0xe69fbe},
    {0x160d, 0xe6a092},
    {0x1a02, 0xe6a093},
    {0x150a, 0xe6a096},
    {0x11fa, 0xe6a097},
    {0xf25, 0xe6a0a1},
    {0x1380, 0xe6a0a2},
    {0x1adc, 0xe6a0aa},
    {0x1859, 0xe6a0af},
    {0x1e18, 0xe6a0b8},
    {0xfbc, 0xe6a0b9},
    {0xe2f, 0xe6a0bc},
    {0x19b0, 0xe6a0bd},
    {0xe20, 0xe6a180},
    {0x1dfe, 0xe6a181},
    {0xe81, 0xe6a182},
    {0x10bd, 0xe6a183},
    {0x16b3, 0xe6a188},
    {0x1b6c, 0xe6a18e},
    {0x10f2, 0xe6a190},
    {0x14e2, 0xe6a191},
    {0x1ed3, 0xe6a193},
    {0x1022, 0xe6a194},
    {0x1b4b, 0xe6a1ad},
    {0x1d1e, 0xe6a1b6},
    {0xd9f, 0xe6a1bf},
    {0x114f, 0xe6a281},
    {0x126a, 0xe6a285},
    {0xeba, 0xe6a28f},
    {0x19b1, 0xe6a293},
    {0x1cae, 0xe6a294},
    {0xe5f, 0xe6a297},
    {0x1a8c, 0xe6a29d},
    {0x1f17, 0xe6a29f},
    {0x17de, 0xe6a2a1},
    {0x1c34, 0xe6a2a2},
    {0x17b3, 0xe6a2a7},
    {0x120d, 0xe6a2a8},
    {0x1496, 0xe6a2ad},
    {0x1a6f, 0xe6a2af},
    {0xe82, 0xe6a2b0},
    {0xec2, 0xe6a2b1},
    {0x1587, 0xe6a2b3},
    {0x1393, 0xe6a2b5},
    {0x12fa, 0xe6a2b6},
    {0xff7, 0xe6a384},
    {0x13b9, 0xe6a385},
    {0x1282, 0xe6a389},
    {0xff6, 0xe6a38b},
    {0xec3, 0xe6a38d},
    {0x13eb, 0xe6a392},
    {0x1aba, 0xe6a395},
    {0x1a8d, 0xe6a397},
    {0xfb4, 0xe6a398},
    {0x1439, 0xe6a39a},
    {0x10f3, 0xe6a39f},
    {0x1095, 0xe6a3a0},
    {0x197b, 0xe6a3a7},
    {0xe83, 0xe6a3a8},
    {0x14ca, 0xe6a3ae},
    {0x150b, 0xe6a3b2},
    {0x10be, 0xe6a3b9},
    {0xeef, 0xe6a3ba},
    {0x17df, 0xe6a480},
    {0x1901, 0xe6a485},
    {0x165d, 0xe6a48d},
    {0x1c64, 0xe6a48e},
    {0x1c35, 0xe6a492},
    {0x1291, 0xe6a4a7},
    {0x16ec, 0xe6a4b0},
    {0x174c, 0xe6a4bd},
    {0x1c85, 0xe6a4bf},
    {0x16ff, 0xe6a58a},
    {0x1da8, 0xe6a593},
    {0x154c, 0xe6a594},
    {0x1cdd, 0xe6a595},
    {0xe17, 0xe6a597},
    {0x12d4, 0xe6a599},
    {0x1c36, 0xe6a59a},
    {0x1200, 0xe6a59e},
    {0x1033, 0xe6a5a0},
    {0x12fb, 0xe6a5a3},
    {0x1a44, 0xe6a5a8},
    {0x1b10, 0xe6a5ab},
    {0x172c, 0xe6a5ad},
    {0x19c7, 0xe6a5ae},
    {0x160e, 0xe6a5af},
    {0xfb5, 0xe6a5b5},
    {0x1e0d, 0xe6a5b7},
    {0x1c65, 0xe6a5b8},
    {0x1777, 0xe6a5b9},
    {0x1827, 0xe6a695},
    {0x1b4c, 0xe6a69b},
    {0x135a, 0xe6a69c},
    {0x1ee9, 0xe6a6a5},
    {0x144b, 0xe6a6a7},
    {0x1778, 0xe6a6ae},
    {0x11e4, 0xe6a6b4},
    {0x1d02, 0xe6a6bb},
    {0xea0, 0xe6a781},
    {0x1331, 0xe6a783},
    {0xf4b, 0xe6a78b},
    {0x1d24, 0xe6a78c},
    {0x1bc0, 0xe6a78d},
    {0xf16, 0xe6a790},
    {0xee8, 0xe6a7a8},
    {0xdf1, 0xe6a7aa},
    {0xf9e, 0xe6a7bb},
    {0x1a8e, 0xe6a7bd},
    {0xfbd, 0xe6a7bf},
    {0x16a8, 0xe6a882},
    {0x1385, 0xe6a88a},
    {0x1150, 0xe6a891},
    {0x11d7, 0xe6a893},
    {0x19c8, 0xe6a897},
    {0x1d9d, 0xe6a899},
    {0x1c66, 0xe6a89e},
    {0x1994, 0xe6a89f},
    {0x12a6, 0xe6a8a1},
    {0x1700, 0xe6a8a3},
    {0x1c37, 0xe6a8b5},
    {0x131c, 0xe6a8b8},
    {0x15d1, 0xe6a8b9},
    {0x1eba, 0xe6a8ba},
    {0x1afd, 0xe6a8bd},
    {0xdbf, 0xe6a984},
    {0x1809, 0xe6a988},
    {0xf26, 0xe6a98b},
    {0x185f, 0xe6a992},
    {0x160f, 0xe6a993},
    {0xfaf, 0xe6a998},
    {0x110e, 0xe6a999},
    {0xff8, 0xe6a99f},
    {0x14e3, 0xe6a9a1},
    {0x1f0f, 0xe6a9ab},
    {0x1069, 0xe6aa80},
    {0xe30, 0xe6aa84},
    {0x1a45, 0xe6aa89},
    {0x171b, 0xe6aa8d},
    {0xfca, 0xe6aa8e},
    {0x13a0, 0xe6aa97},
    {0x1f01, 0xe6aa9c},
    {0xe24, 0xe6aaa2},
    {0x1995, 0xe6aaa3},
    {0x146b, 0xe6aab3},
    {0x1de8, 0xe6aabb},
    {0x10bf, 0xe6ab82},
    {0xf91, 0xe6ab83},
    {0x11a2, 0xe6ab93},
    {0x1160, 0xe6ab9a},
    {0x1b0f, 0xe6ab9b},
    {0x1e2c, 0xe6abb6},
    {0x16e2, 0xe6abbb},
    {0x1127, 0xe6ac84},
    {0xf88, 0xe6ac8a},
    {0x1996, 0xe6ac8c},
    {0x1128, 0xe6ac92},
    {0x1132, 0xe6ac96},
    {0x1f5b, 0xe6aca0},
    {0x1b88, 0xe6aca1},
    {0x1f54, 0xe6aca3},
    {0x1819, 0xe6acb2},
    {0xff9, 0xe6acba},
    {0x1f5c, 0xe6acbd},
    {0xef0, 0xe6acbe},
    {0x1f5d, 0xe6ad86},
    {0x1e2f, 0xe6ad87},
    {0xd7b, 0xe6ad8c},
    {0x1cf5, 0xe6ad8e},
    {0xf4c, 0xe6ad90},
    {0x1731, 0xe6ad9f},
    {0x1ed1, 0xe6ada1},
    {0x1b2c, 0xe6ada2},
    {0x1a46, 0xe6ada3},
    {0x1b89, 0xe6ada4},
    {0x13c7, 0xe6ada5},
    {0x12d5, 0xe6ada6},
    {0x17f5, 0xe6adaa},
    {0x1576, 0xe6adb2},
    {0x116c, 0xe6adb7},
    {0xf97, 0xe6adb8},
    {0x1497, 0xe6adbb},
    {0x12bb, 0xe6adbf},
    {0x16cd, 0xe6ae83},
    {0x1b4d, 0xe6ae84},
    {0x1d0c, 0xe6ae86},
    {0x1610, 0xe6ae89},
    {0x15d2, 0xe6ae8a},
    {0x165e, 0xe6ae96},
    {0x197c, 0xe6ae98},
    {0x1860, 0xe6ae9e},
    {0x1185, 0xe6aeae},
    {0x146c, 0xe6aeaf},
    {0x1559, 0xe6aeb2},
    {0x106a, 0xe6aeb5},
    {0x18e8, 0xe6aeb7},
    {0x14c5, 0xe6aeba},
    {0xd8e, 0xe6aebc},
    {0x1a03, 0xe6aebf},
    {0x1f3c, 0xe6af81},
    {0x1902, 0xe6af85},
    {0xf4d, 0xe6af86},
    {0x12d6, 0xe6af8b},
    {0x12a7, 0xe6af8d},
    {0x126b, 0xe6af8f},
    {0x10d5, 0xe6af92},
    {0x18d4, 0xe6af93},
    {0x144c, 0xe6af94},
    {0x12a8, 0xe6af9b},
    {0x1e84, 0xe6afab},
    {0xf4e, 0xe6afac},
    {0x1a04, 0xe6b088},
    {0x168e, 0xe6b08f},
    {0x130d, 0xe6b091},
    {0x1278, 0xe6b093},
    {0xffa, 0xe6b0a3},
    {0x15d3, 0xe6b0b4},
    {0x1476, 0xe6b0b7},
    {0x1779, 0xe6b0b8},
    {0x1394, 0xe6b0be},
    {0x1a47, 0xe6b180},
    {0x1b11, 0xe6b181},
    {0xf4f, 0xe6b182},
    {0x1395, 0xe6b18e},
    {0x1522, 0xe6b190},
    {0x14bb, 0xe6b195},
    {0x1dd7, 0xe6b197},
    {0x17b4, 0xe6b19a},
    {0x1732, 0xe6b19d},
    {0x1eaf, 0xe6b19e},
    {0xdd9, 0xe6b19f},
    {0x1b2d, 0xe6b1a0},
    {0xec8, 0xe6b1a8},
    {0x17f1, 0xe6b1aa},
    {0x1792, 0xe6b1ad},
    {0x1d0d, 0xe6b1b0},
    {0xfd7, 0xe6b1b2},
    {0x12e9, 0xe6b1b6},
    {0xe41, 0xe6b1ba},
    {0xffb, 0xe6b1bd},
    {0x142a, 0xe6b1be},
    {0x1685, 0xe6b281},
    {0xffc, 0xe6b282},
    {0x17bf, 0xe6b283},
    {0x187b, 0xe6b285},
    {0x1dff, 0xe6b286},
    {0x174d, 0xe6b287},
    {0x1cca, 0xe6b288},
    {0x10e4, 0xe6b28c},
    {0x12b5, 0xe6b290},
    {0x12bc, 0xe6b292},
    {0x108a, 0xe6b293},
    {0x1283, 0xe6b294},
    {0x12f1, 0xe6b295},
    {0x1c8c, 0xe6b296},
    {0x1498, 0xe6b299},
    {0x1b2e, 0xe6b29a},
    {0x1d52, 0xe6b29b},
    {0x1254, 0xe6b2ab},
    {0x19c9, 0xe6b2ae},
    {0x1dc6, 0xe6b2b3},
    {0x1450, 0xe6b2b8},
    {0x18bb, 0xe6b2b9},
    {0x1caf, 0xe6b2bb},
    {0x1588, 0xe6b2bc},
    {0xea1, 0xe6b2bd},
    {0x1c0b, 0xe6b2be},
    {0x174e, 0xe6b2bf},
    {0x1eea, 0xe6b381},
    {0x1e60, 0xe6b382},
    {0x154d, 0xe6b384},
    {0x1bf2, 0xe6b389},
    {0x131d, 0xe6b38a},
    {0x1db7, 0xe6b38c},
    {0x1eb0, 0xe6b393},
    {0x139a, 0xe6b395},
    {0x1499, 0xe6b397},
    {0x1396, 0xe6b39b},
    {0x1d84, 0xe6b3a1},
    {0x1d39, 0xe6b3a2},
    {0x18f4, 0xe6b3a3},
    {0x105b, 0xe6b3a5},
    {0x1add, 0xe6b3a8},
    {0x1e3b, 0xe6b3ab},
    {0x1332, 0xe6b3ae},
    {0x130e, 0xe6b3af},
    {0x1d0e, 0xe6b3b0},
    {0x177a, 0xe6b3b3},
    {0x1701, 0xe6b48b},
    {0x1180, 0xe6b48c},
    {0x13c8, 0xe6b491},
    {0x1577, 0xe6b497},
    {0x15d4, 0xe6b499},
    {0x111e, 0xe6b49b},
    {0x10f4, 0xe6b49e},
    {0x1b4e, 0xe6b4a5},
    {0x18bc, 0xe6b4a7},
    {0x154e, 0xe6b4a9},
    {0x1eb1, 0xe6b4aa},
    {0x1ade, 0xe6b4b2},
    {0x1611, 0xe6b4b5},
    {0x1f50, 0xe6b4b6},
    {0xf05, 0xe6b4b8},
    {0x187c, 0xe6b4b9},
    {0x1edb, 0xe6b4bb},
    {0x1f60, 0xe6b4bd},
    {0x1d3a, 0xe6b4be},
    {0x11e5, 0xe6b581},
    {0x1a1f, 0xe6b599},
    {0x1afe, 0xe6b59a},
    {0x146d, 0xe6b59c},
    {0x17e0, 0xe6b5a3},
    {0x1d85, 0xe6b5a6},
    {0x1e85, 0xe6b5a9},
    {0x113e, 0xe6b5aa},
    {0x120e, 0xe6b5ac},
    {0x1407, 0xe6b5ae},
    {0x181a, 0xe6b5b4},
    {0x1e0e, 0xe6b5b7},
    {0x1ccb, 0xe6b5b8},
    {0x1e54, 0xe6b5b9},
    {0x1d53, 0xe6b5bf},
    {0x1762, 0xe6b685},
    {0xe60, 0xe6b687},
    {0x1589, 0xe6b688},
    {0x1560, 0xe6b689},
    {0x1828, 0xe6b68c},
    {0x1f18, 0xe6b68d},
    {0x174f, 0xe6b68e},
    {0x15a4, 0xe6b691},
    {0x1750, 0xe6b693},
    {0x1c27, 0xe6b695},
    {0x16d6, 0xe6b6af},
    {0x16de, 0xe6b6b2},
    {0x1de9, 0xe6b6b5},
    {0x1a48, 0xe6b780},
    {0xf89, 0xe6b783},
    {0x1cb0, 0xe6b784},
    {0x1523, 0xe6b785},
    {0x1f19, 0xe6b786},
    {0xffd, 0xe6b787},
    {0x1228, 0xe6b78b},
    {0x1e86, 0xe6b78f},
    {0x1601, 0xe6b791},
    {0x10c0, 0xe6b798},
    {0x1abb, 0xe6b799},
    {0x11d8, 0xe6b79a},
    {0x15b4, 0xe6b79e},
    {0x107e, 0xe6b7a1},
    {0x1a49, 0xe6b7a8},
    {0x11f5, 0xe6b7aa},
    {0x18ee, 0xe6b7ab},
    {0x1f02, 0xe6b7ae},
    {0x1686, 0xe6b7b1},
    {0x1612, 0xe6b7b3},
    {0x1751, 0xe6b7b5},
    {0x1ea6, 0xe6b7b7},
    {0x1c1f, 0xe6b7b8},
    {0x172a, 0xe6b7b9},
    {0x1bf3, 0xe6b7ba},
    {0x1c0c, 0xe6b7bb},
    {0x14cb, 0xe6b897},
    {0x1ed4, 0xe6b899},
    {0x19ca, 0xe6b89a},
    {0xdc0, 0xe6b89b},
    {0x1a4a, 0xe6b89f},
    {0xe09, 0xe6b8a0},
    {0x10c1, 0xe6b8a1},
    {0x149a, 0xe6b8a3},
    {0x1345, 0xe6b8a4},
    {0x16a9, 0xe6b8a5},
    {0x17d3, 0xe6b8a6},
    {0x154f, 0xe6b8ab},
    {0x1ca6, 0xe6b8ac},
    {0x1896, 0xe6b8ad},
    {0x1e00, 0xe6b8af},
    {0x1533, 0xe6b8b2},
    {0xdaf, 0xe6b8b4},
    {0x177b, 0xe6b8b6},
    {0x18bd, 0xe6b8b8},
    {0x12c7, 0xe6b8ba},
    {0x12fc, 0xe6b8bc},
    {0x19b2, 0xe6b8bd},
    {0x1ea7, 0xe6b8be},
    {0x1370, 0xe6b983},
    {0x12fd, 0xe6b984},
    {0x1adf, 0xe6b98a},
    {0x106b, 0xe6b98d},
    {0x1e87, 0xe6b996},
    {0x14e4, 0xe6b998},
    {0x107f, 0xe6b99b},
    {0x165f, 0xe6b99c},
    {0x1a4b, 0xe6b99e},
    {0x1eeb, 0xe6b99f},
    {0x1829, 0xe6b9a7},
    {0x1c67, 0xe6b9ab},
    {0x1935, 0xe6b9ae},
    {0x1d05, 0xe6b9af},
    {0x187d, 0xe6b9b2},
    {0x1034, 0xe6b9b3},
    {0x13c9, 0xe6b9ba},
    {0x187e, 0xe6ba90},
    {0x1aff, 0xe6ba96},
    {0x11e6, 0xe6ba9c},
    {0xf50, 0xe6ba9d},
    {0x1292, 0xe6ba9f},
    {0x1941, 0xe6baa2},
    {0x1408, 0xe6baa5},
    {0xe84, 0xe6baaa},
    {0x17c3, 0xe6baab},
    {0x158a, 0xe6baaf},
    {0x1b4f, 0xe6bab1},
    {0x182a, 0xe6bab6},
    {0x105d, 0xe6baba},
    {0x135b, 0xe6bb82},
    {0x1bc1, 0xe6bb84},
    {0x128a, 0xe6bb85},
    {0x1eec, 0xe6bb89},
    {0x195d, 0xe6bb8b},
    {0x1be6, 0xe6bb8c},
    {0x1e61, 0xe6bb8e},
    {0x1edc, 0xe6bb91},
    {0x19b3, 0xe6bb93},
    {0x10c2, 0xe6bb94},
    {0x1c28, 0xe6bbaf},
    {0x19e1, 0xe6bbb4},
    {0x1e88, 0xe6bbb8},
    {0xec4, 0xe6bbbe},
    {0x1247, 0xe6bbbf},
    {0x1711, 0xe6bc81},
    {0x1d9e, 0xe6bc82},
    {0x1cc6, 0xe6bc86},
    {0x11d9, 0xe6bc8f},
    {0xdf2, 0xe6bc91},
    {0x1752, 0xe6bc94},
    {0x1a8f, 0xe6bc95},
    {0x123a, 0xe6bca0},
    {0x1dd8, 0xe6bca2},
    {0x1174, 0xe6bca3},
    {0x1248, 0xe6bcab},
    {0x1b2f, 0xe6bcac},
    {0x15d5, 0xe6bcb1},
    {0x1bc2, 0xe6bcb2},
    {0x1a27, 0xe6bcb8},
    {0x1997, 0xe6bcbf},
    {0x177c, 0xe6bd81},
    {0x1346, 0xe6bd91},
    {0xe42, 0xe6bd94},
    {0x1b79, 0xe6bd97},
    {0x1333, 0xe6bd98},
    {0x1602, 0xe6bd9a},
    {0x1981, 0xe6bd9b},
    {0x11a3, 0xe6bd9e},
    {0x1524, 0xe6bd9f},
    {0x1eed, 0xe6bda2},
    {0x18da, 0xe6bda4},
    {0x1080, 0xe6bdad},
    {0x1a90, 0xe6bdae},
    {0xf92, 0xe6bdb0},
    {0x197d, 0xe6bdba},
    {0x10f5, 0xe6bdbc},
    {0x13ca, 0xe6bdbd},
    {0x121f, 0xe6bdbe},
    {0x14d0, 0xe6be81},
    {0x1b80, 0xe6be84},
    {0x1c04, 0xe6be88},
    {0x1ae0, 0xe6be8d},
    {0x1d5a, 0xe6be8e},
    {0x1861, 0xe6be90},
    {0x1e89, 0xe6be94},
    {0xda0, 0xe6be97},
    {0x1dd9, 0xe6bea3},
    {0x1d16, 0xe6bea4},
    {0x119b, 0xe6bea7},
    {0x1f03, 0xe6beae},
    {0x1b97, 0xe6beaf},
    {0x1a05, 0xe6beb1},
    {0x17b5, 0xe6beb3},
    {0x1081, 0xe6beb9},
    {0x1075, 0xe6bebe},
    {0xe31, 0xe6bf80},
    {0x1cea, 0xe6bf81},
    {0x1186, 0xe6bf82},
    {0x104f, 0xe6bf83},
    {0x1793, 0xe6bf8a},
    {0x162d, 0xe6bf95},
    {0x177d, 0xe6bf9a},
    {0x1a70, 0xe6bf9f},
    {0x1e8a, 0xe6bfa0},
    {0x18be, 0xe6bfa1},
    {0x10c3, 0xe6bfa4},
    {0x1e8b, 0xe6bfa9},
    {0x1133, 0xe6bfab},
    {0x1b00, 0xe6bfac},
    {0x1ceb, 0xe6bfaf},
    {0x146e, 0xe6bfb1},
    {0x1161, 0xe6bfbe},
    {0x1702, 0xe78081},
    {0x1e62, 0xe78085},
    {0x10d6, 0xe78086},
    {0x149b, 0xe78089},
    {0x1687, 0xe7808b},
    {0x11e7, 0xe7808f},
    {0x1d96, 0xe78091},
    {0x146f, 0xe78095},
    {0x11a4, 0xe78098},
    {0x1dda, 0xe7809a},
    {0x177e, 0xe7809b},
    {0x18e2, 0xe7809c},
    {0x116d, 0xe7809d},
    {0x1a4c, 0xe7809e},
    {0x158b, 0xe7809f},
    {0x1e0f, 0xe780a3},
    {0x11bb, 0xe780a7},
    {0x11c0, 0xe780a8},
    {0x177f, 0xe780af},
    {0x1925, 0xe780b7},
    {0x1129, 0xe780be},
    {0xef1, 0xe7818c},
    {0x1e63, 0xe78190},
    {0x15ba, 0xe78191},
    {0x1cf6, 0xe78198},
    {0x1e8c, 0xe7819d},
    {0x1249, 0xe781a3},
    {0x1ebb, 0xe781ab},
    {0x1f04, 0xe781b0},
    {0xf51, 0xe781b8},
    {0x1972, 0xe781bc},
    {0x19b4, 0xe781bd},
    {0xe61, 0xe78285},
    {0x1c99, 0xe7828a},
    {0x1767, 0xe7828e},
    {0x1c38, 0xe78292},
    {0x1f55, 0xe78298},
    {0x195e, 0xe78299},
    {0xf06, 0xe7829a},
    {0x1a4d, 0xe782a1},
    {0x158c, 0xe782a4},
    {0x1e3c, 0xe782ab},
    {0xe0a, 0xe782ac},
    {0x1cf7, 0xe782ad},
    {0x1e64, 0xe782af},
    {0x13ba, 0xe782b3},
    {0x1ae1, 0xe782b7},
    {0x1973, 0xe782b8},
    {0x1a28, 0xe782b9},
    {0x1181, 0xe78388},
    {0x1f47, 0xe7838b},
    {0x17b6, 0xe7838f},
    {0x1eb2, 0xe78398},
    {0x111f, 0xe78399},
    {0x1b17, 0xe7839d},
    {0x1753, 0xe7839f},
    {0xe62, 0xe783b1},
    {0x1d5b, 0xe783b9},
    {0x13ec, 0xe783bd},
    {0x1f2f, 0xe78484},
    {0x1720, 0xe78489},
    {0x1b01, 0xe7848c},
    {0x1371, 0xe78499},
    {0x142b, 0xe7849a},
    {0x10e5, 0xe7849e},
    {0x12d7, 0xe784a1},
    {0x1c39, 0xe784a6},
    {0x1768, 0xe784b0},
    {0x1754, 0xe784b6},
    {0x1f41, 0xe78587},
    {0x1175, 0xe78589},
    {0x1f38, 0xe7858a},
    {0x1eee, 0xe7858c},
    {0x1a06, 0xe7858e},
    {0x1780, 0xe78590},
    {0x102d, 0xe78596},
    {0x1755, 0xe78599},
    {0x185a, 0xe7859c},
    {0x14c6, 0xe7859e},
    {0x126c, 0xe785a4},
    {0x1ed5, 0xe785a5},
    {0x1f28, 0xe785a6},
    {0x1a91, 0xe785a7},
    {0x1386, 0xe785a9},
    {0x1703, 0xe785ac},
    {0x195f, 0xe785ae},
    {0x1534, 0xe785bd},
    {0x1660, 0xe78684},
    {0x1862, 0xe78689},
    {0x186d, 0xe7868a},
    {0x1f30, 0xe7868f},
    {0x1e65, 0xe78692},
    {0x182b, 0xe78694},
    {0x1f70, 0xe78699},
    {0x1603, 0xe7869f},
    {0x13ed, 0xe786a2},
    {0x17b7, 0xe786ac},
    {0x1763, 0xe786b1},
    {0x1cb1, 0xe786be},
    {0x1770, 0xe78781},
    {0x1756, 0xe78783},
    {0x110f, 0xe78788},
    {0x10e6, 0xe78789},
    {0x11cc, 0xe7878e},
    {0x1220, 0xe78790},
    {0x158d, 0xe78792},
    {0x1387, 0xe78794},
    {0x1757, 0xe78795},
    {0x1781, 0xe7879f},
    {0x1a92, 0xe787a5},
    {0x1b98, 0xe787a6},
    {0x15d6, 0xe787a7},
    {0x1c4b, 0xe787ad},
    {0x1561, 0xe787ae},
    {0x1f31, 0xe787bb},
    {0x1670, 0xe787bc},
    {0x10c4, 0xe787be},
    {0x180a, 0xe787bf},
    {0x1e33, 0xe78880},
    {0x1d97, 0xe78886},
    {0x11a5, 0xe78890},
    {0x112a, 0xe7889b},
    {0x1a93, 0xe788aa},
    {0x1d3b, 0xe788ac},
    {0x19bb, 0xe788ad},
    {0x187f, 0xe788b0},
    {0x1897, 0xe788b2},
    {0x1974, 0xe788b5},
    {0x1409, 0xe788b6},
    {0x16ed, 0xe788ba},
    {0x1f1a, 0xe788bb},
    {0x14e5, 0xe788bd},
    {0x1916, 0xe788be},
    {0x14e6, 0xe78980},
    {0x1998, 0xe78986},
    {0x1d61, 0xe78987},
    {0x1d45, 0xe78988},
    {0x1d54, 0xe7898c},
    {0x1c17, 0xe78992},
    {0x10d7, 0xe78998},
    {0x1696, 0xe78999},
    {0x1842, 0xe7899b},
    {0x1470, 0xe7899d},
    {0x12a9, 0xe7899f},
    {0x12aa, 0xe789a1},
    {0x11c1, 0xe789a2},
    {0x12b6, 0xe789a7},
    {0x12f2, 0xe789a9},
    {0x14f9, 0xe789b2},
    {0x1d30, 0xe789b9},
    {0xe36, 0xe789bd},
    {0x150c, 0xe78a80},
    {0x120f, 0xe78a81},
    {0x10d8, 0xe78aa2},
    {0x1f73, 0xe78aa7},
    {0xe37, 0xe78aac},
    {0x1397, 0xe78aaf},
    {0x14e7, 0xe78b80},
    {0xf07, 0xe78b82},
    {0x19e2, 0xe78b84},
    {0x16c7, 0xe78b8e},
    {0x1e8d, 0xe78b90},
    {0xf52, 0xe78b97},
    {0x19cb, 0xe78b99},
    {0xf27, 0xe78ba1},
    {0x15d7, 0xe78ba9},
    {0x1210, 0xe78bb8},
    {0x1e55, 0xe78bb9},
    {0x113f, 0xe78bbc},
    {0x1d55, 0xe78bbd},
    {0x1794, 0xe78c8a},
    {0x1bc3, 0xe78c96},
    {0x1279, 0xe78c9b},
    {0x164c, 0xe78c9c},
    {0x1ab4, 0xe78c9d},
    {0x17fa, 0xe78ca5},
    {0x156a, 0xe78ca9},
    {0x19cc, 0xe78caa},
    {0x12c8, 0xe78cab},
    {0x1edd, 0xe78cbe},
    {0x1880, 0xe78cbf},
    {0x17c0, 0xe78d84},
    {0x149c, 0xe78d85},
    {0x1999, 0xe78d90},
    {0x17b8, 0xe78d92},
    {0xf8c, 0xe78d97},
    {0x10d9, 0xe78da8},
    {0x1f05, 0xe78daa},
    {0x1782, 0xe78db0},
    {0x1f0d, 0xe78db2},
    {0x1188, 0xe78db5},
    {0x15d8, 0xe78db8},
    {0x1076, 0xe78dba},
    {0x1e2d, 0xe78dbb},
    {0x1e3d, 0xe78e84},
    {0x1960, 0xe78e86},
    {0x15b0, 0xe78e87},
    {0x17c1, 0xe78e89},
    {0x17f2, 0xe78e8b},
    {0x1a4e, 0xe78e8e},
    {0x1bf4, 0xe78e94},
    {0xf53, 0xe78e96},
    {0x1843, 0xe78e97},
    {0xffe, 0xe78e98},
    {0x130f, 0xe78e9f},
    {0x18db, 0xe78ea7},
    {0x17e1, 0xe78ea9},
    {0x1471, 0xe78ead},
    {0x118f, 0xe78eb2},
    {0x10a4, 0xe78eb3},
    {0x1e3e, 0xe78eb9},
    {0x131e, 0xe78f80},
    {0xd7c, 0xe78f82},
    {0x1310, 0xe78f89},
    {0x14bc, 0xe78f8a},
    {0x1db8, 0xe78f8c},
    {0x1b50, 0xe78f8d},
    {0xd8f, 0xe78f8f},
    {0xf08, 0xe78f96},
    {0xed5, 0xe78f99},
    {0x1f29, 0xe78f9d},
    {0x1120, 0xe78f9e},
    {0x1ae2, 0xe78fa0},
    {0x1613, 0xe78fa3},
    {0x13cb, 0xe78fa4},
    {0x1917, 0xe78fa5},
    {0x1e21, 0xe78fa6},
    {0x1e66, 0xe78fa9},
    {0xf9f, 0xe78faa},
    {0x1334, 0xe78fad},
    {0x12d8, 0xe78fb7},
    {0x156b, 0xe78fb9},
    {0x1a4f, 0xe78fbd},
    {0x1e3f, 0xe78fbe},
    {0x1535, 0xe79081},
    {0xf54, 0xe79083},
    {0x1140, 0xe79085},
    {0x1211, 0xe79086},
    {0x15d9, 0xe79087},
    {0x11e8, 0xe79089},
    {0x17e2, 0xe79093},
    {0x1ccc, 0xe7909b},
    {0x1a07, 0xe790a0},
    {0x1604, 0xe790a1},
    {0x1cec, 0xe790a2},
    {0x1e8e, 0xe790a5},
    {0xfff, 0xe790a6},
    {0xec5, 0xe790a8},
    {0x1000, 0xe790aa},
    {0x13ee, 0xe790ab},
    {0x17e3, 0xe790ac},
    {0x1abc, 0xe790ae},
    {0xef2, 0xe790af},
    {0x1769, 0xe790b0},
    {0x1229, 0xe790b3},
    {0xfcb, 0xe790b4},
    {0x1451, 0xe790b5},
    {0x1d3c, 0xe790b6},
    {0x1ced, 0xe790b8},
    {0x139b, 0xe790ba},
    {0x1ea8, 0xe790bf},
    {0x1844, 0xe79180},
    {0x12ab, 0xe79181},
    {0x1c86, 0xe79183},
    {0x1536, 0xe79184},
    {0x1898, 0xe7918b},
    {0x1dc7, 0xe79195},
    {0x1881, 0xe79197},
    {0x104d, 0xe79199},
    {0x1e8f, 0xe7919a},
    {0x1783, 0xe7919b},
    {0x18c1, 0xe7919c},
    {0x150d, 0xe7919e},
    {0x162a, 0xe7919f},
    {0x11e9, 0xe791a0},
    {0x182c, 0xe791a2},
    {0x180b, 0xe791a4},
    {0x17c4, 0xe791a5},
    {0x1b51, 0xe791a8},
    {0x1e67, 0xe791a9},
    {0x1231, 0xe791aa},
    {0x1141, 0xe791af},
    {0xfbe, 0xe791be},
    {0x1001, 0xe79282},
    {0x1212, 0xe79283},
    {0x1537, 0xe79287},
    {0x1176, 0xe79289},
    {0x199a, 0xe7928b},
    {0x1221, 0xe79298},
    {0x1eef, 0xe7929c},
    {0x131f, 0xe7929e},
    {0xe63, 0xe7929f},
    {0x1b52, 0xe792a1},
    {0x1002, 0xe792a3},
    {0xe64, 0xe792a5},
    {0x13a1, 0xe792a7},
    {0x1b99, 0xe792a8},
    {0x1a94, 0xe792aa},
    {0x1ed6, 0xe792b0},
    {0x15da, 0xe792b2},
    {0x1733, 0xe792b5},
    {0x1605, 0xe792b9},
    {0x14f3, 0xe792bd},
    {0x1538, 0xe792bf},
    {0x1b6d, 0xe79386},
    {0xe65, 0xe7938a},
    {0x11bc, 0xe7938f},
    {0x1784, 0xe79394},
    {0xef3, 0xe79398},
    {0x1b9a, 0xe7939a},
    {0xede, 0xe7939c},
    {0x1e90, 0xe793a0},
    {0x1d9f, 0xe793a2},
    {0x1d46, 0xe793a3},
    {0x17d4, 0xe793a6},
    {0x17cc, 0xe793ae},
    {0x1961, 0xe793b7},
    {0x13bb, 0xe79481},
    {0xe38, 0xe79484},
    {0x1b18, 0xe79491},
    {0x17cd, 0xe79495},
    {0xdc1, 0xe79498},
    {0x1688, 0xe7949a},
    {0x1c0d, 0xe7949b},
    {0x14fa, 0xe7949f},
    {0x14bd, 0xe794a3},
    {0x14fb, 0xe794a5},
    {0x158e, 0xe794a6},
    {0x182d, 0xe794a8},
    {0x13cc, 0xe794ab},
    {0x182e, 0xe794ac},
    {0x1a08, 0xe794b0},
    {0x18c2, 0xe794b1},
    {0xdcc, 0xe794b2},
    {0x1671, 0xe794b3},
    {0x1035, 0xe794b7},
    {0x1a09, 0xe794b8},
    {0x1a50, 0xe794ba},
    {0xfab, 0xe79587},
    {0xe85, 0xe7958c},
    {0x17fb, 0xe7958f},
    {0x1a0a, 0xe79591},
    {0x108b, 0xe79593},
    {0x1335, 0xe79594},
    {0x11ea, 0xe79599},
    {0x1b53, 0xe7959b},
    {0x1c79, 0xe7959c},
    {0x12d9, 0xe7959d},
    {0x1db9, 0xe795a2},
    {0x114a, 0xe795a5},
    {0x1f48, 0xe795a6},
    {0x1388, 0xe795aa},
    {0x1b02, 0xe795af},
    {0x1918, 0xe795b0},
    {0x1ebc, 0xe795b5},
    {0x1096, 0xe795b6},
    {0x1003, 0xe795b8},
    {0xdda, 0xe795ba},
    {0x1004, 0xe795bf},
    {0xddb, 0xe79686},
    {0x1ae3, 0xe79687},
    {0x1c18, 0xe7968a},
    {0x1dba, 0xe7968b},
    {0x1590, 0xe7968e},
    {0x158f, 0xe7968f},
    {0x1903, 0xe79691},
    {0x14be, 0xe7969d},
    {0xdf3, 0xe796a5},
    {0x173f, 0xe796ab},
    {0x1d86, 0xe796b1},
    {0x1daf, 0xe796b2},
    {0xdc2, 0xe796b3},
    {0x1962, 0xe796b5},
    {0x1077, 0xe796b8},
    {0x1b54, 0xe796b9},
    {0x10f6, 0xe796bc},
    {0x19cd, 0xe796bd},
    {0x1b6e, 0xe796be},
    {0xd7d, 0xe79782},
    {0x13bc, 0xe79785},
    {0x1b19, 0xe79787},
    {0x1919, 0xe7978d},
    {0x1704, 0xe79792},
    {0x1cb2, 0xe79794},
    {0x1f56, 0xe79795},
    {0x1100, 0xe79798},
    {0xe66, 0xe79799},
    {0x1d1f, 0xe7979b},
    {0x1213, 0xe797a2},
    {0x1082, 0xe797b0},
    {0x1232, 0xe797b2},
    {0x1cb3, 0xe797b4},
    {0x1452, 0xe797ba},
    {0xea2, 0xe797bc},
    {0x1712, 0xe79880},
    {0x1705, 0xe7988d},
    {0x1591, 0xe79899},
    {0x17c5, 0xe7989f},
    {0x1be7, 0xe798a0},
    {0x1bc4, 0xe798a1},
    {0x1336, 0xe798a2},
    {0x11eb, 0xe798a4},
    {0x15db, 0xe798a6},
    {0x11da, 0xe798bb},
    {0x11cd, 0xe79982},
    {0x16c2, 0xe7998c},
    {0xda1, 0xe7998e},
    {0x18c3, 0xe79992},
    {0x13a2, 0xe79996},
    {0x1cb4, 0xe799a1},
    {0x1a20, 0xe799a4},
    {0x1118, 0xe799a9},
    {0x1539, 0xe799ac},
    {0x17ce, 0xe799b0},
    {0x1a0b, 0xe799b2},
    {0xe86, 0xe799b8},
    {0x1110, 0xe799bb},
    {0x1347, 0xe799bc},
    {0x19e3, 0xe79a84},
    {0xdf4, 0xe79a86},
    {0x1ef0, 0xe79a87},
    {0xf28, 0xe79a8e},
    {0xea3, 0xe79a90},
    {0x1e91, 0xe79a93},
    {0x1db0, 0xe79aae},
    {0x1c68, 0xe79aba},
    {0x1293, 0xe79abf},
    {0x1845, 0xe79b82},
    {0x1372, 0xe79b83},
    {0x142c, 0xe79b86},
    {0x1785, 0xe79b88},
    {0x1926, 0xe79b8a},
    {0x1df1, 0xe79b92},
    {0xdf5, 0xe79b96},
    {0x156c, 0xe79b9b},
    {0x10c5, 0xe79b9c},
    {0x197e, 0xe79b9e},
    {0x127b, 0xe79b9f},
    {0x1b55, 0xe79ba1},
    {0xdc3, 0xe79ba3},
    {0x1337, 0xe79ba4},
    {0x11a6, 0xe79ba7},
    {0x12b7, 0xe79bae},
    {0x127a, 0xe79bb2},
    {0x1b3f, 0xe79bb4},
    {0x14e8, 0xe79bb8},
    {0x1338, 0xe79bbc},
    {0x1614, 0xe79bbe},
    {0x156d, 0xe79c81},
    {0x1284, 0xe79c84},
    {0x1cfd, 0xe79c88},
    {0x12fe, 0xe79c89},
    {0xda2, 0xe79c8b},
    {0x1b56, 0xe79c9e},
    {0x1285, 0xe79ca0},
    {0x1e40, 0xe79ca9},
    {0xf8a, 0xe79cb7},
    {0x12ac, 0xe79cb8},
    {0x1a95, 0xe79cba},
    {0x16b4, 0xe79cbc},
    {0x1b91, 0xe79d80},
    {0x1e41, 0xe79d8d},
    {0x1a51, 0xe79d9b},
    {0x15dc, 0xe79da1},
    {0x10da, 0xe79da3},
    {0x12b8, 0xe79da6},
    {0x1c19, 0xe79dab},
    {0x10c6, 0xe79db9},
    {0xea4, 0xe79dbe},
    {0x1795, 0xe79dbf},
    {0x1b57, 0xe79e8b},
    {0x1294, 0xe79e91},
    {0x124a, 0xe79e9e},
    {0x13ae, 0xe79ea5},
    {0x1615, 0xe79eac},
    {0x11ce, 0xe79ead},
    {0xdc4, 0xe79eb0},
    {0x10f7, 0xe79eb3},
    {0x1c0e, 0xe79ebb},
    {0xe25, 0xe79ebc},
    {0xf55, 0xe79ebf},
    {0x1c4c, 0xe79f97},
    {0x12ad, 0xe79f9b},
    {0xfdc, 0xe79f9c},
    {0x164d, 0xe79fa2},
    {0x1904, 0xe79fa3},
    {0x1b30, 0xe79fa5},
    {0xf56, 0xe79fa9},
    {0x106c, 0xe79fad},
    {0x17f6, 0xe79fae},
    {0xf29, 0xe79faf},
    {0x1525, 0xe79fb3},
    {0x149d, 0xe7a082},
    {0x1453, 0xe7a092},
    {0x1b31, 0xe7a0a5},
    {0x1bd0, 0xe7a0a6},
    {0x1ccd, 0xe7a0a7},
    {0x122c, 0xe7a0ac},
    {0x1d87, 0xe7a0b2},
    {0x1d3d, 0xe7a0b4},
    {0xfa0, 0xe7a185},
    {0x1758, 0xe7a18f},
    {0x1c3a, 0xe7a19d},
    {0x11ec, 0xe7a1ab},
    {0xe67, 0xe7a1ac},
    {0x1759, 0xe7a1af},
    {0x143a, 0xe7a1bc},
    {0x1005, 0xe7a281},
    {0x1a52, 0xe7a287},
    {0x11b0, 0xe7a28c},
    {0x16d7, 0xe7a28d},
    {0x15bb, 0xe7a28e},
    {0x1454, 0xe7a291},
    {0x17e4, 0xe7a297},
    {0xdb0, 0xe7a2a3},
    {0x13a3, 0xe7a2a7},
    {0x1526, 0xe7a2a9},
    {0x1233, 0xe7a2bc},
    {0x1963, 0xe7a381},
    {0x135c, 0xe7a385},
    {0x11c2, 0xe7a38a},
    {0x1b8a, 0xe7a38b},
    {0xe87, 0xe7a38e},
    {0x1339, 0xe7a390},
    {0x1234, 0xe7a3a8},
    {0xe68, 0xe7a3ac},
    {0x1006, 0xe7a3af},
    {0xda3, 0xe7a3b5},
    {0x133a, 0xe7a3bb},
    {0x1c3b, 0xe7a481},
    {0x1c3c, 0xe7a48e},
    {0x1734, 0xe7a496},
    {0x1162, 0xe7a4aa},
    {0x116e, 0xe7a4ab},
    {0x133b, 0xe7a4ac},
    {0x164e, 0xe7a4ba},
    {0x149e, 0xe7a4be},
    {0x149f, 0xe7a580},
    {0x1007, 0xe7a581},
    {0x1b32, 0xe7a589},
    {0x1846, 0xe7a590},
    {0x1a96, 0xe7a596},
    {0x1b33, 0xe7a597},
    {0x1a97, 0xe7a59a},
    {0xe0b, 0xe7a59b},
    {0x1e92, 0xe7a59c},
    {0x1c7a, 0xe7a59d},
    {0x1672, 0xe7a59e},
    {0x14a0, 0xe7a5a0},
    {0x14e9, 0xe7a5a5},
    {0x1da0, 0xe7a5a8},
    {0x1a71, 0xe7a5ad},
    {0x100a, 0xe7a5ba},
    {0x11b1, 0xe7a5bf},
    {0xfcc, 0xe7a681},
    {0x1ebd, 0xe7a68d},
    {0x1a53, 0xe7a68e},
    {0x13d9, 0xe7a68f},
    {0x1847, 0xe7a691},
    {0x1713, 0xe7a6a6},
    {0x1f74, 0xe7a6a7},
    {0x153a, 0xe7a6aa},
    {0x119c, 0xe7a6ae},
    {0x10c7, 0xe7a6b1},
    {0x1706, 0xe7a6b3},
    {0x1848, 0xe7a6b9},
    {0xfcd, 0xe7a6bd},
    {0x1ebe, 0xe7a6be},
    {0x10db, 0xe7a6bf},
    {0x15dd, 0xe7a780},
    {0x14a1, 0xe7a781},
    {0x13bd, 0xe7a789},
    {0x1042, 0xe7a78a},
    {0x1c69, 0xe7a78b},
    {0xedf, 0xe7a791},
    {0x1c3d, 0xe7a792},
    {0x1455, 0xe7a795},
    {0x1456, 0xe7a798},
    {0x1a98, 0xe7a79f},
    {0x1cd1, 0xe7a7a4},
    {0x1b58, 0xe7a7a6},
    {0x16ce, 0xe7a7a7},
    {0x1b6f, 0xe7a7a9},
    {0x191a, 0xe7a7bb},
    {0x1f75, 0xe7a880},
    {0x1578, 0xe7a885},
    {0xda4, 0xe7a888},
    {0x1a54, 0xe7a88b},
    {0x1c3e, 0xe7a88d},
    {0x194a, 0xe7a894},
    {0x1d56, 0xe7a897},
    {0x1b40, 0xe7a899},
    {0x1cb5, 0xe7a89a},
    {0x1201, 0xe7a89c},
    {0x1da7, 0xe7a89f},
    {0x1a99, 0xe7a8a0},
    {0x1abd, 0xe7a8ae},
    {0x1cd2, 0xe7a8b1},
    {0x185b, 0xe7a8b6},
    {0x1b41, 0xe7a8b7},
    {0x10c8, 0xe7a8bb},
    {0xd7e, 0xe7a8bc},
    {0xe88, 0xe7a8bd},
    {0xea5, 0xe7a8bf},
    {0xebb, 0xe7a980},
    {0x12b9, 0xe7a986},
    {0x1cb6, 0xe7a989},
    {0x19e4, 0xe7a98d},
    {0x1786, 0xe7a98e},
    {0x15de, 0xe7a997},
    {0x14f6, 0xe7a9a1},
    {0x1796, 0xe7a9a2},
    {0x17c6, 0xe7a9a9},
    {0x1ec9, 0xe7a9ab},
    {0x1707, 0xe7a9b0},
    {0x1e4b, 0xe7a9b4},
    {0xf57, 0xe7a9b6},
    {0xf7d, 0xe7a9b9},
    {0xed6, 0xe7a9ba},
    {0x1a55, 0xe7a9bd},
    {0x1bf5, 0xe7a9bf},
    {0x10ea, 0xe7aa81},
    {0x1b92, 0xe7aa84},
    {0x180c, 0xe7aa88},
    {0x1b70, 0xe7aa92},
    {0x1bc5, 0xe7aa93},
    {0x1a9a, 0xe7aa95},
    {0xf72, 0xe7aa98},
    {0xf7a, 0xe7aa9f},
    {0xf7e, 0xe7aaae},
    {0x180d, 0xe7aaaf},
    {0xfa1, 0xe7aaba},
    {0x1b9b, 0xe7ab84},
    {0xfa2, 0xe7ab85},
    {0x1101, 0xe7ab87},
    {0x1a21, 0xe7ab8a},
    {0x122d, 0xe7ab8b},
    {0x12c9, 0xe7ab97},
    {0x1bb1, 0xe7ab99},
    {0x13be, 0xe7ab9d},
    {0xe69, 0xe7ab9f},
    {0x199b, 0xe7aba0},
    {0x1b03, 0xe7aba3},
    {0x10f8, 0xe7aba5},
    {0x15df, 0xe7abaa},
    {0xdb1, 0xe7abad},
    {0x106d, 0xe7abaf},
    {0xe6a, 0xe7abb6},
    {0x1af4, 0xe7abb9},
    {0x1c7b, 0xe7abba},
    {0xda5, 0xe7abbf},
    {0x1eac, 0xe7ac8f},
    {0x1592, 0xe7ac91},
    {0x14fc, 0xe7ac99},
    {0x19e5, 0xe7ac9b},
    {0x1d0f, 0xe7ac9e},
    {0x122e, 0xe7aca0},
    {0x140a, 0xe7aca6},
    {0x1a72, 0xe7acac},
    {0x1190, 0xe7acad},
    {0x1579, 0xe7acb9},
    {0x1dbb, 0xe7ad86},
    {0x1111, 0xe7ad89},
    {0xfbf, 0xe7ad8b},
    {0x1a0c, 0xe7ad8c},
    {0x1616, 0xe7ad8d},
    {0x138e, 0xe7ad8f},
    {0xf09, 0xe7ad90},
    {0x1c7c, 0xe7ad91},
    {0x1d20, 0xe7ad92},
    {0x108c, 0xe7ad94},
    {0x1bd8, 0xe7ad96},
    {0xfac, 0xe7ada0},
    {0x156e, 0xe7adac},
    {0x150e, 0xe7adae},
    {0x175a, 0xe7adb5},
    {0x17b9, 0xe7adbd},
    {0xdf6, 0xe7ae87},
    {0x1a0d, 0xe7ae8b},
    {0x19bc, 0xe7ae8f},
    {0x1320, 0xe7ae94},
    {0x100b, 0xe7ae95},
    {0x14bf, 0xe7ae97},
    {0x1b8b, 0xe7ae9a},
    {0xe48, 0xe7ae9d},
    {0xef4, 0xe7aea1},
    {0x1a0e, 0xe7aead},
    {0x14ea, 0xe7aeb1},
    {0x1982, 0xe7aeb4},
    {0x19ce, 0xe7aeb8},
    {0x1a22, 0xe7af80},
    {0x1ef1, 0xe7af81},
    {0x1398, 0xe7af84},
    {0x1a0f, 0xe7af86},
    {0x1d62, 0xe7af87},
    {0x1c7d, 0xe7af89},
    {0x1661, 0xe7af92},
    {0x1593, 0xe7afa0},
    {0x10dc, 0xe7afa4},
    {0x14a2, 0xe7afa9},
    {0x1aad, 0xe7b087},
    {0x1b9c, 0xe7b092},
    {0x106e, 0xe7b09e},
    {0xda6, 0xe7b0a1},
    {0x1ef2, 0xe7b0a7},
    {0x1983, 0xe7b0aa},
    {0x1594, 0xe7b0ab},
    {0x1c0f, 0xe7b0bd},
    {0x1187, 0xe7b0be},
    {0x140b, 0xe7b0bf},
    {0x1134, 0xe7b183},
    {0x1ae4, 0xe7b18c},
    {0x19e6, 0xe7b18d},
    {0x11bd, 0xe7b1a0},
    {0x1c10, 0xe7b1a4},
    {0x1214, 0xe7b1ac},
    {0x12ff, 0xe7b1b3},
    {0x1457, 0xe7b283},
    {0x142d, 0xe7b289},
    {0x122f, 0xe7b292},
    {0x1321, 0xe7b295},
    {0x1a9b, 0xe7b297},
    {0x1a29, 0xe7b298},
    {0x15a5, 0xe7b29f},
    {0x1af5, 0xe7b2a5},
    {0x199c, 0xe7b2a7},
    {0x1151, 0xe7b2ae},
    {0x1152, 0xe7b2b1},
    {0x1b9e, 0xe7b2b2},
    {0xdfe, 0xe7b2b3},
    {0x15e0, 0xe7b2b9},
    {0x1a56, 0xe7b2be},
    {0x1e93, 0xe7b38a},
    {0x1097, 0xe7b396},
    {0x142e, 0xe7b39e},
    {0x1a9c, 0xe7b39f},
    {0xddc, 0xe7b3a0},
    {0x1153, 0xe7b3a7},
    {0xe89, 0xe7b3bb},
    {0xfa3, 0xe7b3be},
    {0x100c, 0xe7b480},
    {0x1ae5, 0xe7b482},
    {0x16f1, 0xe7b484},
    {0x1eb3, 0xe7b485},
    {0x1849, 0xe7b486},
    {0x1f59, 0xe7b487},
    {0x1ed7, 0xe7b488},
    {0x1036, 0xe7b48d},
    {0x1058, 0xe7b490},
    {0x1617, 0xe7b494},
    {0x14a3, 0xe7b497},
    {0xf19, 0xe7b498},
    {0x1b34, 0xe7b499},
    {0xfd8, 0xe7b49a},
    {0x142f, 0xe7b49b},
    {0x1595, 0xe7b4a0},
    {0x135d, 0xe7b4a1},
    {0x14f7, 0xe7b4a2},
    {0x1964, 0xe7b4ab},
    {0x1ae6, 0xe7b4ac},
    {0x1ba9, 0xe7b4ae},
    {0x11db, 0xe7b4af},
    {0x157a, 0xe7b4b0},
    {0x1673, 0xe7b4b3},
    {0x19cf, 0xe7b4b5},
    {0x1596, 0xe7b4b9},
    {0xdc5, 0xe7b4ba},
    {0x1abe, 0xe7b582},
    {0x1e42, 0xe7b583},
    {0x1a9d, 0xe7b584},
    {0xe6b, 0xe7b585},
    {0x133c, 0xe7b586},
    {0xe43, 0xe7b590},
    {0xf2a, 0xe7b59e},
    {0x1121, 0xe7b5a1},
    {0x1e43, 0xe7b5a2},
    {0xfd9, 0xe7b5a6},
    {0x18e3, 0xe7b5a8},
    {0x1936, 0xe7b5aa},
    {0x150f, 0xe7b5ae},
    {0x1d21, 0xe7b5b1},
    {0x14a4, 0xe7b5b2},
    {0xddd, 0xe7b5b3},
    {0x1a23, 0xe7b5b6},
    {0xe39, 0xe7b5b9},
    {0xf58, 0xe7b5bf},
    {0x1a57, 0xe7b68e},
    {0x15e1, 0xe7b68f},
    {0xe6c, 0xe7b693},
    {0x1abf, 0xe7b69c},
    {0x11b2, 0xe7b6a0},
    {0x1ae7, 0xe7b6a2},
    {0x15e2, 0xe7b6ac},
    {0x18c4, 0xe7b6ad},
    {0xdde, 0xe7b6b1},
    {0x125d, 0xe7b6b2},
    {0x1c05, 0xe7b6b4},
    {0x1bd1, 0xe7b6b5},
    {0x11f6, 0xe7b6b8},
    {0x100d, 0xe7b6ba},
    {0x1cf8, 0xe7b6bb},
    {0x1975, 0xe7b6bd},
    {0x1202, 0xe7b6be},
    {0x1286, 0xe7b6bf},
    {0x1cb7, 0xe7b787},
    {0x101e, 0xe7b78a},
    {0x1458, 0xe7b78b},
    {0x1510, 0xe7b796},
    {0x1dea, 0xe7b798},
    {0x153b, 0xe7b79a},
    {0x1b7a, 0xe7b79d},
    {0x106f, 0xe7b79e},
    {0x1c29, 0xe7b7a0},
    {0x1311, 0xe7b7a1},
    {0x175b, 0xe7b7a3},
    {0x1d63, 0xe7b7a8},
    {0x17e5, 0xe7b7a9},
    {0x1287, 0xe7b7ac},
    {0x1899, 0xe7b7af},
    {0x1177, 0xe7b7b4},
    {0x1cb8, 0xe7b7bb},
    {0x1b59, 0xe7b889},
    {0x16df, 0xe7b88a},
    {0x17c7, 0xe7b895},
    {0x1322, 0xe7b89b},
    {0x1b5a, 0xe7b89d},
    {0x1e94, 0xe7b89e},
    {0x181b, 0xe7b89f},
    {0x19b5, 0xe7b8a1},
    {0x1e44, 0xe7b8a3},
    {0x13ef, 0xe7b8ab},
    {0x1c7e, 0xe7b8ae},
    {0x175c, 0xe7b8af},
    {0x1ac0, 0xe7b8b1},
    {0x11dc, 0xe7b8b7},
    {0x1c59, 0xe7b8bd},
    {0x19e7, 0xe7b8be},
    {0x1389, 0xe7b981},
    {0x143b, 0xe7b983},
    {0x12da, 0xe7b986},
    {0x180e, 0xe7b987},
    {0x1b1a, 0xe7b992},
    {0x1b42, 0xe7b994},
    {0x153c, 0xe7b995},
    {0x180f, 0xe7b99e},
    {0x15e3, 0xe7b9a1},
    {0x1639, 0xe7b9a9},
    {0x1f06, 0xe7b9aa},
    {0xe8a, 0xe7b9ab},
    {0xe3a, 0xe7b9ad},
    {0x1a9e, 0xe7b9b0},
    {0x1740, 0xe7b9b9},
    {0xe8b, 0xe7b9bc},
    {0x1b9d, 0xe7ba82},
    {0x15a6, 0xe7ba8c},
    {0x1a10, 0xe7ba8f},
    {0x1787, 0xe7ba93},
    {0x155a, 0xe7ba96},
    {0x1b9f, 0xe7ba98},
    {0x10dd, 0xe7ba9b},
    {0x1135, 0xe7ba9c},
    {0x140c, 0xe7bcb6},
    {0x1e01, 0xe7bcb8},
    {0xe44, 0xe7bcba},
    {0x16e3, 0xe7bd8c},
    {0xef5, 0xe7bd90},
    {0x125e, 0xe7bd94},
    {0x1ddb, 0xe7bd95},
    {0x1acb, 0xe7bdaa},
    {0xf0e, 0xe7bdab},
    {0x1cb9, 0xe7bdae},
    {0x138f, 0xe7bdb0},
    {0x1511, 0xe7bdb2},
    {0x126d, 0xe7bdb5},
    {0x1d3e, 0xe7bdb7},
    {0x1215, 0xe7bdb9},
    {0x1119, 0xe7be85},
    {0x100e, 0xe7be88},
    {0x1708, 0xe7be8a},
    {0xddf, 0xe7be8c},
    {0x1300, 0xe7be8e},
    {0xea6, 0xe7be94},
    {0x1191, 0xe7be9a},
    {0x15e4, 0xe7be9e},
    {0xf73, 0xe7bea4},
    {0x153d, 0xe7bea8},
    {0x1905, 0xe7bea9},
    {0x1f76, 0xe7beb2},
    {0x1216, 0xe7beb8},
    {0xdff, 0xe7beb9},
    {0x184a, 0xe7bebd},
    {0x17cf, 0xe7bf81},
    {0x164f, 0xe7bf85},
    {0x1927, 0xe7bf8a},
    {0x1928, 0xe7bf8c},
    {0x1192, 0xe7bf8e},
    {0x162f, 0xe7bf92},
    {0x14eb, 0xe7bf94},
    {0x1f61, 0xe7bf95},
    {0x19e8, 0xe7bf9f},
    {0x1c9a, 0xe7bfa0},
    {0x1459, 0xe7bfa1},
    {0x1d64, 0xe7bfa9},
    {0x17e6, 0xe7bfab},
    {0x1ddc, 0xe7bfb0},
    {0xf2b, 0xe7bfb9},
    {0x1929, 0xe7bfbc},
    {0x1810, 0xe88080},
    {0x11a7, 0xe88081},
    {0xea7, 0xe88083},
    {0x1965, 0xe88085},
    {0x100f, 0xe88086},
    {0xf59, 0xe88089},
    {0x191b, 0xe8808c},
    {0x103e, 0xe88090},
    {0xe6d, 0xe88095},
    {0x12ae, 0xe88097},
    {0x1863, 0xe88098},
    {0x1010, 0xe880ad},
    {0x191c, 0xe880b3},
    {0x16ee, 0xe880b6},
    {0x1cfe, 0xe880bd},
    {0xe6e, 0xe880bf},
    {0x1083, 0xe88183},
    {0x1193, 0xe88186},
    {0x11cf, 0xe8818a},
    {0x156f, 0xe88196},
    {0x1477, 0xe88198},
    {0x1c9b, 0xe8819a},
    {0x12ec, 0xe8819e},
    {0x1178, 0xe881af},
    {0x1c5a, 0xe881b0},
    {0x1570, 0xe881b2},
    {0x182f, 0xe881b3},
    {0x1b43, 0xe881b7},
    {0x1c20, 0xe881bd},
    {0x11be, 0xe881be},
    {0x18e0, 0xe881bf},
    {0x191d, 0xe88284},
    {0x1606, 0xe88285},
    {0x14a5, 0xe88286},
    {0x1a9f, 0xe88287},
    {0x18d5, 0xe88289},
    {0x11fd, 0xe8828b},
    {0x1011, 0xe8828c},
    {0x1c3f, 0xe88296},
    {0x1e02, 0xe8829b},
    {0xda7, 0xe8829d},
    {0xea8, 0xe882a1},
    {0x1b35, 0xe882a2},
    {0x145a, 0xe882a5},
    {0xe3b, 0xe882a9},
    {0x135e, 0xe882aa},
    {0xfdd, 0xe882af},
    {0xf1a, 0xe882b1},
    {0x18d6, 0xe882b2},
    {0x1f1b, 0xe882b4},
    {0x1d74, 0xe882ba},
    {0x189a, 0xe88383},
    {0x1ad1, 0xe88384},
    {0x1373, 0xe8838c},
    {0x1d10, 0xe8838e},
    {0x1374, 0xe8839a},
    {0xdcd, 0xe8839b},
    {0x1d88, 0xe8839e},
    {0x1e95, 0xe883a1},
    {0x18dc, 0xe883a4},
    {0x1512, 0xe883a5},
    {0xf0a, 0xe883b1},
    {0x10f9, 0xe883b4},
    {0x1f51, 0xe883b8},
    {0x1059, 0xe883bd},
    {0x1b36, 0xe88482},
    {0x1e56, 0xe88485},
    {0x1c9c, 0xe88486},
    {0x1e57, 0xe88487},
    {0x1272, 0xe88488},
    {0x1be8, 0xe8848a},
    {0x17e7, 0xe88498},
    {0xd90, 0xe8849a},
    {0xe6f, 0xe8849b},
    {0x1618, 0xe884a3},
    {0x15e5, 0xe884a9},
    {0x1cfb, 0xe884ab},
    {0x1d89, 0xe884af},
    {0x1bc6, 0xe884b9},
    {0x145b, 0xe884be},
    {0x16e0, 0xe8858b},
    {0x1674, 0xe8858e},
    {0xde0, 0xe88594},
    {0x17e8, 0xe88595},
    {0x1571, 0xe885a5},
    {0x1053, 0xe885a6},
    {0x1ac1, 0xe885ab},
    {0x1811, 0xe885b0},
    {0xe18, 0xe885b1},
    {0x199d, 0xe885b8},
    {0x13da, 0xe885b9},
    {0x153e, 0xe885ba},
    {0x1d25, 0xe885bf},
    {0x135f, 0xe88680},
    {0xe32, 0xe88688},
    {0x1323, 0xe8868a},
    {0xea9, 0xe8868f},
    {0x140f, 0xe8869a},
    {0x123b, 0xe8869c},
    {0x162b, 0xe8869d},
    {0xf2c, 0xe886a0},
    {0x1b71, 0xe886a3},
    {0x1d5c, 0xe886a8},
    {0x153f, 0xe886b3},
    {0x1c91, 0xe886b5},
    {0x18f8, 0xe886ba},
    {0x1084, 0xe886bd},
    {0x1f07, 0xe886be},
    {0x1050, 0xe886bf},
    {0x1107, 0xe88780},
    {0x145c, 0xe88782},
    {0x171c, 0xe88786},
    {0x1a73, 0xe8878d},
    {0x113a, 0xe88798},
    {0x199e, 0xe8879f},
    {0x1675, 0xe887a3},
    {0x17d7, 0xe887a5},
    {0x199f, 0xe887a7},
    {0x122a, 0xe887a8},
    {0x1966, 0xe887aa},
    {0x1c9d, 0xe887ad},
    {0x1b37, 0xe887b3},
    {0x1cba, 0xe887b4},
    {0x10a5, 0xe887ba},
    {0x1b5b, 0xe887bb},
    {0xf5a, 0xe887bc},
    {0x18c5, 0xe887be},
    {0xf5b, 0xe88885},
    {0x1735, 0xe88887},
    {0x1f62, 0xe88888},
    {0xf5c, 0xe8888a},
    {0x1550, 0xe8888c},
    {0x14a6, 0xe8888d},
    {0x1513, 0xe88892},
    {0x1bf6, 0xe8889b},
    {0x1619, 0xe8889c},
    {0x12db, 0xe8889e},
    {0x1ae8, 0xe8889f},
    {0xde1, 0xe888a1},
    {0x1e03, 0xe888aa},
    {0x1360, 0xe888ab},
    {0x133d, 0xe888ac},
    {0x1cde, 0xe888b5},
    {0x1324, 0xe888b6},
    {0x1e45, 0xe888b7},
    {0x1540, 0xe888b9},
    {0x1410, 0xe88980},
    {0x1736, 0xe88985},
    {0x1a58, 0xe88987},
    {0x1bc7, 0xe88999},
    {0x1906, 0xe889a4},
    {0x1deb, 0xe889a6},
    {0xda8, 0xe889ae},
    {0x1154, 0xe889af},
    {0xda9, 0xe889b1},
    {0x14f8, 0xe889b2},
    {0x176a, 0xe889b6},
    {0x1c40, 0xe889b8},
    {0x16d8, 0xe889be},
    {0x184b, 0xe88a8b},
    {0x1976, 0xe88a8d},
    {0xf7f, 0xe88a8e},
    {0x125f, 0xe88a92},
    {0x1411, 0xe88a99},
    {0x1108, 0xe88a9a},
    {0x1b38, 0xe88a9d},
    {0x14cc, 0xe88a9f},
    {0xdf7, 0xe88aa5},
    {0x1e96, 0xe88aa6},
    {0xfce, 0xe88aa9},
    {0x1430, 0xe88aac},
    {0x1d3f, 0xe88aad},
    {0x1797, 0xe88aae},
    {0x1689, 0xe88aaf},
    {0x1ebf, 0xe88ab1},
    {0x1361, 0xe88ab3},
    {0x1b39, 0xe88ab7},
    {0x1864, 0xe88ab8},
    {0xfc0, 0xe88ab9},
    {0x1c6a, 0xe88abb},
    {0x12af, 0xe88abc},
    {0x1697, 0xe88abd},
    {0x1952, 0xe88abf},
    {0x1882, 0xe88b91},
    {0x176b, 0xe88b92},
    {0x1d11, 0xe88b94},
    {0x1c41, 0xe88b95},
    {0x12ca, 0xe88b97},
    {0xd7f, 0xe88b9b},
    {0x1d8a, 0xe88b9e},
    {0xf5d, 0xe88b9f},
    {0x191e, 0xe88ba1},
    {0x16f2, 0xe88ba5},
    {0xeaa, 0xe88ba6},
    {0x19d0, 0xe88ba7},
    {0x1788, 0xe88bb1},
    {0xeab, 0xe88bbd},
    {0x1dbc, 0xe88bbe},
    {0x1b09, 0xe88c81},
    {0x12dc, 0xe88c82},
    {0x1399, 0xe88c83},
    {0xd80, 0xe88c84},
    {0x12b0, 0xe88c85},
    {0x1255, 0xe88c89},
    {0x1295, 0xe88c97},
    {0x1967, 0xe88ca8},
    {0x1260, 0xe88cab},
    {0x13db, 0xe88caf},
    {0x15e6, 0xe88cb1},
    {0x1f08, 0xe88cb4},
    {0x1937, 0xe88cb5},
    {0x105f, 0xe88cb6},
    {0x1830, 0xe88cb8},
    {0x1737, 0xe88cb9},
    {0x161a, 0xe88d80},
    {0x1e1c, 0xe88d87},
    {0x1c42, 0xe88d89},
    {0x1e68, 0xe88d8a},
    {0x194b, 0xe88d8f},
    {0x191f, 0xe88d91},
    {0x1ef3, 0xe88d92},
    {0x1102, 0xe88db3},
    {0x1dc8, 0xe88db7},
    {0x19e9, 0xe88dbb},
    {0x1217, 0xe88e89},
    {0x19a0, 0xe88e8a},
    {0x14a7, 0xe88e8e},
    {0xe70, 0xe88e96},
    {0x1676, 0xe88e98},
    {0x17e9, 0xe88e9e},
    {0x1e58, 0xe88ea2},
    {0x1412, 0xe88ea9},
    {0x1698, 0xe88eaa},
    {0x123c, 0xe88eab},
    {0x1261, 0xe88ebd},
    {0x1c21, 0xe88f81},
    {0xef6, 0xe88f85},
    {0x11b3, 0xe88f89},
    {0xf6d, 0xe88f8a},
    {0xfad, 0xe88f8c},
    {0xee0, 0xe88f93},
    {0x1bc8, 0xe88f96},
    {0x1bd2, 0xe88f9c},
    {0x13cd, 0xe88fa9},
    {0xfc1, 0xe88fab},
    {0x1ec0, 0xe88faf},
    {0xeac, 0xe88fb0},
    {0x1203, 0xe88fb1},
    {0x145d, 0xe88fb2},
    {0x16c3, 0xe88fb4},
    {0x19d1, 0xe88fb9},
    {0x1607, 0xe88fbd},
    {0x1c92, 0xe89083},
    {0x10c9, 0xe89084},
    {0x1147, 0xe8908a},
    {0x127c, 0xe8908c},
    {0x1d6c, 0xe8908d},
    {0x189b, 0xe8908e},
    {0x1c6b, 0xe890a9},
    {0x124b, 0xe890ac},
    {0x1f39, 0xe890b1},
    {0x18c6, 0xe890b8},
    {0x1122, 0xe890bd},
    {0x1771, 0xe89189},
    {0x19d2, 0xe89197},
    {0xdb2, 0xe8919b},
    {0x1d8b, 0xe891a1},
    {0x10fa, 0xe891a3},
    {0x189c, 0xe891a6},
    {0x1e97, 0xe891ab},
    {0x19a1, 0xe891ac},
    {0x16f3, 0xe891af},
    {0xfa4, 0xe891b5},
    {0x1b12, 0xe891ba},
    {0x15e7, 0xe89290},
    {0x1650, 0xe89294},
    {0x12bf, 0xe89299},
    {0x14c0, 0xe8929c},
    {0x1362, 0xe892a1},
    {0x1d8c, 0xe892b2},
    {0x1b1b, 0xe892b8},
    {0x16f4, 0xe892bb},
    {0x1bc9, 0xe892bc},
    {0x1e98, 0xe892bf},
    {0x15ad, 0xe89380},
    {0x1296, 0xe89382},
    {0x1c7f, 0xe89384},
    {0x1527, 0xe89386},
    {0x1831, 0xe89389},
    {0xdf8, 0xe8938b},
    {0x1651, 0xe8938d},
    {0x14a8, 0xe89391},
    {0x15e8, 0xe8939a},
    {0x13f0, 0xe893ac},
    {0x1179, 0xe893ae},
    {0x161b, 0xe893b4},
    {0x11d0, 0xe893bc},
    {0x128b, 0xe89491},
    {0x124c, 0xe89493},
    {0x13dc, 0xe89494},
    {0x1968, 0xe89497},
    {0x14cd, 0xe89498},
    {0x186a, 0xe8949a},
    {0x11dd, 0xe8949e},
    {0x1bd3, 0xe894a1},
    {0x19a2, 0xe894a3},
    {0x1c5b, 0xe894a5},
    {0x1597, 0xe894ac},
    {0x18ef, 0xe894ad},
    {0x1b5c, 0xe894af},
    {0x1d75, 0xe894bd},
    {0x189d, 0xe894bf},
    {0x1085, 0xe89581},
    {0x138a, 0xe89583},
    {0x1c43, 0xe89589},
    {0xf2d, 0xe8958e},
    {0x1865, 0xe89593},
    {0x1e74, 0xe89599},
    {0x161c, 0xe895a3},
    {0xf8d, 0xe895a8},
    {0x1d06, 0xe895a9},
    {0x12dd, 0xe895aa},
    {0x1598, 0xe895ad},
    {0x1325, 0xe89684},
    {0x1301, 0xe89687},
    {0x1907, 0xe8968f},
    {0xde2, 0xe89691},
    {0x19a3, 0xe89694},
    {0x1551, 0xe8969b},
    {0x1bf7, 0xe896a6},
    {0x1f35, 0xe896a8},
    {0x14c7, 0xe896a9},
    {0x1677, 0xe896aa},
    {0x1514, 0xe896af},
    {0x1f32, 0xe896b0},
    {0x1a74, 0xe896ba},
    {0xead, 0xe89781},
    {0x1969, 0xe89789},
    {0x1136, 0xe8978d},
    {0x1678, 0xe8978e},
    {0x19a4, 0xe8978f},
    {0x184c, 0xe89795},
    {0x1163, 0xe8979c},
    {0x1798, 0xe8979d},
    {0x1112, 0xe897a4},
    {0x16f5, 0xe897a5},
    {0x138b, 0xe897a9},
    {0x15e9, 0xe897aa},
    {0x19d3, 0xe897b7},
    {0x1222, 0xe897ba},
    {0x1aa0, 0xe897bb},
    {0xee9, 0xe897bf},
    {0x1799, 0xe89882},
    {0x11a8, 0xe89886},
    {0x1599, 0xe89887},
    {0x17c8, 0xe8988a},
    {0x1724, 0xe89896},
    {0x13a4, 0xe89897},
    {0x1541, 0xe8989a},
    {0x112b, 0xe898ad},
    {0x111a, 0xe898bf},
    {0x1e99, 0xe8998e},
    {0x1dd0, 0xe89990},
    {0xe19, 0xe89994},
    {0x1bdd, 0xe89995},
    {0x1e29, 0xe8999b},
    {0x11a9, 0xe8999c},
    {0x184d, 0xe8999e},
    {0x1e9a, 0xe8999f},
    {0x1f49, 0xe899a7},
    {0x1eb4, 0xe899b9},
    {0x12ed, 0xe89a8a},
    {0x1363, 0xe89a8c},
    {0x1938, 0xe89a93},
    {0xed7, 0xe89aa3},
    {0x1aa1, 0xe89aa4},
    {0x1cbb, 0xe89aa9},
    {0x14a9, 0xe89b87},
    {0x1070, 0xe89b8b},
    {0x1f09, 0xe89b94},
    {0x17d8, 0xe89b99},
    {0x1ae9, 0xe89b9b},
    {0xf2e, 0xe89b9f},
    {0x1df2, 0xe89ba4},
    {0x1b72, 0xe89bad},
    {0x1699, 0xe89bbe},
    {0x1c4d, 0xe89c80},
    {0x13f1, 0xe89c82},
    {0x1679, 0xe89c83},
    {0x17ba, 0xe89c88},
    {0x1b3a, 0xe89c98},
    {0x145e, 0xe89c9a},
    {0x1314, 0xe89c9c},
    {0xdb4, 0xe89d8e},
    {0x1662, 0xe89d95},
    {0x1ef4, 0xe89d97},
    {0x189e, 0xe89d9f},
    {0x1dc9, 0xe89da6},
    {0x162c, 0xe89da8},
    {0x1e9b, 0xe89db4},
    {0x1a2f, 0xe89db6},
    {0x17d9, 0xe89db8},
    {0x1142, 0xe89e82},
    {0x18e4, 0xe89e8d},
    {0x1297, 0xe89e9f},
    {0x1e69, 0xe89ea2},
    {0x1098, 0xe89eb3},
    {0x111b, 0xe89eba},
    {0x1cd0, 0xe89f84},
    {0x133e, 0xe89fa0},
    {0x1542, 0xe89fac},
    {0x1812, 0xe89faf},
    {0x1c8d, 0xe89fb2},
    {0x1e10, 0xe89fb9},
    {0x1908, 0xe89fbb},
    {0x155b, 0xe89fbe},
    {0x163a, 0xe8a085},
    {0x113b, 0xe8a09f},
    {0x1b04, 0xe8a0a2},
    {0x1164, 0xe8a0a3},
    {0xeae, 0xe8a0b1},
    {0x1984, 0xe8a0b6},
    {0x124d, 0xe8a0bb},
    {0x1e4c, 0xe8a180},
    {0x1b0c, 0xe8a186},
    {0x1e1d, 0xe8a18c},
    {0x175d, 0xe8a18d},
    {0x1e46, 0xe8a192},
    {0x1624, 0xe8a193},
    {0xd81, 0xe8a197},
    {0x169a, 0xe8a199},
    {0x189f, 0xe8a19b},
    {0x1c8e, 0xe8a19d},
    {0x1e6a, 0xe8a1a1},
    {0xf5e, 0xe8a1a2},
    {0x1909, 0xe8a1a3},
    {0x1da1, 0xe8a1a8},
    {0x14ce, 0xe8a1ab},
    {0x15bd, 0xe8a1b0},
    {0x1037, 0xe8a1b2},
    {0x1c8f, 0xe8a1b7},
    {0x1883, 0xe8a281},
    {0x129b, 0xe8a282},
    {0xd82, 0xe8a288},
    {0x10a6, 0xe8a28b},
    {0x1d8d, 0xe8a28d},
    {0x1071, 0xe8a292},
    {0x15ea, 0xe8a296},
    {0x1b5d, 0xe8a297},
    {0xec6, 0xe8a29e},
    {0x1db1, 0xe8a2ab},
    {0xeaf, 0xe8a2b4},
    {0x19b6, 0xe8a381},
    {0x1182, 0xe8a382},
    {0x1218, 0xe8a38f},
    {0x179a, 0xe8a394},
    {0x18c7, 0xe8a395},
    {0xf74, 0xe8a399},
    {0x13ce, 0xe8a39c},
    {0x19a5, 0xe8a39d},
    {0x14aa, 0xe8a39f},
    {0x1219, 0xe8a3a1},
    {0x145f, 0xe8a3a8},
    {0x14ec, 0xe8a3b3},
    {0x111c, 0xe8a3b8},
    {0x1a75, 0xe8a3bd},
    {0x13dd, 0xe8a487},
    {0xdb3, 0xe8a490},
    {0x1d8e, 0xe8a492},
    {0x13cf, 0xe8a493},
    {0x18a0, 0xe8a498},
    {0x1377, 0xe8a499},
    {0x181c, 0xe8a4a5},
    {0x1d26, 0xe8a4aa},
    {0x1630, 0xe8a4b6},
    {0x11de, 0xe8a4b8},
    {0x1552, 0xe8a4bb},
    {0xde3, 0xe8a581},
    {0x1709, 0xe8a584},
    {0xfd1, 0xe8a59f},
    {0x1137, 0xe8a5a4},
    {0x1256, 0xe8a5aa},
    {0x1631, 0xe8a5b2},
    {0x1515, 0xe8a5bf},
    {0x1813, 0xe8a681},
    {0x1086, 0xe8a683},
    {0x13de, 0xe8a686},
    {0x1d57, 0xe8a687},
    {0xe3c, 0xe8a68b},
    {0xfa5, 0xe8a68f},
    {0x127e, 0xe8a693},
    {0x1652, 0xe8a696},
    {0xe33, 0xe8a6a1},
    {0x10ca, 0xe8a6a9},
    {0x1cc3, 0xe8a6aa},
    {0xfc2, 0xe8a6b2},
    {0xd91, 0xe8a6ba},
    {0x1138, 0xe8a6bd},
    {0xef7, 0xe8a780},
    {0xd92, 0xe8a792},
    {0x1e11, 0xe8a7a3},
    {0x14ed, 0xe8a7b4},
    {0x1c4e, 0xe8a7b8},
    {0x1721, 0xe8a880},
    {0x1a59, 0xe8a882},
    {0x1413, 0xe8a883},
    {0xe8c, 0xe8a888},
    {0x167a, 0xe8a88a},
    {0x1eb5, 0xe8a88c},
    {0x1d1c, 0xe8a88e},
    {0x1f33, 0xe8a893},
    {0x1f5a, 0xe8a896},
    {0x1cee, 0xe8a897},
    {0x1012, 0xe8a898},
    {0x17da, 0xe8a89b},
    {0x169b, 0xe8a89d},
    {0x15b5, 0xe8a89f},
    {0xe45, 0xe8a8a3},
    {0x1056, 0xe8a8a5},
    {0x1364, 0xe8a8aa},
    {0x1553, 0xe8a8ad},
    {0x1e2a, 0xe8a8b1},
    {0x159a, 0xe8a8b4},
    {0xd83, 0xe8a8b6},
    {0x1b5e, 0xe8a8ba},
    {0x1aea, 0xe8a8bb},
    {0x14ab, 0xe8a990},
    {0x1aa2, 0xe8a994},
    {0x1d6d, 0xe8a995},
    {0x19d4, 0xe8a99b},
    {0x14ac, 0xe8a99e},
    {0x1789, 0xe8a9a0},
    {0x161d, 0xe8a9a2},
    {0x179b, 0xe8a9a3},
    {0x1653, 0xe8a9a6},
    {0x1654, 0xe8a9a9},
    {0xf93, 0xe8a9ad},
    {0x1a11, 0xe8a9ae},
    {0x1f77, 0xe8a9b0},
    {0x1ec1, 0xe8a9b1},
    {0x1e12, 0xe8a9b2},
    {0x14ee, 0xe8a9b3},
    {0x1543, 0xe8a9b5},
    {0x1c11, 0xe8a9b9},
    {0x1aeb, 0xe8aa85},
    {0xee1, 0xe8aa87},
    {0x1b3b, 0xe8aa8c},
    {0x1939, 0xe8aa8d},
    {0x1516, 0xe8aa93},
    {0x1cf9, 0xe8aa95},
    {0x18c8, 0xe8aa98},
    {0x1714, 0xe8aa9e},
    {0x1572, 0xe8aaa0},
    {0xe8d, 0xe8aaa1},
    {0x12de, 0xe8aaa3},
    {0x17bb, 0xe8aaa4},
    {0xeb0, 0xe8aaa5},
    {0x15b6, 0xe8aaa6},
    {0x1f0a, 0xe8aaa8},
    {0x1554, 0xe8aaaa},
    {0x15eb, 0xe8aab0},
    {0xee2, 0xe8aab2},
    {0x1460, 0xe8aab9},
    {0x190a, 0xe8aabc},
    {0x18e9, 0xe8aabe},
    {0x1aa3, 0xe8aabf},
    {0x1c12, 0xe8ab82},
    {0x161e, 0xe8ab84},
    {0x1087, 0xe8ab87},
    {0x1c22, 0xe8ab8b},
    {0x19bd, 0xe8ab8d},
    {0x1c6c, 0xe8ab8f},
    {0x1155, 0xe8ab92},
    {0x11b7, 0xe8ab96},
    {0x18c9, 0xe8ab9b},
    {0x1c1a, 0xe8ab9c},
    {0x1655, 0xe8aba1},
    {0x1c2a, 0xe8aba6},
    {0x1e13, 0xe8aba7},
    {0x1a5a, 0xe8abaa},
    {0xdaa, 0xe8abab},
    {0x18ca, 0xe8abad},
    {0x196a, 0xe8abae},
    {0x1f42, 0xe8abb1},
    {0x168a, 0xe8abb6},
    {0x1da9, 0xe8abb7},
    {0x1a76, 0xe8abb8},
    {0x1722, 0xe8abba},
    {0x102b, 0xe8abbe},
    {0x12b1, 0xe8ac80},
    {0x16ba, 0xe8ac81},
    {0x18a1, 0xe8ac82},
    {0x1113, 0xe8ac84},
    {0x1302, 0xe8ac8e},
    {0x1315, 0xe8ac90},
    {0x1dd1, 0xe8ac94},
    {0x15a7, 0xe8ac96},
    {0x1365, 0xe8ac97},
    {0xe49, 0xe8ac99},
    {0x192a, 0xe8ac9a},
    {0xde4, 0xe8ac9b},
    {0x14ad, 0xe8ac9d},
    {0x1814, 0xe8aca0},
    {0x12b2, 0xe8aca8},
    {0x19ea, 0xe8acab},
    {0x11ed, 0xe8acac},
    {0xf5f, 0xe8acb3},
    {0xfc3, 0xe8acb9},
    {0x1ec2, 0xe8ad81},
    {0x1b1c, 0xe8ad89},
    {0x1f4b, 0xe8ad8e},
    {0x1013, 0xe8ad8f},
    {0x1663, 0xe8ad98},
    {0x1088, 0xe8ad9a},
    {0x13d0, 0xe8ad9c},
    {0xe71, 0xe8ada6},
    {0x1461, 0xe8adac},
    {0x1741, 0xe8adaf},
    {0x190b, 0xe8adb0},
    {0xe3d, 0xe8adb4},
    {0x1e9c, 0xe8adb7},
    {0x179c, 0xe8adbd},
    {0x10de, 0xe8ae80},
    {0x13a9, 0xe8ae8a},
    {0x15ec, 0xe8ae90},
    {0x1bb2, 0xe8ae92},
    {0x170a, 0xe8ae93},
    {0x1bb3, 0xe8ae96},
    {0x1ba0, 0xe8ae9a},
    {0xebc, 0xe8b0b7},
    {0xe8e, 0xe8b0bf},
    {0x1ede, 0xe8b181},
    {0x1103, 0xe8b186},
    {0x1014, 0xe8b188},
    {0x1daa, 0xe8b18a},
    {0x17ea, 0xe8b18c},
    {0x1656, 0xe8b195},
    {0x10e7, 0xe8b19a},
    {0x14ef, 0xe8b1a1},
    {0x1e9d, 0xe8b1aa},
    {0x179d, 0xe8b1ab},
    {0x1da2, 0xe8b1b9},
    {0x1657, 0xe8b1ba},
    {0x1c44, 0xe8b282},
    {0x1273, 0xe8b28a},
    {0x12b3, 0xe8b28c},
    {0x1d58, 0xe8b29d},
    {0x1a5b, 0xe8b29e},
    {0x1414, 0xe8b2a0},
    {0x19b7, 0xe8b2a1},
    {0xed8, 0xe8b2a2},
    {0x1472, 0xe8b2a7},
    {0x1ec3, 0xe8b2a8},
    {0x1d47, 0xe8b2a9},
    {0x1cff, 0xe8b2aa},
    {0xef8, 0xe8b2ab},
    {0x1bd9, 0xe8b2ac},
    {0x19d5, 0xe8b2af},
    {0x157b, 0xe8b2b0},
    {0x1921, 0xe8b2b3},
    {0xf98, 0xe8b2b4},
    {0x1d68, 0xe8b2b6},
    {0x126e, 0xe8b2b7},
    {0x10a7, 0xe8b2b8},
    {0x1462, 0xe8b2bb},
    {0x1c1b, 0xe8b2bc},
    {0x1920, 0xe8b2bd},
    {0x12df, 0xe8b2bf},
    {0x1dca, 0xe8b380},
    {0x1431, 0xe8b381},
    {0x11c3, 0xe8b382},
    {0x194c, 0xe8b383},
    {0x1f0b, 0xe8b384},
    {0x196b, 0xe8b387},
    {0xd84, 0xe8b388},
    {0x19eb, 0xe8b38a},
    {0x1b5f, 0xe8b391},
    {0x1473, 0xe8b393},
    {0x11c4, 0xe8b39a},
    {0x14ae, 0xe8b39c},
    {0x14f0, 0xe8b39e},
    {0x1378, 0xe8b3a0},
    {0x1e47, 0xe8b3a2},
    {0x126f, 0xe8b3a3},
    {0x1bf8, 0xe8b3a4},
    {0x1415, 0xe8b3a6},
    {0x1b73, 0xe8b3aa},
    {0x10cb, 0xe8b3ad},
    {0x11c5, 0xe8b3b4},
    {0x1416, 0xe8b3bb},
    {0xf60, 0xe8b3bc},
    {0x14f4, 0xe8b3bd},
    {0x1b3c, 0xe8b484},
    {0x1c93, 0xe8b485},
    {0x18dd, 0xe8b487},
    {0x1b1d, 0xe8b488},
    {0x1ba1, 0xe8b48a},
    {0x155c, 0xe8b48d},
    {0x19a6, 0xe8b493},
    {0x15a8, 0xe8b496},
    {0x19ec, 0xe8b5a4},
    {0x14af, 0xe8b5a6},
    {0x1e34, 0xe8b5ab},
    {0x1aec, 0xe8b5b0},
    {0xfa6, 0xe8b5b3},
    {0x1417, 0xe8b5b4},
    {0x1015, 0xe8b5b7},
    {0x1c45, 0xe8b685},
    {0x188a, 0xe8b68a},
    {0x1aa4, 0xe8b699},
    {0x1c9e, 0xe8b6a3},
    {0x1c6d, 0xe8b6a8},
    {0x1aae, 0xe8b6b3},
    {0x1418, 0xe8b6ba},
    {0x1b3d, 0xe8b6be},
    {0x1d12, 0xe8b786},
    {0x1348, 0xe8b78b},
    {0x1b74, 0xe8b78c},
    {0xd85, 0xe8b78f},
    {0x1d40, 0xe8b79b},
    {0xe0c, 0xe8b79d},
    {0x19ed, 0xe8b7a1},
    {0x1544, 0xe8b7a3},
    {0xee3, 0xe8b7a8},
    {0x11aa, 0xe8b7af},
    {0x10cc, 0xe8b7b3},
    {0x1832, 0xe8b88a},
    {0x108d, 0xe8b88f},
    {0x1bf9, 0xe8b890},
    {0xe0d, 0xe8b89e},
    {0x1ac2, 0xe8b8aa},
    {0x18cb, 0xe8b8b0},
    {0x1ac3, 0xe8b8b5},
    {0x18cc, 0xe8b982},
    {0x1a77, 0xe8b984},
    {0xe1a, 0xe8b987},
    {0x10cd, 0xe8b988},
    {0x1b8c, 0xe8b989},
    {0x1e75, 0xe8b98a},
    {0x1c80, 0xe8b999},
    {0x19ee, 0xe8b99f},
    {0x1be9, 0xe8b9a0},
    {0x1c81, 0xe8b9b4},
    {0xf8e, 0xe8b9b6},
    {0x1aa5, 0xe8ba81},
    {0x19d6, 0xe8ba87},
    {0x1aed, 0xe8ba8a},
    {0x16f6, 0xe8ba8d},
    {0x1223, 0xe8baaa},
    {0x167b, 0xe8baab},
    {0xf80, 0xe8baac},
    {0xf61, 0xe8bb80},
    {0x1b8d, 0xe8bb8a},
    {0x16bb, 0xe8bb8b},
    {0xf94, 0xe8bb8c},
    {0xf75, 0xe8bb8d},
    {0x1e2e, 0xe8bb92},
    {0x175e, 0xe8bb9f},
    {0x1b60, 0xe8bbab},
    {0x1c82, 0xe8bbb8},
    {0xd86, 0xe8bbbb},
    {0x1664, 0xe8bbbe},
    {0xf2f, 0xe8bc83},
    {0x11ab, 0xe8bc85},
    {0x19b8, 0xe8bc89},
    {0x1c1c, 0xe8bc92},
    {0x124e, 0xe8bc93},
    {0x13d1, 0xe8bc94},
    {0xe72, 0xe8bc95},
    {0x1156, 0xe8bc9b},
    {0x1cbc, 0xe8bc9c},
    {0x1f43, 0xe8bc9d},
    {0x1262, 0xe8bc9e},
    {0x1c06, 0xe8bc9f},
    {0x117a, 0xe8bca6},
    {0x13bf, 0xe8bca7},
    {0x1379, 0xe8bca9},
    {0x11f7, 0xe8bcaa},
    {0x1b7b, 0xe8bcaf},
    {0x1aee, 0xe8bcb3},
    {0x15ed, 0xe8bcb8},
    {0x13df, 0xe8bcb9},
    {0x13e0, 0xe8bcbb},
    {0x1a12, 0xe8bcbe},
    {0x1738, 0xe8bcbf},
    {0x1de2, 0xe8bd84},
    {0x1884, 0xe8bd85},
    {0x1a13, 0xe8bd89},
    {0x1c07, 0xe8bd8d},
    {0xf30, 0xe8bd8e},
    {0x1739, 0xe8bd9d},
    {0xf1b, 0xe8bd9f},
    {0x116f, 0xe8bda2},
    {0x167c, 0xe8be9b},
    {0xeb1, 0xe8be9c},
    {0x112e, 0xe8bea3},
    {0x1d48, 0xe8bea6},
    {0x13aa, 0xe8bea8},
    {0x14b0, 0xe8bead},
    {0x13ab, 0xe8beaf},
    {0x1b61, 0xe8beb0},
    {0x181d, 0xe8beb1},
    {0x1051, 0xe8beb2},
    {0x184e, 0xe8bf82},
    {0x167d, 0xe8bf85},
    {0x178a, 0xe8bf8e},
    {0xfc4, 0xe8bf91},
    {0x133f, 0xe8bf94},
    {0xd87, 0xe8bfa6},
    {0x19ef, 0xe8bfaa},
    {0x1326, 0xe8bfab},
    {0x1b75, 0xe8bfad},
    {0x1625, 0xe8bfb0},
    {0xe2a, 0xe8bfb2},
    {0x1303, 0xe8bfb7},
    {0x19f0, 0xe8bfb9},
    {0x1c6e, 0xe8bfbd},
    {0x1d27, 0xe98080},
    {0x15b7, 0xe98081},
    {0xefe, 0xe98082},
    {0x10ce, 0xe98083},
    {0x1f2a, 0xe98085},
    {0x1742, 0xe98086},
    {0x1e6b, 0xe98088},
    {0x1d8f, 0xe9808b},
    {0x159b, 0xe9808d},
    {0x1d2d, 0xe9808f},
    {0x1c83, 0xe98090},
    {0xf62, 0xe98091},
    {0x10cf, 0xe98094},
    {0xe73, 0xe98095},
    {0x1104, 0xe98097},
    {0x19d7, 0xe98099},
    {0x1d22, 0xe9809a},
    {0x1517, 0xe9809d},
    {0x1194, 0xe9809e},
    {0x15a9, 0xe9809f},
    {0x1aa6, 0xe980a0},
    {0x1b05, 0xe980a1},
    {0x13f2, 0xe980a2},
    {0x117b, 0xe980a3},
    {0x1c2b, 0xe980ae},
    {0x1aef, 0xe980b1},
    {0x1b62, 0xe980b2},
    {0xfa7, 0xe980b5},
    {0x1942, 0xe980b8},
    {0x1dbf, 0xe980bc},
    {0x18ce, 0xe980be},
    {0x1109, 0xe98181},
    {0x15ee, 0xe98182},
    {0x184f, 0xe98187},
    {0x18cd, 0xe9818a},
    {0x1866, 0xe9818b},
    {0x1d65, 0xe9818d},
    {0xee4, 0xe9818e},
    {0x1dcb, 0xe98190},
    {0x1ef5, 0xe98191},
    {0x10d0, 0xe98193},
    {0x1078, 0xe98194},
    {0x18a2, 0xe98195},
    {0x1815, 0xe98199},
    {0x15ae, 0xe9819c},
    {0x108e, 0xe9819d},
    {0x1c2c, 0xe9819e},
    {0x1885, 0xe981a0},
    {0x159c, 0xe981a1},
    {0xe3e, 0xe981a3},
    {0x19f1, 0xe981a9},
    {0x1aa7, 0xe981ad},
    {0x1b8e, 0xe981ae},
    {0x110a, 0xe981af},
    {0x1b3e, 0xe981b2},
    {0x1b06, 0xe981b5},
    {0x1bfa, 0xe981b7},
    {0x1545, 0xe981b8},
    {0x18cf, 0xe981ba},
    {0x11d1, 0xe981bc},
    {0xe0e, 0xe981bd},
    {0x1db2, 0xe981bf},
    {0x1816, 0xe98280},
    {0x1270, 0xe98281},
    {0x1e14, 0xe98282},
    {0x15ef, 0xe98283},
    {0x1ed8, 0xe98284},
    {0x1922, 0xe98287},
    {0x123d, 0xe98288},
    {0x13ac, 0xe9828a},
    {0x111d, 0xe9828f},
    {0x18f5, 0xe98291},
    {0x17d0, 0xe98295},
    {0x1263, 0xe98299},
    {0x1e6c, 0xe982a2},
    {0x102a, 0xe982a3},
    {0x1366, 0xe982a6},
    {0x1c52, 0xe982a8},
    {0x14b1, 0xe982aa},
    {0xdc6, 0xe982af},
    {0x1d13, 0xe982b0},
    {0xf63, 0xe982b1},
    {0x159d, 0xe982b5},
    {0x19d8, 0xe982b8},
    {0x185c, 0xe98381},
    {0xf31, 0xe9838a},
    {0x1143, 0xe9839e},
    {0xf76, 0xe983a1},
    {0x1419, 0xe983a8},
    {0xeea, 0xe983ad},
    {0x1850, 0xe983b5},
    {0x10d1, 0xe983bd},
    {0x16aa, 0xe98482},
    {0x1c6f, 0xe98492},
    {0x1e22, 0xe98495},
    {0x1463, 0xe98499},
    {0x1114, 0xe984a7},
    {0x1a5c, 0xe984ad},
    {0x1072, 0xe984b2},
    {0x18d0, 0xe98589},
    {0x1a5d, 0xe9858a},
    {0x1c70, 0xe9858b},
    {0x1977, 0xe9858c},
    {0x137a, 0xe9858d},
    {0x1af0, 0xe9858e},
    {0x1af1, 0xe98592},
    {0x1c46, 0xe985a2},
    {0x1298, 0xe985a9},
    {0x1123, 0xe985aa},
    {0x15f0, 0xe985ac},
    {0x1f1c, 0xe985b5},
    {0x1ea3, 0xe985b7},
    {0x14c1, 0xe985b8},
    {0x161f, 0xe98687},
    {0x1c9f, 0xe98689},
    {0x1c47, 0xe9868b},
    {0x1a78, 0xe9868d},
    {0x1573, 0xe98692},
    {0x1c71, 0xe9869c},
    {0x190c, 0xe986ab},
    {0x19a7, 0xe986ac},
    {0x1c48, 0xe986ae},
    {0x1e76, 0xe986af},
    {0x1349, 0xe986b1},
    {0x119d, 0xe986b4},
    {0xe00, 0xe986b5},
    {0x170b, 0xe98780},
    {0x1bd4, 0xe98787},
    {0x18d1, 0xe98789},
    {0x1528, 0xe9878b},
    {0x121a, 0xe9878c},
    {0x1b0d, 0xe9878d},
    {0x16ef, 0xe9878e},
    {0x1157, 0xe9878f},
    {0x121b, 0xe98790},
    {0x1023, 0xe98791},
    {0x15be, 0xe98797},
    {0x1a5e, 0xe98798},
    {0x141a, 0xe9879c},
    {0x1cce, 0xe9879d},
    {0x1aa8, 0xe987a3},
    {0x1bfb, 0xe987a7},
    {0x1851, 0xe987aa},
    {0x1bd5, 0xe987b5},
    {0x110b, 0xe9888d},
    {0xe26, 0xe98890},
    {0x1d49, 0xe98891},
    {0x14d1, 0xe98892},
    {0x18de, 0xe98897},
    {0xfae, 0xe9889e},
    {0x1195, 0xe988b4},
    {0x17c2, 0xe988ba},
    {0x1a14, 0xe988bf},
    {0xdce, 0xe98980},
    {0xe0f, 0xe98985},
    {0x1e48, 0xe98989},
    {0xe4a, 0xe98997},
    {0x175f, 0xe9899b},
    {0x188b, 0xe9899e},
    {0x134a, 0xe989a2},
    {0xf64, 0xe989a4},
    {0x1626, 0xe989a5},
    {0x1a5f, 0xe989a6},
    {0x18ea, 0xe98a80},
    {0x1c5c, 0xe98a83},
    {0x10fb, 0xe98a85},
    {0x1546, 0xe98a91},
    {0x1a15, 0xe98a93},
    {0x15f1, 0xe98a96},
    {0x1299, 0xe98a98},
    {0x1dec, 0xe98a9c},
    {0x179e, 0xe98ab3},
    {0xf65, 0xe98ab6},
    {0x159e, 0xe98ab7},
    {0x15f2, 0xe98ab9},
    {0x1a60, 0xe98b8c},
    {0x1e59, 0xe98b8f},
    {0x13f3, 0xe98b92},
    {0x1518, 0xe98ba4},
    {0x1d90, 0xe98baa},
    {0xe10, 0xe98bb8},
    {0xde5, 0xe98bbc},
    {0x11b4, 0xe98c84},
    {0x1c72, 0xe98c90},
    {0x1c73, 0xe98c98},
    {0x19be, 0xe98c9a},
    {0x1620, 0xe98c9e},
    {0x1089, 0xe98c9f},
    {0x1a61, 0xe98ca0},
    {0x1016, 0xe98ca1},
    {0x1a16, 0xe98ca2},
    {0x1017, 0xe98ca4},
    {0xfd2, 0xe98ca6},
    {0x12cb, 0xe98ca8},
    {0x1529, 0xe98cab},
    {0xeb2, 0xe98cae},
    {0x1b93, 0xe98caf},
    {0x178b, 0xe98d88},
    {0x117c, 0xe98d8a},
    {0xee5, 0xe98d8b},
    {0x10d2, 0xe98d8d},
    {0x16ab, 0xe98d94},
    {0x1073, 0xe98d9b},
    {0x18d2, 0xe98dae},
    {0xe1b, 0xe98db5},
    {0x1ccf, 0xe98dbc},
    {0x1ac4, 0xe98dbe},
    {0xe4b, 0xe98e8c},
    {0x1833, 0xe98e94},
    {0x15bc, 0xe98e96},
    {0x1c74, 0xe98e9a},
    {0x1e6d, 0xe98ea3},
    {0xdf9, 0xe98ea7},
    {0x1e9e, 0xe98eac},
    {0x1b63, 0xe98ead},
    {0x1943, 0xe98eb0},
    {0x1aaf, 0xe98f83},
    {0x19f2, 0xe98f91},
    {0x1834, 0xe98f9e},
    {0xe74, 0xe98fa1},
    {0x11df, 0xe98fa4},
    {0x1b7c, 0xe98fb6},
    {0x1f10, 0xe99084},
    {0x1ac5, 0xe99098},
    {0x1547, 0xe990a5},
    {0x1a17, 0xe990ab},
    {0x1c08, 0xe990b5},
    {0x1cef, 0xe990b8},
    {0x1af2, 0xe99184},
    {0xf0b, 0xe9919b},
    {0x1ba2, 0xe991bd},
    {0x1b94, 0xe991bf},
    {0x19a8, 0xe995b7},
    {0x12ee, 0xe99680},
    {0x155d, 0xe99683},
    {0x1d76, 0xe99689},
    {0xdfa, 0xe9968b},
    {0x18df, 0xe9968f},
    {0xdab, 0xe99693},
    {0x1312, 0xe99694},
    {0xdcf, 0xe99698},
    {0xd93, 0xe996a3},
    {0x1df3, 0xe996a4},
    {0x1390, 0xe996a5},
    {0xfa8, 0xe996a8},
    {0x1165, 0xe996ad},
    {0x1764, 0xe996b1},
    {0x176c, 0xe996bb},
    {0x16bc, 0xe996bc},
    {0x16c4, 0xe99787},
    {0x1edf, 0xe9978a},
    {0x1df4, 0xe99794},
    {0xf8f, 0xe99795},
    {0x1d31, 0xe99796},
    {0xef9, 0xe9979c},
    {0x1bfc, 0xe997a1},
    {0x13a5, 0xe997a2},
    {0x141b, 0xe9989c},
    {0x1bfd, 0xe998a1},
    {0x1d4a, 0xe998aa},
    {0x17eb, 0xe998ae},
    {0x1367, 0xe998b2},
    {0x1aa9, 0xe998bb},
    {0x169c, 0xe998bf},
    {0x1cdf, 0xe99980},
    {0x1db3, 0xe99982},
    {0x141c, 0xe99984},
    {0x11e0, 0xe9998b},
    {0x1274, 0xe9998c},
    {0xde6, 0xe9998d},
    {0x1ddf, 0xe99990},
    {0x1d77, 0xe9999b},
    {0x1df5, 0xe9999c},
    {0x155e, 0xe9999d},
    {0x163b, 0xe9999e},
    {0x1bea, 0xe9999f},
    {0x1886, 0xe999a2},
    {0x1b64, 0xe999a3},
    {0x1a79, 0xe999a4},
    {0x137b, 0xe999aa},
    {0x18f0, 0xe999b0},
    {0x1b65, 0xe999b3},
    {0x1204, 0xe999b5},
    {0x10d3, 0xe999b6},
    {0x1ded, 0xe999b7},
    {0x11f1, 0xe999b8},
    {0x170c, 0xe999bd},
    {0x1852, 0xe99a85},
    {0x11fb, 0xe99a86},
    {0x10a8, 0xe99a8a},
    {0x15f3, 0xe99a8b},
    {0x1ef6, 0xe99a8d},
    {0xe8f, 0xe99a8e},
    {0xe34, 0xe99a94},
    {0x1867, 0xe99a95},
    {0x16d9, 0xe99a98},
    {0xfb6, 0xe99a99},
    {0x1a7a, 0xe99a9b},
    {0x19a9, 0xe99a9c},
    {0x1224, 0xe99aa3},
    {0x1e30, 0xe99aaa},
    {0x18eb, 0xe99ab1},
    {0x119e, 0xe99ab7},
    {0x1beb, 0xe99abb},
    {0x1978, 0xe99b80},
    {0x16b5, 0xe99b81},
    {0x186e, 0xe99b84},
    {0x169d, 0xe99b85},
    {0x1b7d, 0xe99b86},
    {0xeb3, 0xe99b87},
    {0x1cbd, 0xe99b89},
    {0x1b07, 0xe99b8b},
    {0x196c, 0xe99b8c},
    {0x17d1, 0xe99b8d},
    {0x19d9, 0xe99b8e},
    {0x1aaa, 0xe99b95},
    {0x15f6, 0xe99b96},
    {0x168d, 0xe99b99},
    {0x1c75, 0xe99b9b},
    {0x1985, 0xe99b9c},
    {0x121c, 0xe99ba2},
    {0x102e, 0xe99ba3},
    {0x1555, 0xe99baa},
    {0x12ef, 0xe99baf},
    {0x1432, 0xe99bb0},
    {0x1868, 0xe99bb2},
    {0x1196, 0xe99bb6},
    {0x11c6, 0xe99bb7},
    {0x1327, 0xe99bb9},
    {0x1a18, 0xe99bbb},
    {0x15f7, 0xe99c80},
    {0x1a62, 0xe99c86},
    {0x1b66, 0xe99c87},
    {0x1a2a, 0xe99c91},
    {0x179f, 0xe99c93},
    {0x122b, 0xe99c96},
    {0x178c, 0xe99c99},
    {0x14f1, 0xe99c9c},
    {0x1dcc, 0xe99c9e},
    {0x12e0, 0xe99ca7},
    {0x14c2, 0xe99cb0},
    {0x11ac, 0xe99cb2},
    {0x13a6, 0xe99cb9},
    {0x1a7b, 0xe99cbd},
    {0x1170, 0xe99d82},
    {0x16da, 0xe99d84},
    {0x1197, 0xe99d88},
    {0x1c23, 0xe99d91},
    {0x1a63, 0xe99d96},
    {0x1a64, 0xe99d9c},
    {0x1464, 0xe99d9e},
    {0x1304, 0xe99da1},
    {0x1288, 0xe99da2},
    {0x1e35, 0xe99da9},
    {0x193a, 0xe99dad},
    {0x1ec4, 0xe99db4},
    {0x193b, 0xe99db7},
    {0x1257, 0xe99dba},
    {0x1e77, 0xe99e8b},
    {0x16b6, 0xe99e8d},
    {0xed9, 0xe99e8f},
    {0xf6e, 0xe99ea0},
    {0xdb5, 0xe99ea8},
    {0xf6f, 0xe99eab},
    {0x1d66, 0xe99ead},
    {0x1bfe, 0xe99f86},
    {0x18a3, 0xe99f8b},
    {0x1de0, 0xe99f93},
    {0x10d4, 0xe99f9c},
    {0x18f1, 0xe99fb3},
    {0x159f, 0xe99fb6},
    {0x1869, 0xe99fbb},
    {0x1e23, 0xe99fbf},
    {0x1e9f, 0xe9a080},
    {0x1e4d, 0xe9a081},
    {0x1a65, 0xe9a082},
    {0xe75, 0xe9a083},
    {0x1e04, 0xe9a085},
    {0x1621, 0xe9a086},
    {0x15f8, 0xe9a088},
    {0x185d, 0xe9a08a},
    {0x15b8, 0xe9a08c},
    {0x17a0, 0xe9a090},
    {0x17ec, 0xe9a091},
    {0x1340, 0xe9a092},
    {0x10e8, 0xe9a093},
    {0x1d41, 0xe9a097},
    {0x1198, 0xe9a098},
    {0x1105, 0xe9a0ad},
    {0x1e5a, 0xe9a0b0},
    {0xe76, 0xe9a0b8},
    {0x1d28, 0xe9a0b9},
    {0x1474, 0xe9a0bb},
    {0xee6, 0xe9a186},
    {0x1a7c, 0xe9a18c},
    {0x16e1, 0xe9a18d},
    {0x16ac, 0xe9a18e},
    {0x16b7, 0xe9a194},
    {0x1887, 0xe9a198},
    {0x1a19, 0xe9a19a},
    {0x11ee, 0xe9a19e},
    {0x1ea0, 0xe9a1a5},
    {0xeb4, 0xe9a1a7},
    {0x1a1a, 0xe9a1ab},
    {0x1e49, 0xe9a1af},
    {0x1dab, 0xe9a2a8},
    {0x14d2, 0xe9a2af},
    {0x1d14, 0xe9a2b1},
    {0x1da4, 0xe9a384},
    {0x1da3, 0xe9a387},
    {0x1465, 0xe9a39b},
    {0x138c, 0xe9a39c},
    {0x1665, 0xe9a39f},
    {0x15af, 0xe9a3a1},
    {0x1018, 0xe9a3a2},
    {0x1cc2, 0xe9a3ad},
    {0x18f2, 0xe9a3ae},
    {0x1341, 0xe9a3af},
    {0x1923, 0xe9a3b4},
    {0x14b2, 0xe9a3bc},
    {0x1d91, 0xe9a3bd},
    {0x1666, 0xe9a3be},
    {0xf32, 0xe9a483},
    {0x1e24, 0xe9a489},
    {0x170d, 0xe9a48a},
    {0x1924, 0xe9a48c},
    {0x1ba3, 0xe9a490},
    {0x169e, 0xe9a493},
    {0x173a, 0xe9a498},
    {0x1a1b, 0xe9a49e},
    {0x13c0, 0xe9a4a0},
    {0xefa, 0xe9a4a8},
    {0x124f, 0xe9a585},
    {0xfc5, 0xe9a589},
    {0xf95, 0xe9a58b},
    {0x1ba4, 0xe9a58c},
    {0x1548, 0xe9a58d},
    {0x1019, 0xe9a591},
    {0x1817, 0xe9a592},
    {0x17d2, 0xe9a594},
    {0x1e25, 0xe9a597},
    {0x15f9, 0xe9a696},
    {0x1e26, 0xe9a699},
    {0x1dbd, 0xe9a69d},
    {0x13e1, 0xe9a6a5},
    {0x1e6e, 0xe9a6a8},
    {0x1235, 0xe9a6ac},
    {0x1715, 0xe9a6ad},
    {0x1dac, 0xe9a6ae},
    {0x1ce0, 0xe9a6b1},
    {0x1cbe, 0xe9a6b3},
    {0x1622, 0xe9a6b4},
    {0x1944, 0xe9a6b9},
    {0x1328, 0xe9a781},
    {0x1af3, 0xe9a790},
    {0x104e, 0xe9a791},
    {0xf66, 0xe9a792},
    {0xd88, 0xe9a795},
    {0x141d, 0xe9a799},
    {0x1ce1, 0xe9a79d},
    {0x14b3, 0xe9a79f},
    {0x1e15, 0xe9a7ad},
    {0x1124, 0xe9a7b1},
    {0x1b08, 0xe9a7bf},
    {0x1478, 0xe9a881},
    {0x13c1, 0xe9a888},
    {0x1d67, 0xe9a899},
    {0xe1c, 0xe9a8ab},
    {0x1115, 0xe9a8b0},
    {0x1c76, 0xe9a8b6},
    {0x15a0, 0xe9a8b7},
    {0x1275, 0xe9a980},
    {0x1da5, 0xe9a983},
    {0xf67, 0xe9a985},
    {0x1f1d, 0xe9a98d},
    {0xf33, 0xe9a995},
    {0x1e31, 0xe9a997},
    {0xe77, 0xe9a99a},
    {0x1743, 0xe9a99b},
    {0x1ca0, 0xe9a99f},
    {0x1166, 0xe9a9a2},
    {0x101c, 0xe9a9a5},
    {0x1ed9, 0xe9a9a9},
    {0x1167, 0xe9a9aa},
    {0xec9, 0xe9aaa8},
    {0x1e16, 0xe9aab8},
    {0x15fa, 0xe9ab93},
    {0x1c2d, 0xe9ab94},
    {0xeb5, 0xe9ab98},
    {0x176d, 0xe9aba5},
    {0x134b, 0xe9abae},
    {0x15fb, 0xe9ac9a},
    {0x11d2, 0xe9aca7},
    {0x1d2e, 0xe9acaa},
    {0x186b, 0xe9acb1},
    {0xf99, 0xe9acbc},
    {0xf17, 0xe9ad81},
    {0x1ea9, 0xe9ad82},
    {0x134c, 0xe9ad83},
    {0x1383, 0xe9ad84},
    {0x1271, 0xe9ad85},
    {0x18a4, 0xe9ad8f},
    {0x1236, 0xe9ad94},
    {0x1716, 0xe9ad9a},
    {0x11ad, 0xe9adaf},
    {0x1a2b, 0xe9ae8e},
    {0x1d92, 0xe9ae91},
    {0x16b8, 0xe9ae9f},
    {0xf34, 0xe9aeab},
    {0x1549, 0xe9aeae},
    {0x121d, 0xe9af89},
    {0x1c24, 0xe9af96},
    {0xec7, 0xe9afa4},
    {0xe78, 0xe9afa8},
    {0x1c77, 0xe9b08d},
    {0x16ad, 0xe9b090},
    {0x13e2, 0xe9b092},
    {0x1dcd, 0xe9b095},
    {0x1eda, 0xe9b0a5},
    {0x17bc, 0xe9b0b2},
    {0x1250, 0xe9b0bb},
    {0xde7, 0xe9b187},
    {0x13af, 0xe9b189},
    {0x1225, 0xe9b197},
    {0x1aab, 0xe9b3a5},
    {0x141e, 0xe9b3a7},
    {0xf68, 0xe9b3a9},
    {0x13f4, 0xe9b3b3},
    {0x129a, 0xe9b3b4},
    {0x1760, 0xe9b3b6},
    {0x169f, 0xe9b489},
    {0x1888, 0xe9b49b},
    {0x16cf, 0xe9b4a6},
    {0x16c8, 0xe9b4a8},
    {0x1eb6, 0xe9b4bb},
    {0xe3f, 0xe9b591},
    {0x16a0, 0xe9b59d},
    {0xebd, 0xe9b5a0},
    {0x12e1, 0xe9b5a1},
    {0x143c, 0xe9b5ac},
    {0x1979, 0xe9b5b2},
    {0x12ba, 0xe9b6a9},
    {0x16e4, 0xe9b6af},
    {0x1dd2, 0xe9b6b4},
    {0xe90, 0xe9b784},
    {0xf69, 0xe9b797},
    {0x1ca1, 0xe9b7b2},
    {0x1f4c, 0xe9b7b8},
    {0x18f9, 0xe9b7b9},
    {0x11ae, 0xe9b7ba},
    {0x16e5, 0xe9b89a},
    {0x112c, 0xe9b89e},
    {0x11af, 0xe9b9b5},
    {0x1dee, 0xe9b9b9},
    {0x176e, 0xe9b9bd},
    {0x11b5, 0xe9b9bf},
    {0x101d, 0xe9ba92},
    {0x11b6, 0xe9ba93},
    {0x1168, 0xe9ba97},
    {0x14b4, 0xe9ba9d},
    {0x1226, 0xe9ba9f},
    {0x1276, 0xe9baa5},
    {0xf70, 0xe9bab4},
    {0x1289, 0xe9bab5},
    {0x1237, 0xe9babb},
    {0x1f44, 0xe9babe},
    {0x1ef7, 0xe9bb83},
    {0x1519, 0xe9bb8d},
    {0x1169, 0xe9bb8e},
    {0x1f52, 0xe9bb91},
    {0xe27, 0xe9bb94},
    {0x12e3, 0xe9bb98},
    {0x10a9, 0xe9bb9b},
    {0x1c89, 0xe9bb9c},
    {0x1a2c, 0xe9bb9e},
    {0x1099, 0xe9bba8},
    {0x1305, 0xe9bbb4},
    {0x17bd, 0xe9bc87},
    {0x13b0, 0xe9bc88},
    {0x1a66, 0xe9bc8e},
    {0xeb6, 0xe9bc93},
    {0x151a, 0xe9bca0},
    {0x1466, 0xe9bcbb},
    {0x1a7d, 0xe9bd8a},
    {0x19b9, 0xe9bd8b},
    {0x19ba, 0xe9bd8e},
    {0x1cbf, 0xe9bd92},
    {0x19da, 0xe9bd9f},
    {0x1199, 0xe9bda1},
    {0x1556, 0xe9bda7},
    {0x1b95, 0xe9bdaa},
    {0x1717, 0xe9bdac},
    {0x16ae, 0xe9bdb7},
    {0x11d3, 0xe9be8d},
    {0x1368, 0xe9be90},
    {0xdc9, 0xe9be95},
    {0xf6a, 0xe9be9c},
    {0x440, 0xeab084},
    {0x247e, 0xeab098},
    {0x452, 0xeab0a0},
    {0x453, 0xeab0a4},
    {0x248b, 0xeab0ae},
    {0x45b, 0xeab0bc},
    {0x45c, 0xeab180},
    {0x45d, 0xeab18b},
    {0x24a1, 0xeab18c},
    {0x45e, 0xeab18d},
    {0x45f, 0xeab194},
    {0x460, 0xeab198},
    {0x461, 0xeab19c},
    {0x464, 0xeab1b4},
    {0x24c5, 0xeab1b9},
    {0x467, 0xeab1ba},
    {0x24cb, 0xeab282},
    {0x472, 0xeab290},
    {0x473, 0xeab294},
    {0x24db, 0xeab29e},
    {0x24e2, 0xeab2ab},
    {0x47c, 0xeab2ac},
    {0x24ec, 0xeab2ba},
    {0x24ef, 0xeab380},
    {0x484, 0xeab381},
    {0x485, 0xeab384},
    {0x486, 0xeab388},
    {0x487, 0xeab38c},
    {0x488, 0xeab395},
    {0x2500, 0xeab396},
    {0x489, 0xeab397},
    {0x48c, 0xeab3a4},
    {0x250d, 0xeab3a9},
    {0x48f, 0xeab3aa},
    {0x250e, 0xeab3ab},
    {0x490, 0xeab3ac},
    {0x2511, 0xeab3b2},
    {0x494, 0xeab3b3},
    {0x2512, 0xeab3b4},
    {0x499, 0xeab480},
    {0x49a, 0xeab484},
    {0x251d, 0xeab485},
    {0x49b, 0xeab486},
    {0x2523, 0xeab48e},
    {0x49e, 0xeab48f},
    {0x2524, 0xeab490},
    {0x49f, 0xeab491},
    {0x4a0, 0xeab498},
    {0x4a1, 0xeab49c},
    {0x4a2, 0xeab4a0},
    {0x4a3, 0xeab4a9},
    {0x4a8, 0xeab4b8},
    {0x4a9, 0xeab4bc},
    {0x254d, 0xeab586},
    {0x4ac, 0xeab587},
    {0x254e, 0xeab588},
    {0x4ad, 0xeab589},
    {0x4ae, 0xeab590},
    {0x4af, 0xeab594},
    {0x4b0, 0xeab598},
    {0x4b1, 0xeab5a1},
    {0x2563, 0xeab5a2},
    {0x4b2, 0xeab5a3},
    {0x4b5, 0xeab5b0},
    {0x2574, 0xeab5be},
    {0x4bd, 0xeab5bf},
    {0x2575, 0xeab680},
    {0x4c2, 0xeab68c},
    {0x4c3, 0xeab690},
    {0x4c6, 0xeab6a4},
    {0x4c7, 0xeab6b7},
    {0x4ca, 0xeab784},
    {0x4cb, 0xeab788},
    {0x25b7, 0xeab792},
    {0x4ce, 0xeab793},
    {0x4cf, 0xeab79c},
    {0x4d0, 0xeab7a0},
    {0x4d1, 0xeab7a4},
    {0x4d4, 0xeab7bc},
    {0x4d5, 0xeab7bf},
    {0x25e3, 0xeab88a},
    {0x4da, 0xeab88b},
    {0x25e4, 0xeab88c},
    {0x4db, 0xeab88d},
    {0x4dc, 0xeab894},
    {0x4df, 0xeab8b4},
    {0x260a, 0xeab8b9},
    {0x4e2, 0xeab8ba},
    {0x2610, 0xeab982},
    {0x4e5, 0xeab983},
    {0x2611, 0xeab984},
    {0x4e8, 0xeab98a},
    {0x2615, 0xeab98b},
    {0x2616, 0xeab98f},
    {0x4ec, 0xeab990},
    {0x4ed, 0xeab994},
    {0x261a, 0xeab995},
    {0x4ee, 0xeab996},
    {0x2620, 0xeab99e},
    {0x4f4, 0xeab9a5},
    {0x4f7, 0xeab9ac},
    {0x4f8, 0xeab9b0},
    {0x2632, 0xeab9ba},
    {0x500, 0xeaba8c},
    {0x266e, 0xeababf},
    {0x504, 0xeabb80},
    {0x505, 0xeabb84},
    {0x2679, 0xeabb8e},
    {0x50d, 0xeabb9c},
    {0x50e, 0xeabba8},
    {0x50f, 0xeabbab},
    {0x268f, 0xeabbac},
    {0x510, 0xeabbad},
    {0x511, 0xeabbb4},
    {0x512, 0xeabbb8},
    {0x513, 0xeabbbc},
    {0x516, 0xeabc8d},
    {0x517, 0xeabc90},
    {0x51a, 0xeabcb0},
    {0x26c9, 0xeabcb1},
    {0x51b, 0xeabcb2},
    {0x26ca, 0xeabcb3},
    {0x51c, 0xeabcb4},
    {0x26d2, 0xeabcbe},
    {0x51f, 0xeabcbf},
    {0x26d3, 0xeabd80},
    {0x525, 0xeabd90},
    {0x52a, 0xeabdb9},
    {0x52b, 0xeabe80},
    {0x52c, 0xeabe84},
    {0x52d, 0xeabe88},
    {0x530, 0xeabe95},
    {0x531, 0xeabe9c},
    {0x534, 0xeabebc},
    {0x535, 0xeabf80},
    {0x2744, 0xeabf8a},
    {0x539, 0xeabf8b},
    {0x2745, 0xeabf8c},
    {0x53c, 0xeabf94},
    {0x53d, 0xeabf9c},
    {0x542, 0xeabfb4},
    {0x543, 0xeabfb8},
    {0x546, 0xeb8084},
    {0x547, 0xeb808c},
    {0x548, 0xeb8090},
    {0x549, 0xeb8094},
    {0x54c, 0xeb80a8},
    {0x54f, 0xeb8188},
    {0x27ac, 0xeb8189},
    {0x550, 0xeb818a},
    {0x27ad, 0xeb818b},
    {0x551, 0xeb818c},
    {0x27ae, 0xeb818d},
    {0x552, 0xeb818e},
    {0x27b3, 0xeb8196},
    {0x556, 0xeb8197},
    {0x27b4, 0xeb8198},
    {0x557, 0xeb8199},
    {0x558, 0xeb819d},
    {0x55b, 0xeb8280},
    {0x55c, 0xeb8284},
    {0x27e2, 0xeb828e},
    {0x55f, 0xeb828f},
    {0x27e3, 0xeb8290},
    {0x560, 0xeb8291},
    {0x27ea, 0xeb829b},
    {0x564, 0xeb829c},
    {0x27f2, 0xeb82aa},
    {0x27f3, 0xeb82b0},
    {0x570, 0xeb82b1},
    {0x27f4, 0xeb82b2},
    {0x574, 0xeb82b8},
    {0x575, 0xeb82bc},
    {0x2801, 0xeb8386},
    {0x57d, 0xeb8394},
    {0x57e, 0xeb8398},
    {0x57f, 0xeb83a0},
    {0x580, 0xeb83a5},
    {0x283a, 0xeb848a},
    {0x585, 0xeb8490},
    {0x283e, 0xeb8491},
    {0x2843, 0xeb849a},
    {0x590, 0xeb84a8},
    {0x591, 0xeb84ac},
    {0x2855, 0xeb84b6},
    {0x599, 0xeb8584},
    {0x59a, 0xeb8588},
    {0x59f, 0xeb8598},
    {0x5a0, 0xeb859c},
    {0x5a1, 0xeb85a0},
    {0x5a4, 0xeb85bc},
    {0x5a5, 0xeb8680},
    {0x288e, 0xeb8681},
    {0x5a6, 0xeb8682},
    {0x2894, 0xeb868a},
    {0x5a9, 0xeb868b},
    {0x2895, 0xeb868c},
    {0x5aa, 0xeb868d},
    {0x5ae, 0xeb8698},
    {0x5af, 0xeb869c},
    {0x5b0, 0xeb86a8},
    {0x5b1, 0xeb878c},
    {0x5b2, 0xeb8790},
    {0x5b3, 0xeb8794},
    {0x28db, 0xeb879e},
    {0x5b6, 0xeb879f},
    {0x5b9, 0xeb87ac},
    {0x5ba, 0xeb87b0},
    {0x5bb, 0xeb87b9},
    {0x28f1, 0xeb87ba},
    {0x5bc, 0xeb87bb},
    {0x28f2, 0xeb87bc},
    {0x5bd, 0xeb87bd},
    {0x5c0, 0xeb8888},
    {0x2904, 0xeb8896},
    {0x5c5, 0xeb8897},
    {0x2905, 0xeb8898},
    {0x5c6, 0xeb8899},
    {0x5c7, 0xeb88a0},
    {0x5c8, 0xeb88b4},
    {0x5c9, 0xeb88bc},
    {0x5ca, 0xeb8998},
    {0x5cb, 0xeb899c},
    {0x5cc, 0xeb89a0},
    {0x5d1, 0xeb89bc},
    {0x5d4, 0xeb8a89},
    {0x5d7, 0xeb8a94},
    {0x2978, 0xeb8aa2},
    {0x5dd, 0xeb8aa3},
    {0x2979, 0xeb8aa4},
    {0x5e0, 0xeb8aaa},
    {0x297d, 0xeb8aab},
    {0x5e1, 0xeb8aac},
    {0x5e2, 0xeb8ab0},
    {0x5e3, 0xeb8ab4},
    {0x5e6, 0xeb8b8c},
    {0x5e7, 0xeb8b90},
    {0x299c, 0xeb8b91},
    {0x5e8, 0xeb8b92},
    {0x29a2, 0xeb8b9a},
    {0x5eb, 0xeb8b9b},
    {0x29a3, 0xeb8b9c},
    {0x5ec, 0xeb8b9d},
    {0x5ed, 0xeb8ba2},
    {0x29a8, 0xeb8ba3},
    {0x29a9, 0xeb8ba7},
    {0x5f1, 0xeb8ba8},
    {0x29af, 0xeb8bb6},
    {0x5ff, 0xeb8bbf},
    {0x602, 0xeb8c84},
    {0x603, 0xeb8c88},
    {0x29bf, 0xeb8c92},
    {0x609, 0xeb8c9c},
    {0x29fd, 0xeb8d97},
    {0x60d, 0xeb8d98},
    {0x2a00, 0xeb8d9d},
    {0x2a05, 0xeb8da6},
    {0x614, 0xeb8da7},
    {0x2a06, 0xeb8da8},
    {0x615, 0xeb8da9},
    {0x2a07, 0xeb8daa},
    {0x616, 0xeb8dab},
    {0x617, 0xeb8dae},
    {0x2a0a, 0xeb8daf},
    {0x61a, 0xeb8db4},
    {0x61b, 0xeb8db8},
    {0x2a17, 0xeb8e82},
    {0x621, 0xeb8e8c},
    {0x622, 0xeb8e90},
    {0x623, 0xeb8e94},
    {0x626, 0xeb8ea8},
    {0x627, 0xeb8eac},
    {0x62a, 0xeb8f88},
    {0x2a53, 0xeb8f8d},
    {0x62d, 0xeb8f8e},
    {0x2a54, 0xeb8f8f},
    {0x62e, 0xeb8f90},
    {0x2a58, 0xeb8f96},
    {0x631, 0xeb8f97},
    {0x2a59, 0xeb8f98},
    {0x632, 0xeb8f99},
    {0x2a5a, 0xeb8f9a},
    {0x633, 0xeb8f9b},
    {0x2a5b, 0xeb8f9c},
    {0x634, 0xeb8f9d},
    {0x635, 0xeb8fa0},
    {0x636, 0xeb8fa4},
    {0x637, 0xeb8fa8},
    {0x638, 0xeb8fbc},
    {0x639, 0xeb9090},
    {0x63a, 0xeb9098},
    {0x63b, 0xeb909c},
    {0x63c, 0xeb90a0},
    {0x2a9e, 0xeb90aa},
    {0x63f, 0xeb90ab},
    {0x640, 0xeb90b4},
    {0x643, 0xeb9194},
    {0x644, 0xeb9198},
    {0x2ace, 0xeb91a2},
    {0x647, 0xeb91a3},
    {0x2acf, 0xeb91a4},
    {0x648, 0xeb91a5},
    {0x649, 0xeb91ac},
    {0x64a, 0xeb9280},
    {0x64b, 0xeb9288},
    {0x64c, 0xeb929d},
    {0x64d, 0xeb92a4},
    {0x64e, 0xeb92a8},
    {0x64f, 0xeb92ac},
    {0x650, 0xeb92b5},
    {0x2b18, 0xeb92b6},
    {0x651, 0xeb92b7},
    {0x2b19, 0xeb92b8},
    {0x652, 0xeb92b9},
    {0x653, 0xeb9380},
    {0x654, 0xeb9384},
    {0x655, 0xeb9388},
    {0x656, 0xeb9390},
    {0x657, 0xeb9395},
    {0x65a, 0xeb93a0},
    {0x2b3b, 0xeb93a5},
    {0x65d, 0xeb93a6},
    {0x2b41, 0xeb93ae},
    {0x660, 0xeb93af},
    {0x2b42, 0xeb93b0},
    {0x661, 0xeb93b1},
    {0x662, 0xeb93b8},
    {0x665, 0xeb9498},
    {0x2b6f, 0xeb94a6},
    {0x670, 0xeb94b4},
    {0x671, 0xeb94b8},
    {0x2b81, 0xeb9582},
    {0x67a, 0xeb9590},
    {0x67b, 0xeb9594},
    {0x2b93, 0xeb959e},
    {0x683, 0xeb96a4},
    {0x684, 0xeb96a8},
    {0x2bd7, 0xeb96a9},
    {0x2bdc, 0xeb96b2},
    {0x68f, 0xeb9780},
    {0x690, 0xeb9784},
    {0x2bee, 0xeb978e},
    {0x696, 0xeb9798},
    {0x697, 0xeb97ac},
    {0x69a, 0xeb9894},
    {0x69b, 0xeb9898},
    {0x69c, 0xeb98a5},
    {0x69d, 0xeb98ac},
    {0x69e, 0xeb98b4},
    {0x69f, 0xeb9988},
    {0x6a0, 0xeb99a4},
    {0x6a1, 0xeb99a8},
    {0x6a4, 0xeb9aa0},
    {0x6a5, 0xeb9aa4},
    {0x6a8, 0xeb9ab1},
    {0x6a9, 0xeb9b94},
    {0x6aa, 0xeb9bb0},
    {0x6ab, 0xeb9bb4},
    {0x6ac, 0xeb9bb8},
    {0x6af, 0xeb9c85},
    {0x6b2, 0xeb9cac},
    {0x2d36, 0xeb9cba},
    {0x6b7, 0xeb9cbb},
    {0x6b8, 0xeb9d84},
    {0x6b9, 0xeb9d88},
    {0x6ba, 0xeb9d8c},
    {0x6bd, 0xeb9da0},
    {0x6be, 0xeb9da4},
    {0x6bf, 0xeb9da8},
    {0x2d63, 0xeb9db2},
    {0x6c2, 0xeb9db3},
    {0x2d64, 0xeb9db4},
    {0x6c3, 0xeb9db5},
    {0x6c6, 0xeb9e80},
    {0x6c7, 0xeb9e84},
    {0x2d77, 0xeb9e8e},
    {0x6d2, 0xeb9e9c},
    {0x6d3, 0xeb9ea0},
    {0x2d87, 0xeb9eaa},
    {0x6db, 0xeb9eb8},
    {0x6dc, 0xeb9f87},
    {0x2d9e, 0xeb9f88},
    {0x6dd, 0xeb9f89},
    {0x6e0, 0xeb9fb0},
    {0x6e1, 0xeb9fb4},
    {0x2dcd, 0xeb9fbe},
    {0x6e4, 0xeb9fbf},
    {0x6ea, 0xeba08c},
    {0x6eb, 0xeba090},
    {0x2ddf, 0xeba09a},
    {0x6ee, 0xeba09b},
    {0x2de0, 0xeba09c},
    {0x6ef, 0xeba09d},
    {0x6f2, 0xeba0a8},
    {0x6f3, 0xeba0ac},
    {0x2df3, 0xeba0b6},
    {0x6f9, 0xeba180},
    {0x6fa, 0xeba184},
    {0x6fb, 0xeba191},
    {0x2e09, 0xeba192},
    {0x6fc, 0xeba193},
    {0x6ff, 0xeba1a0},
    {0x700, 0xeba1a4},
    {0x2e1e, 0xeba1ae},
    {0x703, 0xeba1af},
    {0x2e1f, 0xeba1b0},
    {0x704, 0xeba1b1},
    {0x705, 0xeba1b8},
    {0x706, 0xeba1bc},
    {0x707, 0xeba28d},
    {0x708, 0xeba2a8},
    {0x709, 0xeba2b0},
    {0x70a, 0xeba2b4},
    {0x70b, 0xeba2b8},
    {0x2e67, 0xeba382},
    {0x70e, 0xeba383},
    {0x2e68, 0xeba384},
    {0x70f, 0xeba385},
    {0x710, 0xeba38c},
    {0x711, 0xeba390},
    {0x712, 0xeba394},
    {0x713, 0xeba39d},
    {0x2e7d, 0xeba39e},
    {0x714, 0xeba39f},
    {0x2e7e, 0xeba3a0},
    {0x715, 0xeba3a1},
    {0x718, 0xeba3ac},
    {0x719, 0xeba3b0},
    {0x2e91, 0xeba3ba},
    {0x71c, 0xeba3bb},
    {0x2e92, 0xeba3bc},
    {0x71d, 0xeba3bd},
    {0x71e, 0xeba484},
    {0x71f, 0xeba498},
    {0x720, 0xeba4a0},
    {0x723, 0xeba580},
    {0x724, 0xeba584},
    {0x725, 0xeba58c},
    {0x726, 0xeba58f},
    {0x2edc, 0xeba590},
    {0x727, 0xeba591},
    {0x72a, 0xeba59c},
    {0x72b, 0xeba5a0},
    {0x2eef, 0xeba5aa},
    {0x72e, 0xeba5ab},
    {0x2ef0, 0xeba5ac},
    {0x72f, 0xeba5ad},
    {0x732, 0xeba5b8},
    {0x733, 0xeba5bc},
    {0x2f03, 0xeba686},
    {0x736, 0xeba687},
    {0x2f04, 0xeba688},
    {0x73d, 0xeba6b0},
    {0x73e, 0xeba6b4},
    {0x2f30, 0xeba6be},
    {0x741, 0xeba6bf},
    {0x2f31, 0xeba780},
    {0x742, 0xeba781},
    {0x745, 0xeba78c},
    {0x2f3a, 0xeba78d},
    {0x2f40, 0xeba79a},
    {0x74d, 0xeba79b},
    {0x2f41, 0xeba79c},
    {0x750, 0xeba7a1},
    {0x2f44, 0xeba7a2},
    {0x754, 0xeba7a8},
    {0x755, 0xeba7ac},
    {0x2f51, 0xeba7b6},
    {0x75e, 0xeba888},
    {0x75f, 0xeba895},
    {0x762, 0xeba8bc},
    {0x763, 0xeba980},
    {0x2f90, 0xeba981},
    {0x764, 0xeba982},
    {0x2f96, 0xeba98a},
    {0x767, 0xeba98b},
    {0x2f97, 0xeba98c},
    {0x76d, 0xeba998},
    {0x76e, 0xeba99c},
    {0x2fa8, 0xeba9a6},
    {0x776, 0xeba9b4},
    {0x777, 0xeba9b8},
    {0x2fbe, 0xebaa86},
    {0x77b, 0xebaa87},
    {0x77c, 0xebaa8c},
    {0x2fde, 0xebaaaa},
    {0x781, 0xebaab0},
    {0x2fe2, 0xebaab1},
    {0x782, 0xebaab2},
    {0x2fe8, 0xebaaba},
    {0x785, 0xebaabb},
    {0x2fe9, 0xebaabc},
    {0x786, 0xebaabd},
    {0x787, 0xebab84},
    {0x788, 0xebab88},
    {0x78b, 0xebabbc},
    {0x78c, 0xebac80},
    {0x78d, 0xebac84},
    {0x78e, 0xebac8d},
    {0x3032, 0xebac8e},
    {0x78f, 0xebac8f},
    {0x3033, 0xebac90},
    {0x790, 0xebac91},
    {0x791, 0xebac98},
    {0x792, 0xebac9c},
    {0x793, 0xebaca0},
    {0x794, 0xebaca9},
    {0x3048, 0xebacaa},
    {0x795, 0xebacab},
    {0x3051, 0xebacb7},
    {0x799, 0xebacb8},
    {0x3054, 0xebacbf},
    {0x3059, 0xebad86},
    {0x7a0, 0xebad87},
    {0x305a, 0xebad88},
    {0x7a1, 0xebad89},
    {0x7a2, 0xebad8d},
    {0x305e, 0xebad8e},
    {0x7a5, 0xebad94},
    {0x7a6, 0xebad98},
    {0x7a7, 0xebada1},
    {0x306d, 0xebada2},
    {0x7a8, 0xebada3},
    {0x7a9, 0xebadac},
    {0x7aa, 0xebae88},
    {0x7ab, 0xebae8c},
    {0x7ac, 0xebae90},
    {0x7ad, 0xebaea4},
    {0x7ae, 0xebaea8},
    {0x7af, 0xebaeac},
    {0x7b0, 0xebaeb4},
    {0x7b1, 0xebaeb7},
    {0x7b2, 0xebaf80},
    {0x7b3, 0xebaf84},
    {0x7b4, 0xebaf88},
    {0x7b5, 0xebaf90},
    {0x7b6, 0xebaf93},
    {0x7b9, 0xebafbc},
    {0x7ba, 0xebafbf},
    {0x7bb, 0xebb080},
    {0x30f8, 0xebb081},
    {0x7bc, 0xebb082},
    {0x30fe, 0xebb08a},
    {0x30ff, 0xebb08e},
    {0x7c2, 0xebb08f},
    {0x3100, 0xebb090},
    {0x7c3, 0xebb091},
    {0x3109, 0xebb0a6},
    {0x7d0, 0xebb0a7},
    {0x310a, 0xebb0a8},
    {0x7d1, 0xebb0a9},
    {0x7d2, 0xebb0ad},
    {0x7d5, 0xebb0b4},
    {0x7d6, 0xebb0b8},
    {0x311c, 0xebb182},
    {0x7dc, 0xebb189},
    {0x7df, 0xebb190},
    {0x7e0, 0xebb19d},
    {0x7e3, 0xebb288},
    {0x315a, 0xebb28d},
    {0x7e6, 0xebb28e},
    {0x3160, 0xebb296},
    {0x7e9, 0xebb297},
    {0x3161, 0xebb298},
    {0x7ee, 0xebb2a4},
    {0x3172, 0xebb2b2},
    {0x7f8, 0xebb380},
    {0x7f9, 0xebb384},
    {0x7fa, 0xebb38d},
    {0x3186, 0xebb38e},
    {0x7fe, 0xebb395},
    {0x7ff, 0xebb398},
    {0x800, 0xebb39c},
    {0x31a6, 0xebb3b7},
    {0x804, 0xebb3b8},
    {0x805, 0xebb3bc},
    {0x31b1, 0xebb486},
    {0x808, 0xebb487},
    {0x31b2, 0xebb488},
    {0x809, 0xebb489},
    {0x80a, 0xebb490},
    {0x80b, 0xebb494},
    {0x80c, 0xebb4a4},
    {0x80d, 0xebb4ac},
    {0x80e, 0xebb580},
    {0x811, 0xebb58c},
    {0x812, 0xebb590},
    {0x815, 0xebb5a4},
    {0x816, 0xebb5a8},
    {0x819, 0xebb684},
    {0x3225, 0xebb692},
    {0x820, 0xebb693},
    {0x3226, 0xebb694},
    {0x821, 0xebb695},
    {0x322a, 0xebb69b},
    {0x824, 0xebb69c},
    {0x825, 0xebb6a4},
    {0x826, 0xebb6b0},
    {0x827, 0xebb6b8},
    {0x82a, 0xebb798},
    {0x82b, 0xebb79c},
    {0x82c, 0xebb7a9},
    {0x82d, 0xebb7b0},
    {0x82e, 0xebb7b4},
    {0x82f, 0xebb7b8},
    {0x830, 0xebb880},
    {0x831, 0xebb883},
    {0x3285, 0xebb884},
    {0x832, 0xebb885},
    {0x835, 0xebb890},
    {0x836, 0xebb894},
    {0x3298, 0xebb89e},
    {0x839, 0xebb89f},
    {0x83c, 0xebb988},
    {0x83d, 0xebb98c},
    {0x32c2, 0xebb98d},
    {0x83e, 0xebb98e},
    {0x32c8, 0xebb996},
    {0x841, 0xebb997},
    {0x32c9, 0xebb998},
    {0x847, 0xebb9a4},
    {0x848, 0xebb9a8},
    {0x32d3, 0xebb9a9},
    {0x849, 0xebb9aa},
    {0x32d9, 0xebb9b2},
    {0x852, 0xebba80},
    {0x853, 0xebba84},
    {0x32eb, 0xebba8e},
    {0x85b, 0xebbaa8},
    {0x85e, 0xebbb94},
    {0x861, 0xebbba0},
    {0x865, 0xebbbac},
    {0x334d, 0xebbc80},
    {0x866, 0xebbc81},
    {0x3362, 0xebbc9a},
    {0x870, 0xebbd84},
    {0x871, 0xebbd88},
    {0x874, 0xebbd95},
    {0x875, 0xebbe94},
    {0x876, 0xebbeb0},
    {0x877, 0xebbf85},
    {0x87a, 0xebbf90},
    {0x87b, 0xebbf94},
    {0x87c, 0xebbf9c},
    {0x87d, 0xebbf9f},
    {0x3415, 0xebbfa0},
    {0x87e, 0xebbfa1},
    {0x87f, 0xec80bc},
    {0x880, 0xec8191},
    {0x881, 0xec8198},
    {0x882, 0xec819c},
    {0x883, 0xec81a0},
    {0x888, 0xec8294},
    {0x889, 0xec8298},
    {0x34c9, 0xec82a2},
    {0x88c, 0xec82a3},
    {0x34ca, 0xec82a4},
    {0x88d, 0xec82a5},
    {0x34d1, 0xec82ae},
    {0x34d9, 0xec82be},
    {0x898, 0xec82bf},
    {0x89b, 0xec8385},
    {0x89e, 0xec838c},
    {0x89f, 0xec8390},
    {0x34eb, 0xec839a},
    {0x8a7, 0xec83a8},
    {0x8a8, 0xec83ac},
    {0x34fe, 0xec83b6},
    {0x8ab, 0xec83b7},
    {0x34ff, 0xec83b8},
    {0x8ac, 0xec83b9},
    {0x8ad, 0xec8480},
    {0x8ae, 0xec8484},
    {0x8af, 0xec8488},
    {0x8b0, 0xec8490},
    {0x8b1, 0xec8495},
    {0x351f, 0xec84a5},
    {0x3524, 0xec84ae},
    {0x8c0, 0xec84b6},
    {0x3529, 0xec84b7},
    {0x8c3, 0xec84bc},
    {0x8c4, 0xec8580},
    {0x3536, 0xec858a},
    {0x8cc, 0xec8598},
    {0x8cd, 0xec859c},
    {0x3549, 0xec85a6},
    {0x8d3, 0xec85b0},
    {0x8d4, 0xec85b4},
    {0x8d5, 0xec85b8},
    {0x8d6, 0xec8685},
    {0x3568, 0xec868f},
    {0x8da, 0xec8690},
    {0x8db, 0xec8694},
    {0x356c, 0xec8695},
    {0x8dc, 0xec8696},
    {0x3572, 0xec869e},
    {0x8df, 0xec869f},
    {0x3573, 0xec86a0},
    {0x8e0, 0xec86a1},
    {0x8e1, 0xec86a5},
    {0x8e4, 0xec86ac},
    {0x8e5, 0xec86b0},
    {0x8e6, 0xec86bd},
    {0x8e7, 0xec8784},
    {0x8e8, 0xec8788},
    {0x8e9, 0xec878c},
    {0x8ea, 0xec8794},
    {0x8ed, 0xec87a0},
    {0x8ee, 0xec87a4},
    {0x8ef, 0xec87a8},
    {0x35b3, 0xec87b2},
    {0x8f2, 0xec87b3},
    {0x8f5, 0xec8880},
    {0x8f6, 0xec8884},
    {0x35c8, 0xec888e},
    {0x8f9, 0xec888f},
    {0x35c9, 0xec8890},
    {0x8fa, 0xec8891},
    {0x8fd, 0xec889c},
    {0x35db, 0xec88aa},
    {0x902, 0xec88ab},
    {0x35dc, 0xec88ac},
    {0x903, 0xec88ad},
    {0x35dd, 0xec88ae},
    {0x904, 0xec88af},
    {0x35de, 0xec88b0},
    {0x35df, 0xec88b3},
    {0x907, 0xec88b4},
    {0x908, 0xec8988},
    {0x90b, 0xec8994},
    {0x90c, 0xec8998},
    {0x90d, 0xec89a0},
    {0x90e, 0xec89a5},
    {0x911, 0xec89b0},
    {0x912, 0xec89b4},
    {0x361c, 0xec89be},
    {0x915, 0xec89bf},
    {0x361d, 0xec8a80},
    {0x916, 0xec8a81},
    {0x919, 0xec8a90},
    {0x91a, 0xec8a98},
    {0x91b, 0xec8a9b},
    {0x3633, 0xec8a9c},
    {0x91c, 0xec8a9d},
    {0x91f, 0xec8aa8},
    {0x3645, 0xec8ab6},
    {0x924, 0xec8ab7},
    {0x3646, 0xec8ab8},
    {0x925, 0xec8ab9},
    {0x928, 0xec8ba0},
    {0x3673, 0xec8bae},
    {0x92e, 0xec8baf},
    {0x3674, 0xec8bb0},
    {0x92f, 0xec8bb1},
    {0x930, 0xec8bb6},
    {0x3679, 0xec8bb7},
    {0x367a, 0xec8bba},
    {0x935, 0xec8c80},
    {0x93d, 0xec8c98},
    {0x93e, 0xec8c9c},
    {0x943, 0xec8d85},
    {0x946, 0xec8dac},
    {0x947, 0xec8db0},
    {0x36dc, 0xec8db1},
    {0x948, 0xec8db2},
    {0x94d, 0xec8e84},
    {0x94e, 0xec8e88},
    {0x94f, 0xec8e8c},
    {0x950, 0xec8f80},
    {0x953, 0xec8f9c},
    {0x373e, 0xec8fa1},
    {0x956, 0xec8fa2},
    {0x959, 0xec8fad},
    {0x95c, 0xec8fb8},
    {0x95d, 0xec9088},
    {0x95e, 0xec9090},
    {0x95f, 0xec90a4},
    {0x960, 0xec90ac},
    {0x961, 0xec90b0},
    {0x962, 0xec90b4},
    {0x965, 0xec9188},
    {0x968, 0xec91a8},
    {0x969, 0xec91ac},
    {0x96c, 0xec91b9},
    {0x96d, 0xec9280},
    {0x96e, 0xec9294},
    {0x96f, 0xec929c},
    {0x970, 0xec92b8},
    {0x971, 0xec92bc},
    {0x972, 0xec93a9},
    {0x975, 0xec93b4},
    {0x976, 0xec93b8},
    {0x3835, 0xec93b9},
    {0x977, 0xec93ba},
    {0x978, 0xec93bf},
    {0x97b, 0xec948c},
    {0x97c, 0xec9490},
    {0x97d, 0xec9494},
    {0x97e, 0xec949c},
    {0x981, 0xec94ac},
    {0x982, 0xec94b0},
    {0x3868, 0xec94ba},
    {0x985, 0xec94bb},
    {0x3869, 0xec94bc},
    {0x986, 0xec94bd},
    {0x3872, 0xec958b},
    {0x3877, 0xec9596},
    {0x387b, 0xec959f},
    {0x999, 0xec95a4},
    {0x99a, 0xec95a8},
    {0x3888, 0xec95b2},
    {0x9a2, 0xec9680},
    {0x9a3, 0xec9684},
    {0x9a4, 0xec9687},
    {0x389a, 0xec968e},
    {0x9a7, 0xec968f},
    {0x389b, 0xec9690},
    {0x9a8, 0xec9691},
    {0x9a9, 0xec9695},
    {0x389f, 0xec9696},
    {0x9ac, 0xec969c},
    {0x9ad, 0xec96a0},
    {0x9ae, 0xec96a9},
    {0x38ba, 0xec96ba},
    {0x38bb, 0xec96bf},
    {0x38c0, 0xec978b},
    {0x9be, 0xec978c},
    {0x38c1, 0xec978d},
    {0x9bf, 0xec978e},
    {0x38c2, 0xec978f},
    {0x9c2, 0xec9794},
    {0x9c3, 0xec9798},
    {0x38cf, 0xec97a2},
    {0x9c6, 0xec97a3},
    {0x38d0, 0xec97a4},
    {0x9c7, 0xec97a5},
    {0x38d7, 0xec97af},
    {0x9cb, 0xec97b0},
    {0x9cc, 0xec97b4},
    {0x38db, 0xec97b5},
    {0x9d9, 0xec988c},
    {0x9da, 0xec9890},
    {0x38f0, 0xec989a},
    {0x9e1, 0xec98a8},
    {0x38fd, 0xec98af},
    {0x9e5, 0xec98b0},
    {0x3900, 0xec98b6},
    {0x9e9, 0xec98b7},
    {0x3901, 0xec98b8},
    {0x9ea, 0xec98b9},
    {0x3902, 0xec98ba},
    {0x9eb, 0xec98bb},
    {0x9ee, 0xec9984},
    {0x9ef, 0xec9988},
    {0x3913, 0xec9992},
    {0x9f7, 0xec99a0},
    {0x9f8, 0xec99ac},
    {0x9f9, 0xec99af},
    {0x3929, 0xec99b0},
    {0x9fa, 0xec99b1},
    {0x9fd, 0xec99bc},
    {0x9fe, 0xec9a80},
    {0x393c, 0xec9a8a},
    {0xa01, 0xec9a8b},
    {0x393d, 0xec9a8c},
    {0xa02, 0xec9a8d},
    {0xa05, 0xec9a98},
    {0xa06, 0xec9a9c},
    {0x3950, 0xec9aa6},
    {0xa09, 0xec9aa7},
    {0x3951, 0xec9aa8},
    {0xa0a, 0xec9aa9},
    {0xa0d, 0xec9ab4},
    {0x3962, 0xec9b82},
    {0xa13, 0xec9b83},
    {0x3963, 0xec9b84},
    {0xa14, 0xec9b85},
    {0xa17, 0xec9b90},
    {0xa18, 0xec9b94},
    {0xa1f, 0xec9bac},
    {0xa20, 0xec9bb0},
    {0xa23, 0xec9bbd},
    {0xa26, 0xec9c88},
    {0xa27, 0xec9c8c},
    {0x399f, 0xec9c96},
    {0xa2a, 0xec9c97},
    {0x39a0, 0xec9c98},
    {0xa2b, 0xec9c99},
    {0xa2e, 0xec9ca4},
    {0xa2f, 0xec9ca8},
    {0x39b3, 0xec9cb2},
    {0xa32, 0xec9cb3},
    {0x39b4, 0xec9cb4},
    {0xa33, 0xec9cb5},
    {0x39b5, 0xec9cb6},
    {0xa34, 0xec9cb7},
    {0xa37, 0xec9d80},
    {0xa38, 0xec9d84},
    {0xa39, 0xec9d8a},
    {0x39c4, 0xec9d8b},
    {0x39c5, 0xec9d8e},
    {0xa3c, 0xec9d8f},
    {0x39c6, 0xec9d90},
    {0xa45, 0xec9d9c},
    {0xa46, 0xec9da0},
    {0xa47, 0xec9da8},
    {0xa48, 0xec9dab},
    {0xa4b, 0xec9db8},
    {0x39e3, 0xec9dbf},
    {0x39e7, 0xec9e86},
    {0xa56, 0xec9e8e},
    {0x39eb, 0xec9e8f},
    {0xa59, 0xec9e94},
    {0x39ee, 0xec9e95},
    {0x39ef, 0xec9e99},
    {0xa5d, 0xec9e9a},
    {0x39f5, 0xec9ea2},
    {0xa66, 0xec9eb0},
    {0xa67, 0xec9eb4},
    {0x3a07, 0xec9ebe},
    {0xa6a, 0xec9ebf},
    {0xa6f, 0xec9f8c},
    {0x3a10, 0xec9f8d},
    {0xa70, 0xec9f8e},
    {0x3a11, 0xec9f8f},
    {0xa71, 0xec9f90},
    {0xa72, 0xec9f98},
    {0xa73, 0xec9f9d},
    {0xa74, 0xec9fa4},
    {0xa75, 0xec9fa8},
    {0xa76, 0xec9fac},
    {0xa79, 0xeca084},
    {0xa7a, 0xeca088},
    {0x3a41, 0xeca089},
    {0xa7b, 0xeca08a},
    {0x3a47, 0xeca092},
    {0xa7e, 0xeca093},
    {0x3a48, 0xeca094},
    {0xa83, 0xeca0a0},
    {0xa84, 0xeca0a4},
    {0x3a5a, 0xeca0ae},
    {0xa87, 0xeca0af},
    {0x3a5b, 0xeca0b0},
    {0xa88, 0xeca0b1},
    {0xa89, 0xeca0b8},
    {0xa8a, 0xeca0bc},
    {0xa8b, 0xeca180},
    {0xa90, 0xeca194},
    {0xa93, 0xeca1b4},
    {0xa94, 0xeca1b8},
    {0x3a97, 0xeca1b9},
    {0xa95, 0xeca1ba},
    {0x3a9d, 0xeca282},
    {0xa98, 0xeca283},
    {0x3a9e, 0xeca284},
    {0xa9f, 0xeca294},
    {0xaa0, 0xeca29d},
    {0x3ab0, 0xeca29e},
    {0xaa1, 0xeca29f},
    {0x3ab1, 0xeca2a0},
    {0xaa2, 0xeca2a1},
    {0xaa3, 0xeca2a8},
    {0xaa6, 0xeca384},
    {0xaa7, 0xeca388},
    {0xaa8, 0xeca38c},
    {0x3ade, 0xeca396},
    {0xaab, 0xeca397},
    {0x3adf, 0xeca398},
    {0xaac, 0xeca399},
    {0xaaf, 0xeca3a4},
    {0xab0, 0xeca3b5},
    {0xab3, 0xeca480},
    {0x3b08, 0xeca48e},
    {0xab9, 0xeca48f},
    {0x3b09, 0xeca490},
    {0xaba, 0xeca491},
    {0xabb, 0xeca498},
    {0xabc, 0xeca4ac},
    {0xabd, 0xeca4b4},
    {0xac0, 0xeca594},
    {0xac1, 0xeca598},
    {0x3b51, 0xeca5a2},
    {0xac4, 0xeca5a3},
    {0xac5, 0xeca5ac},
    {0xac6, 0xeca5b0},
    {0xac7, 0xeca5b4},
    {0xac8, 0xeca5bc},
    {0xacb, 0xeca68c},
    {0xacc, 0xeca690},
    {0x3b7e, 0xeca69a},
    {0xacf, 0xeca69b},
    {0x3b7f, 0xeca69c},
    {0xad0, 0xeca69d},
    {0xad3, 0xeca784},
    {0x3ba6, 0xeca789},
    {0xad6, 0xeca78a},
    {0x3bac, 0xeca792},
    {0xad9, 0xeca793},
    {0x3bad, 0xeca794},
    {0x3bb0, 0xeca79b},
    {0xae0, 0xeca7a0},
    {0x3bb3, 0xeca7a1},
    {0xae1, 0xeca7a2},
    {0x3bb4, 0xeca7a3},
    {0xae2, 0xeca7a4},
    {0xae3, 0xeca7a7},
    {0x3bbb, 0xeca7ae},
    {0xaeb, 0xeca7bc},
    {0xaec, 0xeca880},
    {0x3bce, 0xeca88a},
    {0xaf2, 0xeca894},
    {0xaf3, 0xeca898},
    {0xaf4, 0xeca8a9},
    {0xaf7, 0xeca990},
    {0xaf8, 0xeca994},
    {0x3c16, 0xeca99e},
    {0xafe, 0xeca9a8},
    {0xaff, 0xeca9bd},
    {0xb00, 0xecaa84},
    {0xb01, 0xecaa98},
    {0xb04, 0xecab80},
    {0xb05, 0xecab84},
    {0x3c79, 0xecab8e},
    {0xb08, 0xecab8f},
    {0x3c7a, 0xecab90},
    {0xb09, 0xecab91},
    {0x3c7b, 0xecab92},
    {0xb0a, 0xecab93},
    {0xb0d, 0xecaba0},
    {0xb0e, 0xecabac},
    {0xb0f, 0xecabb4},
    {0xb10, 0xecac88},
    {0xb11, 0xecac90},
    {0xb12, 0xecac94},
    {0xb13, 0xecac98},
    {0x3cdd, 0xecad80},
    {0xb16, 0xecad81},
    {0xb19, 0xecad8c},
    {0xb1a, 0xecad90},
    {0xb1d, 0xecad9d},
    {0xb1e, 0xecada4},
    {0xb21, 0xecae9c},
    {0xb22, 0xecaeb8},
    {0xb23, 0xecaf94},
    {0xb24, 0xecafa4},
    {0xb25, 0xecafa7},
    {0x3d75, 0xecafa8},
    {0xb26, 0xecafa9},
    {0xb29, 0xecb090},
    {0xb2a, 0xecb094},
    {0xb32, 0xecb0ac},
    {0x3dad, 0xecb0ad},
    {0xb33, 0xecb0ae},
    {0x3dae, 0xecb0af},
    {0xb34, 0xecb0b0},
    {0x3db6, 0xecb0ba},
    {0x3db7, 0xecb0bf},
    {0xb3d, 0xecb188},
    {0xb3e, 0xecb18c},
    {0x3dc8, 0xecb196},
    {0xb44, 0xecb1a0},
    {0xb45, 0xecb1a4},
    {0x3dd2, 0xecb1a5},
    {0xb46, 0xecb1a6},
    {0x3dd3, 0xecb1a7},
    {0xb47, 0xecb1a8},
    {0xb48, 0xecb1b0},
    {0xb49, 0xecb1b5},
    {0xb4c, 0xecb29c},
    {0xb4d, 0xecb2a0},
    {0x3e0d, 0xecb2aa},
    {0xb55, 0xecb2b8},
    {0xb56, 0xecb2bc},
    {0x3e20, 0xecb386},
    {0xb59, 0xecb387},
    {0x3e21, 0xecb388},
    {0xb5a, 0xecb389},
    {0xb5b, 0xecb390},
    {0xb5c, 0xecb394},
    {0xb5d, 0xecb3a4},
    {0xb5e, 0xecb3ac},
    {0xb5f, 0xecb3b0},
    {0x3e53, 0xecb480},
    {0xb60, 0xecb481},
    {0xb63, 0xecb48c},
    {0xb64, 0xecb490},
    {0x3e66, 0xecb49a},
    {0xb67, 0xecb49b},
    {0x3e67, 0xecb49c},
    {0xb68, 0xecb49d},
    {0xb69, 0xecb4a4},
    {0xb6a, 0xecb4a8},
    {0xb6b, 0xecb4ac},
    {0xb6c, 0xecb4b9},
    {0xb6d, 0xecb59c},
    {0xb6e, 0xecb5a0},
    {0xb6f, 0xecb5a4},
    {0x3eaf, 0xecb5ae},
    {0xb72, 0xecb5af},
    {0x3eb0, 0xecb5b0},
    {0xb73, 0xecb5b1},
    {0xb74, 0xecb5b8},
    {0xb75, 0xecb688},
    {0xb78, 0xecb698},
    {0xb79, 0xecb69c},
    {0x3edd, 0xecb6a6},
    {0xb7c, 0xecb6a7},
    {0x3ede, 0xecb6a8},
    {0xb7d, 0xecb6a9},
    {0xb7e, 0xecb6b0},
    {0xb7f, 0xecb784},
    {0xb80, 0xecb78c},
    {0xb81, 0xecb790},
    {0xb82, 0xecb7a8},
    {0xb83, 0xecb7ac},
    {0xb84, 0xecb7b0},
    {0x3f26, 0xecb7ba},
    {0xb87, 0xecb7bb},
    {0x3f27, 0xecb7bc},
    {0xb88, 0xecb7bd},
    {0xb89, 0xecb884},
    {0xb8a, 0xecb888},
    {0xb8b, 0xecb88c},
    {0xb8c, 0xecb894},
    {0xb8d, 0xecb899},
    {0xb90, 0xecb8a4},
    {0xb91, 0xecb8a8},
    {0x3f51, 0xecb8b2},
    {0xb94, 0xecb8b3},
    {0x3f52, 0xecb8b4},
    {0xb95, 0xecb8b5},
    {0xb98, 0xecb99c},
    {0x3f7f, 0xecb9aa},
    {0xb9e, 0xecb9ab},
    {0x3f80, 0xecb9ac},
    {0xb9f, 0xecb9ad},
    {0xba2, 0xecb9b8},
    {0xba3, 0xecb9bc},
    {0x3f93, 0xecba86},
    {0xba6, 0xecba87},
    {0x3f94, 0xecba88},
    {0xba7, 0xecba89},
    {0xbaa, 0xecba94},
    {0xbab, 0xecba98},
    {0x3fa7, 0xecbaa2},
    {0x3fc0, 0xecbb80},
    {0xbb3, 0xecbb81},
    {0xbb6, 0xecbba8},
    {0x3fee, 0xecbbb6},
    {0xbc0, 0xecbc84},
    {0xbc1, 0xecbc88},
    {0x4001, 0xecbc92},
    {0xbc4, 0xecbc93},
    {0x4002, 0xecbc94},
    {0xbc5, 0xecbc95},
    {0xbc6, 0xecbc9c},
    {0xbc7, 0xecbca0},
    {0xbc8, 0xecbca4},
    {0x4016, 0xecbcae},
    {0xbce, 0xecbcb8},
    {0xbd1, 0xecbd98},
    {0xbd2, 0xecbd9c},
    {0x4044, 0xecbda6},
    {0xbd5, 0xecbda7},
    {0x4045, 0xecbda8},
    {0xbd6, 0xecbda9},
    {0xbd9, 0xecbdb4},
    {0xbda, 0xecbdb8},
    {0xbdb, 0xecbe80},
    {0xbdc, 0xecbe85},
    {0xbdd, 0xecbe8c},
    {0xbde, 0xecbea1},
    {0xbdf, 0xecbea8},
    {0xbe0, 0xecbeb0},
    {0xbe1, 0xecbf84},
    {0xbe4, 0xecbfa4},
    {0xbe5, 0xecbfa8},
    {0x40bd, 0xecbfb2},
    {0xbe8, 0xecbfb3},
    {0x40be, 0xecbfb4},
    {0xbe9, 0xecbfb5},
    {0xbea, 0xecbfbc},
    {0xbeb, 0xed8080},
    {0xbec, 0xed8084},
    {0xbed, 0xed8091},
    {0xbee, 0xed8098},
    {0xbef, 0xed80ad},
    {0xbf2, 0xed80b8},
    {0xbf3, 0xed80bc},
    {0x4103, 0xed8186},
    {0xbf6, 0xed8187},
    {0x4104, 0xed8188},
    {0xbf7, 0xed8189},
    {0xbf8, 0xed8190},
    {0xbf9, 0xed8194},
    {0xbfa, 0xed8198},
    {0xbfb, 0xed81a0},
    {0xbfe, 0xed81b0},
    {0xbff, 0xed81b4},
    {0x4131, 0xed8280},
    {0xc02, 0xed8281},
    {0xc05, 0xed82a8},
    {0xc06, 0xed82ac},
    {0x4160, 0xed82b6},
    {0xc09, 0xed82b7},
    {0x4161, 0xed82b8},
    {0xc0a, 0xed82b9},
    {0xc0d, 0xed8384},
    {0x4173, 0xed8392},
    {0xc17, 0xed83a0},
    {0xc18, 0xed83a4},
    {0x4186, 0xed83ae},
    {0xc1e, 0xed83b8},
    {0xc1f, 0xed848d},
    {0xc22, 0xed84b4},
    {0xc23, 0xed84b8},
    {0x41c8, 0xed84b9},
    {0xc24, 0xed84ba},
    {0x41ce, 0xed8582},
    {0xc2c, 0xed8590},
    {0xc2d, 0xed8594},
    {0x41e1, 0xed859e},
    {0xc30, 0xed859f},
    {0x41e2, 0xed85a0},
    {0xc31, 0xed85a1},
    {0xc32, 0xed85a8},
    {0xc33, 0xed85ac},
    {0xc34, 0xed85bc},
    {0xc35, 0xed8684},
    {0xc36, 0xed8688},
    {0xc39, 0xed86a4},
    {0xc3a, 0xed86a8},
    {0x4228, 0xed86b2},
    {0xc3d, 0xed86b3},
    {0x4229, 0xed86b4},
    {0xc3e, 0xed86b5},
    {0xc3f, 0xed86ba},
    {0x422e, 0xed86bb},
    {0xc40, 0xed86bc},
    {0xc41, 0xed8780},
    {0xc42, 0xed8798},
    {0xc43, 0xed87b4},
    {0xc44, 0xed87b8},
    {0xc45, 0xed8887},
    {0x4275, 0xed8888},
    {0xc46, 0xed8889},
    {0xc47, 0xed8890},
    {0xc4a, 0xed88b0},
    {0xc4b, 0xed88b4},
    {0x42a3, 0xed88be},
    {0xc4e, 0xed88bf},
    {0x42a4, 0xed8980},
    {0xc4f, 0xed8981},
    {0xc50, 0xed8988},
    {0xc51, 0xed899c},
    {0xc52, 0xed89a4},
    {0xc55, 0xed8a84},
    {0xc56, 0xed8a88},
    {0xc59, 0xed8a95},
    {0xc5a, 0xed8a9c},
    {0xc5b, 0xed8aa0},
    {0xc5c, 0xed8aa4},
    {0xc5d, 0xed8aac},
    {0xc5e, 0xed8ab1},
    {0xc61, 0xed8abc},
    {0xc62, 0xed8abf},
    {0xc63, 0xed8b80},
    {0x4310, 0xed8b81},
    {0xc64, 0xed8b82},
    {0x4316, 0xed8b8a},
    {0xc67, 0xed8b8b},
    {0xc68, 0xed8b94},
    {0xc69, 0xed8b98},
    {0xc6a, 0xed8b9c},
    {0xc6f, 0xed8bb4},
    {0xc70, 0xed8bb8},
    {0x4342, 0xed8c82},
    {0xc73, 0xed8c83},
    {0x4343, 0xed8c84},
    {0xc74, 0xed8c85},
    {0x434a, 0xed8c8f},
    {0xc78, 0xed8c90},
    {0xc79, 0xed8c94},
    {0x434e, 0xed8c95},
    {0xc7a, 0xed8c96},
    {0x4354, 0xed8c9e},
    {0xc80, 0xed8ca5},
    {0xc83, 0xed8cac},
    {0xc84, 0xed8cb0},
    {0x4366, 0xed8cba},
    {0xc8e, 0xed8e80},
    {0xc8f, 0xed8e84},
    {0x43af, 0xed8e8e},
    {0xc97, 0xed8e9c},
    {0xc98, 0xed8ea0},
    {0x43c2, 0xed8eaa},
    {0xc9b, 0xed8eab},
    {0x43c3, 0xed8eac},
    {0xc9c, 0xed8ead},
    {0xc9d, 0xed8eb4},
    {0xc9e, 0xed8eb8},
    {0xc9f, 0xed8ebc},
    {0xca4, 0xed8f90},
    {0xca5, 0xed8f98},
    {0xca6, 0xed8fa1},
    {0x43ee, 0xed8fa2},
    {0xca7, 0xed8fa3},
    {0xcaa, 0xed8fb0},
    {0xcab, 0xed8fb4},
    {0x4403, 0xed8fbe},
    {0xcae, 0xed8fbf},
    {0x4404, 0xed9080},
    {0xcaf, 0xed9081},
    {0xcb0, 0xed9088},
    {0xcb1, 0xed909d},
    {0xcb2, 0xed9180},
    {0xcb3, 0xed9184},
    {0xcb4, 0xed919c},
    {0xcb5, 0xed91a0},
    {0xcb6, 0xed91a4},
    {0xcb7, 0xed91ad},
    {0x4469, 0xed91ae},
    {0xcb8, 0xed91af},
    {0xcbb, 0xed91bc},
    {0xcbc, 0xed91bf},
    {0xcbd, 0xed9280},
    {0x4476, 0xed9281},
    {0xcbe, 0xed9282},
    {0x447c, 0xed928a},
    {0xcc1, 0xed928b},
    {0x447d, 0xed928c},
    {0xcc2, 0xed928d},
    {0xcc3, 0xed9294},
    {0xcc4, 0xed92a9},
    {0xcc5, 0xed938c},
    {0xcc6, 0xed9390},
    {0xcc7, 0xed9394},
    {0xcc8, 0xed939c},
    {0xcc9, 0xed939f},
    {0xcca, 0xed93a8},
    {0xccb, 0xed93ac},
    {0xccc, 0xed93b0},
    {0xccd, 0xed93b8},
    {0xcce, 0xed93bb},
    {0x44e0, 0xed93bc},
    {0xccf, 0xed93bd},
    {0xcd0, 0xed9484},
    {0xcd1, 0xed9488},
    {0xcd2, 0xed948c},
    {0x44f4, 0xed9496},
    {0xcd5, 0xed9497},
    {0xcd8, 0xed9580},
    {0xcd9, 0xed9584},
    {0x4525, 0xed958e},
    {0xcdc, 0xed958f},
    {0x4526, 0xed9590},
    {0xcdd, 0xed9591},
    {0xce0, 0xed959c},
    {0xce1, 0xed95a0},
    {0xce2, 0xed95a5},
    {0x4538, 0xed95aa},
    {0xce5, 0xed95ab},
    {0x4539, 0xed95ac},
    {0xce6, 0xed95ad},
    {0xce9, 0xed95b8},
    {0xcea, 0xed95bc},
    {0x454c, 0xed9686},
    {0xcf0, 0xed9690},
    {0xcf1, 0xed96a5},
    {0xcf4, 0xed978c},
    {0xcf5, 0xed9790},
    {0x458e, 0xed9791},
    {0xcf6, 0xed9792},
    {0x4594, 0xed979a},
    {0xcf9, 0xed979b},
    {0x4595, 0xed979c},
    {0xcfa, 0xed979d},
    {0xcfd, 0xed97a8},
    {0xcfe, 0xed97ac},
    {0x45a8, 0xed97b6},
    {0xd01, 0xed97b7},
    {0x45a9, 0xed97b8},
    {0xd02, 0xed97b9},
    {0xd05, 0xed9884},
    {0xd06, 0xed9888},
    {0x45bc, 0xed9892},
    {0xd0c, 0xed989c},
    {0xd0d, 0xed98a0},
    {0xd0e, 0xed98a4},
    {0xd0f, 0xed98ad},
    {0xd12, 0xed98bc},
    {0xd13, 0xed9980},
    {0xd14, 0xed9985},
    {0x45e6, 0xed998a},
    {0xd17, 0xed998b},
    {0x45e7, 0xed998c},
    {0xd18, 0xed998d},
    {0xd19, 0xed9991},
    {0xd1c, 0xed9998},
    {0xd1d, 0xed999c},
    {0xd1e, 0xed99a7},
    {0x45fc, 0xed99a8},
    {0xd1f, 0xed99a9},
    {0xd22, 0xed99b4},
    {0xd23, 0xed9a83},
    {0x4613, 0xed9a84},
    {0xd24, 0xed9a85},
    {0xd27, 0xed9a90},
    {0xd28, 0xed9a94},
    {0xd29, 0xed9a9d},
    {0x4627, 0xed9a9e},
    {0xd2a, 0xed9a9f},
    {0x4628, 0xed9aa0},
    {0xd2b, 0xed9aa1},
    {0xd2c, 0xed9aa8},
    {0xd2d, 0xed9aac},
    {0xd2e, 0xed9ab0},
    {0xd2f, 0xed9ab9},
    {0x463d, 0xed9aba},
    {0xd30, 0xed9abb},
    {0xd33, 0xed9b88},
    {0xd34, 0xed9b8c},
    {0xd35, 0xed9b91},
    {0xd36, 0xed9b94},
    {0xd37, 0xed9b97},
    {0x4653, 0xed9b98},
    {0xd38, 0xed9b99},
    {0xd39, 0xed9ba0},
    {0xd3a, 0xed9ba4},
    {0xd3b, 0xed9ba8},
    {0xd3c, 0xed9bb0},
    {0xd3d, 0xed9bb5},
    {0xd40, 0xed9c80},
    {0xd41, 0xed9c84},
    {0xd42, 0xed9c91},
    {0xd45, 0xed9c9c},
    {0xd46, 0xed9ca0},
    {0x4694, 0xed9caa},
    {0xd49, 0xed9cab},
    {0x4695, 0xed9cac},
    {0xd4a, 0xed9cad},
    {0xd4d, 0xed9cb8},
    {0xd4e, 0xed9cbc},
    {0xd4f, 0xed9d84},
    {0xd50, 0xed9d87},
    {0x46aa, 0xed9d88},
    {0xd51, 0xed9d89},
    {0xd54, 0xed9d94},
    {0x46b3, 0xed9d95},
    {0x46ba, 0xed9da2},
    {0xd5b, 0xed9da3},
    {0x46bb, 0xed9da4},
    {0xd5c, 0xed9da5},
    {0xd5d, 0xed9da9},
    {0xd5e, 0xed9dac},
    {0xd5f, 0xed9db0},
    {0xd60, 0xed9db4},
    {0x46d0, 0xed9e80},
    {0xd63, 0xed9e81},
    {0xd66, 0xed9e8c},
    {0xd67, 0xed9e90},
    {0x46e3, 0xed9e9a},
    {0xd6a, 0xed9e9b},
    {0x46e4, 0xed9e9c},
    {0xd6b, 0xed9e9d},
    {0x1014, 0xefa480},
    {0xe5e, 0xefa481},
    {0x1b8d, 0xefa482},
    {0xd84, 0xefa483},
    {0x1edc, 0xefa484},
    {0xeda, 0xefa485},
    {0xf3e, 0xefa486},
    {0xf6a, 0xefa487},
    {0xf6a, 0xefa488},
    {0xe7c, 0xefa489},
    {0x1023, 0xefa48a},
    {0x1116, 0xefa48b},
    {0x103c, 0xefa48c},
    {0x16a8, 0xefa494},
    {0x112f, 0xefa4a1},
    {0x1133, 0xefa4a2},
    {0x1148, 0xefa4ae},
    {0x119f, 0xefa4af},
    {0x11b5, 0xefa580},
    {0x11c6, 0xefa589},
    {0x11d4, 0xefa58a},
    {0x11e0, 0xefa591},
    {0x10de, 0xefa59a},
    {0x1028, 0xefa59b},
    {0x16a8, 0xefa59c},
    {0x102b, 0xefa59d},
    {0x1060, 0xefa59e},
    {0x1047, 0xefa59f},
    {0x104c, 0xefa5a0},
    {0x15b0, 0xefa5a1},
    {0x1918, 0xefa5a2},
    {0x141f, 0xefa5a3},
    {0x133a, 0xefa5a4},
    {0x1d5e, 0xefa5a5},
    {0x13d7, 0xefa5a6},
    {0x13f5, 0xefa5a7},
    {0x1db7, 0xefa5a8},
    {0x15d0, 0xefa5a9},
    {0x14f7, 0xefa5aa},
    {0x1bab, 0xefa5ab},
    {0x14f2, 0xefa5ac},
    {0x156d, 0xefa5ad},
    {0x1771, 0xefa5ae},
    {0x1554, 0xefa5af},
    {0x14c5, 0xefa5b0},
    {0x1b61, 0xefa5b1},
    {0x1cca, 0xefa5b2},
    {0x162e, 0xefa5b3},
    {0x16f2, 0xefa5b4},
    {0x1157, 0xefa5be},
    {0x115a, 0xefa5bf},
    {0x115b, 0xefa680},
    {0x103f, 0xefa681},
    {0x115c, 0xefa682},
    {0x115f, 0xefa683},
    {0x1165, 0xefa686},
    {0x116f, 0xefa68d},
    {0x1040, 0xefa68e},
    {0x1041, 0xefa691},
    {0x1042, 0xefa695},
    {0x117a, 0xefa698},
    {0x1179, 0xefa699},
    {0x192f, 0xefa69e},
    {0x1554, 0xefa6a1},
    {0x1183, 0xefa6a2},
    {0x1043, 0xefa6a3},
    {0x1046, 0xefa6a4},
    {0x1185, 0xefa6a5},
    {0x118b, 0xefa6a9},
    {0x1047, 0xefa6aa},
    {0x1e67, 0xefa6ae},
    {0x1191, 0xefa6af},
    {0x1193, 0xefa6b0},
    {0x119a, 0xefa6b5},
    {0x16a5, 0xefa6b9},
    {0x1054, 0xefa6bd},
    {0x11cb, 0xefa6be},
    {0x16a8, 0xefa6bf},
    {0x11d3, 0xefa784},
    {0x1f34, 0xefa785},
    {0x17eb, 0xefa786},
    {0x11e1, 0xefa787},
    {0x1057, 0xefa788},
    {0x11e3, 0xefa789},
    {0x11e8, 0xefa78c},
    {0x11ea, 0xefa78d},
    {0x11ec, 0xefa78e},
    {0x1058, 0xefa78f},
    {0x15b0, 0xefa79b},
    {0x11fb, 0xefa79c},
    {0x1206, 0xefa79d},
    {0x1208, 0xefa79e},
    {0x120a, 0xefa79f},
    {0x173e, 0xefa7a0},
    {0x105b, 0xefa7a3},
    {0x1211, 0xefa7a4},
    {0x1213, 0xefa7a5},
    {0x1215, 0xefa7a6},
    {0x121c, 0xefa7aa},
    {0x121e, 0xefa7ad},
    {0x122a, 0xefa7b6},
    {0x14e7, 0xefa7ba},
    {0x195e, 0xefa7bb},
    {0x1663, 0xefa7bc},
    {0x168b, 0xefa7bd},
    {0x105f, 0xefa7be},
    {0x1954, 0xefa7bf},
    {0x1a1c, 0xefa880},
    {0x10b7, 0xefa881},
    {0x1be3, 0xefa882},
    {0x1097, 0xefa883},
    {0x10aa, 0xefa884},
    {0x10f4, 0xefa885},
    {0x1d94, 0xefa886},
    {0x13e0, 0xefa887},
    {0x1e1d, 0xefa888},
    {0xde6, 0xefa889},
    {0xe3c, 0xefa88a},
    {0xee7, 0xefa88b},
    {0x1143, 0xefa8ae},
    {0x119e, 0xefa8af},
    {0x70, 0xefbcbc},
    {0x71, 0xefbd9e},
    {0xc2, 0xefbfa2},
    {0x165, 0xefbfa3},
    {0x91, 0xefbfa5},
    {0x143, 0xefbfa6},
};

static pdf_char_range_map_t char_range_map_UNIKS_UTF8_H[] = {
    {0x20, 0x7e, 0x1},
    {0xc2b2, 0xc2b3, 0x34b},
    {0xce91, 0xcea1, 0x1d7},
    {0xcea3, 0xcea9, 0x1e8},
    {0xceb1, 0xcebf, 0x1ef},
    {0xcf80, 0xcf81, 0x1fe},
    {0xcf83, 0xcf89, 0x200},
    {0xd090, 0xd095, 0x3fc},
    {0xd096, 0xd0b5, 0x403},
    {0xd0b6, 0xd0bf, 0x424},
    {0xd180, 0xd18f, 0x42e},
    {0xe28093, 0xe28094, 0x6d},
    {0xe28098, 0xe28099, 0x72},
    {0xe2809c, 0xe2809d, 0x74},
    {0xe280a0, 0xe280a1, 0xf5},
    {0xe280a5, 0xe280a6, 0x69},
    {0xe280b2, 0xe280b3, 0x8b},
    {0xe280b9, 0xe280ba, 0x21a4},
    {0xe281ba, 0xe281bb, 0x202f},
    {0xe281bd, 0xe281be, 0x203a},
    {0xe28281, 0xe28284, 0x34f},
    {0xe28593, 0xe28594, 0x2ed},
    {0xe2859b, 0xe2859e, 0x2f1},
    {0xe285a0, 0xe285a9, 0x1cd},
    {0xe285b0, 0xe285b9, 0x1c3},
    {0xe28690, 0xe28691, 0xab},
    {0xe28693, 0xe28694, 0xad},
    {0xe28784, 0xe28785, 0x22c0},
    {0xe288a5, 0xe288a6, 0x220f},
    {0xe288a7, 0xe288a8, 0xc0},
    {0xe288ab, 0xe288ac, 0xb6},
    {0xe289a4, 0xe289a5, 0x86},
    {0xe289a6, 0xe289a7, 0x2214},
    {0xe289ae, 0xe289af, 0x2229},
    {0xe289b0, 0xe289b3, 0x2121},
    {0xe289b6, 0xe289b7, 0x2129},
    {0xe289ba, 0xe289bb, 0x211b},
    {0xe28a80, 0xe28a81, 0x211f},
    {0xe28a82, 0xe28a83, 0xbc},
    {0xe28a86, 0xe28a87, 0xba},
    {0xe28a95, 0xe28a97, 0x2217},
    {0xe28abb, 0xe28abc, 0x222f},
    {0xe28b8e, 0xe28b8f, 0x211d},
    {0xe28b9a, 0xe28b9b, 0x212c},
    {0xe291a0, 0xe291ae, 0x2dd},
    {0xe291af, 0xe291b3, 0x2257},
    {0xe291b4, 0xe291bf, 0x33b},
    {0xe29280, 0xe29282, 0x347},
    {0xe29283, 0xe29287, 0x2352},
    {0xe2929c, 0xe292b5, 0x321},
    {0xe292b6, 0xe292bf, 0x20c4},
    {0xe29380, 0xe2938f, 0x20ce},
    {0xe29390, 0xe293a9, 0x2c3},
    {0xe2949e, 0xe2949f, 0x22f},
    {0xe294a1, 0xe294a2, 0x231},
    {0xe294a6, 0xe294a7, 0x233},
    {0xe294a9, 0xe294aa, 0x235},
    {0xe294ad, 0xe294ae, 0x237},
    {0xe294b1, 0xe294b2, 0x239},
    {0xe294b5, 0xe294b6, 0x23b},
    {0xe294b9, 0xe294ba, 0x23d},
    {0xe294bd, 0xe294be, 0x23f},
    {0xe29580, 0xe29581, 0x241},
    {0xe29583, 0xe2958a, 0x243},
    {0xe296a4, 0xe296a5, 0xe9},
    {0xe29790, 0xe29791, 0xe6},
    {0xe299a0, 0xe299a1, 0xde},
    {0xe299a9, 0xe299aa, 0xfd},
    {0xe29db6, 0xe29dbf, 0x21e1},
    {0xe29e8a, 0xe29e93, 0x2096},
    {0xe38080, 0xe38082, 0x65},
    {0xe38088, 0xe38091, 0x78},
    {0xe38094, 0xe38095, 0x76},
    {0xe38096, 0xe38099, 0x201b},
    {0xe3809e, 0xe3809f, 0x246a},
    {0xe38181, 0xe381bf, 0x353},
    {0xe38280, 0xe38293, 0x392},
    {0xe382a1, 0xe382bf, 0x3a6},
    {0xe38380, 0xe383b6, 0x3c5},
    {0xe384b1, 0xe384bf, 0x166},
    {0xe38580, 0xe385a3, 0x175},
    {0xe385a5, 0xe385bf, 0x199},
    {0xe38680, 0xe3868e, 0x1b4},
    {0xe38880, 0xe3889b, 0x305},
    {0xe389a0, 0xe389bb, 0x2a7},
    {0xe38a8a, 0xe38a8f, 0x2455},
    {0xe38e80, 0xe38e84, 0x273},
    {0xe38e88, 0xe38e89, 0x264},
    {0xe38e8a, 0xe38e8c, 0x286},
    {0xe38e8d, 0xe38e8f, 0x260},
    {0xe38e90, 0xe38e94, 0x27e},
    {0xe38e95, 0xe38e97, 0x24b},
    {0xe38e99, 0xe38ea2, 0x255},
    {0xe38ea3, 0xe38ea6, 0x251},
    {0xe38ea7, 0xe38ea8, 0x267},
    {0xe38ea9, 0xe38eac, 0x28f},
    {0xe38ead, 0xe38eaf, 0x28b},
    {0xe38eb0, 0xe38eb9, 0x269},
    {0xe38eba, 0xe38ebf, 0x278},
    {0xe38f80, 0xe38f81, 0x284},
    {0xe5b3af, 0xe5b3b0, 0x13e8},
    {0xe5b9bc, 0xe5b9bd, 0x18ad},
    {0xe5bf98, 0xe5bf99, 0x125a},
    {0xe68488, 0xe68489, 0x18b2},
    {0xe68598, 0xe68599, 0x1bad},
    {0xe691b8, 0xe691b9, 0x12a2},
    {0xe697bb, 0xe697bc, 0x130b},
    {0xe69983, 0xe69984, 0x1ee7},
    {0xe69c9e, 0xe69c9f, 0xff3},
    {0xe69eb6, 0xe69eb7, 0xd78},
    {0xe6a5a1, 0xe6a5a2, 0x18b9},
    {0xe6af96, 0xe6af98, 0x144d},
    {0xe786b9, 0xe786ba, 0x1f71},
    {0xe78cb6, 0xe78cb7, 0x18bf},
    {0xe799bd, 0xe799be, 0x1381},
    {0xe7a2ba, 0xe7a2bb, 0x1ec7},
    {0xe7a587, 0xe7a588, 0x1008},
    {0xe7aaa9, 0xe7aaaa, 0x17d5},
    {0xe7b48a, 0xe7b48b, 0x12ea},
    {0xe88590, 0xe88591, 0x140d},
    {0xe8a1be, 0xe8a1bf, 0xfcf},
    {0xe8a3b4, 0xe8a3b5, 0x1375},
    {0xe99191, 0xe99192, 0xdc7},
    {0xe99691, 0xe99692, 0x1ddd},
    {0xe99aa7, 0xe99aa8, 0x15f4},
    {0xe99ba8, 0xe99ba9, 0x1853},
    {0xe9a88e, 0xe9a88f, 0x101a},
    {0xeab080, 0xeab081, 0x43e},
    {0xeab082, 0xeab083, 0x2475},
    {0xeab085, 0xeab086, 0x2477},
    {0xeab087, 0xeab08a, 0x441},
    {0xeab08b, 0xeab08f, 0x2479},
    {0xeab090, 0xeab097, 0x445},
    {0xeab099, 0xeab09d, 0x44d},
    {0xeab09e, 0xeab09f, 0x247f},
    {0xeab0a1, 0xeab0a3, 0x2481},
    {0xeab0a5, 0xeab0ab, 0x2484},
    {0xeab0ac, 0xeab0ad, 0x454},
    {0xeab0af, 0xeab0b1, 0x456},
    {0xeab0b2, 0xeab0b7, 0x248c},
    {0xeab0b8, 0xeab0b9, 0x459},
    {0xeab0ba, 0xeab0bb, 0x2492},
    {0xeab0bd, 0xeab0bf, 0x2494},
    {0xeab181, 0xeab18a, 0x2497},
    {0xeab18e, 0xeab193, 0x24a2},
    {0xeab195, 0xeab197, 0x24a8},
    {0xeab199, 0xeab19b, 0x24ab},
    {0xeab19d, 0xeab1af, 0x24ae},
    {0xeab1b0, 0xeab1b1, 0x462},
    {0xeab1b2, 0xeab1b3, 0x24c1},
    {0xeab1b5, 0xeab1b6, 0x24c3},
    {0xeab1b7, 0xeab1b8, 0x465},
    {0xeab1bb, 0xeab1bf, 0x24c6},
    {0xeab280, 0xeab281, 0x468},
    {0xeab283, 0xeab286, 0x46a},
    {0xeab287, 0xeab288, 0x24cc},
    {0xeab289, 0xeab28c, 0x46e},
    {0xeab28d, 0xeab28f, 0x24ce},
    {0xeab291, 0xeab293, 0x24d1},
    {0xeab295, 0xeab29b, 0x24d4},
    {0xeab29c, 0xeab29d, 0x474},
    {0xeab29f, 0xeab2a1, 0x476},
    {0xeab2a2, 0xeab2a7, 0x24dc},
    {0xeab2a8, 0xeab2aa, 0x479},
    {0xeab2ad, 0xeab2ae, 0x24e3},
    {0xeab2af, 0xeab2b0, 0x47d},
    {0xeab2b1, 0xeab2b7, 0x24e5},
    {0xeab2b8, 0xeab2b9, 0x47f},
    {0xeab2bb, 0xeab2bd, 0x481},
    {0xeab2be, 0xeab2bf, 0x24ed},
    {0xeab382, 0xeab383, 0x24f0},
    {0xeab385, 0xeab387, 0x24f2},
    {0xeab389, 0xeab38b, 0x24f5},
    {0xeab38d, 0xeab394, 0x24f8},
    {0xeab398, 0xeab39f, 0x2501},
    {0xeab3a0, 0xeab3a1, 0x48a},
    {0xeab3a2, 0xeab3a3, 0x2509},
    {0xeab3a5, 0xeab3a6, 0x250b},
    {0xeab3a7, 0xeab3a8, 0x48d},
    {0xeab3ad, 0xeab3ae, 0x250f},
    {0xeab3af, 0xeab3b1, 0x491},
    {0xeab3b5, 0xeab3b6, 0x495},
    {0xeab3b7, 0xeab3bb, 0x2513},
    {0xeab3bc, 0xeab3bd, 0x497},
    {0xeab3be, 0xeab3bf, 0x2518},
    {0xeab481, 0xeab483, 0x251a},
    {0xeab487, 0xeab48b, 0x251e},
    {0xeab48c, 0xeab48d, 0x49c},
    {0xeab492, 0xeab497, 0x2525},
    {0xeab499, 0xeab49b, 0x252b},
    {0xeab49d, 0xeab49f, 0x252e},
    {0xeab4a1, 0xeab4a8, 0x2531},
    {0xeab4aa, 0xeab4ab, 0x2539},
    {0xeab4ac, 0xeab4ad, 0x4a4},
    {0xeab4ae, 0xeab4b3, 0x253b},
    {0xeab4b4, 0xeab4b5, 0x4a6},
    {0xeab4b6, 0xeab4b7, 0x2541},
    {0xeab4b9, 0xeab4bb, 0x2543},
    {0xeab4bd, 0xeab4bf, 0x2546},
    {0xeab580, 0xeab583, 0x2549},
    {0xeab584, 0xeab585, 0x4aa},
    {0xeab58a, 0xeab58f, 0x254f},
    {0xeab591, 0xeab593, 0x2555},
    {0xeab595, 0xeab597, 0x2558},
    {0xeab599, 0xeab5a0, 0x255b},
    {0xeab5a4, 0xeab5ab, 0x2564},
    {0xeab5ac, 0xeab5ad, 0x4b3},
    {0xeab5ae, 0xeab5af, 0x256c},
    {0xeab5b1, 0xeab5b2, 0x256e},
    {0xeab5b3, 0xeab5b6, 0x4b6},
    {0xeab5b7, 0xeab5ba, 0x2570},
    {0xeab5bb, 0xeab5bd, 0x4ba},
    {0xeab681, 0xeab682, 0x4be},
    {0xeab683, 0xeab687, 0x2576},
    {0xeab688, 0xeab689, 0x4c0},
    {0xeab68a, 0xeab68b, 0x257b},
    {0xeab68d, 0xeab68f, 0x257d},
    {0xeab691, 0xeab69b, 0x2580},
    {0xeab69c, 0xeab69d, 0x4c4},
    {0xeab69e, 0xeab6a3, 0x258b},
    {0xeab6a5, 0xeab6b6, 0x2591},
    {0xeab6b8, 0xeab6bf, 0x25a3},
    {0xeab780, 0xeab781, 0x4c8},
    {0xeab782, 0xeab783, 0x25ab},
    {0xeab785, 0xeab787, 0x25ad},
    {0xeab789, 0xeab78f, 0x25b0},
    {0xeab790, 0xeab791, 0x4cc},
    {0xeab794, 0xeab79b, 0x25b8},
    {0xeab79d, 0xeab79f, 0x25c0},
    {0xeab7a1, 0xeab7a3, 0x25c3},
    {0xeab7a5, 0xeab7b7, 0x25c6},
    {0xeab7b8, 0xeab7b9, 0x4d2},
    {0xeab7ba, 0xeab7bb, 0x25d9},
    {0xeab7bd, 0xeab7be, 0x25db},
    {0xeab880, 0xeab881, 0x4d6},
    {0xeab882, 0xeab887, 0x25dd},
    {0xeab888, 0xeab889, 0x4d8},
    {0xeab88e, 0xeab893, 0x25e5},
    {0xeab895, 0xeab8af, 0x25eb},
    {0xeab8b0, 0xeab8b1, 0x4dd},
    {0xeab8b2, 0xeab8b3, 0x2606},
    {0xeab8b5, 0xeab8b6, 0x2608},
    {0xeab8b7, 0xeab8b8, 0x4e0},
    {0xeab8bb, 0xeab8bf, 0x260b},
    {0xeab980, 0xeab981, 0x4e3},
    {0xeab985, 0xeab986, 0x4e6},
    {0xeab987, 0xeab989, 0x2612},
    {0xeab98c, 0xeab98e, 0x4e9},
    {0xeab991, 0xeab993, 0x2617},
    {0xeab997, 0xeab99b, 0x261b},
    {0xeab99c, 0xeab99d, 0x4ef},
    {0xeab99f, 0xeab9a1, 0x4f1},
    {0xeab9a2, 0xeab9a4, 0x2621},
    {0xeab9a6, 0xeab9a7, 0x2624},
    {0xeab9a8, 0xeab9a9, 0x4f5},
    {0xeab9aa, 0xeab9ab, 0x2626},
    {0xeab9ad, 0xeab9af, 0x2628},
    {0xeab9b1, 0xeab9b7, 0x262b},
    {0xeab9b8, 0xeab9b9, 0x4f9},
    {0xeab9bb, 0xeab9bd, 0x4fb},
    {0xeab9be, 0xeab9bf, 0x2633},
    {0xeaba80, 0xeaba83, 0x2635},
    {0xeaba84, 0xeaba85, 0x4fe},
    {0xeaba86, 0xeaba8b, 0x2639},
    {0xeaba8d, 0xeababb, 0x263f},
    {0xeababc, 0xeababe, 0x501},
    {0xeabb81, 0xeabb83, 0x266f},
    {0xeabb85, 0xeabb8b, 0x2672},
    {0xeabb8c, 0xeabb8d, 0x506},
    {0xeabb8f, 0xeabb91, 0x508},
    {0xeabb92, 0xeabb97, 0x267a},
    {0xeabb98, 0xeabb99, 0x50b},
    {0xeabb9a, 0xeabb9b, 0x2680},
    {0xeabb9d, 0xeabba7, 0x2682},
    {0xeabba9, 0xeabbaa, 0x268d},
    {0xeabbae, 0xeabbb3, 0x2690},
    {0xeabbb5, 0xeabbb7, 0x2696},
    {0xeabbb9, 0xeabbbb, 0x2699},
    {0xeabbbd, 0xeabbbf, 0x269c},
    {0xeabc80, 0xeabc86, 0x269f},
    {0xeabc87, 0xeabc88, 0x514},
    {0xeabc89, 0xeabc8c, 0x26a6},
    {0xeabc8e, 0xeabc8f, 0x26aa},
    {0xeabc91, 0xeabcab, 0x26ac},
    {0xeabcac, 0xeabcad, 0x518},
    {0xeabcae, 0xeabcaf, 0x26c7},
    {0xeabcb5, 0xeabcbb, 0x26cb},
    {0xeabcbc, 0xeabcbd, 0x51d},
    {0xeabd81, 0xeabd83, 0x520},
    {0xeabd84, 0xeabd87, 0x26d4},
    {0xeabd88, 0xeabd89, 0x523},
    {0xeabd8a, 0xeabd8f, 0x26d8},
    {0xeabd91, 0xeabd9b, 0x26de},
    {0xeabd9c, 0xeabd9d, 0x526},
    {0xeabd9e, 0xeabda3, 0x26e9},
    {0xeabda4, 0xeabda5, 0x528},
    {0xeabda6, 0xeabdb8, 0x26ef},
    {0xeabdba, 0xeabdbf, 0x2702},
    {0xeabe81, 0xeabe83, 0x2708},
    {0xeabe85, 0xeabe87, 0x270b},
    {0xeabe89, 0xeabe8f, 0x270e},
    {0xeabe90, 0xeabe91, 0x52e},
    {0xeabe92, 0xeabe94, 0x2715},
    {0xeabe96, 0xeabe9b, 0x2718},
    {0xeabe9d, 0xeabeb7, 0x271e},
    {0xeabeb8, 0xeabeb9, 0x532},
    {0xeabeba, 0xeabebb, 0x2739},
    {0xeabebd, 0xeabebf, 0x273b},
    {0xeabf81, 0xeabf86, 0x273e},
    {0xeabf87, 0xeabf89, 0x536},
    {0xeabf8d, 0xeabf8e, 0x53a},
    {0xeabf8f, 0xeabf93, 0x2746},
    {0xeabf95, 0xeabf9b, 0x274b},
    {0xeabf9d, 0xeabfa7, 0x2752},
    {0xeabfa8, 0xeabfa9, 0x53e},
    {0xeabfaa, 0xeabfaf, 0x275d},
    {0xeabfb0, 0xeabfb1, 0x540},
    {0xeabfb2, 0xeabfb3, 0x2763},
    {0xeabfb5, 0xeabfb7, 0x2765},
    {0xeabfb9, 0xeabfbf, 0x2768},
    {0xeb8080, 0xeb8081, 0x544},
    {0xeb8082, 0xeb8083, 0x276f},
    {0xeb8085, 0xeb808b, 0x2771},
    {0xeb808d, 0xeb808f, 0x2778},
    {0xeb8091, 0xeb8093, 0x277b},
    {0xeb8095, 0xeb809b, 0x277e},
    {0xeb809c, 0xeb809d, 0x54a},
    {0xeb809e, 0xeb80a7, 0x2785},
    {0xeb80a9, 0xeb80bf, 0x278f},
    {0xeb8180, 0xeb8183, 0x27a6},
    {0xeb8184, 0xeb8185, 0x54d},
    {0xeb8186, 0xeb8187, 0x27aa},
    {0xeb818f, 0xeb8192, 0x27af},
    {0xeb8193, 0xeb8195, 0x553},
    {0xeb819a, 0xeb819c, 0x27b5},
    {0xeb819e, 0xeb81bb, 0x27b8},
    {0xeb81bc, 0xeb81bd, 0x559},
    {0xeb81be, 0xeb81bf, 0x27d6},
    {0xeb8281, 0xeb8283, 0x27d8},
    {0xeb8285, 0xeb828b, 0x27db},
    {0xeb828c, 0xeb828d, 0x55d},
    {0xeb8292, 0xeb8297, 0x27e4},
    {0xeb8298, 0xeb829a, 0x561},
    {0xeb829d, 0xeb829e, 0x27eb},
    {0xeb829f, 0xeb82a2, 0x565},
    {0xeb82a3, 0xeb82a7, 0x27ed},
    {0xeb82a8, 0xeb82a9, 0x569},
    {0xeb82ab, 0xeb82af, 0x56b},
    {0xeb82b3, 0xeb82b5, 0x571},
    {0xeb82b6, 0xeb82b7, 0x27f5},
    {0xeb82b9, 0xeb82bb, 0x27f7},
    {0xeb82bd, 0xeb82bf, 0x27fa},
    {0xeb8380, 0xeb8383, 0x27fd},
    {0xeb8384, 0xeb8385, 0x576},
    {0xeb8387, 0xeb8389, 0x578},
    {0xeb838a, 0xeb838f, 0x2802},
    {0xeb8390, 0xeb8391, 0x57b},
    {0xeb8392, 0xeb8393, 0x2808},
    {0xeb8395, 0xeb8397, 0x280a},
    {0xeb8399, 0xeb839f, 0x280d},
    {0xeb83a1, 0xeb83a4, 0x2814},
    {0xeb83a6, 0xeb83bf, 0x2818},
    {0xeb8480, 0xeb8487, 0x2832},
    {0xeb8488, 0xeb8489, 0x581},
    {0xeb848b, 0xeb848c, 0x583},
    {0xeb848d, 0xeb848f, 0x283b},
    {0xeb8492, 0xeb8493, 0x586},
    {0xeb8494, 0xeb8497, 0x283f},
    {0xeb8498, 0xeb8499, 0x588},
    {0xeb849b, 0xeb849d, 0x58a},
    {0xeb849e, 0xeb84a2, 0x2844},
    {0xeb84a3, 0xeb84a5, 0x58d},
    {0xeb84a6, 0xeb84a7, 0x2849},
    {0xeb84a9, 0xeb84ab, 0x284b},
    {0xeb84ad, 0xeb84b3, 0x284e},
    {0xeb84b4, 0xeb84b5, 0x592},
    {0xeb84b7, 0xeb84b9, 0x594},
    {0xeb84ba, 0xeb84bf, 0x2856},
    {0xeb8580, 0xeb8581, 0x597},
    {0xeb8582, 0xeb8583, 0x285c},
    {0xeb8585, 0xeb8587, 0x285e},
    {0xeb8589, 0xeb858f, 0x2861},
    {0xeb8590, 0xeb8591, 0x59b},
    {0xeb8592, 0xeb8593, 0x2868},
    {0xeb8594, 0xeb8595, 0x59d},
    {0xeb8596, 0xeb8597, 0x286a},
    {0xeb8599, 0xeb859b, 0x286c},
    {0xeb859d, 0xeb859f, 0x286f},
    {0xeb85a1, 0xeb85b7, 0x2872},
    {0xeb85b8, 0xeb85b9, 0x5a2},
    {0xeb85ba, 0xeb85bb, 0x2889},
    {0xeb85bd, 0xeb85bf, 0x288b},
    {0xeb8683, 0xeb8687, 0x288f},
    {0xeb8688, 0xeb8689, 0x5a7},
    {0xeb868e, 0xeb8691, 0x2896},
    {0xeb8692, 0xeb8694, 0x5ab},
    {0xeb8695, 0xeb8697, 0x289a},
    {0xeb8699, 0xeb869b, 0x289d},
    {0xeb869d, 0xeb86a7, 0x28a0},
    {0xeb86a9, 0xeb86bf, 0x28ab},
    {0xeb8780, 0xeb878b, 0x28c2},
    {0xeb878d, 0xeb878f, 0x28ce},
    {0xeb8791, 0xeb8793, 0x28d1},
    {0xeb8795, 0xeb879b, 0x28d4},
    {0xeb879c, 0xeb879d, 0x5b4},
    {0xeb87a0, 0xeb87a7, 0x28dc},
    {0xeb87a8, 0xeb87a9, 0x5b7},
    {0xeb87aa, 0xeb87ab, 0x28e4},
    {0xeb87ad, 0xeb87af, 0x28e6},
    {0xeb87b1, 0xeb87b8, 0x28e9},
    {0xeb87be, 0xeb87bf, 0x28f3},
    {0xeb8880, 0xeb8883, 0x28f5},
    {0xeb8884, 0xeb8885, 0x5be},
    {0xeb8886, 0xeb8887, 0x28f9},
    {0xeb8889, 0xeb888a, 0x28fb},
    {0xeb888b, 0xeb888c, 0x5c1},
    {0xeb888d, 0xeb8893, 0x28fd},
    {0xeb8894, 0xeb8895, 0x5c3},
    {0xeb889a, 0xeb889f, 0x2906},
    {0xeb88a1, 0xeb88b3, 0x290c},
    {0xeb88b5, 0xeb88bb, 0x291f},
    {0xeb88bd, 0xeb88bf, 0x2926},
    {0xeb8980, 0xeb8997, 0x2929},
    {0xeb8999, 0xeb899b, 0x2941},
    {0xeb899d, 0xeb899f, 0x2944},
    {0xeb89a1, 0xeb89a7, 0x2947},
    {0xeb89a8, 0xeb89a9, 0x5cd},
    {0xeb89aa, 0xeb89b3, 0x294e},
    {0xeb89b4, 0xeb89b5, 0x5cf},
    {0xeb89b6, 0xeb89bb, 0x2958},
    {0xeb89bd, 0xeb89bf, 0x295e},
    {0xeb8a80, 0xeb8a83, 0x2961},
    {0xeb8a84, 0xeb8a85, 0x5d2},
    {0xeb8a86, 0xeb8a88, 0x2965},
    {0xeb8a8a, 0xeb8a8f, 0x2968},
    {0xeb8a90, 0xeb8a91, 0x5d5},
    {0xeb8a92, 0xeb8a93, 0x296e},
    {0xeb8a95, 0xeb8a97, 0x2970},
    {0xeb8a98, 0xeb8a9a, 0x5d8},
    {0xeb8a9b, 0xeb8a9f, 0x2973},
    {0xeb8aa0, 0xeb8aa1, 0x5db},
    {0xeb8aa5, 0xeb8aa6, 0x5de},
    {0xeb8aa7, 0xeb8aa9, 0x297a},
    {0xeb8aad, 0xeb8aaf, 0x297e},
    {0xeb8ab1, 0xeb8ab3, 0x2981},
    {0xeb8ab5, 0xeb8abf, 0x2984},
    {0xeb8b80, 0xeb8b87, 0x298f},
    {0xeb8b88, 0xeb8b89, 0x5e4},
    {0xeb8b8a, 0xeb8b8b, 0x2997},
    {0xeb8b8d, 0xeb8b8f, 0x2999},
    {0xeb8b93, 0xeb8b97, 0x299d},
    {0xeb8b98, 0xeb8b99, 0x5e9},
    {0xeb8b9e, 0xeb8ba1, 0x29a4},
    {0xeb8ba4, 0xeb8ba6, 0x5ee},
    {0xeb8ba9, 0xeb8baa, 0x29aa},
    {0xeb8bab, 0xeb8baf, 0x5f2},
    {0xeb8bb0, 0xeb8bb2, 0x29ac},
    {0xeb8bb3, 0xeb8bb5, 0x5f7},
    {0xeb8bb7, 0xeb8bbb, 0x5fa},
    {0xeb8bbc, 0xeb8bbe, 0x29b0},
    {0xeb8c80, 0xeb8c81, 0x600},
    {0xeb8c82, 0xeb8c83, 0x29b3},
    {0xeb8c85, 0xeb8c87, 0x29b5},
    {0xeb8c89, 0xeb8c8f, 0x29b8},
    {0xeb8c90, 0xeb8c91, 0x604},
    {0xeb8c93, 0xeb8c95, 0x606},
    {0xeb8c96, 0xeb8c9b, 0x29c0},
    {0xeb8c9d, 0xeb8cbf, 0x29c6},
    {0xeb8d80, 0xeb8d93, 0x29e9},
    {0xeb8d94, 0xeb8d96, 0x60a},
    {0xeb8d99, 0xeb8d9a, 0x29fe},
    {0xeb8d9b, 0xeb8d9c, 0x60e},
    {0xeb8d9e, 0xeb8d9f, 0x610},
    {0xeb8da0, 0xeb8da3, 0x2a01},
    {0xeb8da4, 0xeb8da5, 0x612},
    {0xeb8dac, 0xeb8dad, 0x2a08},
    {0xeb8db0, 0xeb8db1, 0x618},
    {0xeb8db2, 0xeb8db3, 0x2a0b},
    {0xeb8db5, 0xeb8db7, 0x2a0d},
    {0xeb8db9, 0xeb8dbf, 0x2a10},
    {0xeb8e80, 0xeb8e81, 0x61c},
    {0xeb8e83, 0xeb8e85, 0x61e},
    {0xeb8e86, 0xeb8e8b, 0x2a18},
    {0xeb8e8d, 0xeb8e8f, 0x2a1e},
    {0xeb8e91, 0xeb8e93, 0x2a21},
    {0xeb8e95, 0xeb8e9f, 0x2a24},
    {0xeb8ea0, 0xeb8ea1, 0x624},
    {0xeb8ea2, 0xeb8ea7, 0x2a2f},
    {0xeb8ea9, 0xeb8eab, 0x2a35},
    {0xeb8ead, 0xeb8ebf, 0x2a38},
    {0xeb8f80, 0xeb8f83, 0x2a4b},
    {0xeb8f84, 0xeb8f85, 0x628},
    {0xeb8f86, 0xeb8f87, 0x2a4f},
    {0xeb8f89, 0xeb8f8a, 0x2a51},
    {0xeb8f8b, 0xeb8f8c, 0x62b},
    {0xeb8f91, 0xeb8f93, 0x2a55},
    {0xeb8f94, 0xeb8f95, 0x62f},
    {0xeb8f9e, 0xeb8f9f, 0x2a5c},
    {0xeb8fa1, 0xeb8fa3, 0x2a5e},
    {0xeb8fa5, 0xeb8fa7, 0x2a61},
    {0xeb8fa9, 0xeb8fbb, 0x2a64},
    {0xeb8fbd, 0xeb8fbf, 0x2a77},
    {0xeb9080, 0xeb908f, 0x2a7a},
    {0xeb9091, 0xeb9097, 0x2a8a},
    {0xeb9099, 0xeb909b, 0x2a91},
    {0xeb909d, 0xeb909f, 0x2a94},
    {0xeb90a1, 0xeb90a7, 0x2a97},
    {0xeb90a8, 0xeb90a9, 0x63d},
    {0xeb90ac, 0xeb90b3, 0x2a9f},
    {0xeb90b5, 0xeb90bf, 0x2aa7},
    {0xeb9180, 0xeb918f, 0x2ab2},
    {0xeb9190, 0xeb9191, 0x641},
    {0xeb9192, 0xeb9193, 0x2ac2},
    {0xeb9195, 0xeb9197, 0x2ac4},
    {0xeb9199, 0xeb919f, 0x2ac7},
    {0xeb91a0, 0xeb91a1, 0x645},
    {0xeb91a6, 0xeb91ab, 0x2ad0},
    {0xeb91ad, 0xeb91bf, 0x2ad6},
    {0xeb9281, 0xeb9287, 0x2ae9},
    {0xeb9289, 0xeb929c, 0x2af0},
    {0xeb929e, 0xeb92a3, 0x2b04},
    {0xeb92a5, 0xeb92a7, 0x2b0a},
    {0xeb92a9, 0xeb92ab, 0x2b0d},
    {0xeb92ad, 0xeb92b4, 0x2b10},
    {0xeb92ba, 0xeb92bf, 0x2b1a},
    {0xeb9381, 0xeb9383, 0x2b20},
    {0xeb9385, 0xeb9387, 0x2b23},
    {0xeb9389, 0xeb938f, 0x2b26},
    {0xeb9391, 0xeb9394, 0x2b2d},
    {0xeb9396, 0xeb939b, 0x2b31},
    {0xeb939c, 0xeb939d, 0x658},
    {0xeb939e, 0xeb939f, 0x2b37},
    {0xeb93a1, 0xeb93a2, 0x2b39},
    {0xeb93a3, 0xeb93a4, 0x65b},
    {0xeb93a7, 0xeb93ab, 0x2b3c},
    {0xeb93ac, 0xeb93ad, 0x65e},
    {0xeb93b2, 0xeb93b7, 0x2b43},
    {0xeb93b9, 0xeb93bf, 0x2b49},
    {0xeb9480, 0xeb9493, 0x2b50},
    {0xeb9494, 0xeb9495, 0x663},
    {0xeb9496, 0xeb9497, 0x2b64},
    {0xeb9499, 0xeb949a, 0x2b66},
    {0xeb949b, 0xeb949c, 0x666},
    {0xeb949d, 0xeb94a3, 0x2b68},
    {0xeb94a4, 0xeb94a5, 0x668},
    {0xeb94a7, 0xeb94aa, 0x66a},
    {0xeb94ab, 0xeb94af, 0x2b70},
    {0xeb94b0, 0xeb94b1, 0x66e},
    {0xeb94b2, 0xeb94b3, 0x2b75},
    {0xeb94b5, 0xeb94b7, 0x2b77},
    {0xeb94b9, 0xeb94bf, 0x2b7a},
    {0xeb9580, 0xeb9581, 0x672},
    {0xeb9583, 0xeb9585, 0x674},
    {0xeb9586, 0xeb958a, 0x2b82},
    {0xeb958b, 0xeb958d, 0x677},
    {0xeb958e, 0xeb958f, 0x2b87},
    {0xeb9591, 0xeb9593, 0x2b89},
    {0xeb9595, 0xeb959b, 0x2b8c},
    {0xeb959c, 0xeb959d, 0x67c},
    {0xeb959f, 0xeb95a1, 0x67e},
    {0xeb95a2, 0xeb95bf, 0x2b94},
    {0xeb9680, 0xeb969f, 0x2bb2},
    {0xeb96a0, 0xeb96a1, 0x681},
    {0xeb96a2, 0xeb96a3, 0x2bd2},
    {0xeb96a5, 0xeb96a7, 0x2bd4},
    {0xeb96aa, 0xeb96ab, 0x685},
    {0xeb96ac, 0xeb96af, 0x2bd8},
    {0xeb96b0, 0xeb96b1, 0x687},
    {0xeb96b3, 0xeb96b5, 0x689},
    {0xeb96b6, 0xeb96ba, 0x2bdd},
    {0xeb96bb, 0xeb96bd, 0x68c},
    {0xeb96be, 0xeb96bf, 0x2be2},
    {0xeb9781, 0xeb9783, 0x2be4},
    {0xeb9785, 0xeb978b, 0x2be7},
    {0xeb978c, 0xeb978d, 0x691},
    {0xeb978f, 0xeb9791, 0x693},
    {0xeb9792, 0xeb9797, 0x2bef},
    {0xeb9799, 0xeb97ab, 0x2bf5},
    {0xeb97ad, 0xeb97bf, 0x2c08},
    {0xeb9880, 0xeb988f, 0x2c1b},
    {0xeb9890, 0xeb9891, 0x698},
    {0xeb9892, 0xeb9893, 0x2c2b},
    {0xeb9895, 0xeb9897, 0x2c2d},
    {0xeb9899, 0xeb98a4, 0x2c30},
    {0xeb98a6, 0xeb98ab, 0x2c3c},
    {0xeb98ad, 0xeb98b3, 0x2c42},
    {0xeb98b5, 0xeb98bf, 0x2c49},
    {0xeb9980, 0xeb9987, 0x2c54},
    {0xeb9989, 0xeb99a3, 0x2c5c},
    {0xeb99a5, 0xeb99a7, 0x2c77},
    {0xeb99a9, 0xeb99bf, 0x2c7a},
    {0xeb9a80, 0xeb9a9b, 0x2c91},
    {0xeb9a9c, 0xeb9a9d, 0x6a2},
    {0xeb9a9e, 0xeb9a9f, 0x2cad},
    {0xeb9aa1, 0xeb9aa3, 0x2caf},
    {0xeb9aa5, 0xeb9aaa, 0x2cb2},
    {0xeb9aab, 0xeb9aac, 0x6a6},
    {0xeb9aad, 0xeb9ab0, 0x2cb8},
    {0xeb9ab2, 0xeb9abf, 0x2cbc},
    {0xeb9b80, 0xeb9b93, 0x2cca},
    {0xeb9b95, 0xeb9baf, 0x2cde},
    {0xeb9bb1, 0xeb9bb3, 0x2cf9},
    {0xeb9bb5, 0xeb9bb7, 0x2cfc},
    {0xeb9bb9, 0xeb9bbf, 0x2cff},
    {0xeb9c80, 0xeb9c81, 0x6ad},
    {0xeb9c82, 0xeb9c84, 0x2d06},
    {0xeb9c86, 0xeb9ca7, 0x2d09},
    {0xeb9ca8, 0xeb9ca9, 0x6b0},
    {0xeb9caa, 0xeb9cab, 0x2d2b},
    {0xeb9cad, 0xeb9cae, 0x2d2d},
    {0xeb9caf, 0xeb9cb0, 0x6b3},
    {0xeb9cb1, 0xeb9cb7, 0x2d2f},
    {0xeb9cb8, 0xeb9cb9, 0x6b5},
    {0xeb9cbc, 0xeb9cbf, 0x2d37},
    {0xeb9d80, 0xeb9d83, 0x2d3b},
    {0xeb9d85, 0xeb9d87, 0x2d3f},
    {0xeb9d89, 0xeb9d8b, 0x2d42},
    {0xeb9d8d, 0xeb9d93, 0x2d45},
    {0xeb9d94, 0xeb9d95, 0x6bb},
    {0xeb9d96, 0xeb9d9f, 0x2d4c},
    {0xeb9da1, 0xeb9da3, 0x2d56},
    {0xeb9da5, 0xeb9da7, 0x2d59},
    {0xeb9da9, 0xeb9daf, 0x2d5c},
    {0xeb9db0, 0xeb9db1, 0x6c0},
    {0xeb9db6, 0xeb9dbb, 0x2d65},
    {0xeb9dbc, 0xeb9dbd, 0x6c4},
    {0xeb9dbe, 0xeb9dbf, 0x2d6b},
    {0xeb9e81, 0xeb9e83, 0x2d6d},
    {0xeb9e85, 0xeb9e8b, 0x2d70},
    {0xeb9e8c, 0xeb9e8d, 0x6c8},
    {0xeb9e8f, 0xeb9e92, 0x6ca},
    {0xeb9e93, 0xeb9e95, 0x2d78},
    {0xeb9e96, 0xeb9e99, 0x6ce},
    {0xeb9e9a, 0xeb9e9b, 0x2d7b},
    {0xeb9e9d, 0xeb9e9f, 0x2d7d},
    {0xeb9ea1, 0xeb9ea7, 0x2d80},
    {0xeb9ea8, 0xeb9ea9, 0x6d4},
    {0xeb9eab, 0xeb9ead, 0x6d6},
    {0xeb9eae, 0xeb9eb3, 0x2d88},
    {0xeb9eb4, 0xeb9eb5, 0x6d9},
    {0xeb9eb6, 0xeb9eb7, 0x2d8e},
    {0xeb9eb9, 0xeb9ebf, 0x2d90},
    {0xeb9f80, 0xeb9f86, 0x2d97},
    {0xeb9f8a, 0xeb9fab, 0x2d9f},
    {0xeb9fac, 0xeb9fad, 0x6de},
    {0xeb9fae, 0xeb9faf, 0x2dc1},
    {0xeb9fb1, 0xeb9fb3, 0x2dc3},
    {0xeb9fb5, 0xeb9fbb, 0x2dc6},
    {0xeb9fbc, 0xeb9fbd, 0x6e2},
    {0xeba080, 0xeba081, 0x6e5},
    {0xeba082, 0xeba086, 0x2dce},
    {0xeba087, 0xeba089, 0x6e7},
    {0xeba08a, 0xeba08b, 0x2dd3},
    {0xeba08d, 0xeba08f, 0x2dd5},
    {0xeba091, 0xeba097, 0x2dd8},
    {0xeba098, 0xeba099, 0x6ec},
    {0xeba09e, 0xeba0a3, 0x2de1},
    {0xeba0a4, 0xeba0a5, 0x6f0},
    {0xeba0a6, 0xeba0a7, 0x2de7},
    {0xeba0a9, 0xeba0ab, 0x2de9},
    {0xeba0ad, 0xeba0b3, 0x2dec},
    {0xeba0b4, 0xeba0b5, 0x6f4},
    {0xeba0b7, 0xeba0b9, 0x6f6},
    {0xeba0ba, 0xeba0bf, 0x2df4},
    {0xeba181, 0xeba183, 0x2dfa},
    {0xeba185, 0xeba190, 0x2dfd},
    {0xeba194, 0xeba19b, 0x2e0a},
    {0xeba19c, 0xeba19d, 0x6fd},
    {0xeba19e, 0xeba19f, 0x2e12},
    {0xeba1a1, 0xeba1a3, 0x2e14},
    {0xeba1a5, 0xeba1ab, 0x2e17},
    {0xeba1ac, 0xeba1ad, 0x701},
    {0xeba1b2, 0xeba1b7, 0x2e20},
    {0xeba1b9, 0xeba1bb, 0x2e26},
    {0xeba1bd, 0xeba1bf, 0x2e29},
    {0xeba280, 0xeba28c, 0x2e2c},
    {0xeba28e, 0xeba2a7, 0x2e39},
    {0xeba2a9, 0xeba2af, 0x2e53},
    {0xeba2b1, 0xeba2b3, 0x2e5a},
    {0xeba2b5, 0xeba2b7, 0x2e5d},
    {0xeba2b9, 0xeba2bf, 0x2e60},
    {0xeba380, 0xeba381, 0x70c},
    {0xeba386, 0xeba38b, 0x2e69},
    {0xeba38d, 0xeba38f, 0x2e6f},
    {0xeba391, 0xeba393, 0x2e72},
    {0xeba395, 0xeba39c, 0x2e75},
    {0xeba3a2, 0xeba3a7, 0x2e7f},
    {0xeba3a8, 0xeba3a9, 0x716},
    {0xeba3aa, 0xeba3ab, 0x2e85},
    {0xeba3ad, 0xeba3af, 0x2e87},
    {0xeba3b1, 0xeba3b7, 0x2e8a},
    {0xeba3b8, 0xeba3b9, 0x71a},
    {0xeba3be, 0xeba3bf, 0x2e93},
    {0xeba480, 0xeba483, 0x2e95},
    {0xeba485, 0xeba497, 0x2e99},
    {0xeba499, 0xeba49f, 0x2eac},
    {0xeba4a1, 0xeba4bb, 0x2eb3},
    {0xeba4bc, 0xeba4bd, 0x721},
    {0xeba4be, 0xeba4bf, 0x2ece},
    {0xeba581, 0xeba583, 0x2ed0},
    {0xeba585, 0xeba58b, 0x2ed3},
    {0xeba58d, 0xeba58e, 0x2eda},
    {0xeba592, 0xeba597, 0x2edd},
    {0xeba598, 0xeba599, 0x728},
    {0xeba59a, 0xeba59b, 0x2ee3},
    {0xeba59d, 0xeba59f, 0x2ee5},
    {0xeba5a1, 0xeba5a7, 0x2ee8},
    {0xeba5a8, 0xeba5a9, 0x72c},
    {0xeba5ae, 0xeba5b3, 0x2ef1},
    {0xeba5b4, 0xeba5b5, 0x730},
    {0xeba5b6, 0xeba5b7, 0x2ef7},
    {0xeba5b9, 0xeba5bb, 0x2ef9},
    {0xeba5bd, 0xeba5bf, 0x2efc},
    {0xeba680, 0xeba683, 0x2eff},
    {0xeba684, 0xeba685, 0x734},
    {0xeba689, 0xeba68a, 0x737},
    {0xeba68b, 0xeba68c, 0x2f05},
    {0xeba68d, 0xeba68e, 0x739},
    {0xeba68f, 0xeba6ab, 0x2f07},
    {0xeba6ac, 0xeba6ad, 0x73b},
    {0xeba6ae, 0xeba6af, 0x2f24},
    {0xeba6b1, 0xeba6b3, 0x2f26},
    {0xeba6b5, 0xeba6bb, 0x2f29},
    {0xeba6bc, 0xeba6bd, 0x73f},
    {0xeba782, 0xeba787, 0x2f32},
    {0xeba788, 0xeba789, 0x743},
    {0xeba78a, 0xeba78b, 0x2f38},
    {0xeba78e, 0xeba792, 0x746},
    {0xeba793, 0xeba797, 0x2f3b},
    {0xeba798, 0xeba799, 0x74b},
    {0xeba79d, 0xeba79e, 0x74e},
    {0xeba79f, 0xeba7a0, 0x2f42},
    {0xeba7a3, 0xeba7a5, 0x751},
    {0xeba7a6, 0xeba7a7, 0x2f45},
    {0xeba7a9, 0xeba7ab, 0x2f47},
    {0xeba7ad, 0xeba7b3, 0x2f4a},
    {0xeba7b4, 0xeba7b5, 0x756},
    {0xeba7b7, 0xeba7ba, 0x758},
    {0xeba7bb, 0xeba7bf, 0x2f52},
    {0xeba880, 0xeba881, 0x75c},
    {0xeba882, 0xeba887, 0x2f57},
    {0xeba889, 0xeba894, 0x2f5d},
    {0xeba896, 0xeba8b7, 0x2f69},
    {0xeba8b8, 0xeba8b9, 0x760},
    {0xeba8ba, 0xeba8bb, 0x2f8b},
    {0xeba8bd, 0xeba8bf, 0x2f8d},
    {0xeba983, 0xeba987, 0x2f91},
    {0xeba988, 0xeba989, 0x765},
    {0xeba98d, 0xeba98e, 0x768},
    {0xeba98f, 0xeba992, 0x2f98},
    {0xeba993, 0xeba995, 0x76a},
    {0xeba996, 0xeba997, 0x2f9c},
    {0xeba999, 0xeba99b, 0x2f9e},
    {0xeba99d, 0xeba9a3, 0x2fa1},
    {0xeba9a4, 0xeba9a5, 0x76f},
    {0xeba9a7, 0xeba9a9, 0x771},
    {0xeba9aa, 0xeba9af, 0x2fa9},
    {0xeba9b0, 0xeba9b1, 0x774},
    {0xeba9b2, 0xeba9b3, 0x2faf},
    {0xeba9b5, 0xeba9b7, 0x2fb1},
    {0xeba9b9, 0xeba9bf, 0x2fb4},
    {0xebaa80, 0xebaa82, 0x2fbb},
    {0xebaa83, 0xebaa85, 0x778},
    {0xebaa88, 0xebaa8b, 0x2fbf},
    {0xebaa8d, 0xebaaa7, 0x2fc3},
    {0xebaaa8, 0xebaaa9, 0x77d},
    {0xebaaab, 0xebaaac, 0x77f},
    {0xebaaad, 0xebaaaf, 0x2fdf},
    {0xebaab3, 0xebaab7, 0x2fe3},
    {0xebaab8, 0xebaab9, 0x783},
    {0xebaabe, 0xebaabf, 0x2fea},
    {0xebab80, 0xebab83, 0x2fec},
    {0xebab85, 0xebab87, 0x2ff0},
    {0xebab89, 0xebab97, 0x2ff3},
    {0xebab98, 0xebab99, 0x789},
    {0xebab9a, 0xebabbb, 0x3002},
    {0xebabbd, 0xebabbf, 0x3024},
    {0xebac81, 0xebac83, 0x3027},
    {0xebac85, 0xebac8c, 0x302a},
    {0xebac92, 0xebac97, 0x3034},
    {0xebac99, 0xebac9b, 0x303a},
    {0xebac9d, 0xebac9f, 0x303d},
    {0xebaca1, 0xebaca8, 0x3040},
    {0xebacac, 0xebacb3, 0x3049},
    {0xebacb4, 0xebacb6, 0x796},
    {0xebacb9, 0xebacba, 0x3052},
    {0xebacbb, 0xebacbe, 0x79a},
    {0xebad80, 0xebad83, 0x3055},
    {0xebad84, 0xebad85, 0x79e},
    {0xebad8a, 0xebad8c, 0x305b},
    {0xebad8f, 0xebad90, 0x7a3},
    {0xebad91, 0xebad93, 0x305f},
    {0xebad95, 0xebad97, 0x3062},
    {0xebad99, 0xebada0, 0x3065},
    {0xebada4, 0xebadab, 0x306e},
    {0xebadad, 0xebadbf, 0x3076},
    {0xebae80, 0xebae87, 0x3089},
    {0xebae89, 0xebae8b, 0x3091},
    {0xebae8d, 0xebae8f, 0x3094},
    {0xebae91, 0xebaea3, 0x3097},
    {0xebaea5, 0xebaea7, 0x30aa},
    {0xebaea9, 0xebaeab, 0x30ad},
    {0xebaead, 0xebaeb3, 0x30b0},
    {0xebaeb5, 0xebaeb6, 0x30b7},
    {0xebaeb8, 0xebaebf, 0x30b9},
    {0xebaf81, 0xebaf83, 0x30c1},
    {0xebaf85, 0xebaf87, 0x30c4},
    {0xebaf89, 0xebaf8f, 0x30c7},
    {0xebaf91, 0xebaf92, 0x30ce},
    {0xebaf94, 0xebafb7, 0x30d0},
    {0xebafb8, 0xebafb9, 0x7b7},
    {0xebafba, 0xebafbb, 0x30f4},
    {0xebafbd, 0xebafbe, 0x30f6},
    {0xebb083, 0xebb087, 0x30f9},
    {0xebb088, 0xebb089, 0x7bd},
    {0xebb08b, 0xebb08d, 0x7bf},
    {0xebb092, 0xebb093, 0x3101},
    {0xebb094, 0xebb098, 0x7c4},
    {0xebb099, 0xebb09a, 0x3103},
    {0xebb09b, 0xebb09f, 0x7c9},
    {0xebb0a0, 0xebb0a3, 0x3105},
    {0xebb0a4, 0xebb0a5, 0x7ce},
    {0xebb0aa, 0xebb0ac, 0x310b},
    {0xebb0ae, 0xebb0af, 0x310e},
    {0xebb0b0, 0xebb0b1, 0x7d3},
    {0xebb0b2, 0xebb0b3, 0x3110},
    {0xebb0b5, 0xebb0b7, 0x3112},
    {0xebb0b9, 0xebb0bf, 0x3115},
    {0xebb180, 0xebb181, 0x7d7},
    {0xebb183, 0xebb185, 0x7d9},
    {0xebb186, 0xebb188, 0x311d},
    {0xebb18a, 0xebb18b, 0x3120},
    {0xebb18c, 0xebb18d, 0x7dd},
    {0xebb18e, 0xebb18f, 0x3122},
    {0xebb191, 0xebb19c, 0x3124},
    {0xebb19e, 0xebb1bf, 0x3130},
    {0xebb280, 0xebb283, 0x3152},
    {0xebb284, 0xebb285, 0x7e1},
    {0xebb286, 0xebb287, 0x3156},
    {0xebb289, 0xebb28a, 0x3158},
    {0xebb28b, 0xebb28c, 0x7e4},
    {0xebb28f, 0xebb293, 0x315b},
    {0xebb294, 0xebb295, 0x7e7},
    {0xebb299, 0xebb29a, 0x7ea},
    {0xebb29b, 0xebb29f, 0x3162},
    {0xebb2a0, 0xebb2a1, 0x7ec},
    {0xebb2a2, 0xebb2a3, 0x3167},
    {0xebb2a5, 0xebb2a6, 0x3169},
    {0xebb2a7, 0xebb2a8, 0x7ef},
    {0xebb2a9, 0xebb2af, 0x316b},
    {0xebb2b0, 0xebb2b1, 0x7f1},
    {0xebb2b3, 0xebb2b5, 0x7f3},
    {0xebb2b6, 0xebb2bb, 0x3173},
    {0xebb2bc, 0xebb2bd, 0x7f6},
    {0xebb2be, 0xebb2bf, 0x3179},
    {0xebb381, 0xebb383, 0x317b},
    {0xebb385, 0xebb38c, 0x317e},
    {0xebb38f, 0xebb391, 0x7fb},
    {0xebb392, 0xebb394, 0x3187},
    {0xebb396, 0xebb397, 0x318a},
    {0xebb399, 0xebb39b, 0x318c},
    {0xebb39d, 0xebb3b3, 0x318f},
    {0xebb3b4, 0xebb3b6, 0x801},
    {0xebb3b9, 0xebb3bb, 0x31a7},
    {0xebb3bd, 0xebb3bf, 0x31aa},
    {0xebb480, 0xebb483, 0x31ad},
    {0xebb484, 0xebb485, 0x806},
    {0xebb48a, 0xebb48f, 0x31b3},
    {0xebb491, 0xebb493, 0x31b9},
    {0xebb495, 0xebb4a3, 0x31bc},
    {0xebb4a5, 0xebb4ab, 0x31cb},
    {0xebb4ad, 0xebb4bf, 0x31d2},
    {0xebb581, 0xebb587, 0x31e5},
    {0xebb588, 0xebb589, 0x80f},
    {0xebb58a, 0xebb58b, 0x31ec},
    {0xebb58d, 0xebb58f, 0x31ee},
    {0xebb591, 0xebb597, 0x31f1},
    {0xebb598, 0xebb599, 0x813},
    {0xebb59a, 0xebb5a3, 0x31f8},
    {0xebb5a5, 0xebb5a7, 0x3202},
    {0xebb5a9, 0xebb5bf, 0x3205},
    {0xebb680, 0xebb681, 0x817},
    {0xebb682, 0xebb683, 0x321c},
    {0xebb685, 0xebb686, 0x321e},
    {0xebb687, 0xebb68a, 0x81a},
    {0xebb68b, 0xebb68f, 0x3220},
    {0xebb690, 0xebb691, 0x81e},
    {0xebb696, 0xebb698, 0x3227},
    {0xebb699, 0xebb69a, 0x822},
    {0xebb69d, 0xebb6a3, 0x322b},
    {0xebb6a5, 0xebb6af, 0x3232},
    {0xebb6b1, 0xebb6b7, 0x323d},
    {0xebb6b9, 0xebb6bf, 0x3244},
    {0xebb780, 0xebb793, 0x324b},
    {0xebb794, 0xebb795, 0x828},
    {0xebb796, 0xebb797, 0x325f},
    {0xebb799, 0xebb79b, 0x3261},
    {0xebb79d, 0xebb7a8, 0x3264},
    {0xebb7aa, 0xebb7af, 0x3270},
    {0xebb7b1, 0xebb7b3, 0x3276},
    {0xebb7b5, 0xebb7b7, 0x3279},
    {0xebb7b9, 0xebb7bf, 0x327c},
    {0xebb881, 0xebb882, 0x3283},
    {0xebb886, 0xebb88b, 0x3286},
    {0xebb88c, 0xebb88d, 0x833},
    {0xebb88e, 0xebb88f, 0x328c},
    {0xebb891, 0xebb893, 0x328e},
    {0xebb895, 0xebb89b, 0x3291},
    {0xebb89c, 0xebb89d, 0x837},
    {0xebb8a0, 0xebb8bf, 0x3299},
    {0xebb980, 0xebb983, 0x32b9},
    {0xebb984, 0xebb985, 0x83a},
    {0xebb986, 0xebb987, 0x32bd},
    {0xebb989, 0xebb98b, 0x32bf},
    {0xebb98f, 0xebb993, 0x32c3},
    {0xebb994, 0xebb995, 0x83f},
    {0xebb999, 0xebb99b, 0x842},
    {0xebb99c, 0xebb99f, 0x32ca},
    {0xebb9a0, 0xebb9a1, 0x845},
    {0xebb9a2, 0xebb9a3, 0x32ce},
    {0xebb9a5, 0xebb9a7, 0x32d0},
    {0xebb9ab, 0xebb9af, 0x32d4},
    {0xebb9b0, 0xebb9b1, 0x84a},
    {0xebb9b3, 0xebb9b5, 0x84c},
    {0xebb9b6, 0xebb9ba, 0x32da},
    {0xebb9bb, 0xebb9bd, 0x84f},
    {0xebb9be, 0xebb9bf, 0x32df},
    {0xebba81, 0xebba83, 0x32e1},
    {0xebba85, 0xebba8b, 0x32e4},
    {0xebba8c, 0xebba8d, 0x854},
    {0xebba8f, 0xebba91, 0x856},
    {0xebba92, 0xebba97, 0x32ec},
    {0xebba98, 0xebba99, 0x859},
    {0xebba9a, 0xebbaa7, 0x32f2},
    {0xebbaa9, 0xebbabf, 0x3300},
    {0xebbb80, 0xebbb8f, 0x3317},
    {0xebbb90, 0xebbb91, 0x85c},
    {0xebbb92, 0xebbb93, 0x3327},
    {0xebbb95, 0xebbb96, 0x3329},
    {0xebbb97, 0xebbb98, 0x85f},
    {0xebbb99, 0xebbb9f, 0x332b},
    {0xebbba1, 0xebbba2, 0x3332},
    {0xebbba3, 0xebbba5, 0x862},
    {0xebbba6, 0xebbbab, 0x3334},
    {0xebbbad, 0xebbbbf, 0x333a},
    {0xebbc82, 0xebbc87, 0x334e},
    {0xebbc88, 0xebbc89, 0x867},
    {0xebbc8a, 0xebbc97, 0x3354},
    {0xebbc98, 0xebbc99, 0x869},
    {0xebbc9b, 0xebbc9d, 0x86b},
    {0xebbc9e, 0xebbcbf, 0x3363},
    {0xebbd80, 0xebbd81, 0x86e},
    {0xebbd82, 0xebbd83, 0x3385},
    {0xebbd85, 0xebbd87, 0x3387},
    {0xebbd89, 0xebbd8f, 0x338a},
    {0xebbd90, 0xebbd91, 0x872},
    {0xebbd92, 0xebbd94, 0x3391},
    {0xebbd96, 0xebbdbf, 0x3394},
    {0xebbe80, 0xebbe93, 0x33be},
    {0xebbe95, 0xebbeaf, 0x33d2},
    {0xebbeb1, 0xebbebf, 0x33ed},
    {0xebbf80, 0xebbf84, 0x33fc},
    {0xebbf86, 0xebbf8b, 0x3401},
    {0xebbf8c, 0xebbf8d, 0x878},
    {0xebbf8e, 0xebbf8f, 0x3407},
    {0xebbf91, 0xebbf93, 0x3409},
    {0xebbf95, 0xebbf9b, 0x340c},
    {0xebbf9d, 0xebbf9e, 0x3413},
    {0xebbfa2, 0xebbfbf, 0x3416},
    {0xec8080, 0xec80bb, 0x3434},
    {0xec80bd, 0xec80bf, 0x3470},
    {0xec8180, 0xec8190, 0x3473},
    {0xec8192, 0xec8197, 0x3484},
    {0xec8199, 0xec819b, 0x348a},
    {0xec819d, 0xec819f, 0x348d},
    {0xec81a1, 0xec81a7, 0x3490},
    {0xec81a8, 0xec81a9, 0x884},
    {0xec81aa, 0xec81bf, 0x3497},
    {0xec8280, 0xec828f, 0x34ad},
    {0xec8290, 0xec8291, 0x886},
    {0xec8292, 0xec8293, 0x34bd},
    {0xec8295, 0xec8297, 0x34bf},
    {0xec8299, 0xec829f, 0x34c2},
    {0xec82a0, 0xec82a1, 0x88a},
    {0xec82a6, 0xec82ab, 0x34cb},
    {0xec82ac, 0xec82ad, 0x88e},
    {0xec82af, 0xec82b0, 0x890},
    {0xec82b1, 0xec82b2, 0x34d2},
    {0xec82b3, 0xec82b6, 0x892},
    {0xec82b7, 0xec82bb, 0x34d4},
    {0xec82bc, 0xec82bd, 0x896},
    {0xec8380, 0xec8381, 0x899},
    {0xec8382, 0xec8384, 0x34da},
    {0xec8386, 0xec8387, 0x34dd},
    {0xec8388, 0xec8389, 0x89c},
    {0xec838a, 0xec838b, 0x34df},
    {0xec838d, 0xec838f, 0x34e1},
    {0xec8391, 0xec8397, 0x34e4},
    {0xec8398, 0xec8399, 0x8a0},
    {0xec839b, 0xec839d, 0x8a2},
    {0xec839e, 0xec83a3, 0x34ec},
    {0xec83a4, 0xec83a5, 0x8a5},
    {0xec83a6, 0xec83a7, 0x34f2},
    {0xec83a9, 0xec83ab, 0x34f4},
    {0xec83ad, 0xec83b3, 0x34f7},
    {0xec83b4, 0xec83b5, 0x8a9},
    {0xec83ba, 0xec83bf, 0x3500},
    {0xec8481, 0xec8483, 0x3506},
    {0xec8485, 0xec8487, 0x3509},
    {0xec8489, 0xec848f, 0x350c},
    {0xec8491, 0xec8494, 0x3513},
    {0xec8496, 0xec849b, 0x3517},
    {0xec849c, 0xec84a0, 0x8b2},
    {0xec84a1, 0xec84a2, 0x351d},
    {0xec84a3, 0xec84a4, 0x8b7},
    {0xec84a6, 0xec84a7, 0x8b9},
    {0xec84a8, 0xec84ab, 0x3520},
    {0xec84ac, 0xec84ad, 0x8bb},
    {0xec84af, 0xec84b1, 0x8bd},
    {0xec84b2, 0xec84b5, 0x3525},
    {0xec84b8, 0xec84b9, 0x8c1},
    {0xec84ba, 0xec84bb, 0x352a},
    {0xec84bd, 0xec84bf, 0x352c},
    {0xec8581, 0xec8587, 0x352f},
    {0xec8588, 0xec8589, 0x8c5},
    {0xec858b, 0xec858d, 0x8c7},
    {0xec858e, 0xec8593, 0x3537},
    {0xec8594, 0xec8595, 0x8ca},
    {0xec8596, 0xec8597, 0x353d},
    {0xec8599, 0xec859b, 0x353f},
    {0xec859d, 0xec85a3, 0x3542},
    {0xec85a4, 0xec85a5, 0x8ce},
    {0xec85a7, 0xec85a9, 0x8d0},
    {0xec85aa, 0xec85af, 0x354a},
    {0xec85b1, 0xec85b3, 0x3550},
    {0xec85b5, 0xec85b7, 0x3553},
    {0xec85b9, 0xec85bf, 0x3556},
    {0xec8680, 0xec8684, 0x355d},
    {0xec8686, 0xec868b, 0x3562},
    {0xec868c, 0xec868e, 0x8d7},
    {0xec8691, 0xec8693, 0x3569},
    {0xec8697, 0xec869b, 0x356d},
    {0xec869c, 0xec869d, 0x8dd},
    {0xec86a2, 0xec86a4, 0x3574},
    {0xec86a6, 0xec86a7, 0x3577},
    {0xec86a8, 0xec86a9, 0x8e2},
    {0xec86aa, 0xec86ab, 0x3579},
    {0xec86ad, 0xec86af, 0x357b},
    {0xec86b1, 0xec86bc, 0x357e},
    {0xec86be, 0xec86bf, 0x358a},
    {0xec8780, 0xec8783, 0x358c},
    {0xec8785, 0xec8787, 0x3590},
    {0xec8789, 0xec878b, 0x3593},
    {0xec878d, 0xec8793, 0x3596},
    {0xec8795, 0xec8796, 0x359d},
    {0xec8797, 0xec8798, 0x8eb},
    {0xec8799, 0xec879f, 0x359f},
    {0xec87a1, 0xec87a3, 0x35a6},
    {0xec87a5, 0xec87a7, 0x35a9},
    {0xec87a9, 0xec87af, 0x35ac},
    {0xec87b0, 0xec87b1, 0x8f0},
    {0xec87b4, 0xec87bb, 0x35b4},
    {0xec87bc, 0xec87bd, 0x8f3},
    {0xec87be, 0xec87bf, 0x35bc},
    {0xec8881, 0xec8883, 0x35be},
    {0xec8885, 0xec888b, 0x35c1},
    {0xec888c, 0xec888d, 0x8f7},
    {0xec8892, 0xec8897, 0x35ca},
    {0xec8898, 0xec8899, 0x8fb},
    {0xec889a, 0xec889b, 0x35d0},
    {0xec889d, 0xec889e, 0x35d2},
    {0xec889f, 0xec88a0, 0x8fe},
    {0xec88a1, 0xec88a7, 0x35d4},
    {0xec88a8, 0xec88a9, 0x900},
    {0xec88b1, 0xec88b2, 0x905},
    {0xec88b5, 0xec88bf, 0x35e0},
    {0xec8980, 0xec8987, 0x35eb},
    {0xec8989, 0xec898f, 0x35f3},
    {0xec8990, 0xec8991, 0x909},
    {0xec8992, 0xec8993, 0x35fa},
    {0xec8995, 0xec8997, 0x35fc},
    {0xec8999, 0xec899f, 0x35ff},
    {0xec89a1, 0xec89a4, 0x3606},
    {0xec89a6, 0xec89ab, 0x360a},
    {0xec89ac, 0xec89ad, 0x90f},
    {0xec89ae, 0xec89af, 0x3610},
    {0xec89b1, 0xec89b3, 0x3612},
    {0xec89b5, 0xec89bb, 0x3615},
    {0xec89bc, 0xec89bd, 0x913},
    {0xec8a82, 0xec8a87, 0x361e},
    {0xec8a88, 0xec8a89, 0x917},
    {0xec8a8a, 0xec8a8f, 0x3624},
    {0xec8a91, 0xec8a97, 0x362a},
    {0xec8a99, 0xec8a9a, 0x3631},
    {0xec8a9e, 0xec8aa3, 0x3634},
    {0xec8aa4, 0xec8aa5, 0x91d},
    {0xec8aa6, 0xec8aa7, 0x363a},
    {0xec8aa9, 0xec8aab, 0x363c},
    {0xec8aac, 0xec8aad, 0x920},
    {0xec8aae, 0xec8ab3, 0x363f},
    {0xec8ab4, 0xec8ab5, 0x922},
    {0xec8aba, 0xec8abf, 0x3647},
    {0xec8b80, 0xec8b9b, 0x364d},
    {0xec8b9c, 0xec8b9d, 0x926},
    {0xec8b9e, 0xec8b9f, 0x3669},
    {0xec8ba1, 0xec8ba2, 0x366b},
    {0xec8ba3, 0xec8ba4, 0x929},
    {0xec8ba5, 0xec8baa, 0x366d},
    {0xec8bab, 0xec8bad, 0x92b},
    {0xec8bb2, 0xec8bb5, 0x3675},
    {0xec8bb8, 0xec8bb9, 0x931},
    {0xec8bbb, 0xec8bbc, 0x933},
    {0xec8bbd, 0xec8bbf, 0x367b},
    {0xec8c81, 0xec8c87, 0x367e},
    {0xec8c88, 0xec8c89, 0x936},
    {0xec8c8a, 0xec8c8b, 0x3685},
    {0xec8c8c, 0xec8c8d, 0x938},
    {0xec8c8e, 0xec8c92, 0x3687},
    {0xec8c93, 0xec8c95, 0x93a},
    {0xec8c96, 0xec8c97, 0x368c},
    {0xec8c99, 0xec8c9b, 0x368e},
    {0xec8c9d, 0xec8ca3, 0x3691},
    {0xec8ca4, 0xec8ca5, 0x93f},
    {0xec8ca6, 0xec8ca7, 0x3698},
    {0xec8ca8, 0xec8ca9, 0x941},
    {0xec8caa, 0xec8cbf, 0x369a},
    {0xec8d80, 0xec8d84, 0x36b0},
    {0xec8d86, 0xec8da7, 0x36b5},
    {0xec8da8, 0xec8da9, 0x944},
    {0xec8daa, 0xec8dab, 0x36d7},
    {0xec8dad, 0xec8daf, 0x36d9},
    {0xec8db3, 0xec8db7, 0x36dd},
    {0xec8db8, 0xec8db9, 0x949},
    {0xec8dba, 0xec8dbb, 0x36e2},
    {0xec8dbc, 0xec8dbd, 0x94b},
    {0xec8dbe, 0xec8dbf, 0x36e4},
    {0xec8e80, 0xec8e83, 0x36e6},
    {0xec8e85, 0xec8e87, 0x36ea},
    {0xec8e89, 0xec8e8b, 0x36ed},
    {0xec8e8d, 0xec8ebf, 0x36f0},
    {0xec8f81, 0xec8f97, 0x3723},
    {0xec8f98, 0xec8f99, 0x951},
    {0xec8f9a, 0xec8f9b, 0x373a},
    {0xec8f9d, 0xec8f9e, 0x373c},
    {0xec8f9f, 0xec8fa0, 0x954},
    {0xec8fa3, 0xec8fa7, 0x373f},
    {0xec8fa8, 0xec8fa9, 0x957},
    {0xec8faa, 0xec8fac, 0x3744},
    {0xec8fae, 0xec8fb3, 0x3747},
    {0xec8fb4, 0xec8fb5, 0x95a},
    {0xec8fb6, 0xec8fb7, 0x374d},
    {0xec8fb9, 0xec8fbf, 0x374f},
    {0xec9080, 0xec9087, 0x3756},
    {0xec9089, 0xec908f, 0x375e},
    {0xec9091, 0xec90a3, 0x3765},
    {0xec90a5, 0xec90ab, 0x3778},
    {0xec90ad, 0xec90af, 0x377f},
    {0xec90b1, 0xec90b3, 0x3782},
    {0xec90b5, 0xec90bb, 0x3785},
    {0xec90bc, 0xec90bd, 0x963},
    {0xec90be, 0xec90bf, 0x378c},
    {0xec9180, 0xec9187, 0x378e},
    {0xec9189, 0xec91a3, 0x3796},
    {0xec91a4, 0xec91a5, 0x966},
    {0xec91a6, 0xec91a7, 0x37b1},
    {0xec91a9, 0xec91ab, 0x37b3},
    {0xec91ad, 0xec91b3, 0x37b6},
    {0xec91b4, 0xec91b5, 0x96a},
    {0xec91b6, 0xec91b8, 0x37bd},
    {0xec91ba, 0xec91bf, 0x37c0},
    {0xec9281, 0xec9293, 0x37c6},
    {0xec9295, 0xec929b, 0x37d9},
    {0xec929d, 0xec92b7, 0x37e0},
    {0xec92b9, 0xec92bb, 0x37fb},
    {0xec92bd, 0xec92bf, 0x37fe},
    {0xec9380, 0xec93a8, 0x3801},
    {0xec93aa, 0xec93af, 0x382a},
    {0xec93b0, 0xec93b1, 0x973},
    {0xec93b2, 0xec93b3, 0x3830},
    {0xec93b5, 0xec93b7, 0x3832},
    {0xec93bb, 0xec93be, 0x3836},
    {0xec9480, 0xec9481, 0x979},
    {0xec9482, 0xec948b, 0x383a},
    {0xec948d, 0xec948f, 0x3844},
    {0xec9491, 0xec9493, 0x3847},
    {0xec9495, 0xec949b, 0x384a},
    {0xec949d, 0xec94a7, 0x3851},
    {0xec94a8, 0xec94a9, 0x97f},
    {0xec94aa, 0xec94ab, 0x385c},
    {0xec94ad, 0xec94af, 0x385e},
    {0xec94b1, 0xec94b7, 0x3861},
    {0xec94b8, 0xec94b9, 0x983},
    {0xec94be, 0xec94bf, 0x386a},
    {0xec9580, 0xec9583, 0x386c},
    {0xec9584, 0xec9585, 0x987},
    {0xec9586, 0xec9587, 0x3870},
    {0xec9588, 0xec958a, 0x989},
    {0xec958c, 0xec958e, 0x98c},
    {0xec958f, 0xec9592, 0x3873},
    {0xec9593, 0xec9595, 0x98f},
    {0xec9597, 0xec9599, 0x992},
    {0xec959a, 0xec959c, 0x3878},
    {0xec959d, 0xec959e, 0x995},
    {0xec95a0, 0xec95a1, 0x997},
    {0xec95a2, 0xec95a3, 0x387c},
    {0xec95a5, 0xec95a7, 0x387e},
    {0xec95a9, 0xec95af, 0x3881},
    {0xec95b0, 0xec95b1, 0x99b},
    {0xec95b3, 0xec95b5, 0x99d},
    {0xec95b6, 0xec95bb, 0x3889},
    {0xec95bc, 0xec95bd, 0x9a0},
    {0xec95be, 0xec95bf, 0x388f},
    {0xec9681, 0xec9683, 0x3891},
    {0xec9685, 0xec9686, 0x3894},
    {0xec9688, 0xec968b, 0x3896},
    {0xec968c, 0xec968d, 0x9a5},
    {0xec9692, 0xec9694, 0x389c},
    {0xec9697, 0xec9698, 0x9aa},
    {0xec9699, 0xec969b, 0x38a0},
    {0xec969d, 0xec969f, 0x38a3},
    {0xec96a1, 0xec96a8, 0x38a6},
    {0xec96aa, 0xec96b3, 0x38ae},
    {0xec96b4, 0xec96b5, 0x9af},
    {0xec96b6, 0xec96b7, 0x38b8},
    {0xec96b8, 0xec96b9, 0x9b1},
    {0xec96bb, 0xec96be, 0x9b3},
    {0xec9780, 0xec9783, 0x38bc},
    {0xec9784, 0xec978a, 0x9b7},
    {0xec9790, 0xec9791, 0x9c0},
    {0xec9792, 0xec9793, 0x38c3},
    {0xec9795, 0xec9797, 0x38c5},
    {0xec9799, 0xec979f, 0x38c8},
    {0xec97a0, 0xec97a1, 0x9c4},
    {0xec97a6, 0xec97ab, 0x38d1},
    {0xec97ac, 0xec97ae, 0x9c8},
    {0xec97b1, 0xec97b3, 0x38d8},
    {0xec97b6, 0xec97b7, 0x9cd},
    {0xec97b8, 0xec97bb, 0x38dc},
    {0xec97bc, 0xec97bf, 0x9cf},
    {0xec9880, 0xec9881, 0x9d3},
    {0xec9882, 0xec9884, 0x38e0},
    {0xec9885, 0xec9888, 0x9d5},
    {0xec9889, 0xec988b, 0x38e3},
    {0xec988d, 0xec988f, 0x38e6},
    {0xec9891, 0xec9897, 0x38e9},
    {0xec9898, 0xec9899, 0x9db},
    {0xec989b, 0xec989c, 0x9dd},
    {0xec989d, 0xec98a3, 0x38f1},
    {0xec98a4, 0xec98a5, 0x9df},
    {0xec98a6, 0xec98a7, 0x38f8},
    {0xec98a9, 0xec98ab, 0x38fa},
    {0xec98ac, 0xec98ae, 0x9e2},
    {0xec98b1, 0xec98b2, 0x38fe},
    {0xec98b3, 0xec98b5, 0x9e6},
    {0xec98bc, 0xec98bf, 0x3903},
    {0xec9980, 0xec9981, 0x9ec},
    {0xec9982, 0xec9983, 0x3907},
    {0xec9985, 0xec9987, 0x3909},
    {0xec9989, 0xec998f, 0x390c},
    {0xec9990, 0xec9991, 0x9f0},
    {0xec9993, 0xec9995, 0x9f2},
    {0xec9996, 0xec999b, 0x3914},
    {0xec999c, 0xec999d, 0x9f5},
    {0xec999e, 0xec999f, 0x391a},
    {0xec99a1, 0xec99ab, 0x391c},
    {0xec99ad, 0xec99ae, 0x3927},
    {0xec99b2, 0xec99b7, 0x392a},
    {0xec99b8, 0xec99b9, 0x9fb},
    {0xec99ba, 0xec99bb, 0x3930},
    {0xec99bd, 0xec99bf, 0x3932},
    {0xec9a81, 0xec9a87, 0x3935},
    {0xec9a88, 0xec9a89, 0x9ff},
    {0xec9a8e, 0xec9a93, 0x393e},
    {0xec9a94, 0xec9a95, 0xa03},
    {0xec9a96, 0xec9a97, 0x3944},
    {0xec9a99, 0xec9a9b, 0x3946},
    {0xec9a9d, 0xec9aa3, 0x3949},
    {0xec9aa4, 0xec9aa5, 0xa07},
    {0xec9aaa, 0xec9aaf, 0x3952},
    {0xec9ab0, 0xec9ab1, 0xa0b},
    {0xec9ab2, 0xec9ab3, 0x3958},
    {0xec9ab5, 0xec9ab7, 0x395a},
    {0xec9ab8, 0xec9aba, 0xa0e},
    {0xec9abb, 0xec9abf, 0x395d},
    {0xec9b80, 0xec9b81, 0xa11},
    {0xec9b86, 0xec9b8b, 0x3964},
    {0xec9b8c, 0xec9b8d, 0xa15},
    {0xec9b8e, 0xec9b8f, 0x396a},
    {0xec9b91, 0xec9b93, 0x396c},
    {0xec9b95, 0xec9b9b, 0x396f},
    {0xec9b9c, 0xec9b9d, 0xa19},
    {0xec9b9e, 0xec9b9f, 0x3976},
    {0xec9ba0, 0xec9ba1, 0xa1b},
    {0xec9ba2, 0xec9ba7, 0x3978},
    {0xec9ba8, 0xec9ba9, 0xa1d},
    {0xec9baa, 0xec9bab, 0x397e},
    {0xec9bad, 0xec9baf, 0x3980},
    {0xec9bb1, 0xec9bb7, 0x3983},
    {0xec9bb8, 0xec9bb9, 0xa21},
    {0xec9bba, 0xec9bbc, 0x398a},
    {0xec9bbe, 0xec9bbf, 0x398d},
    {0xec9c80, 0xec9c83, 0x398f},
    {0xec9c84, 0xec9c85, 0xa24},
    {0xec9c86, 0xec9c87, 0x3993},
    {0xec9c89, 0xec9c8b, 0x3995},
    {0xec9c8d, 0xec9c93, 0x3998},
    {0xec9c94, 0xec9c95, 0xa28},
    {0xec9c9a, 0xec9c9f, 0x39a1},
    {0xec9ca0, 0xec9ca1, 0xa2c},
    {0xec9ca2, 0xec9ca3, 0x39a7},
    {0xec9ca5, 0xec9ca7, 0x39a9},
    {0xec9ca9, 0xec9caf, 0x39ac},
    {0xec9cb0, 0xec9cb1, 0xa30},
    {0xec9cb8, 0xec9cbb, 0x39b6},
    {0xec9cbc, 0xec9cbd, 0xa35},
    {0xec9cbe, 0xec9cbf, 0x39ba},
    {0xec9d81, 0xec9d83, 0x39bc},
    {0xec9d85, 0xec9d89, 0x39bf},
    {0xec9d8c, 0xec9d8d, 0xa3a},
    {0xec9d91, 0xec9d98, 0xa3d},
    {0xec9d99, 0xec9d9b, 0x39c7},
    {0xec9d9d, 0xec9d9f, 0x39ca},
    {0xec9da1, 0xec9da7, 0x39cd},
    {0xec9da9, 0xec9daa, 0x39d4},
    {0xec9dac, 0xec9db3, 0x39d6},
    {0xec9db4, 0xec9db5, 0xa49},
    {0xec9db6, 0xec9db7, 0x39de},
    {0xec9db9, 0xec9dbb, 0x39e0},
    {0xec9dbc, 0xec9dbe, 0xa4c},
    {0xec9e80, 0xec9e82, 0x39e4},
    {0xec9e83, 0xec9e85, 0xa4f},
    {0xec9e87, 0xec9e8a, 0xa52},
    {0xec9e8b, 0xec9e8d, 0x39e8},
    {0xec9e90, 0xec9e91, 0xa57},
    {0xec9e92, 0xec9e93, 0x39ec},
    {0xec9e96, 0xec9e98, 0xa5a},
    {0xec9e9b, 0xec9e9f, 0x39f0},
    {0xec9ea0, 0xec9ea1, 0xa5e},
    {0xec9ea3, 0xec9ea6, 0xa60},
    {0xec9ea7, 0xec9eab, 0x39f6},
    {0xec9eac, 0xec9ead, 0xa64},
    {0xec9eae, 0xec9eaf, 0x39fb},
    {0xec9eb1, 0xec9eb3, 0x39fd},
    {0xec9eb5, 0xec9ebb, 0x3a00},
    {0xec9ebc, 0xec9ebd, 0xa68},
    {0xec9f80, 0xec9f81, 0xa6b},
    {0xec9f82, 0xec9f87, 0x3a08},
    {0xec9f88, 0xec9f89, 0xa6d},
    {0xec9f8a, 0xec9f8b, 0x3a0e},
    {0xec9f91, 0xec9f97, 0x3a12},
    {0xec9f99, 0xec9f9c, 0x3a19},
    {0xec9f9e, 0xec9fa3, 0x3a1d},
    {0xec9fa5, 0xec9fa7, 0x3a23},
    {0xec9fa9, 0xec9fab, 0x3a26},
    {0xec9fad, 0xec9fbf, 0x3a29},
    {0xeca080, 0xeca081, 0xa77},
    {0xeca082, 0xeca083, 0x3a3c},
    {0xeca085, 0xeca087, 0x3a3e},
    {0xeca08b, 0xeca08f, 0x3a42},
    {0xeca090, 0xeca091, 0xa7c},
    {0xeca095, 0xeca096, 0xa7f},
    {0xeca097, 0xeca09b, 0x3a49},
    {0xeca09c, 0xeca09d, 0xa81},
    {0xeca09e, 0xeca09f, 0x3a4e},
    {0xeca0a1, 0xeca0a3, 0x3a50},
    {0xeca0a5, 0xeca0ab, 0x3a53},
    {0xeca0ac, 0xeca0ad, 0xa85},
    {0xeca0b2, 0xeca0b7, 0x3a5c},
    {0xeca0b9, 0xeca0bb, 0x3a62},
    {0xeca0bd, 0xeca0bf, 0x3a65},
    {0xeca181, 0xeca187, 0x3a68},
    {0xeca188, 0xeca189, 0xa8c},
    {0xeca18a, 0xeca18b, 0x3a6f},
    {0xeca18c, 0xeca18d, 0xa8e},
    {0xeca18e, 0xeca193, 0x3a71},
    {0xeca195, 0xeca1af, 0x3a77},
    {0xeca1b0, 0xeca1b1, 0xa91},
    {0xeca1b2, 0xeca1b3, 0x3a92},
    {0xeca1b5, 0xeca1b7, 0x3a94},
    {0xeca1bb, 0xeca1bf, 0x3a98},
    {0xeca280, 0xeca281, 0xa96},
    {0xeca285, 0xeca287, 0xa99},
    {0xeca288, 0xeca28a, 0x3a9f},
    {0xeca28b, 0xeca28d, 0xa9c},
    {0xeca28e, 0xeca293, 0x3aa2},
    {0xeca295, 0xeca29c, 0x3aa8},
    {0xeca2a2, 0xeca2a7, 0x3ab2},
    {0xeca2a9, 0xeca2bb, 0x3ab8},
    {0xeca2bc, 0xeca2bd, 0xaa4},
    {0xeca2be, 0xeca2bf, 0x3acb},
    {0xeca380, 0xeca383, 0x3acd},
    {0xeca385, 0xeca387, 0x3ad1},
    {0xeca389, 0xeca38b, 0x3ad4},
    {0xeca38d, 0xeca393, 0x3ad7},
    {0xeca394, 0xeca395, 0xaa9},
    {0xeca39a, 0xeca39f, 0x3ae0},
    {0xeca3a0, 0xeca3a1, 0xaad},
    {0xeca3a2, 0xeca3a3, 0x3ae6},
    {0xeca3a5, 0xeca3b4, 0x3ae8},
    {0xeca3b6, 0xeca3bb, 0x3af8},
    {0xeca3bc, 0xeca3bd, 0xab1},
    {0xeca3be, 0xeca3bf, 0x3afe},
    {0xeca481, 0xeca483, 0x3b00},
    {0xeca484, 0xeca486, 0xab4},
    {0xeca487, 0xeca48b, 0x3b03},
    {0xeca48c, 0xeca48d, 0xab7},
    {0xeca492, 0xeca497, 0x3b0a},
    {0xeca499, 0xeca4ab, 0x3b10},
    {0xeca4ad, 0xeca4b3, 0x3b23},
    {0xeca4b5, 0xeca4bf, 0x3b2a},
    {0xeca580, 0xeca58f, 0x3b35},
    {0xeca590, 0xeca591, 0xabe},
    {0xeca592, 0xeca593, 0x3b45},
    {0xeca595, 0xeca597, 0x3b47},
    {0xeca599, 0xeca59f, 0x3b4a},
    {0xeca5a0, 0xeca5a1, 0xac2},
    {0xeca5a4, 0xeca5ab, 0x3b52},
    {0xeca5ad, 0xeca5af, 0x3b5a},
    {0xeca5b1, 0xeca5b3, 0x3b5d},
    {0xeca5b5, 0xeca5bb, 0x3b60},
    {0xeca5bd, 0xeca5bf, 0x3b67},
    {0xeca680, 0xeca687, 0x3b6a},
    {0xeca688, 0xeca689, 0xac9},
    {0xeca68a, 0xeca68b, 0x3b72},
    {0xeca68d, 0xeca68f, 0x3b74},
    {0xeca691, 0xeca697, 0x3b77},
    {0xeca698, 0xeca699, 0xacd},
    {0xeca69e, 0xeca6bf, 0x3b80},
    {0xeca780, 0xeca781, 0xad1},
    {0xeca782, 0xeca783, 0x3ba2},
    {0xeca785, 0xeca786, 0x3ba4},
    {0xeca787, 0xeca788, 0xad4},
    {0xeca78b, 0xeca78f, 0x3ba7},
    {0xeca790, 0xeca791, 0xad7},
    {0xeca795, 0xeca796, 0xada},
    {0xeca797, 0xeca798, 0x3bae},
    {0xeca799, 0xeca79a, 0xadc},
    {0xeca79c, 0xeca79d, 0xade},
    {0xeca79e, 0xeca79f, 0x3bb1},
    {0xeca7a5, 0xeca7a6, 0x3bb5},
    {0xeca7a8, 0xeca7ab, 0x3bb7},
    {0xeca7ac, 0xeca7ad, 0xae4},
    {0xeca7af, 0xeca7b1, 0xae6},
    {0xeca7b2, 0xeca7b7, 0x3bbc},
    {0xeca7b8, 0xeca7b9, 0xae9},
    {0xeca7ba, 0xeca7bb, 0x3bc2},
    {0xeca7bd, 0xeca7bf, 0x3bc4},
    {0xeca881, 0xeca887, 0x3bc7},
    {0xeca888, 0xeca889, 0xaed},
    {0xeca88b, 0xeca88d, 0xaef},
    {0xeca88e, 0xeca893, 0x3bcf},
    {0xeca895, 0xeca897, 0x3bd5},
    {0xeca899, 0xeca8a8, 0x3bd8},
    {0xeca8aa, 0xeca8bf, 0x3be8},
    {0xeca980, 0xeca98b, 0x3bfe},
    {0xeca98c, 0xeca98d, 0xaf5},
    {0xeca98e, 0xeca98f, 0x3c0a},
    {0xeca991, 0xeca993, 0x3c0c},
    {0xeca995, 0xeca99b, 0x3c0f},
    {0xeca99c, 0xeca99d, 0xaf9},
    {0xeca99f, 0xeca9a1, 0xafb},
    {0xeca9a2, 0xeca9a7, 0x3c17},
    {0xeca9a9, 0xeca9bc, 0x3c1d},
    {0xeca9be, 0xeca9bf, 0x3c31},
    {0xecaa80, 0xecaa83, 0x3c33},
    {0xecaa85, 0xecaa97, 0x3c37},
    {0xecaa99, 0xecaabb, 0x3c4a},
    {0xecaabc, 0xecaabd, 0xb02},
    {0xecaabe, 0xecaabf, 0x3c6d},
    {0xecab81, 0xecab83, 0x3c6f},
    {0xecab85, 0xecab8b, 0x3c72},
    {0xecab8c, 0xecab8d, 0xb06},
    {0xecab94, 0xecab97, 0x3c7c},
    {0xecab98, 0xecab99, 0xb0b},
    {0xecab9a, 0xecab9f, 0x3c80},
    {0xecaba1, 0xecabab, 0x3c86},
    {0xecabad, 0xecabb3, 0x3c91},
    {0xecabb5, 0xecabbf, 0x3c98},
    {0xecac80, 0xecac87, 0x3ca3},
    {0xecac89, 0xecac8f, 0x3cab},
    {0xecac91, 0xecac93, 0x3cb2},
    {0xecac95, 0xecac97, 0x3cb5},
    {0xecac99, 0xecac9f, 0x3cb8},
    {0xecaca0, 0xecaca1, 0xb14},
    {0xecaca2, 0xecacbf, 0x3cbf},
    {0xecad82, 0xecad87, 0x3cde},
    {0xecad88, 0xecad89, 0xb17},
    {0xecad8a, 0xecad8b, 0x3ce4},
    {0xecad8d, 0xecad8f, 0x3ce6},
    {0xecad91, 0xecad97, 0x3ce9},
    {0xecad98, 0xecad99, 0xb1b},
    {0xecad9a, 0xecad9c, 0x3cf0},
    {0xecad9e, 0xecada3, 0x3cf3},
    {0xecada5, 0xecadb7, 0x3cf9},
    {0xecadb8, 0xecadb9, 0xb1f},
    {0xecadba, 0xecadbf, 0x3d0c},
    {0xecae80, 0xecae9b, 0x3d12},
    {0xecae9d, 0xecaeb7, 0x3d2e},
    {0xecaeb9, 0xecaebf, 0x3d49},
    {0xecaf80, 0xecaf93, 0x3d50},
    {0xecaf95, 0xecafa3, 0x3d64},
    {0xecafa5, 0xecafa6, 0x3d73},
    {0xecafaa, 0xecafbf, 0x3d76},
    {0xecb080, 0xecb08b, 0x3d8c},
    {0xecb08c, 0xecb08d, 0xb27},
    {0xecb08e, 0xecb08f, 0x3d98},
    {0xecb091, 0xecb093, 0x3d9a},
    {0xecb095, 0xecb09b, 0x3d9d},
    {0xecb09c, 0xecb09d, 0xb2b},
    {0xecb09e, 0xecb0a0, 0x3da4},
    {0xecb0a1, 0xecb0a2, 0xb2d},
    {0xecb0a3, 0xecb0a6, 0x3da7},
    {0xecb0a7, 0xecb0a9, 0xb2f},
    {0xecb0aa, 0xecb0ab, 0x3dab},
    {0xecb0b1, 0xecb0b7, 0x3daf},
    {0xecb0b8, 0xecb0b9, 0xb35},
    {0xecb0bb, 0xecb0be, 0xb37},
    {0xecb180, 0xecb183, 0x3db8},
    {0xecb184, 0xecb185, 0xb3b},
    {0xecb186, 0xecb187, 0x3dbc},
    {0xecb189, 0xecb18b, 0x3dbe},
    {0xecb18d, 0xecb193, 0x3dc1},
    {0xecb194, 0xecb195, 0xb3f},
    {0xecb197, 0xecb199, 0xb41},
    {0xecb19a, 0xecb19f, 0x3dc9},
    {0xecb1a1, 0xecb1a3, 0x3dcf},
    {0xecb1a9, 0xecb1af, 0x3dd4},
    {0xecb1b1, 0xecb1b4, 0x3ddb},
    {0xecb1b6, 0xecb1bf, 0x3ddf},
    {0xecb280, 0xecb297, 0x3de9},
    {0xecb298, 0xecb299, 0xb4a},
    {0xecb29a, 0xecb29b, 0x3e01},
    {0xecb29d, 0xecb29f, 0x3e03},
    {0xecb2a1, 0xecb2a7, 0x3e06},
    {0xecb2a8, 0xecb2a9, 0xb4e},
    {0xecb2ab, 0xecb2ad, 0xb50},
    {0xecb2ae, 0xecb2b3, 0x3e0e},
    {0xecb2b4, 0xecb2b5, 0xb53},
    {0xecb2b6, 0xecb2b7, 0x3e14},
    {0xecb2b9, 0xecb2bb, 0x3e16},
    {0xecb2bd, 0xecb2bf, 0x3e19},
    {0xecb380, 0xecb383, 0x3e1c},
    {0xecb384, 0xecb385, 0xb57},
    {0xecb38a, 0xecb38f, 0x3e22},
    {0xecb391, 0xecb393, 0x3e28},
    {0xecb395, 0xecb3a3, 0x3e2b},
    {0xecb3a5, 0xecb3ab, 0x3e3a},
    {0xecb3ad, 0xecb3af, 0x3e41},
    {0xecb3b1, 0xecb3bf, 0x3e44},
    {0xecb482, 0xecb487, 0x3e54},
    {0xecb488, 0xecb489, 0xb61},
    {0xecb48a, 0xecb48b, 0x3e5a},
    {0xecb48d, 0xecb48f, 0x3e5c},
    {0xecb491, 0xecb497, 0x3e5f},
    {0xecb498, 0xecb499, 0xb65},
    {0xecb49e, 0xecb4a3, 0x3e68},
    {0xecb4a5, 0xecb4a7, 0x3e6e},
    {0xecb4a9, 0xecb4ab, 0x3e71},
    {0xecb4ad, 0xecb4b8, 0x3e74},
    {0xecb4ba, 0xecb4bf, 0x3e80},
    {0xecb580, 0xecb59b, 0x3e86},
    {0xecb59d, 0xecb59f, 0x3ea2},
    {0xecb5a1, 0xecb5a3, 0x3ea5},
    {0xecb5a5, 0xecb5ab, 0x3ea8},
    {0xecb5ac, 0xecb5ad, 0xb70},
    {0xecb5b2, 0xecb5b7, 0x3eb1},
    {0xecb5b9, 0xecb5bf, 0x3eb7},
    {0xecb680, 0xecb687, 0x3ebe},
    {0xecb689, 0xecb693, 0x3ec6},
    {0xecb694, 0xecb695, 0xb76},
    {0xecb696, 0xecb697, 0x3ed1},
    {0xecb699, 0xecb69b, 0x3ed3},
    {0xecb69d, 0xecb6a3, 0x3ed6},
    {0xecb6a4, 0xecb6a5, 0xb7a},
    {0xecb6aa, 0xecb6af, 0x3edf},
    {0xecb6b1, 0xecb6bf, 0x3ee5},
    {0xecb780, 0xecb783, 0x3ef4},
    {0xecb785, 0xecb78b, 0x3ef8},
    {0xecb78d, 0xecb78f, 0x3eff},
    {0xecb791, 0xecb7a7, 0x3f02},
    {0xecb7a9, 0xecb7ab, 0x3f19},
    {0xecb7ad, 0xecb7af, 0x3f1c},
    {0xecb7b1, 0xecb7b7, 0x3f1f},
    {0xecb7b8, 0xecb7b9, 0xb85},
    {0xecb7be, 0xecb7bf, 0x3f28},
    {0xecb880, 0xecb883, 0x3f2a},
    {0xecb885, 0xecb887, 0x3f2e},
    {0xecb889, 0xecb88b, 0x3f31},
    {0xecb88d, 0xecb893, 0x3f34},
    {0xecb895, 0xecb898, 0x3f3b},
    {0xecb89a, 0xecb89f, 0x3f3f},
    {0xecb8a0, 0xecb8a1, 0xb8e},
    {0xecb8a2, 0xecb8a3, 0x3f45},
    {0xecb8a5, 0xecb8a7, 0x3f47},
    {0xecb8a9, 0xecb8af, 0x3f4a},
    {0xecb8b0, 0xecb8b1, 0xb92},
    {0xecb8b6, 0xecb8bf, 0x3f53},
    {0xecb980, 0xecb997, 0x3f5d},
    {0xecb998, 0xecb999, 0xb96},
    {0xecb99a, 0xecb99b, 0x3f75},
    {0xecb99d, 0xecb99e, 0x3f77},
    {0xecb99f, 0xecb9a1, 0xb99},
    {0xecb9a2, 0xecb9a7, 0x3f79},
    {0xecb9a8, 0xecb9a9, 0xb9c},
    {0xecb9ae, 0xecb9b3, 0x3f81},
    {0xecb9b4, 0xecb9b5, 0xba0},
    {0xecb9b6, 0xecb9b7, 0x3f87},
    {0xecb9b9, 0xecb9bb, 0x3f89},
    {0xecb9bd, 0xecb9bf, 0x3f8c},
    {0xecba80, 0xecba83, 0x3f8f},
    {0xecba84, 0xecba85, 0xba4},
    {0xecba8a, 0xecba8f, 0x3f95},
    {0xecba90, 0xecba91, 0xba8},
    {0xecba92, 0xecba93, 0x3f9b},
    {0xecba95, 0xecba97, 0x3f9d},
    {0xecba99, 0xecba9f, 0x3fa0},
    {0xecbaa0, 0xecbaa1, 0xbac},
    {0xecbaa3, 0xecbaa5, 0xbae},
    {0xecbaa6, 0xecbaab, 0x3fa8},
    {0xecbaac, 0xecbaad, 0xbb1},
    {0xecbaae, 0xecbabf, 0x3fae},
    {0xecbb82, 0xecbba3, 0x3fc1},
    {0xecbba4, 0xecbba5, 0xbb4},
    {0xecbba6, 0xecbba7, 0x3fe3},
    {0xecbba9, 0xecbbaa, 0x3fe5},
    {0xecbbab, 0xecbbac, 0xbb7},
    {0xecbbad, 0xecbbb3, 0x3fe7},
    {0xecbbb4, 0xecbbb5, 0xbb9},
    {0xecbbb7, 0xecbbb9, 0xbbb},
    {0xecbbba, 0xecbbbf, 0x3fef},
    {0xecbc80, 0xecbc81, 0xbbe},
    {0xecbc82, 0xecbc83, 0x3ff5},
    {0xecbc85, 0xecbc87, 0x3ff7},
    {0xecbc89, 0xecbc8f, 0x3ffa},
    {0xecbc90, 0xecbc91, 0xbc2},
    {0xecbc96, 0xecbc9b, 0x4003},
    {0xecbc9d, 0xecbc9f, 0x4009},
    {0xecbca1, 0xecbca3, 0x400c},
    {0xecbca5, 0xecbcab, 0x400f},
    {0xecbcac, 0xecbcad, 0xbc9},
    {0xecbcaf, 0xecbcb1, 0xbcb},
    {0xecbcb2, 0xecbcb7, 0x4017},
    {0xecbcb9, 0xecbcbf, 0x401d},
    {0xecbd80, 0xecbd93, 0x4024},
    {0xecbd94, 0xecbd95, 0xbcf},
    {0xecbd96, 0xecbd97, 0x4038},
    {0xecbd99, 0xecbd9b, 0x403a},
    {0xecbd9d, 0xecbda3, 0x403d},
    {0xecbda4, 0xecbda5, 0xbd3},
    {0xecbdaa, 0xecbdaf, 0x4046},
    {0xecbdb0, 0xecbdb1, 0xbd7},
    {0xecbdb2, 0xecbdb3, 0x404c},
    {0xecbdb5, 0xecbdb7, 0x404e},
    {0xecbdb9, 0xecbdbf, 0x4051},
    {0xecbe81, 0xecbe84, 0x4058},
    {0xecbe86, 0xecbe8b, 0x405c},
    {0xecbe8d, 0xecbea0, 0x4062},
    {0xecbea2, 0xecbea7, 0x4076},
    {0xecbea9, 0xecbeaf, 0x407c},
    {0xecbeb1, 0xecbebf, 0x4083},
    {0xecbf80, 0xecbf83, 0x4092},
    {0xecbf85, 0xecbf9f, 0x4096},
    {0xecbfa0, 0xecbfa1, 0xbe2},
    {0xecbfa2, 0xecbfa3, 0x40b1},
    {0xecbfa5, 0xecbfa7, 0x40b3},
    {0xecbfa9, 0xecbfaf, 0x40b6},
    {0xecbfb0, 0xecbfb1, 0xbe6},
    {0xecbfb6, 0xecbfbb, 0x40bf},
    {0xecbfbd, 0xecbfbf, 0x40c5},
    {0xed8081, 0xed8083, 0x40c8},
    {0xed8085, 0xed8090, 0x40cb},
    {0xed8092, 0xed8097, 0x40d7},
    {0xed8099, 0xed80ac, 0x40dd},
    {0xed80ae, 0xed80b3, 0x40f1},
    {0xed80b4, 0xed80b5, 0xbf0},
    {0xed80b6, 0xed80b7, 0x40f7},
    {0xed80b9, 0xed80bb, 0x40f9},
    {0xed80bd, 0xed80bf, 0x40fc},
    {0xed8180, 0xed8183, 0x40ff},
    {0xed8184, 0xed8185, 0xbf4},
    {0xed818a, 0xed818f, 0x4105},
    {0xed8191, 0xed8193, 0x410b},
    {0xed8195, 0xed8197, 0x410e},
    {0xed8199, 0xed819f, 0x4111},
    {0xed81a1, 0xed81ab, 0x4118},
    {0xed81ac, 0xed81ad, 0xbfc},
    {0xed81ae, 0xed81af, 0x4123},
    {0xed81b1, 0xed81b3, 0x4125},
    {0xed81b5, 0xed81bb, 0x4128},
    {0xed81bc, 0xed81bd, 0xc00},
    {0xed81be, 0xed81bf, 0x412f},
    {0xed8282, 0xed82a3, 0x4132},
    {0xed82a4, 0xed82a5, 0xc03},
    {0xed82a6, 0xed82a7, 0x4154},
    {0xed82a9, 0xed82ab, 0x4156},
    {0xed82ad, 0xed82b3, 0x4159},
    {0xed82b4, 0xed82b5, 0xc07},
    {0xed82ba, 0xed82bf, 0x4162},
    {0xed8380, 0xed8381, 0xc0b},
    {0xed8382, 0xed8383, 0x4168},
    {0xed8385, 0xed8387, 0x416a},
    {0xed8388, 0xed8389, 0xc0e},
    {0xed838a, 0xed838f, 0x416d},
    {0xed8390, 0xed8391, 0xc10},
    {0xed8393, 0xed8395, 0xc12},
    {0xed8396, 0xed839b, 0x4174},
    {0xed839c, 0xed839d, 0xc15},
    {0xed839e, 0xed839f, 0x417a},
    {0xed83a1, 0xed83a3, 0x417c},
    {0xed83a5, 0xed83ab, 0x417f},
    {0xed83ac, 0xed83ad, 0xc19},
    {0xed83af, 0xed83b1, 0xc1b},
    {0xed83b2, 0xed83b7, 0x4187},
    {0xed83b9, 0xed83bf, 0x418d},
    {0xed8480, 0xed848c, 0x4194},
    {0xed848e, 0xed84af, 0x41a1},
    {0xed84b0, 0xed84b1, 0xc20},
    {0xed84b2, 0xed84b3, 0x41c3},
    {0xed84b5, 0xed84b7, 0x41c5},
    {0xed84bb, 0xed84bf, 0x41c9},
    {0xed8580, 0xed8581, 0xc25},
    {0xed8583, 0xed8585, 0xc27},
    {0xed8586, 0xed858b, 0x41cf},
    {0xed858c, 0xed858d, 0xc2a},
    {0xed858e, 0xed858f, 0x41d5},
    {0xed8591, 0xed8593, 0x41d7},
    {0xed8595, 0xed859b, 0x41da},
    {0xed859c, 0xed859d, 0xc2e},
    {0xed85a2, 0xed85a7, 0x41e3},
    {0xed85a9, 0xed85ab, 0x41e9},
    {0xed85ad, 0xed85bb, 0x41ec},
    {0xed85bd, 0xed85bf, 0x41fb},
    {0xed8680, 0xed8683, 0x41fe},
    {0xed8685, 0xed8687, 0x4202},
    {0xed8689, 0xed869f, 0x4205},
    {0xed86a0, 0xed86a1, 0xc37},
    {0xed86a2, 0xed86a3, 0x421c},
    {0xed86a5, 0xed86a7, 0x421e},
    {0xed86a9, 0xed86af, 0x4221},
    {0xed86b0, 0xed86b1, 0xc3b},
    {0xed86b6, 0xed86b9, 0x422a},
    {0xed86bd, 0xed86bf, 0x422f},
    {0xed8781, 0xed8797, 0x4232},
    {0xed8799, 0xed87b3, 0x4249},
    {0xed87b5, 0xed87b7, 0x4264},
    {0xed87b9, 0xed87bf, 0x4267},
    {0xed8880, 0xed8886, 0x426e},
    {0xed888a, 0xed888f, 0x4276},
    {0xed8891, 0xed88ab, 0x427c},
    {0xed88ac, 0xed88ad, 0xc48},
    {0xed88ae, 0xed88af, 0x4297},
    {0xed88b1, 0xed88b3, 0x4299},
    {0xed88b5, 0xed88bb, 0x429c},
    {0xed88bc, 0xed88bd, 0xc4c},
    {0xed8982, 0xed8987, 0x42a5},
    {0xed8989, 0xed899b, 0x42ab},
    {0xed899d, 0xed89a3, 0x42be},
    {0xed89a5, 0xed89bf, 0x42c5},
    {0xed8a80, 0xed8a81, 0xc53},
    {0xed8a82, 0xed8a83, 0x42e0},
    {0xed8a85, 0xed8a87, 0x42e2},
    {0xed8a89, 0xed8a8f, 0x42e5},
    {0xed8a90, 0xed8a91, 0xc57},
    {0xed8a92, 0xed8a94, 0x42ec},
    {0xed8a96, 0xed8a9b, 0x42ef},
    {0xed8a9d, 0xed8a9f, 0x42f5},
    {0xed8aa1, 0xed8aa3, 0x42f8},
    {0xed8aa5, 0xed8aab, 0x42fb},
    {0xed8aad, 0xed8ab0, 0x4302},
    {0xed8ab2, 0xed8ab7, 0x4306},
    {0xed8ab8, 0xed8ab9, 0xc5f},
    {0xed8aba, 0xed8abb, 0x430c},
    {0xed8abd, 0xed8abe, 0x430e},
    {0xed8b83, 0xed8b87, 0x4311},
    {0xed8b88, 0xed8b89, 0xc65},
    {0xed8b8c, 0xed8b93, 0x4317},
    {0xed8b95, 0xed8b97, 0x431f},
    {0xed8b99, 0xed8b9b, 0x4322},
    {0xed8b9d, 0xed8ba3, 0x4325},
    {0xed8ba4, 0xed8ba5, 0xc6b},
    {0xed8ba6, 0xed8baf, 0x432c},
    {0xed8bb0, 0xed8bb1, 0xc6d},
    {0xed8bb2, 0xed8bb3, 0x4336},
    {0xed8bb5, 0xed8bb7, 0x4338},
    {0xed8bb9, 0xed8bbf, 0x433b},
    {0xed8c80, 0xed8c81, 0xc71},
    {0xed8c86, 0xed8c8b, 0x4344},
    {0xed8c8c, 0xed8c8e, 0xc75},
    {0xed8c91, 0xed8c93, 0x434b},
    {0xed8c97, 0xed8c9b, 0x434f},
    {0xed8c9c, 0xed8c9d, 0xc7b},
    {0xed8c9f, 0xed8ca1, 0xc7d},
    {0xed8ca2, 0xed8ca4, 0x4355},
    {0xed8ca6, 0xed8ca7, 0x4358},
    {0xed8ca8, 0xed8ca9, 0xc81},
    {0xed8caa, 0xed8cab, 0x435a},
    {0xed8cad, 0xed8caf, 0x435c},
    {0xed8cb1, 0xed8cb7, 0x435f},
    {0xed8cb8, 0xed8cb9, 0xc85},
    {0xed8cbb, 0xed8cbd, 0xc87},
    {0xed8cbe, 0xed8cbf, 0x4367},
    {0xed8d80, 0xed8d83, 0x4369},
    {0xed8d84, 0xed8d85, 0xc8a},
    {0xed8d86, 0xed8dbb, 0x436d},
    {0xed8dbc, 0xed8dbd, 0xc8c},
    {0xed8dbe, 0xed8dbf, 0x43a3},
    {0xed8e81, 0xed8e83, 0x43a5},
    {0xed8e85, 0xed8e8b, 0x43a8},
    {0xed8e8c, 0xed8e8d, 0xc90},
    {0xed8e8f, 0xed8e91, 0xc92},
    {0xed8e92, 0xed8e97, 0x43b0},
    {0xed8e98, 0xed8e99, 0xc95},
    {0xed8e9a, 0xed8e9b, 0x43b6},
    {0xed8e9d, 0xed8e9f, 0x43b8},
    {0xed8ea1, 0xed8ea7, 0x43bb},
    {0xed8ea8, 0xed8ea9, 0xc99},
    {0xed8eae, 0xed8eb3, 0x43c4},
    {0xed8eb5, 0xed8eb7, 0x43ca},
    {0xed8eb9, 0xed8ebb, 0x43cd},
    {0xed8ebd, 0xed8ebf, 0x43d0},
    {0xed8f80, 0xed8f83, 0x43d3},
    {0xed8f84, 0xed8f85, 0xca0},
    {0xed8f86, 0xed8f87, 0x43d7},
    {0xed8f88, 0xed8f89, 0xca2},
    {0xed8f8a, 0xed8f8f, 0x43d9},
    {0xed8f91, 0xed8f97, 0x43df},
    {0xed8f99, 0xed8fa0, 0x43e6},
    {0xed8fa4, 0xed8fab, 0x43ef},
    {0xed8fac, 0xed8fad, 0xca8},
    {0xed8fae, 0xed8faf, 0x43f7},
    {0xed8fb1, 0xed8fb3, 0x43f9},
    {0xed8fb5, 0xed8fbb, 0x43fc},
    {0xed8fbc, 0xed8fbd, 0xcac},
    {0xed9082, 0xed9087, 0x4405},
    {0xed9089, 0xed909c, 0x440b},
    {0xed909e, 0xed90bf, 0x441f},
    {0xed9181, 0xed9183, 0x4441},
    {0xed9185, 0xed919b, 0x4444},
    {0xed919d, 0xed919f, 0x445b},
    {0xed91a1, 0xed91a3, 0x445e},
    {0xed91a5, 0xed91ac, 0x4461},
    {0xed91b0, 0xed91b7, 0x446a},
    {0xed91b8, 0xed91b9, 0xcb9},
    {0xed91ba, 0xed91bb, 0x4472},
    {0xed91bd, 0xed91be, 0x4474},
    {0xed9283, 0xed9287, 0x4477},
    {0xed9288, 0xed9289, 0xcbf},
    {0xed928e, 0xed9293, 0x447e},
    {0xed9295, 0xed92a8, 0x4484},
    {0xed92aa, 0xed92bf, 0x4498},
    {0xed9380, 0xed938b, 0x44ae},
    {0xed938d, 0xed938f, 0x44ba},
    {0xed9391, 0xed9393, 0x44bd},
    {0xed9395, 0xed939b, 0x44c0},
    {0xed939d, 0xed939e, 0x44c7},
    {0xed93a0, 0xed93a7, 0x44c9},
    {0xed93a9, 0xed93ab, 0x44d1},
    {0xed93ad, 0xed93af, 0x44d4},
    {0xed93b1, 0xed93b7, 0x44d7},
    {0xed93b9, 0xed93ba, 0x44de},
    {0xed93be, 0xed93bf, 0x44e1},
    {0xed9480, 0xed9483, 0x44e3},
    {0xed9485, 0xed9487, 0x44e7},
    {0xed9489, 0xed948b, 0x44ea},
    {0xed948d, 0xed9493, 0x44ed},
    {0xed9494, 0xed9495, 0xcd3},
    {0xed9498, 0xed94bb, 0x44f5},
    {0xed94bc, 0xed94bd, 0xcd6},
    {0xed94be, 0xed94bf, 0x4519},
    {0xed9581, 0xed9583, 0x451b},
    {0xed9585, 0xed958b, 0x451e},
    {0xed958c, 0xed958d, 0xcda},
    {0xed9592, 0xed9597, 0x4527},
    {0xed9598, 0xed9599, 0xcde},
    {0xed959a, 0xed959b, 0x452d},
    {0xed959d, 0xed959f, 0x452f},
    {0xed95a1, 0xed95a4, 0x4532},
    {0xed95a6, 0xed95a7, 0x4536},
    {0xed95a8, 0xed95a9, 0xce3},
    {0xed95ae, 0xed95b3, 0x453a},
    {0xed95b4, 0xed95b5, 0xce7},
    {0xed95b6, 0xed95b7, 0x4540},
    {0xed95b9, 0xed95bb, 0x4542},
    {0xed95bd, 0xed95bf, 0x4545},
    {0xed9680, 0xed9683, 0x4548},
    {0xed9684, 0xed9685, 0xceb},
    {0xed9687, 0xed9689, 0xced},
    {0xed968a, 0xed968f, 0x454d},
    {0xed9691, 0xed96a4, 0x4553},
    {0xed96a6, 0xed96bf, 0x4567},
    {0xed9780, 0xed9787, 0x4581},
    {0xed9788, 0xed9789, 0xcf2},
    {0xed978a, 0xed978b, 0x4589},
    {0xed978d, 0xed978f, 0x458b},
    {0xed9793, 0xed9797, 0x458f},
    {0xed9798, 0xed9799, 0xcf7},
    {0xed979e, 0xed97a3, 0x4596},
    {0xed97a4, 0xed97a5, 0xcfb},
    {0xed97a6, 0xed97a7, 0x459c},
    {0xed97a9, 0xed97ab, 0x459e},
    {0xed97ad, 0xed97b3, 0x45a1},
    {0xed97b4, 0xed97b5, 0xcff},
    {0xed97ba, 0xed97bf, 0x45aa},
    {0xed9880, 0xed9881, 0xd03},
    {0xed9882, 0xed9883, 0x45b0},
    {0xed9885, 0xed9887, 0x45b2},
    {0xed9889, 0xed988f, 0x45b5},
    {0xed9890, 0xed9891, 0xd07},
    {0xed9893, 0xed9895, 0xd09},
    {0xed9896, 0xed989b, 0x45bd},
    {0xed989d, 0xed989f, 0x45c3},
    {0xed98a1, 0xed98a3, 0x45c6},
    {0xed98a5, 0xed98ac, 0x45c9},
    {0xed98ae, 0xed98b7, 0x45d1},
    {0xed98b8, 0xed98b9, 0xd10},
    {0xed98ba, 0xed98bb, 0x45db},
    {0xed98bd, 0xed98bf, 0x45dd},
    {0xed9981, 0xed9984, 0x45e0},
    {0xed9986, 0xed9987, 0x45e4},
    {0xed9988, 0xed9989, 0xd15},
    {0xed998e, 0xed9990, 0x45e8},
    {0xed9992, 0xed9993, 0x45eb},
    {0xed9994, 0xed9995, 0xd1a},
    {0xed9996, 0xed9997, 0x45ed},
    {0xed9999, 0xed999b, 0x45ef},
    {0xed999d, 0xed99a6, 0x45f2},
    {0xed99aa, 0xed99af, 0x45fd},
    {0xed99b0, 0xed99b1, 0xd20},
    {0xed99b2, 0xed99b3, 0x4603},
    {0xed99b5, 0xed99bf, 0x4605},
    {0xed9a80, 0xed9a82, 0x4610},
    {0xed9a86, 0xed9a8b, 0x4614},
    {0xed9a8c, 0xed9a8d, 0xd25},
    {0xed9a8e, 0xed9a8f, 0x461a},
    {0xed9a91, 0xed9a93, 0x461c},
    {0xed9a95, 0xed9a9c, 0x461f},
    {0xed9aa2, 0xed9aa7, 0x4629},
    {0xed9aa9, 0xed9aab, 0x462f},
    {0xed9aad, 0xed9aaf, 0x4632},
    {0xed9ab1, 0xed9ab8, 0x4635},
    {0xed9abc, 0xed9abf, 0x463e},
    {0xed9b80, 0xed9b83, 0x4642},
    {0xed9b84, 0xed9b85, 0xd31},
    {0xed9b86, 0xed9b87, 0x4646},
    {0xed9b89, 0xed9b8b, 0x4648},
    {0xed9b8d, 0xed9b90, 0x464b},
    {0xed9b92, 0xed9b93, 0x464f},
    {0xed9b95, 0xed9b96, 0x4651},
    {0xed9b9a, 0xed9b9f, 0x4654},
    {0xed9ba1, 0xed9ba3, 0x465a},
    {0xed9ba5, 0xed9ba7, 0x465d},
    {0xed9ba9, 0xed9baf, 0x4660},
    {0xed9bb1, 0xed9bb4, 0x4667},
    {0xed9bb6, 0xed9bbb, 0x466b},
    {0xed9bbc, 0xed9bbd, 0xd3e},
    {0xed9bbe, 0xed9bbf, 0x4671},
    {0xed9c81, 0xed9c83, 0x4673},
    {0xed9c85, 0xed9c90, 0x4676},
    {0xed9c92, 0xed9c97, 0x4682},
    {0xed9c98, 0xed9c99, 0xd43},
    {0xed9c9a, 0xed9c9b, 0x4688},
    {0xed9c9d, 0xed9c9f, 0x468a},
    {0xed9ca1, 0xed9ca7, 0x468d},
    {0xed9ca8, 0xed9ca9, 0xd47},
    {0xed9cae, 0xed9cb3, 0x4696},
    {0xed9cb4, 0xed9cb5, 0xd4b},
    {0xed9cb6, 0xed9cb7, 0x469c},
    {0xed9cb9, 0xed9cbb, 0x469e},
    {0xed9cbd, 0xed9cbf, 0x46a1},
    {0xed9d80, 0xed9d83, 0x46a4},
    {0xed9d85, 0xed9d86, 0x46a8},
    {0xed9d8a, 0xed9d8f, 0x46ab},
    {0xed9d90, 0xed9d91, 0xd52},
    {0xed9d92, 0xed9d93, 0x46b1},
    {0xed9d96, 0xed9d99, 0xd55},
    {0xed9d9a, 0xed9d9f, 0x46b4},
    {0xed9da0, 0xed9da1, 0xd59},
    {0xed9da6, 0xed9da8, 0x46bc},
    {0xed9daa, 0xed9dab, 0x46bf},
    {0xed9dad, 0xed9daf, 0x46c1},
    {0xed9db1, 0xed9db3, 0x46c4},
    {0xed9db5, 0xed9dbb, 0x46c7},
    {0xed9dbc, 0xed9dbd, 0xd61},
    {0xed9dbe, 0xed9dbf, 0x46ce},
    {0xed9e82, 0xed9e87, 0x46d1},
    {0xed9e88, 0xed9e89, 0xd64},
    {0xed9e8a, 0xed9e8b, 0x46d7},
    {0xed9e8d, 0xed9e8f, 0x46d9},
    {0xed9e91, 0xed9e97, 0x46dc},
    {0xed9e98, 0xed9e99, 0xd68},
    {0xed9e9e, 0xed9ea3, 0x46e5},
    {0xefa48d, 0xefa493, 0x1117},
    {0xefa495, 0xefa497, 0x111e},
    {0xefa498, 0xefa49d, 0x1122},
    {0xefa49e, 0xefa4a0, 0x112a},
    {0xefa4a3, 0xefa4a4, 0x1136},
    {0xefa4a5, 0xefa4ab, 0x1139},
    {0xefa4ac, 0xefa4ad, 0x1143},
    {0xefa4b0, 0xefa4b1, 0x11a1},
    {0xefa4b2, 0xefa4b7, 0x11a5},
    {0xefa4b8, 0xefa4ba, 0x11ac},
    {0xefa4bb, 0xefa4bf, 0x11b0},
    {0xefa581, 0xefa583, 0x11b7},
    {0xefa584, 0xefa585, 0x11bd},
    {0xefa586, 0xefa588, 0x11c1},
    {0xefa58b, 0xefa58e, 0x11d6},
    {0xefa58f, 0xefa590, 0x11db},
    {0xefa592, 0xefa595, 0x11fc},
    {0xefa596, 0xefa599, 0x1201},
    {0xefa5b5, 0xefa5b7, 0x1149},
    {0xefa5b8, 0xefa5ba, 0x114d},
    {0xefa5bb, 0xefa5bd, 0x1153},
    {0xefa684, 0xefa685, 0x1161},
    {0xefa687, 0xefa68c, 0x1167},
    {0xefa68f, 0xefa690, 0x1171},
    {0xefa692, 0xefa694, 0x1174},
    {0xefa696, 0xefa697, 0x1177},
    {0xefa69a, 0xefa69b, 0x117b},
    {0xefa69c, 0xefa69d, 0x117e},
    {0xefa69f, 0xefa6a0, 0x1181},
    {0xefa6a6, 0xefa6a8, 0x1187},
    {0xefa6ab, 0xefa6ad, 0x118d},
    {0xefa6b1, 0xefa6b4, 0x1195},
    {0xefa6b6, 0xefa6b8, 0x119c},
    {0xefa6ba, 0xefa6bc, 0x11c7},
    {0xefa780, 0xefa781, 0x11cc},
    {0xefa782, 0xefa783, 0x11d0},
    {0xefa78a, 0xefa78b, 0x11e5},
    {0xefa790, 0xefa793, 0x11ee},
    {0xefa794, 0xefa796, 0x11f3},
    {0xefa797, 0xefa79a, 0x11f7},
    {0xefa7a1, 0xefa7a2, 0x120c},
    {0xefa7a7, 0xefa7a9, 0x1218},
    {0xefa7ab, 0xefa7ac, 0x105c},
    {0xefa7ae, 0xefa7b0, 0x1220},
    {0xefa7b1, 0xefa7b5, 0x1224},
    {0xefa7b7, 0xefa7b9, 0x122d},
    {0xefbc81, 0xefbcbb, 0x108},
    {0xefbcbd, 0xefbcbf, 0x144},
    {0xefbd80, 0xefbd9d, 0x147},
    {0xefbfa0, 0xefbfa1, 0x8f},
};

pdf_cmap_t cmap_UNIKS_UTF8_H = {
    "UniKS-UTF8-H",    //name
    true,        //worldwide
    6604,      //unicode_map_len
    unicode_map_UNIKS_UTF8_H,      //unicode_map
    2041,   //char_range_map_len
    char_range_map_UNIKS_UTF8_H,   //char_range_map
    1,       //not_def_range_len
    not_def_range_UNIKS_UTF8_H,       //not_def_range
    4,    //code_range_map_len
    code_range_map_UNIKS_UTF8_H,    //code_range_map
     NULL//next
};

