#include "../pdf-private.h"

static pdf_code_range_map_t code_range_map_UNIMANGA_UTF8_H[] = {
    {1, 0x00, 0x7f},
    {2, 0xc080, 0xdfbf},
    {3, 0xe08080, 0xefbfbf},
    {4, 0xf0808080, 0xf7bfbfbf},
};

static pdf_char_range_map_t not_def_range_UNIMANGA_UTF8_H[] = {
    {0x00, 0x1f, 0x1},
};

static pdf_unicode_map_t unicode_map_UNIMANGA_UTF8_H[] = {
    {0x1, 0xc2a0},
    {0xe, 0xc2ad},
    {0xdc, 0xc692},
    {0xf3, 0xc991},
    {0xf4, 0xc9a1},
    {0x1d5, 0xcabb},
    {0xf5, 0xcb87},
    {0xf9, 0xcb99},
    {0xfe, 0xcc84},
    {0xff, 0xcc87},
    {0x100, 0xcc8c},
    {0x132, 0xd081},
    {0x173, 0xd191},
    {0x44e7, 0xe28082},
    {0x476, 0xe28083},
    {0x1d0, 0xe28090},
    {0xe, 0xe28091},
    {0x1d1, 0xe28092},
    {0x1d1, 0xe28093},
    {0x45ec, 0xe28094},
    {0x578, 0xe280a7},
    {0x1e0, 0xe280b0},
    {0x3d2f, 0xe280b5},
    {0x1e7, 0xe28182},
    {0x1eb, 0xe28191},
    {0x1ec, 0xe281b4},
    {0x1ed, 0xe282a9},
    {0x1f2, 0xe28480},
    {0x1f3, 0xe28483},
    {0x1f4, 0xe28485},
    {0x1f7, 0xe2848f},
    {0x1f8, 0xe28493},
    {0x1f9, 0xe28496},
    {0x1fe, 0xe284ab},
    {0x1ff, 0xe284ae},
    {0x200, 0xe284b5},
    {0x201, 0xe284bb},
    {0x22b, 0xe28790},
    {0x22c, 0xe28792},
    {0x22d, 0xe28794},
    {0x232, 0xe287b5},
    {0x233, 0xe28880},
    {0x23d, 0xe2888f},
    {0x3cfb, 0xe28895},
    {0x241, 0xe2889a},
    {0x246, 0xe288a3},
    {0x255, 0xe288bd},
    {0x256, 0xe28983},
    {0x257, 0xe28985},
    {0x258, 0xe28988},
    {0x259, 0xe2898c},
    {0x25a, 0xe28992},
    {0x277, 0xe28aa0},
    {0x278, 0xe28aa5},
    {0x279, 0xe28abf},
    {0x1df, 0xe28baf},
    {0x27f, 0xe28c92},
    {0x280, 0xe28c98},
    {0x292, 0xe28f8e},
    {0x295, 0xe290a3},
    {0x3fd, 0xe297af},
    {0x404, 0xe29889},
    {0x40d, 0xe298af},
    {0x42d, 0xe29aa0},
    {0x432, 0xe29c82},
    {0x433, 0xe29c93},
    {0x434, 0xe29c9a},
    {0x435, 0xe29cbd},
    {0x436, 0xe29cbf},
    {0x437, 0xe29d80},
    {0x438, 0xe29d96},
    {0x443, 0xe29ea1},
    {0x446, 0xe2a6bf},
    {0x44c, 0xe2ac9a},
    {0x443, 0xe2ae95},
    {0xa9e, 0xe2ba82},
    {0xa9d, 0xe2ba83},
    {0x451, 0xe2ba84},
    {0xad7, 0xe2ba85},
    {0x452, 0xe2ba86},
    {0x3e8d, 0xe2ba87},
    {0x453, 0xe2ba88},
    {0xd3c, 0xe2ba89},
    {0x454, 0xe2ba8a},
    {0x9a0, 0xe2ba8b},
    {0x455, 0xe2ba8c},
    {0x3ff0, 0xe2ba8d},
    {0xca6, 0xe2ba8e},
    {0x139f, 0xe2ba8f},
    {0x139e, 0xe2ba90},
    {0x456, 0xe2ba91},
    {0x14a3, 0xe2ba92},
    {0x14f7, 0xe2ba93},
    {0x1594, 0xe2ba94},
    {0x457, 0xe2ba95},
    {0x15eb, 0xe2ba96},
    {0x458, 0xe2ba97},
    {0x17ad, 0xe2ba98},
    {0x1971, 0xe2ba99},
    {0x19e4, 0xe2ba9b},
    {0x1da9, 0xe2ba9e},
    {0x1de5, 0xe2ba9f},
    {0x1e08, 0xe2baa0},
    {0x1e19, 0xe2baa1},
    {0x45b, 0xe2baa2},
    {0x20a1, 0xe2baa3},
    {0x3c74, 0xe2baa4},
    {0x45c, 0xe2baa5},
    {0xa7c, 0xe2baa6},
    {0x45d, 0xe2baa7},
    {0x21bb, 0xe2baa8},
    {0x3f16, 0xe2baa9},
    {0x45e, 0xe2baaa},
    {0x2984, 0xe2baab},
    {0x45f, 0xe2baac},
    {0x25cd, 0xe2baad},
    {0x3f37, 0xe2baae},
    {0x283f, 0xe2baaf},
    {0x2971, 0xe2bab0},
    {0x2985, 0xe2bab1},
    {0x2984, 0xe2bab2},
    {0x99c, 0xe2bab3},
    {0x29f3, 0xe2bab9},
    {0x2a42, 0xe2baba},
    {0x3f5a, 0xe2babd},
    {0x2b8a, 0xe2babe},
    {0x3c89, 0xe2babf},
    {0x3c88, 0xe2bb80},
    {0x2ddd, 0xe2bb81},
    {0x2f30, 0xe2bb82},
    {0x2fdc, 0xe2bb83},
    {0x2fdb, 0xe2bb84},
    {0x3007, 0xe2bb85},
    {0x3009, 0xe2bb86},
    {0x3f7d, 0xe2bb87},
    {0x3149, 0xe2bb88},
    {0x31f0, 0xe2bb89},
    {0x3f89, 0xe2bb8a},
    {0x332d, 0xe2bb8b},
    {0x3c91, 0xe2bb8c},
    {0x467, 0xe2bb8f},
    {0x3672, 0xe2bb93},
    {0x36c1, 0xe2bb94},
    {0x3fac, 0xe2bb95},
    {0x36c3, 0xe2bb96},
    {0x468, 0xe2bb97},
    {0x3792, 0xe2bb98},
    {0x37f8, 0xe2bb99},
    {0x3859, 0xe2bb9a},
    {0x3873, 0xe2bb9b},
    {0x3876, 0xe2bb9c},
    {0x469, 0xe2bb9d},
    {0x3fb9, 0xe2bb9e},
    {0x3878, 0xe2bb9f},
    {0x38d3, 0xe2bba0},
    {0x3fbd, 0xe2bba1},
    {0x3958, 0xe2bba2},
    {0x395a, 0xe2bba3},
    {0x39cb, 0xe2bba4},
    {0x3aa6, 0xe2bba5},
    {0x3b58, 0xe2bba6},
    {0xe46, 0xe2bba7},
    {0x3b7a, 0xe2bba8},
    {0x3b8f, 0xe2bba9},
    {0x3bb8, 0xe2bbaa},
    {0x19a7, 0xe2bbab},
    {0x3bea, 0xe2bbac},
    {0x1da0, 0xe2bbad},
    {0x3c0c, 0xe2bbae},
    {0x26db, 0xe2bbaf},
    {0x3c16, 0xe2bbb0},
    {0x3c18, 0xe2bbb1},
    {0xaae, 0xe2bbb2},
    {0x3c1b, 0xe2bbb3},
    {0xa5a, 0xe2bc80},
    {0xa78, 0xe2bc81},
    {0xa84, 0xe2bc82},
    {0xa8a, 0xe2bc83},
    {0xa9c, 0xe2bc84},
    {0xab0, 0xe2bc85},
    {0xab6, 0xe2bc86},
    {0xac6, 0xe2bc87},
    {0xad6, 0xe2bc88},
    {0xca5, 0xe2bc89},
    {0xcc3, 0xe2bc8a},
    {0xcc9, 0xe2bc8b},
    {0xcd9, 0xe2bc8c},
    {0xcea, 0xe2bc8d},
    {0xcf9, 0xe2bc8e},
    {0xd22, 0xe2bc8f},
    {0xd32, 0xe2bc90},
    {0xd3a, 0xe2bc91},
    {0xda4, 0xe2bc92},
    {0xdf0, 0xe2bc93},
    {0xe06, 0xe2bc94},
    {0xe0b, 0xe2bc95},
    {0xe23, 0xe2bc96},
    {0xe2c, 0xe2bc97},
    {0xe41, 0xe2bc98},
    {0xe4a, 0xe2bc99},
    {0xe5d, 0xe2bc9a},
    {0xe7d, 0xe2bc9b},
    {0xe89, 0xe2bc9c},
    {0xea0, 0xe2bc9d},
    {0x1068, 0xe2bc9e},
    {0x109d, 0xe2bc9f},
    {0x11b4, 0xe2bca0},
    {0x11c3, 0xe2bca1},
    {0x11c7, 0xe2bca2},
    {0x11d0, 0xe2bca3},
    {0x11de, 0xe2bca4},
    {0x1218, 0xe2bca5},
    {0x12fa, 0xe2bca6},
    {0x131c, 0xe2bca7},
    {0x137f, 0xe2bca8},
    {0x1392, 0xe2bca9},
    {0x139e, 0xe2bcaa},
    {0x13ae, 0xe2bcab},
    {0x3c67, 0xe2bcac},
    {0x13d8, 0xe2bcad},
    {0x1492, 0xe2bcae},
    {0x149a, 0xe2bcaf},
    {0x14a1, 0xe2bcb0},
    {0x14ab, 0xe2bcb1},
    {0x14ef, 0xe2bcb2},
    {0x14f7, 0xe2bcb3},
    {0x14fc, 0xe2bcb4},
    {0x1546, 0xe2bcb5},
    {0x154f, 0xe2bcb6},
    {0x155b, 0xe2bcb7},
    {0x1562, 0xe2bcb8},
    {0x1593, 0xe2bcb9},
    {0x159f, 0xe2bcba},
    {0x15af, 0xe2bcbb},
    {0x15ea, 0xe2bcbc},
    {0x1779, 0xe2bcbd},
    {0x179d, 0xe2bcbe},
    {0x17ac, 0xe2bcbf},
    {0x196d, 0xe2bd80},
    {0x1970, 0xe2bd81},
    {0x19a5, 0xe2bd82},
    {0x19af, 0xe2bd83},
    {0x19b9, 0xe2bd84},
    {0x19c9, 0xe2bd85},
    {0x19e3, 0xe2bd86},
    {0x19e7, 0xe2bd87},
    {0x1aa6, 0xe2bd88},
    {0x1ab9, 0xe2bd89},
    {0x1ad0, 0xe2bd8a},
    {0x1d6d, 0xe2bd8b},
    {0x1d95, 0xe2bd8c},
    {0x1da8, 0xe2bd8d},
    {0x1dcf, 0xe2bd8e},
    {0x1de3, 0xe2bd8f},
    {0x1dea, 0xe2bd90},
    {0x1def, 0xe2bd91},
    {0x1e06, 0xe2bd92},
    {0x1e0b, 0xe2bd93},
    {0x1e18, 0xe2bd94},
    {0x20a0, 0xe2bd95},
    {0x2169, 0xe2bd96},
    {0x2172, 0xe2bd97},
    {0x2176, 0xe2bd98},
    {0x217a, 0xe2bd99},
    {0x2181, 0xe2bd9a},
    {0x218e, 0xe2bd9b},
    {0x2190, 0xe2bd9c},
    {0x21ba, 0xe2bd9d},
    {0x2239, 0xe2bd9e},
    {0x223d, 0xe2bd9f},
    {0x2308, 0xe2bda0},
    {0x230f, 0xe2bda1},
    {0x2330, 0xe2bda2},
    {0x2334, 0xe2bda3},
    {0x233d, 0xe2bda4},
    {0x2343, 0xe2bda5},
    {0x238e, 0xe2bda6},
    {0x2394, 0xe2bda7},
    {0x242e, 0xe2bda8},
    {0x2433, 0xe2bda9},
    {0x2458, 0xe2bdaa},
    {0x2462, 0xe2bdab},
    {0x2483, 0xe2bdac},
    {0x250d, 0xe2bdad},
    {0x2512, 0xe2bdae},
    {0x2520, 0xe2bdaf},
    {0x25cc, 0xe2bdb0},
    {0x261c, 0xe2bdb1},
    {0x2621, 0xe2bdb2},
    {0x2697, 0xe2bdb3},
    {0x26cf, 0xe2bdb4},
    {0x26f1, 0xe2bdb5},
    {0x27ea, 0xe2bdb6},
    {0x283e, 0xe2bdb7},
    {0x2972, 0xe2bdb8},
    {0x2983, 0xe2bdb9},
    {0x29ab, 0xe2bdba},
    {0x29cb, 0xe2bdbb},
    {0x29f2, 0xe2bdbc},
    {0x29fc, 0xe2bdbd},
    {0x2a02, 0xe2bdbe},
    {0x2a16, 0xe2bdbf},
    {0x2a41, 0xe2be80},
    {0x2a49, 0xe2be81},
    {0x2b1d, 0xe2be82},
    {0x2b22, 0xe2be83},
    {0x2b2a, 0xe2be84},
    {0x2b32, 0xe2be85},
    {0x2b41, 0xe2be86},
    {0x2b4e, 0xe2be87},
    {0x2b52, 0xe2be88},
    {0x2b82, 0xe2be89},
    {0x2b85, 0xe2be8a},
    {0x2b89, 0xe2be8b},
    {0x2ddb, 0xe2be8c},
    {0x2df4, 0xe2be8d},
    {0x2f10, 0xe2be8e},
    {0x2f1b, 0xe2be8f},
    {0x2f2f, 0xe2be90},
    {0x2fda, 0xe2be91},
    {0x2fe4, 0xe2be92},
    {0x3008, 0xe2be93},
    {0x3021, 0xe2be94},
    {0x314a, 0xe2be95},
    {0x3153, 0xe2be96},
    {0x3160, 0xe2be97},
    {0x3175, 0xe2be98},
    {0x318d, 0xe2be99},
    {0x31f1, 0xe2be9a},
    {0x31fb, 0xe2be9b},
    {0x3217, 0xe2be9c},
    {0x32ae, 0xe2be9d},
    {0x32c3, 0xe2be9e},
    {0x332e, 0xe2be9f},
    {0x333f, 0xe2bea0},
    {0x3343, 0xe2bea1},
    {0x33ed, 0xe2bea2},
    {0x3454, 0xe2bea3},
    {0x34aa, 0xe2bea4},
    {0x34af, 0xe2bea5},
    {0x34b4, 0xe2bea6},
    {0x366e, 0xe2bea7},
    {0x3673, 0xe2bea8},
    {0x36c2, 0xe2bea9},
    {0x372e, 0xe2beaa},
    {0x3731, 0xe2beab},
    {0x3750, 0xe2beac},
    {0x3791, 0xe2bead},
    {0x379b, 0xe2beae},
    {0x379e, 0xe2beaf},
    {0x37a4, 0xe2beb0},
    {0x37e6, 0xe2beb1},
    {0x37f9, 0xe2beb2},
    {0x37fe, 0xe2beb3},
    {0x3807, 0xe2beb4},
    {0x385a, 0xe2beb5},
    {0x3874, 0xe2beb6},
    {0x3877, 0xe2beb7},
    {0x38d4, 0xe2beb8},
    {0x38d7, 0xe2beb9},
    {0x38e0, 0xe2beba},
    {0x3959, 0xe2bebb},
    {0x397d, 0xe2bebc},
    {0x3982, 0xe2bebd},
    {0x39b6, 0xe2bebe},
    {0x39c0, 0xe2bebf},
    {0x39c2, 0xe2bf80},
    {0x39ca, 0xe2bf81},
    {0x39de, 0xe2bf82},
    {0x3aa7, 0xe2bf83},
    {0x3b59, 0xe2bf84},
    {0x3b60, 0xe2bf85},
    {0x3b79, 0xe2bf86},
    {0x3b89, 0xe2bf87},
    {0x3b8e, 0xe2bf88},
    {0x3b94, 0xe2bf89},
    {0x3b98, 0xe2bf8a},
    {0x3bb4, 0xe2bf8b},
    {0x3bb7, 0xe2bf8c},
    {0x3bbf, 0xe2bf8d},
    {0x3bc4, 0xe2bf8e},
    {0x3bcd, 0xe2bf8f},
    {0x3bdb, 0xe2bf90},
    {0x3be6, 0xe2bf91},
    {0x3beb, 0xe2bf92},
    {0x3c0d, 0xe2bf93},
    {0x3c17, 0xe2bf94},
    {0x3c1c, 0xe2bf95},
    {0x45c9, 0xe3809c},
    {0x4ab, 0xe38181},
    {0x4aa, 0xe38182},
    {0x4ad, 0xe38183},
    {0x4ac, 0xe38184},
    {0x4af, 0xe38185},
    {0x4ae, 0xe38186},
    {0x4b1, 0xe38187},
    {0x4b0, 0xe38188},
    {0x4b3, 0xe38189},
    {0x4b2, 0xe3818a},
    {0x4b4, 0xe3818b},
    {0x4d0, 0xe381a3},
    {0x4cf, 0xe381a4},
    {0x4f0, 0xe38283},
    {0x4ef, 0xe38284},
    {0x4f2, 0xe38285},
    {0x4f1, 0xe38286},
    {0x4f4, 0xe38287},
    {0x4f3, 0xe38288},
    {0x4fb, 0xe3828e},
    {0x4fa, 0xe3828f},
    {0x4b5, 0xe38295},
    {0x4bc, 0xe38296},
    {0x501, 0xe3829f},
    {0x577, 0xe382a0},
    {0x503, 0xe382a1},
    {0x502, 0xe382a2},
    {0x505, 0xe382a3},
    {0x504, 0xe382a4},
    {0x507, 0xe382a5},
    {0x506, 0xe382a6},
    {0x509, 0xe382a7},
    {0x508, 0xe382a8},
    {0x50b, 0xe382a9},
    {0x50a, 0xe382aa},
    {0x50c, 0xe382ab},
    {0x52b, 0xe38383},
    {0x52a, 0xe38384},
    {0x553, 0xe383a3},
    {0x552, 0xe383a4},
    {0x555, 0xe383a5},
    {0x554, 0xe383a6},
    {0x557, 0xe383a7},
    {0x556, 0xe383a8},
    {0x558, 0xe383a9},
    {0x55a, 0xe383aa},
    {0x55c, 0xe383ab},
    {0x55e, 0xe383ac},
    {0x560, 0xe383ad},
    {0x563, 0xe383ae},
    {0x562, 0xe383af},
    {0x50d, 0xe383b5},
    {0x515, 0xe383b6},
    {0x578, 0xe383bb},
    {0x56e, 0xe383bc},
    {0x56d, 0xe383bf},
    {0x512, 0xe387b0},
    {0x51d, 0xe387b1},
    {0x520, 0xe387b2},
    {0x530, 0xe387b3},
    {0x535, 0xe387b4},
    {0x539, 0xe387b5},
    {0x53d, 0xe387b6},
    {0x541, 0xe387b7},
    {0x545, 0xe387b8},
    {0x549, 0xe387b9},
    {0x54f, 0xe387ba},
    {0x559, 0xe387bb},
    {0x55b, 0xe387bc},
    {0x55d, 0xe387bd},
    {0x55f, 0xe387be},
    {0x561, 0xe387bf},
    {0x90d, 0xe38bbf},
    {0x90e, 0xe38dbf},
    {0x98f, 0xe39082},
    {0x992, 0xe390a7},
    {0x993, 0xe390ac},
    {0x994, 0xe390ae},
    {0x995, 0xe391a8},
    {0x996, 0xe391aa},
    {0x997, 0xe39288},
    {0x998, 0xe39292},
    {0x999, 0xe392b5},
    {0x99a, 0xe392bc},
    {0x99b, 0xe39381},
    {0x99d, 0xe39387},
    {0x99e, 0xe3939b},
    {0x99f, 0xe3949f},
    {0x9a0, 0xe394be},
    {0x9a3, 0xe395a3},
    {0x9a4, 0xe395ae},
    {0x9a5, 0xe396a6},
    {0x9a6, 0xe396a8},
    {0x9a7, 0xe39785},
    {0x9a8, 0xe3979a},
    {0x9a9, 0xe3979e},
    {0x9aa, 0xe397b4},
    {0x9ab, 0xe39885},
    {0x9ac, 0xe39894},
    {0x9ad, 0xe3998a},
    {0x9ae, 0xe39a91},
    {0x9af, 0xe39a96},
    {0x9b0, 0xe39a99},
    {0x9b1, 0xe39b8f},
    {0x9b6, 0xe39db5},
    {0x9b7, 0xe39e8d},
    {0x9b8, 0xe39f81},
    {0x9b9, 0xe39fa2},
    {0x9ba, 0xe39fa8},
    {0x9bb, 0xe39fb4},
    {0x9bc, 0xe39fbd},
    {0x9bd, 0xe3a080},
    {0x9be, 0xe3a0af},
    {0x9bf, 0xe3a0b6},
    {0x9c0, 0xe3a180},
    {0x9c1, 0xe3a19c},
    {0x9c2, 0xe3a1a1},
    {0x9c3, 0xe3a2a1},
    {0x9c4, 0xe3a2ad},
    {0x9c5, 0xe3a3ba},
    {0x9c6, 0xe3a497},
    {0x9c7, 0xe3a49a},
    {0x9c8, 0xe3a5af},
    {0x9c9, 0xe3a6a4},
    {0x9ca, 0xe3a6b8},
    {0x9cb, 0xe3a99c},
    {0x9cc, 0xe3a9ae},
    {0x9cd, 0xe3a9b3},
    {0x9ce, 0xe3aa85},
    {0x9cf, 0xe3ab84},
    {0x9d0, 0xe3ab8b},
    {0x9d3, 0xe3abaa},
    {0x9d4, 0xe3abb3},
    {0x9d5, 0xe3ac8e},
    {0x9d6, 0xe3ac9a},
    {0x9d7, 0xe3ac9c},
    {0x9d8, 0xe3aca2},
    {0x2a8b, 0xe3acb5},
    {0x9d9, 0xe3adad},
    {0x9da, 0xe3adb7},
    {0x9dd, 0xe3ae8d},
    {0x9de, 0xe3aea4},
    {0x9df, 0xe3aeb6},
    {0x9e0, 0xe3af83},
    {0x9e1, 0xe3af8d},
    {0x9e2, 0xe3afb0},
    {0x9e3, 0xe3afb3},
    {0x9e4, 0xe3b08f},
    {0x9e5, 0xe3b0a6},
    {0x9e6, 0xe3b383},
    {0x9e7, 0xe3b392},
    {0x9e8, 0xe3b491},
    {0x9e9, 0xe3b49e},
    {0x9ea, 0xe3b4b1},
    {0x9eb, 0xe3b58e},
    {0x9ec, 0xe3b5a4},
    {0x9ed, 0xe3b69a},
    {0x9ee, 0xe3b780},
    {0x9ef, 0xe3b78c},
    {0x9f0, 0xe3b794},
    {0x9f1, 0xe3b885},
    {0x9f2, 0xe3b8bf},
    {0x9f3, 0xe3b980},
    {0x9f4, 0xe3b9a0},
    {0x9f5, 0xe3b9a6},
    {0x9f6, 0xe3b9a8},
    {0x9f7, 0xe3ba83},
    {0x9f8, 0xe3ba8a},
    {0x9f9, 0xe3ba94},
    {0x9fa, 0xe3bb9a},
    {0x9fb, 0xe3bd97},
    {0x9fc, 0xe3bdb2},
    {0x9fd, 0xe3bdb5},
    {0x9fe, 0xe3bdb7},
    {0x9ff, 0xe3beae},
    {0xa00, 0xe3beb1},
    {0xa01, 0xe3bf89},
    {0xa02, 0xe3bf97},
    {0xa03, 0xe3bf9c},
    {0xa04, 0xe480b9},
    {0xa05, 0xe48198},
    {0xa06, 0xe48293},
    {0xa07, 0xe48483},
    {0xa08, 0xe48485},
    {0xa09, 0xe48588},
    {0xa0a, 0xe4858f},
    {0xa0b, 0xe485a3},
    {0xa0c, 0xe486b4},
    {0xa0d, 0xe486bf},
    {0xa0e, 0xe487a6},
    {0xa0f, 0xe487ae},
    {0xa10, 0xe487b3},
    {0xa11, 0xe48887},
    {0xa12, 0xe4888e},
    {0xa13, 0xe489a4},
    {0xa14, 0xe48a93},
    {0xa15, 0xe48b86},
    {0xa16, 0xe48b96},
    {0xa17, 0xe48b9d},
    {0xa18, 0xe48c82},
    {0xa19, 0xe48cab},
    {0xa1a, 0xe48d83},
    {0xa1b, 0xe48fae},
    {0xa1c, 0xe48fb0},
    {0xa1d, 0xe49088},
    {0xa1e, 0xe4908c},
    {0xa1f, 0xe49097},
    {0xa20, 0xe4909c},
    {0xa21, 0xe490a2},
    {0xa22, 0xe49193},
    {0xa23, 0xe4919b},
    {0xa24, 0xe491b6},
    {0xa25, 0xe491ba},
    {0xa26, 0xe49291},
    {0xa27, 0xe492b3},
    {0xa28, 0xe492be},
    {0xa29, 0xe49394},
    {0xa2a, 0xe49488},
    {0xa2b, 0xe4948d},
    {0xa2c, 0xe494a5},
    {0xa2d, 0xe49583},
    {0xa2e, 0xe495ba},
    {0xa2f, 0xe4969d},
    {0xa30, 0xe496b8},
    {0xa31, 0xe496be},
    {0xa32, 0xe497a5},
    {0xa33, 0xe497aa},
    {0xa36, 0xe49981},
    {0xa37, 0xe499a5},
    {0xa38, 0xe49aa1},
    {0xa3b, 0xe49c8c},
    {0xa3c, 0xe49c9f},
    {0xa3d, 0xe49da4},
    {0xa3e, 0xe49fa6},
    {0xa3f, 0xe49fbd},
    {0xa40, 0xe4a096},
    {0xa41, 0xe4a09e},
    {0xa42, 0xe4a184},
    {0xa43, 0xe4a18e},
    {0xa44, 0xe4a2b5},
    {0xa45, 0xe4a6b0},
    {0xa46, 0xe4a7a7},
    {0xa47, 0xe4a7ba},
    {0xa48, 0xe4a884},
    {0xa49, 0xe4a8a9},
    {0xa4a, 0xe4aabc},
    {0xa4b, 0xe4acb8},
    {0xa4c, 0xe4acbb},
    {0xa4d, 0xe4adbe},
    {0xa4e, 0xe4af82},
    {0xa4f, 0xe4af8a},
    {0xa50, 0xe4af92},
    {0xa51, 0xe4afa8},
    {0xa52, 0xe4b097},
    {0xa53, 0xe4b0a0},
    {0xa54, 0xe4b0b8},
    {0xa55, 0xe4b384},
    {0xa56, 0xe4b391},
    {0xa57, 0xe4b3a1},
    {0xa58, 0xe4b487},
    {0xa59, 0xe4b5b7},
    {0xa74, 0xe4b8a1},
    {0xa77, 0xe4b8a6},
    {0xa8a, 0xe4b8bf},
    {0xa93, 0xe4b98b},
    {0xa97, 0xe4b991},
    {0xaa7, 0xe4b9b1},
    {0xaab, 0xe4b9b9},
    {0xaae, 0xe4ba80},
    {0xaaf, 0xe4ba82},
    {0xacc, 0xe4baa8},
    {0xad3, 0xe4bab3},
    {0xad4, 0xe4bab6},
    {0xaf8, 0xe4bba8},
    {0xaf9, 0xe4bbab},
    {0xb1f, 0xe4bcab},
    {0xb30, 0xe4bd80},
    {0xb51, 0xe4bdac},
    {0xb56, 0xe4bdb3},
    {0xb80, 0xe4beab},
    {0xb84, 0xe4beb2},
    {0xb88, 0xe4beb9},
    {0xbb8, 0xe4bfb8},
    {0xbb9, 0xe4bfba},
    {0xbe9, 0xe580b0},
    {0xbee, 0xe580b9},
    {0xbef, 0xe580bb},
    {0xbfa, 0xe5818c},
    {0xc06, 0xe5819c},
    {0xc0e, 0xe581aa},
    {0xc19, 0xe581bd},
    {0xc20, 0xe58288},
    {0xc21, 0xe5828a},
    {0xc37, 0xe582aa},
    {0xc41, 0xe582b7},
    {0xc47, 0xe58380},
    {0xc4c, 0xe58387},
    {0xc76, 0xe583be},
    {0xc84, 0xe58490},
    {0xc85, 0xe58492},
    {0xc92, 0xe584a1},
    {0xc93, 0xe584a3},
    {0xc96, 0xe584aa},
    {0xc99, 0xe584af},
    {0xca5, 0xe584bf},
    {0xcbd, 0xe5859a},
    {0xcbe, 0xe5859c},
    {0xcc1, 0xe585a2},
    {0xccd, 0xe585b1},
    {0xcd7, 0xe585be},
    {0xcd8, 0xe58680},
    {0xcee, 0xe5869d},
    {0xd05, 0xe586ba},
    {0xd15, 0xe5878f},
    {0xd1c, 0xe58798},
    {0xd45, 0xe5888e},
    {0xd4e, 0xe5889d},
    {0xd4f, 0xe588a2},
    {0xd58, 0xe588ae},
    {0xd68, 0xe58987},
    {0xd6e, 0xe5898f},
    {0xd82, 0xe589ac},
    {0xd8e, 0xe589bd},
    {0xd8f, 0xe589bf},
    {0xd90, 0xe58a80},
    {0xde6, 0xe58bac},
    {0xdf9, 0xe58c85},
    {0xe05, 0xe58c93},
    {0xe22, 0xe58cb5},
    {0xe42, 0xe58d9e},
    {0xe4a, 0xe58da9},
    {0xe63, 0xe58e8e},
    {0xe66, 0xe58e96},
    {0xe6a, 0xe58e9d},
    {0xe82, 0xe58ebd},
    {0xeb6, 0xe58fba},
    {0xece, 0xe590a4},
    {0xed9, 0xe590b1},
    {0xee5, 0xe59180},
    {0xef2, 0xe59191},
    {0xef3, 0xe59195},
    {0xef6, 0xe591a2},
    {0xef7, 0xe591a4},
    {0xf0b, 0xe591bf},
    {0xf1f, 0xe5929c},
    {0xf48, 0xe59398},
    {0xf58, 0xe593b6},
    {0xf59, 0xe593ba},
    {0xf6e, 0xe594a7},
    {0xf8b, 0xe59593},
    {0xf98, 0xe595a6},
    {0xfc1, 0xe596b0},
    {0xfc2, 0xe596b2},
    {0xfc3, 0xe596b6},
    {0xfc4, 0xe596bf},
    {0xfc5, 0xe59781},
    {0xfcb, 0xe59789},
    {0xfce, 0xe5978e},
    {0xfde, 0xe597a9},
    {0xfdf, 0xe597ac},
    {0xfe0, 0xe597ae},
    {0xfe1, 0xe597b1},
    {0xff5, 0xe59894},
    {0xffa, 0xe5989b},
    {0xffb, 0xe598a0},
    {0xffe, 0xe598ac},
    {0x100d, 0xe598bf},
    {0x1015, 0xe59989},
    {0x101e, 0xe5999b},
    {0x101f, 0xe5999e},
    {0x1025, 0xe599a6},
    {0x102c, 0xe599af},
    {0x1032, 0xe599b8},
    {0x1033, 0xe599ba},
    {0x1034, 0xe59a80},
    {0x103d, 0xe59a8f},
    {0x1046, 0xe59aa2},
    {0x1056, 0xe59abc},
    {0x1057, 0xe59abe},
    {0x105c, 0xe59b85},
    {0x1067, 0xe59b93},
    {0x1079, 0xe59bab},
    {0x1084, 0xe59bbd},
    {0x1085, 0xe59bbf},
    {0x1092, 0xe59c8f},
    {0x1098, 0xe59c98},
    {0x10b2, 0xe59cbb},
    {0x10b6, 0xe59d80},
    {0x10b7, 0xe59d82},
    {0x10bb, 0xe59d8a},
    {0x10c3, 0xe59d99},
    {0x10c4, 0xe59d9f},
    {0x10d7, 0xe59db7},
    {0x10e8, 0xe59e97},
    {0x10f8, 0xe59eac},
    {0x10f9, 0xe59eae},
    {0x10fa, 0xe59eb0},
    {0x10fb, 0xe59eb3},
    {0x10fc, 0xe59eb8},
    {0x10fd, 0xe59ebd},
    {0x10fe, 0xe59f80},
    {0x10ff, 0xe59f83},
    {0x1117, 0xe59fa9},
    {0x1118, 0xe59fad},
    {0x1119, 0xe59fb0},
    {0x1126, 0xe5a080},
    {0x1132, 0xe5a095},
    {0x1133, 0xe5a099},
    {0x1134, 0xe5a09b},
    {0x113a, 0xe5a0a4},
    {0x113d, 0xe5a0aa},
    {0x113e, 0xe5a0ad},
    {0x1147, 0xe5a0bd},
    {0x1148, 0xe5a0bf},
    {0x115e, 0xe5a1a4},
    {0x1162, 0xe5a1ab},
    {0x1163, 0xe5a1ad},
    {0x1164, 0xe5a1b0},
    {0x1165, 0xe5a1b2},
    {0x1166, 0xe5a1b5},
    {0x1169, 0xe5a1bc},
    {0x116e, 0xe5a283},
    {0x116f, 0xe5a285},
    {0x1185, 0xe5a2a6},
    {0x118a, 0xe5a2ae},
    {0x1193, 0xe5a2be},
    {0x119b, 0xe5a38a},
    {0x11b3, 0xe5a3a9},
    {0x11bd, 0xe5a3b7},
    {0x11c3, 0xe5a482},
    {0x11d8, 0xe5a49f},
    {0x120d, 0xe5a5a5},
    {0x122f, 0xe5a699},
    {0x1230, 0xe5a69b},
    {0x1231, 0xe5a69d},
    {0x1232, 0xe5a69f},
    {0x123f, 0xe5a6b7},
    {0x1244, 0xe5a6be},
    {0x1245, 0xe5a781},
    {0x1248, 0xe5a786},
    {0x124d, 0xe5a78d},
    {0x1266, 0xe5a7b4},
    {0x126a, 0xe5a7bb},
    {0x126b, 0xe5a7bf},
    {0x1270, 0xe5a889},
    {0x1286, 0xe5a8ad},
    {0x128b, 0xe5a8bc},
    {0x1294, 0xe5a98c},
    {0x1295, 0xe5a990},
    {0x1296, 0xe5a995},
    {0x1297, 0xe5a99a},
    {0x1298, 0xe5a99e},
    {0x129e, 0xe5a9aa},
    {0x12a1, 0xe5a9b7},
    {0x12a6, 0xe5aa84},
    {0x12a7, 0xe5aa8b},
    {0x12a8, 0xe5aa90},
    {0x12ab, 0xe5aa96},
    {0x12b3, 0xe5aaa2},
    {0x12b4, 0xe5aaa7},
    {0x12b5, 0xe5aaac},
    {0x12b9, 0xe5aab5},
    {0x12ba, 0xe5aab8},
    {0x12c3, 0xe5ab84},
    {0x12c4, 0xe5ab86},
    {0x12cd, 0xe5ab9a},
    {0x12ce, 0xe5ab9c},
    {0x12d1, 0xe5aba3},
    {0x12d6, 0xe5abae},
    {0x12d7, 0xe5abb0},
    {0x12dc, 0xe5abbd},
    {0x12e5, 0xe5ac99},
    {0x12e6, 0xe5ac9b},
    {0x12e7, 0xe5ac9d},
    {0x12ea, 0xe5aca5},
    {0x12eb, 0xe5acaa},
    {0x12ee, 0xe5acb0},
    {0x12ef, 0xe5acb2},
    {0x12f0, 0xe5acb4},
    {0x12f1, 0xe5acb6},
    {0x12f2, 0xe5acb8},
    {0x12f3, 0xe5acbe},
    {0x12f6, 0xe5ad83},
    {0x12f7, 0xe5ad85},
    {0x130e, 0xe5adab},
    {0x1313, 0xe5adb3},
    {0x1316, 0xe5adb8},
    {0x1317, 0xe5adba},
    {0x1339, 0xe5ae9f},
    {0x1350, 0xe5aebc},
    {0x1351, 0xe5aebf},
    {0x135a, 0xe5af89},
    {0x137f, 0xe5afb8},
    {0x1380, 0xe5afba},
    {0x13a1, 0xe5b0a6},
    {0x13ba, 0xe5b188},
    {0x13c2, 0xe5b193},
    {0x13c3, 0xe5b195},
    {0x13e3, 0xe5b28a},
    {0x13e4, 0xe5b28c},
    {0x13e9, 0xe5b294},
    {0x13ea, 0xe5b29d},
    {0x1403, 0xe5b2be},
    {0x1404, 0xe5b385},
    {0x1405, 0xe5b387},
    {0x1406, 0xe5b389},
    {0x1407, 0xe5b38b},
    {0x1408, 0xe5b390},
    {0x1409, 0xe5b392},
    {0x140a, 0xe5b397},
    {0x140b, 0xe5b399},
    {0x140c, 0xe5b39d},
    {0x140f, 0xe5b3a6},
    {0x141e, 0xe5b3bd},
    {0x141f, 0xe5b481},
    {0x1422, 0xe5b48b},
    {0x1430, 0xe5b49d},
    {0x1438, 0xe5b4a9},
    {0x1439, 0xe5b4ab},
    {0x143a, 0xe5b4b1},
    {0x143b, 0xe5b4b4},
    {0x143c, 0xe5b4b9},
    {0x143d, 0xe5b4bd},
    {0x143e, 0xe5b4bf},
    {0x1447, 0xe5b58e},
    {0x144c, 0xe5b595},
    {0x144d, 0xe5b599},
    {0x144e, 0xe5b59c},
    {0x1453, 0xe5b5a4},
    {0x145a, 0xe5b5b3},
    {0x145b, 0xe5b5b6},
    {0x1469, 0xe5b690},
    {0x146e, 0xe5b697},
    {0x146f, 0xe5b699},
    {0x1470, 0xe5b69b},
    {0x1471, 0xe5b69d},
    {0x1474, 0xe5b6a2},
    {0x1475, 0xe5b6a4},
    {0x1476, 0xe5b6a7},
    {0x1479, 0xe5b6ae},
    {0x147a, 0xe5b6b0},
    {0x147b, 0xe5b6b2},
    {0x147c, 0xe5b6b4},
    {0x1483, 0xe5b783},
    {0x1484, 0xe5b787},
    {0x1485, 0xe5b789},
    {0x1492, 0xe5b79b},
    {0x149f, 0xe5b7ab},
    {0x14a0, 0xe5b7ae},
    {0x14a9, 0xe5b7bb},
    {0x14ad, 0xe5b880},
    {0x14be, 0xe5b89d},
    {0x14c1, 0xe5b8a5},
    {0x14c2, 0xe5b8a8},
    {0x14c3, 0xe5b8ab},
    {0x14d0, 0xe5b980},
    {0x14d4, 0xe5b987},
    {0x14d5, 0xe5b989},
    {0x14d8, 0xe5b98e},
    {0x14e8, 0xe5b9a8},
    {0x14ee, 0xe5b9b0},
    {0x1501, 0xe5ba87},
    {0x150b, 0xe5ba9c},
    {0x150c, 0xe5baa0},
    {0x150d, 0xe5baa2},
    {0x1517, 0xe5bab1},
    {0x1518, 0xe5bab3},
    {0x1524, 0xe5bb86},
    {0x153e, 0xe5bba5},
    {0x158f, 0xe5bd8a},
    {0x15d6, 0xe5bea4},
    {0x1602, 0xe5bfa4},
    {0x1611, 0xe5bfb8},
    {0x1616, 0xe5bfbf},
    {0x1617, 0xe68087},
    {0x1618, 0xe6808a},
    {0x1635, 0xe680ad},
    {0x1636, 0xe680af},
    {0x1637, 0xe680b1},
    {0x1638, 0xe680b3},
    {0x1639, 0xe680b5},
    {0x163a, 0xe680ba},
    {0x1650, 0xe6819d},
    {0x1662, 0xe681b5},
    {0x1663, 0xe681b7},
    {0x1697, 0xe68382},
    {0x16a2, 0xe68391},
    {0x16b2, 0xe683a5},
    {0x16b5, 0xe683ae},
    {0x1700, 0xe68593},
    {0x1701, 0xe68595},
    {0x1726, 0xe68687},
    {0x1743, 0xe686b2},
    {0x1744, 0xe686b6},
    {0x1748, 0xe686bc},
    {0x1749, 0xe686be},
    {0x1759, 0xe68795},
    {0x1768, 0xe687af},
    {0x1769, 0xe687b2},
    {0x176f, 0xe687ba},
    {0x179c, 0xe688b6},
    {0x179f, 0xe688bb},
    {0x17b7, 0xe68998},
    {0x17bb, 0xe6899e},
    {0x17c0, 0xe689a8},
    {0x17c4, 0xe689b1},
    {0x17c5, 0xe689b3},
    {0x17c6, 0xe689b6},
    {0x17ce, 0xe68a80},
    {0x17e4, 0xe68a9e},
    {0x17e5, 0xe68aa6},
    {0x17e6, 0xe68aa8},
    {0x17e9, 0xe68ab1},
    {0x17ea, 0xe68ab3},
    {0x17f5, 0xe68b82},
    {0x1811, 0xe68baa},
    {0x182e, 0xe68c93},
    {0x182f, 0xe68c96},
    {0x1832, 0xe68c9b},
    {0x1833, 0xe68c9f},
    {0x1839, 0xe68cad},
    {0x183a, 0xe68caf},
    {0x183b, 0xe68cb2},
    {0x1849, 0xe68d86},
    {0x186f, 0xe68dbf},
    {0x1870, 0xe68e80},
    {0x1878, 0xe68e8c},
    {0x187c, 0xe68e92},
    {0x1896, 0xe68eb2},
    {0x1899, 0xe68ebb},
    {0x18b2, 0xe68fa3},
    {0x18b3, 0xe68fa5},
    {0x18c3, 0xe69086},
    {0x18c6, 0xe6908d},
    {0x18cf, 0xe6909c},
    {0x18d0, 0xe6909e},
    {0x18d1, 0xe690a0},
    {0x18d2, 0xe690a2},
    {0x18e0, 0xe690ba},
    {0x18e4, 0xe69182},
    {0x18e5, 0xe6918b},
    {0x18ec, 0xe69198},
    {0x18f4, 0xe691a3},
    {0x18f5, 0xe691a7},
    {0x18f6, 0xe691a9},
    {0x18f7, 0xe691ad},
    {0x18f8, 0xe691af},
    {0x18fb, 0xe691b6},
    {0x1900, 0xe691bd},
    {0x1901, 0xe69283},
    {0x1902, 0xe69285},
    {0x190a, 0xe69295},
    {0x1912, 0xe692a1},
    {0x191d, 0xe692b0},
    {0x1920, 0xe692b9},
    {0x192a, 0xe69387},
    {0x1938, 0xe6939a},
    {0x1959, 0xe6948f},
    {0x195c, 0xe69496},
    {0x1967, 0xe694a6},
    {0x1998, 0xe695b0},
    {0x1999, 0xe695b2},
    {0x199e, 0xe695ba},
    {0x199f, 0xe695bd},
    {0x19a9, 0xe6968c},
    {0x19aa, 0xe6968e},
    {0x19ae, 0xe69695},
    {0x19db, 0xe69792},
    {0x19dc, 0xe69794},
    {0x19e1, 0xe6979b},
    {0x19f9, 0xe69880},
    {0x1a2b, 0xe698bf},
    {0x1a7a, 0xe69aa2},
    {0x1a7b, 0xe69aa4},
    {0x1a7c, 0xe69aa6},
    {0x1a7d, 0xe69aab},
    {0x1a94, 0xe69b8c},
    {0x1a97, 0xe69b94},
    {0x1a98, 0xe69b96},
    {0x1aa0, 0xe69ba6},
    {0x1aa5, 0xe69bae},
    {0x1aa6, 0xe69bb0},
    {0x1ab6, 0xe69c83},
    {0x1ab7, 0xe69c85},
    {0x1abb, 0xe69c8b},
    {0x2a5a, 0xe69c8c},
    {0x2a6d, 0xe69c90},
    {0x1ac5, 0xe69c99},
    {0x1acc, 0xe69ca2},
    {0x1ad6, 0xe69cb1},
    {0x1add, 0xe69cba},
    {0x1ae1, 0xe69d81},
    {0x1ae2, 0xe69d83},
    {0x1af2, 0xe69d99},
    {0x1afe, 0xe69daa},
    {0x1b13, 0xe69e87},
    {0x1b14, 0xe69e89},
    {0x1b29, 0xe69ea4},
    {0x1b2a, 0xe69ea6},
    {0x1b2b, 0xe69ea9},
    {0x1b56, 0xe69fa4},
    {0x1b59, 0xe69fa9},
    {0x1b5a, 0xe69fac},
    {0x1b70, 0xe6a090},
    {0x1ba9, 0xe6a19f},
    {0x1baa, 0xe6a1a3},
    {0x1bab, 0xe6a1a7},
    {0x1bac, 0xe6a1ab},
    {0x1bc2, 0xe6a288},
    {0x1c3a, 0xe6a4a8},
    {0x1c3b, 0xe6a4aa},
    {0x1c44, 0xe6a4bb},
    {0x1c45, 0xe6a4bd},
    {0x1c46, 0xe6a4bf},
    {0x1c47, 0xe6a582},
    {0x1c4c, 0xe6a58e},
    {0x1c50, 0xe6a597},
    {0x1c78, 0xe6a686},
    {0x1c79, 0xe6a68a},
    {0x1c81, 0xe6a698},
    {0x1c8a, 0xe6a6ab},
    {0x1c91, 0xe6a6b4},
    {0x1c9b, 0xe6a783},
    {0x1c9c, 0xe6a785},
    {0x1ca7, 0xe6a793},
    {0x1cb0, 0xe6a7a5},
    {0x1cbf, 0xe6a7b9},
    {0x1cc0, 0xe6a7bb},
    {0x1cc8, 0xe6a885},
    {0x1ccc, 0xe6a88f},
    {0x1cd2, 0xe6a897},
    {0x1ce2, 0xe6a8ae},
    {0x1ce3, 0xe6a8b0},
    {0x1cf9, 0xe6a98e},
    {0x1d02, 0xe6a99b},
    {0x1d03, 0xe6a99f},
    {0x1d06, 0xe6a9a4},
    {0x1d0e, 0xe6a9b8},
    {0x1d0f, 0xe6a9ba},
    {0x1d18, 0xe6aa89},
    {0x1d19, 0xe6aa8b},
    {0x1d1e, 0xe6aa94},
    {0x1d1f, 0xe6aa97},
    {0x1d29, 0xe6aaa5},
    {0x1d33, 0xe6aab8},
    {0x1d34, 0xe6aabb},
    {0x1d3b, 0xe6ab86},
    {0x1d3e, 0xe6ab8c},
    {0x1d4b, 0xe6aba2},
    {0x1d4c, 0xe6aba4},
    {0x1d4f, 0xe6abaa},
    {0x1d50, 0xe6abac},
    {0x1d55, 0xe6abb8},
    {0x1d69, 0xe6ac9b},
    {0x1d75, 0xe6acaf},
    {0x1d76, 0xe6acb2},
    {0x1d81, 0xe6ad83},
    {0x1d89, 0xe6ad90},
    {0x1d8d, 0xe6ad96},
    {0x1d90, 0xe6ad9b},
    {0x1d91, 0xe6ad9d},
    {0x1db8, 0xe6ae8d},
    {0x1dbd, 0xe6ae9b},
    {0x1ddb, 0xe6af80},
    {0x1df0, 0xe6af9f},
    {0x1df1, 0xe6afa1},
    {0x1df2, 0xe6afa3},
    {0x1df9, 0xe6afb1},
    {0x1dfa, 0xe6afb3},
    {0x1dfb, 0xe6afb7},
    {0x1dfc, 0xe6afb9},
    {0x1dfd, 0xe6afbf},
    {0x1dfe, 0xe6b082},
    {0x1e0c, 0xe6b097},
    {0x1e0d, 0xe6b099},
    {0x1e0e, 0xe6b09b},
    {0x1e0f, 0xe6b09f},
    {0x1e15, 0xe6b0ac},
    {0x1e16, 0xe6b0ae},
    {0x1e2a, 0xe6b192},
    {0x1e2d, 0xe6b197},
    {0x1e36, 0xe6b1a2},
    {0x1e3b, 0xe6b1ad},
    {0x1e41, 0xe6b1b6},
    {0x1e53, 0xe6b290},
    {0x1e5f, 0xe6b29f},
    {0x1e8f, 0xe6b3a5},
    {0x1e9e, 0xe6b3bb},
    {0x1ea1, 0xe6b484},
    {0x1ea2, 0xe6b487},
    {0x1eab, 0xe6b497},
    {0x1ec8, 0xe6b581},
    {0x1edc, 0xe6b5ac},
    {0x1ee0, 0xe6b5b4},
    {0x1ee4, 0xe6b5bc},
    {0x1ee8, 0xe6b685},
    {0x1f00, 0xe6b6b2},
    {0x1f08, 0xe6b6bf},
    {0x1f09, 0xe6b780},
    {0x1f0a, 0xe6b782},
    {0x1f3b, 0xe6b880},
    {0x1f43, 0xe6b893},
    {0x1f44, 0xe6b895},
    {0x1f45, 0xe6b897},
    {0x1f54, 0xe6b8a9},
    {0x1f5a, 0xe6b8b2},
    {0x1f5b, 0xe6b8b4},
    {0x1f5c, 0xe6b8b6},
    {0x1f62, 0xe6b8be},
    {0x1f7f, 0xe6b9ab},
    {0x1f84, 0xe6b9b6},
    {0x1f85, 0xe6b9bb},
    {0x1f89, 0xe6ba80},
    {0x1f8a, 0xe6ba82},
    {0x1f8b, 0xe6ba89},
    {0x1f90, 0xe6ba93},
    {0x1f91, 0xe6ba96},
    {0x1f98, 0xe6baa2},
    {0x1f99, 0xe6baa5},
    {0x1f9a, 0xe6baa7},
    {0x1faa, 0xe6babf},
    {0x1fba, 0xe6bb91},
    {0x1fc3, 0xe6bba6},
    {0x1fc9, 0xe6bbb2},
    {0x1fca, 0xe6bbb4},
    {0x1fce, 0xe6bbbb},
    {0x1fd4, 0xe6bc84},
    {0x1fd5, 0xe6bc86},
    {0x1fe2, 0xe6bc98},
    {0x1fe5, 0xe6bca0},
    {0x1ff6, 0xe6bcb8},
    {0x1ffb, 0xe6bd81},
    {0x1ffc, 0xe6bd85},
    {0x1ffd, 0xe6bd8f},
    {0x200e, 0xe6bda4},
    {0x200f, 0xe6bda6},
    {0x2010, 0xe6bda8},
    {0x2016, 0xe6bdb4},
    {0x2017, 0xe6bdb8},
    {0x2018, 0xe6bdba},
    {0x2030, 0xe6be9a},
    {0x2031, 0xe6be9d},
    {0x203b, 0xe6beaa},
    {0x2040, 0xe6beb3},
    {0x2044, 0xe6beb9},
    {0x2045, 0xe6bebc},
    {0x2046, 0xe6bebe},
    {0x2053, 0xe6bf98},
    {0x205a, 0xe6bfa4},
    {0x2063, 0xe6bfb3},
    {0x2073, 0xe7808d},
    {0x2074, 0xe7808f},
    {0x2075, 0xe78091},
    {0x2076, 0xe78095},
    {0x207f, 0xe780a3},
    {0x2083, 0xe780ac},
    {0x2086, 0xe780b2},
    {0x2087, 0xe780b4},
    {0x2088, 0xe780b7},
    {0x208b, 0xe780bc},
    {0x208c, 0xe780be},
    {0x2095, 0xe7818e},
    {0x2096, 0xe78191},
    {0x2099, 0xe78198},
    {0x209f, 0xe781a9},
    {0x20a7, 0xe781b8},
    {0x20ab, 0xe78281},
    {0x20b0, 0xe7828e},
    {0x20b1, 0xe78292},
    {0x20b8, 0xe7829b},
    {0x20b9, 0xe7829f},
    {0x20ba, 0xe782a4},
    {0x20c9, 0xe78388},
    {0x20cc, 0xe7838f},
    {0x20cd, 0xe78391},
    {0x20d6, 0xe7839f},
    {0x20d7, 0xe783a4},
    {0x20d8, 0xe783ac},
    {0x20d9, 0xe783b1},
    {0x20dc, 0xe783bd},
    {0x20e6, 0xe7848f},
    {0x20e7, 0xe78494},
    {0x20ea, 0xe7849c},
    {0x20eb, 0xe7849e},
    {0x20ee, 0xe784a6},
    {0x20ef, 0xe784ab},
    {0x20f5, 0xe784b6},
    {0x20f6, 0xe784b8},
    {0x20f7, 0xe784bc},
    {0x20f8, 0xe78581},
    {0x2100, 0xe7858e},
    {0x210a, 0xe7859c},
    {0x210b, 0xe7859e},
    {0x210c, 0xe785a0},
    {0x210d, 0xe785a2},
    {0x2114, 0xe785ac},
    {0x2115, 0xe785ae},
    {0x2116, 0xe785b9},
    {0x2117, 0xe785bd},
    {0x2118, 0xe78680},
    {0x211d, 0xe7868a},
    {0x211e, 0xe7868c},
    {0x211f, 0xe7868f},
    {0x2120, 0xe78692},
    {0x2129, 0xe786a2},
    {0x212a, 0xe786a8},
    {0x212b, 0xe786ac},
    {0x213e, 0xe7878e},
    {0x213f, 0xe78790},
    {0x2148, 0xe7879c},
    {0x2159, 0xe78880},
    {0x215e, 0xe7888d},
    {0x215f, 0xe78890},
    {0x2160, 0xe78893},
    {0x2161, 0xe78895},
    {0x2162, 0xe78897},
    {0x2165, 0xe7889d},
    {0x2166, 0xe7889f},
    {0x2167, 0xe788a4},
    {0x2168, 0xe788a8},
    {0x216f, 0xe788b2},
    {0x219c, 0xe789ab},
    {0x21a1, 0xe789b4},
    {0x21ad, 0xe78a84},
    {0x21ae, 0xe78a87},
    {0x21af, 0xe78a89},
    {0x21b4, 0xe78a96},
    {0x21b5, 0xe78a9b},
    {0x21b6, 0xe78aa0},
    {0x21b7, 0xe78aa2},
    {0x21c1, 0xe78ab4},
    {0x21c2, 0xe78ab6},
    {0x21c3, 0xe78ab9},
    {0x21c4, 0xe78abe},
    {0x21cc, 0xe78b89},
    {0x21cd, 0xe78b8c},
    {0x21ce, 0xe78b8e},
    {0x21cf, 0xe78b90},
    {0x21d0, 0xe78b92},
    {0x21d6, 0xe78b9b},
    {0x21db, 0xe78ba5},
    {0x21dc, 0xe78ba9},
    {0x21e9, 0xe78c82},
    {0x21ec, 0xe78c87},
    {0x21ef, 0xe78c8d},
    {0x21fb, 0xe78ca2},
    {0x221a, 0xe78d92},
    {0x2222, 0xe78da3},
    {0x222f, 0xe78db5},
    {0x2240, 0xe78e8e},
    {0x2241, 0xe78e90},
    {0x2248, 0xe78e9c},
    {0x224c, 0xe78ea2},
    {0x2253, 0xe78ead},
    {0x2256, 0xe78eb5},
    {0x2257, 0xe78eb7},
    {0x225d, 0xe78ebf},
    {0x225e, 0xe78f80},
    {0x225f, 0xe78f82},
    {0x226d, 0xe78f96},
    {0x226e, 0xe78f99},
    {0x227c, 0xe78fb1},
    {0x2290, 0xe79091},
    {0x2291, 0xe79093},
    {0x22aa, 0xe790bf},
    {0x22b1, 0xe7918b},
    {0x22b2, 0xe7918d},
    {0x22b6, 0xe79195},
    {0x22b7, 0xe79197},
    {0x22d0, 0xe791b6},
    {0x22d1, 0xe791be},
    {0x22d4, 0xe79283},
    {0x22da, 0xe7928b},
    {0x22e3, 0xe7929c},
    {0x22f6, 0xe792b5},
    {0x22fa, 0xe792bd},
    {0x22fb, 0xe792bf},
    {0x22ff, 0xe7938c},
    {0x2304, 0xe79396},
    {0x2305, 0xe79398},
    {0x231a, 0xe793b4},
    {0x2321, 0xe793bf},
    {0x2322, 0xe79481},
    {0x2331, 0xe7949a},
    {0x2332, 0xe7949c},
    {0x2351, 0xe79580},
    {0x2361, 0xe79594},
    {0x2362, 0xe79597},
    {0x23a0, 0xe796ab},
    {0x23b7, 0xe7978a},
    {0x23cd, 0xe797a7},
    {0x23ce, 0xe797a9},
    {0x23cf, 0xe797ac},
    {0x23d9, 0xe797bc},
    {0x23e8, 0xe7988f},
    {0x23fe, 0xe798ad},
    {0x23ff, 0xe798b0},
    {0x2416, 0xe7998e},
    {0x2417, 0xe79992},
    {0x241c, 0xe7999c},
    {0x241d, 0xe7999f},
    {0x242d, 0xe799b4},
    {0x242e, 0xe799b6},
    {0x242f, 0xe799b8},
    {0x2442, 0xe79a90},
    {0x2443, 0xe79a93},
    {0x2456, 0xe79aaa},
    {0x245b, 0xe79ab4},
    {0x2461, 0xe79abd},
    {0x2462, 0xe79abf},
    {0x246f, 0xe79b92},
    {0x2470, 0xe79b94},
    {0x2473, 0xe79b99},
    {0x2483, 0xe79bae},
    {0x2487, 0xe79bb4},
    {0x2488, 0xe79bb6},
    {0x248d, 0xe79bbe},
    {0x2490, 0xe79c84},
    {0x2498, 0xe79c8e},
    {0x2499, 0xe79c92},
    {0x249c, 0xe79c97},
    {0x24a4, 0xe79ca2},
    {0x24b7, 0xe79d80},
    {0x24b8, 0xe79d82},
    {0x24bc, 0xe79d8a},
    {0x24c0, 0xe79d92},
    {0x24d5, 0xe79db0},
    {0x24df, 0xe79e80},
    {0x24e0, 0xe79e84},
    {0x24e5, 0xe79e91},
    {0x24e9, 0xe79e9a},
    {0x24ed, 0xe79ea2},
    {0x24f0, 0xe79ea7},
    {0x24f9, 0xe79eb3},
    {0x24fd, 0xe79eb9},
    {0x2503, 0xe79f83},
    {0x2504, 0xe79f87},
    {0x2505, 0xe79f89},
    {0x2506, 0xe79f8d},
    {0x2509, 0xe79f95},
    {0x250a, 0xe79f97},
    {0x2522, 0xe79fb8},
    {0x2525, 0xe7a082},
    {0x2528, 0xe7a089},
    {0x2530, 0xe7a099},
    {0x2531, 0xe7a09d},
    {0x253c, 0xe7a0b0},
    {0x253d, 0xe7a0b2},
    {0x2540, 0xe7a0b7},
    {0x2541, 0xe7a0ba},
    {0x2542, 0xe7a0bf},
    {0x2548, 0xe7a18c},
    {0x2554, 0xe7a1a8},
    {0x255a, 0xe7a1b2},
    {0x255b, 0xe7a1b4},
    {0x255c, 0xe7a1ba},
    {0x255d, 0xe7a1bc},
    {0x255e, 0xe7a1be},
    {0x255f, 0xe7a281},
    {0x2562, 0xe7a28a},
    {0x2567, 0xe7a291},
    {0x256d, 0xe7a29a},
    {0x2571, 0xe7a2a1},
    {0x257f, 0xe7a2b5},
    {0x2586, 0xe7a381},
    {0x258f, 0xe7a38e},
    {0x259c, 0xe7a3a4},
    {0x25a0, 0xe7a3aa},
    {0x25a1, 0xe7a3ac},
    {0x25a2, 0xe7a3af},
    {0x25b2, 0xe7a48c},
    {0x25b3, 0xe7a48e},
    {0x25ed, 0xe7a5a2},
    {0x25ee, 0xe7a5a5},
    {0x25f2, 0xe7a5ab},
    {0x25f3, 0xe7a5ad},
    {0x25f4, 0xe7a5b2},
    {0x25f5, 0xe7a5b7},
    {0x2606, 0xe7a691},
    {0x260b, 0xe7a698},
    {0x260f, 0xe7a6a1},
    {0x2626, 0xe7a784},
    {0x262e, 0xe7a78f},
    {0x2634, 0xe7a798},
    {0x2635, 0xe7a79a},
    {0x2648, 0xe7a7b8},
    {0x264b, 0xe7a880},
    {0x264e, 0xe7a885},
    {0x2657, 0xe7a891},
    {0x2664, 0xe7a8a7},
    {0x2665, 0xe7a8ab},
    {0x2677, 0xe7a980},
    {0x2688, 0xe7a999},
    {0x2690, 0xe7a9a5},
    {0x2691, 0xe7a9a7},
    {0x2695, 0xe7a9ad},
    {0x2696, 0xe7a9b0},
    {0x26a7, 0xe7aa88},
    {0x26b6, 0xe7aaa3},
    {0x26b9, 0xe7aaac},
    {0x26bd, 0xe7aab3},
    {0x26d7, 0xe7ab95},
    {0x26ee, 0xe7abb4},
    {0x26ef, 0xe7abb6},
    {0x26f7, 0xe7ac82},
    {0x26f8, 0xe7ac84},
    {0x26fe, 0xe7ac8f},
    {0x2701, 0xe7ac94},
    {0x2704, 0xe7ac9b},
    {0x2708, 0xe7aca3},
    {0x271a, 0xe7acb9},
    {0x271b, 0xe7acbb},
    {0x271c, 0xe7acbd},
    {0x271d, 0xe7acbf},
    {0x2731, 0xe7ad9d},
    {0x2732, 0xe7ada0},
    {0x2743, 0xe7adb7},
    {0x2746, 0xe7adbf},
    {0x2747, 0xe7ae84},
    {0x274a, 0xe7ae89},
    {0x274b, 0xe7ae8b},
    {0x2760, 0xe7aea5},
    {0x2761, 0xe7aeaa},
    {0x276b, 0xe7aeb8},
    {0x277c, 0xe7af8f},
    {0x277d, 0xe7af94},
    {0x2783, 0xe7af9d},
    {0x2784, 0xe7afa0},
    {0x278b, 0xe7afad},
    {0x278c, 0xe7afb0},
    {0x2796, 0xe7afbc},
    {0x2797, 0xe7afbe},
    {0x279f, 0xe7b089},
    {0x27a9, 0xe7b097},
    {0x27aa, 0xe7b099},
    {0x27ab, 0xe7b09b},
    {0x27b0, 0xe7b0a3},
    {0x27b8, 0xe7b0af},
    {0x27b9, 0xe7b0b1},
    {0x27c4, 0xe7b180},
    {0x27c9, 0xe7b18a},
    {0x27e2, 0xe7b1a7},
    {0x27e3, 0xe7b1a9},
    {0x27eb, 0xe7b1b5},
    {0x27ec, 0xe7b1b9},
    {0x27f6, 0xe7b289},
    {0x27f7, 0xe7b28b},
    {0x27f8, 0xe7b28d},
    {0x27fb, 0xe7b292},
    {0x2800, 0xe7b29b},
    {0x280b, 0xe7b2ab},
    {0x281b, 0xe7b380},
    {0x281c, 0xe7b382},
    {0x2834, 0xe7b3a2},
    {0x2837, 0xe7b3a9},
    {0x2838, 0xe7b3ab},
    {0x2839, 0xe7b3af},
    {0x283a, 0xe7b3b2},
    {0x2842, 0xe7b3be},
    {0x2843, 0xe7b480},
    {0x284e, 0xe7b48d},
    {0x2863, 0xe7b4a6},
    {0x286e, 0xe7b4b5},
    {0x2885, 0xe7b593},
    {0x2896, 0xe7b5aa},
    {0x2897, 0xe7b5ae},
    {0x28a2, 0xe7b5bd},
    {0x28a3, 0xe7b5bf},
    {0x28ae, 0xe7b68f},
    {0x28af, 0xe7b691},
    {0x28b0, 0xe7b693},
    {0x28d4, 0xe7b780},
    {0x28fa, 0xe7b7af},
    {0x290e, 0xe7b895},
    {0x290f, 0xe7b897},
    {0x292d, 0xe7b981},
    {0x2938, 0xe7b990},
    {0x2939, 0xe7b992},
    {0x294f, 0xe7b9b3},
    {0x2950, 0xe7b9b5},
    {0x296b, 0xe7ba98},
    {0x2972, 0xe7bcb6},
    {0x2973, 0xe7bcb8},
    {0x297d, 0xe7bd87},
    {0x2988, 0xe7bd98},
    {0x299d, 0xe7bdb5},
    {0x29a4, 0xe7be80},
    {0x29b3, 0xe7be94},
    {0x29b6, 0xe7be9a},
    {0x29be, 0xe7bea6},
    {0x29c5, 0xe7beb2},
    {0x29c6, 0xe7beb4},
    {0x29c7, 0xe7beb6},
    {0x29cc, 0xe7bebf},
    {0x29cf, 0xe7bf83},
    {0x29d2, 0xe7bf88},
    {0x29d3, 0xe7bf8a},
    {0x29d4, 0xe7bf8c},
    {0x29d7, 0xe7bf92},
    {0x29da, 0xe7bf9b},
    {0x29de, 0xe7bfa3},
    {0x2a10, 0xe880a4},
    {0x2a11, 0xe880a6},
    {0x2a12, 0xe880a8},
    {0x2a13, 0xe880ac},
    {0x2a14, 0xe880ae},
    {0x2a15, 0xe880b0},
    {0x2a22, 0xe88180},
    {0x2a25, 0xe88186},
    {0x2a26, 0xe8818a},
    {0x2a27, 0xe88192},
    {0x2a28, 0xe88196},
    {0x2a29, 0xe88198},
    {0x2a2a, 0xe8819a},
    {0x2a30, 0xe881a4},
    {0x2a31, 0xe881a6},
    {0x2a32, 0xe881a8},
    {0x2a33, 0xe881ad},
    {0x2a3d, 0xe881b9},
    {0x2a3e, 0xe881bb},
    {0x2a4c, 0xe8828e},
    {0x2a4d, 0xe88293},
    {0x2a4e, 0xe88296},
    {0x2a61, 0xe882af},
    {0x2a64, 0xe882b4},
    {0x2a6c, 0xe88388},
    {0x2a6d, 0xe8838a},
    {0x2a72, 0xe88392},
    {0x1ac0, 0xe88481},
    {0x2a9d, 0xe8848d},
    {0x2aa4, 0xe8849e},
    {0x2aa5, 0xe884a0},
    {0x2aa8, 0xe884a7},
    {0x2aa9, 0xe884a9},
    {0x2aaf, 0xe884b3},
    {0x2ab0, 0xe884b5},
    {0x2ab6, 0xe88581},
    {0x2abd, 0xe8858e},
    {0x2ac4, 0xe88597},
    {0x2acd, 0xe885ab},
    {0x2ad9, 0xe885bf},
    {0x2ae1, 0xe88688},
    {0x2ae7, 0xe88693},
    {0x2aea, 0xe88698},
    {0x2af0, 0xe886a0},
    {0x2af6, 0xe886ae},
    {0x2af7, 0xe886b0},
    {0x2afc, 0xe886b8},
    {0x2b0f, 0xe88791},
    {0x2b10, 0xe88793},
    {0x2b5a, 0xe888ae},
    {0x2b64, 0xe888bc},
    {0x2b65, 0xe88980},
    {0x2b6b, 0xe88989},
    {0x2b6c, 0xe8898b},
    {0x2b6f, 0xe88991},
    {0x2b86, 0xe889b4},
    {0x2b8b, 0xe889bb},
    {0x2b93, 0xe88a87},
    {0x2b9d, 0xe88a96},
    {0x2ba2, 0xe88a9d},
    {0x2bc9, 0xe88b97},
    {0x2bdb, 0xe88bad},
    {0x2bdc, 0xe88baf},
    {0x2bdd, 0xe88bb1},
    {0x2bf4, 0xe88c8e},
    {0x2c00, 0xe88ca8},
    {0x2c13, 0xe88d80},
    {0x2c28, 0xe88d9a},
    {0x2c2b, 0xe88db0},
    {0x2c2c, 0xe88db3},
    {0x2c2d, 0xe88db5},
    {0x2c33, 0xe88dbf},
    {0x2c34, 0xe88e80},
    {0x2c35, 0xe88e82},
    {0x2c4c, 0xe88ea2},
    {0x2c55, 0xe88eb1},
    {0x2c56, 0xe88eb5},
    {0x2c5c, 0xe88f85},
    {0x2c5d, 0xe88f87},
    {0x2c60, 0xe88f8c},
    {0x2c67, 0xe88f96},
    {0x2c68, 0xe88f98},
    {0x2c6e, 0xe88fa5},
    {0x2c77, 0xe88fb4},
    {0x2c7f, 0xe89081},
    {0x2c8a, 0xe89091},
    {0x2c8b, 0xe89093},
    {0x2c8c, 0xe89095},
    {0x2c8d, 0xe89097},
    {0x2c8e, 0xe89099},
    {0x2c8f, 0xe890a0},
    {0x2c90, 0xe890a2},
    {0x2c93, 0xe890ac},
    {0x2c94, 0xe890af},
    {0x2c95, 0xe890b1},
    {0x2c96, 0xe890b5},
    {0x2ccd, 0xe8928b},
    {0x2cce, 0xe89290},
    {0x2cd3, 0xe89297},
    {0x2cd4, 0xe89299},
    {0x2cd5, 0xe8929c},
    {0x2cd8, 0xe892a1},
    {0x2cd9, 0xe892a6},
    {0x2cdd, 0xe892ad},
    {0x2cde, 0xe892af},
    {0x2ce1, 0xe892b4},
    {0x2ced, 0xe89384},
    {0x2cfa, 0xe89393},
    {0x2cfb, 0xe89396},
    {0x2cfe, 0xe8939c},
    {0x2cff, 0xe893a7},
    {0x2d00, 0xe893aa},
    {0x2d01, 0xe893ac},
    {0x2d07, 0xe893b4},
    {0x2d08, 0xe893b7},
    {0x2d0d, 0xe893bf},
    {0x2d0e, 0xe89480},
    {0x2d13, 0xe8948c},
    {0x2d14, 0xe8948e},
    {0x2d2c, 0xe894af},
    {0x2d37, 0xe89583},
    {0x2d38, 0xe89586},
    {0x2d56, 0xe895ad},
    {0x2d57, 0xe895af},
    {0x2d58, 0xe895b7},
    {0x2d77, 0xe896a2},
    {0x2d85, 0xe896b4},
    {0x2d91, 0xe89787},
    {0x2d99, 0xe89795},
    {0x2da8, 0xe897ad},
    {0x2db3, 0xe89880},
    {0x2db4, 0xe89882},
    {0x2dc7, 0xe8989e},
    {0x2dca, 0xe898a4},
    {0x2dcb, 0xe898a7},
    {0x2dcc, 0xe898a9},
    {0x2dcd, 0xe898ad},
    {0x2dd0, 0xe898b6},
    {0x2dd6, 0xe898bf},
    {0x2dda, 0xe89986},
    {0x2dde, 0xe89990},
    {0x2df2, 0xe899a7},
    {0x2df3, 0xe899a9},
    {0x2df6, 0xe899af},
    {0x2df7, 0xe899b1},
    {0x2dfe, 0xe899bd},
    {0x2e06, 0xe89a91},
    {0x2e07, 0xe89a93},
    {0x2e0a, 0xe89a98},
    {0x2e0b, 0xe89a9a},
    {0x2e0e, 0xe89aa1},
    {0x2e17, 0xe89aad},
    {0x2e22, 0xe89abf},
    {0x2e2a, 0xe89b89},
    {0x2e2b, 0xe89b8b},
    {0x2e32, 0xe89b97},
    {0x2e3f, 0xe89ba9},
    {0x2e4b, 0xe89c80},
    {0x2e61, 0xe89c9c},
    {0x2e67, 0xe89ca5},
    {0x2e6e, 0xe89cb4},
    {0x2e6f, 0xe89cb7},
    {0x2e77, 0xe89d80},
    {0x2e78, 0xe89d83},
    {0x2e79, 0xe89d85},
    {0x2e7a, 0xe89d89},
    {0x2e7f, 0xe89d91},
    {0x2e80, 0xe89d93},
    {0x2e81, 0xe89d95},
    {0x2e85, 0xe89d9d},
    {0x2e8d, 0xe89da8},
    {0x2e8e, 0xe89daa},
    {0x2e93, 0xe89db4},
    {0x2e94, 0xe89db6},
    {0x2e95, 0xe89db8},
    {0x2e98, 0xe89dbf},
    {0x2ea5, 0xe89e90},
    {0x2ea6, 0xe89e93},
    {0x2ea7, 0xe89e95},
    {0x2eb0, 0xe89ea7},
    {0x2eb6, 0xe89eb1},
    {0x2eb7, 0xe89eb3},
    {0x2eb8, 0xe89eb5},
    {0x2ec0, 0xe89f84},
    {0x2ec7, 0xe89f8e},
    {0x2ec8, 0xe89f90},
    {0x2ec9, 0xe89f92},
    {0x2ece, 0xe89f9c},
    {0x2eda, 0xe89faf},
    {0x2ee7, 0xe8a081},
    {0x2ee8, 0xe8a083},
    {0x2f33, 0xe8a1ab},
    {0x2f39, 0xe8a1b5},
    {0x2f3a, 0xe8a1b7},
    {0x2f3b, 0xe8a1b9},
    {0x2f3c, 0xe8a1bb},
    {0x2f43, 0xe8a288},
    {0x2f44, 0xe8a28b},
    {0x2f45, 0xe8a28d},
    {0x2f46, 0xe8a292},
    {0x2f51, 0xe8a2a2},
    {0x2f52, 0xe8a2a4},
    {0x2f53, 0xe8a2a8},
    {0x2f56, 0xe8a2ae},
    {0x2f5b, 0xe8a2b7},
    {0x2f5c, 0xe8a2ba},
    {0x2f8d, 0xe8a484},
    {0x2f90, 0xe8a48a},
    {0x2fa0, 0xe8a4a0},
    {0x2fb1, 0xe8a4be},
    {0x2fb9, 0xe8a589},
    {0x2fbc, 0xe8a58f},
    {0x2fbd, 0xe8a592},
    {0x2fca, 0xe8a5a6},
    {0x2fd5, 0xe8a5b7},
    {0x2fde, 0xe8a683},
    {0x2fe5, 0xe8a68d},
    {0x2ff9, 0xe8a6ac},
    {0x3002, 0xe8a6ba},
    {0x3005, 0xe8a6bf},
    {0x3008, 0xe8a792},
    {0x300f, 0xe8a79a},
    {0x3012, 0xe8a7a3},
    {0x3016, 0xe8a7a9},
    {0x3017, 0xe8a7ab},
    {0x3018, 0xe8a7ad},
    {0x3019, 0xe8a7b1},
    {0x301c, 0xe8a7b6},
    {0x301f, 0xe8a7bd},
    {0x3020, 0xe8a7bf},
    {0x3029, 0xe8a88a},
    {0x302a, 0xe8a88c},
    {0x3036, 0xe8a89b},
    {0x3045, 0xe8a8af},
    {0x3046, 0xe8a8b1},
    {0x3053, 0xe8a983},
    {0x306f, 0xe8a9a9},
    {0x3081, 0xe8aa80},
    {0x3088, 0xe8aa89},
    {0x30ac, 0xe8aab9},
    {0x30ce, 0xe8aba4},
    {0x30dd, 0xe8abba},
    {0x30de, 0xe8abbc},
    {0x30f0, 0xe8ac94},
    {0x30fc, 0xe8aca6},
    {0x30fd, 0xe8aca8},
    {0x3101, 0xe8acb0},
    {0x3102, 0xe8acb3},
    {0x3103, 0xe8acb7},
    {0x3104, 0xe8acb9},
    {0x3105, 0xe8acbc},
    {0x3106, 0xe8acbe},
    {0x3117, 0xe8ad96},
    {0x311f, 0xe8ada3},
    {0x3120, 0xe8ada6},
    {0x3121, 0xe8ada9},
    {0x3129, 0xe8adb4},
    {0x3151, 0xe8b181},
    {0x3166, 0xe8b19d},
    {0x316b, 0xe8b1a6},
    {0x3172, 0xe8b1b3},
    {0x317a, 0xe8b1be},
    {0x317b, 0xe8b282},
    {0x3185, 0xe8b290},
    {0x3193, 0xe8b2a4},
    {0x31a9, 0xe8b2bf},
    {0x31c9, 0xe8b3a6},
    {0x31ca, 0xe8b3a8},
    {0x31cb, 0xe8b3aa},
    {0x31dc, 0xe8b481},
    {0x31f6, 0xe8b5a9},
    {0x3201, 0xe8b5bf},
    {0x3206, 0xe8b688},
    {0x3207, 0xe8b68a},
    {0x3208, 0xe8b68d},
    {0x320b, 0xe8b695},
    {0x320c, 0xe8b699},
    {0x3210, 0xe8b6a3},
    {0x3211, 0xe8b6a6},
    {0x3212, 0xe8b6a8},
    {0x3215, 0xe8b6af},
    {0x3218, 0xe8b6b5},
    {0x3219, 0xe8b6b7},
    {0x321e, 0xe8b6be},
    {0x321f, 0xe8b780},
    {0x3220, 0xe8b782},
    {0x322a, 0xe8b791},
    {0x3232, 0xe8b79d},
    {0x3233, 0xe8b79f},
    {0x3234, 0xe8b7a1},
    {0x3246, 0xe8b7bf},
    {0x3247, 0xe8b881},
    {0x3253, 0xe8b894},
    {0x3254, 0xe8b896},
    {0x325e, 0xe8b8aa},
    {0x3268, 0xe8b8bd},
    {0x326c, 0xe8b984},
    {0x3279, 0xe8b999},
    {0x3284, 0xe8b9a9},
    {0x3298, 0xe8ba87},
    {0x329c, 0xe8ba8d},
    {0x32ab, 0xe8baa7},
    {0x32b5, 0xe8bab3},
    {0x32ba, 0xe8babe},
    {0x32c7, 0xe8bb8f},
    {0x32ca, 0xe8bb94},
    {0x32cd, 0xe8bb9f},
    {0x32d0, 0xe8bba8},
    {0x32d1, 0xe8bbab},
    {0x32de, 0xe8bc80},
    {0x32e1, 0xe8bc85},
    {0x32e6, 0xe8bc8c},
    {0x32f8, 0xe8bca3},
    {0x3353, 0xe8bf88},
    {0x335e, 0xe8bf9a},
    {0x335f, 0xe8bfa0},
    {0x337f, 0xe98088},
    {0x33a8, 0xe980bc},
    {0x33b0, 0xe98187},
    {0x33d3, 0xe981b2},
    {0x33dd, 0xe981bf},
    {0x33ee, 0xe98295},
    {0x33f2, 0xe9829b},
    {0x33f9, 0xe982a8},
    {0x33fa, 0xe982aa},
    {0x3403, 0xe982b8},
    {0x3406, 0xe98381},
    {0x340e, 0xe9838c},
    {0x340f, 0xe9838e},
    {0x3410, 0xe98392},
    {0x3411, 0xe98395},
    {0x341e, 0xe983a8},
    {0x341f, 0xe983ab},
    {0x3420, 0xe983ad},
    {0x3423, 0xe983b2},
    {0x342b, 0xe98480},
    {0x342c, 0xe98482},
    {0x3430, 0xe98488},
    {0x3431, 0xe9848d},
    {0x3432, 0xe98490},
    {0x3433, 0xe98492},
    {0x343b, 0xe9849c},
    {0x343c, 0xe9849e},
    {0x343d, 0xe984a0},
    {0x3440, 0xe984a5},
    {0x3441, 0xe984a7},
    {0x3442, 0xe984a9},
    {0x3449, 0xe984b4},
    {0x3450, 0xe98583},
    {0x3469, 0xe985a7},
    {0x348a, 0xe9869c},
    {0x348b, 0xe9869e},
    {0x348e, 0xe986a4},
    {0x348f, 0xe986a6},
    {0x3490, 0xe986a8},
    {0x349e, 0xe986b8},
    {0x34a3, 0xe986bf},
    {0x34c1, 0xe987a1},
    {0x34d2, 0xe987b9},
    {0x34d6, 0xe987bf},
    {0x34f4, 0xe988ac},
    {0x3500, 0xe988bc},
    {0x3503, 0xe98980},
    {0x3533, 0xe98a80},
    {0x3534, 0xe98a83},
    {0x3535, 0xe98a85},
    {0x354c, 0xe98aab},
    {0x354d, 0xe98aad},
    {0x354e, 0xe98aaf},
    {0x3559, 0xe98abf},
    {0x356a, 0xe98b95},
    {0x357d, 0xe98bb0},
    {0x3586, 0xe98bbf},
    {0x3587, 0xe98c80},
    {0x3588, 0xe98c82},
    {0x3589, 0xe98c84},
    {0x358a, 0xe98c86},
    {0x358b, 0xe98c88},
    {0x358c, 0xe98c8d},
    {0x35b0, 0xe98d84},
    {0x35b6, 0xe98d8d},
    {0x35c2, 0xe98d9e},
    {0x35c3, 0xe98da0},
    {0x35c6, 0xe98da7},
    {0x35d4, 0xe98dba},
    {0x35dc, 0xe98e88},
    {0x35e1, 0xe98e8f},
    {0x35e2, 0xe98e92},
    {0x35ea, 0xe98e9e},
    {0x35eb, 0xe98ea1},
    {0x35f6, 0xe98eb0},
    {0x35fd, 0xe98f81},
    {0x360b, 0xe98f93},
    {0x361b, 0xe98fb1},
    {0x361c, 0xe98fb5},
    {0x3622, 0xe98fbd},
    {0x3636, 0xe9909f},
    {0x3637, 0xe990a1},
    {0x3638, 0xe990ab},
    {0x3641, 0xe990b8},
    {0x3644, 0xe990bd},
    {0x3645, 0xe990bf},
    {0x3646, 0xe99181},
    {0x364a, 0xe99188},
    {0x364b, 0xe9918a},
    {0x364c, 0xe9918c},
    {0x3650, 0xe99195},
    {0x365b, 0xe991a8},
    {0x3664, 0xe991b5},
    {0x3665, 0xe991b7},
    {0x366a, 0xe99281},
    {0x3673, 0xe99680},
    {0x3685, 0xe99696},
    {0x369a, 0xe996b4},
    {0x369b, 0xe996b6},
    {0x36a3, 0xe99783},
    {0x36c0, 0xe997a8},
    {0x36ca, 0xe998a8},
    {0x36cb, 0xe998aa},
    {0x36cc, 0xe998ac},
    {0x36da, 0xe998bf},
    {0x36de, 0xe99984},
    {0x36e4, 0xe99992},
    {0x36e5, 0xe99994},
    {0x36f4, 0xe999aa},
    {0x36f5, 0xe999ac},
    {0x36f6, 0xe999ae},
    {0x36f7, 0xe999b0},
    {0x3712, 0xe99a91},
    {0x375d, 0xe99c80},
    {0x376a, 0xe99c91},
    {0x376d, 0xe99c96},
    {0x377a, 0xe99caa},
    {0x377f, 0xe99cb6},
    {0x3782, 0xe99cbb},
    {0x379b, 0xe99d9e},
    {0x37a9, 0xe99db1},
    {0x37b4, 0xe99dbf},
    {0x37ba, 0xe99e89},
    {0x37bb, 0xe99e8b},
    {0x37bc, 0xe99e8d},
    {0x37c5, 0xe99e9c},
    {0x37cb, 0xe99ea6},
    {0x37cc, 0xe99ea8},
    {0x37da, 0xe99ebc},
    {0x37dd, 0xe99f81},
    {0x37f7, 0xe99fa4},
    {0x37f8, 0xe99fa6},
    {0x3806, 0xe99fbf},
    {0x380f, 0xe9a08a},
    {0x381e, 0xe9a09c},
    {0x381f, 0xe9a09e},
    {0x3837, 0xe9a184},
    {0x384b, 0xe9a19e},
    {0x385a, 0xe9a2a8},
    {0x3862, 0xe9a2b4},
    {0x3869, 0xe9a2bf},
    {0x3873, 0xe9a38e},
    {0x388a, 0xe9a3b6},
    {0x3890, 0xe9a485},
    {0x3895, 0xe9a48c},
    {0x38a8, 0xe9a4a4},
    {0x38ae, 0xe9a4ae},
    {0x38d3, 0xe9a5a3},
    {0x38d8, 0xe9a69b},
    {0x38dc, 0xe9a6a3},
    {0x38df, 0xe9a6a8},
    {0x38ed, 0xe9a6bf},
    {0x38ee, 0xe9a781},
    {0x3905, 0xe9a7a7},
    {0x391c, 0xe9a888},
    {0x3926, 0xe9a896},
    {0x3929, 0xe9a89e},
    {0x392a, 0xe9a8a0},
    {0x3930, 0xe9a8ab},
    {0x3935, 0xe9a8b3},
    {0x393a, 0xe9a8be},
    {0x3941, 0xe9a987},
    {0x3950, 0xe9a99d},
    {0x3951, 0xe9a99f},
    {0x3952, 0xe9a9a2},
    {0x3959, 0xe9aaa8},
    {0x395b, 0xe9aaaa},
    {0x3961, 0xe9aab2},
    {0x3971, 0xe9ab86},
    {0x3972, 0xe9ab88},
    {0x3996, 0xe9abb7},
    {0x399a, 0xe9abbd},
    {0x399b, 0xe9abbf},
    {0x39a9, 0xe9ac90},
    {0x39aa, 0xe9ac92},
    {0x39ab, 0xe9ac96},
    {0x39c6, 0xe9acb7},
    {0x39cc, 0xe9acbd},
    {0x39d2, 0xe9ad88},
    {0x39d8, 0xe9ad91},
    {0x39e0, 0xe9ad9e},
    {0x39e1, 0xe9ada1},
    {0x39e2, 0xe9ada3},
    {0x39e5, 0xe9ada8},
    {0x39f4, 0xe9adbf},
    {0x39f5, 0xe9ae80},
    {0x3a08, 0xe9ae9a},
    {0x3a19, 0xe9aeb4},
    {0x3a2d, 0xe9af94},
    {0x3a31, 0xe9af9b},
    {0x3a32, 0xe9af9d},
    {0x3a33, 0xe9af9f},
    {0x3a43, 0xe9afb5},
    {0x3a48, 0xe9afbd},
    {0x3a49, 0xe9afbf},
    {0x3a4a, 0xe9b080},
    {0x3a4b, 0xe9b082},
    {0x3a4c, 0xe9b084},
    {0x3a4d, 0xe9b086},
    {0x3a7b, 0xe9b181},
    {0x3a95, 0xe9b1a3},
    {0x3a96, 0xe9b1a5},
    {0x3a9e, 0xe9b1b0},
    {0x3a9f, 0xe9b1b2},
    {0x3aaa, 0xe9b3a9},
    {0x3aad, 0xe9b3b0},
    {0x3ab3, 0xe9b3b9},
    {0x3aba, 0xe9b48b},
    {0x3abb, 0xe9b48e},
    {0x3abe, 0xe9b495},
    {0x3ac6, 0xe9b4a3},
    {0x3ac7, 0xe9b4a6},
    {0x3ac8, 0xe9b4a8},
    {0x3adf, 0xe9b58a},
    {0x3ae5, 0xe9b599},
    {0x3afd, 0xe9b5be},
    {0x3b0f, 0xe9b6a1},
    {0x3b10, 0xe9b6a4},
    {0x3b21, 0xe9b6bf},
    {0x3b2b, 0xe9b78f},
    {0x3b36, 0xe9b7a3},
    {0x3b3a, 0xe9b7a9},
    {0x3b3b, 0xe9b7ab},
    {0x3b48, 0xe9b882},
    {0x3b49, 0xe9b887},
    {0x3b4a, 0xe9b88a},
    {0x3b59, 0xe9b9b5},
    {0x3b60, 0xe9b9bf},
    {0x3b74, 0xe9ba9b},
    {0x3b90, 0xe9bb86},
    {0x3b91, 0xe9bb88},
    {0x3bd0, 0xe9bca6},
    {0x3bd4, 0xe9bcaf},
    {0x3bd7, 0xe9bcb4},
    {0x3bd8, 0xe9bcb7},
    {0x3be0, 0xe9bd81},
    {0x3bf2, 0xe9bd9a},
    {0x3c0a, 0xe9bdba},
    {0x3c0b, 0xe9bdbd},
    {0x3c0c, 0xe9bdbf},
    {0x3c0d, 0xe9be8d},
    {0x3c16, 0xe9be99},
    {0x3c17, 0xe9be9c},
    {0x3c20, 0xe9bea5},
    {0x3c21, 0xe9beb4},
    {0x3c29, 0xe9bf84},
    {0x3c2a, 0xe9bf86},
    {0x3c2b, 0xe9bf8c},
    {0x3155, 0xefa480},
    {0x1aa9, 0xefa481},
    {0x32c3, 0xefa482},
    {0x31b2, 0xefa483},
    {0x1fba, 0xefa484},
    {0xa82, 0xefa485},
    {0xea2, 0xefa486},
    {0x44cb, 0xefa487},
    {0x44cb, 0xefa488},
    {0x3c2c, 0xefa489},
    {0x34b4, 0xefa48a},
    {0xfa4, 0xefa48b},
    {0x11f7, 0xefa48c},
    {0x176c, 0xefa48d},
    {0x2424, 0xefa48e},
    {0x29a7, 0xefa48f},
    {0x2dd6, 0xefa490},
    {0x2eb9, 0xefa491},
    {0x2f86, 0xefa492},
    {0x33eb, 0xefa493},
    {0x1cc6, 0xefa494},
    {0x1eae, 0xefa495},
    {0x20d3, 0xefa496},
    {0x2270, 0xefa497},
    {0x2c9a, 0xefa498},
    {0x346b, 0xefa499},
    {0x390c, 0xefa49a},
    {0xaaf, 0xefa49b},
    {0xe54, 0xefa49c},
    {0x3c2d, 0xefa49d},
    {0x2164, 0xefa49e},
    {0x3c2e, 0xefa49f},
    {0x3b57, 0xefa4a0},
    {0x1448, 0xefa4a1},
    {0x205d, 0xefa4a2},
    {0x2d95, 0xefa4a3},
    {0x2fc9, 0xefa4a4},
    {0x17fb, 0xefa4a5},
    {0x2b14, 0xefa4a6},
    {0x2eff, 0xefa4a7},
    {0x1edb, 0xefa4aa},
    {0x21e6, 0xefa4ab},
    {0x340f, 0xefa4ac},
    {0xb67, 0xefa4ad},
    {0xd03, 0xefa4ae},
    {0xdd9, 0xefa4af},
    {0x1928, 0xefa4b0},
    {0x1d41, 0xefa4b1},
    {0x215f, 0xefa4b2},
    {0x247e, 0xefa4b3},
    {0x29f2, 0xefa4b4},
    {0x2db7, 0xefa4b5},
    {0x3c31, 0xefa4b6},
    {0x323d, 0xefa4b7},
    {0x377d, 0xefa4b8},
    {0x39eb, 0xefa4b9},
    {0x3b45, 0xefa4ba},
    {0x2563, 0xefa4bb},
    {0x25fb, 0xefa4bc},
    {0x28ba, 0xefa4bd},
    {0x2c5e, 0xefa4be},
    {0x3589, 0xefa4bf},
    {0x3b60, 0xefa580},
    {0x30c3, 0xefa581},
    {0x11ad, 0xefa582},
    {0x1555, 0xefa583},
    {0x27dd, 0xefa584},
    {0x2a40, 0xefa585},
    {0x2197, 0xefa586},
    {0x258c, 0xefa587},
    {0x31ac, 0xefa588},
    {0x3759, 0xefa589},
    {0x11a7, 0xefa58a},
    {0x13cc, 0xefa58b},
    {0x1ccf, 0xefa58c},
    {0x1f1c, 0xefa58d},
    {0x1fdb, 0xefa58e},
    {0x2869, 0xefa58f},
    {0x2926, 0xefa590},
    {0x36df, 0xefa591},
    {0xdcf, 0xefa592},
    {0x2a4a, 0xefa593},
    {0xd1e, 0xefa594},
    {0xd13, 0xefa595},
    {0x265f, 0xefa596},
    {0x28d2, 0xefa597},
    {0x2c75, 0xefa598},
    {0x36fb, 0xefa599},
    {0x1800, 0xefa59b},
    {0x1cc6, 0xefa59c},
    {0x30df, 0xefa59d},
    {0xa87, 0xefa59e},
    {0x1372, 0xefa59f},
    {0x161d, 0xefa5a0},
    {0x223c, 0xefa5a1},
    {0x2377, 0xefa5a2},
    {0xe08, 0xefa5a3},
    {0x25aa, 0xefa5a4},
    {0xb8d, 0xefa5a5},
    {0x15d9, 0xefa5a6},
    {0xa66, 0xefa5a7},
    {0x1e7b, 0xefa5a8},
    {0x199d, 0xefa5a9},
    {0x2861, 0xefa5aa},
    {0xe86, 0xefa5ab},
    {0x115a, 0xefa5ac},
    {0x248f, 0xefa5ad},
    {0x2c9f, 0xefa5ae},
    {0x30a2, 0xefa5af},
    {0x3c32, 0xefa5b0},
    {0x333f, 0xefa5b1},
    {0x1e4f, 0xefa5b2},
    {0x181f, 0xefa5b3},
    {0x2bd5, 0xefa5b4},
    {0x1886, 0xefa5b5},
    {0x236e, 0xefa5b6},
    {0xad0, 0xefa5b7},
    {0xcc7, 0xefa5b8},
    {0xd10, 0xefa5b9},
    {0x1bbc, 0xefa5ba},
    {0x2836, 0xefa5bb},
    {0x2b83, 0xefa5bc},
    {0x30bf, 0xefa5bd},
    {0x34b2, 0xefa5be},
    {0xdec, 0xefa5bf},
    {0xee6, 0xefa680},
    {0x1218, 0xefa681},
    {0x1542, 0xefa682},
    {0x3c33, 0xefa683},
    {0x206a, 0xefa684},
    {0x25c3, 0xefa685},
    {0x3697, 0xefa686},
    {0x3956, 0xefa687},
    {0x44b8, 0xefa688},
    {0x3b95, 0xefa689},
    {0xda4, 0xefa68a},
    {0x1a90, 0xefa68b},
    {0x1da6, 0xefa68c},
    {0x3329, 0xefa68d},
    {0x14f1, 0xefa68e},
    {0x172b, 0xefa68f},
    {0x1774, 0xefa690},
    {0x190d, 0xefa691},
    {0x1fe7, 0xefa692},
    {0x20fc, 0xefa693},
    {0x22d9, 0xefa694},
    {0x262a, 0xefa695},
    {0x3c82, 0xefa696},
    {0x2a34, 0xefa697},
    {0x32fa, 0xefa698},
    {0x35b4, 0xefa69b},
    {0xd4c, 0xefa69c},
    {0xda8, 0xefa69d},
    {0xf39, 0xefa69e},
    {0x20c9, 0xefa69f},
    {0x2f63, 0xefa6a0},
    {0x30a2, 0xefa6a1},
    {0x3c36, 0xefa6a2},
    {0x160f, 0xefa6a3},
    {0x186c, 0xefa6a4},
    {0x1dca, 0xefa6a5},
    {0x27c2, 0xefa6a6},
    {0x222f, 0xefa6a7},
    {0xaf6, 0xefa6a8},
    {0x1082, 0xefa6a9},
    {0x1372, 0xefa6aa},
    {0x1480, 0xefa6ab},
    {0x1627, 0xefa6ac},
    {0x2254, 0xefa6ad},
    {0x22c6, 0xefa6ae},
    {0x29b6, 0xefa6af},
    {0x2a25, 0xefa6b0},
    {0x34f9, 0xefa6b1},
    {0x3758, 0xefa6b2},
    {0x378b, 0xefa6b3},
    {0x381b, 0xefa6b4},
    {0xb6b, 0xefa6b5},
    {0x2616, 0xefa6b6},
    {0x349b, 0xefa6b7},
    {0x3730, 0xefa6b8},
    {0x16af, 0xefa6b9},
    {0xab1, 0xefa6ba},
    {0xc5b, 0xefa6bb},
    {0x1377, 0xefa6bc},
    {0x13b5, 0xefa6bd},
    {0x19b1, 0xefa6be},
    {0x1cc6, 0xefa6bf},
    {0x213e, 0xefa780},
    {0x240b, 0xefa781},
    {0x2d0b, 0xefa782},
    {0x3c37, 0xefa783},
    {0x3c0d, 0xefa784},
    {0x1a67, 0xefa785},
    {0x36cd, 0xefa786},
    {0xd97, 0xefa787},
    {0x1b0b, 0xefa788},
    {0x1b60, 0xefa789},
    {0x1ec8, 0xefa78a},
    {0x1f94, 0xefa78b},
    {0x228e, 0xefa78c},
    {0x2363, 0xefa78d},
    {0x2556, 0xefa78e},
    {0x2850, 0xefa78f},
    {0x3c38, 0xefa790},
    {0xccb, 0xefa791},
    {0x1795, 0xefa792},
    {0x36fe, 0xefa793},
    {0xbe5, 0xefa794},
    {0x142d, 0xefa795},
    {0x1f29, 0xefa796},
    {0x32fe, 0xefa797},
    {0x15c4, 0xefa798},
    {0x16f5, 0xefa799},
    {0x1b74, 0xefa79a},
    {0x223c, 0xefa79b},
    {0x3c39, 0xefa79c},
    {0xd55, 0xefa79d},
    {0xec2, 0xefa79e},
    {0x13cf, 0xefa79f},
    {0x1a08, 0xefa7a0},
    {0x1aea, 0xefa7a1},
    {0x1bd9, 0xefa7a2},
    {0x1e8f, 0xefa7a3},
    {0x228c, 0xefa7a4},
    {0x23ca, 0xefa7a5},
    {0x29a0, 0xefa7a6},
    {0x2f6d, 0xefa7a7},
    {0x2f7b, 0xefa7a8},
    {0x34af, 0xefa7a9},
    {0x374e, 0xefa7aa},
    {0xe2a, 0xefa7ab},
    {0x1fa6, 0xefa7ac},
    {0xec9, 0xefa7ad},
    {0x213f, 0xefa7ae},
    {0x22e0, 0xefa7af},
    {0x2dae, 0xefa7b0},
    {0x445c, 0xefa7b1},
    {0x3a8b, 0xefa7b2},
    {0x1b1f, 0xefa7b4},
    {0x1f11, 0xefa7b5},
    {0x2b21, 0xefa7b6},
    {0x26cf, 0xefa7b7},
    {0x2707, 0xefa7b8},
    {0x27fb, 0xefa7b9},
    {0x21c5, 0xefa7ba},
    {0x20b7, 0xefa7bb},
    {0x3118, 0xefa7bc},
    {0xad9, 0xefa7bd},
    {0x2c0c, 0xefa7be},
    {0xd62, 0xefa7bf},
    {0xd41, 0xefa880},
    {0x1510, 0xefa881},
    {0x1804, 0xefa882},
    {0x3c3a, 0xefa883},
    {0x1321, 0xefa884},
    {0x1eaf, 0xefa885},
    {0x1a83, 0xefa886},
    {0x330c, 0xefa887},
    {0x2f1b, 0xefa888},
    {0x4456, 0xefa889},
    {0x2fe4, 0xefa88a},
    {0x152f, 0xefa88b},
    {0x3418, 0xefa8ae},
    {0x372f, 0xefa8af},
    {0x3cea, 0xefbc81},
    {0x45c9, 0xefbd9e},
    {0x4543, 0xefbfa8},
    {0x4bf, 0xf09b84b2},
    {0x518, 0xf09b8595},
    {0x320, 0xf09f848b},
    {0x335, 0xf09f848c},
    {0x45c7, 0xf09f85ac},
    {0x466d, 0xf09f8c9d},
    {0x3e79, 0xf0a0808b},
    {0x3e7c, 0xf0a082a2},
    {0x3e7d, 0xf0a082a4},
    {0x3e7e, 0xf0a082b0},
    {0x3e7f, 0xf0a083b5},
    {0x3e80, 0xf0a08598},
    {0x3e81, 0xf0a086a2},
    {0x3e82, 0xf0a08893},
    {0x3e83, 0xf0a08cab},
    {0x3e84, 0xf0a08db1},
    {0x3e85, 0xf0a08e81},
    {0x3e86, 0xf0a08fb9},
    {0x3e87, 0xf0a0918a},
    {0x3e88, 0xf0a09489},
    {0x3e89, 0xf0a094bf},
    {0x3e8a, 0xf0a096b1},
    {0x3e8b, 0xf0a09796},
    {0x3e8c, 0xf0a09891},
    {0x3e8d, 0xf0a098a8},
    {0x3e8e, 0xf0a09bac},
    {0x3e8f, 0xf0a09d8f},
    {0x3e90, 0xf0a09f88},
    {0x3e91, 0xf0a0a087},
    {0x3e92, 0xf0a0a0ba},
    {0x3e93, 0xf0a0a2b9},
    {0x3e94, 0xf0a0a48e},
    {0x3e95, 0xf0a0a5bc},
    {0x3e96, 0xf0a0a684},
    {0x3e97, 0xf0a0a69d},
    {0x3e98, 0xf0a0a9a4},
    {0x3e99, 0xf0a0ab93},
    {0x3e9a, 0xf0a0ac9d},
    {0x3e9b, 0xf0a0ae9f},
    {0x3e9c, 0xf0a0aeb7},
    {0x3e9d, 0xf0a0b585},
    {0x3e9e, 0xf0a0b598},
    {0x3e9f, 0xf0a0b7a1},
    {0x3ea0, 0xf0a0b9a4},
    {0x3ea1, 0xf0a0b9ad},
    {0x3ea2, 0xf0a0ba95},
    {0x3ea3, 0xf0a0bd9f},
    {0x3ea4, 0xf0a18881},
    {0x3ea5, 0xf0a188bd},
    {0x3ea6, 0xf0a18995},
    {0x3ea7, 0xf0a189b4},
    {0x3ea8, 0xf0a189bb},
    {0x3ea9, 0xf0a18b97},
    {0x3eaa, 0xf0a18ba4},
    {0x3eab, 0xf0a18bbd},
    {0x3eac, 0xf0a18c9b},
    {0x3ead, 0xf0a18cb6},
    {0x3eae, 0xf0a18d84},
    {0x3eaf, 0xf0a18f84},
    {0x3eb2, 0xf0a19797},
    {0x3eb3, 0xf0a19987},
    {0x3eb4, 0xf0a19ab4},
    {0x3eb5, 0xf0a19c86},
    {0x3eb6, 0xf0a19d82},
    {0x3eb7, 0xf0a1a2bd},
    {0x3eb8, 0xf0a1a783},
    {0x3eb9, 0xf0a1a89a},
    {0x3eba, 0xf0a1b196},
    {0x3ebb, 0xf0a1b4ad},
    {0x3ebc, 0xf0a1b585},
    {0x3ebd, 0xf0a1b5a2},
    {0x3ebe, 0xf0a1b5b8},
    {0x3ebf, 0xf0a1b692},
    {0x3ec0, 0xf0a1b69c},
    {0x3ec1, 0xf0a1b6a1},
    {0x3ec2, 0xf0a1b6b7},
    {0x3ec3, 0xf0a1b7a0},
    {0x3ec6, 0xf0a1bc9e},
    {0x3ec7, 0xf0a1bdb6},
    {0x3ec8, 0xf0a1bfba},
    {0x3ec9, 0xf0a285bb},
    {0x3eca, 0xf0a28898},
    {0x3ecb, 0xf0a28c9e},
    {0x3ecc, 0xf0a28ead},
    {0x3ecd, 0xf0a29889},
    {0x3ece, 0xf0a29bb3},
    {0x3ecf, 0xf0a2a19b},
    {0x3ed0, 0xf0a2a2ab},
    {0x3ed1, 0xf0a2a68f},
    {0x3ed2, 0xf0a2aab8},
    {0x3ed3, 0xf0a2ad86},
    {0x3ed6, 0xf0a2aea6},
    {0x3ed7, 0xf0a2b09d},
    {0x3ed8, 0xf0a2b0a4},
    {0x3ed9, 0xf0a2b7a1},
    {0x3eda, 0xf0a2b982},
    {0x3edb, 0xf0a2bfab},
    {0x3edc, 0xf0a386b6},
    {0x3edf, 0xf0a387b5},
    {0x3ee0, 0xf0a38db2},
    {0x3ee1, 0xf0a38f8c},
    {0x3ee2, 0xf0a38f90},
    {0x3ee5, 0xf0a38f95},
    {0x3ee6, 0xf0a38f9a},
    {0x3ee7, 0xf0a38f9f},
    {0x3ee8, 0xf0a38fa4},
    {0x3ee9, 0xf0a38fbe},
    {0x3eec, 0xf0a39191},
    {0x3eed, 0xf0a391a5},
    {0x3eee, 0xf0a393a4},
    {0x3eef, 0xf0a3959a},
    {0x3ef0, 0xf0a39694},
    {0x3ef1, 0xf0a39784},
    {0x3ef5, 0xf0a39987},
    {0x3ef6, 0xf0a39c8c},
    {0x3ef7, 0xf0a39c9c},
    {0x3ef8, 0xf0a39cbf},
    {0x3efb, 0xf0a39fa7},
    {0x1d55, 0xf0a39fb1},
    {0x3efc, 0xf0a39fbf},
    {0x3efd, 0xf0a3a0a4},
    {0x3efe, 0xf0a3a0bd},
    {0x3eff, 0xf0a3aa98},
    {0x3f00, 0xf0a3b1bf},
    {0x3f01, 0xf0a3b2be},
    {0x3f02, 0xf0a3b3be},
    {0x3f03, 0xf0a3b480},
    {0x3f04, 0xf0a3b48e},
    {0x3f05, 0xf0a3b580},
    {0x3f06, 0xf0a3b793},
    {0x3f09, 0xf0a3bdbe},
    {0x3f0a, 0xf0a4818b},
    {0x3f0b, 0xf0a48296},
    {0x3f0c, 0xf0a48483},
    {0x3f0d, 0xf0a48786},
    {0x3f0e, 0xf0a487be},
    {0x3f0f, 0xf0a48bae},
    {0x3f10, 0xf0a48ebc},
    {0x3f11, 0xf0a48f90},
    {0x3f12, 0xf0a498a9},
    {0x3f13, 0xf0a49aa5},
    {0x3f14, 0xf0a49fb1},
    {0x3f15, 0xf0a4a296},
    {0x3f16, 0xf0a4a3a9},
    {0x3f17, 0xf0a4a98d},
    {0x3f18, 0xf0a4ad96},
    {0x3f19, 0xf0a4adaf},
    {0x3f1a, 0xf0a4b096},
    {0x3f1b, 0xf0a4b494},
    {0x3f1c, 0xf0a4b884},
    {0x3f1d, 0xf0a4b88e},
    {0x3f1e, 0xf0a4b8b7},
    {0x3f1f, 0xf0a4b9aa},
    {0x3f20, 0xf0a4ba8b},
    {0x3f21, 0xf0a4bfb2},
    {0x3f22, 0xf0a5818a},
    {0x3f23, 0xf0a58195},
    {0x3f24, 0xf0a584a2},
    {0x3f25, 0xf0a586a9},
    {0x3f26, 0xf0a5878d},
    {0x3f27, 0xf0a587a5},
    {0x3f28, 0xf0a5889e},
    {0x3f29, 0xf0a5898c},
    {0x3f2a, 0xf0a590ae},
    {0x3f2b, 0xf0a5928e},
    {0x3f2c, 0xf0a59399},
    {0x3f2d, 0xf0a5948e},
    {0x3f2e, 0xf0a596a7},
    {0x3f2f, 0xf0a599bf},
    {0x3f30, 0xf0a59db1},
    {0x3f31, 0xf0a59ea9},
    {0x3f32, 0xf0a59eb4},
    {0x3f33, 0xf0a5a1b4},
    {0x3f34, 0xf0a5a784},
    {0x3f35, 0xf0a5a78c},
    {0x3f36, 0xf0a5a794},
    {0x3f37, 0xf0a5ab97},
    {0x3f3a, 0xf0a5abb1},
    {0x3f3b, 0xf0a5aeb2},
    {0x3f3c, 0xf0a5b18b},
    {0x3f3d, 0xf0a5b1a4},
    {0x3f3e, 0xf0a5b6a1},
    {0x3f3f, 0xf0a5b8ae},
    {0x3f40, 0xf0a5b996},
    {0x3f41, 0xf0a5b9a2},
    {0x3f42, 0xf0a5b9a5},
    {0x3f43, 0xf0a5bb82},
    {0x3f44, 0xf0a5bb98},
    {0x3f45, 0xf0a5bba8},
    {0x3f46, 0xf0a5bca3},
    {0x3f47, 0xf0a5bd9c},
    {0x3f48, 0xf0a5bf94},
    {0x3f49, 0xf0a5bfa0},
    {0x3f4a, 0xf0a5bfbb},
    {0x3f4b, 0xf0a6808c},
    {0x3f4c, 0xf0a68097},
    {0x3f4d, 0xf0a681a0},
    {0x3f4e, 0xf0a683ad},
    {0x3f4f, 0xf0a688a2},
    {0x3f50, 0xf0a689aa},
    {0x3f51, 0xf0a689b0},
    {0x3f52, 0xf0a68a86},
    {0x3f53, 0xf0a68d8c},
    {0x3f54, 0xf0a69082},
    {0x3f55, 0xf0a699be},
    {0x3f56, 0xf0a69ab0},
    {0x3f57, 0xf0a69c9d},
    {0x3f58, 0xf0a6a39d},
    {0x3f59, 0xf0a6a3aa},
    {0x3f5a, 0xf0a6a591},
    {0x3f5b, 0xf0a6a5af},
    {0x3f5c, 0xf0a6a699},
    {0x3f5d, 0xf0a6a79d},
    {0x3f5e, 0xf0a6a89e},
    {0x3f5f, 0xf0a6a998},
    {0x3f60, 0xf0a6aa8c},
    {0x3f61, 0xf0a6aab7},
    {0x3f62, 0xf0a6abbf},
    {0x3f63, 0xf0a6b0a9},
    {0x3f64, 0xf0a6b1b3},
    {0x3f65, 0xf0a6b29e},
    {0x3f66, 0xf0a6b39d},
    {0x3f67, 0xf0a6b980},
    {0x3f68, 0xf0a6b9a5},
    {0x3f69, 0xf0a6be94},
    {0x3f6d, 0xf0a783b4},
    {0x3f6e, 0xf0a7848d},
    {0x3f6f, 0xf0a784b9},
    {0x3f72, 0xf0a78fbe},
    {0x3f73, 0xf0a79090},
    {0x3f74, 0xf0a79189},
    {0x3f77, 0xf0a798b1},
    {0x3f78, 0xf0a79a84},
    {0x3f79, 0xf0a79a93},
    {0x3f7a, 0xf0a79c8e},
    {0x3f7b, 0xf0a79ca3},
    {0x3f7c, 0xf0a79d92},
    {0x3f7d, 0xf0a7a2b2},
    {0x3f7e, 0xf0a7a685},
    {0x3f7f, 0xf0a7a6b4},
    {0x3f80, 0xf0a7aa84},
    {0x3f81, 0xf0a7aeb3},
    {0x3f82, 0xf0a7aebe},
    {0x3f83, 0xf0a7af87},
    {0x3f84, 0xf0a7b0bc},
    {0x3f85, 0xf0a7b2b8},
    {0x3f86, 0xf0a7b5b3},
    {0x3f87, 0xf0a7b6a0},
    {0x3f88, 0xf0a7b890},
    {0x3c50, 0xf0a7baaf},
    {0x3f89, 0xf0a7beb7},
    {0x3f8a, 0xf0a8828a},
    {0x3f8b, 0xf0a882bb},
    {0x3f8c, 0xf0a889b7},
    {0x3f8d, 0xf0a88a82},
    {0x3f8e, 0xf0a88bb3},
    {0x3f8f, 0xf0a88f8d},
    {0x3f90, 0xf0a8908c},
    {0x3f91, 0xf0a89195},
    {0x33a6, 0xf0a8939c},
    {0x3f92, 0xf0a895ab},
    {0x3f95, 0xf0a89b97},
    {0x3f96, 0xf0a89bba},
    {0x3f97, 0xf0a8a586},
    {0x3f98, 0xf0a8a589},
    {0x3f99, 0xf0a8a5ab},
    {0x3f9e, 0xf0a8a89e},
    {0x3f9f, 0xf0a8a8a9},
    {0x3fa0, 0xf0a8a983},
    {0x3fa1, 0xf0a8a9b1},
    {0x3fa2, 0xf0a8aa99},
    {0x3fa3, 0xf0a8ab8d},
    {0x3fa4, 0xf0a8ab9d},
    {0x3fa5, 0xf0a8aba4},
    {0x3fa6, 0xf0a8af81},
    {0x3fa7, 0xf0a8afaf},
    {0x3fa8, 0xf0a8b39d},
    {0x3fa9, 0xf0a8b490},
    {0x3faa, 0xf0a8b5b1},
    {0x3fab, 0xf0a8b7bb},
    {0x3fac, 0xf0a8b88f},
    {0x3fad, 0xf0a8b897},
    {0x3fae, 0xf0a8b89f},
    {0x3faf, 0xf0a8b8b6},
    {0x3fb0, 0xf0a8ba89},
    {0x3fb1, 0xf0a8bbab},
    {0x3fb2, 0xf0a8bbb6},
    {0x3fb3, 0xf0a8bcb2},
    {0x3fb4, 0xf0a8bfb8},
    {0x3fb5, 0xf0a98aa0},
    {0x3fb6, 0xf0a98ab1},
    {0x3fb7, 0xf0a99290},
    {0x3fb8, 0xf0a9978f},
    {0x3fb9, 0xf0a999bf},
    {0x3fba, 0xf0a99bb0},
    {0x3fbb, 0xf0a99c99},
    {0x3fbc, 0xf0a99d90},
    {0x3fbd, 0xf0a9a090},
    {0x3fbe, 0xf0a9a386},
    {0x3fbf, 0xf0a9a9b2},
    {0x3fc0, 0xf0a9b58b},
    {0x3fc1, 0xf0a9b79b},
    {0x3fc2, 0xf0a9b895},
    {0x3fc3, 0xf0a9b8bd},
    {0x3fc4, 0xf0a9b989},
    {0x3fc5, 0xf0a9ba8a},
    {0x3fc6, 0xf0a9bb84},
    {0x3fc7, 0xf0a9bb9b},
    {0x3fc8, 0xf0a9bba9},
    {0x3fc9, 0xf0a9bf8e},
    {0x3fc9, 0xf0a9bf97},
    {0x3fca, 0xf0aa809a},
    {0x3fcb, 0xf0aa80af},
    {0x3fcc, 0xf0aa8282},
    {0x3fcd, 0xf0aa83b9},
    {0x3fce, 0xf0aa8690},
    {0x3fcf, 0xf0aa8ab2},
    {0x3fd0, 0xf0aa8e8c},
    {0x3fd1, 0xf0aa90b7},
    {0x3fd2, 0xf0aa97b1},
    {0x3fd3, 0xf0aa9882},
    {0x3fd4, 0xf0aa989a},
    {0x3fd5, 0xf0aa9ab2},
    {0x3fd6, 0xf0aaa7a6},
    {0x3fd7, 0xf0ab9d86},
    {0x3fd8, 0xf0ab9d91},
    {0x3fd9, 0xf0ab9d93},
    {0x3fda, 0xf0ab9d9a},
    {0x3fdb, 0xf0ab9d9c},
    {0x3fdc, 0xf0ab9da5},
    {0x3fdf, 0xf0ab9dbc},
    {0x3fe0, 0xf0ab9e82},
    {0x3fe1, 0xf0ab9e89},
    {0x3fe2, 0xf0ab9e8b},
    {0x3fe3, 0xf0ab9e8e},
    {0x3fe4, 0xf0ab9e94},
    {0x3fe5, 0xf0ab9eac},
    {0x3fe6, 0xf0ab9eaf},
    {0x3fe7, 0xf0ab9ebd},
    {0x3fe8, 0xf0ab9f89},
    {0x3fe9, 0xf0ab9f8f},
    {0x3fea, 0xf0ab9f92},
    {0x3feb, 0xf0ab9f98},
    {0x3fec, 0xf0ab9fb0},
    {0x3fed, 0xf0aba08d},
    {0x3fee, 0xf0aba097},
    {0x3fef, 0xf0aba09a},
    {0x3ff0, 0xf0ad9584},
    {0x3ff1, 0xf0ae89b8},
    {0x3ff2, 0xf0ae95a9},
    {0x3ff3, 0xf0ae9baa},
    {0x3ff4, 0xf0afa084},
    {0x3ff5, 0xf0afa08f},
    {0x3ff6, 0xf0afa095},
    {0xcf3, 0xf0afa098},
    {0x3ff7, 0xf0afa09a},
    {0x3ff8, 0xf0afa0a2},
    {0x3ff9, 0xf0afa0a8},
    {0x3e96, 0xf0afa0ac},
    {0x3ffa, 0xf0afa0b3},
    {0x3ffb, 0xf0afa0bf},
    {0x3ffc, 0xf0afa186},
    {0x3ffd, 0xf0afa192},
    {0x3ffe, 0xf0afa1a2},
    {0x3fff, 0xf0afa1ad},
    {0x4000, 0xf0afa1b3},
    {0x13ca, 0xf0afa1b7},
    {0x4001, 0xf0afa284},
    {0x4004, 0xf0afa2a6},
    {0x4005, 0xf0afa2ac},
    {0x4006, 0xf0afa2b2},
    {0x4007, 0xf0afa2b6},
    {0x4008, 0xf0afa393},
    {0x3ee1, 0xf0afa39b},
    {0x1aee, 0xf0afa39c},
    {0x4009, 0xf0afa3a1},
    {0x400a, 0xf0afa3a5},
    {0x400b, 0xf0afa3aa},
    {0x1d46, 0xf0afa3ad},
    {0x400c, 0xf0afa3bc},
    {0x400d, 0xf0afa483},
    {0x400e, 0xf0afa48b},
    {0x400f, 0xf0afa48f},
    {0x4010, 0xf0afa49a},
    {0x4013, 0xf0afa585},
    {0x4014, 0xf0afa587},
    {0x4015, 0xf0afa5ac},
    {0x4016, 0xf0afa695},
    {0x4017, 0xf0afa790},
    {0x401a, 0xf0afa7b4},
    {0x401b, 0xf0b0bb9e},
    {0x401c, 0xf0b181ac},
};

static pdf_char_range_map_t char_range_map_UNIMANGA_UTF8_H[] = {
    {0x20, 0x7e, 0x1},
    {0xc2a1, 0xc2ac, 0x60},
    {0xc2ae, 0xc2bf, 0x6c},
    {0xc380, 0xc3bf, 0x7e},
    {0xc480, 0xc483, 0xbe},
    {0xc490, 0xc493, 0xc2},
    {0xc49a, 0xc49b, 0xc6},
    {0xc4a8, 0xc4ab, 0xc8},
    {0xc583, 0xc584, 0xcc},
    {0xc587, 0xc588, 0xce},
    {0xc58c, 0xc58f, 0xd0},
    {0xc592, 0xc593, 0xd4},
    {0xc5a8, 0xc5ad, 0xd6},
    {0xc6a0, 0xc6a1, 0xdd},
    {0xc6af, 0xc6b0, 0xdf},
    {0xc78d, 0xc79c, 0xe1},
    {0xc7b8, 0xc7b9, 0xf1},
    {0xcb89, 0xcb8b, 0xf6},
    {0xcbaa, 0xcbab, 0xfa},
    {0xcc80, 0xcc81, 0xfc},
    {0xce91, 0xcea1, 0x101},
    {0xcea3, 0xcea9, 0x112},
    {0xceb1, 0xcebf, 0x119},
    {0xcf80, 0xcf89, 0x128},
    {0xd090, 0xd0bf, 0x133},
    {0xd180, 0xd18f, 0x163},
    {0xe1b8be, 0xe1b8bf, 0x174},
    {0xe1baa0, 0xe1babf, 0x176},
    {0xe1bb80, 0xe1bbb9, 0x196},
    {0xe28095, 0xe28096, 0x1d3},
    {0xe28098, 0xe2809a, 0x1d5},
    {0xe2809c, 0xe2809e, 0x1d8},
    {0xe280a0, 0xe280a2, 0x1db},
    {0xe280a5, 0xe280a6, 0x1de},
    {0xe280b2, 0xe280b3, 0x1e1},
    {0xe280b9, 0xe280bc, 0x1e3},
    {0xe28187, 0xe28189, 0x1e8},
    {0xe282ab, 0xe282ac, 0x1ee},
    {0xe2839d, 0xe2839e, 0x1f0},
    {0xe28489, 0xe2848a, 0x1f5},
    {0xe284a1, 0xe284a2, 0x1fa},
    {0xe284a6, 0xe284a7, 0x1fc},
    {0xe285a0, 0xe285ab, 0x202},
    {0xe285b0, 0xe285bb, 0x20e},
    {0xe28690, 0xe28699, 0x21a},
    {0xe286b8, 0xe286b9, 0x224},
    {0xe28784, 0xe28786, 0x226},
    {0xe2878b, 0xe2878c, 0x229},
    {0xe287a6, 0xe287a9, 0x22e},
    {0xe28882, 0xe28883, 0x234},
    {0xe28885, 0xe2888b, 0x236},
    {0xe28891, 0xe28893, 0x23e},
    {0xe2889d, 0xe288a0, 0x242},
    {0xe288a5, 0xe288ae, 0x247},
    {0xe288b4, 0xe288b7, 0x251},
    {0xe289a0, 0xe289a2, 0x25b},
    {0xe289a4, 0xe289a7, 0x25e},
    {0xe289aa, 0xe289ab, 0x262},
    {0xe289ae, 0xe289af, 0x264},
    {0xe289b2, 0xe289b3, 0x266},
    {0xe289b6, 0xe289b7, 0x268},
    {0xe28a82, 0xe28a87, 0x26a},
    {0xe28a8a, 0xe28a8b, 0x270},
    {0xe28a95, 0xe28a99, 0x272},
    {0xe28b9a, 0xe28b9b, 0x27a},
    {0xe28c85, 0xe28c87, 0x27c},
    {0xe28ca9, 0xe28caa, 0x47e},
    {0xe28eb0, 0xe28eb1, 0x281},
    {0xe28ebe, 0xe28ebf, 0x283},
    {0xe28f80, 0xe28f8c, 0x285},
    {0xe28f9a, 0xe28f9b, 0x293},
    {0xe291a0, 0xe291bf, 0x296},
    {0xe29280, 0xe292bf, 0x2b6},
    {0xe29380, 0xe293bf, 0x2f6},
    {0xe29480, 0xe294bf, 0x336},
    {0xe29580, 0xe295bf, 0x376},
    {0xe29680, 0xe296ab, 0x3b6},
    {0xe296b1, 0xe296b3, 0x3e2},
    {0xe296b6, 0xe296b7, 0x3e5},
    {0xe296bc, 0xe296bd, 0x3e7},
    {0xe29780, 0xe29781, 0x3e9},
    {0xe29786, 0xe2978c, 0x3eb},
    {0xe2978e, 0xe29793, 0x3f2},
    {0xe297a2, 0xe297a6, 0x3f8},
    {0xe29880, 0xe29883, 0x3fe},
    {0xe29885, 0xe29886, 0x402},
    {0xe2988e, 0xe2988f, 0x405},
    {0xe29896, 0xe29897, 0x407},
    {0xe2989c, 0xe2989f, 0x409},
    {0xe29980, 0xe29982, 0x40e},
    {0xe299a0, 0xe299af, 0x411},
    {0xe299b2, 0xe299bd, 0x421},
    {0xe29aaa, 0xe29aab, 0x42e},
    {0xe29abd, 0xe29abe, 0x430},
    {0xe29db6, 0xe29dbf, 0x439},
    {0xe29e80, 0xe29e89, 0x296},
    {0xe29e8a, 0xe29e93, 0x439},
    {0xe2a4b4, 0xe2a4b5, 0x444},
    {0xe2a7ba, 0xe2a7bb, 0x447},
    {0xe2ac85, 0xe2ac87, 0x449},
    {0xe2b8ba, 0xe2b8bb, 0x44dc},
    {0xe2ba80, 0xe2ba81, 0x44f},
    {0xe2ba9c, 0xe2ba9d, 0x459},
    {0xe2bab4, 0xe2bab8, 0x460},
    {0xe2babb, 0xe2babc, 0x465},
    {0xe2bb8d, 0xe2bb8e, 0x3344},
    {0xe2bb90, 0xe2bb92, 0x366d},
    {0xe2bfb0, 0xe2bfbb, 0x46a},
    {0xe38080, 0xe3809b, 0x476},
    {0xe3809d, 0xe380a0, 0x493},
    {0xe380aa, 0xe380b7, 0x497},
    {0xe380bb, 0xe380bf, 0x4a5},
    {0xe3818c, 0xe38191, 0x4b6},
    {0xe38192, 0xe38193, 0x4bd},
    {0xe38194, 0xe381a2, 0x4c0},
    {0xe381a5, 0xe381bf, 0x4d1},
    {0xe38280, 0xe38282, 0x4ec},
    {0xe38289, 0xe3828d, 0x4f5},
    {0xe38290, 0xe38294, 0x4fc},
    {0xe38299, 0xe3829e, 0x56f},
    {0xe382ac, 0xe382af, 0x50e},
    {0xe382b0, 0xe382b1, 0x513},
    {0xe382b2, 0xe382b3, 0x516},
    {0xe382b4, 0xe382b7, 0x519},
    {0xe382b8, 0xe382b9, 0x51e},
    {0xe382ba, 0xe382bf, 0x521},
    {0xe38380, 0xe38382, 0x527},
    {0xe38385, 0xe38388, 0x52c},
    {0xe38389, 0xe3838c, 0x531},
    {0xe3838d, 0xe3838f, 0x536},
    {0xe38390, 0xe38392, 0x53a},
    {0xe38393, 0xe38395, 0x53e},
    {0xe38396, 0xe38398, 0x542},
    {0xe38399, 0xe3839b, 0x546},
    {0xe3839c, 0xe383a0, 0x54a},
    {0xe383a1, 0xe383a2, 0x550},
    {0xe383b0, 0xe383b4, 0x564},
    {0xe383b7, 0xe383ba, 0x569},
    {0xe383bd, 0xe383be, 0x575},
    {0xe38690, 0xe3869f, 0x7c0},
    {0xe388a0, 0xe388bf, 0x7d0},
    {0xe38980, 0xe3899f, 0x7f0},
    {0xe38a80, 0xe38abf, 0x810},
    {0xe38b80, 0xe38bbe, 0x850},
    {0xe38c80, 0xe38cab, 0x88f},
    {0xe38cad, 0xe38cbf, 0x8bb},
    {0xe38d80, 0xe38dbe, 0x8ce},
    {0xe38e80, 0xe38ebf, 0x90f},
    {0xe38f80, 0xe38fbf, 0x94f},
    {0xe39085, 0xe39086, 0x990},
    {0xe3959d, 0xe3959e, 0x9a1},
    {0xe39da1, 0xe39da2, 0x9b2},
    {0xe39dab, 0xe39dac, 0x9b4},
    {0xe3ab96, 0xe3ab97, 0x9d1},
    {0xe3ae87, 0xe3ae88, 0x9db},
    {0xe4988f, 0xe49890, 0xa34},
    {0xe49aae, 0xe49aaf, 0xa39},
    {0xe4b880, 0xe4b885, 0xa5a},
    {0xe4b887, 0xe4b892, 0xa60},
    {0xe4b894, 0xe4b899, 0xa6c},
    {0xe4b89e, 0xe4b89f, 0xa72},
    {0xe4b8a3, 0xe4b8a4, 0xa75},
    {0xe4b8a8, 0xe4b8b2, 0xa78},
    {0xe4b8b5, 0xe4b8b9, 0xa83},
    {0xe4b8bb, 0xe4b8bc, 0xa88},
    {0xe4b980, 0xe4b985, 0xa8b},
    {0xe4b987, 0xe4b988, 0xa91},
    {0xe4b98d, 0xe4b98f, 0xa94},
    {0xe4b995, 0xe4b99f, 0xa98},
    {0xe4b9a2, 0xe4b9a3, 0xaa3},
    {0xe4b9a8, 0xe4b9a9, 0xaa5},
    {0xe4b9b3, 0xe4b9b5, 0xaa8},
    {0xe4b9be, 0xe4b9bf, 0xaac},
    {0xe4ba85, 0xe4ba86, 0xab0},
    {0xe4ba88, 0xe4ba8e, 0xab2},
    {0xe4ba91, 0xe4ba92, 0xab9},
    {0xe4ba94, 0xe4ba99, 0xabb},
    {0xe4ba9b, 0xe4baa2, 0xac1},
    {0xe4baa4, 0xe4baa6, 0xac9},
    {0xe4baab, 0xe4bab0, 0xacd},
    {0xe4bab9, 0xe4babc, 0xad5},
    {0xe4bb80, 0xe4bb84, 0xad9},
    {0xe4bb86, 0xe4bb88, 0xade},
    {0xe4bb8a, 0xe4bb8b, 0xae1},
    {0xe4bb8d, 0xe4bb90, 0xae3},
    {0xe4bb94, 0xe4bb9b, 0xae7},
    {0xe4bb9d, 0xe4bba5, 0xaef},
    {0xe4bbad, 0xe4bbb3, 0xafa},
    {0xe4bbb5, 0xe4bbb7, 0xb01},
    {0xe4bbbb, 0xe4bbbf, 0xb04},
    {0xe4bc80, 0xe4bc83, 0xb09},
    {0xe4bc88, 0xe4bc92, 0xb0d},
    {0xe4bc95, 0xe4bc97, 0xb18},
    {0xe4bc99, 0xe4bc9a, 0xb1b},
    {0xe4bc9c, 0xe4bc9d, 0xb1d},
    {0xe4bcae, 0xe4bcb1, 0xb20},
    {0xe4bcb3, 0xe4bcbe, 0xb24},
    {0xe4bd82, 0xe4bd83, 0xb31},
    {0xe4bd86, 0xe4bd89, 0xb33},
    {0xe4bd8b, 0xe4bda0, 0xb37},
    {0xe4bda3, 0xe4bda4, 0xb4d},
    {0xe4bda9, 0xe4bdaa, 0xb4f},
    {0xe4bdae, 0xe4bdb1, 0xb52},
    {0xe4bdb5, 0xe4bdbf, 0xb57},
    {0xe4be81, 0xe4be86, 0xb62},
    {0xe4be88, 0xe4be94, 0xb68},
    {0xe4be96, 0xe4be9b, 0xb75},
    {0xe4be9d, 0xe4bea1, 0xb7b},
    {0xe4bead, 0xe4beaf, 0xb81},
    {0xe4beb5, 0xe4beb7, 0xb85},
    {0xe4bebb, 0xe4bebf, 0xb89},
    {0xe4bf80, 0xe4bf86, 0xb8e},
    {0xe4bf88, 0xe4bf94, 0xb95},
    {0xe4bf97, 0xe4bf98, 0xba2},
    {0xe4bf9a, 0xe4bf9d, 0xba4},
    {0xe4bf9f, 0xe4bfa6, 0xba8},
    {0xe4bfae, 0xe4bfb3, 0xbb0},
    {0xe4bfb5, 0xe4bfb6, 0xbb6},
    {0xe4bfbc, 0xe4bfbf, 0xbba},
    {0xe58080, 0xe58082, 0xbbe},
    {0xe58084, 0xe58087, 0xbc1},
    {0xe58089, 0xe58094, 0xbc5},
    {0xe58096, 0xe5809f, 0xbd1},
    {0xe580a1, 0xe580ae, 0xbdb},
    {0xe580b2, 0xe580b3, 0xbea},
    {0xe580b5, 0xe580b6, 0xbec},
    {0xe58180, 0xe58183, 0xbf0},
    {0xe58185, 0xe5818a, 0xbf4},
    {0xe5818e, 0xe58193, 0xbfb},
    {0xe58195, 0xe58197, 0xc01},
    {0xe58199, 0xe5819a, 0xc04},
    {0xe5819f, 0xe581a0, 0xc07},
    {0xe581a2, 0xe581a3, 0xc09},
    {0xe581a5, 0xe581a7, 0xc0b},
    {0xe581ac, 0xe581ad, 0xc0f},
    {0xe581b0, 0xe581b2, 0xc11},
    {0xe581b4, 0xe581b8, 0xc14},
    {0xe58280, 0xe58281, 0xc1a},
    {0xe58283, 0xe58286, 0xc1c},
    {0xe5828d, 0xe58296, 0xc22},
    {0xe58298, 0xe5829c, 0xc2c},
    {0xe5829e, 0xe582a3, 0xc31},
    {0xe582ac, 0xe582ad, 0xc38},
    {0xe582af, 0xe582b5, 0xc3a},
    {0xe582b9, 0xe582bb, 0xc42},
    {0xe582bd, 0xe582be, 0xc45},
    {0xe58382, 0xe58385, 0xc48},
    {0xe58389, 0xe5838a, 0xc4d},
    {0xe5838c, 0xe58391, 0xc4f},
    {0xe58393, 0xe58396, 0xc55},
    {0xe58398, 0xe5839a, 0xc59},
    {0xe5839c, 0xe5839f, 0xc5c},
    {0xe583a1, 0xe583a9, 0xc60},
    {0xe583ad, 0xe583b6, 0xc69},
    {0xe583b9, 0xe583bb, 0xc73},
    {0xe58480, 0xe58484, 0xc77},
    {0xe58486, 0xe58489, 0xc7c},
    {0xe5848b, 0xe5848e, 0xc80},
    {0xe58494, 0xe5849f, 0xc86},
    {0xe584a7, 0xe584a8, 0xc94},
    {0xe584ac, 0xe584ad, 0xc97},
    {0xe584b1, 0xe584b5, 0xc9a},
    {0xe584b7, 0xe584bc, 0xc9f},
    {0xe58580, 0xe58590, 0xca6},
    {0xe58592, 0xe58595, 0xcb7},
    {0xe58597, 0xe58598, 0xcbb},
    {0xe5859f, 0xe585a0, 0xcbf},
    {0xe585a4, 0xe585ae, 0xcc2},
    {0xe585b3, 0xe585b9, 0xcce},
    {0xe585bb, 0xe585bc, 0xcd5},
    {0xe58682, 0xe58686, 0xcd9},
    {0xe58689, 0xe58693, 0xcde},
    {0xe58695, 0xe58699, 0xce9},
    {0xe586a0, 0xe586a6, 0xcef},
    {0xe586a8, 0xe586ad, 0xcf6},
    {0xe586b0, 0xe586b8, 0xcfc},
    {0xe586bc, 0xe586bf, 0xd06},
    {0xe58782, 0xe58786, 0xd0a},
    {0xe58788, 0xe5878d, 0xd0f},
    {0xe58791, 0xe58796, 0xd16},
    {0xe5879b, 0xe587a2, 0xd1d},
    {0xe587a5, 0xe587a7, 0xd25},
    {0xe587a9, 0xe587aa, 0xd28},
    {0xe587ac, 0xe587ae, 0xd2a},
    {0xe587b0, 0xe587ba, 0xd2d},
    {0xe587bd, 0xe587be, 0xd38},
    {0xe58880, 0xe58888, 0xd3a},
    {0xe5888a, 0xe5888b, 0xd43},
    {0xe58891, 0xe58898, 0xd46},
    {0xe588a4, 0xe588ab, 0xd50},
    {0xe588b0, 0xe588b3, 0xd59},
    {0xe588b5, 0xe588bc, 0xd5d},
    {0xe58983, 0xe58985, 0xd65},
    {0xe58989, 0xe5898d, 0xd69},
    {0xe58994, 0xe58998, 0xd6f},
    {0xe5899a, 0xe589a1, 0xd74},
    {0xe589a3, 0xe589a6, 0xd7c},
    {0xe589a9, 0xe589aa, 0xd80},
    {0xe589ae, 0xe589b5, 0xd83},
    {0xe589b7, 0xe589b9, 0xd8b},
    {0xe58a82, 0xe58a85, 0xd91},
    {0xe58a87, 0xe58a8a, 0xd95},
    {0xe58a8c, 0xe58a8d, 0xd99},
    {0xe58a91, 0xe58a98, 0xd9b},
    {0xe58a9a, 0xe58a9c, 0xda3},
    {0xe58a9f, 0xe58aa0, 0xda6},
    {0xe58aa3, 0xe58aa7, 0xda8},
    {0xe58aa9, 0xe58aad, 0xdad},
    {0xe58aaf, 0xe58ab1, 0xdb2},
    {0xe58ab4, 0xe58abe, 0xdb5},
    {0xe58b80, 0xe58b81, 0xdc0},
    {0xe58b83, 0xe58b8a, 0xdc2},
    {0xe58b8c, 0xe58b8d, 0xdca},
    {0xe58b8f, 0xe58b92, 0xdcc},
    {0xe58b94, 0xe58b99, 0xdd0},
    {0xe58b9b, 0xe58baa, 0xdd6},
    {0xe58bb0, 0xe58bbb, 0xde7},
    {0xe58bbe, 0xe58bbf, 0xdf3},
    {0xe58c80, 0xe58c83, 0xdf5},
    {0xe58c86, 0xe58c88, 0xdfb},
    {0xe58c8a, 0xe58c8d, 0xdfe},
    {0xe58c8f, 0xe58c91, 0xe02},
    {0xe58c95, 0xe58ca1, 0xe06},
    {0xe58ca3, 0xe58ca5, 0xe13},
    {0xe58ca7, 0xe58cad, 0xe16},
    {0xe58caf, 0xe58cb3, 0xe1d},
    {0xe58cb8, 0xe58cbf, 0xe23},
    {0xe58d80, 0xe58d83, 0xe2b},
    {0xe58d85, 0xe58d8d, 0xe2f},
    {0xe58d91, 0xe58d94, 0xe38},
    {0xe58d97, 0xe58d9c, 0xe3c},
    {0xe58da0, 0xe58da1, 0xe43},
    {0xe58da3, 0xe58da7, 0xe45},
    {0xe58dac, 0xe58db5, 0xe4b},
    {0xe58db7, 0xe58dbb, 0xe55},
    {0xe58dbd, 0xe58dbf, 0xe5a},
    {0xe58e82, 0xe58e84, 0xe5d},
    {0xe58e87, 0xe58e89, 0xe60},
    {0xe58e93, 0xe58e94, 0xe64},
    {0xe58e98, 0xe58e9a, 0xe67},
    {0xe58e9f, 0xe58ea1, 0xe6b},
    {0xe58ea4, 0xe58ea6, 0xe6e},
    {0xe58ea8, 0xe58eab, 0xe71},
    {0xe58ead, 0xe58eb0, 0xe75},
    {0xe58eb2, 0xe58eb8, 0xe79},
    {0xe58eba, 0xe58ebb, 0xe80},
    {0xe58f80, 0xe58f85, 0xe83},
    {0xe58f88, 0xe58f8f, 0xe89},
    {0xe58f92, 0xe58f97, 0xe91},
    {0xe58f99, 0xe58f9b, 0xe97},
    {0xe58f9d, 0xe58fb8, 0xe9a},
    {0xe59081, 0xe59084, 0xeb7},
    {0xe59088, 0xe59093, 0xebb},
    {0xe5909a, 0xe5909b, 0xec7},
    {0xe5909d, 0xe590a1, 0xec9},
    {0xe590a6, 0xe590af, 0xecf},
    {0xe590b3, 0xe590b6, 0xeda},
    {0xe590b8, 0xe590b9, 0xede},
    {0xe590bb, 0xe590bf, 0xee0},
    {0xe59182, 0xe59184, 0xee6},
    {0xe59186, 0xe5918a, 0xee9},
    {0xe5918c, 0xe5918f, 0xeee},
    {0xe5919e, 0xe5919f, 0xef4},
    {0xe591a6, 0xe591ae, 0xef8},
    {0xe591b0, 0xe591b1, 0xf01},
    {0xe591b3, 0xe591b7, 0xf03},
    {0xe591bb, 0xe591bd, 0xf08},
    {0xe59280, 0xe59281, 0xf0c},
    {0xe59283, 0xe59286, 0xf0e},
    {0xe59288, 0xe59292, 0xf12},
    {0xe59295, 0xe59296, 0xf1d},
    {0xe5929f, 0xe592a2, 0xf20},
    {0xe592a4, 0xe592af, 0xf24},
    {0xe592b1, 0xe592b3, 0xf30},
    {0xe592b7, 0xe592bf, 0xf33},
    {0xe59380, 0xe59384, 0xf3c},
    {0xe59386, 0xe5938a, 0xf41},
    {0xe5938d, 0xe5938e, 0xf46},
    {0xe593a0, 0xe593a2, 0xf49},
    {0xe593a5, 0xe593a6, 0xf4c},
    {0xe593a8, 0xe593aa, 0xf4e},
    {0xe593ac, 0xe593af, 0xf51},
    {0xe593b1, 0xe593b3, 0xf55},
    {0xe593bc, 0xe593bf, 0xf5a},
    {0xe59480, 0xe59481, 0xf5e},
    {0xe59484, 0xe59489, 0xf60},
    {0xe5948c, 0xe59490, 0xf66},
    {0xe59494, 0xe59496, 0xf6b},
    {0xe594aa, 0xe594ab, 0xf6f},
    {0xe594ae, 0xe594af, 0xf71},
    {0xe594b1, 0xe594b3, 0xf73},
    {0xe594b5, 0xe594b6, 0xf76},
    {0xe594b8, 0xe594b9, 0xf78},
    {0xe594bb, 0xe594be, 0xf7a},
    {0xe59580, 0xe59581, 0xf7e},
    {0xe59584, 0xe59587, 0xf80},
    {0xe59589, 0xe5958a, 0xf84},
    {0xe5958c, 0xe5958d, 0xf86},
    {0xe5958f, 0xe59591, 0xf88},
    {0xe59596, 0xe59598, 0xf8c},
    {0xe5959a, 0xe5959e, 0xf8f},
    {0xe595a0, 0xe595a1, 0xf94},
    {0xe595a3, 0xe595a4, 0xf96},
    {0xe595bb, 0xe595bf, 0xf99},
    {0xe59680, 0xe59684, 0xf9e},
    {0xe59686, 0xe5968b, 0xfa3},
    {0xe5968e, 0xe5968f, 0xfa9},
    {0xe59691, 0xe59694, 0xfab},
    {0xe59697, 0xe5969a, 0xfaf},
    {0xe5969c, 0xe5969f, 0xfb3},
    {0xe596a3, 0xe596a4, 0xfb7},
    {0xe596a7, 0xe596ae, 0xfb9},
    {0xe59783, 0xe59787, 0xfc6},
    {0xe5978b, 0xe5978c, 0xfcc},
    {0xe59791, 0xe59794, 0xfcf},
    {0xe59797, 0xe59798, 0xfd3},
    {0xe5979a, 0xe5979f, 0xfd5},
    {0xe597a2, 0xe597a4, 0xfdb},
    {0xe597b6, 0xe597b9, 0xfe2},
    {0xe597bd, 0xe597bf, 0xfe6},
    {0xe59885, 0xe5988a, 0xfe9},
    {0xe5988d, 0xe59892, 0xfef},
    {0xe59896, 0xe59899, 0xff6},
    {0xe598a8, 0xe598a9, 0xffc},
    {0xe598af, 0xe598b9, 0xfff},
    {0xe598bb, 0xe598bd, 0x100a},
    {0xe59980, 0xe59984, 0x100e},
    {0xe59986, 0xe59987, 0x1013},
    {0xe5998b, 0xe59990, 0x1016},
    {0xe59993, 0xe59994, 0x101c},
    {0xe599a0, 0xe599a4, 0x1020},
    {0xe599a8, 0xe599ad, 0x1026},
    {0xe599b1, 0xe599b2, 0x102d},
    {0xe599b4, 0xe599b6, 0x102f},
    {0xe59a84, 0xe59a88, 0x1035},
    {0xe59a8a, 0xe59a8c, 0x103a},
    {0xe59a94, 0xe59a95, 0x103e},
    {0xe59a99, 0xe59a9a, 0x1040},
    {0xe59a9d, 0xe59aa0, 0x1042},
    {0xe59aa5, 0xe59aa9, 0x1047},
    {0xe59aab, 0xe59aae, 0x104c},
    {0xe59ab1, 0xe59ab4, 0x1050},
    {0xe59ab6, 0xe59ab7, 0x1054},
    {0xe59b80, 0xe59b83, 0x1058},
    {0xe59b88, 0xe59b91, 0x105d},
    {0xe59b97, 0xe59ba1, 0x1068},
    {0xe59ba3, 0xe59ba8, 0x1073},
    {0xe59bad, 0xe59bae, 0x107a},
    {0xe59bb0, 0xe59bb3, 0x107c},
    {0xe59bb6, 0xe59bb7, 0x1080},
    {0xe59bb9, 0xe59bba, 0x1082},
    {0xe59c80, 0xe59c84, 0x1086},
    {0xe59c87, 0xe59c8d, 0x108b},
    {0xe59c91, 0xe59c93, 0x1093},
    {0xe59c95, 0xe59c96, 0x1096},
    {0xe59c9a, 0xe59c9d, 0x1099},
    {0xe59c9f, 0xe59caa, 0x109d},
    {0xe59cac, 0xe59cb0, 0x10a9},
    {0xe59cb3, 0xe59cb4, 0x10ae},
    {0xe59cb7, 0xe59cb8, 0x10b0},
    {0xe59cbd, 0xe59cbf, 0x10b3},
    {0xe59d85, 0xe59d87, 0x10b8},
    {0xe59d8c, 0xe59d92, 0x10bc},
    {0xe59da1, 0xe59da2, 0x10c5},
    {0xe59da4, 0xe59dab, 0x10c7},
    {0xe59dad, 0xe59db1, 0x10cf},
    {0xe59db3, 0xe59db5, 0x10d4},
    {0xe59db9, 0xe59dbc, 0x10d8},
    {0xe59dbe, 0xe59dbf, 0x10dc},
    {0xe59e81, 0xe59e83, 0x10de},
    {0xe59e88, 0xe59e89, 0x10e1},
    {0xe59e8b, 0xe59e8c, 0x10e3},
    {0xe59e93, 0xe59e95, 0x10e5},
    {0xe59e99, 0xe59e9a, 0x10e9},
    {0xe59e9c, 0xe59ea4, 0x10eb},
    {0xe59ea7, 0xe59eaa, 0x10f4},
    {0xe59f86, 0xe59f88, 0x1100},
    {0xe59f8b, 0xe59f8c, 0x1103},
    {0xe59f8e, 0xe59f8f, 0x1105},
    {0xe59f92, 0xe59f97, 0x1107},
    {0xe59f9c, 0xe59fa1, 0x110d},
    {0xe59fa3, 0xe59fa4, 0x1113},
    {0xe59fa6, 0xe59fa7, 0x1115},
    {0xe59fb4, 0xe59fbf, 0x111a},
    {0xe5a082, 0xe5a086, 0x1127},
    {0xe5a088, 0xe5a08d, 0x112c},
    {0xe5a09d, 0xe5a0a1, 0x1135},
    {0xe5a0a6, 0xe5a0a7, 0x113b},
    {0xe5a0af, 0xe5a0b2, 0x113f},
    {0xe5a0b4, 0xe5a0b5, 0x1143},
    {0xe5a0b9, 0xe5a0ba, 0x1145},
    {0xe5a180, 0xe5a181, 0x1149},
    {0xe5a189, 0xe5a18d, 0x114b},
    {0xe5a18f, 0xe5a192, 0x1150},
    {0xe5a194, 0xe5a195, 0x1154},
    {0xe5a197, 0xe5a19a, 0x1156},
    {0xe5a19e, 0xe5a19f, 0x115a},
    {0xe5a1a1, 0xe5a1a2, 0x115c},
    {0xe5a1a7, 0xe5a1a9, 0x115f},
    {0xe5a1b8, 0xe5a1b9, 0x1167},
    {0xe5a1be, 0xe5a1bf, 0x116a},
    {0xe5a280, 0xe5a281, 0x116c},
    {0xe5a287, 0xe5a28d, 0x1170},
    {0xe5a28f, 0xe5a290, 0x1177},
    {0xe5a293, 0xe5a294, 0x1179},
    {0xe5a296, 0xe5a298, 0x117b},
    {0xe5a29c, 0xe5a2a2, 0x117e},
    {0xe5a2a8, 0xe5a2ab, 0x1186},
    {0xe5a2b1, 0xe5a2b3, 0x118b},
    {0xe5a2b8, 0xe5a2bc, 0x118e},
    {0xe5a381, 0xe5a385, 0x1194},
    {0xe5a387, 0xe5a388, 0x1199},
    {0xe5a38c, 0xe5a38e, 0x119c},
    {0xe5a390, 0xe5a39a, 0x119f},
    {0xe5a39c, 0xe5a3a2, 0x11aa},
    {0xe5a3a4, 0xe5a3a5, 0x11b1},
    {0xe5a3ab, 0xe5a3ac, 0x11b4},
    {0xe5a3ae, 0xe5a3b4, 0x11b6},
    {0xe5a3b9, 0xe5a3bd, 0x11be},
    {0xe5a485, 0xe5a486, 0x11c4},
    {0xe5a489, 0xe5a48d, 0x11c6},
    {0xe5a48f, 0xe5a490, 0x11cb},
    {0xe5a492, 0xe5a496, 0x11cd},
    {0xe5a498, 0xe5a49d, 0x11d2},
    {0xe5a4a1, 0xe5a4a5, 0x11d9},
    {0xe5a4a7, 0xe5a4b3, 0x11de},
    {0xe5a4b5, 0xe5a4b9, 0x11eb},
    {0xe5a4bd, 0xe5a4bf, 0x11f0},
    {0xe5a583, 0xe5a584, 0x11f3},
    {0xe5a586, 0xe5a589, 0x11f5},
    {0xe5a58e, 0xe5a595, 0x11f9},
    {0xe5a597, 0xe5a59b, 0x1201},
    {0xe5a59d, 0xe5a5a3, 0x1206},
    {0xe5a5a7, 0xe5a5af, 0x120e},
    {0xe5a5b2, 0xe5a5b6, 0x1217},
    {0xe5a5b8, 0xe5a5b9, 0x121c},
    {0xe5a5bb, 0xe5a5bd, 0x121e},
    {0xe5a681, 0xe5a684, 0x1221},
    {0xe5a68a, 0xe5a68e, 0x1225},
    {0xe5a692, 0xe5a693, 0x122a},
    {0xe5a695, 0xe5a697, 0x122c},
    {0xe5a6a3, 0xe5a6a5, 0x1233},
    {0xe5a6a7, 0xe5a6a8, 0x1236},
    {0xe5a6ac, 0xe5a6b0, 0x1238},
    {0xe5a6b2, 0xe5a6b3, 0x123d},
    {0xe5a6b9, 0xe5a6bc, 0x1240},
    {0xe5a783, 0xe5a784, 0x1246},
    {0xe5a788, 0xe5a78b, 0x1249},
    {0xe5a790, 0xe5a794, 0x124e},
    {0xe5a799, 0xe5a79a, 0x1253},
    {0xe5a79c, 0xe5a79f, 0x1255},
    {0xe5a7a3, 0xe5a7a8, 0x1259},
    {0xe5a7aa, 0xe5a7ac, 0x125f},
    {0xe5a7ae, 0xe5a7af, 0x1262},
    {0xe5a7b1, 0xe5a7b2, 0x1264},
    {0xe5a7b6, 0xe5a7b8, 0x1267},
    {0xe5a880, 0xe5a881, 0x126c},
    {0xe5a883, 0xe5a884, 0x126e},
    {0xe5a88c, 0xe5a88e, 0x1271},
    {0xe5a891, 0xe5a893, 0x1274},
    {0xe5a897, 0xe5a898, 0x1277},
    {0xe5a89a, 0xe5a89c, 0x1279},
    {0xe5a89e, 0xe5a8a0, 0x127c},
    {0xe5a8a3, 0xe5a8a5, 0x127f},
    {0xe5a8a7, 0xe5a8aa, 0x1282},
    {0xe5a8af, 0xe5a8b0, 0x1287},
    {0xe5a8b5, 0xe5a8b6, 0x1289},
    {0xe5a980, 0xe5a981, 0x128c},
    {0xe5a984, 0xe5a989, 0x128e},
    {0xe5a9a2, 0xe5a9a3, 0x1299},
    {0xe5a9a5, 0xe5a9a7, 0x129b},
    {0xe5a9ac, 0xe5a9ad, 0x129f},
    {0xe5a9ba, 0xe5a9bb, 0x12a2},
    {0xe5a9be, 0xe5a9bf, 0x12a4},
    {0xe5aa92, 0xe5aa93, 0x12a9},
    {0xe5aa99, 0xe5aa9c, 0x12ac},
    {0xe5aa9e, 0xe5aaa0, 0x12b0},
    {0xe5aab1, 0xe5aab3, 0x12b6},
    {0xe5aaba, 0xe5aabf, 0x12bb},
    {0xe5ab81, 0xe5ab82, 0x12c1},
    {0xe5ab88, 0xe5ab89, 0x12c5},
    {0xe5ab8b, 0xe5ab8c, 0x12c7},
    {0xe5ab8f, 0xe5ab90, 0x12c9},
    {0xe5ab96, 0xe5ab97, 0x12cb},
    {0xe5aba0, 0xe5aba1, 0x12cf},
    {0xe5aba5, 0xe5aba6, 0x12d2},
    {0xe5aba9, 0xe5abaa, 0x12d4},
    {0xe5abb5, 0xe5abb6, 0x12d8},
    {0xe5abba, 0xe5abbb, 0x12da},
    {0xe5ac80, 0xe5ac81, 0x12dd},
    {0xe5ac88, 0xe5ac89, 0x12df},
    {0xe5ac8b, 0xe5ac8c, 0x12e1},
    {0xe5ac96, 0xe5ac97, 0x12e3},
    {0xe5aca1, 0xe5aca2, 0x12e8},
    {0xe5acac, 0xe5acad, 0x12ec},
    {0xe5ad80, 0xe5ad81, 0x12f4},
    {0xe5ad8b, 0xe5ad8c, 0x12f8},
    {0xe5ad90, 0xe5ad92, 0x12fa},
    {0xe5ad94, 0xe5ad98, 0x12fd},
    {0xe5ad9a, 0xe5ad9f, 0x1302},
    {0xe5ada3, 0xe5ada6, 0x1308},
    {0xe5ada8, 0xe5ada9, 0x130c},
    {0xe5adae, 0xe5adb1, 0x130f},
    {0xe5adb5, 0xe5adb6, 0x1314},
    {0xe5adbc, 0xe5adbf, 0x1318},
    {0xe5ae80, 0xe5ae91, 0x131c},
    {0xe5ae93, 0xe5ae9d, 0x132e},
    {0xe5aea2, 0xe5aea6, 0x133a},
    {0xe5aea8, 0xe5aea9, 0x133f},
    {0xe5aeac, 0xe5aeba, 0x1341},
    {0xe5af80, 0xe5af87, 0x1352},
    {0xe5af8c, 0xe5af90, 0x135b},
    {0xe5af92, 0xe5af94, 0x1360},
    {0xe5af96, 0xe5af9b, 0x1363},
    {0xe5af9d, 0xe5afa2, 0x1369},
    {0xe5afa4, 0xe5afa9, 0x136f},
    {0xe5afab, 0xe5afac, 0x1375},
    {0xe5afae, 0xe5afb1, 0x1377},
    {0xe5afb3, 0xe5afb6, 0x137b},
    {0xe5afbd, 0xe5afbf, 0x1381},
    {0xe5b081, 0xe5b08f, 0x1384},
    {0xe5b091, 0xe5b094, 0x1393},
    {0xe5b096, 0xe5b097, 0x1397},
    {0xe5b099, 0xe5b09a, 0x1399},
    {0xe5b09e, 0xe5b0a0, 0x139b},
    {0xe5b0a2, 0xe5b0a4, 0x139e},
    {0xe5b0a8, 0xe5b0ae, 0x13a2},
    {0xe5b0b0, 0xe5b0b2, 0x13a9},
    {0xe5b0b5, 0xe5b0b6, 0x13ac},
    {0xe5b0b8, 0xe5b0bf, 0x13ae},
    {0xe5b180, 0xe5b181, 0x13b6},
    {0xe5b185, 0xe5b186, 0x13b8},
    {0xe5b18a, 0xe5b18b, 0x13bb},
    {0xe5b18d, 0xe5b191, 0x13bd},
    {0xe5b199, 0xe5b19c, 0x13c4},
    {0xe5b19e, 0xe5b1a5, 0x13c8},
    {0xe5b1a7, 0xe5b1a9, 0x13d0},
    {0xe5b1ac, 0xe5b1b1, 0x13d3},
    {0xe5b1b4, 0xe5b1b6, 0x13d9},
    {0xe5b1b9, 0xe5b1bd, 0x13dc},
    {0xe5b287, 0xe5b288, 0x13e1},
    {0xe5b28f, 0xe5b292, 0x13e5},
    {0xe5b29f, 0xe5b2a3, 0x13eb},
    {0xe5b2a6, 0xe5b2ad, 0x13f0},
    {0xe5b2b1, 0xe5b2b8, 0x13f8},
    {0xe5b2ba, 0xe5b2bc, 0x1400},
    {0xe5b3a0, 0xe5b3a1, 0x140d},
    {0xe5b3a8, 0xe5b3aa, 0x1410},
    {0xe5b3ad, 0xe5b3b2, 0x1413},
    {0xe5b3b4, 0xe5b3b6, 0x1419},
    {0xe5b3ba, 0xe5b3bb, 0x141c},
    {0xe5b486, 0xe5b487, 0x1420},
    {0xe5b48d, 0xe5b48e, 0x1423},
    {0xe5b490, 0xe5b492, 0x1425},
    {0xe5b494, 0xe5b49b, 0x1428},
    {0xe5b49f, 0xe5b4a0, 0x1431},
    {0xe5b4a2, 0xe5b4a4, 0x1433},
    {0xe5b4a6, 0xe5b4a7, 0x1436},
    {0xe5b582, 0xe5b583, 0x143f},
    {0xe5b586, 0xe5b588, 0x1441},
    {0xe5b58a, 0xe5b58c, 0x1444},
    {0xe5b590, 0xe5b593, 0x1448},
    {0xe5b59f, 0xe5b5a2, 0x144f},
    {0xe5b5a9, 0xe5b5aa, 0x1454},
    {0xe5b5ac, 0xe5b5ad, 0x1456},
    {0xe5b5af, 0xe5b5b0, 0x1458},
    {0xe5b5b9, 0xe5b5ba, 0x145c},
    {0xe5b5be, 0xe5b5bf, 0x145e},
    {0xe5b681, 0xe5b684, 0x1460},
    {0xe5b687, 0xe5b688, 0x1464},
    {0xe5b68a, 0xe5b68c, 0x1466},
    {0xe5b692, 0xe5b695, 0x146a},
    {0xe5b69f, 0xe5b6a0, 0x1472},
    {0xe5b6ab, 0xe5b6ac, 0x1477},
    {0xe5b6b7, 0xe5b6ba, 0x147d},
    {0xe5b6bc, 0xe5b6bd, 0x1481},
    {0xe5b78b, 0xe5b78e, 0x1486},
    {0xe5b790, 0xe5b793, 0x148a},
    {0xe5b796, 0xe5b799, 0x148e},
    {0xe5b79d, 0xe5b79e, 0x1493},
    {0xe5b7a0, 0xe5b7a9, 0x1495},
    {0xe5b7b1, 0xe5b7b5, 0x14a1},
    {0xe5b7b7, 0xe5b7b9, 0x14a6},
    {0xe5b7bd, 0xe5b7bf, 0x14aa},
    {0xe5b882, 0xe5b883, 0x14ae},
    {0xe5b886, 0xe5b887, 0x14b0},
    {0xe5b88b, 0xe5b88d, 0x14b2},
    {0xe5b891, 0xe5b892, 0x14b5},
    {0xe5b894, 0xe5b896, 0x14b7},
    {0xe5b898, 0xe5b89b, 0x14ba},
    {0xe5b89f, 0xe5b8a0, 0x14bf},
    {0xe5b8ad, 0xe5b8b0, 0x14c4},
    {0xe5b8b2, 0xe5b8b3, 0x14c8},
    {0xe5b8b5, 0xe5b8b8, 0x14ca},
    {0xe5b8bd, 0xe5b8be, 0x14ce},
    {0xe5b983, 0xe5b985, 0x14d1},
    {0xe5b98b, 0xe5b98c, 0x14d6},
    {0xe5b990, 0xe5b991, 0x14d9},
    {0xe5b994, 0xe5b998, 0x14db},
    {0xe5b99b, 0xe5b99c, 0x14e0},
    {0xe5b99e, 0xe5b99f, 0x14e2},
    {0xe5b9a1, 0xe5b9a4, 0x14e4},
    {0xe5b9aa, 0xe5b9ae, 0x14e9},
    {0xe5b9b2, 0xe5b9bf, 0x14ef},
    {0xe5ba80, 0xe5ba81, 0x14fd},
    {0xe5ba83, 0xe5ba84, 0x14ff},
    {0xe5ba8a, 0xe5ba8b, 0x1502},
    {0xe5ba8e, 0xe5ba8f, 0x1504},
    {0xe5ba95, 0xe5ba97, 0x1506},
    {0xe5ba99, 0xe5ba9a, 0x1509},
    {0xe5baa4, 0xe5baa8, 0x150e},
    {0xe5baaa, 0xe5baad, 0x1513},
    {0xe5bab5, 0xe5bab9, 0x1519},
    {0xe5babd, 0xe5babf, 0x151e},
    {0xe5bb81, 0xe5bb83, 0x1521},
    {0xe5bb88, 0xe5bb8c, 0x1525},
    {0xe5bb8e, 0xe5bb96, 0x152a},
    {0xe5bb99, 0xe5bba3, 0x1533},
    {0xe5bba8, 0xe5bba9, 0x153f},
    {0xe5bbab, 0xe5bbac, 0x1541},
    {0xe5bbb0, 0xe5bbb1, 0x1543},
    {0xe5bbb3, 0xe5bbb4, 0x1545},
    {0xe5bbb6, 0xe5bbbf, 0x1547},
    {0xe5bc80, 0xe5bc84, 0x1551},
    {0xe5bc86, 0xe5bc91, 0x1556},
    {0xe5bc93, 0xe5bc99, 0x1562},
    {0xe5bc9b, 0xe5bc9f, 0x1569},
    {0xe5bca1, 0xe5bca9, 0x156e},
    {0xe5bcab, 0xe5bcb1, 0x1577},
    {0xe5bcb4, 0xe5bcb8, 0x157e},
    {0xe5bcba, 0xe5bcbf, 0x1583},
    {0xe5bd80, 0xe5bd81, 0x1589},
    {0xe5bd84, 0xe5bd85, 0x158b},
    {0xe5bd87, 0xe5bd88, 0x158d},
    {0xe5bd8c, 0xe5bd8e, 0x1590},
    {0xe5bd90, 0xe5bd91, 0x1593},
    {0xe5bd93, 0xe5bd94, 0x1595},
    {0xe5bd96, 0xe5bd99, 0x1597},
    {0xe5bd9b, 0xe5bd9d, 0x159b},
    {0xe5bda0, 0xe5bda7, 0x159e},
    {0xe5bda9, 0xe5bdad, 0x15a6},
    {0xe5bdaf, 0xe5bdb5, 0x15ab},
    {0xe5bdb7, 0xe5bdba, 0x15b2},
    {0xe5bdbc, 0xe5bdbf, 0x15b6},
    {0xe5be80, 0xe5be85, 0x15ba},
    {0xe5be87, 0xe5be8d, 0x15c0},
    {0xe5be8f, 0xe5be93, 0x15c7},
    {0xe5be96, 0xe5be99, 0x15cc},
    {0xe5be9c, 0xe5be9e, 0x15d0},
    {0xe5bea0, 0xe5bea2, 0x15d3},
    {0xe5bea7, 0xe5beb1, 0x15d7},
    {0xe5beb3, 0xe5beb5, 0x15e2},
    {0xe5beb7, 0xe5beb9, 0x15e5},
    {0xe5bebc, 0xe5bebd, 0x15e8},
    {0xe5bf83, 0xe5bf85, 0x15ea},
    {0xe5bf87, 0xe5bf89, 0x15ed},
    {0xe5bf8b, 0xe5bf8d, 0x15f0},
    {0xe5bf90, 0xe5bf94, 0x15f3},
    {0xe5bf96, 0xe5bf99, 0x15f8},
    {0xe5bf9c, 0xe5bf9e, 0x15fc},
    {0xe5bfa0, 0xe5bfa2, 0x15ff},
    {0xe5bfa8, 0xe5bfb3, 0x1603},
    {0xe5bfb5, 0xe5bfb6, 0x160f},
    {0xe5bfba, 0xe5bfbd, 0x1612},
    {0xe6808d, 0xe68090, 0x1619},
    {0xe68092, 0xe6809d, 0x161d},
    {0xe6809f, 0xe680a2, 0x1629},
    {0xe680a4, 0xe680ab, 0x162d},
    {0xe68180, 0xe68183, 0x163b},
    {0xe68186, 0xe6818d, 0x163f},
    {0xe68190, 0xe68192, 0x1647},
    {0xe68194, 0xe68197, 0x164a},
    {0xe68199, 0xe6819a, 0x164e},
    {0xe6819f, 0xe681a5, 0x1651},
    {0xe681a7, 0xe681ad, 0x1658},
    {0xe681af, 0xe681b1, 0x165f},
    {0xe681be, 0xe681bf, 0x1664},
    {0xe68281, 0xe68286, 0x1666},
    {0xe68288, 0xe6828e, 0x166c},
    {0xe68291, 0xe68298, 0x1673},
    {0xe6829a, 0xe6829b, 0x167b},
    {0xe6829d, 0xe682a0, 0x167d},
    {0xe682a2, 0xe682aa, 0x1681},
    {0xe682b0, 0xe682b8, 0x168a},
    {0xe682bb, 0xe682be, 0x1693},
    {0xe68384, 0xe6838b, 0x1698},
    {0xe6838e, 0xe6838f, 0x16a0},
    {0xe68393, 0xe68395, 0x16a3},
    {0xe68398, 0xe683a3, 0x16a6},
    {0xe683a7, 0xe683a8, 0x16b3},
    {0xe683b0, 0xe683bd, 0x16b6},
    {0xe68480, 0xe68483, 0x16c4},
    {0xe68486, 0xe6848a, 0x16c8},
    {0xe6848c, 0xe68497, 0x16cd},
    {0xe68499, 0xe6849c, 0x16d9},
    {0xe6849e, 0xe684a2, 0x16dd},
    {0xe684a7, 0xe684a8, 0x16e2},
    {0xe684aa, 0xe684ac, 0x16e4},
    {0xe684b0, 0xe684b1, 0x16e7},
    {0xe684b4, 0xe684b7, 0x16e9},
    {0xe684b9, 0xe684ba, 0x16ed},
    {0xe684bc, 0xe684bf, 0x16ef},
    {0xe68581, 0xe68582, 0x16f3},
    {0xe68584, 0xe6858e, 0x16f5},
    {0xe68598, 0xe6859a, 0x1702},
    {0xe6859d, 0xe685a0, 0x1705},
    {0xe685a2, 0xe685a5, 0x1709},
    {0xe685a7, 0xe685a8, 0x170d},
    {0xe685ab, 0xe685ac, 0x170f},
    {0xe685ae, 0xe685b8, 0x1711},
    {0xe685bb, 0xe685bf, 0x171c},
    {0xe68680, 0xe68684, 0x1721},
    {0xe6868a, 0xe6868b, 0x1727},
    {0xe6868d, 0xe6868e, 0x1729},
    {0xe68690, 0xe68694, 0x172b},
    {0xe68696, 0xe6869a, 0x1730},
    {0xe6869c, 0xe6869d, 0x1735},
    {0xe6869f, 0xe686a0, 0x1737},
    {0xe686a4, 0xe686a5, 0x1739},
    {0xe686a7, 0xe686ae, 0x173b},
    {0xe686b8, 0xe686ba, 0x1745},
    {0xe68780, 0xe68783, 0x174a},
    {0xe68786, 0xe68790, 0x174e},
    {0xe6879c, 0xe6879f, 0x175a},
    {0xe687a1, 0xe687a3, 0x175e},
    {0xe687a5, 0xe687a9, 0x1761},
    {0xe687ac, 0xe687ad, 0x1766},
    {0xe687b4, 0xe687b8, 0x176a},
    {0xe687bc, 0xe687bf, 0x1770},
    {0xe68880, 0xe68881, 0x1774},
    {0xe68883, 0xe68884, 0x1776},
    {0xe68887, 0xe6888a, 0x1778},
    {0xe6888c, 0xe6888e, 0x177c},
    {0xe68890, 0xe68896, 0x177f},
    {0xe6889a, 0xe688a3, 0x1786},
    {0xe688a6, 0xe688a7, 0x1790},
    {0xe688a9, 0xe688ab, 0x1792},
    {0xe688ae, 0xe688b4, 0x1795},
    {0xe688b8, 0xe688b9, 0x179d},
    {0xe688bd, 0xe688bf, 0x17a0},
    {0xe68980, 0xe68984, 0x17a3},
    {0xe68986, 0xe68989, 0x17a8},
    {0xe6898b, 0xe6898e, 0x17ac},
    {0xe68990, 0xe68996, 0x17b0},
    {0xe6899a, 0xe6899c, 0x17b8},
    {0xe689a0, 0xe689a1, 0x17bc},
    {0xe689a3, 0xe689a4, 0x17be},
    {0xe689ad, 0xe689af, 0x17c1},
    {0xe689b9, 0xe689bf, 0x17c7},
    {0xe68a82, 0xe68a85, 0x17cf},
    {0xe68a89, 0xe68a8a, 0x17d3},
    {0xe68a8d, 0xe68a99, 0x17d5},
    {0xe68a9b, 0xe68a9c, 0x17e2},
    {0xe68aab, 0xe68aac, 0x17e7},
    {0xe68ab5, 0xe68ab7, 0x17eb},
    {0xe68ab9, 0xe68abf, 0x17ee},
    {0xe68b84, 0xe68b8a, 0x17f6},
    {0xe68b8c, 0xe68b9d, 0x17fd},
    {0xe68ba0, 0xe68ba1, 0x180f},
    {0xe68bac, 0xe68baf, 0x1812},
    {0xe68bb1, 0xe68bb7, 0x1816},
    {0xe68bbc, 0xe68bbf, 0x181d},
    {0xe68c81, 0xe68c84, 0x1821},
    {0xe68c87, 0xe68c8d, 0x1825},
    {0xe68c90, 0xe68c91, 0x182c},
    {0xe68c98, 0xe68c99, 0x1830},
    {0xe68ca7, 0xe68cab, 0x1834},
    {0xe68cb5, 0xe68cb6, 0x183c},
    {0xe68cb9, 0xe68cbf, 0x183e},
    {0xe68d81, 0xe68d84, 0x1845},
    {0xe68d89, 0xe68d90, 0x184a},
    {0xe68d92, 0xe68d95, 0x1852},
    {0xe68d97, 0xe68d99, 0x1856},
    {0xe68d9b, 0xe68d9c, 0x1859},
    {0xe68da5, 0xe68da9, 0x185b},
    {0xe68dab, 0xe68dae, 0x1860},
    {0xe68db1, 0xe68db2, 0x1864},
    {0xe68db4, 0xe68db8, 0x1866},
    {0xe68dba, 0xe68dbd, 0x186b},
    {0xe68e82, 0xe68e84, 0x1871},
    {0xe68e87, 0xe68e8a, 0x1874},
    {0xe68e8e, 0xe68e90, 0x1879},
    {0xe68e94, 0xe68e96, 0x187d},
    {0xe68e98, 0xe68e9b, 0x1880},
    {0xe68e9e, 0xe68eaf, 0x1884},
    {0xe68eb4, 0xe68eb5, 0x1897},
    {0xe68ebd, 0xe68ebe, 0x189a},
    {0xe68f80, 0xe68f81, 0x189c},
    {0xe68f83, 0xe68f86, 0x189e},
    {0xe68f88, 0xe68f89, 0x18a2},
    {0xe68f8e, 0xe68f96, 0x18a4},
    {0xe68f9a, 0xe68f9c, 0x18ad},
    {0xe68fa0, 0xe68fa1, 0x18b0},
    {0xe68fa9, 0xe68fae, 0x18b4},
    {0xe68fb2, 0xe68fba, 0x18ba},
    {0xe69089, 0xe6908a, 0x18c4},
    {0xe6908f, 0xe69090, 0x18c7},
    {0xe69092, 0xe69094, 0x18c9},
    {0xe69096, 0xe69098, 0x18cc},
    {0xe690a4, 0xe690a6, 0x18d3},
    {0xe690a8, 0xe690aa, 0x18d6},
    {0xe690ac, 0xe690ad, 0x18d9},
    {0xe690af, 0xe690b0, 0x18db},
    {0xe690b4, 0xe690b6, 0x18dd},
    {0xe690bd, 0xe690bf, 0x18e1},
    {0xe6918e, 0xe6918f, 0x18e6},
    {0xe69191, 0xe69194, 0x18e8},
    {0xe6919a, 0xe6919d, 0x18ed},
    {0xe6919f, 0xe691a1, 0x18f1},
    {0xe691b3, 0xe691b4, 0x18f9},
    {0xe691b8, 0xe691bb, 0x18fc},
    {0xe69287, 0xe69288, 0x1903},
    {0xe6928f, 0xe69293, 0x1905},
    {0xe69298, 0xe6929b, 0x190b},
    {0xe6929d, 0xe6929f, 0x190f},
    {0xe692a3, 0xe692a6, 0x1913},
    {0xe692a8, 0xe692a9, 0x1917},
    {0xe692ab, 0xe692ae, 0x1919},
    {0xe692b2, 0xe692b3, 0x191e},
    {0xe692bb, 0xe692bf, 0x1921},
    {0xe69381, 0xe69382, 0x1926},
    {0xe69384, 0xe69385, 0x1928},
    {0xe69389, 0xe6938e, 0x192b},
    {0xe69390, 0xe69392, 0x1931},
    {0xe69394, 0xe69395, 0x1934},
    {0xe69397, 0xe69398, 0x1936},
    {0xe693a0, 0xe693a7, 0x1939},
    {0xe693a9, 0xe693aa, 0x1941},
    {0xe693ac, 0xe693ad, 0x1943},
    {0xe693af, 0xe693b2, 0x1945},
    {0xe693b4, 0xe693b7, 0x1949},
    {0xe693ba, 0xe693bb, 0x194d},
    {0xe693bd, 0xe693bf, 0x194f},
    {0xe69480, 0xe69481, 0x1952},
    {0xe69484, 0xe69485, 0x1954},
    {0xe69488, 0xe6948a, 0x1956},
    {0xe69493, 0xe69494, 0x195a},
    {0xe69498, 0xe69499, 0x195d},
    {0xe6949b, 0xe6949f, 0x195f},
    {0xe694a2, 0xe694a4, 0x1964},
    {0xe694a9, 0xe694ac, 0x1968},
    {0xe694ae, 0xe694af, 0x196c},
    {0xe694b1, 0xe694b2, 0x196e},
    {0xe694b4, 0xe694bf, 0x1970},
    {0xe69583, 0xe69585, 0x197c},
    {0xe69587, 0xe69589, 0x197f},
    {0xe6958d, 0xe69592, 0x1982},
    {0xe69594, 0xe69599, 0x1988},
    {0xe6959d, 0xe695a0, 0x198e},
    {0xe695a2, 0xe695a3, 0x1992},
    {0xe695a6, 0xe695a7, 0x1994},
    {0xe695ab, 0xe695ac, 0x1996},
    {0xe695b4, 0xe695b5, 0x199a},
    {0xe695b7, 0xe695b8, 0x199c},
    {0xe69681, 0xe69685, 0x19a0},
    {0xe69687, 0xe6968a, 0x19a5},
    {0xe69690, 0xe69692, 0x19ab},
    {0xe69697, 0xe69699, 0x19af},
    {0xe6969b, 0xe6969d, 0x19b2},
    {0xe6969f, 0xe696a1, 0x19b5},
    {0xe696a3, 0xe696a7, 0x19b8},
    {0xe696ab, 0xe696b0, 0x19bd},
    {0xe696b2, 0xe696b5, 0x19c3},
    {0xe696b7, 0xe696b9, 0x19c7},
    {0xe696bc, 0xe696bf, 0x19ca},
    {0xe69781, 0xe69786, 0x19ce},
    {0xe69788, 0xe69789, 0x19d4},
    {0xe6978b, 0xe6978c, 0x19d6},
    {0xe6978e, 0xe69790, 0x19d8},
    {0xe69796, 0xe69799, 0x19dd},
    {0xe6979f, 0xe697a3, 0x19e2},
    {0xe697a5, 0xe697a9, 0x19e7},
    {0xe697ac, 0xe697ad, 0x19ec},
    {0xe697b0, 0xe697b2, 0x19ee},
    {0xe697b4, 0xe697b5, 0x19f1},
    {0xe697b9, 0xe697bc, 0x19f3},
    {0xe697be, 0xe697bf, 0x19f7},
    {0xe69882, 0xe69884, 0x19fa},
    {0xe69886, 0xe6988a, 0x19fd},
    {0xe6988c, 0xe6988f, 0x1a02},
    {0xe69891, 0xe69896, 0x1a06},
    {0xe6989c, 0xe698b1, 0x1a0c},
    {0xe698b3, 0xe698b7, 0x1a22},
    {0xe698b9, 0xe698bc, 0x1a27},
    {0xe69980, 0xe69986, 0x1a2c},
    {0xe69988, 0xe6998c, 0x1a33},
    {0xe6998e, 0xe6998f, 0x1a38},
    {0xe69991, 0xe69992, 0x1a3a},
    {0xe69997, 0xe699b0, 0x1a3c},
    {0xe699b3, 0xe699bc, 0x1a56},
    {0xe699be, 0xe699bf, 0x1a60},
    {0xe69a80, 0xe69a81, 0x1a62},
    {0xe69a83, 0xe69a84, 0x1a64},
    {0xe69a87, 0xe69a89, 0x1a66},
    {0xe69a8b, 0xe69a8e, 0x1a69},
    {0xe69a90, 0xe69a92, 0x1a6d},
    {0xe69a96, 0xe69a9d, 0x1a70},
    {0xe69a9f, 0xe69aa0, 0x1a78},
    {0xe69aad, 0xe69aae, 0x1a7e},
    {0xe69ab1, 0xe69ab5, 0x1a80},
    {0xe69ab8, 0xe69ab9, 0x1a85},
    {0xe69abb, 0xe69abc, 0x1a87},
    {0xe69abe, 0xe69abf, 0x1a89},
    {0xe69b80, 0xe69b84, 0x1a8b},
    {0xe69b86, 0xe69b89, 0x1a90},
    {0xe69b8e, 0xe69b8f, 0x1a95},
    {0xe69b99, 0xe69b9d, 0x1a99},
    {0xe69b9f, 0xe69ba0, 0x1a9e},
    {0xe69ba8, 0xe69ba9, 0x1aa1},
    {0xe69bab, 0xe69bac, 0x1aa3},
    {0xe69bb2, 0xe69bb5, 0x1aa7},
    {0xe69bb7, 0xe69bbf, 0x1aab},
    {0xe69c80, 0xe69c81, 0x1ab4},
    {0xe69c87, 0xe69c89, 0x1ab8},
    {0xe69c8d, 0xe69c8f, 0x1abc},
    {0xe69c92, 0xe69c97, 0x1abf},
    {0xe69c9b, 0xe69ca0, 0x1ac6},
    {0xe69ca5, 0xe69ca8, 0x1acd},
    {0xe69caa, 0xe69cae, 0x1ad1},
    {0xe69cb3, 0xe69cb8, 0x1ad7},
    {0xe69cbd, 0xe69cbf, 0x1ade},
    {0xe69d85, 0xe69d89, 0x1ae3},
    {0xe69d8c, 0xe69d91, 0x1ae8},
    {0xe69d93, 0xe69d96, 0x1aee},
    {0xe69d9c, 0xe69da6, 0x1af3},
    {0xe69dac, 0xe69db7, 0x1aff},
    {0xe69dbb, 0xe69dbc, 0x1b0b},
    {0xe69dbe, 0xe69dbf, 0x1b0d},
    {0xe69e80, 0xe69e81, 0x1b0f},
    {0xe69e84, 0xe69e85, 0x1b11},
    {0xe69e8b, 0xe69e8c, 0x1b15},
    {0xe69e8e, 0xe69e93, 0x1b17},
    {0xe69e95, 0xe69e9d, 0x1b1d},
    {0xe69ea0, 0xe69ea2, 0x1b26},
    {0xe69eaf, 0xe69eb9, 0x1b2c},
    {0xe69ebb, 0xe69ebe, 0x1b37},
    {0xe69f80, 0xe69f86, 0x1b3b},
    {0xe69f88, 0xe69f8a, 0x1b42},
    {0xe69f8e, 0xe69f94, 0x1b45},
    {0xe69f97, 0xe69f9e, 0x1b4c},
    {0xe69fa1, 0xe69fa2, 0x1b54},
    {0xe69fa6, 0xe69fa7, 0x1b57},
    {0xe69fae, 0xe69fb7, 0x1b5b},
    {0xe69fb9, 0xe69fbc, 0x1b65},
    {0xe69fbe, 0xe69fbf, 0x1b69},
    {0xe6a081, 0xe6a085, 0x1b6b},
    {0xe6a093, 0xe6a094, 0x1b71},
    {0xe6a096, 0xe6a099, 0x1b73},
    {0xe6a09d, 0xe6a09f, 0x1b77},
    {0xe6a0a1, 0xe6a0a2, 0x1b7a},
    {0xe6a0a7, 0xe6a0ad, 0x1b7c},
    {0xe6a0af, 0xe6a0b4, 0x1b83},
    {0xe6a0b8, 0xe6a0b9, 0x1b89},
    {0xe6a0bb, 0xe6a0bf, 0x1b8b},
    {0xe6a180, 0xe6a186, 0x1b90},
    {0xe6a188, 0xe6a18a, 0x1b97},
    {0xe6a18c, 0xe6a18e, 0x1b9a},
    {0xe6a190, 0xe6a195, 0x1b9d},
    {0xe6a197, 0xe6a199, 0x1ba3},
    {0xe6a19b, 0xe6a19d, 0x1ba6},
    {0xe6a1ae, 0xe6a1b2, 0x1bad},
    {0xe6a1b4, 0xe6a1b7, 0x1bb2},
    {0xe6a1b9, 0xe6a1bc, 0x1bb6},
    {0xe6a1be, 0xe6a1bf, 0x1bba},
    {0xe6a281, 0xe6a286, 0x1bbc},
    {0xe6a28d, 0xe6a290, 0x1bc3},
    {0xe6a293, 0xe6a294, 0x1bc7},
    {0xe6a296, 0xe6a29d, 0x1bc9},
    {0xe6a29f, 0xe6a2a3, 0x1bd1},
    {0xe6a2a5, 0xe6a2ab, 0x1bd6},
    {0xe6a2ad, 0xe6a2b6, 0x1bdd},
    {0xe6a2b9, 0xe6a2bc, 0x1be7},
    {0xe6a383, 0xe6a386, 0x1beb},
    {0xe6a388, 0xe6a38d, 0x1bef},
    {0xe6a38f, 0xe6a39a, 0x1bf5},
    {0xe6a39c, 0xe6a39d, 0x1c01},
    {0xe6a39f, 0xe6a3a1, 0x1c03},
    {0xe6a3a3, 0xe6a3a5, 0x1c06},
    {0xe6a3a7, 0xe6a3a8, 0x1c09},
    {0xe6a3aa, 0xe6a3b2, 0x1c0b},
    {0xe6a3b5, 0xe6a3b7, 0x1c14},
    {0xe6a3b9, 0xe6a3bd, 0x1c17},
    {0xe6a480, 0xe6a481, 0x1c1c},
    {0xe6a483, 0xe6a493, 0x1c1e},
    {0xe6a496, 0xe6a497, 0x1c2f},
    {0xe6a499, 0xe6a49c, 0x1c31},
    {0xe6a4a1, 0xe6a4a3, 0x1c35},
    {0xe6a4a5, 0xe6a4a6, 0x1c38},
    {0xe6a4b0, 0xe6a4b1, 0x1c3c},
    {0xe6a4b3, 0xe6a4b6, 0x1c3e},
    {0xe6a4b8, 0xe6a4b9, 0x1c42},
    {0xe6a585, 0xe6a586, 0x1c48},
    {0xe6a589, 0xe6a58a, 0x1c4a},
    {0xe6a593, 0xe6a595, 0x1c4d},
    {0xe6a599, 0xe6a59e, 0x1c51},
    {0xe6a5a0, 0xe6a5a6, 0x1c57},
    {0xe6a5a8, 0xe6a5b5, 0x1c5e},
    {0xe6a5b7, 0xe6a5bf, 0x1c6c},
    {0xe6a680, 0xe6a682, 0x1c75},
    {0xe6a68d, 0xe6a68e, 0x1c7a},
    {0xe6a691, 0xe6a692, 0x1c7c},
    {0xe6a694, 0xe6a696, 0x1c7e},
    {0xe6a69b, 0xe6a69c, 0x1c82},
    {0xe6a6a0, 0xe6a6a1, 0x1c84},
    {0xe6a6a5, 0xe6a6a8, 0x1c86},
    {0xe6a6ad, 0xe6a6b2, 0x1c8b},
    {0xe6a6b7, 0xe6a6b8, 0x1c92},
    {0xe6a6ba, 0xe6a6bc, 0x1c94},
    {0xe6a6be, 0xe6a6bf, 0x1c97},
    {0xe6a780, 0xe6a781, 0x1c99},
    {0xe6a787, 0xe6a788, 0x1c9d},
    {0xe6a78a, 0xe6a791, 0x1c9f},
    {0xe6a796, 0xe6a799, 0x1ca8},
    {0xe6a79d, 0xe6a79e, 0x1cac},
    {0xe6a7a2, 0xe6a7a3, 0x1cae},
    {0xe6a7a7, 0xe6a7ab, 0x1cb1},
    {0xe6a7ad, 0xe6a7af, 0x1cb6},
    {0xe6a7b1, 0xe6a7b6, 0x1cb9},
    {0xe6a7bd, 0xe6a7bf, 0x1cc1},
    {0xe6a880, 0xe6a883, 0x1cc4},
    {0xe6a88a, 0xe6a88c, 0x1cc9},
    {0xe6a891, 0xe6a895, 0x1ccd},
    {0xe6a899, 0xe6a89b, 0x1cd3},
    {0xe6a89d, 0xe6a8a4, 0x1cd6},
    {0xe6a8a8, 0xe6a8ab, 0x1cde},
    {0xe6a8b2, 0xe6a8bb, 0x1ce4},
    {0xe6a8bd, 0xe6a8bf, 0x1cee},
    {0xe6a984, 0xe6a98b, 0x1cf1},
    {0xe6a990, 0xe6a992, 0x1cfa},
    {0xe6a994, 0xe6a996, 0x1cfd},
    {0xe6a998, 0xe6a999, 0x1d00},
    {0xe6a9a1, 0xe6a9a2, 0x1d04},
    {0xe6a9a6, 0xe6a9a7, 0x1d07},
    {0xe6a9aa, 0xe6a9ab, 0x1d09},
    {0xe6a9b1, 0xe6a9b3, 0x1d0b},
    {0xe6a9be, 0xe6a9bf, 0x1d10},
    {0xe6aa80, 0xe6aa81, 0x1d12},
    {0xe6aa83, 0xe6aa84, 0x1d14},
    {0xe6aa86, 0xe6aa87, 0x1d16},
    {0xe6aa8d, 0xe6aa8e, 0x1d1a},
    {0xe6aa90, 0xe6aa91, 0x1d1c},
    {0xe6aa9b, 0xe6aaa3, 0x1d20},
    {0xe6aaaa, 0xe6aaac, 0x1d2a},
    {0xe6aaae, 0xe6aab1, 0x1d2d},
    {0xe6aab3, 0xe6aab4, 0x1d31},
    {0xe6aabd, 0xe6aabf, 0x1d35},
    {0xe6ab81, 0xe6ab83, 0x1d38},
    {0xe6ab88, 0xe6ab89, 0x1d3c},
    {0xe6ab90, 0xe6ab91, 0x1d3f},
    {0xe6ab93, 0xe6ab96, 0x1d41},
    {0xe6ab9a, 0xe6ab9f, 0x1d45},
    {0xe6aba7, 0xe6aba8, 0x1d4d},
    {0xe6abb0, 0xe6abb3, 0x1d51},
    {0xe6abba, 0xe6abbd, 0x1d56},
    {0xe6ac82, 0xe6ac87, 0x1d5a},
    {0xe6ac89, 0xe6ac8b, 0x1d60},
    {0xe6ac8f, 0xe6ac92, 0x1d63},
    {0xe6ac96, 0xe6ac97, 0x1d67},
    {0xe6ac9d, 0xe6aca1, 0x1d6a},
    {0xe6aca3, 0xe6aca4, 0x1d6f},
    {0xe6aca7, 0xe6aca8, 0x1d71},
    {0xe6acab, 0xe6acac, 0x1d73},
    {0xe6acb5, 0xe6acbb, 0x1d77},
    {0xe6acbd, 0xe6acbf, 0x1d7e},
    {0xe6ad86, 0xe6ad87, 0x1d82},
    {0xe6ad89, 0xe6ad8a, 0x1d84},
    {0xe6ad8c, 0xe6ad8e, 0x1d86},
    {0xe6ad92, 0xe6ad94, 0x1d8a},
    {0xe6ad98, 0xe6ad99, 0x1d8e},
    {0xe6ad9f, 0xe6ada7, 0x1d92},
    {0xe6ada9, 0xe6adac, 0x1d9b},
    {0xe6adae, 0xe6adb0, 0x1d9f},
    {0xe6adb2, 0xe6adb5, 0x1da2},
    {0xe6adb7, 0xe6adbb, 0x1da6},
    {0xe6adbd, 0xe6adbf, 0x1dab},
    {0xe6ae80, 0xe6ae86, 0x1dae},
    {0xe6ae89, 0xe6ae8b, 0x1db5},
    {0xe6ae95, 0xe6ae98, 0x1db9},
    {0xe6ae9e, 0xe6aea0, 0x1dbe},
    {0xe6aea2, 0xe6aea4, 0x1dc1},
    {0xe6aea8, 0xe6aeb5, 0x1dc4},
    {0xe6aeb7, 0xe6aebf, 0x1dd2},
    {0xe6af83, 0xe6af89, 0x1ddc},
    {0xe6af8b, 0xe6af8f, 0x1de3},
    {0xe6af92, 0xe6af94, 0x1de8},
    {0xe6af96, 0xe6af98, 0x1deb},
    {0xe6af9a, 0xe6af9b, 0x1dee},
    {0xe6afa6, 0xe6afa7, 0x1df3},
    {0xe6afab, 0xe6afac, 0x1df5},
    {0xe6afae, 0xe6afaf, 0x1df7},
    {0xe6b084, 0xe6b085, 0x1dff},
    {0xe6b088, 0xe6b08a, 0x1e01},
    {0xe6b08d, 0xe6b094, 0x1e04},
    {0xe6b0a3, 0xe6b0a4, 0x1e10},
    {0xe6b0a6, 0xe6b0a8, 0x1e12},
    {0xe6b0b3, 0xe6b0b8, 0x1e17},
    {0xe6b0ba, 0xe6b0bb, 0x1e1d},
    {0xe6b0be, 0xe6b0bf, 0x1e1f},
    {0xe6b180, 0xe6b182, 0x1e21},
    {0xe6b18a, 0xe6b18b, 0x1e24},
    {0xe6b18d, 0xe6b190, 0x1e26},
    {0xe6b194, 0xe6b195, 0x1e2b},
    {0xe6b199, 0xe6b1a0, 0x1e2e},
    {0xe6b1a7, 0xe6b1a8, 0x1e37},
    {0xe6b1aa, 0xe6b1ab, 0x1e39},
    {0xe6b1af, 0xe6b1b0, 0x1e3c},
    {0xe6b1b2, 0xe6b1b4, 0x1e3e},
    {0xe6b1b8, 0xe6b1bb, 0x1e42},
    {0xe6b1bd, 0xe6b1be, 0x1e46},
    {0xe6b281, 0xe6b289, 0x1e48},
    {0xe6b28c, 0xe6b28d, 0x1e51},
    {0xe6b292, 0xe6b29c, 0x1e54},
    {0xe6b2a1, 0xe6b2a2, 0x1e60},
    {0xe6b2aa, 0xe6b2ae, 0x1e62},
    {0xe6b2b0, 0xe6b2b4, 0x1e67},
    {0xe6b2b8, 0xe6b2bf, 0x1e6c},
    {0xe6b381, 0xe6b382, 0x1e74},
    {0xe6b384, 0xe6b386, 0x1e76},
    {0xe6b389, 0xe6b38a, 0x1e79},
    {0xe6b38c, 0xe6b38d, 0x1e7b},
    {0xe6b38f, 0xe6b397, 0x1e7d},
    {0xe6b399, 0xe6b39d, 0x1e86},
    {0xe6b3a0, 0xe6b3a3, 0x1e8b},
    {0xe6b3a7, 0xe6b3b4, 0x1e90},
    {0xe6b480, 0xe6b481, 0x1e9f},
    {0xe6b48a, 0xe6b48c, 0x1ea3},
    {0xe6b48e, 0xe6b48f, 0x1ea6},
    {0xe6b491, 0xe6b493, 0x1ea8},
    {0xe6b499, 0xe6b49b, 0x1eac},
    {0xe6b49e, 0xe6b49f, 0x1eaf},
    {0xe6b4a4, 0xe6b4ab, 0x1eb1},
    {0xe6b4ae, 0xe6b4af, 0x1eb9},
    {0xe6b4b1, 0xe6b4b6, 0x1ebb},
    {0xe6b4b8, 0xe6b4b9, 0x1ec1},
    {0xe6b4bb, 0xe6b4bf, 0x1ec3},
    {0xe6b584, 0xe6b585, 0x1ec9},
    {0xe6b597, 0xe6b59c, 0x1ecb},
    {0xe6b59e, 0xe6b5a1, 0x1ed1},
    {0xe6b5a3, 0xe6b5a7, 0x1ed5},
    {0xe6b5a9, 0xe6b5aa, 0x1eda},
    {0xe6b5ae, 0xe6b5b0, 0x1edd},
    {0xe6b5b7, 0xe6b5b9, 0x1ee1},
    {0xe6b680, 0xe6b682, 0x1ee5},
    {0xe6b687, 0xe6b68a, 0x1ee9},
    {0xe6b68c, 0xe6b68e, 0x1eed},
    {0xe6b691, 0xe6b699, 0x1ef0},
    {0xe6b69b, 0xe6b69c, 0x1ef9},
    {0xe6b6aa, 0xe6b6ac, 0x1efb},
    {0xe6b6ae, 0xe6b6af, 0x1efe},
    {0xe6b6b4, 0xe6b6b5, 0x1f01},
    {0xe6b6b7, 0xe6b6b9, 0x1f03},
    {0xe6b6bc, 0xe6b6bd, 0x1f06},
    {0xe6b784, 0xe6b788, 0x1f0b},
    {0xe6b78a, 0xe6b78c, 0x1f10},
    {0xe6b78e, 0xe6b792, 0x1f13},
    {0xe6b795, 0xe6b796, 0x1f18},
    {0xe6b798, 0xe6b79b, 0x1f1a},
    {0xe6b79d, 0xe6b7a2, 0x1f1e},
    {0xe6b7a4, 0xe6b7a6, 0x1f24},
    {0xe6b7a8, 0xe6b7ac, 0x1f27},
    {0xe6b7ae, 0xe6b7bc, 0x1f2c},
    {0xe6b884, 0xe6b885, 0x1f3c},
    {0xe6b887, 0xe6b88b, 0x1f3e},
    {0xe6b899, 0xe6b89b, 0x1f46},
    {0xe6b89d, 0xe6b8a7, 0x1f49},
    {0xe6b8ab, 0xe6b8af, 0x1f55},
    {0xe6b8b8, 0xe6b8bc, 0x1f5d},
    {0xe6b982, 0xe6b985, 0x1f63},
    {0xe6b988, 0xe6b98f, 0x1f67},
    {0xe6b991, 0xe6b994, 0x1f6f},
    {0xe6b996, 0xe6b998, 0x1f73},
    {0xe6b99b, 0xe6b99f, 0x1f76},
    {0xe6b9a2, 0xe6b9a3, 0x1f7b},
    {0xe6b9a7, 0xe6b9a8, 0x1f7d},
    {0xe6b9ae, 0xe6b9af, 0x1f80},
    {0xe6b9b2, 0xe6b9b3, 0x1f82},
    {0xe6b9bd, 0xe6b9bf, 0x1f86},
    {0xe6ba8c, 0xe6ba8d, 0x1f8c},
    {0xe6ba8f, 0xe6ba90, 0x1f8e},
    {0xe6ba98, 0xe6ba99, 0x1f92},
    {0xe6ba9c, 0xe6ba9d, 0x1f94},
    {0xe6ba9f, 0xe6baa0, 0x1f96},
    {0xe6baaa, 0xe6baab, 0x1f9b},
    {0xe6baad, 0xe6baaf, 0x1f9d},
    {0xe6bab1, 0xe6bab4, 0x1fa0},
    {0xe6bab6, 0xe6bab7, 0x1fa4},
    {0xe6baba, 0xe6babd, 0x1fa6},
    {0xe6bb80, 0xe6bb85, 0x1fab},
    {0xe6bb87, 0xe6bb8f, 0x1fb1},
    {0xe6bb93, 0xe6bb95, 0x1fbb},
    {0xe6bb99, 0xe6bb9b, 0x1fbe},
    {0xe6bb9d, 0xe6bb9e, 0x1fc1},
    {0xe6bbab, 0xe6bbaf, 0x1fc4},
    {0xe6bbb7, 0xe6bbb9, 0x1fcb},
    {0xe6bbbd, 0xe6bbbf, 0x1fcf},
    {0xe6bc81, 0xe6bc82, 0x1fd2},
    {0xe6bc88, 0xe6bc8a, 0x1fd6},
    {0xe6bc8c, 0xe6bc8d, 0x1fd9},
    {0xe6bc8f, 0xe6bc91, 0x1fdb},
    {0xe6bc93, 0xe6bc96, 0x1fde},
    {0xe6bc9a, 0xe6bc9b, 0x1fe3},
    {0xe6bca2, 0xe6bca3, 0x1fe6},
    {0xe6bca5, 0xe6bca6, 0x1fe8},
    {0xe6bca9, 0xe6bcad, 0x1fea},
    {0xe6bcaf, 0xe6bcb3, 0x1fef},
    {0xe6bcb5, 0xe6bcb6, 0x1ff4},
    {0xe6bcbb, 0xe6bcbc, 0x1ff7},
    {0xe6bcbe, 0xe6bcbf, 0x1ff9},
    {0xe6bd91, 0xe6bd94, 0x1ffe},
    {0xe6bd97, 0xe6bda2, 0x2002},
    {0xe6bdac, 0xe6bdb0, 0x2011},
    {0xe6bdbc, 0xe6bdbe, 0x2019},
    {0xe6be80, 0xe6be84, 0x201c},
    {0xe6be86, 0xe6be88, 0x2021},
    {0xe6be8b, 0xe6be8e, 0x2024},
    {0xe6be90, 0xe6be94, 0x2028},
    {0xe6be96, 0xe6be98, 0x202d},
    {0xe6be9f, 0xe6bea1, 0x2032},
    {0xe6bea3, 0xe6bea8, 0x2035},
    {0xe6beae, 0xe6beb1, 0x203c},
    {0xe6beb5, 0xe6beb7, 0x2041},
    {0xe6bf80, 0xe6bf83, 0x2047},
    {0xe6bf85, 0xe6bf8a, 0x204b},
    {0xe6bf94, 0xe6bf95, 0x2051},
    {0xe6bf9a, 0xe6bf9b, 0x2054},
    {0xe6bf9e, 0xe6bfa1, 0x2056},
    {0xe6bfa8, 0xe6bfa9, 0x205b},
    {0xe6bfab, 0xe6bfac, 0x205d},
    {0xe6bfae, 0xe6bfb1, 0x205f},
    {0xe6bfb5, 0xe6bfb6, 0x2064},
    {0xe6bfb9, 0xe6bfba, 0x2066},
    {0xe6bfbc, 0xe6bfbe, 0x2068},
    {0xe78080, 0xe78081, 0x206b},
    {0xe78085, 0xe78087, 0x206d},
    {0xe78089, 0xe7808b, 0x2070},
    {0xe78097, 0xe78098, 0x2077},
    {0xe7809a, 0xe7809b, 0x2079},
    {0xe7809d, 0xe780a0, 0x207b},
    {0xe780a6, 0xe780a8, 0x2080},
    {0xe780af, 0xe780b0, 0x2084},
    {0xe780b9, 0xe780ba, 0x2089},
    {0xe78183, 0xe78184, 0x208d},
    {0xe78187, 0xe7818c, 0x208f},
    {0xe78194, 0xe78195, 0x2097},
    {0xe7819d, 0xe7819e, 0x209a},
    {0xe781a3, 0xe781a5, 0x209c},
    {0xe781ab, 0xe781ac, 0x20a0},
    {0xe781ae, 0xe781b0, 0x20a2},
    {0xe781b5, 0xe781b6, 0x20a5},
    {0xe781bc, 0xe781be, 0x20a8},
    {0xe78285, 0xe78286, 0x20ac},
    {0xe78289, 0xe7828a, 0x20ae},
    {0xe78294, 0xe78299, 0x20b2},
    {0xe782ab, 0xe782b1, 0x20bb},
    {0xe782b3, 0xe782b4, 0x20c2},
    {0xe782b7, 0xe782bb, 0x20c4},
    {0xe7838a, 0xe7838b, 0x20ca},
    {0xe78393, 0xe78396, 0x20ce},
    {0xe78398, 0xe78399, 0x20d2},
    {0xe7839c, 0xe7839d, 0x20d4},
    {0xe783b9, 0xe783ba, 0x20da},
    {0xe78483, 0xe78489, 0x20dd},
    {0xe7848b, 0xe7848c, 0x20e4},
    {0xe78499, 0xe7849a, 0x20e8},
    {0xe784a0, 0xe784a1, 0x20ec},
    {0xe784ad, 0xe784b1, 0x20f0},
    {0xe78585, 0xe78587, 0x20f9},
    {0xe78589, 0xe7858c, 0x20fc},
    {0xe78590, 0xe78593, 0x2101},
    {0xe78595, 0xe78597, 0x2105},
    {0xe78599, 0xe7859a, 0x2108},
    {0xe785a4, 0xe785a9, 0x210e},
    {0xe78684, 0xe78685, 0x2119},
    {0xe78687, 0xe78688, 0x211b},
    {0xe78694, 0xe78696, 0x2121},
    {0xe78699, 0xe7869b, 0x2124},
    {0xe7869f, 0xe786a0, 0x2127},
    {0xe786ae, 0xe786b3, 0x212c},
    {0xe786b9, 0xe786ba, 0x2132},
    {0xe786be, 0xe786bf, 0x2134},
    {0xe78780, 0xe78781, 0x2136},
    {0xe78783, 0xe78784, 0x2138},
    {0xe78788, 0xe78789, 0x213a},
    {0xe7878b, 0xe7878c, 0x213c},
    {0xe78792, 0xe78797, 0x2140},
    {0xe78799, 0xe7879a, 0x2146},
    {0xe7879f, 0xe787a0, 0x2149},
    {0xe787a5, 0xe787a7, 0x214b},
    {0xe787ac, 0xe787ae, 0x214e},
    {0xe787b4, 0xe787b5, 0x2151},
    {0xe787b8, 0xe787b9, 0x2153},
    {0xe787bb, 0xe787bc, 0x2155},
    {0xe787be, 0xe787bf, 0x2157},
    {0xe78886, 0xe78889, 0x215a},
    {0xe7889a, 0xe7889b, 0x2163},
    {0xe788aa, 0xe788ad, 0x2169},
    {0xe788af, 0xe788b0, 0x216d},
    {0xe788b4, 0xe788b6, 0x2170},
    {0xe788b8, 0xe788bf, 0x2173},
    {0xe78980, 0xe78983, 0x217b},
    {0xe78985, 0xe78988, 0x217f},
    {0xe7898b, 0xe7898c, 0x2183},
    {0xe7898e, 0xe78990, 0x2185},
    {0xe78992, 0xe78993, 0x2188},
    {0xe78995, 0xe789a3, 0x218a},
    {0xe789a7, 0xe789a9, 0x2199},
    {0xe789ae, 0xe789af, 0x219d},
    {0xe789b1, 0xe789b2, 0x219f},
    {0xe789b7, 0xe789b9, 0x21a2},
    {0xe789bb, 0xe789bf, 0x21a5},
    {0xe78a80, 0xe78a82, 0x21aa},
    {0xe78a8d, 0xe78a8e, 0x21b0},
    {0xe78a92, 0xe78a93, 0x21b2},
    {0xe78aa7, 0xe78aa8, 0x21b8},
    {0xe78aac, 0xe78ab2, 0x21ba},
    {0xe78b80, 0xe78b84, 0x21c5},
    {0xe78b86, 0xe78b87, 0x21ca},
    {0xe78b95, 0xe78b99, 0x21d1},
    {0xe78b9f, 0xe78ba2, 0x21d7},
    {0xe78bac, 0xe78bad, 0x21dd},
    {0xe78bb3, 0xe78bb4, 0x21df},
    {0xe78bb7, 0xe78bbe, 0x21e1},
    {0xe78c84, 0xe78c85, 0x21ea},
    {0xe78c8a, 0xe78c8b, 0x21ed},
    {0xe78c92, 0xe78c93, 0x21f0},
    {0xe78c96, 0xe78c99, 0x21f2},
    {0xe78c9b, 0xe78c9f, 0x21f6},
    {0xe78ca4, 0xe78ca5, 0x21fc},
    {0xe78ca7, 0xe78cac, 0x21fe},
    {0xe78cae, 0xe78caf, 0x2204},
    {0xe78cb1, 0xe78cb7, 0x2206},
    {0xe78cb9, 0xe78cbb, 0x220d},
    {0xe78cbd, 0xe78cbf, 0x2210},
    {0xe78d83, 0xe78d85, 0x2213},
    {0xe78d8d, 0xe78d90, 0x2216},
    {0xe78d96, 0xe78d98, 0x221b},
    {0xe78d9d, 0xe78da0, 0x221e},
    {0xe78da6, 0xe78dac, 0x2223},
    {0xe78dae, 0xe78db2, 0x222a},
    {0xe78db7, 0xe78dbc, 0x2230},
    {0xe78e80, 0xe78e81, 0x2236},
    {0xe78e83, 0xe78e87, 0x2238},
    {0xe78e89, 0xe78e8b, 0x223d},
    {0xe78e93, 0xe78e98, 0x2242},
    {0xe78e9e, 0xe78ea0, 0x2249},
    {0xe78ea5, 0xe78ea6, 0x224d},
    {0xe78ea8, 0xe78eab, 0x224f},
    {0xe78eb2, 0xe78eb3, 0x2254},
    {0xe78eb9, 0xe78ebd, 0x2258},
    {0xe78f85, 0xe78f86, 0x2260},
    {0xe78f88, 0xe78f8a, 0x2262},
    {0xe78f8b, 0xe78f8f, 0x2266},
    {0xe78f92, 0xe78f93, 0x226b},
    {0xe78f9d, 0xe78f9e, 0x226f},
    {0xe78fa0, 0xe78fa1, 0x2271},
    {0xe78fa3, 0xe78fa7, 0x2273},
    {0xe78fa9, 0xe78faa, 0x2278},
    {0xe78fad, 0xe78fae, 0x227a},
    {0xe78fb4, 0xe78fb5, 0x227d},
    {0xe78fb7, 0xe78fbb, 0x227f},
    {0xe78fbd, 0xe78fbf, 0x2284},
    {0xe79080, 0xe79081, 0x2287},
    {0xe79083, 0xe79087, 0x2289},
    {0xe79089, 0xe7908a, 0x228e},
    {0xe7909a, 0xe7909b, 0x2292},
    {0xe790a1, 0xe790a2, 0x2294},
    {0xe790a4, 0xe790a6, 0x2296},
    {0xe790a8, 0xe790b6, 0x2299},
    {0xe790b9, 0xe790ba, 0x22a8},
    {0xe79180, 0xe79181, 0x22ab},
    {0xe79183, 0xe79184, 0x22ad},
    {0xe79186, 0xe79187, 0x22af},
    {0xe79191, 0xe79193, 0x22b3},
    {0xe79199, 0xe791a0, 0x22b8},
    {0xe791a2, 0xe791a4, 0x22c0},
    {0xe791a6, 0xe791ab, 0x22c3},
    {0xe791ad, 0xe791b3, 0x22c9},
    {0xe79280, 0xe79281, 0x22d2},
    {0xe79285, 0xe79289, 0x22d5},
    {0xe7928f, 0xe79292, 0x22db},
    {0xe79297, 0xe7929a, 0x22df},
    {0xe7929e, 0xe792a3, 0x22e4},
    {0xe792a5, 0xe792ab, 0x22ea},
    {0xe792ae, 0xe792b2, 0x22f1},
    {0xe792b9, 0xe792bb, 0x22f7},
    {0xe79388, 0xe7938a, 0x22fc},
    {0xe7938f, 0xe79390, 0x2300},
    {0xe79393, 0xe79394, 0x2302},
    {0xe7939a, 0xe7939c, 0x2306},
    {0xe7939e, 0xe793a0, 0x2309},
    {0xe793a2, 0xe793a4, 0x230c},
    {0xe793a6, 0xe793ab, 0x230f},
    {0xe793ae, 0xe793b2, 0x2315},
    {0xe793b6, 0xe793b8, 0x231b},
    {0xe793ba, 0xe793bc, 0x231e},
    {0xe79483, 0xe79486, 0x2323},
    {0xe7948c, 0xe7948e, 0x2327},
    {0xe79491, 0xe79493, 0x232a},
    {0xe79495, 0xe79498, 0x232d},
    {0xe7949e, 0xe794ac, 0x2333},
    {0xe794af, 0xe794b3, 0x2342},
    {0xe794b6, 0xe794bf, 0x2347},
    {0xe79583, 0xe79584, 0x2352},
    {0xe79586, 0xe79592, 0x2354},
    {0xe79599, 0xe795a2, 0x2363},
    {0xe795a4, 0xe795a7, 0x236d},
    {0xe795a9, 0xe795ad, 0x2371},
    {0xe795af, 0xe795bf, 0x2376},
    {0xe79681, 0xe79682, 0x2387},
    {0xe79685, 0xe79687, 0x2389},
    {0xe79689, 0xe7968c, 0x238c},
    {0xe7968e, 0xe79695, 0x2390},
    {0xe79699, 0xe7969a, 0x2398},
    {0xe7969c, 0xe7969d, 0x239a},
    {0xe796a2, 0xe796a5, 0x239c},
    {0xe796b0, 0xe796b5, 0x23a1},
    {0xe796b7, 0xe796ba, 0x23a7},
    {0xe796bc, 0xe796bf, 0x23ab},
    {0xe79780, 0xe79787, 0x23af},
    {0xe7978c, 0xe7978f, 0x23b8},
    {0xe79792, 0xe79795, 0x23bc},
    {0xe79797, 0xe79799, 0x23c0},
    {0xe7979b, 0xe797a4, 0x23c3},
    {0xe797ae, 0xe797b4, 0x23d0},
    {0xe797b9, 0xe797ba, 0x23d7},
    {0xe797be, 0xe797bf, 0x23da},
    {0xe79880, 0xe79884, 0x23dc},
    {0xe79887, 0xe7988d, 0x23e1},
    {0xe79892, 0xe79893, 0x23e9},
    {0xe79895, 0xe79896, 0x23eb},
    {0xe79898, 0xe79899, 0x23ed},
    {0xe7989b, 0xe798a9, 0x23ef},
    {0xe798b2, 0xe798b5, 0x2400},
    {0xe798b8, 0xe798bc, 0x2404},
    {0xe79980, 0xe7998c, 0x2409},
    {0xe79995, 0xe79996, 0x2418},
    {0xe79998, 0xe79999, 0x241a},
    {0xe799a1, 0xe799a2, 0x241e},
    {0xe799a4, 0xe799a5, 0x2420},
    {0xe799a7, 0xe799aa, 0x2422},
    {0xe799ac, 0xe799b2, 0x2426},
    {0xe799ba, 0xe799be, 0x2430},
    {0xe79a80, 0xe79a88, 0x2435},
    {0xe79a8b, 0xe79a8e, 0x243e},
    {0xe79a95, 0xe79a96, 0x2444},
    {0xe79a99, 0xe79aa8, 0x2446},
    {0xe79aad, 0xe79ab0, 0x2457},
    {0xe79ab6, 0xe79aba, 0x245c},
    {0xe79b81, 0xe79b83, 0x2463},
    {0xe79b85, 0xe79b86, 0x2466},
    {0xe79b88, 0xe79b8e, 0x2468},
    {0xe79b96, 0xe79b97, 0x2471},
    {0xe79b9b, 0xe79b9c, 0x2474},
    {0xe79b9e, 0xe79ba1, 0x2476},
    {0xe79ba3, 0xe79ba8, 0x247a},
    {0xe79baa, 0xe79bac, 0x2480},
    {0xe79bb0, 0xe79bb2, 0x2484},
    {0xe79bb8, 0xe79bb9, 0x2489},
    {0xe79bbb, 0xe79bbc, 0x248b},
    {0xe79c80, 0xe79c81, 0x248e},
    {0xe79c86, 0xe79c8c, 0x2491},
    {0xe79c94, 0xe79c95, 0x249a},
    {0xe79c99, 0xe79c9c, 0x249d},
    {0xe79c9e, 0xe79ca0, 0x24a1},
    {0xe79ca4, 0xe79ca6, 0x24a5},
    {0xe79ca8, 0xe79ca9, 0x24a8},
    {0xe79cad, 0xe79caf, 0x24aa},
    {0xe79cb4, 0xe79cba, 0x24ad},
    {0xe79cbc, 0xe79cbe, 0x24b4},
    {0xe79d85, 0xe79d87, 0x24b9},
    {0xe79d8d, 0xe79d8f, 0x24bd},
    {0xe79d96, 0xe79d98, 0x24c1},
    {0xe79d9a, 0xe79d9c, 0x24c4},
    {0xe79d9e, 0xe79da8, 0x24c7},
    {0xe79daa, 0xe79dac, 0x24d2},
    {0xe79db2, 0xe79db4, 0x24d6},
    {0xe79db9, 0xe79dba, 0x24d9},
    {0xe79dbc, 0xe79dbf, 0x24db},
    {0xe79e8b, 0xe79e8e, 0x24e1},
    {0xe79e94, 0xe79e96, 0x24e6},
    {0xe79e9e, 0xe79ea0, 0x24ea},
    {0xe79ea4, 0xe79ea5, 0x24ee},
    {0xe79ea9, 0xe79eaa, 0x24f1},
    {0xe79eac, 0xe79eb1, 0x24f3},
    {0xe79eb5, 0xe79eb7, 0x24fa},
    {0xe79ebb, 0xe79ebf, 0x24fe},
    {0xe79f91, 0xe79f92, 0x2507},
    {0xe79f99, 0xe79f9c, 0x250b},
    {0xe79f9e, 0xe79fa0, 0x250f},
    {0xe79fa2, 0xe79fa7, 0x2512},
    {0xe79fa9, 0xe79faa, 0x2518},
    {0xe79fac, 0xe79fb1, 0x251a},
    {0xe79fb3, 0xe79fb4, 0x2520},
    {0xe79fbb, 0xe79fbc, 0x2523},
    {0xe7a085, 0xe7a086, 0x2526},
    {0xe7a08c, 0xe7a08e, 0x2529},
    {0xe7a091, 0xe7a092, 0x252c},
    {0xe7a094, 0xe7a095, 0x252e},
    {0xe7a0a0, 0xe7a0a3, 0x2532},
    {0xe7a0a5, 0xe7a0a7, 0x2536},
    {0xe7a0ac, 0xe7a0ae, 0x2539},
    {0xe7a0b4, 0xe7a0b5, 0x253e},
    {0xe7a183, 0xe7a185, 0x2543},
    {0xe7a187, 0xe7a188, 0x2546},
    {0xe7a18e, 0xe7a18f, 0x2549},
    {0xe7a191, 0xe7a192, 0x254b},
    {0xe7a19c, 0xe7a19e, 0x254d},
    {0xe7a1a0, 0xe7a1a1, 0x2550},
    {0xe7a1a3, 0xe7a1a4, 0x2552},
    {0xe7a1aa, 0xe7a1ac, 0x2555},
    {0xe7a1ae, 0xe7a1af, 0x2558},
    {0xe7a286, 0xe7a287, 0x2560},
    {0xe7a28c, 0xe7a28f, 0x2563},
    {0xe7a293, 0xe7a295, 0x2568},
    {0xe7a297, 0xe7a298, 0x256b},
    {0xe7a29d, 0xe7a29f, 0x256e},
    {0xe7a2a3, 0xe7a2a4, 0x2572},
    {0xe7a2a7, 0xe7a2aa, 0x2574},
    {0xe7a2ac, 0xe7a2ad, 0x2578},
    {0xe7a2af, 0xe7a2b3, 0x257a},
    {0xe7a2ba, 0xe7a2bf, 0x2580},
    {0xe7a385, 0xe7a38c, 0x2587},
    {0xe7a390, 0xe7a396, 0x2590},
    {0xe7a39a, 0xe7a39b, 0x2597},
    {0xe7a39f, 0xe7a3a1, 0x2599},
    {0xe7a3a6, 0xe7a3a8, 0x259d},
    {0xe7a3b2, 0xe7a3b4, 0x25a3},
    {0xe7a3b6, 0xe7a3b7, 0x25a6},
    {0xe7a3b9, 0xe7a3bb, 0x25a8},
    {0xe7a3bd, 0xe7a3bf, 0x25ab},
    {0xe7a480, 0xe7a481, 0x25ae},
    {0xe7a486, 0xe7a487, 0x25b0},
    {0xe7a490, 0xe7a492, 0x25b4},
    {0xe7a499, 0xe7a49c, 0x25b7},
    {0xe7a49e, 0xe7a4a0, 0x25bb},
    {0xe7a4a5, 0xe7a4ae, 0x25be},
    {0xe7a4b0, 0xe7a4b1, 0x25c8},
    {0xe7a4b4, 0xe7a4b5, 0x25ca},
    {0xe7a4ba, 0xe7a4bf, 0x25cc},
    {0xe7a580, 0xe7a582, 0x25d2},
    {0xe7a584, 0xe7a58b, 0x25d5},
    {0xe7a58f, 0xe7a591, 0x25dd},
    {0xe7a593, 0xe7a598, 0x25e0},
    {0xe7a59a, 0xe7a5a0, 0x25e6},
    {0xe7a5a7, 0xe7a5a9, 0x25ef},
    {0xe7a5b9, 0xe7a5bc, 0x25f6},
    {0xe7a5be, 0xe7a5bf, 0x25fa},
    {0xe7a680, 0xe7a681, 0x25fc},
    {0xe7a684, 0xe7a685, 0x25fe},
    {0xe7a68a, 0xe7a68f, 0x2600},
    {0xe7a693, 0xe7a696, 0x2607},
    {0xe7a69b, 0xe7a69d, 0x260c},
    {0xe7a6a6, 0xe7a6ab, 0x2610},
    {0xe7a6ae, 0xe7a6b1, 0x2616},
    {0xe7a6b3, 0xe7a6b4, 0x261a},
    {0xe7a6b8, 0xe7a6bb, 0x261c},
    {0xe7a6bd, 0xe7a6bf, 0x2620},
    {0xe7a780, 0xe7a782, 0x2623},
    {0xe7a787, 0xe7a78d, 0x2627},
    {0xe7a791, 0xe7a792, 0x262f},
    {0xe7a794, 0xe7a796, 0x2631},
    {0xe7a79d, 0xe7a7a7, 0x2636},
    {0xe7a7a9, 0xe7a7ad, 0x2641},
    {0xe7a7b0, 0xe7a7b1, 0x2646},
    {0xe7a7bb, 0xe7a7bc, 0x2649},
    {0xe7a882, 0xe7a883, 0x264c},
    {0xe7a887, 0xe7a88e, 0x264f},
    {0xe7a894, 0xe7a895, 0x2658},
    {0xe7a897, 0xe7a89c, 0x265a},
    {0xe7a89e, 0xe7a8a1, 0x2660},
    {0xe7a8ad, 0xe7a8b2, 0x2666},
    {0xe7a8b4, 0xe7a8b5, 0x266c},
    {0xe7a8b7, 0xe7a8bf, 0x266e},
    {0xe7a982, 0xe7a989, 0x2678},
    {0xe7a98c, 0xe7a990, 0x2680},
    {0xe7a995, 0xe7a997, 0x2685},
    {0xe7a99c, 0xe7a99d, 0x2689},
    {0xe7a99f, 0xe7a9a3, 0x268b},
    {0xe7a9a9, 0xe7a9ab, 0x2692},
    {0xe7a9b4, 0xe7a9b6, 0x2697},
    {0xe7a9b8, 0xe7a9ba, 0x269a},
    {0xe7a9bd, 0xe7a9bf, 0x269d},
    {0xe7aa80, 0xe7aa86, 0x26a0},
    {0xe7aa8a, 0xe7aa8b, 0x26a8},
    {0xe7aa90, 0xe7aa98, 0x26aa},
    {0xe7aa9e, 0xe7aaa0, 0x26b3},
    {0xe7aaa9, 0xe7aaaa, 0x26b7},
    {0xe7aaae, 0xe7aab0, 0x26ba},
    {0xe7aab5, 0xe7aab6, 0x26be},
    {0xe7aab9, 0xe7aabf, 0x26c0},
    {0xe7ab83, 0xe7ab8f, 0x26c7},
    {0xe7ab91, 0xe7ab93, 0x26d4},
    {0xe7ab99, 0xe7ab9d, 0x26d8},
    {0xe7ab9f, 0xe7aba3, 0x26dd},
    {0xe7aba5, 0xe7abad, 0x26e2},
    {0xe7abaf, 0xe7abb1, 0x26eb},
    {0xe7abb8, 0xe7abbb, 0x26f0},
    {0xe7abbd, 0xe7abbf, 0x26f4},
    {0xe7ac86, 0xe7ac88, 0x26f9},
    {0xe7ac8a, 0xe7ac8b, 0x26fc},
    {0xe7ac91, 0xe7ac92, 0x26ff},
    {0xe7ac98, 0xe7ac99, 0x2702},
    {0xe7ac9e, 0xe7aca0, 0x2705},
    {0xe7aca5, 0xe7acb1, 0x2709},
    {0xe7acb3, 0xe7acb6, 0x2716},
    {0xe7ad80, 0xe7ad81, 0x271e},
    {0xe7ad85, 0xe7ad89, 0x2720},
    {0xe7ad8b, 0xe7ad96, 0x2725},
    {0xe7ada4, 0xe7ada7, 0x2733},
    {0xe7ada9, 0xe7adaa, 0x2737},
    {0xe7adac, 0xe7adb5, 0x2739},
    {0xe7adb9, 0xe7adba, 0x2744},
    {0xe7ae86, 0xe7ae87, 0x2748},
    {0xe7ae8d, 0xe7ae92, 0x274c},
    {0xe7ae94, 0xe7aea1, 0x2752},
    {0xe7aeac, 0xe7aead, 0x2762},
    {0xe7aeaf, 0xe7aeb2, 0x2764},
    {0xe7aeb4, 0xe7aeb6, 0x2768},
    {0xe7aeba, 0xe7aebd, 0x276c},
    {0xe7af80, 0xe7af82, 0x2770},
    {0xe7af84, 0xe7af8c, 0x2773},
    {0xe7af96, 0xe7af97, 0x277e},
    {0xe7af99, 0xe7af9b, 0x2780},
    {0xe7afa4, 0xe7afa6, 0x2785},
    {0xe7afa8, 0xe7afaa, 0x2788},
    {0xe7afb2, 0xe7afba, 0x278d},
    {0xe7b080, 0xe7b084, 0x2798},
    {0xe7b086, 0xe7b087, 0x279d},
    {0xe7b08b, 0xe7b08f, 0x27a0},
    {0xe7b091, 0xe7b094, 0x27a5},
    {0xe7b09e, 0xe7b0a1, 0x27ac},
    {0xe7b0a5, 0xe7b0a8, 0x27b1},
    {0xe7b0aa, 0xe7b0ac, 0x27b5},
    {0xe7b0b3, 0xe7b0b4, 0x27ba},
    {0xe7b0b6, 0xe7b0ba, 0x27bc},
    {0xe7b0bd, 0xe7b0bf, 0x27c1},
    {0xe7b182, 0xe7b183, 0x27c5},
    {0xe7b185, 0xe7b186, 0x27c7},
    {0xe7b18c, 0xe7b18d, 0x27ca},
    {0xe7b18f, 0xe7b1a1, 0x27cc},
    {0xe7b1a3, 0xe7b1a5, 0x27df},
    {0xe7b1ac, 0xe7b1b0, 0x27e4},
    {0xe7b1b2, 0xe7b1b3, 0x27e9},
    {0xe7b1bb, 0xe7b1be, 0x27ed},
    {0xe7b281, 0xe7b283, 0x27f1},
    {0xe7b286, 0xe7b287, 0x27f4},
    {0xe7b28f, 0xe7b290, 0x27f9},
    {0xe7b294, 0xe7b295, 0x27fc},
    {0xe7b297, 0xe7b298, 0x27fe},
    {0xe7b29e, 0xe7b2a2, 0x2801},
    {0xe7b2a4, 0xe7b2a8, 0x2806},
    {0xe7b2ad, 0xe7b2ae, 0x280c},
    {0xe7b2b0, 0xe7b2b3, 0x280e},
    {0xe7b2b6, 0xe7b2b7, 0x2812},
    {0xe7b2b9, 0xe7b2bf, 0x2814},
    {0xe7b384, 0xe7b385, 0x281d},
    {0xe7b387, 0xe7b38a, 0x281f},
    {0xe7b38d, 0xe7b38f, 0x2823},
    {0xe7b392, 0xe7b39a, 0x2826},
    {0xe7b39c, 0xe7b3a0, 0x282f},
    {0xe7b3a6, 0xe7b3a7, 0x2835},
    {0xe7b3b4, 0xe7b3b6, 0x283b},
    {0xe7b3b8, 0xe7b3bb, 0x283e},
    {0xe7b482, 0xe7b48b, 0x2844},
    {0xe7b48f, 0xe7b49e, 0x284f},
    {0xe7b4a0, 0xe7b4a3, 0x285f},
    {0xe7b4aa, 0xe7b4b3, 0x2864},
    {0xe7b4b9, 0xe7b4ba, 0x286f},
    {0xe7b4bc, 0xe7b4bf, 0x2871},
    {0xe7b580, 0xe7b588, 0x2875},
    {0xe7b58b, 0xe7b591, 0x287e},
    {0xe7b595, 0xe7b597, 0x2886},
    {0xe7b599, 0xe7b59e, 0x2889},
    {0xe7b5a1, 0xe7b5a3, 0x288f},
    {0xe7b5a5, 0xe7b5a8, 0x2892},
    {0xe7b5b0, 0xe7b5b3, 0x2898},
    {0xe7b5b5, 0xe7b5b6, 0x289c},
    {0xe7b5b8, 0xe7b5bb, 0x289e},
    {0xe7b681, 0xe7b683, 0x28a4},
    {0xe7b685, 0xe7b686, 0x28a7},
    {0xe7b688, 0xe7b689, 0x28a9},
    {0xe7b68b, 0xe7b68d, 0x28ab},
    {0xe7b696, 0xe7b697, 0x28b1},
    {0xe7b699, 0xe7b6a0, 0x28b3},
    {0xe7b6a2, 0xe7b6a3, 0x28bb},
    {0xe7b6a6, 0xe7b6a7, 0x28bd},
    {0xe7b6aa, 0xe7b6bb, 0x28bf},
    {0xe7b6bd, 0xe7b6bf, 0x28d1},
    {0xe7b782, 0xe7b787, 0x28d5},
    {0xe7b78a, 0xe7b792, 0x28db},
    {0xe7b795, 0xe7b79a, 0x28e4},
    {0xe7b79c, 0xe7b79e, 0x28ea},
    {0xe7b7a0, 0xe7b7a6, 0x28ed},
    {0xe7b7a8, 0xe7b7ad, 0x28f4},
    {0xe7b7b1, 0xe7b7b2, 0x28fb},
    {0xe7b7b4, 0xe7b7b6, 0x28fd},
    {0xe7b7b9, 0xe7b7bb, 0x2900},
    {0xe7b880, 0xe7b881, 0x2903},
    {0xe7b884, 0xe7b885, 0x2905},
    {0xe7b888, 0xe7b88b, 0x2907},
    {0xe7b890, 0xe7b892, 0x290b},
    {0xe7b89b, 0xe7b8a3, 0x2910},
    {0xe7b8a6, 0xe7b8a8, 0x2919},
    {0xe7b8ab, 0xe7b8af, 0x291c},
    {0xe7b8b1, 0xe7b8b3, 0x2921},
    {0xe7b8b5, 0xe7b8b7, 0x2924},
    {0xe7b8b9, 0xe7b8bb, 0x2927},
    {0xe7b8bd, 0xe7b8bf, 0x292a},
    {0xe7b983, 0xe7b988, 0x292e},
    {0xe7b98a, 0xe7b98b, 0x2934},
    {0xe7b98d, 0xe7b98e, 0x2936},
    {0xe7b994, 0xe7b996, 0x293a},
    {0xe7b998, 0xe7b99a, 0x293d},
    {0xe7b99d, 0xe7b99f, 0x2940},
    {0xe7b9a1, 0xe7b9a2, 0x2943},
    {0xe7b9a5, 0xe7b9a7, 0x2945},
    {0xe7b9a9, 0xe7b9ab, 0x2948},
    {0xe7b9ad, 0xe7b9b0, 0x294b},
    {0xe7b9b8, 0xe7b9b9, 0x2951},
    {0xe7b9bb, 0xe7b9bf, 0x2953},
    {0xe7ba81, 0xe7ba83, 0x2958},
    {0xe7ba86, 0xe7ba8a, 0x295b},
    {0xe7ba8c, 0xe7ba96, 0x2960},
    {0xe7ba9a, 0xe7ba9f, 0x296c},
    {0xe7bcba, 0xe7bcbf, 0x2974},
    {0xe7bd83, 0xe7bd85, 0x297a},
    {0xe7bd8c, 0xe7bd95, 0x297e},
    {0xe7bd9b, 0xe7bd9d, 0x2989},
    {0xe7bd9f, 0xe7bda1, 0x298c},
    {0xe7bda3, 0xe7bdab, 0x298f},
    {0xe7bdad, 0xe7bdae, 0x2998},
    {0xe7bdb0, 0xe7bdb2, 0x299a},
    {0xe7bdb7, 0xe7bdb9, 0x299e},
    {0xe7bdbd, 0xe7bdbf, 0x29a1},
    {0xe7be82, 0xe7be83, 0x29a5},
    {0xe7be85, 0xe7be88, 0x29a7},
    {0xe7be8a, 0xe7be91, 0x29ab},
    {0xe7be96, 0xe7be97, 0x29b4},
    {0xe7be9c, 0xe7be9e, 0x29b7},
    {0xe7bea1, 0xe7bea4, 0x29ba},
    {0xe7bea8, 0xe7beaa, 0x29bf},
    {0xe7bead, 0xe7beaf, 0x29c2},
    {0xe7beb8, 0xe7beb9, 0x29c8},
    {0xe7bebc, 0xe7bebd, 0x29ca},
    {0xe7bf80, 0xe7bf81, 0x29cd},
    {0xe7bf85, 0xe7bf86, 0x29d0},
    {0xe7bf8e, 0xe7bf8f, 0x29d5},
    {0xe7bf94, 0xe7bf95, 0x29d8},
    {0xe7bf9f, 0xe7bfa1, 0x29db},
    {0xe7bfa5, 0xe7bfa6, 0x29df},
    {0xe7bfa8, 0xe7bfa9, 0x29e1},
    {0xe7bfab, 0xe7bfac, 0x29e3},
    {0xe7bfae, 0xe7bfb0, 0x29e5},
    {0xe7bfb2, 0xe7bfb3, 0x29e8},
    {0xe7bfb9, 0xe7bfbf, 0x29ea},
    {0xe88080, 0xe88088, 0x29f1},
    {0xe8808a, 0xe88099, 0x29fa},
    {0xe8809c, 0xe880a1, 0x2a0a},
    {0xe880b3, 0xe880b7, 0x2a16},
    {0xe880b9, 0xe880bf, 0x2a1b},
    {0xe88183, 0xe88184, 0x2a23},
    {0xe8819e, 0xe881a2, 0x2a2b},
    {0xe881af, 0xe881b7, 0x2a34},
    {0xe881bd, 0xe881bf, 0x2a3f},
    {0xe88280, 0xe88281, 0x2a42},
    {0xe88284, 0xe88289, 0x2a44},
    {0xe8828b, 0xe8828c, 0x2a4a},
    {0xe88298, 0xe8829e, 0x2a4f},
    {0xe882a1, 0xe882a2, 0x2a56},
    {0xe882a4, 0xe882a7, 0x2a58},
    {0xe882a9, 0xe882ad, 0x2a5c},
    {0xe882b1, 0xe882b2, 0x2a62},
    {0xe882b8, 0xe882ba, 0x2a65},
    {0xe88383, 0xe88386, 0x2a68},
    {0xe8838c, 0xe8838f, 0x2a6e},
    {0xe88394, 0xe8839b, 0x2a73},
    {0xe8839d, 0xe8839e, 0x2a7b},
    {0xe883a0, 0xe883a1, 0x2a7d},
    {0xe883a4, 0xe883a6, 0x2a7f},
    {0xe883ad, 0xe883be, 0x2a82},
    {0xe88482, 0xe88483, 0x2a94},
    {0xe88485, 0xe8848b, 0x2a96},
    {0xe88496, 0xe88498, 0x2a9e},
    {0xe8849a, 0xe8849c, 0x2aa1},
    {0xe884a3, 0xe884a4, 0x2aa6},
    {0xe884ab, 0xe884ac, 0x2aaa},
    {0xe884af, 0xe884b1, 0x2aac},
    {0xe884b9, 0xe884ba, 0x2ab1},
    {0xe884bc, 0xe884be, 0x2ab3},
    {0xe88585, 0xe88587, 0x2ab7},
    {0xe8858a, 0xe8858c, 0x2aba},
    {0xe88590, 0xe88595, 0x2abe},
    {0xe8859f, 0xe885a1, 0x2ac5},
    {0xe885a5, 0xe885a9, 0x2ac8},
    {0xe885ad, 0xe885b1, 0x2ace},
    {0xe885b3, 0xe885b4, 0x2ad3},
    {0xe885b7, 0xe885ba, 0x2ad5},
    {0xe88680, 0xe88686, 0x2ada},
    {0xe8868a, 0xe8868b, 0x2ae2},
    {0xe8868e, 0xe88690, 0x2ae4},
    {0xe88695, 0xe88696, 0x2ae8},
    {0xe8869a, 0xe8869e, 0x2aeb},
    {0xe886a2, 0xe886a4, 0x2af1},
    {0xe886a8, 0xe886a9, 0x2af4},
    {0xe886b2, 0xe886b5, 0x2af8},
    {0xe886ba, 0xe886bb, 0x2afd},
    {0xe886bd, 0xe886bf, 0x2aff},
    {0xe88780, 0xe88783, 0x2b02},
    {0xe88785, 0xe88786, 0x2b06},
    {0xe88788, 0xe8878b, 0x2b08},
    {0xe8878d, 0xe8878f, 0x2b0c},
    {0xe88795, 0xe8879b, 0x2b11},
    {0xe8879d, 0xe887a1, 0x2b18},
    {0xe887a3, 0xe887a5, 0x2b1d},
    {0xe887a7, 0xe887a8, 0x2b20},
    {0xe887aa, 0xe887ad, 0x2b22},
    {0xe887af, 0xe887b6, 0x2b26},
    {0xe887b8, 0xe887bf, 0x2b2e},
    {0xe88880, 0xe88885, 0x2b36},
    {0xe88887, 0xe88890, 0x2b3c},
    {0xe88892, 0xe88894, 0x2b46},
    {0xe88896, 0xe8889f, 0x2b49},
    {0xe888a1, 0xe888a2, 0x2b53},
    {0xe888a8, 0xe888ac, 0x2b55},
    {0xe888b2, 0xe888ba, 0x2b5b},
    {0xe88983, 0xe88987, 0x2b66},
    {0xe8898e, 0xe8898f, 0x2b6d},
    {0xe88996, 0xe8899a, 0x2b70},
    {0xe8899c, 0xe8899d, 0x2b75},
    {0xe8899f, 0xe889a0, 0x2b77},
    {0xe889a2, 0xe889a4, 0x2b79},
    {0xe889a6, 0xe889a8, 0x2b7c},
    {0xe889aa, 0xe889ab, 0x2b7f},
    {0xe889ad, 0xe889af, 0x2b81},
    {0xe889b1, 0xe889b2, 0x2b84},
    {0xe889b6, 0xe889b9, 0x2b87},
    {0xe889bd, 0xe889bf, 0x2b8c},
    {0xe88a80, 0xe88a81, 0x2b8f},
    {0xe88a83, 0xe88a84, 0x2b91},
    {0xe88a89, 0xe88a8b, 0x2b94},
    {0xe88a8d, 0xe88a8e, 0x2b97},
    {0xe88a91, 0xe88a94, 0x2b99},
    {0xe88a98, 0xe88a9b, 0x2b9e},
    {0xe88a9f, 0xe88aa1, 0x2ba3},
    {0xe88aa3, 0xe88ab4, 0x2ba6},
    {0xe88ab7, 0xe88abf, 0x2bb8},
    {0xe88b85, 0xe88b86, 0x2bc1},
    {0xe88b90, 0xe88b95, 0x2bc3},
    {0xe88b99, 0xe88b9c, 0x2bca},
    {0xe88b9e, 0xe88ba8, 0x2bce},
    {0xe88baa, 0xe88bab, 0x2bd9},
    {0xe88bb3, 0xe88bb4, 0x2bde},
    {0xe88bb6, 0xe88bb7, 0x2be0},
    {0xe88bb9, 0xe88bbb, 0x2be2},
    {0xe88bbd, 0xe88bbe, 0x2be5},
    {0xe88c80, 0xe88c8c, 0x2be7},
    {0xe88c96, 0xe88c98, 0x2bf5},
    {0xe88c9b, 0xe88c9f, 0x2bf8},
    {0xe88ca1, 0xe88ca3, 0x2bfd},
    {0xe88cab, 0xe88cba, 0x2c01},
    {0xe88cbc, 0xe88cbd, 0x2c11},
    {0xe88d82, 0xe88d87, 0x2c14},
    {0xe88d89, 0xe88d8a, 0x2c1a},
    {0xe88d8d, 0xe88d98, 0x2c1c},
    {0xe88da2, 0xe88da3, 0x2c29},
    {0xe88db7, 0xe88db8, 0x2c2e},
    {0xe88dbb, 0xe88dbd, 0x2c30},
    {0xe88e84, 0xe88e87, 0x2c36},
    {0xe88e89, 0xe88e8a, 0x2c3a},
    {0xe88e8d, 0xe88e8e, 0x2c3c},
    {0xe88e92, 0xe88e96, 0x2c3e},
    {0xe88e98, 0xe88ea0, 0x2c43},
    {0xe88ea6, 0xe88ead, 0x2c4d},
    {0xe88ebd, 0xe88ebf, 0x2c57},
    {0xe88f80, 0xe88f81, 0x2c5a},
    {0xe88f89, 0xe88f8a, 0x2c5e},
    {0xe88f8e, 0xe88f91, 0x2c61},
    {0xe88f93, 0xe88f94, 0x2c65},
    {0xe88f9c, 0xe88f9d, 0x2c69},
    {0xe88f9f, 0xe88fa1, 0x2c6b},
    {0xe88fa8, 0xe88fab, 0x2c6f},
    {0xe88faf, 0xe88fb2, 0x2c73},
    {0xe88fb6, 0xe88fb9, 0x2c78},
    {0xe88fbb, 0xe88fbd, 0x2c7c},
    {0xe89083, 0xe89084, 0x2c80},
    {0xe89086, 0xe89087, 0x2c82},
    {0xe8908a, 0xe8908f, 0x2c84},
    {0xe890a9, 0xe890aa, 0x2c91},
    {0xe890b8, 0xe890b9, 0x2c97},
    {0xe890bc, 0xe890bd, 0x2c99},
    {0xe89185, 0xe8918a, 0x2c9b},
    {0xe8918d, 0xe8918f, 0x2ca1},
    {0xe89191, 0xe89192, 0x2ca4},
    {0xe89196, 0xe8919c, 0x2ca6},
    {0xe8919f, 0xe891a7, 0x2cad},
    {0xe891a9, 0xe891b1, 0x2cb6},
    {0xe891b3, 0xe891ba, 0x2cbf},
    {0xe891bc, 0xe891bd, 0x2cc7},
    {0xe89281, 0xe89282, 0x2cc9},
    {0xe89284, 0xe89285, 0x2ccb},
    {0xe89292, 0xe89295, 0x2ccf},
    {0xe8929e, 0xe8929f, 0x2cd6},
    {0xe892a8, 0xe892aa, 0x2cda},
    {0xe892b1, 0xe892b2, 0x2cdf},
    {0xe892b8, 0xe892bf, 0x2ce2},
    {0xe89380, 0xe89382, 0x2cea},
    {0xe89386, 0xe89391, 0x2cee},
    {0xe89399, 0xe8939a, 0x2cfc},
    {0xe893ae, 0xe893b2, 0x2d02},
    {0xe893ba, 0xe893bd, 0x2d09},
    {0xe89482, 0xe89483, 0x2d0f},
    {0xe89486, 0xe89487, 0x2d11},
    {0xe89490, 0xe89491, 0x2d15},
    {0xe89493, 0xe89495, 0x2d17},
    {0xe89497, 0xe89498, 0x2d1a},
    {0xe8949a, 0xe8949c, 0x2d1c},
    {0xe8949e, 0xe8949f, 0x2d1f},
    {0xe894a1, 0xe894a7, 0x2d21},
    {0xe894aa, 0xe894ad, 0x2d28},
    {0xe894b2, 0xe894b6, 0x2d2d},
    {0xe894bd, 0xe894bf, 0x2d32},
    {0xe89580, 0xe89581, 0x2d35},
    {0xe89588, 0xe8958b, 0x2d39},
    {0xe8958e, 0xe89593, 0x2d3d},
    {0xe89595, 0xe8959a, 0x2d43},
    {0xe8959c, 0xe895a4, 0x2d49},
    {0xe895a8, 0xe895ab, 0x2d52},
    {0xe895b9, 0xe895bb, 0x2d59},
    {0xe895bd, 0xe895bf, 0x2d5c},
    {0xe89680, 0xe89681, 0x2d5f},
    {0xe89684, 0xe8968c, 0x2d61},
    {0xe8968f, 0xe89691, 0x2d6a},
    {0xe89693, 0xe89694, 0x2d6d},
    {0xe89697, 0xe89699, 0x2d6f},
    {0xe8969b, 0xe8969d, 0x2d72},
    {0xe8969f, 0xe896a0, 0x2d75},
    {0xe896a4, 0xe896b0, 0x2d78},
    {0xe896b6, 0xe896ba, 0x2d86},
    {0xe896bc, 0xe896bf, 0x2d8b},
    {0xe89781, 0xe89782, 0x2d8f},
    {0xe89789, 0xe8978b, 0x2d92},
    {0xe8978d, 0xe89790, 0x2d95},
    {0xe89798, 0xe8979a, 0x2d9a},
    {0xe8979c, 0xe8979d, 0x2d9d},
    {0xe8979f, 0xe897a1, 0x2d9f},
    {0xe897a4, 0xe897a6, 0x2da2},
    {0xe897a8, 0xe897aa, 0x2da5},
    {0xe897b3, 0xe897b4, 0x2da9},
    {0xe897b6, 0xe897b7, 0x2dab},
    {0xe897b9, 0xe897bc, 0x2dad},
    {0xe897be, 0xe897bf, 0x2db1},
    {0xe89884, 0xe89887, 0x2db5},
    {0xe8988a, 0xe8988b, 0x2db9},
    {0xe8988d, 0xe8988e, 0x2dbb},
    {0xe89890, 0xe89893, 0x2dbd},
    {0xe89896, 0xe8989b, 0x2dc1},
    {0xe898a1, 0xe898a2, 0x2dc8},
    {0xe898af, 0xe898b0, 0x2dce},
    {0xe898b8, 0xe898ba, 0x2dd1},
    {0xe898bc, 0xe898bd, 0x2dd4},
    {0xe89980, 0xe89982, 0x2dd7},
    {0xe8998d, 0xe8998e, 0x2ddb},
    {0xe89992, 0xe899a4, 0x2ddf},
    {0xe899ab, 0xe899ac, 0x2df4},
    {0xe899b5, 0xe899b7, 0x2df8},
    {0xe899b9, 0xe899bb, 0x2dfb},
    {0xe89a87, 0xe89a8d, 0x2dff},
    {0xe89a95, 0xe89a96, 0x2e08},
    {0xe89a9c, 0xe89a9d, 0x2e0c},
    {0xe89aa3, 0xe89aa4, 0x2e0f},
    {0xe89aa6, 0xe89aab, 0x2e11},
    {0xe89aaf, 0xe89ab1, 0x2e18},
    {0xe89ab3, 0xe89ab9, 0x2e1b},
    {0xe89b80, 0xe89b81, 0x2e23},
    {0xe89b83, 0xe89b87, 0x2e25},
    {0xe89b8d, 0xe89b8e, 0x2e2c},
    {0xe89b91, 0xe89b92, 0x2e2e},
    {0xe89b94, 0xe89b95, 0x2e30},
    {0xe89b99, 0xe89b9c, 0x2e33},
    {0xe89b9e, 0xe89ba0, 0x2e37},
    {0xe89ba3, 0xe89ba7, 0x2e3a},
    {0xe89bac, 0xe89baf, 0x2e40},
    {0xe89bb8, 0xe89bbe, 0x2e44},
    {0xe89c82, 0xe89c8b, 0x2e4c},
    {0xe89c8d, 0xe89c94, 0x2e56},
    {0xe89c98, 0xe89c9a, 0x2e5e},
    {0xe89c9e, 0xe89c9f, 0x2e62},
    {0xe89ca1, 0xe89ca3, 0x2e64},
    {0xe89ca8, 0xe89ca9, 0x2e68},
    {0xe89cae, 0xe89caf, 0x2e6a},
    {0xe89cb1, 0xe89cb2, 0x2e6c},
    {0xe89cb9, 0xe89cbf, 0x2e70},
    {0xe89d8b, 0xe89d8e, 0x2e7b},
    {0xe89d97, 0xe89d99, 0x2e82},
    {0xe89d9f, 0xe89da1, 0x2e86},
    {0xe89da3, 0xe89da6, 0x2e89},
    {0xe89dae, 0xe89daf, 0x2e8f},
    {0xe89db1, 0xe89db2, 0x2e91},
    {0xe89dbb, 0xe89dbc, 0x2e96},
    {0xe89e82, 0xe89e89, 0x2e99},
    {0xe89e8b, 0xe89e8e, 0x2ea1},
    {0xe89e97, 0xe89e99, 0x2ea8},
    {0xe89e9e, 0xe89ea0, 0x2eab},
    {0xe89ea2, 0xe89ea3, 0x2eae},
    {0xe89eab, 0xe89eaf, 0x2eb1},
    {0xe89eba, 0xe89ebb, 0x2eb9},
    {0xe89ebd, 0xe89ebf, 0x2ebb},
    {0xe89f80, 0xe89f81, 0x2ebe},
    {0xe89f86, 0xe89f8b, 0x2ec1},
    {0xe89f95, 0xe89f96, 0x2eca},
    {0xe89f99, 0xe89f9a, 0x2ecc},
    {0xe89f9f, 0xe89fa0, 0x2ecf},
    {0xe89fa2, 0xe89fa6, 0x2ed1},
    {0xe89faa, 0xe89fad, 0x2ed6},
    {0xe89fb1, 0xe89fb3, 0x2edb},
    {0xe89fb5, 0xe89fbb, 0x2ede},
    {0xe89fbe, 0xe89fbf, 0x2ee5},
    {0xe8a085, 0xe8a087, 0x2ee9},
    {0xe8a089, 0xe8a08b, 0x2eec},
    {0xe8a08d, 0xe8a096, 0x2eef},
    {0xe8a098, 0xe8a09c, 0x2ef9},
    {0xe8a09e, 0xe8a09f, 0x2efe},
    {0xe8a0a1, 0xe8a0a3, 0x2f00},
    {0xe8a0a7, 0xe8a0a8, 0x2f03},
    {0xe8a0ad, 0xe8a0ae, 0x2f05},
    {0xe8a0b0, 0xe8a0b2, 0x2f07},
    {0xe8a0b5, 0xe8a0b6, 0x2f0a},
    {0xe8a0b9, 0xe8a0bc, 0x2f0c},
    {0xe8a180, 0xe8a186, 0x2f10},
    {0xe8a188, 0xe8a18e, 0x2f17},
    {0xe8a191, 0xe8a193, 0x2f1e},
    {0xe8a195, 0xe8a1a4, 0x2f21},
    {0xe8a1a8, 0xe8a1a9, 0x2f31},
    {0xe8a1ae, 0xe8a1b2, 0x2f34},
    {0xe8a1bd, 0xe8a1bf, 0x2f3d},
    {0xe8a280, 0xe8a282, 0x2f40},
    {0xe8a296, 0xe8a29c, 0x2f47},
    {0xe8a29e, 0xe8a2a0, 0x2f4e},
    {0xe8a2aa, 0xe8a2ab, 0x2f54},
    {0xe8a2b0, 0xe8a2b1, 0x2f57},
    {0xe8a2b4, 0xe8a2b5, 0x2f59},
    {0xe8a2bc, 0xe8a2bf, 0x2f5d},
    {0xe8a380, 0xe8a386, 0x2f61},
    {0xe8a38a, 0xe8a38f, 0x2f68},
    {0xe8a391, 0xe8a395, 0x2f6e},
    {0xe8a398, 0xe8a399, 0x2f73},
    {0xe8a39b, 0xe8a3a1, 0x2f75},
    {0xe8a3a7, 0xe8a3a8, 0x2f7c},
    {0xe8a3af, 0xe8a3b5, 0x2f7e},
    {0xe8a3b7, 0xe8a3b9, 0x2f85},
    {0xe8a3bc, 0xe8a3be, 0x2f88},
    {0xe8a481, 0xe8a482, 0x2f8b},
    {0xe8a486, 0xe8a487, 0x2f8e},
    {0xe8a48c, 0xe8a490, 0x2f91},
    {0xe8a492, 0xe8a493, 0x2f96},
    {0xe8a495, 0xe8a496, 0x2f98},
    {0xe8a498, 0xe8a49a, 0x2f9a},
    {0xe8a49c, 0xe8a49e, 0x2f9d},
    {0xe8a4a5, 0xe8a4a8, 0x2fa1},
    {0xe8a4aa, 0xe8a4ab, 0x2fa5},
    {0xe8a4b0, 0xe8a4b2, 0x2fa7},
    {0xe8a4b5, 0xe8a4bb, 0x2faa},
    {0xe8a580, 0xe8a586, 0x2fb2},
    {0xe8a58c, 0xe8a58d, 0x2fba},
    {0xe8a596, 0xe8a597, 0x2fbe},
    {0xe8a59a, 0xe8a59c, 0x2fc0},
    {0xe8a59e, 0xe8a5a4, 0x2fc3},
    {0xe8a5aa, 0xe8a5ab, 0x2fcb},
    {0xe8a5ad, 0xe8a5b0, 0x2fcd},
    {0xe8a5b2, 0xe8a5b5, 0x2fd1},
    {0xe8a5ba, 0xe8a5bf, 0x2fd6},
    {0xe8a680, 0xe8a681, 0x2fdc},
    {0xe8a686, 0xe8a68b, 0x2fdf},
    {0xe8a68f, 0xe8a690, 0x2fe6},
    {0xe8a693, 0xe8a698, 0x2fe8},
    {0xe8a69a, 0xe8a69c, 0x2fee},
    {0xe8a69f, 0xe8a6a1, 0x2ff1},
    {0xe8a6a5, 0xe8a6a7, 0x2ff4},
    {0xe8a6a9, 0xe8a6aa, 0x2ff7},
    {0xe8a6af, 0xe8a6b0, 0x2ffa},
    {0xe8a6b2, 0xe8a6b7, 0x2ffc},
    {0xe8a6bc, 0xe8a6bd, 0x3003},
    {0xe8a780, 0xe8a781, 0x3006},
    {0xe8a794, 0xe8a798, 0x300a},
    {0xe8a79c, 0xe8a79d, 0x3010},
    {0xe8a7a5, 0xe8a7a7, 0x3013},
    {0xe8a7b3, 0xe8a7b4, 0x301a},
    {0xe8a7b8, 0xe8a7b9, 0x301d},
    {0xe8a880, 0xe8a885, 0x3021},
    {0xe8a887, 0xe8a888, 0x3027},
    {0xe8a88e, 0xe8a898, 0x302b},
    {0xe8a89d, 0xe8a8a6, 0x3037},
    {0xe8a8aa, 0xe8a8ad, 0x3041},
    {0xe8a8b3, 0xe8a8b7, 0x3047},
    {0xe8a8ba, 0xe8a8be, 0x304c},
    {0xe8a980, 0xe8a981, 0x3051},
    {0xe8a985, 0xe8a989, 0x3054},
    {0xe8a98d, 0xe8a98e, 0x3059},
    {0xe8a990, 0xe8a998, 0x305b},
    {0xe8a99b, 0xe8a99e, 0x3064},
    {0xe8a9a0, 0xe8a9a3, 0x3068},
    {0xe8a9a5, 0xe8a9a7, 0x306c},
    {0xe8a9ab, 0xe8a9ae, 0x3070},
    {0xe8a9b0, 0xe8a9b3, 0x3074},
    {0xe8a9b5, 0xe8a9b7, 0x3078},
    {0xe8a9b9, 0xe8a9bc, 0x307b},
    {0xe8a9be, 0xe8a9bf, 0x307f},
    {0xe8aa82, 0xe8aa87, 0x3082},
    {0xe8aa8b, 0xe8aa8d, 0x3089},
    {0xe8aa8f, 0xe8aa93, 0x308c},
    {0xe8aa95, 0xe8aa9a, 0x3091},
    {0xe8aa9e, 0xe8aaa1, 0x3097},
    {0xe8aaa3, 0xe8aaaa, 0x309b},
    {0xe8aaac, 0xe8aab0, 0x30a3},
    {0xe8aab2, 0xe8aab3, 0x30a8},
    {0xe8aab6, 0xe8aab7, 0x30aa},
    {0xe8aabb, 0xe8aabc, 0x30ad},
    {0xe8aabe, 0xe8aabf, 0x30af},
    {0xe8ab82, 0xe8ab84, 0x30b1},
    {0xe8ab86, 0xe8ab8d, 0x30b4},
    {0xe8ab8f, 0xe8ab97, 0x30bc},
    {0xe8ab9a, 0xe8aba2, 0x30c5},
    {0xe8aba6, 0xe8aba7, 0x30cf},
    {0xe8abab, 0xe8abae, 0x30d1},
    {0xe8abb0, 0xe8abb1, 0x30d5},
    {0xe8abb3, 0xe8abb8, 0x30d7},
    {0xe8abbe, 0xe8abbf, 0x30df},
    {0xe8ac80, 0xe8ac82, 0x30e1},
    {0xe8ac84, 0xe8ac87, 0x30e4},
    {0xe8ac8a, 0xe8ac91, 0x30e8},
    {0xe8ac96, 0xe8ac97, 0x30f1},
    {0xe8ac99, 0xe8aca1, 0x30f3},
    {0xe8acab, 0xe8acad, 0x30fe},
    {0xe8ad81, 0xe8ad86, 0x3107},
    {0xe8ad88, 0xe8ad89, 0x310d},
    {0xe8ad8c, 0xe8ad8f, 0x310f},
    {0xe8ad91, 0xe8ad94, 0x3113},
    {0xe8ad98, 0xe8ad9c, 0x3118},
    {0xe8ad9e, 0xe8ad9f, 0x311d},
    {0xe8adab, 0xe8adad, 0x3122},
    {0xe8adaf, 0xe8adb2, 0x3125},
    {0xe8adb6, 0xe8adb9, 0x312a},
    {0xe8adbc, 0xe8adbf, 0x312e},
    {0xe8ae80, 0xe8ae81, 0x3132},
    {0xe8ae83, 0xe8ae85, 0x3134},
    {0xe8ae8a, 0xe8ae90, 0x3137},
    {0xe8ae92, 0xe8ae96, 0x313e},
    {0xe8ae99, 0xe8ae9a, 0x3143},
    {0xe8ae9c, 0xe8aea0, 0x3145},
    {0xe8b0b7, 0xe8b0ba, 0x314a},
    {0xe8b0bd, 0xe8b0bf, 0x314e},
    {0xe8b185, 0xe8b18c, 0x3152},
    {0xe8b18e, 0xe8b191, 0x315a},
    {0xe8b193, 0xe8b195, 0x315e},
    {0xe8b197, 0xe8b19b, 0x3161},
    {0xe8b1a1, 0xe8b1a4, 0x3167},
    {0xe8b1a8, 0xe8b1ad, 0x316c},
    {0xe8b1b5, 0xe8b1b6, 0x3173},
    {0xe8b1b8, 0xe8b1bc, 0x3175},
    {0xe8b285, 0xe8b287, 0x317c},
    {0xe8b289, 0xe8b28e, 0x317f},
    {0xe8b292, 0xe8b294, 0x3186},
    {0xe8b298, 0xe8b299, 0x3189},
    {0xe8b29b, 0xe8b2a2, 0x318b},
    {0xe8b2a7, 0xe8b2b0, 0x3194},
    {0xe8b2b2, 0xe8b2b4, 0x319e},
    {0xe8b2b6, 0xe8b2bd, 0x31a1},
    {0xe8b380, 0xe8b38b, 0x31aa},
    {0xe8b38d, 0xe8b38f, 0x31b6},
    {0xe8b391, 0xe8b393, 0x31b9},
    {0xe8b395, 0xe8b396, 0x31bc},
    {0xe8b399, 0xe8b39e, 0x31be},
    {0xe8b3a0, 0xe8b3a4, 0x31c4},
    {0xe8b3ac, 0xe8b3ad, 0x31cc},
    {0xe8b3af, 0xe8b3b2, 0x31ce},
    {0xe8b3b4, 0xe8b3b5, 0x31d2},
    {0xe8b3b7, 0xe8b3b8, 0x31d4},
    {0xe8b3ba, 0xe8b3bf, 0x31d6},
    {0xe8b483, 0xe8b485, 0x31dd},
    {0xe8b487, 0xe8b48b, 0x31e0},
    {0xe8b48d, 0xe8b490, 0x31e5},
    {0xe8b492, 0xe8b494, 0x31e9},
    {0xe8b496, 0xe8b497, 0x31ec},
    {0xe8b49b, 0xe8b49d, 0x31ee},
    {0xe8b5a4, 0xe8b5a7, 0x31f1},
    {0xe8b5ab, 0xe8b5ae, 0x31f7},
    {0xe8b5b0, 0xe8b5b1, 0x31fb},
    {0xe8b5b3, 0xe8b5b4, 0x31fd},
    {0xe8b5b6, 0xe8b5b7, 0x31ff},
    {0xe8b681, 0xe8b682, 0x3202},
    {0xe8b684, 0xe8b685, 0x3204},
    {0xe8b690, 0xe8b691, 0x3209},
    {0xe8b69e, 0xe8b6a0, 0x320d},
    {0xe8b6ab, 0xe8b6ac, 0x3213},
    {0xe8b6b2, 0xe8b6b3, 0x3216},
    {0xe8b6b9, 0xe8b6bc, 0x321a},
    {0xe8b785, 0xe8b788, 0x3221},
    {0xe8b78a, 0xe8b78c, 0x3225},
    {0xe8b78e, 0xe8b78f, 0x3228},
    {0xe8b794, 0xe8b797, 0x322b},
    {0xe8b799, 0xe8b79b, 0x322f},
    {0xe8b7a3, 0xe8b7a5, 0x3235},
    {0xe8b7a7, 0xe8b7a8, 0x3238},
    {0xe8b7aa, 0xe8b7ac, 0x323a},
    {0xe8b7af, 0xe8b7b5, 0x323d},
    {0xe8b7bc, 0xe8b7bd, 0x3244},
    {0xe8b884, 0xe8b886, 0x3248},
    {0xe8b888, 0xe8b88c, 0x324b},
    {0xe8b88f, 0xe8b891, 0x3250},
    {0xe8b89d, 0xe8b8a3, 0x3255},
    {0xe8b8a6, 0xe8b8a7, 0x325c},
    {0xe8b8b0, 0xe8b8b1, 0x325f},
    {0xe8b8b3, 0xe8b8b9, 0x3261},
    {0xe8b980, 0xe8b982, 0x3269},
    {0xe8b987, 0xe8b990, 0x326d},
    {0xe8b994, 0xe8b995, 0x3277},
    {0xe8b99b, 0xe8b9a4, 0x327a},
    {0xe8b9ac, 0xe8b9ad, 0x3285},
    {0xe8b9af, 0xe8b9b2, 0x3287},
    {0xe8b9b4, 0xe8b9b7, 0x328b},
    {0xe8b9b9, 0xe8b9bc, 0x328f},
    {0xe8ba81, 0xe8ba85, 0x3293},
    {0xe8ba89, 0xe8ba8b, 0x3299},
    {0xe8ba90, 0xe8ba95, 0x329d},
    {0xe8ba98, 0xe8ba9b, 0x32a3},
    {0xe8ba9d, 0xe8ba9e, 0x32a7},
    {0xe8baa1, 0xe8baa2, 0x32a9},
    {0xe8baa9, 0xe8bab1, 0x32ac},
    {0xe8bab5, 0xe8bab6, 0x32b6},
    {0xe8baba, 0xe8babb, 0x32b8},
    {0xe8bb80, 0xe8bb81, 0x32bb},
    {0xe8bb83, 0xe8bb88, 0x32bd},
    {0xe8bb8a, 0xe8bb8d, 0x32c3},
    {0xe8bb91, 0xe8bb92, 0x32c8},
    {0xe8bb9b, 0xe8bb9c, 0x32cb},
    {0xe8bba2, 0xe8bba3, 0x32ce},
    {0xe8bbad, 0xe8bbae, 0x32d2},
    {0xe8bbb0, 0xe8bbb1, 0x32d4},
    {0xe8bbb7, 0xe8bbbe, 0x32d6},
    {0xe8bc82, 0xe8bc83, 0x32df},
    {0xe8bc87, 0xe8bc8a, 0x32e2},
    {0xe8bc8f, 0xe8bc90, 0x32e7},
    {0xe8bc92, 0xe8bc99, 0x32e9},
    {0xe8bc9b, 0xe8bca1, 0x32f1},
    {0xe8bca5, 0xe8bcaf, 0x32f9},
    {0xe8bcb3, 0xe8bcbb, 0x3304},
    {0xe8bcbe, 0xe8bcbf, 0x330d},
    {0xe8bd80, 0xe8bd87, 0x330f},
    {0xe8bd89, 0xe8bd8a, 0x3317},
    {0xe8bd8c, 0xe8bd8f, 0x3319},
    {0xe8bd91, 0xe8bd95, 0x331d},
    {0xe8bd97, 0xe8bd98, 0x3322},
    {0xe8bd9c, 0xe8bd9f, 0x3324},
    {0xe8bda1, 0xe8bda6, 0x3328},
    {0xe8be9b, 0xe8bea8, 0x332e},
    {0xe8bead, 0xe8beb2, 0x333c},
    {0xe8beb4, 0xe8beb6, 0x3342},
    {0xe8beb7, 0xe8beb8, 0x3346},
    {0xe8beba, 0xe8bebc, 0x3348},
    {0xe8bebe, 0xe8bebf, 0x334b},
    {0xe8bf80, 0xe8bf82, 0x334d},
    {0xe8bf84, 0xe8bf86, 0x3350},
    {0xe8bf8a, 0xe8bf8b, 0x3354},
    {0xe8bf8d, 0xe8bf8e, 0x3356},
    {0xe8bf90, 0xe8bf95, 0x3358},
    {0xe8bfa2, 0xe8bfa6, 0x3360},
    {0xe8bfa8, 0xe8bfab, 0x3365},
    {0xe8bfad, 0xe8bfb1, 0x3369},
    {0xe8bfb4, 0xe8bfbb, 0x336e},
    {0xe8bfbd, 0xe8bfbe, 0x3376},
    {0xe98080, 0xe98086, 0x3378},
    {0xe9808b, 0xe98091, 0x3380},
    {0xe98093, 0xe9809b, 0x3387},
    {0xe9809d, 0xe980a3, 0x3390},
    {0xe980a7, 0xe980aa, 0x3397},
    {0xe980ac, 0xe980af, 0x339b},
    {0xe980b1, 0xe980b9, 0x339f},
    {0xe980be, 0xe980bf, 0x33a9},
    {0xe98181, 0xe98185, 0x33ab},
    {0xe98189, 0xe98196, 0x33b1},
    {0xe98198, 0xe98199, 0x33bf},
    {0xe9819b, 0xe9819e, 0x33c1},
    {0xe981a0, 0xe981a3, 0x33c5},
    {0xe981a5, 0xe981a9, 0x33c9},
    {0xe981ac, 0xe981b0, 0x33ce},
    {0xe981b4, 0xe981ba, 0x33d4},
    {0xe981bc, 0xe981bd, 0x33db},
    {0xe98280, 0xe98285, 0x33de},
    {0xe98287, 0xe9828c, 0x33e4},
    {0xe9828e, 0xe98291, 0x33ea},
    {0xe98297, 0xe98299, 0x33ef},
    {0xe982a0, 0xe982a3, 0x33f3},
    {0xe982a5, 0xe982a6, 0x33f7},
    {0xe982af, 0xe982b6, 0x33fb},
    {0xe982bd, 0xe982be, 0x3404},
    {0xe98383, 0xe98385, 0x3407},
    {0xe98387, 0xe9838a, 0x340a},
    {0xe98397, 0xe98399, 0x3412},
    {0xe9839b, 0xe9839f, 0x3415},
    {0xe983a1, 0xe983a2, 0x341a},
    {0xe983a4, 0xe983a5, 0x341c},
    {0xe983af, 0xe983b0, 0x3421},
    {0xe983b4, 0xe983b7, 0x3424},
    {0xe983bd, 0xe983bf, 0x3428},
    {0xe98484, 0xe98486, 0x342d},
    {0xe98494, 0xe9849a, 0x3434},
    {0xe984a2, 0xe984a3, 0x343e},
    {0xe984ad, 0xe984b2, 0x3443},
    {0xe984b6, 0xe984b7, 0x344a},
    {0xe984b9, 0xe984ba, 0x344c},
    {0xe984bc, 0xe984bd, 0x344e},
    {0xe98586, 0xe9858f, 0x3451},
    {0xe98592, 0xe98594, 0x345b},
    {0xe98596, 0xe9859b, 0x345e},
    {0xe985a1, 0xe985a5, 0x3464},
    {0xe985a9, 0xe985aa, 0x346a},
    {0xe985ac, 0xe985ad, 0x346c},
    {0xe985b2, 0xe985b5, 0x346e},
    {0xe985b7, 0xe985bb, 0x3472},
    {0xe98681, 0xe98683, 0x3477},
    {0xe98685, 0xe98687, 0x347a},
    {0xe98689, 0xe9868b, 0x347d},
    {0xe9868d, 0xe9868e, 0x3480},
    {0xe98690, 0xe98695, 0x3482},
    {0xe98697, 0xe98698, 0x3488},
    {0xe986a1, 0xe986a2, 0x348c},
    {0xe986aa, 0xe986b6, 0x3491},
    {0xe986ba, 0xe986bd, 0x349f},
    {0xe98780, 0xe98789, 0x34a4},
    {0xe9878b, 0xe98791, 0x34ae},
    {0xe98793, 0xe98794, 0x34b5},
    {0xe98796, 0xe9879f, 0x34b7},
    {0xe987a3, 0xe987a7, 0x34c2},
    {0xe987a9, 0xe987aa, 0x34c7},
    {0xe987ac, 0xe987b1, 0x34c9},
    {0xe987b5, 0xe987b7, 0x34cf},
    {0xe987bb, 0xe987bd, 0x34d3},
    {0xe98880, 0xe98881, 0x34d7},
    {0xe98884, 0xe98887, 0x34d9},
    {0xe98889, 0xe9888a, 0x34dd},
    {0xe9888c, 0xe9888e, 0x34df},
    {0xe98890, 0xe98898, 0x34e2},
    {0xe9889c, 0xe9889e, 0x34eb},
    {0xe988a3, 0xe988a6, 0x34ee},
    {0xe988a8, 0xe988a9, 0x34f2},
    {0xe988ae, 0xe988b0, 0x34f5},
    {0xe988b3, 0xe988ba, 0x34f8},
    {0xe988be, 0xe988bf, 0x3501},
    {0xe98982, 0xe9898b, 0x3504},
    {0xe9898d, 0xe98991, 0x350e},
    {0xe98996, 0xe9899e, 0x3513},
    {0xe989a0, 0xe989a2, 0x351c},
    {0xe989a4, 0xe989a9, 0x351f},
    {0xe989ae, 0xe989b1, 0x3525},
    {0xe989b5, 0xe989b9, 0x3529},
    {0xe989bb, 0xe989bf, 0x352e},
    {0xe98a88, 0xe98a8a, 0x3536},
    {0xe98a8d, 0xe98a8e, 0x3539},
    {0xe98a91, 0xe98a93, 0x353b},
    {0xe98a95, 0xe98a9c, 0x353e},
    {0xe98a9f, 0xe98aa0, 0x3546},
    {0xe98aa4, 0xe98aa5, 0x3548},
    {0xe98aa7, 0xe98aa8, 0x354a},
    {0xe98ab2, 0xe98ab3, 0x354f},
    {0xe98ab6, 0xe98abd, 0x3551},
    {0xe98b80, 0xe98b83, 0x355a},
    {0xe98b85, 0xe98b88, 0x355e},
    {0xe98b8b, 0xe98b90, 0x3562},
    {0xe98b92, 0xe98b93, 0x3568},
    {0xe98b97, 0xe98b99, 0x356b},
    {0xe98b9c, 0xe98b9d, 0x356e},
    {0xe98b9f, 0xe98ba1, 0x3570},
    {0xe98ba3, 0xe98ba5, 0x3573},
    {0xe98ba7, 0xe98baa, 0x3576},
    {0xe98bac, 0xe98bae, 0x357a},
    {0xe98bb2, 0xe98bb3, 0x357e},
    {0xe98bb7, 0xe98bbc, 0x3580},
    {0xe98c8f, 0xe98c91, 0x358d},
    {0xe98c94, 0xe98c95, 0x3590},
    {0xe98c98, 0xe98c9a, 0x3592},
    {0xe98c9c, 0xe98cac, 0x3595},
    {0xe98cae, 0xe98caf, 0x35a6},
    {0xe98cb2, 0xe98cb7, 0x35a8},
    {0xe98cba, 0xe98cbb, 0x35ae},
    {0xe98d87, 0xe98d8b, 0x35b1},
    {0xe98d90, 0xe98d92, 0x35b7},
    {0xe98d94, 0xe98d98, 0x35ba},
    {0xe98d9a, 0xe98d9c, 0x35bf},
    {0xe98da4, 0xe98da5, 0x35c4},
    {0xe98da9, 0xe98db1, 0x35c7},
    {0xe98db3, 0xe98db6, 0x35d0},
    {0xe98dbc, 0xe98dbf, 0x35d5},
    {0xe98e80, 0xe98e82, 0x35d9},
    {0xe98e8a, 0xe98e8d, 0x35dd},
    {0xe98e94, 0xe98e98, 0x35e3},
    {0xe98e9a, 0xe98e9b, 0x35e8},
    {0xe98ea3, 0xe98ea4, 0x35ec},
    {0xe98ea6, 0xe98ea9, 0x35ee},
    {0xe98eab, 0xe98eae, 0x35f2},
    {0xe98eb4, 0xe98eb6, 0x35f7},
    {0xe98eb9, 0xe98ebb, 0x35fa},
    {0xe98f83, 0xe98f8d, 0x35fe},
    {0xe98f90, 0xe98f91, 0x3609},
    {0xe98f96, 0xe98f99, 0x360c},
    {0xe98f9c, 0xe98f9f, 0x3610},
    {0xe98fa1, 0xe98fa2, 0x3614},
    {0xe98fa4, 0xe98fa8, 0x3616},
    {0xe98fb7, 0xe98fbb, 0x361d},
    {0xe99081, 0xe99084, 0x3623},
    {0xe99087, 0xe99089, 0x3627},
    {0xe9908d, 0xe99090, 0x362a},
    {0xe99093, 0xe9909a, 0x362e},
    {0xe990ae, 0xe990af, 0x3639},
    {0xe990b1, 0xe990b6, 0x363b},
    {0xe990ba, 0xe990bb, 0x3642},
    {0xe99183, 0xe99185, 0x3647},
    {0xe99191, 0xe99193, 0x364d},
    {0xe99199, 0xe9919c, 0x3651},
    {0xe9919e, 0xe991a3, 0x3655},
    {0xe991aa, 0xe991ab, 0x365c},
    {0xe991ad, 0xe991b2, 0x365e},
    {0xe991bc, 0xe991bf, 0x3666},
    {0xe99283, 0xe99285, 0x366b},
    {0xe995b7, 0xe995b9, 0x366e},
    {0xe995be, 0xe995bf, 0x3671},
    {0xe99682, 0xe99684, 0x3674},
    {0xe99686, 0xe9968f, 0x3677},
    {0xe99691, 0xe99694, 0x3681},
    {0xe99698, 0xe99699, 0x3686},
    {0xe9969d, 0xe996a9, 0x3688},
    {0xe996ab, 0xe996ad, 0x3695},
    {0xe996b1, 0xe996b2, 0x3698},
    {0xe996b9, 0xe996bf, 0x369c},
    {0xe99786, 0xe9978d, 0x36a4},
    {0xe99790, 0xe99796, 0x36ac},
    {0xe99798, 0xe9979a, 0x36b3},
    {0xe9979c, 0xe997a2, 0x36b6},
    {0xe997a4, 0xe997a6, 0x36bd},
    {0xe9989c, 0xe9989e, 0x36c2},
    {0xe998a1, 0xe998a2, 0x36c5},
    {0xe998a4, 0xe998a6, 0x36c7},
    {0xe998ae, 0xe998af, 0x36cd},
    {0xe998b1, 0xe998b4, 0x36cf},
    {0xe998b7, 0xe998bd, 0x36d3},
    {0xe99980, 0xe99982, 0x36db},
    {0xe9998b, 0xe9998d, 0x36df},
    {0xe9998f, 0xe99990, 0x36e2},
    {0xe99996, 0xe99998, 0x36e6},
    {0xe9999b, 0xe9999f, 0x36e9},
    {0xe999a1, 0xe999a6, 0x36ee},
    {0xe999b2, 0xe999b8, 0x36f8},
    {0xe999ba, 0xe999bf, 0x36ff},
    {0xe99a81, 0xe99a86, 0x3705},
    {0xe99a88, 0xe99a8b, 0x370b},
    {0xe99a8d, 0xe99a8f, 0x370f},
    {0xe99a94, 0xe99a9d, 0x3713},
    {0xe99a9f, 0xe99aa0, 0x371d},
    {0xe99aa3, 0xe99aaa, 0x371f},
    {0xe99aae, 0xe99ab4, 0x3727},
    {0xe99ab6, 0xe99abd, 0x372e},
    {0xe99b80, 0xe99b81, 0x3736},
    {0xe99b84, 0xe99b87, 0x3738},
    {0xe99b89, 0xe99b8e, 0x373c},
    {0xe99b91, 0xe99b92, 0x3742},
    {0xe99b95, 0xe99b96, 0x3744},
    {0xe99b98, 0xe99b9f, 0x3746},
    {0xe99ba2, 0xe99ba3, 0x374e},
    {0xe99ba8, 0xe99bab, 0x3750},
    {0xe99baf, 0xe99bb2, 0x3754},
    {0xe99bb6, 0xe99bb7, 0x3758},
    {0xe99bb9, 0xe99bbb, 0x375a},
    {0xe99c82, 0xe99c8a, 0x375e},
    {0xe99c8d, 0xe99c8f, 0x3767},
    {0xe99c93, 0xe99c94, 0x376b},
    {0xe99c99, 0xe99c9e, 0x376e},
    {0xe99ca1, 0xe99ca4, 0x3774},
    {0xe99ca7, 0xe99ca8, 0x3778},
    {0xe99cb0, 0xe99cb3, 0x377b},
    {0xe99cb8, 0xe99cb9, 0x3780},
    {0xe99cbd, 0xe99cbe, 0x3783},
    {0xe99d81, 0xe99d84, 0x3785},
    {0xe99d86, 0xe99d8a, 0x3789},
    {0xe99d8d, 0xe99d8f, 0x378e},
    {0xe99d91, 0xe99d92, 0x3791},
    {0xe99d95, 0xe99d9c, 0x3793},
    {0xe99da0, 0xe99da4, 0x379c},
    {0xe99da6, 0xe99dab, 0x37a1},
    {0xe99dad, 0xe99dae, 0x37a7},
    {0xe99db3, 0xe99db4, 0x37aa},
    {0xe99db6, 0xe99dbd, 0x37ac},
    {0xe99e80, 0xe99e81, 0x37b5},
    {0xe99e84, 0xe99e86, 0x37b7},
    {0xe99e8f, 0xe99e90, 0x37bd},
    {0xe99e95, 0xe99e9a, 0x37bf},
    {0xe99e9e, 0xe99ea0, 0x37c6},
    {0xe99ea2, 0xe99ea3, 0x37c9},
    {0xe99eab, 0xe99eae, 0x37cd},
    {0xe99eb1, 0xe99eb6, 0x37d1},
    {0xe99eb8, 0xe99eba, 0x37d7},
    {0xe99ebe, 0xe99ebf, 0x37db},
    {0xe99f83, 0xe99f8e, 0x37de},
    {0xe99f90, 0xe99f91, 0x37ea},
    {0xe99f93, 0xe99f94, 0x37ec},
    {0xe99f97, 0xe99f99, 0x37ee},
    {0xe99f9b, 0xe99f9e, 0x37f1},
    {0xe99fa0, 0xe99fa1, 0x37f5},
    {0xe99fad, 0xe99faf, 0x37f9},
    {0xe99fb1, 0xe99fb8, 0x37fc},
    {0xe99fba, 0xe99fbb, 0x3804},
    {0xe9a081, 0xe9a088, 0x3807},
    {0xe9a08c, 0xe9a094, 0x3810},
    {0xe9a096, 0xe9a09a, 0x3819},
    {0xe9a0a0, 0xe9a0a1, 0x3820},
    {0xe9a0a3, 0xe9a0a6, 0x3822},
    {0xe9a0ab, 0xe9a0b0, 0x3826},
    {0xe9a0b2, 0xe9a0b5, 0x382c},
    {0xe9a0b7, 0xe9a0b9, 0x3830},
    {0xe9a0bb, 0xe9a0be, 0x3833},
    {0xe9a186, 0xe9a187, 0x3838},
    {0xe9a18a, 0xe9a18f, 0x383a},
    {0xe9a191, 0xe9a19b, 0x3840},
    {0xe9a1a2, 0xe9a1a3, 0x384c},
    {0xe9a1a5, 0xe9a1a7, 0x384e},
    {0xe9a1aa, 0xe9a1ac, 0x3851},
    {0xe9a1af, 0xe9a1b1, 0x3854},
    {0xe9a1b3, 0xe9a1b5, 0x3857},
    {0xe9a2aa, 0xe9a2ab, 0x385b},
    {0xe9a2ad, 0xe9a2b1, 0x385d},
    {0xe9a2b6, 0xe9a2b8, 0x3863},
    {0xe9a2ba, 0xe9a2bc, 0x3866},
    {0xe9a382, 0xe9a388, 0x386a},
    {0xe9a38b, 0xe9a38c, 0x3871},
    {0xe9a39b, 0xe9a39c, 0x3874},
    {0xe9a39e, 0xe9a3a3, 0x3876},
    {0xe9a3a5, 0xe9a3a7, 0x387c},
    {0xe9a3a9, 0xe9a3ab, 0x387f},
    {0xe9a3ad, 0xe9a3b4, 0x3882},
    {0xe9a3bc, 0xe9a3be, 0x388b},
    {0xe9a482, 0xe9a483, 0x388e},
    {0xe9a487, 0xe9a48a, 0x3891},
    {0xe9a490, 0xe9a498, 0x3896},
    {0xe9a49a, 0xe9a4a2, 0x389f},
    {0xe9a4a6, 0xe9a4a8, 0x38a9},
    {0xe9a4ab, 0xe9a4ac, 0x38ac},
    {0xe9a4b1, 0xe9a4b5, 0x38af},
    {0xe9a4b9, 0xe9a4be, 0x38b4},
    {0xe9a580, 0xe9a582, 0x38ba},
    {0xe9a585, 0xe9a589, 0x38bd},
    {0xe9a58b, 0xe9a58e, 0x38c2},
    {0xe9a590, 0xe9a592, 0x38c6},
    {0xe9a594, 0xe9a595, 0x38c9},
    {0xe9a597, 0xe9a599, 0x38cb},
    {0xe9a59b, 0xe9a59c, 0x38ce},
    {0xe9a59e, 0xe9a5a0, 0x38d0},
    {0xe9a696, 0xe9a699, 0x38d4},
    {0xe9a69d, 0xe9a69f, 0x38d9},
    {0xe9a6a5, 0xe9a6a6, 0x38dd},
    {0xe9a6ac, 0xe9a6ae, 0x38e0},
    {0xe9a6b0, 0xe9a6b5, 0x38e3},
    {0xe9a6b9, 0xe9a6ba, 0x38e9},
    {0xe9a6bc, 0xe9a6bd, 0x38eb},
    {0xe9a783, 0xe9a786, 0x38ef},
    {0xe9a788, 0xe9a789, 0x38f3},
    {0xe9a790, 0xe9a795, 0x38f5},
    {0xe9a798, 0xe9a79f, 0x38fb},
    {0xe9a7a1, 0xe9a7a2, 0x3903},
    {0xe9a7aa, 0xe9a7ae, 0x3906},
    {0xe9a7b0, 0xe9a7b2, 0x390b},
    {0xe9a7b4, 0xe9a7b5, 0x390e},
    {0xe9a7b8, 0xe9a7b9, 0x3910},
    {0xe9a7bb, 0xe9a7bf, 0x3912},
    {0xe9a881, 0xe9a885, 0x3917},
    {0xe9a88a, 0xe9a88c, 0x391d},
    {0xe9a88e, 0xe9a893, 0x3920},
    {0xe9a899, 0xe9a89a, 0x3927},
    {0xe9a8a2, 0xe9a8a4, 0x392b},
    {0xe9a8a7, 0xe9a8a8, 0x392e},
    {0xe9a8ad, 0xe9a8ae, 0x3931},
    {0xe9a8b0, 0xe9a8b1, 0x3933},
    {0xe9a8b5, 0xe9a8b8, 0x3936},
    {0xe9a980, 0xe9a985, 0x393b},
    {0xe9a98a, 0xe9a98e, 0x3942},
    {0xe9a991, 0xe9a992, 0x3947},
    {0xe9a994, 0xe9a998, 0x3949},
    {0xe9a99a, 0xe9a99b, 0x394e},
    {0xe9a9a4, 0xe9a9a5, 0x3953},
    {0xe9a9a9, 0xe9a9ac, 0x3955},
    {0xe9aaac, 0xe9aab0, 0x395c},
    {0xe9aab4, 0xe9aab9, 0x3962},
    {0xe9aabb, 0xe9aabf, 0x3968},
    {0xe9ab80, 0xe9ab81, 0x396d},
    {0xe9ab83, 0xe9ab84, 0x396f},
    {0xe9ab8e, 0xe9ab99, 0x3973},
    {0xe9ab9b, 0xe9ab9c, 0x397f},
    {0xe9ab9e, 0xe9aba0, 0x3981},
    {0xe9aba2, 0xe9aba7, 0x3984},
    {0xe9aba9, 0xe9abaf, 0x398a},
    {0xe9abb1, 0xe9abb5, 0x3991},
    {0xe9abb9, 0xe9abbb, 0x3997},
    {0xe9ac80, 0xe9ac86, 0x399c},
    {0xe9ac88, 0xe9ac89, 0x39a3},
    {0xe9ac8b, 0xe9ac8e, 0x39a5},
    {0xe9ac98, 0xe9ac9d, 0x39ac},
    {0xe9ac9f, 0xe9aca0, 0x39b2},
    {0xe9aca2, 0xe9aca3, 0x39b4},
    {0xe9aca5, 0xe9acaf, 0x39b6},
    {0xe9acb1, 0xe9acb5, 0x39c1},
    {0xe9acb9, 0xe9acbc, 0x39c7},
    {0xe9ad81, 0xe9ad85, 0x39cd},
    {0xe9ad8b, 0xe9ad8f, 0x39d3},
    {0xe9ad94, 0xe9ad98, 0x39d9},
    {0xe9ad9a, 0xe9ad9b, 0x39de},
    {0xe9ada5, 0xe9ada6, 0x39e3},
    {0xe9adaa, 0xe9adaf, 0x39e6},
    {0xe9adb2, 0xe9adb9, 0x39ec},
    {0xe9ae83, 0xe9ae87, 0x39f6},
    {0xe9ae89, 0xe9ae8b, 0x39fb},
    {0xe9ae8d, 0xe9ae94, 0x39fe},
    {0xe9ae96, 0xe9ae97, 0x3a06},
    {0xe9ae9d, 0xe9aea0, 0x3a09},
    {0xe9aea6, 0xe9aeae, 0x3a0d},
    {0xe9aeb0, 0xe9aeb2, 0x3a16},
    {0xe9aeb7, 0xe9aeb9, 0x3a1a},
    {0xe9aebb, 0xe9aebc, 0x3a1d},
    {0xe9aebe, 0xe9aebf, 0x3a1f},
    {0xe9af80, 0xe9af81, 0x3a21},
    {0xe9af86, 0xe9af8a, 0x3a23},
    {0xe9af8e, 0xe9af92, 0x3a28},
    {0xe9af96, 0xe9af98, 0x3a2e},
    {0xe9afa1, 0xe9afa5, 0x3a34},
    {0xe9afa7, 0xe9afa8, 0x3a39},
    {0xe9afaa, 0xe9afab, 0x3a3b},
    {0xe9afae, 0xe9afb3, 0x3a3d},
    {0xe9afb7, 0xe9afba, 0x3a44},
    {0xe9b088, 0xe9b08d, 0x3a4e},
    {0xe9b08f, 0xe9b096, 0x3a54},
    {0xe9b098, 0xe9b09e, 0x3a5c},
    {0xe9b0a1, 0xe9b0aa, 0x3a63},
    {0xe9b0ad, 0xe9b0b2, 0x3a6d},
    {0xe9b0b5, 0xe9b0b7, 0x3a73},
    {0xe9b0b9, 0xe9b0bb, 0x3a76},
    {0xe9b0bd, 0xe9b0be, 0x3a79},
    {0xe9b183, 0xe9b18a, 0x3a7c},
    {0xe9b18e, 0xe9b190, 0x3a84},
    {0xe9b192, 0xe9b194, 0x3a87},
    {0xe9b196, 0xe9b198, 0x3a8a},
    {0xe9b19a, 0xe9b1a1, 0x3a8d},
    {0xe9b1a7, 0xe9b1ab, 0x3a97},
    {0xe9b1ad, 0xe9b1ae, 0x3a9c},
    {0xe9b1b5, 0xe9b1b8, 0x3aa0},
    {0xe9b1ba, 0xe9b1bc, 0x3aa4},
    {0xe9b3a5, 0xe9b3a7, 0x3aa7},
    {0xe9b3ab, 0xe9b3ac, 0x3aab},
    {0xe9b3b2, 0xe9b3b4, 0x3aae},
    {0xe9b3b6, 0xe9b3b7, 0x3ab1},
    {0xe9b482, 0xe9b483, 0x3ab4},
    {0xe9b486, 0xe9b489, 0x3ab6},
    {0xe9b491, 0xe9b492, 0x3abc},
    {0xe9b497, 0xe9b498, 0x3abf},
    {0xe9b49b, 0xe9b49f, 0x3ac1},
    {0xe9b4aa, 0xe9b4ac, 0x3ac9},
    {0xe9b4af, 0xe9b4b0, 0x3acc},
    {0xe9b4b2, 0xe9b4b4, 0x3ace},
    {0xe9b4ba, 0xe9b4bf, 0x3ad1},
    {0xe9b581, 0xe9b588, 0x3ad7},
    {0xe9b590, 0xe9b594, 0x3ae0},
    {0xe9b59c, 0xe9b5a5, 0x3ae6},
    {0xe9b5a9, 0xe9b5ac, 0x3af0},
    {0xe9b5af, 0xe9b5b0, 0x3af4},
    {0xe9b5b2, 0xe9b5b3, 0x3af6},
    {0xe9b5b6, 0xe9b5b7, 0x3af8},
    {0xe9b5ba, 0xe9b5bc, 0x3afa},
    {0xe9b683, 0xe9b684, 0x3afe},
    {0xe9b686, 0xe9b687, 0x3b00},
    {0xe9b689, 0xe9b68a, 0x3b02},
    {0xe9b68d, 0xe9b68f, 0x3b04},
    {0xe9b692, 0xe9b693, 0x3b07},
    {0xe9b695, 0xe9b69a, 0x3b09},
    {0xe9b6a9, 0xe9b6ac, 0x3b11},
    {0xe9b6ae, 0xe9b6af, 0x3b15},
    {0xe9b6b1, 0xe9b6b2, 0x3b17},
    {0xe9b6b4, 0xe9b6b5, 0x3b19},
    {0xe9b6b8, 0xe9b6bd, 0x3b1b},
    {0xe9b780, 0xe9b784, 0x3b22},
    {0xe9b786, 0xe9b787, 0x3b27},
    {0xe9b789, 0xe9b78a, 0x3b29},
    {0xe9b793, 0xe9b797, 0x3b2c},
    {0xe9b799, 0xe9b79a, 0x3b31},
    {0xe9b79e, 0xe9b7a0, 0x3b33},
    {0xe9b7a5, 0xe9b7a7, 0x3b37},
    {0xe9b7ad, 0xe9b7b0, 0x3b3c},
    {0xe9b7b2, 0xe9b7b4, 0x3b40},
    {0xe9b7b8, 0xe9b7ba, 0x3b43},
    {0xe9b7bd, 0xe9b7be, 0x3b46},
    {0xe9b88d, 0xe9b88e, 0x3b4b},
    {0xe9b890, 0xe9b892, 0x3b4d},
    {0xe9b895, 0xe9b896, 0x3b50},
    {0xe9b899, 0xe9b89f, 0x3b52},
    {0xe9b9b8, 0xe9b9bd, 0x3b5a},
    {0xe9ba80, 0xe9ba85, 0x3b61},
    {0xe9ba87, 0xe9ba88, 0x3b67},
    {0xe9ba8b, 0xe9ba8c, 0x3b69},
    {0xe9ba8e, 0xe9ba8f, 0x3b6b},
    {0xe9ba91, 0xe9ba93, 0x3b6d},
    {0xe9ba95, 0xe9ba98, 0x3b70},
    {0xe9ba9d, 0xe9ba9f, 0x3b75},
    {0xe9baa4, 0xe9baa6, 0x3b78},
    {0xe9baa8, 0xe9baaa, 0x3b7b},
    {0xe9baac, 0xe9bab0, 0x3b7e},
    {0xe9bab3, 0xe9bab5, 0x3b83},
    {0xe9bab8, 0xe9babf, 0x3b86},
    {0xe9bb83, 0xe9bb84, 0x3b8e},
    {0xe9bb8b, 0xe9bb92, 0x3b92},
    {0xe9bb94, 0xe9bb95, 0x3b9a},
    {0xe9bb98, 0xe9bb99, 0x3b9c},
    {0xe9bb9b, 0xe9bba0, 0x3b9e},
    {0xe9bba4, 0xe9bba5, 0x3ba4},
    {0xe9bba7, 0xe9bba8, 0x3ba6},
    {0xe9bbac, 0xe9bbb2, 0x3ba8},
    {0xe9bbb4, 0xe9bbb9, 0x3baf},
    {0xe9bbbb, 0xe9bbbf, 0x3bb5},
    {0xe9bc82, 0xe9bc83, 0x3bba},
    {0xe9bc87, 0xe9bc89, 0x3bbc},
    {0xe9bc8e, 0xe9bc97, 0x3bbf},
    {0xe9bc99, 0xe9bc9b, 0x3bc9},
    {0xe9bc9f, 0xe9bca2, 0x3bcc},
    {0xe9bcaa, 0xe9bcac, 0x3bd1},
    {0xe9bcb1, 0xe9bcb2, 0x3bd5},
    {0xe9bcb9, 0xe9bcbf, 0x3bd9},
    {0xe9bd83, 0xe9bd87, 0x3be1},
    {0xe9bd8a, 0xe9bd8b, 0x3be6},
    {0xe9bd8e, 0xe9bd90, 0x3be8},
    {0xe9bd92, 0xe9bd98, 0x3beb},
    {0xe9bd9d, 0xe9bda3, 0x3bf3},
    {0xe9bda6, 0xe9bdaa, 0x3bfa},
    {0xe9bdac, 0xe9bdb3, 0x3bff},
    {0xe9bdb5, 0xe9bdb7, 0x3c07},
    {0xe9be8f, 0xe9be92, 0x3c0e},
    {0xe9be94, 0xe9be97, 0x3c12},
    {0xe9be9d, 0xe9bea3, 0x3c19},
    {0xe9bebc, 0xe9bebf, 0x3c22},
    {0xe9bf80, 0xe9bf82, 0x3c26},
    {0xefa4a8, 0xefa4a9, 0x3c2f},
    {0xefa699, 0xefa69a, 0x3c34},
    {0xefa88e, 0xefa8ad, 0x3c3b},
    {0xefa8b0, 0xefa8bf, 0x3c5b},
    {0xefa980, 0xefa9ad, 0x3c6b},
    {0xefac80, 0xefac84, 0x3c99},
    {0xefb890, 0xefb899, 0x3ca6},
    {0xefb8b0, 0xefb8bf, 0x3cb0},
    {0xefb980, 0xefb992, 0x3cc0},
    {0xefb994, 0xefb9a6, 0x3cd3},
    {0xefb9a8, 0xefb9ab, 0x3ce6},
    {0xefbc82, 0xefbc9f, 0x3cee},
    {0xefbca0, 0xefbcbf, 0x3d0f},
    {0xefbd80, 0xefbd9d, 0x3d2f},
    {0xefbd9f, 0xefbdbf, 0x3d4d},
    {0xefbe80, 0xefbe9f, 0x3d6e},
    {0xefbfa0, 0xefbfa6, 0x3d8e},
    {0xefbfa9, 0xefbfae, 0x3d95},
    {0xf09f8480, 0xf09f848a, 0x3d9b},
    {0xf09f8490, 0xf09f84bf, 0x3da6},
    {0xf09f8580, 0xf09f85ab, 0x3dd6},
    {0xf09f85b0, 0xf09f85bf, 0x3e02},
    {0xf09f8680, 0xf09f86ac, 0x3e12},
    {0xf09f8880, 0xf09f8882, 0x3e3f},
    {0xf09f8890, 0xf09f88bb, 0x3e42},
    {0xf09f8980, 0xf09f8988, 0x3e6e},
    {0xf09f8990, 0xf09f8991, 0x3e77},
    {0xf0a08289, 0xf0a0828a, 0x3e7a},
    {0xf0a191ad, 0xf0a191ae, 0x3eb0},
    {0xf0a1b8b3, 0xf0a1b8b4, 0x3ec4},
    {0xf0a2ad8f, 0xf0a2ad90, 0x3ed4},
    {0xf0a38783, 0xf0a38784, 0x3edd},
    {0xf0a38f92, 0xf0a38f93, 0x3ee3},
    {0xf0a3918a, 0xf0a3918b, 0x3eea},
    {0xf0a398b8, 0xf0a398ba, 0x3ef2},
    {0xf0a39da3, 0xf0a39da4, 0x3ef9},
    {0xf0a3b7b9, 0xf0a3b7ba, 0x3f07},
    {0xf0a5aba3, 0xf0a5aba4, 0x3f38},
    {0xf0a6bfb6, 0xf0a6bfb8, 0x3f6a},
    {0xf0a78f9a, 0xf0a78f9b, 0x3f70},
    {0xf0a79894, 0xf0a79895, 0x3f75},
    {0xf0a89788, 0xf0a89789, 0x3f93},
    {0xf0a8a687, 0xf0a8a688, 0x3f9a},
    {0xf0a8a6ba, 0xf0a8a6bb, 0x3f9c},
    {0xf0ab9db6, 0xf0ab9db7, 0x3fdd},
    {0xf0afa299, 0xf0afa29a, 0x4002},
    {0xf0afa4a0, 0xf0afa4a1, 0x4011},
    {0xf0afa79e, 0xf0afa79f, 0x4018},
};

pdf_cmap_t cmap_UNIMANGA_UTF8_H = {
    "UniManga-UTF8-H",    //name
    true,        //worldwide
    2813,      //unicode_map_len
    unicode_map_UNIMANGA_UTF8_H,      //unicode_map
    2890,   //char_range_map_len
    char_range_map_UNIMANGA_UTF8_H,   //char_range_map
    1,       //not_def_range_len
    not_def_range_UNIMANGA_UTF8_H,       //not_def_range
    4,    //code_range_map_len
    code_range_map_UNIMANGA_UTF8_H,    //code_range_map
     NULL//next
};

