#include "../pdf-private.h"

static pdf_code_range_map_t code_range_map_UNIMANGA_UTF16_H[] = {
    {2, 0x0000, 0xd7ff},
    {4, 0xd800dc00, 0xdbffdfff},
    {2, 0xe000, 0xffff},
};

static pdf_char_range_map_t not_def_range_UNIMANGA_UTF16_H[] = {
    {0x0000, 0x001f, 0x1},
};

static pdf_unicode_map_t unicode_map_UNIMANGA_UTF16_H[] = {
    {0x1, 0x00a0},
    {0xe, 0x00ad},
    {0xdc, 0x0192},
    {0xf3, 0x0251},
    {0xf4, 0x0261},
    {0x1d5, 0x02bb},
    {0xf5, 0x02c7},
    {0xf9, 0x02d9},
    {0xfe, 0x0304},
    {0xff, 0x0307},
    {0x100, 0x030c},
    {0x132, 0x0401},
    {0x173, 0x0451},
    {0x44e7, 0x2002},
    {0x476, 0x2003},
    {0x1d0, 0x2010},
    {0xe, 0x2011},
    {0x1d1, 0x2012},
    {0x1d1, 0x2013},
    {0x45ec, 0x2014},
    {0x578, 0x2027},
    {0x1e0, 0x2030},
    {0x3d2f, 0x2035},
    {0x1e7, 0x2042},
    {0x1eb, 0x2051},
    {0x1ec, 0x2074},
    {0x1ed, 0x20a9},
    {0x1f2, 0x2100},
    {0x1f3, 0x2103},
    {0x1f4, 0x2105},
    {0x1f7, 0x210f},
    {0x1f8, 0x2113},
    {0x1f9, 0x2116},
    {0x1fe, 0x212b},
    {0x1ff, 0x212e},
    {0x200, 0x2135},
    {0x201, 0x213b},
    {0x22b, 0x21d0},
    {0x22c, 0x21d2},
    {0x22d, 0x21d4},
    {0x232, 0x21f5},
    {0x233, 0x2200},
    {0x23d, 0x220f},
    {0x3cfb, 0x2215},
    {0x241, 0x221a},
    {0x246, 0x2223},
    {0x255, 0x223d},
    {0x256, 0x2243},
    {0x257, 0x2245},
    {0x258, 0x2248},
    {0x259, 0x224c},
    {0x25a, 0x2252},
    {0x277, 0x22a0},
    {0x278, 0x22a5},
    {0x279, 0x22bf},
    {0x1df, 0x22ef},
    {0x27f, 0x2312},
    {0x280, 0x2318},
    {0x292, 0x23ce},
    {0x295, 0x2423},
    {0x3fd, 0x25ef},
    {0x404, 0x2609},
    {0x40d, 0x262f},
    {0x42d, 0x26a0},
    {0x432, 0x2702},
    {0x433, 0x2713},
    {0x434, 0x271a},
    {0x435, 0x273d},
    {0x438, 0x2756},
    {0x443, 0x27a1},
    {0x446, 0x29bf},
    {0x44c, 0x2b1a},
    {0x443, 0x2b95},
    {0xa9e, 0x2e82},
    {0xa9d, 0x2e83},
    {0x451, 0x2e84},
    {0xad7, 0x2e85},
    {0x452, 0x2e86},
    {0x3e8d, 0x2e87},
    {0x453, 0x2e88},
    {0xd3c, 0x2e89},
    {0x454, 0x2e8a},
    {0x9a0, 0x2e8b},
    {0x455, 0x2e8c},
    {0x3ff0, 0x2e8d},
    {0xca6, 0x2e8e},
    {0x139f, 0x2e8f},
    {0x139e, 0x2e90},
    {0x456, 0x2e91},
    {0x14a3, 0x2e92},
    {0x14f7, 0x2e93},
    {0x1594, 0x2e94},
    {0x457, 0x2e95},
    {0x15eb, 0x2e96},
    {0x458, 0x2e97},
    {0x17ad, 0x2e98},
    {0x1971, 0x2e99},
    {0x19e4, 0x2e9b},
    {0x1da9, 0x2e9e},
    {0x1de5, 0x2e9f},
    {0x1e08, 0x2ea0},
    {0x1e19, 0x2ea1},
    {0x45b, 0x2ea2},
    {0x20a1, 0x2ea3},
    {0x3c74, 0x2ea4},
    {0x45c, 0x2ea5},
    {0xa7c, 0x2ea6},
    {0x45d, 0x2ea7},
    {0x21bb, 0x2ea8},
    {0x3f16, 0x2ea9},
    {0x45e, 0x2eaa},
    {0x2984, 0x2eab},
    {0x45f, 0x2eac},
    {0x25cd, 0x2ead},
    {0x3f37, 0x2eae},
    {0x283f, 0x2eaf},
    {0x2971, 0x2eb0},
    {0x2985, 0x2eb1},
    {0x2984, 0x2eb2},
    {0x99c, 0x2eb3},
    {0x29f3, 0x2eb9},
    {0x2a42, 0x2eba},
    {0x3f5a, 0x2ebd},
    {0x2b8a, 0x2ebe},
    {0x3c89, 0x2ebf},
    {0x3c88, 0x2ec0},
    {0x2ddd, 0x2ec1},
    {0x2f30, 0x2ec2},
    {0x2fdc, 0x2ec3},
    {0x2fdb, 0x2ec4},
    {0x3007, 0x2ec5},
    {0x3009, 0x2ec6},
    {0x3f7d, 0x2ec7},
    {0x3149, 0x2ec8},
    {0x31f0, 0x2ec9},
    {0x3f89, 0x2eca},
    {0x332d, 0x2ecb},
    {0x3c91, 0x2ecc},
    {0x467, 0x2ecf},
    {0x3672, 0x2ed3},
    {0x36c1, 0x2ed4},
    {0x3fac, 0x2ed5},
    {0x36c3, 0x2ed6},
    {0x468, 0x2ed7},
    {0x3792, 0x2ed8},
    {0x37f8, 0x2ed9},
    {0x3859, 0x2eda},
    {0x3873, 0x2edb},
    {0x3876, 0x2edc},
    {0x469, 0x2edd},
    {0x3fb9, 0x2ede},
    {0x3878, 0x2edf},
    {0x38d3, 0x2ee0},
    {0x3fbd, 0x2ee1},
    {0x3958, 0x2ee2},
    {0x395a, 0x2ee3},
    {0x39cb, 0x2ee4},
    {0x3aa6, 0x2ee5},
    {0x3b58, 0x2ee6},
    {0xe46, 0x2ee7},
    {0x3b7a, 0x2ee8},
    {0x3b8f, 0x2ee9},
    {0x3bb8, 0x2eea},
    {0x19a7, 0x2eeb},
    {0x3bea, 0x2eec},
    {0x1da0, 0x2eed},
    {0x3c0c, 0x2eee},
    {0x26db, 0x2eef},
    {0x3c16, 0x2ef0},
    {0x3c18, 0x2ef1},
    {0xaae, 0x2ef2},
    {0x3c1b, 0x2ef3},
    {0xa5a, 0x2f00},
    {0xa78, 0x2f01},
    {0xa84, 0x2f02},
    {0xa8a, 0x2f03},
    {0xa9c, 0x2f04},
    {0xab0, 0x2f05},
    {0xab6, 0x2f06},
    {0xac6, 0x2f07},
    {0xad6, 0x2f08},
    {0xca5, 0x2f09},
    {0xcc3, 0x2f0a},
    {0xcc9, 0x2f0b},
    {0xcd9, 0x2f0c},
    {0xcea, 0x2f0d},
    {0xcf9, 0x2f0e},
    {0xd22, 0x2f0f},
    {0xd32, 0x2f10},
    {0xd3a, 0x2f11},
    {0xda4, 0x2f12},
    {0xdf0, 0x2f13},
    {0xe06, 0x2f14},
    {0xe0b, 0x2f15},
    {0xe23, 0x2f16},
    {0xe2c, 0x2f17},
    {0xe41, 0x2f18},
    {0xe4a, 0x2f19},
    {0xe5d, 0x2f1a},
    {0xe7d, 0x2f1b},
    {0xe89, 0x2f1c},
    {0xea0, 0x2f1d},
    {0x1068, 0x2f1e},
    {0x109d, 0x2f1f},
    {0x11b4, 0x2f20},
    {0x11c3, 0x2f21},
    {0x11c7, 0x2f22},
    {0x11d0, 0x2f23},
    {0x11de, 0x2f24},
    {0x1218, 0x2f25},
    {0x12fa, 0x2f26},
    {0x131c, 0x2f27},
    {0x137f, 0x2f28},
    {0x1392, 0x2f29},
    {0x139e, 0x2f2a},
    {0x13ae, 0x2f2b},
    {0x3c67, 0x2f2c},
    {0x13d8, 0x2f2d},
    {0x1492, 0x2f2e},
    {0x149a, 0x2f2f},
    {0x14a1, 0x2f30},
    {0x14ab, 0x2f31},
    {0x14ef, 0x2f32},
    {0x14f7, 0x2f33},
    {0x14fc, 0x2f34},
    {0x1546, 0x2f35},
    {0x154f, 0x2f36},
    {0x155b, 0x2f37},
    {0x1562, 0x2f38},
    {0x1593, 0x2f39},
    {0x159f, 0x2f3a},
    {0x15af, 0x2f3b},
    {0x15ea, 0x2f3c},
    {0x1779, 0x2f3d},
    {0x179d, 0x2f3e},
    {0x17ac, 0x2f3f},
    {0x196d, 0x2f40},
    {0x1970, 0x2f41},
    {0x19a5, 0x2f42},
    {0x19af, 0x2f43},
    {0x19b9, 0x2f44},
    {0x19c9, 0x2f45},
    {0x19e3, 0x2f46},
    {0x19e7, 0x2f47},
    {0x1aa6, 0x2f48},
    {0x1ab9, 0x2f49},
    {0x1ad0, 0x2f4a},
    {0x1d6d, 0x2f4b},
    {0x1d95, 0x2f4c},
    {0x1da8, 0x2f4d},
    {0x1dcf, 0x2f4e},
    {0x1de3, 0x2f4f},
    {0x1dea, 0x2f50},
    {0x1def, 0x2f51},
    {0x1e06, 0x2f52},
    {0x1e0b, 0x2f53},
    {0x1e18, 0x2f54},
    {0x20a0, 0x2f55},
    {0x2169, 0x2f56},
    {0x2172, 0x2f57},
    {0x2176, 0x2f58},
    {0x217a, 0x2f59},
    {0x2181, 0x2f5a},
    {0x218e, 0x2f5b},
    {0x2190, 0x2f5c},
    {0x21ba, 0x2f5d},
    {0x2239, 0x2f5e},
    {0x223d, 0x2f5f},
    {0x2308, 0x2f60},
    {0x230f, 0x2f61},
    {0x2330, 0x2f62},
    {0x2334, 0x2f63},
    {0x233d, 0x2f64},
    {0x2343, 0x2f65},
    {0x238e, 0x2f66},
    {0x2394, 0x2f67},
    {0x242e, 0x2f68},
    {0x2433, 0x2f69},
    {0x2458, 0x2f6a},
    {0x2462, 0x2f6b},
    {0x2483, 0x2f6c},
    {0x250d, 0x2f6d},
    {0x2512, 0x2f6e},
    {0x2520, 0x2f6f},
    {0x25cc, 0x2f70},
    {0x261c, 0x2f71},
    {0x2621, 0x2f72},
    {0x2697, 0x2f73},
    {0x26cf, 0x2f74},
    {0x26f1, 0x2f75},
    {0x27ea, 0x2f76},
    {0x283e, 0x2f77},
    {0x2972, 0x2f78},
    {0x2983, 0x2f79},
    {0x29ab, 0x2f7a},
    {0x29cb, 0x2f7b},
    {0x29f2, 0x2f7c},
    {0x29fc, 0x2f7d},
    {0x2a02, 0x2f7e},
    {0x2a16, 0x2f7f},
    {0x2a41, 0x2f80},
    {0x2a49, 0x2f81},
    {0x2b1d, 0x2f82},
    {0x2b22, 0x2f83},
    {0x2b2a, 0x2f84},
    {0x2b32, 0x2f85},
    {0x2b41, 0x2f86},
    {0x2b4e, 0x2f87},
    {0x2b52, 0x2f88},
    {0x2b82, 0x2f89},
    {0x2b85, 0x2f8a},
    {0x2b89, 0x2f8b},
    {0x2ddb, 0x2f8c},
    {0x2df4, 0x2f8d},
    {0x2f10, 0x2f8e},
    {0x2f1b, 0x2f8f},
    {0x2f2f, 0x2f90},
    {0x2fda, 0x2f91},
    {0x2fe4, 0x2f92},
    {0x3008, 0x2f93},
    {0x3021, 0x2f94},
    {0x314a, 0x2f95},
    {0x3153, 0x2f96},
    {0x3160, 0x2f97},
    {0x3175, 0x2f98},
    {0x318d, 0x2f99},
    {0x31f1, 0x2f9a},
    {0x31fb, 0x2f9b},
    {0x3217, 0x2f9c},
    {0x32ae, 0x2f9d},
    {0x32c3, 0x2f9e},
    {0x332e, 0x2f9f},
    {0x333f, 0x2fa0},
    {0x3343, 0x2fa1},
    {0x33ed, 0x2fa2},
    {0x3454, 0x2fa3},
    {0x34aa, 0x2fa4},
    {0x34af, 0x2fa5},
    {0x34b4, 0x2fa6},
    {0x366e, 0x2fa7},
    {0x3673, 0x2fa8},
    {0x36c2, 0x2fa9},
    {0x372e, 0x2faa},
    {0x3731, 0x2fab},
    {0x3750, 0x2fac},
    {0x3791, 0x2fad},
    {0x379b, 0x2fae},
    {0x379e, 0x2faf},
    {0x37a4, 0x2fb0},
    {0x37e6, 0x2fb1},
    {0x37f9, 0x2fb2},
    {0x37fe, 0x2fb3},
    {0x3807, 0x2fb4},
    {0x385a, 0x2fb5},
    {0x3874, 0x2fb6},
    {0x3877, 0x2fb7},
    {0x38d4, 0x2fb8},
    {0x38d7, 0x2fb9},
    {0x38e0, 0x2fba},
    {0x3959, 0x2fbb},
    {0x397d, 0x2fbc},
    {0x3982, 0x2fbd},
    {0x39b6, 0x2fbe},
    {0x39c0, 0x2fbf},
    {0x39c2, 0x2fc0},
    {0x39ca, 0x2fc1},
    {0x39de, 0x2fc2},
    {0x3aa7, 0x2fc3},
    {0x3b59, 0x2fc4},
    {0x3b60, 0x2fc5},
    {0x3b79, 0x2fc6},
    {0x3b89, 0x2fc7},
    {0x3b8e, 0x2fc8},
    {0x3b94, 0x2fc9},
    {0x3b98, 0x2fca},
    {0x3bb4, 0x2fcb},
    {0x3bb7, 0x2fcc},
    {0x3bbf, 0x2fcd},
    {0x3bc4, 0x2fce},
    {0x3bcd, 0x2fcf},
    {0x3bdb, 0x2fd0},
    {0x3be6, 0x2fd1},
    {0x3beb, 0x2fd2},
    {0x3c0d, 0x2fd3},
    {0x3c17, 0x2fd4},
    {0x3c1c, 0x2fd5},
    {0x45c9, 0x301c},
    {0x4ab, 0x3041},
    {0x4aa, 0x3042},
    {0x4ad, 0x3043},
    {0x4ac, 0x3044},
    {0x4af, 0x3045},
    {0x4ae, 0x3046},
    {0x4b1, 0x3047},
    {0x4b0, 0x3048},
    {0x4b3, 0x3049},
    {0x4b2, 0x304a},
    {0x4b4, 0x304b},
    {0x4d0, 0x3063},
    {0x4cf, 0x3064},
    {0x4f0, 0x3083},
    {0x4ef, 0x3084},
    {0x4f2, 0x3085},
    {0x4f1, 0x3086},
    {0x4f4, 0x3087},
    {0x4f3, 0x3088},
    {0x4fb, 0x308e},
    {0x4fa, 0x308f},
    {0x4b5, 0x3095},
    {0x4bc, 0x3096},
    {0x501, 0x309f},
    {0x577, 0x30a0},
    {0x503, 0x30a1},
    {0x502, 0x30a2},
    {0x505, 0x30a3},
    {0x504, 0x30a4},
    {0x507, 0x30a5},
    {0x506, 0x30a6},
    {0x509, 0x30a7},
    {0x508, 0x30a8},
    {0x50b, 0x30a9},
    {0x50a, 0x30aa},
    {0x50c, 0x30ab},
    {0x52b, 0x30c3},
    {0x52a, 0x30c4},
    {0x553, 0x30e3},
    {0x552, 0x30e4},
    {0x555, 0x30e5},
    {0x554, 0x30e6},
    {0x557, 0x30e7},
    {0x556, 0x30e8},
    {0x558, 0x30e9},
    {0x55a, 0x30ea},
    {0x55c, 0x30eb},
    {0x55e, 0x30ec},
    {0x560, 0x30ed},
    {0x563, 0x30ee},
    {0x562, 0x30ef},
    {0x50d, 0x30f5},
    {0x515, 0x30f6},
    {0x578, 0x30fb},
    {0x56e, 0x30fc},
    {0x56d, 0x30ff},
    {0x512, 0x31f0},
    {0x51d, 0x31f1},
    {0x520, 0x31f2},
    {0x530, 0x31f3},
    {0x535, 0x31f4},
    {0x539, 0x31f5},
    {0x53d, 0x31f6},
    {0x541, 0x31f7},
    {0x545, 0x31f8},
    {0x549, 0x31f9},
    {0x54f, 0x31fa},
    {0x559, 0x31fb},
    {0x55b, 0x31fc},
    {0x55d, 0x31fd},
    {0x55f, 0x31fe},
    {0x561, 0x31ff},
    {0x90d, 0x32ff},
    {0x98f, 0x3402},
    {0x992, 0x3427},
    {0x993, 0x342c},
    {0x994, 0x342e},
    {0x995, 0x3468},
    {0x996, 0x346a},
    {0x997, 0x3488},
    {0x998, 0x3492},
    {0x999, 0x34b5},
    {0x99a, 0x34bc},
    {0x99b, 0x34c1},
    {0x99d, 0x34c7},
    {0x99e, 0x34db},
    {0x99f, 0x351f},
    {0x9a0, 0x353e},
    {0x9a3, 0x3563},
    {0x9a4, 0x356e},
    {0x9a5, 0x35a6},
    {0x9a6, 0x35a8},
    {0x9a7, 0x35c5},
    {0x9a8, 0x35da},
    {0x9a9, 0x35de},
    {0x9aa, 0x35f4},
    {0x9ab, 0x3605},
    {0x9ac, 0x3614},
    {0x9ad, 0x364a},
    {0x9ae, 0x3691},
    {0x9af, 0x3696},
    {0x9b0, 0x3699},
    {0x9b1, 0x36cf},
    {0x9b6, 0x3775},
    {0x9b7, 0x378d},
    {0x9b8, 0x37c1},
    {0x9b9, 0x37e2},
    {0x9ba, 0x37e8},
    {0x9bb, 0x37f4},
    {0x9bc, 0x37fd},
    {0x9bd, 0x3800},
    {0x9be, 0x382f},
    {0x9bf, 0x3836},
    {0x9c0, 0x3840},
    {0x9c1, 0x385c},
    {0x9c2, 0x3861},
    {0x9c3, 0x38a1},
    {0x9c4, 0x38ad},
    {0x9c5, 0x38fa},
    {0x9c6, 0x3917},
    {0x9c7, 0x391a},
    {0x9c8, 0x396f},
    {0x9c9, 0x39a4},
    {0x9ca, 0x39b8},
    {0x9cb, 0x3a5c},
    {0x9cc, 0x3a6e},
    {0x9cd, 0x3a73},
    {0x9ce, 0x3a85},
    {0x9cf, 0x3ac4},
    {0x9d0, 0x3acb},
    {0x9d3, 0x3aea},
    {0x9d4, 0x3af3},
    {0x9d5, 0x3b0e},
    {0x9d6, 0x3b1a},
    {0x9d7, 0x3b1c},
    {0x9d8, 0x3b22},
    {0x2a8b, 0x3b35},
    {0x9d9, 0x3b6d},
    {0x9da, 0x3b77},
    {0x9dd, 0x3b8d},
    {0x9de, 0x3ba4},
    {0x9df, 0x3bb6},
    {0x9e0, 0x3bc3},
    {0x9e1, 0x3bcd},
    {0x9e2, 0x3bf0},
    {0x9e3, 0x3bf3},
    {0x9e4, 0x3c0f},
    {0x9e5, 0x3c26},
    {0x9e6, 0x3cc3},
    {0x9e7, 0x3cd2},
    {0x9e8, 0x3d11},
    {0x9e9, 0x3d1e},
    {0x9ea, 0x3d31},
    {0x9eb, 0x3d4e},
    {0x9ec, 0x3d64},
    {0x9ed, 0x3d9a},
    {0x9ee, 0x3dc0},
    {0x9ef, 0x3dcc},
    {0x9f0, 0x3dd4},
    {0x9f1, 0x3e05},
    {0x9f4, 0x3e60},
    {0x9f5, 0x3e66},
    {0x9f6, 0x3e68},
    {0x9f7, 0x3e83},
    {0x9f8, 0x3e8a},
    {0x9f9, 0x3e94},
    {0x9fa, 0x3eda},
    {0x9fb, 0x3f57},
    {0x9fc, 0x3f72},
    {0x9fd, 0x3f75},
    {0x9fe, 0x3f77},
    {0x9ff, 0x3fae},
    {0xa00, 0x3fb1},
    {0xa01, 0x3fc9},
    {0xa02, 0x3fd7},
    {0xa03, 0x3fdc},
    {0xa04, 0x4039},
    {0xa05, 0x4058},
    {0xa06, 0x4093},
    {0xa07, 0x4103},
    {0xa08, 0x4105},
    {0xa09, 0x4148},
    {0xa0a, 0x414f},
    {0xa0b, 0x4163},
    {0xa0c, 0x41b4},
    {0xa0d, 0x41bf},
    {0xa0e, 0x41e6},
    {0xa0f, 0x41ee},
    {0xa10, 0x41f3},
    {0xa11, 0x4207},
    {0xa12, 0x420e},
    {0xa13, 0x4264},
    {0xa14, 0x4293},
    {0xa15, 0x42c6},
    {0xa16, 0x42d6},
    {0xa17, 0x42dd},
    {0xa18, 0x4302},
    {0xa19, 0x432b},
    {0xa1a, 0x4343},
    {0xa1b, 0x43ee},
    {0xa1c, 0x43f0},
    {0xa1d, 0x4408},
    {0xa1e, 0x440c},
    {0xa1f, 0x4417},
    {0xa20, 0x441c},
    {0xa21, 0x4422},
    {0xa22, 0x4453},
    {0xa23, 0x445b},
    {0xa24, 0x4476},
    {0xa25, 0x447a},
    {0xa26, 0x4491},
    {0xa27, 0x44b3},
    {0xa28, 0x44be},
    {0xa29, 0x44d4},
    {0xa2a, 0x4508},
    {0xa2b, 0x450d},
    {0xa2c, 0x4525},
    {0xa2d, 0x4543},
    {0xa2e, 0x457a},
    {0xa2f, 0x459d},
    {0xa30, 0x45b8},
    {0xa31, 0x45be},
    {0xa32, 0x45e5},
    {0xa33, 0x45ea},
    {0xa36, 0x4641},
    {0xa37, 0x4665},
    {0xa38, 0x46a1},
    {0xa3b, 0x470c},
    {0xa3c, 0x471f},
    {0xa3d, 0x4764},
    {0xa3e, 0x47e6},
    {0xa3f, 0x47fd},
    {0xa40, 0x4816},
    {0xa41, 0x481e},
    {0xa42, 0x4844},
    {0xa43, 0x484e},
    {0xa44, 0x48b5},
    {0xa45, 0x49b0},
    {0xa46, 0x49e7},
    {0xa47, 0x49fa},
    {0xa48, 0x4a04},
    {0xa49, 0x4a29},
    {0xa4a, 0x4abc},
    {0xa4b, 0x4b38},
    {0xa4c, 0x4b3b},
    {0xa4d, 0x4b7e},
    {0xa4e, 0x4bc2},
    {0xa4f, 0x4bca},
    {0xa50, 0x4bd2},
    {0xa51, 0x4be8},
    {0xa52, 0x4c17},
    {0xa53, 0x4c20},
    {0xa54, 0x4c38},
    {0xa55, 0x4cc4},
    {0xa56, 0x4cd1},
    {0xa57, 0x4ce1},
    {0xa58, 0x4d07},
    {0xa59, 0x4d77},
    {0xa74, 0x4e21},
    {0xa77, 0x4e26},
    {0xa93, 0x4e4b},
    {0xa97, 0x4e51},
    {0xaa7, 0x4e71},
    {0xaab, 0x4e79},
    {0xaaf, 0x4e82},
    {0xacc, 0x4ea8},
    {0xad3, 0x4eb3},
    {0xad4, 0x4eb6},
    {0xaf8, 0x4ee8},
    {0xaf9, 0x4eeb},
    {0xb1f, 0x4f2b},
    {0xb30, 0x4f40},
    {0xb51, 0x4f6c},
    {0xb56, 0x4f73},
    {0xb80, 0x4fab},
    {0xb84, 0x4fb2},
    {0xb88, 0x4fb9},
    {0xbb8, 0x4ff8},
    {0xbb9, 0x4ffa},
    {0xbe9, 0x5030},
    {0xbee, 0x5039},
    {0xbef, 0x503b},
    {0xbfa, 0x504c},
    {0xc06, 0x505c},
    {0xc0e, 0x506a},
    {0xc19, 0x507d},
    {0xc20, 0x5088},
    {0xc21, 0x508a},
    {0xc37, 0x50aa},
    {0xc41, 0x50b7},
    {0xc47, 0x50c0},
    {0xc4c, 0x50c7},
    {0xc76, 0x50fe},
    {0xc84, 0x5110},
    {0xc85, 0x5112},
    {0xc92, 0x5121},
    {0xc93, 0x5123},
    {0xc96, 0x512a},
    {0xc99, 0x512f},
    {0xcbd, 0x515a},
    {0xcbe, 0x515c},
    {0xcc1, 0x5162},
    {0xccd, 0x5171},
    {0xcd7, 0x517e},
    {0xcd8, 0x5180},
    {0xcee, 0x519d},
    {0xd05, 0x51ba},
    {0xd15, 0x51cf},
    {0xd1c, 0x51d8},
    {0xd45, 0x520e},
    {0xd4e, 0x521d},
    {0xd4f, 0x5222},
    {0xd58, 0x522e},
    {0xd68, 0x5247},
    {0xd6e, 0x524f},
    {0xd82, 0x526c},
    {0xd8e, 0x527d},
    {0xde6, 0x52ec},
    {0xdf9, 0x5305},
    {0xe05, 0x5313},
    {0xe22, 0x5335},
    {0xe42, 0x535e},
    {0xe4a, 0x5369},
    {0xe63, 0x538e},
    {0xe66, 0x5396},
    {0xe6a, 0x539d},
    {0xe82, 0x53bd},
    {0xeb6, 0x53fa},
    {0xece, 0x5424},
    {0xed9, 0x5431},
    {0xef2, 0x5451},
    {0xef3, 0x5455},
    {0xef6, 0x5462},
    {0xef7, 0x5464},
    {0xf1f, 0x549c},
    {0xf48, 0x54d8},
    {0xf58, 0x54f6},
    {0xf59, 0x54fa},
    {0xf6e, 0x5527},
    {0xf8b, 0x5553},
    {0xf98, 0x5566},
    {0xfc1, 0x55b0},
    {0xfc2, 0x55b2},
    {0xfc3, 0x55b6},
    {0xfc4, 0x55bf},
    {0xfc5, 0x55c1},
    {0xfcb, 0x55c9},
    {0xfce, 0x55ce},
    {0xfde, 0x55e9},
    {0xfdf, 0x55ec},
    {0xfe0, 0x55ee},
    {0xfe1, 0x55f1},
    {0xff5, 0x5614},
    {0xffa, 0x561b},
    {0xffb, 0x5620},
    {0xffe, 0x562c},
    {0x1015, 0x5649},
    {0x101e, 0x565b},
    {0x101f, 0x565e},
    {0x1025, 0x5666},
    {0x102c, 0x566f},
    {0x1032, 0x5678},
    {0x1033, 0x567a},
    {0x1034, 0x5680},
    {0x103d, 0x568f},
    {0x1046, 0x56a2},
    {0x1056, 0x56bc},
    {0x1057, 0x56be},
    {0x105c, 0x56c5},
    {0x1067, 0x56d3},
    {0x1079, 0x56eb},
    {0x1084, 0x56fd},
    {0x1085, 0x56ff},
    {0x1092, 0x570f},
    {0x1098, 0x5718},
    {0x10b2, 0x573b},
    {0x10b7, 0x5742},
    {0x10bb, 0x574a},
    {0x10c3, 0x5759},
    {0x10c4, 0x575f},
    {0x10d7, 0x5777},
    {0x10e8, 0x5797},
    {0x10f8, 0x57ac},
    {0x10f9, 0x57ae},
    {0x10fa, 0x57b0},
    {0x10fb, 0x57b3},
    {0x10fc, 0x57b8},
    {0x10fd, 0x57bd},
    {0x10fe, 0x57c0},
    {0x10ff, 0x57c3},
    {0x1117, 0x57e9},
    {0x1118, 0x57ed},
    {0x1119, 0x57f0},
    {0x1126, 0x5800},
    {0x1132, 0x5815},
    {0x1133, 0x5819},
    {0x1134, 0x581b},
    {0x113a, 0x5824},
    {0x113d, 0x582a},
    {0x113e, 0x582d},
    {0x1147, 0x583d},
    {0x115e, 0x5864},
    {0x1162, 0x586b},
    {0x1163, 0x586d},
    {0x1164, 0x5870},
    {0x1165, 0x5872},
    {0x1166, 0x5875},
    {0x1169, 0x587c},
    {0x116e, 0x5883},
    {0x116f, 0x5885},
    {0x1185, 0x58a6},
    {0x118a, 0x58ae},
    {0x1193, 0x58be},
    {0x119b, 0x58ca},
    {0x11b3, 0x58e9},
    {0x11bd, 0x58f7},
    {0x11c3, 0x5902},
    {0x11d8, 0x591f},
    {0x120d, 0x5965},
    {0x122f, 0x5999},
    {0x1230, 0x599b},
    {0x1231, 0x599d},
    {0x1232, 0x599f},
    {0x123f, 0x59b7},
    {0x1244, 0x59be},
    {0x1245, 0x59c1},
    {0x1248, 0x59c6},
    {0x124d, 0x59cd},
    {0x1266, 0x59f4},
    {0x126a, 0x59fb},
    {0x126b, 0x59ff},
    {0x1270, 0x5a09},
    {0x1286, 0x5a2d},
    {0x128b, 0x5a3c},
    {0x1294, 0x5a4c},
    {0x1295, 0x5a50},
    {0x1296, 0x5a55},
    {0x1297, 0x5a5a},
    {0x1298, 0x5a5e},
    {0x129e, 0x5a6a},
    {0x12a1, 0x5a77},
    {0x12a6, 0x5a84},
    {0x12a7, 0x5a8b},
    {0x12a8, 0x5a90},
    {0x12ab, 0x5a96},
    {0x12b3, 0x5aa2},
    {0x12b4, 0x5aa7},
    {0x12b5, 0x5aac},
    {0x12b9, 0x5ab5},
    {0x12ba, 0x5ab8},
    {0x12c3, 0x5ac4},
    {0x12c4, 0x5ac6},
    {0x12cd, 0x5ada},
    {0x12ce, 0x5adc},
    {0x12d1, 0x5ae3},
    {0x12d6, 0x5aee},
    {0x12d7, 0x5af0},
    {0x12dc, 0x5afd},
    {0x12e5, 0x5b19},
    {0x12e6, 0x5b1b},
    {0x12e7, 0x5b1d},
    {0x12ea, 0x5b25},
    {0x12eb, 0x5b2a},
    {0x12ee, 0x5b30},
    {0x12ef, 0x5b32},
    {0x12f0, 0x5b34},
    {0x12f1, 0x5b36},
    {0x12f2, 0x5b38},
    {0x12f3, 0x5b3e},
    {0x12f6, 0x5b43},
    {0x12f7, 0x5b45},
    {0x130e, 0x5b6b},
    {0x1313, 0x5b73},
    {0x1316, 0x5b78},
    {0x1317, 0x5b7a},
    {0x1339, 0x5b9f},
    {0x1350, 0x5bbc},
    {0x135a, 0x5bc9},
    {0x137f, 0x5bf8},
    {0x1380, 0x5bfa},
    {0x13a1, 0x5c26},
    {0x13ba, 0x5c48},
    {0x13c2, 0x5c53},
    {0x13c3, 0x5c55},
    {0x13e3, 0x5c8a},
    {0x13e4, 0x5c8c},
    {0x13e9, 0x5c94},
    {0x13ea, 0x5c9d},
    {0x1403, 0x5cbe},
    {0x1404, 0x5cc5},
    {0x1405, 0x5cc7},
    {0x1406, 0x5cc9},
    {0x1407, 0x5ccb},
    {0x1408, 0x5cd0},
    {0x1409, 0x5cd2},
    {0x140a, 0x5cd7},
    {0x140b, 0x5cd9},
    {0x140c, 0x5cdd},
    {0x140f, 0x5ce6},
    {0x141e, 0x5cfd},
    {0x141f, 0x5d01},
    {0x1422, 0x5d0b},
    {0x1430, 0x5d1d},
    {0x1438, 0x5d29},
    {0x1439, 0x5d2b},
    {0x143a, 0x5d31},
    {0x143b, 0x5d34},
    {0x143c, 0x5d39},
    {0x143d, 0x5d3d},
    {0x143e, 0x5d3f},
    {0x1447, 0x5d4e},
    {0x144c, 0x5d55},
    {0x144d, 0x5d59},
    {0x144e, 0x5d5c},
    {0x1453, 0x5d64},
    {0x145a, 0x5d73},
    {0x145b, 0x5d76},
    {0x1469, 0x5d90},
    {0x146e, 0x5d97},
    {0x146f, 0x5d99},
    {0x1470, 0x5d9b},
    {0x1471, 0x5d9d},
    {0x1474, 0x5da2},
    {0x1475, 0x5da4},
    {0x1476, 0x5da7},
    {0x1479, 0x5dae},
    {0x147a, 0x5db0},
    {0x147b, 0x5db2},
    {0x147c, 0x5db4},
    {0x1483, 0x5dc3},
    {0x1484, 0x5dc7},
    {0x1485, 0x5dc9},
    {0x1492, 0x5ddb},
    {0x149f, 0x5deb},
    {0x14a0, 0x5dee},
    {0x14a9, 0x5dfb},
    {0x14ad, 0x5e00},
    {0x14be, 0x5e1d},
    {0x14c1, 0x5e25},
    {0x14c2, 0x5e28},
    {0x14c3, 0x5e2b},
    {0x14d0, 0x5e40},
    {0x14d4, 0x5e47},
    {0x14d5, 0x5e49},
    {0x14d8, 0x5e4e},
    {0x14e8, 0x5e68},
    {0x14ee, 0x5e70},
    {0x1501, 0x5e87},
    {0x150b, 0x5e9c},
    {0x150c, 0x5ea0},
    {0x150d, 0x5ea2},
    {0x1517, 0x5eb1},
    {0x1518, 0x5eb3},
    {0x1524, 0x5ec6},
    {0x153e, 0x5ee5},
    {0x158f, 0x5f4a},
    {0x15d6, 0x5fa4},
    {0x1602, 0x5fe4},
    {0x1611, 0x5ff8},
    {0x1616, 0x5fff},
    {0x1617, 0x6007},
    {0x1618, 0x600a},
    {0x1635, 0x602d},
    {0x1636, 0x602f},
    {0x1637, 0x6031},
    {0x1638, 0x6033},
    {0x1639, 0x6035},
    {0x163a, 0x603a},
    {0x1650, 0x605d},
    {0x1662, 0x6075},
    {0x1663, 0x6077},
    {0x1697, 0x60c2},
    {0x16a2, 0x60d1},
    {0x16b2, 0x60e5},
    {0x16b5, 0x60ee},
    {0x1700, 0x6153},
    {0x1701, 0x6155},
    {0x1726, 0x6187},
    {0x1743, 0x61b2},
    {0x1744, 0x61b6},
    {0x1748, 0x61bc},
    {0x1749, 0x61be},
    {0x1759, 0x61d5},
    {0x1768, 0x61ef},
    {0x1769, 0x61f2},
    {0x176f, 0x61fa},
    {0x179c, 0x6236},
    {0x179f, 0x623b},
    {0x17b7, 0x6258},
    {0x17bb, 0x625e},
    {0x17c0, 0x6268},
    {0x17c4, 0x6271},
    {0x17c5, 0x6273},
    {0x17c6, 0x6276},
    {0x17e4, 0x629e},
    {0x17e5, 0x62a6},
    {0x17e6, 0x62a8},
    {0x17e9, 0x62b1},
    {0x17ea, 0x62b3},
    {0x17f5, 0x62c2},
    {0x1811, 0x62ea},
    {0x182e, 0x6313},
    {0x182f, 0x6316},
    {0x1832, 0x631b},
    {0x1833, 0x631f},
    {0x1839, 0x632d},
    {0x183a, 0x632f},
    {0x183b, 0x6332},
    {0x1849, 0x6346},
    {0x1878, 0x638c},
    {0x187c, 0x6392},
    {0x1896, 0x63b2},
    {0x1899, 0x63bb},
    {0x18b2, 0x63e3},
    {0x18b3, 0x63e5},
    {0x18c3, 0x6406},
    {0x18c6, 0x640d},
    {0x18cf, 0x641c},
    {0x18d0, 0x641e},
    {0x18d1, 0x6420},
    {0x18d2, 0x6422},
    {0x18e0, 0x643a},
    {0x18e4, 0x6442},
    {0x18e5, 0x644b},
    {0x18ec, 0x6458},
    {0x18f4, 0x6463},
    {0x18f5, 0x6467},
    {0x18f6, 0x6469},
    {0x18f7, 0x646d},
    {0x18f8, 0x646f},
    {0x18fb, 0x6476},
    {0x1900, 0x647d},
    {0x1901, 0x6483},
    {0x1902, 0x6485},
    {0x190a, 0x6495},
    {0x1912, 0x64a1},
    {0x191d, 0x64b0},
    {0x1920, 0x64b9},
    {0x192a, 0x64c7},
    {0x1938, 0x64da},
    {0x1959, 0x650f},
    {0x195c, 0x6516},
    {0x1967, 0x6526},
    {0x1998, 0x6570},
    {0x1999, 0x6572},
    {0x199e, 0x657a},
    {0x199f, 0x657d},
    {0x19a9, 0x658c},
    {0x19aa, 0x658e},
    {0x19ae, 0x6595},
    {0x19db, 0x65d2},
    {0x19dc, 0x65d4},
    {0x19e1, 0x65db},
    {0x19f9, 0x6600},
    {0x1a7a, 0x66a2},
    {0x1a7b, 0x66a4},
    {0x1a7c, 0x66a6},
    {0x1a7d, 0x66ab},
    {0x1a94, 0x66cc},
    {0x1a97, 0x66d4},
    {0x1a98, 0x66d6},
    {0x1aa0, 0x66e6},
    {0x1aa5, 0x66ee},
    {0x1aa6, 0x66f0},
    {0x1ab6, 0x6703},
    {0x1ab7, 0x6705},
    {0x1abb, 0x670b},
    {0x2a5a, 0x670c},
    {0x2a6d, 0x6710},
    {0x1ac5, 0x6719},
    {0x1acc, 0x6722},
    {0x1ad6, 0x6731},
    {0x1add, 0x673a},
    {0x1ae1, 0x6741},
    {0x1ae2, 0x6743},
    {0x1af2, 0x6759},
    {0x1afe, 0x676a},
    {0x1b13, 0x6787},
    {0x1b14, 0x6789},
    {0x1b29, 0x67a4},
    {0x1b2a, 0x67a6},
    {0x1b2b, 0x67a9},
    {0x1b56, 0x67e4},
    {0x1b59, 0x67e9},
    {0x1b5a, 0x67ec},
    {0x1b70, 0x6810},
    {0x1ba9, 0x685f},
    {0x1baa, 0x6863},
    {0x1bab, 0x6867},
    {0x1bac, 0x686b},
    {0x1bc2, 0x6888},
    {0x1c3a, 0x6928},
    {0x1c3b, 0x692a},
    {0x1c44, 0x693b},
    {0x1c45, 0x693d},
    {0x1c46, 0x693f},
    {0x1c47, 0x6942},
    {0x1c4c, 0x694e},
    {0x1c50, 0x6957},
    {0x1c78, 0x6986},
    {0x1c79, 0x698a},
    {0x1c81, 0x6998},
    {0x1c8a, 0x69ab},
    {0x1c91, 0x69b4},
    {0x1c9b, 0x69c3},
    {0x1c9c, 0x69c5},
    {0x1ca7, 0x69d3},
    {0x1cb0, 0x69e5},
    {0x1cbf, 0x69f9},
    {0x1cc0, 0x69fb},
    {0x1cc8, 0x6a05},
    {0x1ccc, 0x6a0f},
    {0x1cd2, 0x6a17},
    {0x1ce2, 0x6a2e},
    {0x1ce3, 0x6a30},
    {0x1cf9, 0x6a4e},
    {0x1d02, 0x6a5b},
    {0x1d03, 0x6a5f},
    {0x1d06, 0x6a64},
    {0x1d0e, 0x6a78},
    {0x1d0f, 0x6a7a},
    {0x1d18, 0x6a89},
    {0x1d19, 0x6a8b},
    {0x1d1e, 0x6a94},
    {0x1d1f, 0x6a97},
    {0x1d29, 0x6aa5},
    {0x1d33, 0x6ab8},
    {0x1d34, 0x6abb},
    {0x1d3b, 0x6ac6},
    {0x1d3e, 0x6acc},
    {0x1d4b, 0x6ae2},
    {0x1d4c, 0x6ae4},
    {0x1d4f, 0x6aea},
    {0x1d50, 0x6aec},
    {0x1d55, 0x6af8},
    {0x1d69, 0x6b1b},
    {0x1d75, 0x6b2f},
    {0x1d76, 0x6b32},
    {0x1d81, 0x6b43},
    {0x1d89, 0x6b50},
    {0x1d8d, 0x6b56},
    {0x1d90, 0x6b5b},
    {0x1d91, 0x6b5d},
    {0x1db8, 0x6b8d},
    {0x1dbd, 0x6b9b},
    {0x1df0, 0x6bdf},
    {0x1df1, 0x6be1},
    {0x1df2, 0x6be3},
    {0x1df9, 0x6bf1},
    {0x1dfa, 0x6bf3},
    {0x1dfb, 0x6bf7},
    {0x1dfc, 0x6bf9},
    {0x1dfd, 0x6bff},
    {0x1dfe, 0x6c02},
    {0x1e0c, 0x6c17},
    {0x1e0d, 0x6c19},
    {0x1e0e, 0x6c1b},
    {0x1e0f, 0x6c1f},
    {0x1e15, 0x6c2c},
    {0x1e16, 0x6c2e},
    {0x1e2a, 0x6c52},
    {0x1e2d, 0x6c57},
    {0x1e36, 0x6c62},
    {0x1e3b, 0x6c6d},
    {0x1e41, 0x6c76},
    {0x1e53, 0x6c90},
    {0x1e5f, 0x6c9f},
    {0x1e8f, 0x6ce5},
    {0x1e9e, 0x6cfb},
    {0x1ea1, 0x6d04},
    {0x1ea2, 0x6d07},
    {0x1eab, 0x6d17},
    {0x1ec8, 0x6d41},
    {0x1edc, 0x6d6c},
    {0x1ee0, 0x6d74},
    {0x1ee4, 0x6d7c},
    {0x1ee8, 0x6d85},
    {0x1f00, 0x6db2},
    {0x1f0a, 0x6dc2},
    {0x1f3b, 0x6e00},
    {0x1f43, 0x6e13},
    {0x1f44, 0x6e15},
    {0x1f45, 0x6e17},
    {0x1f54, 0x6e29},
    {0x1f5a, 0x6e32},
    {0x1f5b, 0x6e34},
    {0x1f5c, 0x6e36},
    {0x1f62, 0x6e3e},
    {0x1f7f, 0x6e6b},
    {0x1f84, 0x6e76},
    {0x1f85, 0x6e7b},
    {0x1f8a, 0x6e82},
    {0x1f8b, 0x6e89},
    {0x1f90, 0x6e93},
    {0x1f91, 0x6e96},
    {0x1f98, 0x6ea2},
    {0x1f99, 0x6ea5},
    {0x1f9a, 0x6ea7},
    {0x1fba, 0x6ed1},
    {0x1fc3, 0x6ee6},
    {0x1fc9, 0x6ef2},
    {0x1fca, 0x6ef4},
    {0x1fce, 0x6efb},
    {0x1fd4, 0x6f04},
    {0x1fd5, 0x6f06},
    {0x1fe2, 0x6f18},
    {0x1fe5, 0x6f20},
    {0x1ff6, 0x6f38},
    {0x1ffb, 0x6f41},
    {0x1ffc, 0x6f45},
    {0x1ffd, 0x6f4f},
    {0x200e, 0x6f64},
    {0x200f, 0x6f66},
    {0x2010, 0x6f68},
    {0x2016, 0x6f74},
    {0x2017, 0x6f78},
    {0x2018, 0x6f7a},
    {0x2030, 0x6f9a},
    {0x2031, 0x6f9d},
    {0x203b, 0x6faa},
    {0x2040, 0x6fb3},
    {0x2044, 0x6fb9},
    {0x2045, 0x6fbc},
    {0x2046, 0x6fbe},
    {0x2053, 0x6fd8},
    {0x205a, 0x6fe4},
    {0x2063, 0x6ff3},
    {0x2073, 0x700d},
    {0x2074, 0x700f},
    {0x2075, 0x7011},
    {0x2076, 0x7015},
    {0x207f, 0x7023},
    {0x2083, 0x702c},
    {0x2086, 0x7032},
    {0x2087, 0x7034},
    {0x2088, 0x7037},
    {0x208b, 0x703c},
    {0x208c, 0x703e},
    {0x2095, 0x704e},
    {0x2096, 0x7051},
    {0x2099, 0x7058},
    {0x209f, 0x7069},
    {0x20a7, 0x7078},
    {0x20ab, 0x7081},
    {0x20b0, 0x708e},
    {0x20b1, 0x7092},
    {0x20b8, 0x709b},
    {0x20b9, 0x709f},
    {0x20ba, 0x70a4},
    {0x20c9, 0x70c8},
    {0x20cc, 0x70cf},
    {0x20cd, 0x70d1},
    {0x20d6, 0x70df},
    {0x20d7, 0x70e4},
    {0x20d8, 0x70ec},
    {0x20d9, 0x70f1},
    {0x20dc, 0x70fd},
    {0x20e6, 0x710f},
    {0x20e7, 0x7114},
    {0x20ea, 0x711c},
    {0x20eb, 0x711e},
    {0x20ee, 0x7126},
    {0x20ef, 0x712b},
    {0x20f5, 0x7136},
    {0x20f6, 0x7138},
    {0x20f7, 0x713c},
    {0x20f8, 0x7141},
    {0x2100, 0x714e},
    {0x210a, 0x715c},
    {0x210b, 0x715e},
    {0x210c, 0x7160},
    {0x210d, 0x7162},
    {0x2114, 0x716c},
    {0x2115, 0x716e},
    {0x2116, 0x7179},
    {0x2117, 0x717d},
    {0x2118, 0x7180},
    {0x211d, 0x718a},
    {0x211e, 0x718c},
    {0x211f, 0x718f},
    {0x2120, 0x7192},
    {0x2129, 0x71a2},
    {0x212a, 0x71a8},
    {0x212b, 0x71ac},
    {0x213e, 0x71ce},
    {0x213f, 0x71d0},
    {0x2148, 0x71dc},
    {0x2159, 0x7200},
    {0x215e, 0x720d},
    {0x215f, 0x7210},
    {0x2160, 0x7213},
    {0x2161, 0x7215},
    {0x2162, 0x7217},
    {0x2165, 0x721d},
    {0x2166, 0x721f},
    {0x2167, 0x7224},
    {0x2168, 0x7228},
    {0x216f, 0x7232},
    {0x219c, 0x726b},
    {0x21a1, 0x7274},
    {0x21ad, 0x7284},
    {0x21ae, 0x7287},
    {0x21af, 0x7289},
    {0x21b4, 0x7296},
    {0x21b5, 0x729b},
    {0x21b6, 0x72a0},
    {0x21b7, 0x72a2},
    {0x21c1, 0x72b4},
    {0x21c2, 0x72b6},
    {0x21c3, 0x72b9},
    {0x21c4, 0x72be},
    {0x21cc, 0x72c9},
    {0x21cd, 0x72cc},
    {0x21ce, 0x72ce},
    {0x21cf, 0x72d0},
    {0x21d0, 0x72d2},
    {0x21d6, 0x72db},
    {0x21db, 0x72e5},
    {0x21dc, 0x72e9},
    {0x21e9, 0x7302},
    {0x21ec, 0x7307},
    {0x21ef, 0x730d},
    {0x21fb, 0x7322},
    {0x221a, 0x7352},
    {0x2222, 0x7363},
    {0x222f, 0x7375},
    {0x2240, 0x738e},
    {0x2241, 0x7390},
    {0x2248, 0x739c},
    {0x224c, 0x73a2},
    {0x2253, 0x73ad},
    {0x2256, 0x73b5},
    {0x2257, 0x73b7},
    {0x225f, 0x73c2},
    {0x226d, 0x73d6},
    {0x226e, 0x73d9},
    {0x227c, 0x73f1},
    {0x2290, 0x7411},
    {0x2291, 0x7413},
    {0x22b1, 0x744b},
    {0x22b2, 0x744d},
    {0x22b6, 0x7455},
    {0x22b7, 0x7457},
    {0x22d0, 0x7476},
    {0x22d1, 0x747e},
    {0x22d4, 0x7483},
    {0x22da, 0x748b},
    {0x22e3, 0x749c},
    {0x22f6, 0x74b5},
    {0x22fa, 0x74bd},
    {0x22fb, 0x74bf},
    {0x22ff, 0x74cc},
    {0x2304, 0x74d6},
    {0x2305, 0x74d8},
    {0x231a, 0x74f4},
    {0x2321, 0x74ff},
    {0x2322, 0x7501},
    {0x2331, 0x751a},
    {0x2332, 0x751c},
    {0x2361, 0x7554},
    {0x2362, 0x7557},
    {0x23a0, 0x75ab},
    {0x23b7, 0x75ca},
    {0x23cd, 0x75e7},
    {0x23ce, 0x75e9},
    {0x23cf, 0x75ec},
    {0x23d9, 0x75fc},
    {0x23e8, 0x760f},
    {0x23fe, 0x762d},
    {0x23ff, 0x7630},
    {0x2416, 0x764e},
    {0x2417, 0x7652},
    {0x241c, 0x765c},
    {0x241d, 0x765f},
    {0x242d, 0x7674},
    {0x242e, 0x7676},
    {0x242f, 0x7678},
    {0x2442, 0x7690},
    {0x2443, 0x7693},
    {0x2456, 0x76aa},
    {0x245b, 0x76b4},
    {0x2461, 0x76bd},
    {0x2462, 0x76bf},
    {0x246f, 0x76d2},
    {0x2470, 0x76d4},
    {0x2473, 0x76d9},
    {0x2483, 0x76ee},
    {0x2487, 0x76f4},
    {0x2488, 0x76f6},
    {0x248d, 0x76fe},
    {0x2490, 0x7704},
    {0x2498, 0x770e},
    {0x2499, 0x7712},
    {0x249c, 0x7717},
    {0x24a4, 0x7722},
    {0x24b7, 0x7740},
    {0x24b8, 0x7742},
    {0x24bc, 0x774a},
    {0x24c0, 0x7752},
    {0x24d5, 0x7770},
    {0x24e0, 0x7784},
    {0x24e5, 0x7791},
    {0x24e9, 0x779a},
    {0x24ed, 0x77a2},
    {0x24f0, 0x77a7},
    {0x24f9, 0x77b3},
    {0x24fd, 0x77b9},
    {0x2503, 0x77c3},
    {0x2504, 0x77c7},
    {0x2505, 0x77c9},
    {0x2506, 0x77cd},
    {0x2509, 0x77d5},
    {0x250a, 0x77d7},
    {0x2522, 0x77f8},
    {0x2525, 0x7802},
    {0x2528, 0x7809},
    {0x2530, 0x7819},
    {0x2531, 0x781d},
    {0x253c, 0x7830},
    {0x253d, 0x7832},
    {0x2540, 0x7837},
    {0x2541, 0x783a},
    {0x2542, 0x783f},
    {0x2548, 0x784c},
    {0x2554, 0x7868},
    {0x255a, 0x7872},
    {0x255b, 0x7874},
    {0x255c, 0x787a},
    {0x255d, 0x787c},
    {0x255e, 0x787e},
    {0x255f, 0x7881},
    {0x2562, 0x788a},
    {0x2567, 0x7891},
    {0x256d, 0x789a},
    {0x2571, 0x78a1},
    {0x257f, 0x78b5},
    {0x2586, 0x78c1},
    {0x258f, 0x78ce},
    {0x259c, 0x78e4},
    {0x25a0, 0x78ea},
    {0x25a1, 0x78ec},
    {0x25a2, 0x78ef},
    {0x25b2, 0x790c},
    {0x25b3, 0x790e},
    {0x25ed, 0x7962},
    {0x25ee, 0x7965},
    {0x25f2, 0x796b},
    {0x25f3, 0x796d},
    {0x25f4, 0x7972},
    {0x25f5, 0x7977},
    {0x2606, 0x7991},
    {0x260b, 0x7998},
    {0x260f, 0x79a1},
    {0x2626, 0x79c4},
    {0x262e, 0x79cf},
    {0x2634, 0x79d8},
    {0x2635, 0x79da},
    {0x2648, 0x79f8},
    {0x264b, 0x7a00},
    {0x264e, 0x7a05},
    {0x2657, 0x7a11},
    {0x2664, 0x7a27},
    {0x2665, 0x7a2b},
    {0x2688, 0x7a59},
    {0x2690, 0x7a65},
    {0x2691, 0x7a67},
    {0x2695, 0x7a6d},
    {0x2696, 0x7a70},
    {0x26a7, 0x7a88},
    {0x26b6, 0x7aa3},
    {0x26b9, 0x7aac},
    {0x26bd, 0x7ab3},
    {0x26d7, 0x7ad5},
    {0x26ee, 0x7af4},
    {0x26ef, 0x7af6},
    {0x26f7, 0x7b02},
    {0x26f8, 0x7b04},
    {0x26fe, 0x7b0f},
    {0x2701, 0x7b14},
    {0x2704, 0x7b1b},
    {0x2708, 0x7b23},
    {0x271a, 0x7b39},
    {0x271b, 0x7b3b},
    {0x271c, 0x7b3d},
    {0x2731, 0x7b5d},
    {0x2732, 0x7b60},
    {0x2743, 0x7b77},
    {0x2746, 0x7b7f},
    {0x2747, 0x7b84},
    {0x274a, 0x7b89},
    {0x274b, 0x7b8b},
    {0x2760, 0x7ba5},
    {0x2761, 0x7baa},
    {0x276b, 0x7bb8},
    {0x277c, 0x7bcf},
    {0x277d, 0x7bd4},
    {0x2783, 0x7bdd},
    {0x2784, 0x7be0},
    {0x278b, 0x7bed},
    {0x278c, 0x7bf0},
    {0x2796, 0x7bfc},
    {0x2797, 0x7bfe},
    {0x279f, 0x7c09},
    {0x27a9, 0x7c17},
    {0x27aa, 0x7c19},
    {0x27ab, 0x7c1b},
    {0x27b0, 0x7c23},
    {0x27b8, 0x7c2f},
    {0x27b9, 0x7c31},
    {0x27c9, 0x7c4a},
    {0x27e2, 0x7c67},
    {0x27e3, 0x7c69},
    {0x27eb, 0x7c75},
    {0x27ec, 0x7c79},
    {0x27f6, 0x7c89},
    {0x27f7, 0x7c8b},
    {0x27f8, 0x7c8d},
    {0x27fb, 0x7c92},
    {0x2800, 0x7c9b},
    {0x280b, 0x7cab},
    {0x281c, 0x7cc2},
    {0x2834, 0x7ce2},
    {0x2837, 0x7ce9},
    {0x2838, 0x7ceb},
    {0x2839, 0x7cef},
    {0x283a, 0x7cf2},
    {0x2842, 0x7cfe},
    {0x2843, 0x7d00},
    {0x284e, 0x7d0d},
    {0x2863, 0x7d26},
    {0x286e, 0x7d35},
    {0x2885, 0x7d53},
    {0x2896, 0x7d6a},
    {0x2897, 0x7d6e},
    {0x28a2, 0x7d7d},
    {0x28a3, 0x7d7f},
    {0x28ae, 0x7d8f},
    {0x28af, 0x7d91},
    {0x28b0, 0x7d93},
    {0x28fa, 0x7def},
    {0x290e, 0x7e15},
    {0x290f, 0x7e17},
    {0x292d, 0x7e41},
    {0x2938, 0x7e50},
    {0x2939, 0x7e52},
    {0x294f, 0x7e73},
    {0x2950, 0x7e75},
    {0x296b, 0x7e98},
    {0x2972, 0x7f36},
    {0x2973, 0x7f38},
    {0x297d, 0x7f47},
    {0x2988, 0x7f58},
    {0x299d, 0x7f75},
    {0x29b3, 0x7f94},
    {0x29b6, 0x7f9a},
    {0x29be, 0x7fa6},
    {0x29c5, 0x7fb2},
    {0x29c6, 0x7fb4},
    {0x29c7, 0x7fb6},
    {0x29cf, 0x7fc3},
    {0x29d2, 0x7fc8},
    {0x29d3, 0x7fca},
    {0x29d4, 0x7fcc},
    {0x29d7, 0x7fd2},
    {0x29da, 0x7fdb},
    {0x29de, 0x7fe3},
    {0x2a10, 0x8024},
    {0x2a11, 0x8026},
    {0x2a12, 0x8028},
    {0x2a13, 0x802c},
    {0x2a14, 0x802e},
    {0x2a15, 0x8030},
    {0x2a25, 0x8046},
    {0x2a26, 0x804a},
    {0x2a27, 0x8052},
    {0x2a28, 0x8056},
    {0x2a29, 0x8058},
    {0x2a2a, 0x805a},
    {0x2a30, 0x8064},
    {0x2a31, 0x8066},
    {0x2a32, 0x8068},
    {0x2a33, 0x806d},
    {0x2a3d, 0x8079},
    {0x2a3e, 0x807b},
    {0x2a4c, 0x808e},
    {0x2a4d, 0x8093},
    {0x2a4e, 0x8096},
    {0x2a61, 0x80af},
    {0x2a64, 0x80b4},
    {0x2a6c, 0x80c8},
    {0x2a6d, 0x80ca},
    {0x2a72, 0x80d2},
    {0x1ac0, 0x8101},
    {0x2a9d, 0x810d},
    {0x2aa4, 0x811e},
    {0x2aa5, 0x8120},
    {0x2aa8, 0x8127},
    {0x2aa9, 0x8129},
    {0x2aaf, 0x8133},
    {0x2ab0, 0x8135},
    {0x2ab6, 0x8141},
    {0x2abd, 0x814e},
    {0x2ac4, 0x8157},
    {0x2acd, 0x816b},
    {0x2ae1, 0x8188},
    {0x2ae7, 0x8193},
    {0x2aea, 0x8198},
    {0x2af0, 0x81a0},
    {0x2af6, 0x81ae},
    {0x2af7, 0x81b0},
    {0x2afc, 0x81b8},
    {0x2b0f, 0x81d1},
    {0x2b10, 0x81d3},
    {0x2b5a, 0x822e},
    {0x2b64, 0x823c},
    {0x2b65, 0x8240},
    {0x2b6b, 0x8249},
    {0x2b6c, 0x824b},
    {0x2b6f, 0x8251},
    {0x2b86, 0x8274},
    {0x2b8b, 0x827b},
    {0x2b93, 0x8287},
    {0x2b9d, 0x8296},
    {0x2ba2, 0x829d},
    {0x2bc9, 0x82d7},
    {0x2bdb, 0x82ed},
    {0x2bdc, 0x82ef},
    {0x2bdd, 0x82f1},
    {0x2bf4, 0x830e},
    {0x2c00, 0x8328},
    {0x2c13, 0x8340},
    {0x2c28, 0x835a},
    {0x2c2b, 0x8370},
    {0x2c2c, 0x8373},
    {0x2c2d, 0x8375},
    {0x2c35, 0x8382},
    {0x2c4c, 0x83a2},
    {0x2c55, 0x83b1},
    {0x2c56, 0x83b5},
    {0x2c5c, 0x83c5},
    {0x2c5d, 0x83c7},
    {0x2c60, 0x83cc},
    {0x2c67, 0x83d6},
    {0x2c68, 0x83d8},
    {0x2c6e, 0x83e5},
    {0x2c77, 0x83f4},
    {0x2c7f, 0x8401},
    {0x2c8a, 0x8411},
    {0x2c8b, 0x8413},
    {0x2c8c, 0x8415},
    {0x2c8d, 0x8417},
    {0x2c8e, 0x8419},
    {0x2c8f, 0x8420},
    {0x2c90, 0x8422},
    {0x2c93, 0x842c},
    {0x2c94, 0x842f},
    {0x2c95, 0x8431},
    {0x2c96, 0x8435},
    {0x2ccd, 0x848b},
    {0x2cce, 0x8490},
    {0x2cd3, 0x8497},
    {0x2cd4, 0x8499},
    {0x2cd5, 0x849c},
    {0x2cd8, 0x84a1},
    {0x2cd9, 0x84a6},
    {0x2cdd, 0x84ad},
    {0x2cde, 0x84af},
    {0x2ce1, 0x84b4},
    {0x2ced, 0x84c4},
    {0x2cfa, 0x84d3},
    {0x2cfb, 0x84d6},
    {0x2cfe, 0x84dc},
    {0x2cff, 0x84e7},
    {0x2d00, 0x84ea},
    {0x2d01, 0x84ec},
    {0x2d07, 0x84f4},
    {0x2d08, 0x84f7},
    {0x2d0d, 0x84ff},
    {0x2d0e, 0x8500},
    {0x2d13, 0x850c},
    {0x2d14, 0x850e},
    {0x2d2c, 0x852f},
    {0x2d37, 0x8543},
    {0x2d38, 0x8546},
    {0x2d56, 0x856d},
    {0x2d57, 0x856f},
    {0x2d58, 0x8577},
    {0x2d77, 0x85a2},
    {0x2d85, 0x85b4},
    {0x2d91, 0x85c7},
    {0x2d99, 0x85d5},
    {0x2da8, 0x85ed},
    {0x2db3, 0x8600},
    {0x2db4, 0x8602},
    {0x2dc7, 0x861e},
    {0x2dca, 0x8624},
    {0x2dcb, 0x8627},
    {0x2dcc, 0x8629},
    {0x2dcd, 0x862d},
    {0x2dd0, 0x8636},
    {0x2dda, 0x8646},
    {0x2dde, 0x8650},
    {0x2df2, 0x8667},
    {0x2df3, 0x8669},
    {0x2df6, 0x866f},
    {0x2df7, 0x8671},
    {0x2dfe, 0x867d},
    {0x2e06, 0x8691},
    {0x2e07, 0x8693},
    {0x2e0a, 0x8698},
    {0x2e0b, 0x869a},
    {0x2e0e, 0x86a1},
    {0x2e17, 0x86ad},
    {0x2e2a, 0x86c9},
    {0x2e2b, 0x86cb},
    {0x2e32, 0x86d7},
    {0x2e3f, 0x86e9},
    {0x2e4b, 0x8700},
    {0x2e61, 0x871c},
    {0x2e67, 0x8725},
    {0x2e6e, 0x8734},
    {0x2e6f, 0x8737},
    {0x2e78, 0x8743},
    {0x2e79, 0x8745},
    {0x2e7a, 0x8749},
    {0x2e7f, 0x8751},
    {0x2e80, 0x8753},
    {0x2e81, 0x8755},
    {0x2e85, 0x875d},
    {0x2e8d, 0x8768},
    {0x2e8e, 0x876a},
    {0x2e93, 0x8774},
    {0x2e94, 0x8776},
    {0x2e95, 0x8778},
    {0x2e98, 0x877f},
    {0x2ea5, 0x8790},
    {0x2ea6, 0x8793},
    {0x2ea7, 0x8795},
    {0x2eb0, 0x87a7},
    {0x2eb6, 0x87b1},
    {0x2eb7, 0x87b3},
    {0x2eb8, 0x87b5},
    {0x2ec0, 0x87c4},
    {0x2ec7, 0x87ce},
    {0x2ec8, 0x87d0},
    {0x2ec9, 0x87d2},
    {0x2ece, 0x87dc},
    {0x2eda, 0x87ef},
    {0x2ee7, 0x8801},
    {0x2ee8, 0x8803},
    {0x2f33, 0x886b},
    {0x2f39, 0x8875},
    {0x2f3a, 0x8877},
    {0x2f3b, 0x8879},
    {0x2f3c, 0x887b},
    {0x2f43, 0x8888},
    {0x2f44, 0x888b},
    {0x2f45, 0x888d},
    {0x2f46, 0x8892},
    {0x2f51, 0x88a2},
    {0x2f52, 0x88a4},
    {0x2f53, 0x88a8},
    {0x2f56, 0x88ae},
    {0x2f5b, 0x88b7},
    {0x2f5c, 0x88ba},
    {0x2f8d, 0x8904},
    {0x2f90, 0x890a},
    {0x2fa0, 0x8920},
    {0x2fb1, 0x893e},
    {0x2fb9, 0x8949},
    {0x2fbc, 0x894f},
    {0x2fbd, 0x8952},
    {0x2fca, 0x8966},
    {0x2fd5, 0x8977},
    {0x2fde, 0x8983},
    {0x2fe5, 0x898d},
    {0x2ff9, 0x89ac},
    {0x3002, 0x89ba},
    {0x3008, 0x89d2},
    {0x300f, 0x89da},
    {0x3012, 0x89e3},
    {0x3016, 0x89e9},
    {0x3017, 0x89eb},
    {0x3018, 0x89ed},
    {0x3019, 0x89f1},
    {0x301c, 0x89f6},
    {0x301f, 0x89fd},
    {0x3020, 0x89ff},
    {0x3029, 0x8a0a},
    {0x302a, 0x8a0c},
    {0x3036, 0x8a1b},
    {0x3045, 0x8a2f},
    {0x3046, 0x8a31},
    {0x3053, 0x8a43},
    {0x306f, 0x8a69},
    {0x3088, 0x8a89},
    {0x30ac, 0x8ab9},
    {0x30ce, 0x8ae4},
    {0x30dd, 0x8afa},
    {0x30de, 0x8afc},
    {0x30f0, 0x8b14},
    {0x30fc, 0x8b26},
    {0x30fd, 0x8b28},
    {0x3101, 0x8b30},
    {0x3102, 0x8b33},
    {0x3103, 0x8b37},
    {0x3104, 0x8b39},
    {0x3105, 0x8b3c},
    {0x3106, 0x8b3e},
    {0x3117, 0x8b56},
    {0x311f, 0x8b63},
    {0x3120, 0x8b66},
    {0x3121, 0x8b69},
    {0x3129, 0x8b74},
    {0x3151, 0x8c41},
    {0x3166, 0x8c5d},
    {0x316b, 0x8c66},
    {0x3172, 0x8c73},
    {0x317a, 0x8c7e},
    {0x317b, 0x8c82},
    {0x3185, 0x8c90},
    {0x3193, 0x8ca4},
    {0x31c9, 0x8ce6},
    {0x31ca, 0x8ce8},
    {0x31cb, 0x8cea},
    {0x31dc, 0x8d01},
    {0x31f6, 0x8d69},
    {0x3201, 0x8d7f},
    {0x3206, 0x8d88},
    {0x3207, 0x8d8a},
    {0x3208, 0x8d8d},
    {0x320b, 0x8d95},
    {0x320c, 0x8d99},
    {0x3210, 0x8da3},
    {0x3211, 0x8da6},
    {0x3212, 0x8da8},
    {0x3215, 0x8daf},
    {0x3218, 0x8db5},
    {0x3219, 0x8db7},
    {0x321e, 0x8dbe},
    {0x321f, 0x8dc0},
    {0x3220, 0x8dc2},
    {0x322a, 0x8dd1},
    {0x3232, 0x8ddd},
    {0x3233, 0x8ddf},
    {0x3234, 0x8de1},
    {0x3246, 0x8dff},
    {0x3247, 0x8e01},
    {0x3253, 0x8e14},
    {0x3254, 0x8e16},
    {0x325e, 0x8e2a},
    {0x3268, 0x8e3d},
    {0x326c, 0x8e44},
    {0x3279, 0x8e59},
    {0x3284, 0x8e69},
    {0x3298, 0x8e87},
    {0x329c, 0x8e8d},
    {0x32ab, 0x8ea7},
    {0x32b5, 0x8eb3},
    {0x32ba, 0x8ebe},
    {0x32c7, 0x8ecf},
    {0x32ca, 0x8ed4},
    {0x32cd, 0x8edf},
    {0x32d0, 0x8ee8},
    {0x32d1, 0x8eeb},
    {0x32de, 0x8f00},
    {0x32e1, 0x8f05},
    {0x32e6, 0x8f0c},
    {0x32f8, 0x8f23},
    {0x3353, 0x8fc8},
    {0x335e, 0x8fda},
    {0x335f, 0x8fe0},
    {0x337f, 0x9008},
    {0x33a8, 0x903c},
    {0x33b0, 0x9047},
    {0x33d3, 0x9072},
    {0x33ee, 0x9095},
    {0x33f2, 0x909b},
    {0x33f9, 0x90a8},
    {0x33fa, 0x90aa},
    {0x3403, 0x90b8},
    {0x3406, 0x90c1},
    {0x340e, 0x90cc},
    {0x340f, 0x90ce},
    {0x3410, 0x90d2},
    {0x3411, 0x90d5},
    {0x341e, 0x90e8},
    {0x341f, 0x90eb},
    {0x3420, 0x90ed},
    {0x3423, 0x90f2},
    {0x342b, 0x9100},
    {0x342c, 0x9102},
    {0x3430, 0x9108},
    {0x3431, 0x910d},
    {0x3432, 0x9110},
    {0x3433, 0x9112},
    {0x343b, 0x911c},
    {0x343c, 0x911e},
    {0x343d, 0x9120},
    {0x3440, 0x9125},
    {0x3441, 0x9127},
    {0x3442, 0x9129},
    {0x3449, 0x9134},
    {0x3450, 0x9143},
    {0x3469, 0x9167},
    {0x348a, 0x919c},
    {0x348b, 0x919e},
    {0x348e, 0x91a4},
    {0x348f, 0x91a6},
    {0x3490, 0x91a8},
    {0x349e, 0x91b8},
    {0x34c1, 0x91e1},
    {0x34d2, 0x91f9},
    {0x34d6, 0x91ff},
    {0x34f4, 0x922c},
    {0x3500, 0x923c},
    {0x3534, 0x9283},
    {0x3535, 0x9285},
    {0x354c, 0x92ab},
    {0x354d, 0x92ad},
    {0x354e, 0x92af},
    {0x356a, 0x92d5},
    {0x357d, 0x92f0},
    {0x3586, 0x92ff},
    {0x3587, 0x9300},
    {0x3588, 0x9302},
    {0x3589, 0x9304},
    {0x358a, 0x9306},
    {0x358b, 0x9308},
    {0x358c, 0x930d},
    {0x35b0, 0x9344},
    {0x35b6, 0x934d},
    {0x35c2, 0x935e},
    {0x35c3, 0x9360},
    {0x35c6, 0x9367},
    {0x35d4, 0x937a},
    {0x35dc, 0x9388},
    {0x35e1, 0x938f},
    {0x35e2, 0x9392},
    {0x35ea, 0x939e},
    {0x35eb, 0x93a1},
    {0x35f6, 0x93b0},
    {0x35fd, 0x93c1},
    {0x360b, 0x93d3},
    {0x361b, 0x93f1},
    {0x361c, 0x93f5},
    {0x3622, 0x93fd},
    {0x3636, 0x941f},
    {0x3637, 0x9421},
    {0x3638, 0x942b},
    {0x3641, 0x9438},
    {0x3644, 0x943d},
    {0x3645, 0x943f},
    {0x3646, 0x9441},
    {0x364a, 0x9448},
    {0x364b, 0x944a},
    {0x364c, 0x944c},
    {0x3650, 0x9455},
    {0x365b, 0x9468},
    {0x3664, 0x9475},
    {0x3665, 0x9477},
    {0x366a, 0x9481},
    {0x3685, 0x9596},
    {0x369a, 0x95b4},
    {0x369b, 0x95b6},
    {0x36a3, 0x95c3},
    {0x36c0, 0x95e8},
    {0x36ca, 0x9628},
    {0x36cb, 0x962a},
    {0x36cc, 0x962c},
    {0x36de, 0x9644},
    {0x36e4, 0x9652},
    {0x36e5, 0x9654},
    {0x36f4, 0x966a},
    {0x36f5, 0x966c},
    {0x36f6, 0x966e},
    {0x36f7, 0x9670},
    {0x3712, 0x9691},
    {0x375d, 0x9700},
    {0x376a, 0x9711},
    {0x376d, 0x9716},
    {0x377a, 0x972a},
    {0x377f, 0x9736},
    {0x3782, 0x973b},
    {0x379b, 0x975e},
    {0x37a9, 0x9771},
    {0x37ba, 0x9789},
    {0x37bb, 0x978b},
    {0x37bc, 0x978d},
    {0x37c5, 0x979c},
    {0x37cb, 0x97a6},
    {0x37cc, 0x97a8},
    {0x37da, 0x97bc},
    {0x37dd, 0x97c1},
    {0x37f7, 0x97e4},
    {0x37f8, 0x97e6},
    {0x3806, 0x97ff},
    {0x380f, 0x980a},
    {0x381e, 0x981c},
    {0x381f, 0x981e},
    {0x3837, 0x9844},
    {0x384b, 0x985e},
    {0x385a, 0x98a8},
    {0x3862, 0x98b4},
    {0x3869, 0x98bf},
    {0x3873, 0x98ce},
    {0x388a, 0x98f6},
    {0x3890, 0x9905},
    {0x3895, 0x990c},
    {0x38a8, 0x9924},
    {0x38ae, 0x992e},
    {0x38d3, 0x9963},
    {0x38d8, 0x999b},
    {0x38dc, 0x99a3},
    {0x38df, 0x99a8},
    {0x38ed, 0x99bf},
    {0x38ee, 0x99c1},
    {0x3905, 0x99e7},
    {0x391c, 0x9a08},
    {0x3926, 0x9a16},
    {0x3929, 0x9a1e},
    {0x392a, 0x9a20},
    {0x3930, 0x9a2b},
    {0x3935, 0x9a33},
    {0x393a, 0x9a3e},
    {0x3941, 0x9a47},
    {0x3950, 0x9a5d},
    {0x3951, 0x9a5f},
    {0x3952, 0x9a62},
    {0x3959, 0x9aa8},
    {0x395b, 0x9aaa},
    {0x3961, 0x9ab2},
    {0x3971, 0x9ac6},
    {0x3972, 0x9ac8},
    {0x3996, 0x9af7},
    {0x399a, 0x9afd},
    {0x399b, 0x9aff},
    {0x39a9, 0x9b10},
    {0x39aa, 0x9b12},
    {0x39ab, 0x9b16},
    {0x39c6, 0x9b37},
    {0x39cc, 0x9b3d},
    {0x39d2, 0x9b48},
    {0x39d8, 0x9b51},
    {0x39e0, 0x9b5e},
    {0x39e1, 0x9b61},
    {0x39e2, 0x9b63},
    {0x39e5, 0x9b68},
    {0x3a08, 0x9b9a},
    {0x3a19, 0x9bb4},
    {0x3a2d, 0x9bd4},
    {0x3a31, 0x9bdb},
    {0x3a32, 0x9bdd},
    {0x3a33, 0x9bdf},
    {0x3a43, 0x9bf5},
    {0x3a48, 0x9bfd},
    {0x3a49, 0x9bff},
    {0x3a4a, 0x9c00},
    {0x3a4b, 0x9c02},
    {0x3a4c, 0x9c04},
    {0x3a4d, 0x9c06},
    {0x3a7b, 0x9c41},
    {0x3a95, 0x9c63},
    {0x3a96, 0x9c65},
    {0x3a9e, 0x9c70},
    {0x3a9f, 0x9c72},
    {0x3aaa, 0x9ce9},
    {0x3aad, 0x9cf0},
    {0x3ab3, 0x9cf9},
    {0x3aba, 0x9d0b},
    {0x3abb, 0x9d0e},
    {0x3abe, 0x9d15},
    {0x3ac6, 0x9d23},
    {0x3ac7, 0x9d26},
    {0x3ac8, 0x9d28},
    {0x3adf, 0x9d4a},
    {0x3ae5, 0x9d59},
    {0x3afd, 0x9d7e},
    {0x3b0f, 0x9da1},
    {0x3b10, 0x9da4},
    {0x3b2b, 0x9dcf},
    {0x3b36, 0x9de3},
    {0x3b3a, 0x9de9},
    {0x3b3b, 0x9deb},
    {0x3b48, 0x9e02},
    {0x3b49, 0x9e07},
    {0x3b4a, 0x9e0a},
    {0x3b59, 0x9e75},
    {0x3b74, 0x9e9b},
    {0x3b90, 0x9ec6},
    {0x3b91, 0x9ec8},
    {0x3bd0, 0x9f26},
    {0x3bd4, 0x9f2f},
    {0x3bd7, 0x9f34},
    {0x3bd8, 0x9f37},
    {0x3be0, 0x9f41},
    {0x3bf2, 0x9f5a},
    {0x3c0a, 0x9f7a},
    {0x3c0b, 0x9f7d},
    {0x3c0c, 0x9f7f},
    {0x3c0d, 0x9f8d},
    {0x3c16, 0x9f99},
    {0x3c17, 0x9f9c},
    {0x3c20, 0x9fa5},
    {0x3c21, 0x9fb4},
    {0x3c29, 0x9fc4},
    {0x3c2a, 0x9fc6},
    {0x3c2b, 0x9fcc},
    {0x4bf, 0xd82cdd32},
    {0x518, 0xd82cdd55},
    {0x320, 0xd83cdd0b},
    {0x335, 0xd83cdd0c},
    {0x45c7, 0xd83cdd6c},
    {0x466d, 0xd83cdf1d},
    {0x3e79, 0xd840dc0b},
    {0x3e7c, 0xd840dca2},
    {0x3e7d, 0xd840dca4},
    {0x3e7e, 0xd840dcb0},
    {0x3e7f, 0xd840dcf5},
    {0x3e80, 0xd840dd58},
    {0x3e81, 0xd840dda2},
    {0x3e82, 0xd840de13},
    {0x3e83, 0xd840df2b},
    {0x3e84, 0xd840df71},
    {0x3e85, 0xd840df81},
    {0x3e86, 0xd840dff9},
    {0x3e87, 0xd841dc4a},
    {0x3e88, 0xd841dd09},
    {0x3e89, 0xd841dd3f},
    {0x3e8a, 0xd841ddb1},
    {0x3e8b, 0xd841ddd6},
    {0x3e8c, 0xd841de11},
    {0x3e8d, 0xd841de28},
    {0x3e8e, 0xd841deec},
    {0x3e8f, 0xd841df4f},
    {0x3e90, 0xd841dfc8},
    {0x3e91, 0xd842dc07},
    {0x3e92, 0xd842dc3a},
    {0x3e93, 0xd842dcb9},
    {0x3e94, 0xd842dd0e},
    {0x3e95, 0xd842dd7c},
    {0x3e96, 0xd842dd84},
    {0x3e97, 0xd842dd9d},
    {0x3e98, 0xd842de64},
    {0x3e99, 0xd842ded3},
    {0x3e9a, 0xd842df1d},
    {0x3e9b, 0xd842df9f},
    {0x3e9c, 0xd842dfb7},
    {0x3e9d, 0xd843dd45},
    {0x3e9e, 0xd843dd58},
    {0x3e9f, 0xd843dde1},
    {0x3ea0, 0xd843de64},
    {0x3ea1, 0xd843de6d},
    {0x3ea2, 0xd843de95},
    {0x3ea3, 0xd843df5f},
    {0x3ea4, 0xd844de01},
    {0x3ea5, 0xd844de3d},
    {0x3ea6, 0xd844de55},
    {0x3ea7, 0xd844de74},
    {0x3ea8, 0xd844de7b},
    {0x3ea9, 0xd844ded7},
    {0x3eaa, 0xd844dee4},
    {0x3eab, 0xd844defd},
    {0x3eac, 0xd844df1b},
    {0x3ead, 0xd844df36},
    {0x3eae, 0xd844df44},
    {0x3eaf, 0xd844dfc4},
    {0x3eb2, 0xd845ddd7},
    {0x3eb3, 0xd845de47},
    {0x3eb4, 0xd845deb4},
    {0x3eb5, 0xd845df06},
    {0x3eb6, 0xd845df42},
    {0x3eb7, 0xd846dcbd},
    {0x3eb8, 0xd846ddc3},
    {0x3eb9, 0xd846de1a},
    {0x3eba, 0xd847dc56},
    {0x3ebb, 0xd847dd2d},
    {0x3ebc, 0xd847dd45},
    {0x3ebd, 0xd847dd62},
    {0x3ebe, 0xd847dd78},
    {0x3ebf, 0xd847dd92},
    {0x3ec0, 0xd847dd9c},
    {0x3ec1, 0xd847dda1},
    {0x3ec2, 0xd847ddb7},
    {0x3ec3, 0xd847dde0},
    {0x3ec6, 0xd847df1e},
    {0x3ec7, 0xd847df76},
    {0x3ec8, 0xd847dffa},
    {0x3ec9, 0xd848dd7b},
    {0x3eca, 0xd848de18},
    {0x3ecb, 0xd848df1e},
    {0x3ecc, 0xd848dfad},
    {0x3ecd, 0xd849de09},
    {0x3ece, 0xd849def3},
    {0x3ecf, 0xd84adc5b},
    {0x3ed0, 0xd84adcab},
    {0x3ed1, 0xd84add8f},
    {0x3ed2, 0xd84adeb8},
    {0x3ed3, 0xd84adf46},
    {0x3ed6, 0xd84adfa6},
    {0x3ed7, 0xd84bdc1d},
    {0x3ed8, 0xd84bdc24},
    {0x3ed9, 0xd84bdde1},
    {0x3eda, 0xd84bde42},
    {0x3edb, 0xd84bdfeb},
    {0x3edc, 0xd84cddb6},
    {0x3edf, 0xd84cddf5},
    {0x3ee0, 0xd84cdf72},
    {0x3ee1, 0xd84cdfcc},
    {0x3ee2, 0xd84cdfd0},
    {0x3ee5, 0xd84cdfd5},
    {0x3ee6, 0xd84cdfda},
    {0x3ee7, 0xd84cdfdf},
    {0x3ee8, 0xd84cdfe4},
    {0x3ee9, 0xd84cdffe},
    {0x3eec, 0xd84ddc51},
    {0x3eed, 0xd84ddc65},
    {0x3eee, 0xd84ddce4},
    {0x3eef, 0xd84ddd5a},
    {0x3ef0, 0xd84ddd94},
    {0x3ef1, 0xd84dddc4},
    {0x3ef5, 0xd84dde47},
    {0x3ef6, 0xd84ddf0c},
    {0x3ef7, 0xd84ddf1c},
    {0x3ef8, 0xd84ddf3f},
    {0x3efb, 0xd84ddfe7},
    {0x1d55, 0xd84ddff1},
    {0x3efc, 0xd84ddfff},
    {0x3efd, 0xd84edc24},
    {0x3efe, 0xd84edc3d},
    {0x3eff, 0xd84ede98},
    {0x3f00, 0xd84fdc7f},
    {0x3f01, 0xd84fdcbe},
    {0x3f02, 0xd84fdcfe},
    {0x3f03, 0xd84fdd00},
    {0x3f04, 0xd84fdd0e},
    {0x3f05, 0xd84fdd40},
    {0x3f06, 0xd84fddd3},
    {0x3f09, 0xd84fdf7e},
    {0x3f0a, 0xd850dc4b},
    {0x3f0b, 0xd850dc96},
    {0x3f0c, 0xd850dd03},
    {0x3f0d, 0xd850ddc6},
    {0x3f0e, 0xd850ddfe},
    {0x3f0f, 0xd850deee},
    {0x3f10, 0xd850dfbc},
    {0x3f11, 0xd850dfd0},
    {0x3f12, 0xd851de29},
    {0x3f13, 0xd851dea5},
    {0x3f14, 0xd851dff1},
    {0x3f15, 0xd852dc96},
    {0x3f16, 0xd852dce9},
    {0x3f17, 0xd852de4d},
    {0x3f18, 0xd852df56},
    {0x3f19, 0xd852df6f},
    {0x3f1a, 0xd853dc16},
    {0x3f1b, 0xd853dd14},
    {0x3f1c, 0xd853de04},
    {0x3f1d, 0xd853de0e},
    {0x3f1e, 0xd853de37},
    {0x3f1f, 0xd853de6a},
    {0x3f20, 0xd853de8b},
    {0x3f21, 0xd853dff2},
    {0x3f22, 0xd854dc4a},
    {0x3f23, 0xd854dc55},
    {0x3f24, 0xd854dd22},
    {0x3f25, 0xd854dda9},
    {0x3f26, 0xd854ddcd},
    {0x3f27, 0xd854dde5},
    {0x3f28, 0xd854de1e},
    {0x3f29, 0xd854de4c},
    {0x3f2a, 0xd855dc2e},
    {0x3f2b, 0xd855dc8e},
    {0x3f2c, 0xd855dcd9},
    {0x3f2d, 0xd855dd0e},
    {0x3f2e, 0xd855dda7},
    {0x3f2f, 0xd855de7f},
    {0x3f30, 0xd855df71},
    {0x3f31, 0xd855dfa9},
    {0x3f32, 0xd855dfb4},
    {0x3f33, 0xd856dc74},
    {0x3f34, 0xd856ddc4},
    {0x3f35, 0xd856ddcc},
    {0x3f36, 0xd856ddd4},
    {0x3f37, 0xd856ded7},
    {0x3f3a, 0xd856def1},
    {0x3f3b, 0xd856dfb2},
    {0x3f3c, 0xd857dc4b},
    {0x3f3d, 0xd857dc64},
    {0x3f3e, 0xd857dda1},
    {0x3f3f, 0xd857de2e},
    {0x3f40, 0xd857de56},
    {0x3f41, 0xd857de62},
    {0x3f42, 0xd857de65},
    {0x3f43, 0xd857dec2},
    {0x3f44, 0xd857ded8},
    {0x3f45, 0xd857dee8},
    {0x3f46, 0xd857df23},
    {0x3f47, 0xd857df5c},
    {0x3f48, 0xd857dfd4},
    {0x3f49, 0xd857dfe0},
    {0x3f4a, 0xd857dffb},
    {0x3f4b, 0xd858dc0c},
    {0x3f4c, 0xd858dc17},
    {0x3f4d, 0xd858dc60},
    {0x3f4e, 0xd858dced},
    {0x3f4f, 0xd858de22},
    {0x3f50, 0xd858de6a},
    {0x3f51, 0xd858de70},
    {0x3f52, 0xd858de86},
    {0x3f53, 0xd858df4c},
    {0x3f54, 0xd859dc02},
    {0x3f55, 0xd859de7e},
    {0x3f56, 0xd859deb0},
    {0x3f57, 0xd859df1d},
    {0x3f58, 0xd85adcdd},
    {0x3f59, 0xd85adcea},
    {0x3f5a, 0xd85add51},
    {0x3f5b, 0xd85add6f},
    {0x3f5c, 0xd85add99},
    {0x3f5d, 0xd85adddd},
    {0x3f5e, 0xd85ade1e},
    {0x3f5f, 0xd85ade58},
    {0x3f60, 0xd85ade8c},
    {0x3f61, 0xd85adeb7},
    {0x3f62, 0xd85adeff},
    {0x3f63, 0xd85bdc29},
    {0x3f64, 0xd85bdc73},
    {0x3f65, 0xd85bdc9e},
    {0x3f66, 0xd85bdcdd},
    {0x3f67, 0xd85bde40},
    {0x3f68, 0xd85bde65},
    {0x3f69, 0xd85bdf94},
    {0x3f6d, 0xd85cdcf4},
    {0x3f6e, 0xd85cdd0d},
    {0x3f6f, 0xd85cdd39},
    {0x3f72, 0xd85cdffe},
    {0x3f73, 0xd85ddc10},
    {0x3f74, 0xd85ddc49},
    {0x3f77, 0xd85dde31},
    {0x3f78, 0xd85dde84},
    {0x3f79, 0xd85dde93},
    {0x3f7a, 0xd85ddf0e},
    {0x3f7b, 0xd85ddf23},
    {0x3f7c, 0xd85ddf52},
    {0x3f7d, 0xd85edcb2},
    {0x3f7e, 0xd85edd85},
    {0x3f7f, 0xd85eddb4},
    {0x3f80, 0xd85ede84},
    {0x3f81, 0xd85edfb3},
    {0x3f82, 0xd85edfbe},
    {0x3f83, 0xd85edfc7},
    {0x3f84, 0xd85fdc3c},
    {0x3f85, 0xd85fdcb8},
    {0x3f86, 0xd85fdd73},
    {0x3f87, 0xd85fdda0},
    {0x3f88, 0xd85fde10},
    {0x3c50, 0xd85fdeaf},
    {0x3f89, 0xd85fdfb7},
    {0x3f8a, 0xd860dc8a},
    {0x3f8b, 0xd860dcbb},
    {0x3f8c, 0xd860de77},
    {0x3f8d, 0xd860de82},
    {0x3f8e, 0xd860def3},
    {0x3f8f, 0xd860dfcd},
    {0x3f90, 0xd861dc0c},
    {0x3f91, 0xd861dc55},
    {0x33a6, 0xd861dcdc},
    {0x3f92, 0xd861dd6b},
    {0x3f95, 0xd861ded7},
    {0x3f96, 0xd861defa},
    {0x3f97, 0xd862dd46},
    {0x3f98, 0xd862dd49},
    {0x3f99, 0xd862dd6b},
    {0x3f9e, 0xd862de1e},
    {0x3f9f, 0xd862de29},
    {0x3fa0, 0xd862de43},
    {0x3fa1, 0xd862de71},
    {0x3fa2, 0xd862de99},
    {0x3fa3, 0xd862decd},
    {0x3fa4, 0xd862dedd},
    {0x3fa5, 0xd862dee4},
    {0x3fa6, 0xd862dfc1},
    {0x3fa7, 0xd862dfef},
    {0x3fa8, 0xd863dcdd},
    {0x3fa9, 0xd863dd10},
    {0x3faa, 0xd863dd71},
    {0x3fab, 0xd863ddfb},
    {0x3fac, 0xd863de0f},
    {0x3fad, 0xd863de17},
    {0x3fae, 0xd863de1f},
    {0x3faf, 0xd863de36},
    {0x3fb0, 0xd863de89},
    {0x3fb1, 0xd863deeb},
    {0x3fb2, 0xd863def6},
    {0x3fb3, 0xd863df32},
    {0x3fb4, 0xd863dff8},
    {0x3fb5, 0xd864dea0},
    {0x3fb6, 0xd864deb1},
    {0x3fb7, 0xd865dc90},
    {0x3fb8, 0xd865ddcf},
    {0x3fb9, 0xd865de7f},
    {0x3fba, 0xd865def0},
    {0x3fbb, 0xd865df19},
    {0x3fbc, 0xd865df50},
    {0x3fbd, 0xd866dc10},
    {0x3fbe, 0xd866dcc6},
    {0x3fbf, 0xd866de72},
    {0x3fc0, 0xd867dd4b},
    {0x3fc1, 0xd867dddb},
    {0x3fc2, 0xd867de15},
    {0x3fc3, 0xd867de3d},
    {0x3fc4, 0xd867de49},
    {0x3fc5, 0xd867de8a},
    {0x3fc6, 0xd867dec4},
    {0x3fc7, 0xd867dedb},
    {0x3fc8, 0xd867dee9},
    {0x3fc9, 0xd867dfce},
    {0x3fc9, 0xd867dfd7},
    {0x3fca, 0xd868dc1a},
    {0x3fcb, 0xd868dc2f},
    {0x3fcc, 0xd868dc82},
    {0x3fcd, 0xd868dcf9},
    {0x3fce, 0xd868dd90},
    {0x3fcf, 0xd868deb2},
    {0x3fd0, 0xd868df8c},
    {0x3fd1, 0xd869dc37},
    {0x3fd2, 0xd869ddf1},
    {0x3fd3, 0xd869de02},
    {0x3fd4, 0xd869de1a},
    {0x3fd5, 0xd869deb2},
    {0x3fd6, 0xd86adde6},
    {0x3fd7, 0xd86ddf46},
    {0x3fd8, 0xd86ddf51},
    {0x3fd9, 0xd86ddf53},
    {0x3fda, 0xd86ddf5a},
    {0x3fdb, 0xd86ddf5c},
    {0x3fdc, 0xd86ddf65},
    {0x3fdf, 0xd86ddf7c},
    {0x3fe0, 0xd86ddf82},
    {0x3fe1, 0xd86ddf89},
    {0x3fe2, 0xd86ddf8b},
    {0x3fe3, 0xd86ddf8e},
    {0x3fe4, 0xd86ddf94},
    {0x3fe5, 0xd86ddfac},
    {0x3fe6, 0xd86ddfaf},
    {0x3fe7, 0xd86ddfbd},
    {0x3fe8, 0xd86ddfc9},
    {0x3fe9, 0xd86ddfcf},
    {0x3fea, 0xd86ddfd2},
    {0x3feb, 0xd86ddfd8},
    {0x3fec, 0xd86ddff0},
    {0x3fed, 0xd86edc0d},
    {0x3fee, 0xd86edc17},
    {0x3fef, 0xd86edc1a},
    {0x3ff0, 0xd875dd44},
    {0x3ff1, 0xd878de78},
    {0x3ff2, 0xd879dd69},
    {0x3ff3, 0xd879deea},
    {0x3ff4, 0xd87edc04},
    {0x3ff5, 0xd87edc0f},
    {0x3ff6, 0xd87edc15},
    {0xcf3, 0xd87edc18},
    {0x3ff7, 0xd87edc1a},
    {0x3ff8, 0xd87edc22},
    {0x3ff9, 0xd87edc28},
    {0x3e96, 0xd87edc2c},
    {0x3ffa, 0xd87edc33},
    {0x3ffb, 0xd87edc3f},
    {0x3ffc, 0xd87edc46},
    {0x3ffd, 0xd87edc52},
    {0x3ffe, 0xd87edc62},
    {0x3fff, 0xd87edc6d},
    {0x4000, 0xd87edc73},
    {0x13ca, 0xd87edc77},
    {0x4001, 0xd87edc84},
    {0x4004, 0xd87edca6},
    {0x4005, 0xd87edcac},
    {0x4006, 0xd87edcb2},
    {0x4007, 0xd87edcb6},
    {0x4008, 0xd87edcd3},
    {0x3ee1, 0xd87edcdb},
    {0x1aee, 0xd87edcdc},
    {0x4009, 0xd87edce1},
    {0x400a, 0xd87edce5},
    {0x400b, 0xd87edcea},
    {0x1d46, 0xd87edced},
    {0x400c, 0xd87edcfc},
    {0x400d, 0xd87edd03},
    {0x400e, 0xd87edd0b},
    {0x400f, 0xd87edd0f},
    {0x4010, 0xd87edd1a},
    {0x4013, 0xd87edd45},
    {0x4014, 0xd87edd47},
    {0x4015, 0xd87edd6c},
    {0x4016, 0xd87edd95},
    {0x4017, 0xd87eddd0},
    {0x401a, 0xd87eddf4},
    {0x401b, 0xd883dede},
    {0x401c, 0xd884dc6c},
    {0x3155, 0xf900},
    {0x1aa9, 0xf901},
    {0x32c3, 0xf902},
    {0x31b2, 0xf903},
    {0x1fba, 0xf904},
    {0xa82, 0xf905},
    {0xea2, 0xf906},
    {0x44cb, 0xf907},
    {0x44cb, 0xf908},
    {0x3c2c, 0xf909},
    {0x34b4, 0xf90a},
    {0xfa4, 0xf90b},
    {0x11f7, 0xf90c},
    {0x176c, 0xf90d},
    {0x2424, 0xf90e},
    {0x29a7, 0xf90f},
    {0x2dd6, 0xf910},
    {0x2eb9, 0xf911},
    {0x2f86, 0xf912},
    {0x33eb, 0xf913},
    {0x1cc6, 0xf914},
    {0x1eae, 0xf915},
    {0x20d3, 0xf916},
    {0x2270, 0xf917},
    {0x2c9a, 0xf918},
    {0x346b, 0xf919},
    {0x390c, 0xf91a},
    {0xaaf, 0xf91b},
    {0xe54, 0xf91c},
    {0x3c2d, 0xf91d},
    {0x2164, 0xf91e},
    {0x3c2e, 0xf91f},
    {0x3b57, 0xf920},
    {0x1448, 0xf921},
    {0x205d, 0xf922},
    {0x2d95, 0xf923},
    {0x2fc9, 0xf924},
    {0x17fb, 0xf925},
    {0x2b14, 0xf926},
    {0x2eff, 0xf927},
    {0x1edb, 0xf92a},
    {0x21e6, 0xf92b},
    {0x340f, 0xf92c},
    {0xb67, 0xf92d},
    {0xd03, 0xf92e},
    {0xdd9, 0xf92f},
    {0x1928, 0xf930},
    {0x1d41, 0xf931},
    {0x215f, 0xf932},
    {0x247e, 0xf933},
    {0x29f2, 0xf934},
    {0x2db7, 0xf935},
    {0x3c31, 0xf936},
    {0x323d, 0xf937},
    {0x377d, 0xf938},
    {0x39eb, 0xf939},
    {0x3b45, 0xf93a},
    {0x2563, 0xf93b},
    {0x25fb, 0xf93c},
    {0x28ba, 0xf93d},
    {0x2c5e, 0xf93e},
    {0x3589, 0xf93f},
    {0x3b60, 0xf940},
    {0x30c3, 0xf941},
    {0x11ad, 0xf942},
    {0x1555, 0xf943},
    {0x27dd, 0xf944},
    {0x2a40, 0xf945},
    {0x2197, 0xf946},
    {0x258c, 0xf947},
    {0x31ac, 0xf948},
    {0x3759, 0xf949},
    {0x11a7, 0xf94a},
    {0x13cc, 0xf94b},
    {0x1ccf, 0xf94c},
    {0x1f1c, 0xf94d},
    {0x1fdb, 0xf94e},
    {0x2869, 0xf94f},
    {0x2926, 0xf950},
    {0x36df, 0xf951},
    {0xdcf, 0xf952},
    {0x2a4a, 0xf953},
    {0xd1e, 0xf954},
    {0xd13, 0xf955},
    {0x265f, 0xf956},
    {0x28d2, 0xf957},
    {0x2c75, 0xf958},
    {0x36fb, 0xf959},
    {0x1800, 0xf95b},
    {0x1cc6, 0xf95c},
    {0x30df, 0xf95d},
    {0xa87, 0xf95e},
    {0x1372, 0xf95f},
    {0x161d, 0xf960},
    {0x223c, 0xf961},
    {0x2377, 0xf962},
    {0xe08, 0xf963},
    {0x25aa, 0xf964},
    {0xb8d, 0xf965},
    {0x15d9, 0xf966},
    {0xa66, 0xf967},
    {0x1e7b, 0xf968},
    {0x199d, 0xf969},
    {0x2861, 0xf96a},
    {0xe86, 0xf96b},
    {0x115a, 0xf96c},
    {0x248f, 0xf96d},
    {0x2c9f, 0xf96e},
    {0x30a2, 0xf96f},
    {0x3c32, 0xf970},
    {0x333f, 0xf971},
    {0x1e4f, 0xf972},
    {0x181f, 0xf973},
    {0x2bd5, 0xf974},
    {0x1886, 0xf975},
    {0x236e, 0xf976},
    {0xad0, 0xf977},
    {0xcc7, 0xf978},
    {0xd10, 0xf979},
    {0x1bbc, 0xf97a},
    {0x2836, 0xf97b},
    {0x2b83, 0xf97c},
    {0x30bf, 0xf97d},
    {0x34b2, 0xf97e},
    {0xdec, 0xf97f},
    {0xee6, 0xf980},
    {0x1218, 0xf981},
    {0x1542, 0xf982},
    {0x3c33, 0xf983},
    {0x206a, 0xf984},
    {0x25c3, 0xf985},
    {0x3697, 0xf986},
    {0x3956, 0xf987},
    {0x44b8, 0xf988},
    {0x3b95, 0xf989},
    {0xda4, 0xf98a},
    {0x1a90, 0xf98b},
    {0x1da6, 0xf98c},
    {0x3329, 0xf98d},
    {0x14f1, 0xf98e},
    {0x172b, 0xf98f},
    {0x1774, 0xf990},
    {0x190d, 0xf991},
    {0x1fe7, 0xf992},
    {0x20fc, 0xf993},
    {0x22d9, 0xf994},
    {0x262a, 0xf995},
    {0x3c82, 0xf996},
    {0x2a34, 0xf997},
    {0x32fa, 0xf998},
    {0x35b4, 0xf99b},
    {0xd4c, 0xf99c},
    {0xda8, 0xf99d},
    {0xf39, 0xf99e},
    {0x20c9, 0xf99f},
    {0x2f63, 0xf9a0},
    {0x30a2, 0xf9a1},
    {0x3c36, 0xf9a2},
    {0x160f, 0xf9a3},
    {0x186c, 0xf9a4},
    {0x1dca, 0xf9a5},
    {0x27c2, 0xf9a6},
    {0x222f, 0xf9a7},
    {0xaf6, 0xf9a8},
    {0x1082, 0xf9a9},
    {0x1372, 0xf9aa},
    {0x1480, 0xf9ab},
    {0x1627, 0xf9ac},
    {0x2254, 0xf9ad},
    {0x22c6, 0xf9ae},
    {0x29b6, 0xf9af},
    {0x2a25, 0xf9b0},
    {0x34f9, 0xf9b1},
    {0x3758, 0xf9b2},
    {0x378b, 0xf9b3},
    {0x381b, 0xf9b4},
    {0xb6b, 0xf9b5},
    {0x2616, 0xf9b6},
    {0x349b, 0xf9b7},
    {0x3730, 0xf9b8},
    {0x16af, 0xf9b9},
    {0xab1, 0xf9ba},
    {0xc5b, 0xf9bb},
    {0x1377, 0xf9bc},
    {0x13b5, 0xf9bd},
    {0x19b1, 0xf9be},
    {0x1cc6, 0xf9bf},
    {0x213e, 0xf9c0},
    {0x240b, 0xf9c1},
    {0x2d0b, 0xf9c2},
    {0x3c37, 0xf9c3},
    {0x3c0d, 0xf9c4},
    {0x1a67, 0xf9c5},
    {0x36cd, 0xf9c6},
    {0xd97, 0xf9c7},
    {0x1b0b, 0xf9c8},
    {0x1b60, 0xf9c9},
    {0x1ec8, 0xf9ca},
    {0x1f94, 0xf9cb},
    {0x228e, 0xf9cc},
    {0x2363, 0xf9cd},
    {0x2556, 0xf9ce},
    {0x2850, 0xf9cf},
    {0x3c38, 0xf9d0},
    {0xccb, 0xf9d1},
    {0x1795, 0xf9d2},
    {0x36fe, 0xf9d3},
    {0xbe5, 0xf9d4},
    {0x142d, 0xf9d5},
    {0x1f29, 0xf9d6},
    {0x32fe, 0xf9d7},
    {0x15c4, 0xf9d8},
    {0x16f5, 0xf9d9},
    {0x1b74, 0xf9da},
    {0x223c, 0xf9db},
    {0x3c39, 0xf9dc},
    {0xd55, 0xf9dd},
    {0xec2, 0xf9de},
    {0x13cf, 0xf9df},
    {0x1a08, 0xf9e0},
    {0x1aea, 0xf9e1},
    {0x1bd9, 0xf9e2},
    {0x1e8f, 0xf9e3},
    {0x228c, 0xf9e4},
    {0x23ca, 0xf9e5},
    {0x29a0, 0xf9e6},
    {0x2f6d, 0xf9e7},
    {0x2f7b, 0xf9e8},
    {0x34af, 0xf9e9},
    {0x374e, 0xf9ea},
    {0xe2a, 0xf9eb},
    {0x1fa6, 0xf9ec},
    {0xec9, 0xf9ed},
    {0x213f, 0xf9ee},
    {0x22e0, 0xf9ef},
    {0x2dae, 0xf9f0},
    {0x445c, 0xf9f1},
    {0x3a8b, 0xf9f2},
    {0x1b1f, 0xf9f4},
    {0x1f11, 0xf9f5},
    {0x2b21, 0xf9f6},
    {0x26cf, 0xf9f7},
    {0x2707, 0xf9f8},
    {0x27fb, 0xf9f9},
    {0x21c5, 0xf9fa},
    {0x20b7, 0xf9fb},
    {0x3118, 0xf9fc},
    {0xad9, 0xf9fd},
    {0x2c0c, 0xf9fe},
    {0xd62, 0xf9ff},
    {0xd41, 0xfa00},
    {0x1510, 0xfa01},
    {0x1804, 0xfa02},
    {0x3c3a, 0xfa03},
    {0x1321, 0xfa04},
    {0x1eaf, 0xfa05},
    {0x1a83, 0xfa06},
    {0x330c, 0xfa07},
    {0x2f1b, 0xfa08},
    {0x4456, 0xfa09},
    {0x2fe4, 0xfa0a},
    {0x152f, 0xfa0b},
    {0x3418, 0xfa2e},
    {0x372f, 0xfa2f},
    {0x3cea, 0xff01},
    {0x45c9, 0xff5e},
    {0x4543, 0xffe8},
};

static pdf_char_range_map_t char_range_map_UNIMANGA_UTF16_H[] = {
    {0x0020, 0x007e, 0x1},
    {0x00a1, 0x00ac, 0x60},
    {0x00ae, 0x00ff, 0x6c},
    {0x0100, 0x0103, 0xbe},
    {0x0110, 0x0113, 0xc2},
    {0x011a, 0x011b, 0xc6},
    {0x0128, 0x012b, 0xc8},
    {0x0143, 0x0144, 0xcc},
    {0x0147, 0x0148, 0xce},
    {0x014c, 0x014f, 0xd0},
    {0x0152, 0x0153, 0xd4},
    {0x0168, 0x016d, 0xd6},
    {0x01a0, 0x01a1, 0xdd},
    {0x01af, 0x01b0, 0xdf},
    {0x01cd, 0x01dc, 0xe1},
    {0x01f8, 0x01f9, 0xf1},
    {0x02c9, 0x02cb, 0xf6},
    {0x02ea, 0x02eb, 0xfa},
    {0x0300, 0x0301, 0xfc},
    {0x0391, 0x03a1, 0x101},
    {0x03a3, 0x03a9, 0x112},
    {0x03b1, 0x03c9, 0x119},
    {0x0410, 0x044f, 0x133},
    {0x1e3e, 0x1e3f, 0x174},
    {0x1ea0, 0x1ef9, 0x176},
    {0x2015, 0x2016, 0x1d3},
    {0x2018, 0x201a, 0x1d5},
    {0x201c, 0x201e, 0x1d8},
    {0x2020, 0x2022, 0x1db},
    {0x2025, 0x2026, 0x1de},
    {0x2032, 0x2033, 0x1e1},
    {0x2039, 0x203c, 0x1e3},
    {0x2047, 0x2049, 0x1e8},
    {0x20ab, 0x20ac, 0x1ee},
    {0x20dd, 0x20de, 0x1f0},
    {0x2109, 0x210a, 0x1f5},
    {0x2121, 0x2122, 0x1fa},
    {0x2126, 0x2127, 0x1fc},
    {0x2160, 0x216b, 0x202},
    {0x2170, 0x217b, 0x20e},
    {0x2190, 0x2199, 0x21a},
    {0x21b8, 0x21b9, 0x224},
    {0x21c4, 0x21c6, 0x226},
    {0x21cb, 0x21cc, 0x229},
    {0x21e6, 0x21e9, 0x22e},
    {0x2202, 0x2203, 0x234},
    {0x2205, 0x220b, 0x236},
    {0x2211, 0x2213, 0x23e},
    {0x221d, 0x2220, 0x242},
    {0x2225, 0x222e, 0x247},
    {0x2234, 0x2237, 0x251},
    {0x2260, 0x2262, 0x25b},
    {0x2264, 0x2267, 0x25e},
    {0x226a, 0x226b, 0x262},
    {0x226e, 0x226f, 0x264},
    {0x2272, 0x2273, 0x266},
    {0x2276, 0x2277, 0x268},
    {0x2282, 0x2287, 0x26a},
    {0x228a, 0x228b, 0x270},
    {0x2295, 0x2299, 0x272},
    {0x22da, 0x22db, 0x27a},
    {0x2305, 0x2307, 0x27c},
    {0x2329, 0x232a, 0x47e},
    {0x23b0, 0x23b1, 0x281},
    {0x23be, 0x23cc, 0x283},
    {0x23da, 0x23db, 0x293},
    {0x2460, 0x24ff, 0x296},
    {0x2500, 0x25ab, 0x336},
    {0x25b1, 0x25b3, 0x3e2},
    {0x25b6, 0x25b7, 0x3e5},
    {0x25bc, 0x25bd, 0x3e7},
    {0x25c0, 0x25c1, 0x3e9},
    {0x25c6, 0x25cc, 0x3eb},
    {0x25ce, 0x25d3, 0x3f2},
    {0x25e2, 0x25e6, 0x3f8},
    {0x2600, 0x2603, 0x3fe},
    {0x2605, 0x2606, 0x402},
    {0x260e, 0x260f, 0x405},
    {0x2616, 0x2617, 0x407},
    {0x261c, 0x261f, 0x409},
    {0x2640, 0x2642, 0x40e},
    {0x2660, 0x266f, 0x411},
    {0x2672, 0x267d, 0x421},
    {0x26aa, 0x26ab, 0x42e},
    {0x26bd, 0x26be, 0x430},
    {0x273f, 0x2740, 0x436},
    {0x2776, 0x277f, 0x439},
    {0x2780, 0x2789, 0x296},
    {0x278a, 0x2793, 0x439},
    {0x2934, 0x2935, 0x444},
    {0x29fa, 0x29fb, 0x447},
    {0x2b05, 0x2b07, 0x449},
    {0x2e3a, 0x2e3b, 0x44dc},
    {0x2e80, 0x2e81, 0x44f},
    {0x2e9c, 0x2e9d, 0x459},
    {0x2eb4, 0x2eb8, 0x460},
    {0x2ebb, 0x2ebc, 0x465},
    {0x2ecd, 0x2ece, 0x3344},
    {0x2ed0, 0x2ed2, 0x366d},
    {0x2ff0, 0x2ffb, 0x46a},
    {0x3000, 0x301b, 0x476},
    {0x301d, 0x3020, 0x493},
    {0x302a, 0x3037, 0x497},
    {0x303b, 0x303f, 0x4a5},
    {0x304c, 0x3051, 0x4b6},
    {0x3052, 0x3053, 0x4bd},
    {0x3054, 0x3062, 0x4c0},
    {0x3065, 0x3082, 0x4d1},
    {0x3089, 0x308d, 0x4f5},
    {0x3090, 0x3094, 0x4fc},
    {0x3099, 0x309e, 0x56f},
    {0x30ac, 0x30af, 0x50e},
    {0x30b0, 0x30b1, 0x513},
    {0x30b2, 0x30b3, 0x516},
    {0x30b4, 0x30b7, 0x519},
    {0x30b8, 0x30b9, 0x51e},
    {0x30ba, 0x30c2, 0x521},
    {0x30c5, 0x30c8, 0x52c},
    {0x30c9, 0x30cc, 0x531},
    {0x30cd, 0x30cf, 0x536},
    {0x30d0, 0x30d2, 0x53a},
    {0x30d3, 0x30d5, 0x53e},
    {0x30d6, 0x30d8, 0x542},
    {0x30d9, 0x30db, 0x546},
    {0x30dc, 0x30e0, 0x54a},
    {0x30e1, 0x30e2, 0x550},
    {0x30f0, 0x30f4, 0x564},
    {0x30f7, 0x30fa, 0x569},
    {0x30fd, 0x30fe, 0x575},
    {0x3190, 0x319f, 0x7c0},
    {0x3220, 0x325f, 0x7d0},
    {0x3280, 0x32fe, 0x810},
    {0x3300, 0x332b, 0x88f},
    {0x332d, 0x337e, 0x8bb},
    {0x337f, 0x33ff, 0x90e},
    {0x3405, 0x3406, 0x990},
    {0x355d, 0x355e, 0x9a1},
    {0x3761, 0x3762, 0x9b2},
    {0x376b, 0x376c, 0x9b4},
    {0x3ad6, 0x3ad7, 0x9d1},
    {0x3b87, 0x3b88, 0x9db},
    {0x3e3f, 0x3e40, 0x9f2},
    {0x460f, 0x4610, 0xa34},
    {0x46ae, 0x46af, 0xa39},
    {0x4e00, 0x4e05, 0xa5a},
    {0x4e07, 0x4e12, 0xa60},
    {0x4e14, 0x4e19, 0xa6c},
    {0x4e1e, 0x4e1f, 0xa72},
    {0x4e23, 0x4e24, 0xa75},
    {0x4e28, 0x4e32, 0xa78},
    {0x4e35, 0x4e39, 0xa83},
    {0x4e3b, 0x4e3c, 0xa88},
    {0x4e3f, 0x4e45, 0xa8a},
    {0x4e47, 0x4e48, 0xa91},
    {0x4e4d, 0x4e4f, 0xa94},
    {0x4e55, 0x4e5f, 0xa98},
    {0x4e62, 0x4e63, 0xaa3},
    {0x4e68, 0x4e69, 0xaa5},
    {0x4e73, 0x4e75, 0xaa8},
    {0x4e7e, 0x4e80, 0xaac},
    {0x4e85, 0x4e86, 0xab0},
    {0x4e88, 0x4e8e, 0xab2},
    {0x4e91, 0x4e92, 0xab9},
    {0x4e94, 0x4e99, 0xabb},
    {0x4e9b, 0x4ea2, 0xac1},
    {0x4ea4, 0x4ea6, 0xac9},
    {0x4eab, 0x4eb0, 0xacd},
    {0x4eb9, 0x4ebc, 0xad5},
    {0x4ec0, 0x4ec4, 0xad9},
    {0x4ec6, 0x4ec8, 0xade},
    {0x4eca, 0x4ecb, 0xae1},
    {0x4ecd, 0x4ed0, 0xae3},
    {0x4ed4, 0x4edb, 0xae7},
    {0x4edd, 0x4ee5, 0xaef},
    {0x4eed, 0x4ef3, 0xafa},
    {0x4ef5, 0x4ef7, 0xb01},
    {0x4efb, 0x4eff, 0xb04},
    {0x4f00, 0x4f03, 0xb09},
    {0x4f08, 0x4f12, 0xb0d},
    {0x4f15, 0x4f17, 0xb18},
    {0x4f19, 0x4f1a, 0xb1b},
    {0x4f1c, 0x4f1d, 0xb1d},
    {0x4f2e, 0x4f31, 0xb20},
    {0x4f33, 0x4f3e, 0xb24},
    {0x4f42, 0x4f43, 0xb31},
    {0x4f46, 0x4f49, 0xb33},
    {0x4f4b, 0x4f60, 0xb37},
    {0x4f63, 0x4f64, 0xb4d},
    {0x4f69, 0x4f6a, 0xb4f},
    {0x4f6e, 0x4f71, 0xb52},
    {0x4f75, 0x4f7f, 0xb57},
    {0x4f81, 0x4f86, 0xb62},
    {0x4f88, 0x4f94, 0xb68},
    {0x4f96, 0x4f9b, 0xb75},
    {0x4f9d, 0x4fa1, 0xb7b},
    {0x4fad, 0x4faf, 0xb81},
    {0x4fb5, 0x4fb7, 0xb85},
    {0x4fbb, 0x4fc6, 0xb89},
    {0x4fc8, 0x4fd4, 0xb95},
    {0x4fd7, 0x4fd8, 0xba2},
    {0x4fda, 0x4fdd, 0xba4},
    {0x4fdf, 0x4fe6, 0xba8},
    {0x4fee, 0x4ff3, 0xbb0},
    {0x4ff5, 0x4ff6, 0xbb6},
    {0x4ffc, 0x4fff, 0xbba},
    {0x5000, 0x5002, 0xbbe},
    {0x5004, 0x5007, 0xbc1},
    {0x5009, 0x5014, 0xbc5},
    {0x5016, 0x501f, 0xbd1},
    {0x5021, 0x502e, 0xbdb},
    {0x5032, 0x5033, 0xbea},
    {0x5035, 0x5036, 0xbec},
    {0x5040, 0x5043, 0xbf0},
    {0x5045, 0x504a, 0xbf4},
    {0x504e, 0x5053, 0xbfb},
    {0x5055, 0x5057, 0xc01},
    {0x5059, 0x505a, 0xc04},
    {0x505f, 0x5060, 0xc07},
    {0x5062, 0x5063, 0xc09},
    {0x5065, 0x5067, 0xc0b},
    {0x506c, 0x506d, 0xc0f},
    {0x5070, 0x5072, 0xc11},
    {0x5074, 0x5078, 0xc14},
    {0x5080, 0x5081, 0xc1a},
    {0x5083, 0x5086, 0xc1c},
    {0x508d, 0x5096, 0xc22},
    {0x5098, 0x509c, 0xc2c},
    {0x509e, 0x50a3, 0xc31},
    {0x50ac, 0x50ad, 0xc38},
    {0x50af, 0x50b5, 0xc3a},
    {0x50b9, 0x50bb, 0xc42},
    {0x50bd, 0x50be, 0xc45},
    {0x50c2, 0x50c5, 0xc48},
    {0x50c9, 0x50ca, 0xc4d},
    {0x50cc, 0x50d1, 0xc4f},
    {0x50d3, 0x50d6, 0xc55},
    {0x50d8, 0x50da, 0xc59},
    {0x50dc, 0x50df, 0xc5c},
    {0x50e1, 0x50e9, 0xc60},
    {0x50ed, 0x50f6, 0xc69},
    {0x50f9, 0x50fb, 0xc73},
    {0x5100, 0x5104, 0xc77},
    {0x5106, 0x5109, 0xc7c},
    {0x510b, 0x510e, 0xc80},
    {0x5114, 0x511f, 0xc86},
    {0x5127, 0x5128, 0xc94},
    {0x512c, 0x512d, 0xc97},
    {0x5131, 0x5135, 0xc9a},
    {0x5137, 0x513c, 0xc9f},
    {0x513f, 0x5150, 0xca5},
    {0x5152, 0x5155, 0xcb7},
    {0x5157, 0x5158, 0xcbb},
    {0x515f, 0x5160, 0xcbf},
    {0x5164, 0x516e, 0xcc2},
    {0x5173, 0x5179, 0xcce},
    {0x517b, 0x517c, 0xcd5},
    {0x5182, 0x5186, 0xcd9},
    {0x5189, 0x5193, 0xcde},
    {0x5195, 0x5199, 0xce9},
    {0x51a0, 0x51a6, 0xcef},
    {0x51a8, 0x51ad, 0xcf6},
    {0x51b0, 0x51b8, 0xcfc},
    {0x51bc, 0x51bf, 0xd06},
    {0x51c2, 0x51c6, 0xd0a},
    {0x51c8, 0x51cd, 0xd0f},
    {0x51d1, 0x51d6, 0xd16},
    {0x51db, 0x51e2, 0xd1d},
    {0x51e5, 0x51e7, 0xd25},
    {0x51e9, 0x51ea, 0xd28},
    {0x51ec, 0x51ee, 0xd2a},
    {0x51f0, 0x51fa, 0xd2d},
    {0x51fd, 0x51fe, 0xd38},
    {0x5200, 0x5208, 0xd3a},
    {0x520a, 0x520b, 0xd43},
    {0x5211, 0x5218, 0xd46},
    {0x5224, 0x522b, 0xd50},
    {0x5230, 0x5233, 0xd59},
    {0x5235, 0x523c, 0xd5d},
    {0x5243, 0x5245, 0xd65},
    {0x5249, 0x524d, 0xd69},
    {0x5254, 0x5258, 0xd6f},
    {0x525a, 0x5261, 0xd74},
    {0x5263, 0x5266, 0xd7c},
    {0x5269, 0x526a, 0xd80},
    {0x526e, 0x5275, 0xd83},
    {0x5277, 0x5279, 0xd8b},
    {0x527f, 0x5280, 0xd8f},
    {0x5282, 0x5285, 0xd91},
    {0x5287, 0x528a, 0xd95},
    {0x528c, 0x528d, 0xd99},
    {0x5291, 0x5298, 0xd9b},
    {0x529a, 0x529c, 0xda3},
    {0x529f, 0x52a0, 0xda6},
    {0x52a3, 0x52a7, 0xda8},
    {0x52a9, 0x52ad, 0xdad},
    {0x52af, 0x52b1, 0xdb2},
    {0x52b4, 0x52be, 0xdb5},
    {0x52c0, 0x52c1, 0xdc0},
    {0x52c3, 0x52ca, 0xdc2},
    {0x52cc, 0x52cd, 0xdca},
    {0x52cf, 0x52d2, 0xdcc},
    {0x52d4, 0x52d9, 0xdd0},
    {0x52db, 0x52ea, 0xdd6},
    {0x52f0, 0x52fb, 0xde7},
    {0x52fe, 0x52ff, 0xdf3},
    {0x5300, 0x5303, 0xdf5},
    {0x5306, 0x5308, 0xdfb},
    {0x530a, 0x530d, 0xdfe},
    {0x530f, 0x5311, 0xe02},
    {0x5315, 0x5321, 0xe06},
    {0x5323, 0x5325, 0xe13},
    {0x5327, 0x532d, 0xe16},
    {0x532f, 0x5333, 0xe1d},
    {0x5338, 0x5343, 0xe23},
    {0x5345, 0x534d, 0xe2f},
    {0x5351, 0x5354, 0xe38},
    {0x5357, 0x535c, 0xe3c},
    {0x5360, 0x5361, 0xe43},
    {0x5363, 0x5367, 0xe45},
    {0x536c, 0x5375, 0xe4b},
    {0x5377, 0x537b, 0xe55},
    {0x537d, 0x537f, 0xe5a},
    {0x5382, 0x5384, 0xe5d},
    {0x5387, 0x5389, 0xe60},
    {0x5393, 0x5394, 0xe64},
    {0x5398, 0x539a, 0xe67},
    {0x539f, 0x53a1, 0xe6b},
    {0x53a4, 0x53a6, 0xe6e},
    {0x53a8, 0x53ab, 0xe71},
    {0x53ad, 0x53b0, 0xe75},
    {0x53b2, 0x53b8, 0xe79},
    {0x53ba, 0x53bb, 0xe80},
    {0x53c0, 0x53c5, 0xe83},
    {0x53c8, 0x53cf, 0xe89},
    {0x53d2, 0x53d7, 0xe91},
    {0x53d9, 0x53db, 0xe97},
    {0x53dd, 0x53f8, 0xe9a},
    {0x5401, 0x5404, 0xeb7},
    {0x5408, 0x5413, 0xebb},
    {0x541a, 0x541b, 0xec7},
    {0x541d, 0x5421, 0xec9},
    {0x5426, 0x542f, 0xecf},
    {0x5433, 0x5436, 0xeda},
    {0x5438, 0x5439, 0xede},
    {0x543b, 0x5440, 0xee0},
    {0x5442, 0x5444, 0xee6},
    {0x5446, 0x544a, 0xee9},
    {0x544c, 0x544f, 0xeee},
    {0x545e, 0x545f, 0xef4},
    {0x5466, 0x546e, 0xef8},
    {0x5470, 0x5471, 0xf01},
    {0x5473, 0x5477, 0xf03},
    {0x547b, 0x547d, 0xf08},
    {0x547f, 0x5481, 0xf0b},
    {0x5483, 0x5486, 0xf0e},
    {0x5488, 0x5492, 0xf12},
    {0x5495, 0x5496, 0xf1d},
    {0x549f, 0x54a2, 0xf20},
    {0x54a4, 0x54af, 0xf24},
    {0x54b1, 0x54b3, 0xf30},
    {0x54b7, 0x54c4, 0xf33},
    {0x54c6, 0x54ca, 0xf41},
    {0x54cd, 0x54ce, 0xf46},
    {0x54e0, 0x54e2, 0xf49},
    {0x54e5, 0x54e6, 0xf4c},
    {0x54e8, 0x54ea, 0xf4e},
    {0x54ec, 0x54ef, 0xf51},
    {0x54f1, 0x54f3, 0xf55},
    {0x54fc, 0x54ff, 0xf5a},
    {0x5500, 0x5501, 0xf5e},
    {0x5504, 0x5509, 0xf60},
    {0x550c, 0x5510, 0xf66},
    {0x5514, 0x5516, 0xf6b},
    {0x552a, 0x552b, 0xf6f},
    {0x552e, 0x552f, 0xf71},
    {0x5531, 0x5533, 0xf73},
    {0x5535, 0x5536, 0xf76},
    {0x5538, 0x5539, 0xf78},
    {0x553b, 0x553e, 0xf7a},
    {0x5540, 0x5541, 0xf7e},
    {0x5544, 0x5547, 0xf80},
    {0x5549, 0x554a, 0xf84},
    {0x554c, 0x554d, 0xf86},
    {0x554f, 0x5551, 0xf88},
    {0x5556, 0x5558, 0xf8c},
    {0x555a, 0x555e, 0xf8f},
    {0x5560, 0x5561, 0xf94},
    {0x5563, 0x5564, 0xf96},
    {0x557b, 0x5584, 0xf99},
    {0x5586, 0x558b, 0xfa3},
    {0x558e, 0x558f, 0xfa9},
    {0x5591, 0x5594, 0xfab},
    {0x5597, 0x559a, 0xfaf},
    {0x559c, 0x559f, 0xfb3},
    {0x55a3, 0x55a4, 0xfb7},
    {0x55a7, 0x55ae, 0xfb9},
    {0x55c3, 0x55c7, 0xfc6},
    {0x55cb, 0x55cc, 0xfcc},
    {0x55d1, 0x55d4, 0xfcf},
    {0x55d7, 0x55d8, 0xfd3},
    {0x55da, 0x55df, 0xfd5},
    {0x55e2, 0x55e4, 0xfdb},
    {0x55f6, 0x55f9, 0xfe2},
    {0x55fd, 0x55ff, 0xfe6},
    {0x5605, 0x560a, 0xfe9},
    {0x560d, 0x5612, 0xfef},
    {0x5616, 0x5619, 0xff6},
    {0x5628, 0x5629, 0xffc},
    {0x562f, 0x5639, 0xfff},
    {0x563b, 0x563d, 0x100a},
    {0x563f, 0x5644, 0x100d},
    {0x5646, 0x5647, 0x1013},
    {0x564b, 0x5650, 0x1016},
    {0x5653, 0x5654, 0x101c},
    {0x5660, 0x5664, 0x1020},
    {0x5668, 0x566d, 0x1026},
    {0x5671, 0x5672, 0x102d},
    {0x5674, 0x5676, 0x102f},
    {0x5684, 0x5688, 0x1035},
    {0x568a, 0x568c, 0x103a},
    {0x5694, 0x5695, 0x103e},
    {0x5699, 0x569a, 0x1040},
    {0x569d, 0x56a0, 0x1042},
    {0x56a5, 0x56a9, 0x1047},
    {0x56ab, 0x56ae, 0x104c},
    {0x56b1, 0x56b4, 0x1050},
    {0x56b6, 0x56b7, 0x1054},
    {0x56c0, 0x56c3, 0x1058},
    {0x56c8, 0x56d1, 0x105d},
    {0x56d7, 0x56e1, 0x1068},
    {0x56e3, 0x56e8, 0x1073},
    {0x56ed, 0x56ee, 0x107a},
    {0x56f0, 0x56f3, 0x107c},
    {0x56f6, 0x56f7, 0x1080},
    {0x56f9, 0x56fa, 0x1082},
    {0x5700, 0x5704, 0x1086},
    {0x5707, 0x570d, 0x108b},
    {0x5711, 0x5713, 0x1093},
    {0x5715, 0x5716, 0x1096},
    {0x571a, 0x571d, 0x1099},
    {0x571f, 0x572a, 0x109d},
    {0x572c, 0x5730, 0x10a9},
    {0x5733, 0x5734, 0x10ae},
    {0x5737, 0x5738, 0x10b0},
    {0x573d, 0x5740, 0x10b3},
    {0x5745, 0x5747, 0x10b8},
    {0x574c, 0x5752, 0x10bc},
    {0x5761, 0x5762, 0x10c5},
    {0x5764, 0x576b, 0x10c7},
    {0x576d, 0x5771, 0x10cf},
    {0x5773, 0x5775, 0x10d4},
    {0x5779, 0x577c, 0x10d8},
    {0x577e, 0x577f, 0x10dc},
    {0x5781, 0x5783, 0x10de},
    {0x5788, 0x5789, 0x10e1},
    {0x578b, 0x578c, 0x10e3},
    {0x5793, 0x5795, 0x10e5},
    {0x5799, 0x579a, 0x10e9},
    {0x579c, 0x57a4, 0x10eb},
    {0x57a7, 0x57aa, 0x10f4},
    {0x57c6, 0x57c8, 0x1100},
    {0x57cb, 0x57cc, 0x1103},
    {0x57ce, 0x57cf, 0x1105},
    {0x57d2, 0x57d7, 0x1107},
    {0x57dc, 0x57e1, 0x110d},
    {0x57e3, 0x57e4, 0x1113},
    {0x57e6, 0x57e7, 0x1115},
    {0x57f4, 0x57ff, 0x111a},
    {0x5802, 0x5806, 0x1127},
    {0x5808, 0x580d, 0x112c},
    {0x581d, 0x5821, 0x1135},
    {0x5826, 0x5827, 0x113b},
    {0x582f, 0x5832, 0x113f},
    {0x5834, 0x5835, 0x1143},
    {0x5839, 0x583a, 0x1145},
    {0x583f, 0x5841, 0x1148},
    {0x5849, 0x584d, 0x114b},
    {0x584f, 0x5852, 0x1150},
    {0x5854, 0x5855, 0x1154},
    {0x5857, 0x585a, 0x1156},
    {0x585e, 0x585f, 0x115a},
    {0x5861, 0x5862, 0x115c},
    {0x5867, 0x5869, 0x115f},
    {0x5878, 0x5879, 0x1167},
    {0x587e, 0x5881, 0x116a},
    {0x5887, 0x588d, 0x1170},
    {0x588f, 0x5890, 0x1177},
    {0x5893, 0x5894, 0x1179},
    {0x5896, 0x5898, 0x117b},
    {0x589c, 0x58a2, 0x117e},
    {0x58a8, 0x58ab, 0x1186},
    {0x58b1, 0x58b3, 0x118b},
    {0x58b8, 0x58bc, 0x118e},
    {0x58c1, 0x58c5, 0x1194},
    {0x58c7, 0x58c8, 0x1199},
    {0x58cc, 0x58ce, 0x119c},
    {0x58d0, 0x58da, 0x119f},
    {0x58dc, 0x58e2, 0x11aa},
    {0x58e4, 0x58e5, 0x11b1},
    {0x58eb, 0x58ec, 0x11b4},
    {0x58ee, 0x58f4, 0x11b6},
    {0x58f9, 0x58fd, 0x11be},
    {0x5905, 0x5906, 0x11c4},
    {0x5909, 0x590d, 0x11c6},
    {0x590f, 0x5910, 0x11cb},
    {0x5912, 0x5916, 0x11cd},
    {0x5918, 0x591d, 0x11d2},
    {0x5921, 0x5925, 0x11d9},
    {0x5927, 0x5933, 0x11de},
    {0x5935, 0x5939, 0x11eb},
    {0x593d, 0x593f, 0x11f0},
    {0x5943, 0x5944, 0x11f3},
    {0x5946, 0x5949, 0x11f5},
    {0x594e, 0x5955, 0x11f9},
    {0x5957, 0x595b, 0x1201},
    {0x595d, 0x5963, 0x1206},
    {0x5967, 0x596f, 0x120e},
    {0x5972, 0x5976, 0x1217},
    {0x5978, 0x5979, 0x121c},
    {0x597b, 0x597d, 0x121e},
    {0x5981, 0x5984, 0x1221},
    {0x598a, 0x598e, 0x1225},
    {0x5992, 0x5993, 0x122a},
    {0x5995, 0x5997, 0x122c},
    {0x59a3, 0x59a5, 0x1233},
    {0x59a7, 0x59a8, 0x1236},
    {0x59ac, 0x59b0, 0x1238},
    {0x59b2, 0x59b3, 0x123d},
    {0x59b9, 0x59bc, 0x1240},
    {0x59c3, 0x59c4, 0x1246},
    {0x59c8, 0x59cb, 0x1249},
    {0x59d0, 0x59d4, 0x124e},
    {0x59d9, 0x59da, 0x1253},
    {0x59dc, 0x59df, 0x1255},
    {0x59e3, 0x59e8, 0x1259},
    {0x59ea, 0x59ec, 0x125f},
    {0x59ee, 0x59ef, 0x1262},
    {0x59f1, 0x59f2, 0x1264},
    {0x59f6, 0x59f8, 0x1267},
    {0x5a00, 0x5a01, 0x126c},
    {0x5a03, 0x5a04, 0x126e},
    {0x5a0c, 0x5a0e, 0x1271},
    {0x5a11, 0x5a13, 0x1274},
    {0x5a17, 0x5a18, 0x1277},
    {0x5a1a, 0x5a1c, 0x1279},
    {0x5a1e, 0x5a20, 0x127c},
    {0x5a23, 0x5a25, 0x127f},
    {0x5a27, 0x5a2a, 0x1282},
    {0x5a2f, 0x5a30, 0x1287},
    {0x5a35, 0x5a36, 0x1289},
    {0x5a40, 0x5a41, 0x128c},
    {0x5a44, 0x5a49, 0x128e},
    {0x5a62, 0x5a63, 0x1299},
    {0x5a65, 0x5a67, 0x129b},
    {0x5a6c, 0x5a6d, 0x129f},
    {0x5a7a, 0x5a7b, 0x12a2},
    {0x5a7e, 0x5a7f, 0x12a4},
    {0x5a92, 0x5a93, 0x12a9},
    {0x5a99, 0x5a9c, 0x12ac},
    {0x5a9e, 0x5aa0, 0x12b0},
    {0x5ab1, 0x5ab3, 0x12b6},
    {0x5aba, 0x5abf, 0x12bb},
    {0x5ac1, 0x5ac2, 0x12c1},
    {0x5ac8, 0x5ac9, 0x12c5},
    {0x5acb, 0x5acc, 0x12c7},
    {0x5acf, 0x5ad0, 0x12c9},
    {0x5ad6, 0x5ad7, 0x12cb},
    {0x5ae0, 0x5ae1, 0x12cf},
    {0x5ae5, 0x5ae6, 0x12d2},
    {0x5ae9, 0x5aea, 0x12d4},
    {0x5af5, 0x5af6, 0x12d8},
    {0x5afa, 0x5afb, 0x12da},
    {0x5b00, 0x5b01, 0x12dd},
    {0x5b08, 0x5b09, 0x12df},
    {0x5b0b, 0x5b0c, 0x12e1},
    {0x5b16, 0x5b17, 0x12e3},
    {0x5b21, 0x5b22, 0x12e8},
    {0x5b2c, 0x5b2d, 0x12ec},
    {0x5b40, 0x5b41, 0x12f4},
    {0x5b4b, 0x5b4c, 0x12f8},
    {0x5b50, 0x5b52, 0x12fa},
    {0x5b54, 0x5b58, 0x12fd},
    {0x5b5a, 0x5b5f, 0x1302},
    {0x5b63, 0x5b66, 0x1308},
    {0x5b68, 0x5b69, 0x130c},
    {0x5b6e, 0x5b71, 0x130f},
    {0x5b75, 0x5b76, 0x1314},
    {0x5b7c, 0x5b91, 0x1318},
    {0x5b93, 0x5b9d, 0x132e},
    {0x5ba2, 0x5ba6, 0x133a},
    {0x5ba8, 0x5ba9, 0x133f},
    {0x5bac, 0x5bba, 0x1341},
    {0x5bbf, 0x5bc7, 0x1351},
    {0x5bcc, 0x5bd0, 0x135b},
    {0x5bd2, 0x5bd4, 0x1360},
    {0x5bd6, 0x5bdb, 0x1363},
    {0x5bdd, 0x5be2, 0x1369},
    {0x5be4, 0x5be9, 0x136f},
    {0x5beb, 0x5bec, 0x1375},
    {0x5bee, 0x5bf1, 0x1377},
    {0x5bf3, 0x5bf6, 0x137b},
    {0x5bfd, 0x5bff, 0x1381},
    {0x5c01, 0x5c0f, 0x1384},
    {0x5c11, 0x5c14, 0x1393},
    {0x5c16, 0x5c17, 0x1397},
    {0x5c19, 0x5c1a, 0x1399},
    {0x5c1e, 0x5c20, 0x139b},
    {0x5c22, 0x5c24, 0x139e},
    {0x5c28, 0x5c2e, 0x13a2},
    {0x5c30, 0x5c32, 0x13a9},
    {0x5c35, 0x5c36, 0x13ac},
    {0x5c38, 0x5c41, 0x13ae},
    {0x5c45, 0x5c46, 0x13b8},
    {0x5c4a, 0x5c4b, 0x13bb},
    {0x5c4d, 0x5c51, 0x13bd},
    {0x5c59, 0x5c5c, 0x13c4},
    {0x5c5e, 0x5c65, 0x13c8},
    {0x5c67, 0x5c69, 0x13d0},
    {0x5c6c, 0x5c71, 0x13d3},
    {0x5c74, 0x5c76, 0x13d9},
    {0x5c79, 0x5c7d, 0x13dc},
    {0x5c87, 0x5c88, 0x13e1},
    {0x5c8f, 0x5c92, 0x13e5},
    {0x5c9f, 0x5ca3, 0x13eb},
    {0x5ca6, 0x5cad, 0x13f0},
    {0x5cb1, 0x5cb8, 0x13f8},
    {0x5cba, 0x5cbc, 0x1400},
    {0x5ce0, 0x5ce1, 0x140d},
    {0x5ce8, 0x5cea, 0x1410},
    {0x5ced, 0x5cf2, 0x1413},
    {0x5cf4, 0x5cf6, 0x1419},
    {0x5cfa, 0x5cfb, 0x141c},
    {0x5d06, 0x5d07, 0x1420},
    {0x5d0d, 0x5d0e, 0x1423},
    {0x5d10, 0x5d12, 0x1425},
    {0x5d14, 0x5d1b, 0x1428},
    {0x5d1f, 0x5d20, 0x1431},
    {0x5d22, 0x5d24, 0x1433},
    {0x5d26, 0x5d27, 0x1436},
    {0x5d42, 0x5d43, 0x143f},
    {0x5d46, 0x5d48, 0x1441},
    {0x5d4a, 0x5d4c, 0x1444},
    {0x5d50, 0x5d53, 0x1448},
    {0x5d5f, 0x5d62, 0x144f},
    {0x5d69, 0x5d6a, 0x1454},
    {0x5d6c, 0x5d6d, 0x1456},
    {0x5d6f, 0x5d70, 0x1458},
    {0x5d79, 0x5d7a, 0x145c},
    {0x5d7e, 0x5d7f, 0x145e},
    {0x5d81, 0x5d84, 0x1460},
    {0x5d87, 0x5d88, 0x1464},
    {0x5d8a, 0x5d8c, 0x1466},
    {0x5d92, 0x5d95, 0x146a},
    {0x5d9f, 0x5da0, 0x1472},
    {0x5dab, 0x5dac, 0x1477},
    {0x5db7, 0x5dba, 0x147d},
    {0x5dbc, 0x5dbd, 0x1481},
    {0x5dcb, 0x5dce, 0x1486},
    {0x5dd0, 0x5dd3, 0x148a},
    {0x5dd6, 0x5dd9, 0x148e},
    {0x5ddd, 0x5dde, 0x1493},
    {0x5de0, 0x5de9, 0x1495},
    {0x5df1, 0x5df5, 0x14a1},
    {0x5df7, 0x5df9, 0x14a6},
    {0x5dfd, 0x5dff, 0x14aa},
    {0x5e02, 0x5e03, 0x14ae},
    {0x5e06, 0x5e07, 0x14b0},
    {0x5e0b, 0x5e0d, 0x14b2},
    {0x5e11, 0x5e12, 0x14b5},
    {0x5e14, 0x5e16, 0x14b7},
    {0x5e18, 0x5e1b, 0x14ba},
    {0x5e1f, 0x5e20, 0x14bf},
    {0x5e2d, 0x5e30, 0x14c4},
    {0x5e32, 0x5e33, 0x14c8},
    {0x5e35, 0x5e38, 0x14ca},
    {0x5e3d, 0x5e3e, 0x14ce},
    {0x5e43, 0x5e45, 0x14d1},
    {0x5e4b, 0x5e4c, 0x14d6},
    {0x5e50, 0x5e51, 0x14d9},
    {0x5e54, 0x5e58, 0x14db},
    {0x5e5b, 0x5e5c, 0x14e0},
    {0x5e5e, 0x5e5f, 0x14e2},
    {0x5e61, 0x5e64, 0x14e4},
    {0x5e6a, 0x5e6e, 0x14e9},
    {0x5e72, 0x5e81, 0x14ef},
    {0x5e83, 0x5e84, 0x14ff},
    {0x5e8a, 0x5e8b, 0x1502},
    {0x5e8e, 0x5e8f, 0x1504},
    {0x5e95, 0x5e97, 0x1506},
    {0x5e99, 0x5e9a, 0x1509},
    {0x5ea4, 0x5ea8, 0x150e},
    {0x5eaa, 0x5ead, 0x1513},
    {0x5eb5, 0x5eb9, 0x1519},
    {0x5ebd, 0x5ebf, 0x151e},
    {0x5ec1, 0x5ec3, 0x1521},
    {0x5ec8, 0x5ecc, 0x1525},
    {0x5ece, 0x5ed6, 0x152a},
    {0x5ed9, 0x5ee3, 0x1533},
    {0x5ee8, 0x5ee9, 0x153f},
    {0x5eeb, 0x5eec, 0x1541},
    {0x5ef0, 0x5ef1, 0x1543},
    {0x5ef3, 0x5ef4, 0x1545},
    {0x5ef6, 0x5eff, 0x1547},
    {0x5f00, 0x5f04, 0x1551},
    {0x5f06, 0x5f11, 0x1556},
    {0x5f13, 0x5f19, 0x1562},
    {0x5f1b, 0x5f1f, 0x1569},
    {0x5f21, 0x5f29, 0x156e},
    {0x5f2b, 0x5f31, 0x1577},
    {0x5f34, 0x5f38, 0x157e},
    {0x5f3a, 0x5f41, 0x1583},
    {0x5f44, 0x5f45, 0x158b},
    {0x5f47, 0x5f48, 0x158d},
    {0x5f4c, 0x5f4e, 0x1590},
    {0x5f50, 0x5f51, 0x1593},
    {0x5f53, 0x5f54, 0x1595},
    {0x5f56, 0x5f59, 0x1597},
    {0x5f5b, 0x5f5d, 0x159b},
    {0x5f60, 0x5f67, 0x159e},
    {0x5f69, 0x5f6d, 0x15a6},
    {0x5f6f, 0x5f75, 0x15ab},
    {0x5f77, 0x5f7a, 0x15b2},
    {0x5f7c, 0x5f85, 0x15b6},
    {0x5f87, 0x5f8d, 0x15c0},
    {0x5f8f, 0x5f93, 0x15c7},
    {0x5f96, 0x5f99, 0x15cc},
    {0x5f9c, 0x5f9e, 0x15d0},
    {0x5fa0, 0x5fa2, 0x15d3},
    {0x5fa7, 0x5fb1, 0x15d7},
    {0x5fb3, 0x5fb5, 0x15e2},
    {0x5fb7, 0x5fb9, 0x15e5},
    {0x5fbc, 0x5fbd, 0x15e8},
    {0x5fc3, 0x5fc5, 0x15ea},
    {0x5fc7, 0x5fc9, 0x15ed},
    {0x5fcb, 0x5fcd, 0x15f0},
    {0x5fd0, 0x5fd4, 0x15f3},
    {0x5fd6, 0x5fd9, 0x15f8},
    {0x5fdc, 0x5fde, 0x15fc},
    {0x5fe0, 0x5fe2, 0x15ff},
    {0x5fe8, 0x5ff3, 0x1603},
    {0x5ff5, 0x5ff6, 0x160f},
    {0x5ffa, 0x5ffd, 0x1612},
    {0x600d, 0x6010, 0x1619},
    {0x6012, 0x601d, 0x161d},
    {0x601f, 0x6022, 0x1629},
    {0x6024, 0x602b, 0x162d},
    {0x6040, 0x6043, 0x163b},
    {0x6046, 0x604d, 0x163f},
    {0x6050, 0x6052, 0x1647},
    {0x6054, 0x6057, 0x164a},
    {0x6059, 0x605a, 0x164e},
    {0x605f, 0x6065, 0x1651},
    {0x6067, 0x606d, 0x1658},
    {0x606f, 0x6071, 0x165f},
    {0x607e, 0x607f, 0x1664},
    {0x6081, 0x6086, 0x1666},
    {0x6088, 0x608e, 0x166c},
    {0x6091, 0x6098, 0x1673},
    {0x609a, 0x609b, 0x167b},
    {0x609d, 0x60a0, 0x167d},
    {0x60a2, 0x60aa, 0x1681},
    {0x60b0, 0x60b8, 0x168a},
    {0x60bb, 0x60be, 0x1693},
    {0x60c4, 0x60cb, 0x1698},
    {0x60ce, 0x60cf, 0x16a0},
    {0x60d3, 0x60d5, 0x16a3},
    {0x60d8, 0x60e3, 0x16a6},
    {0x60e7, 0x60e8, 0x16b3},
    {0x60f0, 0x60fd, 0x16b6},
    {0x6100, 0x6103, 0x16c4},
    {0x6106, 0x610a, 0x16c8},
    {0x610c, 0x6117, 0x16cd},
    {0x6119, 0x611c, 0x16d9},
    {0x611e, 0x6122, 0x16dd},
    {0x6127, 0x6128, 0x16e2},
    {0x612a, 0x612c, 0x16e4},
    {0x6130, 0x6131, 0x16e7},
    {0x6134, 0x6137, 0x16e9},
    {0x6139, 0x613a, 0x16ed},
    {0x613c, 0x613f, 0x16ef},
    {0x6141, 0x6142, 0x16f3},
    {0x6144, 0x614e, 0x16f5},
    {0x6158, 0x615a, 0x1702},
    {0x615d, 0x6160, 0x1705},
    {0x6162, 0x6165, 0x1709},
    {0x6167, 0x6168, 0x170d},
    {0x616b, 0x616c, 0x170f},
    {0x616e, 0x6178, 0x1711},
    {0x617b, 0x6184, 0x171c},
    {0x618a, 0x618b, 0x1727},
    {0x618d, 0x618e, 0x1729},
    {0x6190, 0x6194, 0x172b},
    {0x6196, 0x619a, 0x1730},
    {0x619c, 0x619d, 0x1735},
    {0x619f, 0x61a0, 0x1737},
    {0x61a4, 0x61a5, 0x1739},
    {0x61a7, 0x61ae, 0x173b},
    {0x61b8, 0x61ba, 0x1745},
    {0x61c0, 0x61c3, 0x174a},
    {0x61c6, 0x61d0, 0x174e},
    {0x61dc, 0x61df, 0x175a},
    {0x61e1, 0x61e3, 0x175e},
    {0x61e5, 0x61e9, 0x1761},
    {0x61ec, 0x61ed, 0x1766},
    {0x61f4, 0x61f8, 0x176a},
    {0x61fc, 0x61ff, 0x1770},
    {0x6200, 0x6201, 0x1774},
    {0x6203, 0x6204, 0x1776},
    {0x6207, 0x620a, 0x1778},
    {0x620c, 0x620e, 0x177c},
    {0x6210, 0x6216, 0x177f},
    {0x621a, 0x6223, 0x1786},
    {0x6226, 0x6227, 0x1790},
    {0x6229, 0x622b, 0x1792},
    {0x622e, 0x6234, 0x1795},
    {0x6238, 0x6239, 0x179d},
    {0x623d, 0x6244, 0x17a0},
    {0x6246, 0x6249, 0x17a8},
    {0x624b, 0x624e, 0x17ac},
    {0x6250, 0x6256, 0x17b0},
    {0x625a, 0x625c, 0x17b8},
    {0x6260, 0x6261, 0x17bc},
    {0x6263, 0x6264, 0x17be},
    {0x626d, 0x626f, 0x17c1},
    {0x6279, 0x6280, 0x17c7},
    {0x6282, 0x6285, 0x17cf},
    {0x6289, 0x628a, 0x17d3},
    {0x628d, 0x6299, 0x17d5},
    {0x629b, 0x629c, 0x17e2},
    {0x62ab, 0x62ac, 0x17e7},
    {0x62b5, 0x62b7, 0x17eb},
    {0x62b9, 0x62bf, 0x17ee},
    {0x62c4, 0x62ca, 0x17f6},
    {0x62cc, 0x62dd, 0x17fd},
    {0x62e0, 0x62e1, 0x180f},
    {0x62ec, 0x62ef, 0x1812},
    {0x62f1, 0x62f7, 0x1816},
    {0x62fc, 0x62ff, 0x181d},
    {0x6301, 0x6304, 0x1821},
    {0x6307, 0x630d, 0x1825},
    {0x6310, 0x6311, 0x182c},
    {0x6318, 0x6319, 0x1830},
    {0x6327, 0x632b, 0x1834},
    {0x6335, 0x6336, 0x183c},
    {0x6339, 0x633f, 0x183e},
    {0x6341, 0x6344, 0x1845},
    {0x6349, 0x6350, 0x184a},
    {0x6352, 0x6355, 0x1852},
    {0x6357, 0x6359, 0x1856},
    {0x635b, 0x635c, 0x1859},
    {0x6365, 0x6369, 0x185b},
    {0x636b, 0x636e, 0x1860},
    {0x6371, 0x6372, 0x1864},
    {0x6374, 0x6378, 0x1866},
    {0x637a, 0x637d, 0x186b},
    {0x637f, 0x6380, 0x186f},
    {0x6382, 0x6384, 0x1871},
    {0x6387, 0x638a, 0x1874},
    {0x638e, 0x6390, 0x1879},
    {0x6394, 0x6396, 0x187d},
    {0x6398, 0x639b, 0x1880},
    {0x639e, 0x63af, 0x1884},
    {0x63b4, 0x63b5, 0x1897},
    {0x63bd, 0x63be, 0x189a},
    {0x63c0, 0x63c1, 0x189c},
    {0x63c3, 0x63c6, 0x189e},
    {0x63c8, 0x63c9, 0x18a2},
    {0x63ce, 0x63d6, 0x18a4},
    {0x63da, 0x63dc, 0x18ad},
    {0x63e0, 0x63e1, 0x18b0},
    {0x63e9, 0x63ee, 0x18b4},
    {0x63f2, 0x63fa, 0x18ba},
    {0x6409, 0x640a, 0x18c4},
    {0x640f, 0x6410, 0x18c7},
    {0x6412, 0x6414, 0x18c9},
    {0x6416, 0x6418, 0x18cc},
    {0x6424, 0x6426, 0x18d3},
    {0x6428, 0x642a, 0x18d6},
    {0x642c, 0x642d, 0x18d9},
    {0x642f, 0x6430, 0x18db},
    {0x6434, 0x6436, 0x18dd},
    {0x643d, 0x643f, 0x18e1},
    {0x644e, 0x644f, 0x18e6},
    {0x6451, 0x6454, 0x18e8},
    {0x645a, 0x645d, 0x18ed},
    {0x645f, 0x6461, 0x18f1},
    {0x6473, 0x6474, 0x18f9},
    {0x6478, 0x647b, 0x18fc},
    {0x6487, 0x6488, 0x1903},
    {0x648f, 0x6493, 0x1905},
    {0x6498, 0x649b, 0x190b},
    {0x649d, 0x649f, 0x190f},
    {0x64a3, 0x64a6, 0x1913},
    {0x64a8, 0x64a9, 0x1917},
    {0x64ab, 0x64ae, 0x1919},
    {0x64b2, 0x64b3, 0x191e},
    {0x64bb, 0x64bf, 0x1921},
    {0x64c1, 0x64c2, 0x1926},
    {0x64c4, 0x64c5, 0x1928},
    {0x64c9, 0x64ce, 0x192b},
    {0x64d0, 0x64d2, 0x1931},
    {0x64d4, 0x64d5, 0x1934},
    {0x64d7, 0x64d8, 0x1936},
    {0x64e0, 0x64e7, 0x1939},
    {0x64e9, 0x64ea, 0x1941},
    {0x64ec, 0x64ed, 0x1943},
    {0x64ef, 0x64f2, 0x1945},
    {0x64f4, 0x64f7, 0x1949},
    {0x64fa, 0x64fb, 0x194d},
    {0x64fd, 0x64ff, 0x194f},
    {0x6500, 0x6501, 0x1952},
    {0x6504, 0x6505, 0x1954},
    {0x6508, 0x650a, 0x1956},
    {0x6513, 0x6514, 0x195a},
    {0x6518, 0x6519, 0x195d},
    {0x651b, 0x651f, 0x195f},
    {0x6522, 0x6524, 0x1964},
    {0x6529, 0x652c, 0x1968},
    {0x652e, 0x652f, 0x196c},
    {0x6531, 0x6532, 0x196e},
    {0x6534, 0x653f, 0x1970},
    {0x6543, 0x6545, 0x197c},
    {0x6547, 0x6549, 0x197f},
    {0x654d, 0x6552, 0x1982},
    {0x6554, 0x6559, 0x1988},
    {0x655d, 0x6560, 0x198e},
    {0x6562, 0x6563, 0x1992},
    {0x6566, 0x6567, 0x1994},
    {0x656b, 0x656c, 0x1996},
    {0x6574, 0x6575, 0x199a},
    {0x6577, 0x6578, 0x199c},
    {0x6581, 0x6585, 0x19a0},
    {0x6587, 0x658a, 0x19a5},
    {0x6590, 0x6592, 0x19ab},
    {0x6597, 0x6599, 0x19af},
    {0x659b, 0x659d, 0x19b2},
    {0x659f, 0x65a1, 0x19b5},
    {0x65a3, 0x65a7, 0x19b8},
    {0x65ab, 0x65b0, 0x19bd},
    {0x65b2, 0x65b5, 0x19c3},
    {0x65b7, 0x65b9, 0x19c7},
    {0x65bc, 0x65bf, 0x19ca},
    {0x65c1, 0x65c6, 0x19ce},
    {0x65c8, 0x65c9, 0x19d4},
    {0x65cb, 0x65cc, 0x19d6},
    {0x65ce, 0x65d0, 0x19d8},
    {0x65d6, 0x65d9, 0x19dd},
    {0x65df, 0x65e3, 0x19e2},
    {0x65e5, 0x65e9, 0x19e7},
    {0x65ec, 0x65ed, 0x19ec},
    {0x65f0, 0x65f2, 0x19ee},
    {0x65f4, 0x65f5, 0x19f1},
    {0x65f9, 0x65fc, 0x19f3},
    {0x65fe, 0x65ff, 0x19f7},
    {0x6602, 0x6604, 0x19fa},
    {0x6606, 0x660a, 0x19fd},
    {0x660c, 0x660f, 0x1a02},
    {0x6611, 0x6616, 0x1a06},
    {0x661c, 0x6631, 0x1a0c},
    {0x6633, 0x6637, 0x1a22},
    {0x6639, 0x663c, 0x1a27},
    {0x663f, 0x6646, 0x1a2b},
    {0x6648, 0x664c, 0x1a33},
    {0x664e, 0x664f, 0x1a38},
    {0x6651, 0x6652, 0x1a3a},
    {0x6657, 0x6670, 0x1a3c},
    {0x6673, 0x667c, 0x1a56},
    {0x667e, 0x6681, 0x1a60},
    {0x6683, 0x6684, 0x1a64},
    {0x6687, 0x6689, 0x1a66},
    {0x668b, 0x668e, 0x1a69},
    {0x6690, 0x6692, 0x1a6d},
    {0x6696, 0x669d, 0x1a70},
    {0x669f, 0x66a0, 0x1a78},
    {0x66ad, 0x66ae, 0x1a7e},
    {0x66b1, 0x66b5, 0x1a80},
    {0x66b8, 0x66b9, 0x1a85},
    {0x66bb, 0x66bc, 0x1a87},
    {0x66be, 0x66c4, 0x1a89},
    {0x66c6, 0x66c9, 0x1a90},
    {0x66ce, 0x66cf, 0x1a95},
    {0x66d9, 0x66dd, 0x1a99},
    {0x66df, 0x66e0, 0x1a9e},
    {0x66e8, 0x66e9, 0x1aa1},
    {0x66eb, 0x66ec, 0x1aa3},
    {0x66f2, 0x66f5, 0x1aa7},
    {0x66f7, 0x66ff, 0x1aab},
    {0x6700, 0x6701, 0x1ab4},
    {0x6707, 0x6709, 0x1ab8},
    {0x670d, 0x670f, 0x1abc},
    {0x6712, 0x6717, 0x1abf},
    {0x671b, 0x6720, 0x1ac6},
    {0x6725, 0x6728, 0x1acd},
    {0x672a, 0x672e, 0x1ad1},
    {0x6733, 0x6738, 0x1ad7},
    {0x673d, 0x673f, 0x1ade},
    {0x6745, 0x6749, 0x1ae3},
    {0x674c, 0x6751, 0x1ae8},
    {0x6753, 0x6756, 0x1aee},
    {0x675c, 0x6766, 0x1af3},
    {0x676c, 0x6777, 0x1aff},
    {0x677b, 0x677c, 0x1b0b},
    {0x677e, 0x6781, 0x1b0d},
    {0x6784, 0x6785, 0x1b11},
    {0x678b, 0x678c, 0x1b15},
    {0x678e, 0x6793, 0x1b17},
    {0x6795, 0x679d, 0x1b1d},
    {0x67a0, 0x67a2, 0x1b26},
    {0x67af, 0x67b9, 0x1b2c},
    {0x67bb, 0x67be, 0x1b37},
    {0x67c0, 0x67c6, 0x1b3b},
    {0x67c8, 0x67ca, 0x1b42},
    {0x67ce, 0x67d4, 0x1b45},
    {0x67d7, 0x67de, 0x1b4c},
    {0x67e1, 0x67e2, 0x1b54},
    {0x67e6, 0x67e7, 0x1b57},
    {0x67ee, 0x67f7, 0x1b5b},
    {0x67f9, 0x67fc, 0x1b65},
    {0x67fe, 0x67ff, 0x1b69},
    {0x6801, 0x6805, 0x1b6b},
    {0x6813, 0x6814, 0x1b71},
    {0x6816, 0x6819, 0x1b73},
    {0x681d, 0x681f, 0x1b77},
    {0x6821, 0x6822, 0x1b7a},
    {0x6827, 0x682d, 0x1b7c},
    {0x682f, 0x6834, 0x1b83},
    {0x6838, 0x6839, 0x1b89},
    {0x683b, 0x6846, 0x1b8b},
    {0x6848, 0x684a, 0x1b97},
    {0x684c, 0x684e, 0x1b9a},
    {0x6850, 0x6855, 0x1b9d},
    {0x6857, 0x6859, 0x1ba3},
    {0x685b, 0x685d, 0x1ba6},
    {0x686e, 0x6872, 0x1bad},
    {0x6874, 0x6877, 0x1bb2},
    {0x6879, 0x687c, 0x1bb6},
    {0x687e, 0x687f, 0x1bba},
    {0x6881, 0x6886, 0x1bbc},
    {0x688d, 0x6890, 0x1bc3},
    {0x6893, 0x6894, 0x1bc7},
    {0x6896, 0x689d, 0x1bc9},
    {0x689f, 0x68a3, 0x1bd1},
    {0x68a5, 0x68ab, 0x1bd6},
    {0x68ad, 0x68b6, 0x1bdd},
    {0x68b9, 0x68bc, 0x1be7},
    {0x68c3, 0x68c6, 0x1beb},
    {0x68c8, 0x68cd, 0x1bef},
    {0x68cf, 0x68da, 0x1bf5},
    {0x68dc, 0x68dd, 0x1c01},
    {0x68df, 0x68e1, 0x1c03},
    {0x68e3, 0x68e5, 0x1c06},
    {0x68e7, 0x68e8, 0x1c09},
    {0x68ea, 0x68f2, 0x1c0b},
    {0x68f5, 0x68f7, 0x1c14},
    {0x68f9, 0x68fd, 0x1c17},
    {0x6900, 0x6901, 0x1c1c},
    {0x6903, 0x6913, 0x1c1e},
    {0x6916, 0x6917, 0x1c2f},
    {0x6919, 0x691c, 0x1c31},
    {0x6921, 0x6923, 0x1c35},
    {0x6925, 0x6926, 0x1c38},
    {0x6930, 0x6931, 0x1c3c},
    {0x6933, 0x6936, 0x1c3e},
    {0x6938, 0x6939, 0x1c42},
    {0x6945, 0x6946, 0x1c48},
    {0x6949, 0x694a, 0x1c4a},
    {0x6953, 0x6955, 0x1c4d},
    {0x6959, 0x695e, 0x1c51},
    {0x6960, 0x6966, 0x1c57},
    {0x6968, 0x6975, 0x1c5e},
    {0x6977, 0x6982, 0x1c6c},
    {0x698d, 0x698e, 0x1c7a},
    {0x6991, 0x6992, 0x1c7c},
    {0x6994, 0x6996, 0x1c7e},
    {0x699b, 0x699c, 0x1c82},
    {0x69a0, 0x69a1, 0x1c84},
    {0x69a5, 0x69a8, 0x1c86},
    {0x69ad, 0x69b2, 0x1c8b},
    {0x69b7, 0x69b8, 0x1c92},
    {0x69ba, 0x69bc, 0x1c94},
    {0x69be, 0x69c1, 0x1c97},
    {0x69c7, 0x69c8, 0x1c9d},
    {0x69ca, 0x69d1, 0x1c9f},
    {0x69d6, 0x69d9, 0x1ca8},
    {0x69dd, 0x69de, 0x1cac},
    {0x69e2, 0x69e3, 0x1cae},
    {0x69e7, 0x69eb, 0x1cb1},
    {0x69ed, 0x69ef, 0x1cb6},
    {0x69f1, 0x69f6, 0x1cb9},
    {0x69fd, 0x69ff, 0x1cc1},
    {0x6a00, 0x6a03, 0x1cc4},
    {0x6a0a, 0x6a0c, 0x1cc9},
    {0x6a11, 0x6a15, 0x1ccd},
    {0x6a19, 0x6a1b, 0x1cd3},
    {0x6a1d, 0x6a24, 0x1cd6},
    {0x6a28, 0x6a2b, 0x1cde},
    {0x6a32, 0x6a3b, 0x1ce4},
    {0x6a3d, 0x6a3f, 0x1cee},
    {0x6a44, 0x6a4b, 0x1cf1},
    {0x6a50, 0x6a52, 0x1cfa},
    {0x6a54, 0x6a56, 0x1cfd},
    {0x6a58, 0x6a59, 0x1d00},
    {0x6a61, 0x6a62, 0x1d04},
    {0x6a66, 0x6a67, 0x1d07},
    {0x6a6a, 0x6a6b, 0x1d09},
    {0x6a71, 0x6a73, 0x1d0b},
    {0x6a7e, 0x6a81, 0x1d10},
    {0x6a83, 0x6a84, 0x1d14},
    {0x6a86, 0x6a87, 0x1d16},
    {0x6a8d, 0x6a8e, 0x1d1a},
    {0x6a90, 0x6a91, 0x1d1c},
    {0x6a9b, 0x6aa3, 0x1d20},
    {0x6aaa, 0x6aac, 0x1d2a},
    {0x6aae, 0x6ab1, 0x1d2d},
    {0x6ab3, 0x6ab4, 0x1d31},
    {0x6abd, 0x6abf, 0x1d35},
    {0x6ac1, 0x6ac3, 0x1d38},
    {0x6ac8, 0x6ac9, 0x1d3c},
    {0x6ad0, 0x6ad1, 0x1d3f},
    {0x6ad3, 0x6ad6, 0x1d41},
    {0x6ada, 0x6adf, 0x1d45},
    {0x6ae7, 0x6ae8, 0x1d4d},
    {0x6af0, 0x6af3, 0x1d51},
    {0x6afa, 0x6afd, 0x1d56},
    {0x6b02, 0x6b07, 0x1d5a},
    {0x6b09, 0x6b0b, 0x1d60},
    {0x6b0f, 0x6b12, 0x1d63},
    {0x6b16, 0x6b17, 0x1d67},
    {0x6b1d, 0x6b21, 0x1d6a},
    {0x6b23, 0x6b24, 0x1d6f},
    {0x6b27, 0x6b28, 0x1d71},
    {0x6b2b, 0x6b2c, 0x1d73},
    {0x6b35, 0x6b3b, 0x1d77},
    {0x6b3d, 0x6b3f, 0x1d7e},
    {0x6b46, 0x6b47, 0x1d82},
    {0x6b49, 0x6b4a, 0x1d84},
    {0x6b4c, 0x6b4e, 0x1d86},
    {0x6b52, 0x6b54, 0x1d8a},
    {0x6b58, 0x6b59, 0x1d8e},
    {0x6b5f, 0x6b67, 0x1d92},
    {0x6b69, 0x6b6c, 0x1d9b},
    {0x6b6e, 0x6b70, 0x1d9f},
    {0x6b72, 0x6b75, 0x1da2},
    {0x6b77, 0x6b7b, 0x1da6},
    {0x6b7d, 0x6b86, 0x1dab},
    {0x6b89, 0x6b8b, 0x1db5},
    {0x6b95, 0x6b98, 0x1db9},
    {0x6b9e, 0x6ba0, 0x1dbe},
    {0x6ba2, 0x6ba4, 0x1dc1},
    {0x6ba8, 0x6bb5, 0x1dc4},
    {0x6bb7, 0x6bc0, 0x1dd2},
    {0x6bc3, 0x6bc9, 0x1ddc},
    {0x6bcb, 0x6bcf, 0x1de3},
    {0x6bd2, 0x6bd4, 0x1de8},
    {0x6bd6, 0x6bd8, 0x1deb},
    {0x6bda, 0x6bdb, 0x1dee},
    {0x6be6, 0x6be7, 0x1df3},
    {0x6beb, 0x6bec, 0x1df5},
    {0x6bee, 0x6bef, 0x1df7},
    {0x6c04, 0x6c05, 0x1dff},
    {0x6c08, 0x6c0a, 0x1e01},
    {0x6c0d, 0x6c14, 0x1e04},
    {0x6c23, 0x6c24, 0x1e10},
    {0x6c26, 0x6c28, 0x1e12},
    {0x6c33, 0x6c38, 0x1e17},
    {0x6c3a, 0x6c3b, 0x1e1d},
    {0x6c3e, 0x6c42, 0x1e1f},
    {0x6c4a, 0x6c4b, 0x1e24},
    {0x6c4d, 0x6c50, 0x1e26},
    {0x6c54, 0x6c55, 0x1e2b},
    {0x6c59, 0x6c60, 0x1e2e},
    {0x6c67, 0x6c68, 0x1e37},
    {0x6c6a, 0x6c6b, 0x1e39},
    {0x6c6f, 0x6c70, 0x1e3c},
    {0x6c72, 0x6c74, 0x1e3e},
    {0x6c78, 0x6c7b, 0x1e42},
    {0x6c7d, 0x6c7e, 0x1e46},
    {0x6c81, 0x6c89, 0x1e48},
    {0x6c8c, 0x6c8d, 0x1e51},
    {0x6c92, 0x6c9c, 0x1e54},
    {0x6ca1, 0x6ca2, 0x1e60},
    {0x6caa, 0x6cae, 0x1e62},
    {0x6cb0, 0x6cb4, 0x1e67},
    {0x6cb8, 0x6cbf, 0x1e6c},
    {0x6cc1, 0x6cc2, 0x1e74},
    {0x6cc4, 0x6cc6, 0x1e76},
    {0x6cc9, 0x6cca, 0x1e79},
    {0x6ccc, 0x6ccd, 0x1e7b},
    {0x6ccf, 0x6cd7, 0x1e7d},
    {0x6cd9, 0x6cdd, 0x1e86},
    {0x6ce0, 0x6ce3, 0x1e8b},
    {0x6ce7, 0x6cf4, 0x1e90},
    {0x6d00, 0x6d01, 0x1e9f},
    {0x6d0a, 0x6d0c, 0x1ea3},
    {0x6d0e, 0x6d0f, 0x1ea6},
    {0x6d11, 0x6d13, 0x1ea8},
    {0x6d19, 0x6d1b, 0x1eac},
    {0x6d1e, 0x6d1f, 0x1eaf},
    {0x6d24, 0x6d2b, 0x1eb1},
    {0x6d2e, 0x6d2f, 0x1eb9},
    {0x6d31, 0x6d36, 0x1ebb},
    {0x6d38, 0x6d39, 0x1ec1},
    {0x6d3b, 0x6d3f, 0x1ec3},
    {0x6d44, 0x6d45, 0x1ec9},
    {0x6d57, 0x6d5c, 0x1ecb},
    {0x6d5e, 0x6d61, 0x1ed1},
    {0x6d63, 0x6d67, 0x1ed5},
    {0x6d69, 0x6d6a, 0x1eda},
    {0x6d6e, 0x6d70, 0x1edd},
    {0x6d77, 0x6d79, 0x1ee1},
    {0x6d80, 0x6d82, 0x1ee5},
    {0x6d87, 0x6d8a, 0x1ee9},
    {0x6d8c, 0x6d8e, 0x1eed},
    {0x6d91, 0x6d99, 0x1ef0},
    {0x6d9b, 0x6d9c, 0x1ef9},
    {0x6daa, 0x6dac, 0x1efb},
    {0x6dae, 0x6daf, 0x1efe},
    {0x6db4, 0x6db5, 0x1f01},
    {0x6db7, 0x6db9, 0x1f03},
    {0x6dbc, 0x6dbd, 0x1f06},
    {0x6dbf, 0x6dc0, 0x1f08},
    {0x6dc4, 0x6dc8, 0x1f0b},
    {0x6dca, 0x6dcc, 0x1f10},
    {0x6dce, 0x6dd2, 0x1f13},
    {0x6dd5, 0x6dd6, 0x1f18},
    {0x6dd8, 0x6ddb, 0x1f1a},
    {0x6ddd, 0x6de2, 0x1f1e},
    {0x6de4, 0x6de6, 0x1f24},
    {0x6de8, 0x6dec, 0x1f27},
    {0x6dee, 0x6dfc, 0x1f2c},
    {0x6e04, 0x6e05, 0x1f3c},
    {0x6e07, 0x6e0b, 0x1f3e},
    {0x6e19, 0x6e1b, 0x1f46},
    {0x6e1d, 0x6e27, 0x1f49},
    {0x6e2b, 0x6e2f, 0x1f55},
    {0x6e38, 0x6e3c, 0x1f5d},
    {0x6e42, 0x6e45, 0x1f63},
    {0x6e48, 0x6e4f, 0x1f67},
    {0x6e51, 0x6e54, 0x1f6f},
    {0x6e56, 0x6e58, 0x1f73},
    {0x6e5b, 0x6e5f, 0x1f76},
    {0x6e62, 0x6e63, 0x1f7b},
    {0x6e67, 0x6e68, 0x1f7d},
    {0x6e6e, 0x6e6f, 0x1f80},
    {0x6e72, 0x6e73, 0x1f82},
    {0x6e7d, 0x6e80, 0x1f86},
    {0x6e8c, 0x6e8d, 0x1f8c},
    {0x6e8f, 0x6e90, 0x1f8e},
    {0x6e98, 0x6e99, 0x1f92},
    {0x6e9c, 0x6e9d, 0x1f94},
    {0x6e9f, 0x6ea0, 0x1f96},
    {0x6eaa, 0x6eab, 0x1f9b},
    {0x6ead, 0x6eaf, 0x1f9d},
    {0x6eb1, 0x6eb4, 0x1fa0},
    {0x6eb6, 0x6eb7, 0x1fa4},
    {0x6eba, 0x6ebd, 0x1fa6},
    {0x6ebf, 0x6ec5, 0x1faa},
    {0x6ec7, 0x6ecf, 0x1fb1},
    {0x6ed3, 0x6ed5, 0x1fbb},
    {0x6ed9, 0x6edb, 0x1fbe},
    {0x6edd, 0x6ede, 0x1fc1},
    {0x6eeb, 0x6eef, 0x1fc4},
    {0x6ef7, 0x6ef9, 0x1fcb},
    {0x6efd, 0x6eff, 0x1fcf},
    {0x6f01, 0x6f02, 0x1fd2},
    {0x6f08, 0x6f0a, 0x1fd6},
    {0x6f0c, 0x6f0d, 0x1fd9},
    {0x6f0f, 0x6f11, 0x1fdb},
    {0x6f13, 0x6f16, 0x1fde},
    {0x6f1a, 0x6f1b, 0x1fe3},
    {0x6f22, 0x6f23, 0x1fe6},
    {0x6f25, 0x6f26, 0x1fe8},
    {0x6f29, 0x6f2d, 0x1fea},
    {0x6f2f, 0x6f33, 0x1fef},
    {0x6f35, 0x6f36, 0x1ff4},
    {0x6f3b, 0x6f3c, 0x1ff7},
    {0x6f3e, 0x6f3f, 0x1ff9},
    {0x6f51, 0x6f54, 0x1ffe},
    {0x6f57, 0x6f62, 0x2002},
    {0x6f6c, 0x6f70, 0x2011},
    {0x6f7c, 0x6f7e, 0x2019},
    {0x6f80, 0x6f84, 0x201c},
    {0x6f86, 0x6f88, 0x2021},
    {0x6f8b, 0x6f8e, 0x2024},
    {0x6f90, 0x6f94, 0x2028},
    {0x6f96, 0x6f98, 0x202d},
    {0x6f9f, 0x6fa1, 0x2032},
    {0x6fa3, 0x6fa8, 0x2035},
    {0x6fae, 0x6fb1, 0x203c},
    {0x6fb5, 0x6fb7, 0x2041},
    {0x6fc0, 0x6fc3, 0x2047},
    {0x6fc5, 0x6fca, 0x204b},
    {0x6fd4, 0x6fd5, 0x2051},
    {0x6fda, 0x6fdb, 0x2054},
    {0x6fde, 0x6fe1, 0x2056},
    {0x6fe8, 0x6fe9, 0x205b},
    {0x6feb, 0x6fec, 0x205d},
    {0x6fee, 0x6ff1, 0x205f},
    {0x6ff5, 0x6ff6, 0x2064},
    {0x6ff9, 0x6ffa, 0x2066},
    {0x6ffc, 0x6ffe, 0x2068},
    {0x7000, 0x7001, 0x206b},
    {0x7005, 0x7007, 0x206d},
    {0x7009, 0x700b, 0x2070},
    {0x7017, 0x7018, 0x2077},
    {0x701a, 0x701b, 0x2079},
    {0x701d, 0x7020, 0x207b},
    {0x7026, 0x7028, 0x2080},
    {0x702f, 0x7030, 0x2084},
    {0x7039, 0x703a, 0x2089},
    {0x7043, 0x7044, 0x208d},
    {0x7047, 0x704c, 0x208f},
    {0x7054, 0x7055, 0x2097},
    {0x705d, 0x705e, 0x209a},
    {0x7063, 0x7065, 0x209c},
    {0x706b, 0x706c, 0x20a0},
    {0x706e, 0x7070, 0x20a2},
    {0x7075, 0x7076, 0x20a5},
    {0x707c, 0x707e, 0x20a8},
    {0x7085, 0x7086, 0x20ac},
    {0x7089, 0x708a, 0x20ae},
    {0x7094, 0x7099, 0x20b2},
    {0x70ab, 0x70b1, 0x20bb},
    {0x70b3, 0x70b4, 0x20c2},
    {0x70b7, 0x70bb, 0x20c4},
    {0x70ca, 0x70cb, 0x20ca},
    {0x70d3, 0x70d6, 0x20ce},
    {0x70d8, 0x70d9, 0x20d2},
    {0x70dc, 0x70dd, 0x20d4},
    {0x70f9, 0x70fa, 0x20da},
    {0x7103, 0x7109, 0x20dd},
    {0x710b, 0x710c, 0x20e4},
    {0x7119, 0x711a, 0x20e8},
    {0x7120, 0x7121, 0x20ec},
    {0x712d, 0x7131, 0x20f0},
    {0x7145, 0x7147, 0x20f9},
    {0x7149, 0x714c, 0x20fc},
    {0x7150, 0x7153, 0x2101},
    {0x7155, 0x7157, 0x2105},
    {0x7159, 0x715a, 0x2108},
    {0x7164, 0x7169, 0x210e},
    {0x7184, 0x7185, 0x2119},
    {0x7187, 0x7188, 0x211b},
    {0x7194, 0x7196, 0x2121},
    {0x7199, 0x719b, 0x2124},
    {0x719f, 0x71a0, 0x2127},
    {0x71ae, 0x71b3, 0x212c},
    {0x71b9, 0x71ba, 0x2132},
    {0x71be, 0x71c1, 0x2134},
    {0x71c3, 0x71c4, 0x2138},
    {0x71c8, 0x71c9, 0x213a},
    {0x71cb, 0x71cc, 0x213c},
    {0x71d2, 0x71d7, 0x2140},
    {0x71d9, 0x71da, 0x2146},
    {0x71df, 0x71e0, 0x2149},
    {0x71e5, 0x71e7, 0x214b},
    {0x71ec, 0x71ee, 0x214e},
    {0x71f4, 0x71f5, 0x2151},
    {0x71f8, 0x71f9, 0x2153},
    {0x71fb, 0x71fc, 0x2155},
    {0x71fe, 0x71ff, 0x2157},
    {0x7206, 0x7209, 0x215a},
    {0x721a, 0x721b, 0x2163},
    {0x722a, 0x722d, 0x2169},
    {0x722f, 0x7230, 0x216d},
    {0x7234, 0x7236, 0x2170},
    {0x7238, 0x7243, 0x2173},
    {0x7245, 0x7248, 0x217f},
    {0x724b, 0x724c, 0x2183},
    {0x724e, 0x7250, 0x2185},
    {0x7252, 0x7253, 0x2188},
    {0x7255, 0x7263, 0x218a},
    {0x7267, 0x7269, 0x2199},
    {0x726e, 0x726f, 0x219d},
    {0x7271, 0x7272, 0x219f},
    {0x7277, 0x7279, 0x21a2},
    {0x727b, 0x7282, 0x21a5},
    {0x728d, 0x728e, 0x21b0},
    {0x7292, 0x7293, 0x21b2},
    {0x72a7, 0x72a8, 0x21b8},
    {0x72ac, 0x72b2, 0x21ba},
    {0x72c0, 0x72c4, 0x21c5},
    {0x72c6, 0x72c7, 0x21ca},
    {0x72d5, 0x72d9, 0x21d1},
    {0x72df, 0x72e2, 0x21d7},
    {0x72ec, 0x72ed, 0x21dd},
    {0x72f3, 0x72f4, 0x21df},
    {0x72f7, 0x72fe, 0x21e1},
    {0x7304, 0x7305, 0x21ea},
    {0x730a, 0x730b, 0x21ed},
    {0x7312, 0x7313, 0x21f0},
    {0x7316, 0x7319, 0x21f2},
    {0x731b, 0x731f, 0x21f6},
    {0x7324, 0x7325, 0x21fc},
    {0x7327, 0x732c, 0x21fe},
    {0x732e, 0x732f, 0x2204},
    {0x7331, 0x7337, 0x2206},
    {0x7339, 0x733b, 0x220d},
    {0x733d, 0x733f, 0x2210},
    {0x7343, 0x7345, 0x2213},
    {0x734d, 0x7350, 0x2216},
    {0x7356, 0x7358, 0x221b},
    {0x735d, 0x7360, 0x221e},
    {0x7366, 0x736c, 0x2223},
    {0x736e, 0x7372, 0x222a},
    {0x7377, 0x737c, 0x2230},
    {0x7380, 0x7381, 0x2236},
    {0x7383, 0x7387, 0x2238},
    {0x7389, 0x738b, 0x223d},
    {0x7393, 0x7398, 0x2242},
    {0x739e, 0x73a0, 0x2249},
    {0x73a5, 0x73a6, 0x224d},
    {0x73a8, 0x73ab, 0x224f},
    {0x73b2, 0x73b3, 0x2254},
    {0x73b9, 0x73bd, 0x2258},
    {0x73bf, 0x73c0, 0x225d},
    {0x73c5, 0x73c6, 0x2260},
    {0x73c8, 0x73ca, 0x2262},
    {0x73cb, 0x73cf, 0x2266},
    {0x73d2, 0x73d3, 0x226b},
    {0x73dd, 0x73de, 0x226f},
    {0x73e0, 0x73e1, 0x2271},
    {0x73e3, 0x73e7, 0x2273},
    {0x73e9, 0x73ea, 0x2278},
    {0x73ed, 0x73ee, 0x227a},
    {0x73f4, 0x73f5, 0x227d},
    {0x73f7, 0x73fb, 0x227f},
    {0x73fd, 0x73ff, 0x2284},
    {0x7400, 0x7401, 0x2287},
    {0x7403, 0x7407, 0x2289},
    {0x7409, 0x740a, 0x228e},
    {0x741a, 0x741b, 0x2292},
    {0x7421, 0x7422, 0x2294},
    {0x7424, 0x7426, 0x2296},
    {0x7428, 0x7436, 0x2299},
    {0x7439, 0x743a, 0x22a8},
    {0x743f, 0x7441, 0x22aa},
    {0x7443, 0x7444, 0x22ad},
    {0x7446, 0x7447, 0x22af},
    {0x7451, 0x7453, 0x22b3},
    {0x7459, 0x7460, 0x22b8},
    {0x7462, 0x7464, 0x22c0},
    {0x7466, 0x746b, 0x22c3},
    {0x746d, 0x7473, 0x22c9},
    {0x7480, 0x7481, 0x22d2},
    {0x7485, 0x7489, 0x22d5},
    {0x748f, 0x7492, 0x22db},
    {0x7497, 0x749a, 0x22df},
    {0x749e, 0x74a3, 0x22e4},
    {0x74a5, 0x74ab, 0x22ea},
    {0x74ae, 0x74b2, 0x22f1},
    {0x74b9, 0x74bb, 0x22f7},
    {0x74c8, 0x74ca, 0x22fc},
    {0x74cf, 0x74d0, 0x2300},
    {0x74d3, 0x74d4, 0x2302},
    {0x74da, 0x74dc, 0x2306},
    {0x74de, 0x74e0, 0x2309},
    {0x74e2, 0x74e4, 0x230c},
    {0x74e6, 0x74eb, 0x230f},
    {0x74ee, 0x74f2, 0x2315},
    {0x74f6, 0x74f8, 0x231b},
    {0x74fa, 0x74fc, 0x231e},
    {0x7503, 0x7506, 0x2323},
    {0x750c, 0x750e, 0x2327},
    {0x7511, 0x7513, 0x232a},
    {0x7515, 0x7518, 0x232d},
    {0x751e, 0x752c, 0x2333},
    {0x752f, 0x7533, 0x2342},
    {0x7536, 0x7540, 0x2347},
    {0x7543, 0x7544, 0x2352},
    {0x7546, 0x7552, 0x2354},
    {0x7559, 0x7562, 0x2363},
    {0x7564, 0x7567, 0x236d},
    {0x7569, 0x756d, 0x2371},
    {0x756f, 0x757f, 0x2376},
    {0x7581, 0x7582, 0x2387},
    {0x7585, 0x7587, 0x2389},
    {0x7589, 0x758c, 0x238c},
    {0x758e, 0x7595, 0x2390},
    {0x7599, 0x759a, 0x2398},
    {0x759c, 0x759d, 0x239a},
    {0x75a2, 0x75a5, 0x239c},
    {0x75b0, 0x75b5, 0x23a1},
    {0x75b7, 0x75ba, 0x23a7},
    {0x75bc, 0x75c7, 0x23ab},
    {0x75cc, 0x75cf, 0x23b8},
    {0x75d2, 0x75d5, 0x23bc},
    {0x75d7, 0x75d9, 0x23c0},
    {0x75db, 0x75e4, 0x23c3},
    {0x75ee, 0x75f4, 0x23d0},
    {0x75f9, 0x75fa, 0x23d7},
    {0x75fe, 0x75ff, 0x23da},
    {0x7600, 0x7604, 0x23dc},
    {0x7607, 0x760d, 0x23e1},
    {0x7612, 0x7613, 0x23e9},
    {0x7615, 0x7616, 0x23eb},
    {0x7618, 0x7619, 0x23ed},
    {0x761b, 0x7629, 0x23ef},
    {0x7632, 0x7635, 0x2400},
    {0x7638, 0x763c, 0x2404},
    {0x7640, 0x764c, 0x2409},
    {0x7655, 0x7656, 0x2418},
    {0x7658, 0x7659, 0x241a},
    {0x7661, 0x7662, 0x241e},
    {0x7664, 0x7665, 0x2420},
    {0x7667, 0x766a, 0x2422},
    {0x766c, 0x7672, 0x2426},
    {0x767a, 0x767e, 0x2430},
    {0x7680, 0x7688, 0x2435},
    {0x768b, 0x768e, 0x243e},
    {0x7695, 0x7696, 0x2444},
    {0x7699, 0x76a8, 0x2446},
    {0x76ad, 0x76b0, 0x2457},
    {0x76b6, 0x76ba, 0x245c},
    {0x76c1, 0x76c3, 0x2463},
    {0x76c5, 0x76c6, 0x2466},
    {0x76c8, 0x76ce, 0x2468},
    {0x76d6, 0x76d7, 0x2471},
    {0x76db, 0x76dc, 0x2474},
    {0x76de, 0x76e1, 0x2476},
    {0x76e3, 0x76e8, 0x247a},
    {0x76ea, 0x76ec, 0x2480},
    {0x76f0, 0x76f2, 0x2484},
    {0x76f8, 0x76f9, 0x2489},
    {0x76fb, 0x76fc, 0x248b},
    {0x7700, 0x7701, 0x248e},
    {0x7706, 0x770c, 0x2491},
    {0x7714, 0x7715, 0x249a},
    {0x7719, 0x771c, 0x249d},
    {0x771e, 0x7720, 0x24a1},
    {0x7724, 0x7726, 0x24a5},
    {0x7728, 0x7729, 0x24a8},
    {0x772d, 0x772f, 0x24aa},
    {0x7734, 0x773a, 0x24ad},
    {0x773c, 0x773e, 0x24b4},
    {0x7745, 0x7747, 0x24b9},
    {0x774d, 0x774f, 0x24bd},
    {0x7756, 0x7758, 0x24c1},
    {0x775a, 0x775c, 0x24c4},
    {0x775e, 0x7768, 0x24c7},
    {0x776a, 0x776c, 0x24d2},
    {0x7772, 0x7774, 0x24d6},
    {0x7779, 0x777a, 0x24d9},
    {0x777c, 0x7780, 0x24db},
    {0x778b, 0x778e, 0x24e1},
    {0x7794, 0x7796, 0x24e6},
    {0x779e, 0x77a0, 0x24ea},
    {0x77a4, 0x77a5, 0x24ee},
    {0x77a9, 0x77aa, 0x24f1},
    {0x77ac, 0x77b1, 0x24f3},
    {0x77b5, 0x77b7, 0x24fa},
    {0x77bb, 0x77bf, 0x24fe},
    {0x77d1, 0x77d2, 0x2507},
    {0x77d9, 0x77dc, 0x250b},
    {0x77de, 0x77e0, 0x250f},
    {0x77e2, 0x77e7, 0x2512},
    {0x77e9, 0x77ea, 0x2518},
    {0x77ec, 0x77f1, 0x251a},
    {0x77f3, 0x77f4, 0x2520},
    {0x77fb, 0x77fc, 0x2523},
    {0x7805, 0x7806, 0x2526},
    {0x780c, 0x780e, 0x2529},
    {0x7811, 0x7812, 0x252c},
    {0x7814, 0x7815, 0x252e},
    {0x7820, 0x7823, 0x2532},
    {0x7825, 0x7827, 0x2536},
    {0x782c, 0x782e, 0x2539},
    {0x7834, 0x7835, 0x253e},
    {0x7843, 0x7845, 0x2543},
    {0x7847, 0x7848, 0x2546},
    {0x784e, 0x784f, 0x2549},
    {0x7851, 0x7852, 0x254b},
    {0x785c, 0x785e, 0x254d},
    {0x7860, 0x7861, 0x2550},
    {0x7863, 0x7864, 0x2552},
    {0x786a, 0x786c, 0x2555},
    {0x786e, 0x786f, 0x2558},
    {0x7886, 0x7887, 0x2560},
    {0x788c, 0x788f, 0x2563},
    {0x7893, 0x7895, 0x2568},
    {0x7897, 0x7898, 0x256b},
    {0x789d, 0x789f, 0x256e},
    {0x78a3, 0x78a4, 0x2572},
    {0x78a7, 0x78aa, 0x2574},
    {0x78ac, 0x78ad, 0x2578},
    {0x78af, 0x78b3, 0x257a},
    {0x78ba, 0x78bf, 0x2580},
    {0x78c5, 0x78cc, 0x2587},
    {0x78d0, 0x78d6, 0x2590},
    {0x78da, 0x78db, 0x2597},
    {0x78df, 0x78e1, 0x2599},
    {0x78e6, 0x78e8, 0x259d},
    {0x78f2, 0x78f4, 0x25a3},
    {0x78f6, 0x78f7, 0x25a6},
    {0x78f9, 0x78fb, 0x25a8},
    {0x78fd, 0x78ff, 0x25ab},
    {0x7900, 0x7901, 0x25ae},
    {0x7906, 0x7907, 0x25b0},
    {0x7910, 0x7912, 0x25b4},
    {0x7919, 0x791c, 0x25b7},
    {0x791e, 0x7920, 0x25bb},
    {0x7925, 0x792e, 0x25be},
    {0x7930, 0x7931, 0x25c8},
    {0x7934, 0x7935, 0x25ca},
    {0x793a, 0x7942, 0x25cc},
    {0x7944, 0x794b, 0x25d5},
    {0x794f, 0x7951, 0x25dd},
    {0x7953, 0x7958, 0x25e0},
    {0x795a, 0x7960, 0x25e6},
    {0x7967, 0x7969, 0x25ef},
    {0x7979, 0x797c, 0x25f6},
    {0x797e, 0x7981, 0x25fa},
    {0x7984, 0x7985, 0x25fe},
    {0x798a, 0x798f, 0x2600},
    {0x7993, 0x7996, 0x2607},
    {0x799b, 0x799d, 0x260c},
    {0x79a6, 0x79ab, 0x2610},
    {0x79ae, 0x79b1, 0x2616},
    {0x79b3, 0x79b4, 0x261a},
    {0x79b8, 0x79bb, 0x261c},
    {0x79bd, 0x79c2, 0x2620},
    {0x79c7, 0x79cd, 0x2627},
    {0x79d1, 0x79d2, 0x262f},
    {0x79d4, 0x79d6, 0x2631},
    {0x79dd, 0x79e7, 0x2636},
    {0x79e9, 0x79ed, 0x2641},
    {0x79f0, 0x79f1, 0x2646},
    {0x79fb, 0x79fc, 0x2649},
    {0x7a02, 0x7a03, 0x264c},
    {0x7a07, 0x7a0e, 0x264f},
    {0x7a14, 0x7a15, 0x2658},
    {0x7a17, 0x7a1c, 0x265a},
    {0x7a1e, 0x7a21, 0x2660},
    {0x7a2d, 0x7a32, 0x2666},
    {0x7a34, 0x7a35, 0x266c},
    {0x7a37, 0x7a40, 0x266e},
    {0x7a42, 0x7a49, 0x2678},
    {0x7a4c, 0x7a50, 0x2680},
    {0x7a55, 0x7a57, 0x2685},
    {0x7a5c, 0x7a5d, 0x2689},
    {0x7a5f, 0x7a63, 0x268b},
    {0x7a69, 0x7a6b, 0x2692},
    {0x7a74, 0x7a76, 0x2697},
    {0x7a78, 0x7a7a, 0x269a},
    {0x7a7d, 0x7a86, 0x269d},
    {0x7a8a, 0x7a8b, 0x26a8},
    {0x7a90, 0x7a98, 0x26aa},
    {0x7a9e, 0x7aa0, 0x26b3},
    {0x7aa9, 0x7aaa, 0x26b7},
    {0x7aae, 0x7ab0, 0x26ba},
    {0x7ab5, 0x7ab6, 0x26be},
    {0x7ab9, 0x7abf, 0x26c0},
    {0x7ac3, 0x7acf, 0x26c7},
    {0x7ad1, 0x7ad3, 0x26d4},
    {0x7ad9, 0x7add, 0x26d8},
    {0x7adf, 0x7ae3, 0x26dd},
    {0x7ae5, 0x7aed, 0x26e2},
    {0x7aef, 0x7af1, 0x26eb},
    {0x7af8, 0x7afb, 0x26f0},
    {0x7afd, 0x7aff, 0x26f4},
    {0x7b06, 0x7b08, 0x26f9},
    {0x7b0a, 0x7b0b, 0x26fc},
    {0x7b11, 0x7b12, 0x26ff},
    {0x7b18, 0x7b19, 0x2702},
    {0x7b1e, 0x7b20, 0x2705},
    {0x7b25, 0x7b31, 0x2709},
    {0x7b33, 0x7b36, 0x2716},
    {0x7b3f, 0x7b41, 0x271d},
    {0x7b45, 0x7b49, 0x2720},
    {0x7b4b, 0x7b56, 0x2725},
    {0x7b64, 0x7b67, 0x2733},
    {0x7b69, 0x7b6a, 0x2737},
    {0x7b6c, 0x7b75, 0x2739},
    {0x7b79, 0x7b7a, 0x2744},
    {0x7b86, 0x7b87, 0x2748},
    {0x7b8d, 0x7b92, 0x274c},
    {0x7b94, 0x7ba1, 0x2752},
    {0x7bac, 0x7bad, 0x2762},
    {0x7baf, 0x7bb2, 0x2764},
    {0x7bb4, 0x7bb6, 0x2768},
    {0x7bba, 0x7bbd, 0x276c},
    {0x7bc0, 0x7bc2, 0x2770},
    {0x7bc4, 0x7bcc, 0x2773},
    {0x7bd6, 0x7bd7, 0x277e},
    {0x7bd9, 0x7bdb, 0x2780},
    {0x7be4, 0x7be6, 0x2785},
    {0x7be8, 0x7bea, 0x2788},
    {0x7bf2, 0x7bfa, 0x278d},
    {0x7c00, 0x7c04, 0x2798},
    {0x7c06, 0x7c07, 0x279d},
    {0x7c0b, 0x7c0f, 0x27a0},
    {0x7c11, 0x7c14, 0x27a5},
    {0x7c1e, 0x7c21, 0x27ac},
    {0x7c25, 0x7c28, 0x27b1},
    {0x7c2a, 0x7c2c, 0x27b5},
    {0x7c33, 0x7c34, 0x27ba},
    {0x7c36, 0x7c3a, 0x27bc},
    {0x7c3d, 0x7c40, 0x27c1},
    {0x7c42, 0x7c43, 0x27c5},
    {0x7c45, 0x7c46, 0x27c7},
    {0x7c4c, 0x7c4d, 0x27ca},
    {0x7c4f, 0x7c61, 0x27cc},
    {0x7c63, 0x7c65, 0x27df},
    {0x7c6c, 0x7c70, 0x27e4},
    {0x7c72, 0x7c73, 0x27e9},
    {0x7c7b, 0x7c7e, 0x27ed},
    {0x7c81, 0x7c83, 0x27f1},
    {0x7c86, 0x7c87, 0x27f4},
    {0x7c8f, 0x7c90, 0x27f9},
    {0x7c94, 0x7c95, 0x27fc},
    {0x7c97, 0x7c98, 0x27fe},
    {0x7c9e, 0x7ca2, 0x2801},
    {0x7ca4, 0x7ca8, 0x2806},
    {0x7cad, 0x7cae, 0x280c},
    {0x7cb0, 0x7cb3, 0x280e},
    {0x7cb6, 0x7cb7, 0x2812},
    {0x7cb9, 0x7cc0, 0x2814},
    {0x7cc4, 0x7cc5, 0x281d},
    {0x7cc7, 0x7cca, 0x281f},
    {0x7ccd, 0x7ccf, 0x2823},
    {0x7cd2, 0x7cda, 0x2826},
    {0x7cdc, 0x7ce0, 0x282f},
    {0x7ce6, 0x7ce7, 0x2835},
    {0x7cf4, 0x7cf6, 0x283b},
    {0x7cf8, 0x7cfb, 0x283e},
    {0x7d02, 0x7d0b, 0x2844},
    {0x7d0f, 0x7d1e, 0x284f},
    {0x7d20, 0x7d23, 0x285f},
    {0x7d2a, 0x7d33, 0x2864},
    {0x7d39, 0x7d3a, 0x286f},
    {0x7d3c, 0x7d48, 0x2871},
    {0x7d4b, 0x7d51, 0x287e},
    {0x7d55, 0x7d57, 0x2886},
    {0x7d59, 0x7d5e, 0x2889},
    {0x7d61, 0x7d63, 0x288f},
    {0x7d65, 0x7d68, 0x2892},
    {0x7d70, 0x7d73, 0x2898},
    {0x7d75, 0x7d76, 0x289c},
    {0x7d78, 0x7d7b, 0x289e},
    {0x7d81, 0x7d83, 0x28a4},
    {0x7d85, 0x7d86, 0x28a7},
    {0x7d88, 0x7d89, 0x28a9},
    {0x7d8b, 0x7d8d, 0x28ab},
    {0x7d96, 0x7d97, 0x28b1},
    {0x7d99, 0x7da0, 0x28b3},
    {0x7da2, 0x7da3, 0x28bb},
    {0x7da6, 0x7da7, 0x28bd},
    {0x7daa, 0x7dbb, 0x28bf},
    {0x7dbd, 0x7dc0, 0x28d1},
    {0x7dc2, 0x7dc7, 0x28d5},
    {0x7dca, 0x7dd2, 0x28db},
    {0x7dd5, 0x7dda, 0x28e4},
    {0x7ddc, 0x7dde, 0x28ea},
    {0x7de0, 0x7de6, 0x28ed},
    {0x7de8, 0x7ded, 0x28f4},
    {0x7df1, 0x7df2, 0x28fb},
    {0x7df4, 0x7df6, 0x28fd},
    {0x7df9, 0x7dfb, 0x2900},
    {0x7e00, 0x7e01, 0x2903},
    {0x7e04, 0x7e05, 0x2905},
    {0x7e08, 0x7e0b, 0x2907},
    {0x7e10, 0x7e12, 0x290b},
    {0x7e1b, 0x7e23, 0x2910},
    {0x7e26, 0x7e28, 0x2919},
    {0x7e2b, 0x7e2f, 0x291c},
    {0x7e31, 0x7e33, 0x2921},
    {0x7e35, 0x7e37, 0x2924},
    {0x7e39, 0x7e3b, 0x2927},
    {0x7e3d, 0x7e3f, 0x292a},
    {0x7e43, 0x7e48, 0x292e},
    {0x7e4a, 0x7e4b, 0x2934},
    {0x7e4d, 0x7e4e, 0x2936},
    {0x7e54, 0x7e56, 0x293a},
    {0x7e58, 0x7e5a, 0x293d},
    {0x7e5d, 0x7e5f, 0x2940},
    {0x7e61, 0x7e62, 0x2943},
    {0x7e65, 0x7e67, 0x2945},
    {0x7e69, 0x7e6b, 0x2948},
    {0x7e6d, 0x7e70, 0x294b},
    {0x7e78, 0x7e79, 0x2951},
    {0x7e7b, 0x7e7f, 0x2953},
    {0x7e81, 0x7e83, 0x2958},
    {0x7e86, 0x7e8a, 0x295b},
    {0x7e8c, 0x7e96, 0x2960},
    {0x7e9a, 0x7e9f, 0x296c},
    {0x7f3a, 0x7f3f, 0x2974},
    {0x7f43, 0x7f45, 0x297a},
    {0x7f4c, 0x7f55, 0x297e},
    {0x7f5b, 0x7f5d, 0x2989},
    {0x7f5f, 0x7f61, 0x298c},
    {0x7f63, 0x7f6b, 0x298f},
    {0x7f6d, 0x7f6e, 0x2998},
    {0x7f70, 0x7f72, 0x299a},
    {0x7f77, 0x7f79, 0x299e},
    {0x7f7d, 0x7f80, 0x29a1},
    {0x7f82, 0x7f83, 0x29a5},
    {0x7f85, 0x7f88, 0x29a7},
    {0x7f8a, 0x7f91, 0x29ab},
    {0x7f96, 0x7f97, 0x29b4},
    {0x7f9c, 0x7f9e, 0x29b7},
    {0x7fa1, 0x7fa4, 0x29ba},
    {0x7fa8, 0x7faa, 0x29bf},
    {0x7fad, 0x7faf, 0x29c2},
    {0x7fb8, 0x7fb9, 0x29c8},
    {0x7fbc, 0x7fbd, 0x29ca},
    {0x7fbf, 0x7fc1, 0x29cc},
    {0x7fc5, 0x7fc6, 0x29d0},
    {0x7fce, 0x7fcf, 0x29d5},
    {0x7fd4, 0x7fd5, 0x29d8},
    {0x7fdf, 0x7fe1, 0x29db},
    {0x7fe5, 0x7fe6, 0x29df},
    {0x7fe8, 0x7fe9, 0x29e1},
    {0x7feb, 0x7fec, 0x29e3},
    {0x7fee, 0x7ff0, 0x29e5},
    {0x7ff2, 0x7ff3, 0x29e8},
    {0x7ff9, 0x7fff, 0x29ea},
    {0x8000, 0x8008, 0x29f1},
    {0x800a, 0x8019, 0x29fa},
    {0x801c, 0x8021, 0x2a0a},
    {0x8033, 0x8037, 0x2a16},
    {0x8039, 0x8040, 0x2a1b},
    {0x8043, 0x8044, 0x2a23},
    {0x805e, 0x8062, 0x2a2b},
    {0x806f, 0x8077, 0x2a34},
    {0x807d, 0x8081, 0x2a3f},
    {0x8084, 0x8089, 0x2a44},
    {0x808b, 0x808c, 0x2a4a},
    {0x8098, 0x809e, 0x2a4f},
    {0x80a1, 0x80a2, 0x2a56},
    {0x80a4, 0x80a7, 0x2a58},
    {0x80a9, 0x80ad, 0x2a5c},
    {0x80b1, 0x80b2, 0x2a62},
    {0x80b8, 0x80ba, 0x2a65},
    {0x80c3, 0x80c6, 0x2a68},
    {0x80cc, 0x80cf, 0x2a6e},
    {0x80d4, 0x80db, 0x2a73},
    {0x80dd, 0x80de, 0x2a7b},
    {0x80e0, 0x80e1, 0x2a7d},
    {0x80e4, 0x80e6, 0x2a7f},
    {0x80ed, 0x80fe, 0x2a82},
    {0x8102, 0x8103, 0x2a94},
    {0x8105, 0x810b, 0x2a96},
    {0x8116, 0x8118, 0x2a9e},
    {0x811a, 0x811c, 0x2aa1},
    {0x8123, 0x8124, 0x2aa6},
    {0x812b, 0x812c, 0x2aaa},
    {0x812f, 0x8131, 0x2aac},
    {0x8139, 0x813a, 0x2ab1},
    {0x813c, 0x813e, 0x2ab3},
    {0x8145, 0x8147, 0x2ab7},
    {0x814a, 0x814c, 0x2aba},
    {0x8150, 0x8155, 0x2abe},
    {0x815f, 0x8161, 0x2ac5},
    {0x8165, 0x8169, 0x2ac8},
    {0x816d, 0x8171, 0x2ace},
    {0x8173, 0x8174, 0x2ad3},
    {0x8177, 0x817a, 0x2ad5},
    {0x817f, 0x8186, 0x2ad9},
    {0x818a, 0x818b, 0x2ae2},
    {0x818e, 0x8190, 0x2ae4},
    {0x8195, 0x8196, 0x2ae8},
    {0x819a, 0x819e, 0x2aeb},
    {0x81a2, 0x81a4, 0x2af1},
    {0x81a8, 0x81a9, 0x2af4},
    {0x81b2, 0x81b5, 0x2af8},
    {0x81ba, 0x81bb, 0x2afd},
    {0x81bd, 0x81c3, 0x2aff},
    {0x81c5, 0x81c6, 0x2b06},
    {0x81c8, 0x81cb, 0x2b08},
    {0x81cd, 0x81cf, 0x2b0c},
    {0x81d5, 0x81db, 0x2b11},
    {0x81dd, 0x81e1, 0x2b18},
    {0x81e3, 0x81e5, 0x2b1d},
    {0x81e7, 0x81e8, 0x2b20},
    {0x81ea, 0x81ed, 0x2b22},
    {0x81ef, 0x81f6, 0x2b26},
    {0x81f8, 0x81ff, 0x2b2e},
    {0x8200, 0x8205, 0x2b36},
    {0x8207, 0x8210, 0x2b3c},
    {0x8212, 0x8214, 0x2b46},
    {0x8216, 0x821f, 0x2b49},
    {0x8221, 0x8222, 0x2b53},
    {0x8228, 0x822c, 0x2b55},
    {0x8232, 0x823a, 0x2b5b},
    {0x8243, 0x8247, 0x2b66},
    {0x824e, 0x824f, 0x2b6d},
    {0x8256, 0x825a, 0x2b70},
    {0x825c, 0x825d, 0x2b75},
    {0x825f, 0x8260, 0x2b77},
    {0x8262, 0x8264, 0x2b79},
    {0x8266, 0x8268, 0x2b7c},
    {0x826a, 0x826b, 0x2b7f},
    {0x826d, 0x826f, 0x2b81},
    {0x8271, 0x8272, 0x2b84},
    {0x8276, 0x8279, 0x2b87},
    {0x827d, 0x8281, 0x2b8c},
    {0x8283, 0x8284, 0x2b91},
    {0x8289, 0x828b, 0x2b94},
    {0x828d, 0x828e, 0x2b97},
    {0x8291, 0x8294, 0x2b99},
    {0x8298, 0x829b, 0x2b9e},
    {0x829f, 0x82a1, 0x2ba3},
    {0x82a3, 0x82b4, 0x2ba6},
    {0x82b7, 0x82bf, 0x2bb8},
    {0x82c5, 0x82c6, 0x2bc1},
    {0x82d0, 0x82d5, 0x2bc3},
    {0x82d9, 0x82dc, 0x2bca},
    {0x82de, 0x82e8, 0x2bce},
    {0x82ea, 0x82eb, 0x2bd9},
    {0x82f3, 0x82f4, 0x2bde},
    {0x82f6, 0x82f7, 0x2be0},
    {0x82f9, 0x82fb, 0x2be2},
    {0x82fd, 0x82fe, 0x2be5},
    {0x8300, 0x830c, 0x2be7},
    {0x8316, 0x8318, 0x2bf5},
    {0x831b, 0x831f, 0x2bf8},
    {0x8321, 0x8323, 0x2bfd},
    {0x832b, 0x833a, 0x2c01},
    {0x833c, 0x833d, 0x2c11},
    {0x8342, 0x8347, 0x2c14},
    {0x8349, 0x834a, 0x2c1a},
    {0x834d, 0x8358, 0x2c1c},
    {0x8362, 0x8363, 0x2c29},
    {0x8377, 0x8378, 0x2c2e},
    {0x837b, 0x837d, 0x2c30},
    {0x837f, 0x8380, 0x2c33},
    {0x8384, 0x8387, 0x2c36},
    {0x8389, 0x838a, 0x2c3a},
    {0x838d, 0x838e, 0x2c3c},
    {0x8392, 0x8396, 0x2c3e},
    {0x8398, 0x83a0, 0x2c43},
    {0x83a6, 0x83ad, 0x2c4d},
    {0x83bd, 0x83c1, 0x2c57},
    {0x83c9, 0x83ca, 0x2c5e},
    {0x83ce, 0x83d1, 0x2c61},
    {0x83d3, 0x83d4, 0x2c65},
    {0x83dc, 0x83dd, 0x2c69},
    {0x83df, 0x83e1, 0x2c6b},
    {0x83e8, 0x83eb, 0x2c6f},
    {0x83ef, 0x83f2, 0x2c73},
    {0x83f6, 0x83f9, 0x2c78},
    {0x83fb, 0x83fd, 0x2c7c},
    {0x8403, 0x8404, 0x2c80},
    {0x8406, 0x8407, 0x2c82},
    {0x840a, 0x840f, 0x2c84},
    {0x8429, 0x842a, 0x2c91},
    {0x8438, 0x8439, 0x2c97},
    {0x843c, 0x843d, 0x2c99},
    {0x8445, 0x844a, 0x2c9b},
    {0x844d, 0x844f, 0x2ca1},
    {0x8451, 0x8452, 0x2ca4},
    {0x8456, 0x845c, 0x2ca6},
    {0x845f, 0x8467, 0x2cad},
    {0x8469, 0x8471, 0x2cb6},
    {0x8473, 0x847a, 0x2cbf},
    {0x847c, 0x847d, 0x2cc7},
    {0x8481, 0x8482, 0x2cc9},
    {0x8484, 0x8485, 0x2ccb},
    {0x8492, 0x8495, 0x2ccf},
    {0x849e, 0x849f, 0x2cd6},
    {0x84a8, 0x84aa, 0x2cda},
    {0x84b1, 0x84b2, 0x2cdf},
    {0x84b8, 0x84c2, 0x2ce2},
    {0x84c6, 0x84d1, 0x2cee},
    {0x84d9, 0x84da, 0x2cfc},
    {0x84ee, 0x84f2, 0x2d02},
    {0x84fa, 0x84fd, 0x2d09},
    {0x8502, 0x8503, 0x2d0f},
    {0x8506, 0x8507, 0x2d11},
    {0x8510, 0x8511, 0x2d15},
    {0x8513, 0x8515, 0x2d17},
    {0x8517, 0x8518, 0x2d1a},
    {0x851a, 0x851c, 0x2d1c},
    {0x851e, 0x851f, 0x2d1f},
    {0x8521, 0x8527, 0x2d21},
    {0x852a, 0x852d, 0x2d28},
    {0x8532, 0x8536, 0x2d2d},
    {0x853d, 0x8541, 0x2d32},
    {0x8548, 0x854b, 0x2d39},
    {0x854e, 0x8553, 0x2d3d},
    {0x8555, 0x855a, 0x2d43},
    {0x855c, 0x8564, 0x2d49},
    {0x8568, 0x856b, 0x2d52},
    {0x8579, 0x857b, 0x2d59},
    {0x857d, 0x8581, 0x2d5c},
    {0x8584, 0x858c, 0x2d61},
    {0x858f, 0x8591, 0x2d6a},
    {0x8593, 0x8594, 0x2d6d},
    {0x8597, 0x8599, 0x2d6f},
    {0x859b, 0x859d, 0x2d72},
    {0x859f, 0x85a0, 0x2d75},
    {0x85a4, 0x85b0, 0x2d78},
    {0x85b6, 0x85ba, 0x2d86},
    {0x85bc, 0x85bf, 0x2d8b},
    {0x85c1, 0x85c2, 0x2d8f},
    {0x85c9, 0x85cb, 0x2d92},
    {0x85cd, 0x85d0, 0x2d95},
    {0x85d8, 0x85da, 0x2d9a},
    {0x85dc, 0x85dd, 0x2d9d},
    {0x85df, 0x85e1, 0x2d9f},
    {0x85e4, 0x85e6, 0x2da2},
    {0x85e8, 0x85ea, 0x2da5},
    {0x85f3, 0x85f4, 0x2da9},
    {0x85f6, 0x85f7, 0x2dab},
    {0x85f9, 0x85fc, 0x2dad},
    {0x85fe, 0x85ff, 0x2db1},
    {0x8604, 0x8607, 0x2db5},
    {0x860a, 0x860b, 0x2db9},
    {0x860d, 0x860e, 0x2dbb},
    {0x8610, 0x8613, 0x2dbd},
    {0x8616, 0x861b, 0x2dc1},
    {0x8621, 0x8622, 0x2dc8},
    {0x862f, 0x8630, 0x2dce},
    {0x8638, 0x863a, 0x2dd1},
    {0x863c, 0x863d, 0x2dd4},
    {0x863f, 0x8642, 0x2dd6},
    {0x864d, 0x864e, 0x2ddb},
    {0x8652, 0x8664, 0x2ddf},
    {0x866b, 0x866c, 0x2df4},
    {0x8675, 0x8677, 0x2df8},
    {0x8679, 0x867b, 0x2dfb},
    {0x8687, 0x868d, 0x2dff},
    {0x8695, 0x8696, 0x2e08},
    {0x869c, 0x869d, 0x2e0c},
    {0x86a3, 0x86a4, 0x2e0f},
    {0x86a6, 0x86ab, 0x2e11},
    {0x86af, 0x86b1, 0x2e18},
    {0x86b3, 0x86b9, 0x2e1b},
    {0x86bf, 0x86c1, 0x2e22},
    {0x86c3, 0x86c7, 0x2e25},
    {0x86cd, 0x86ce, 0x2e2c},
    {0x86d1, 0x86d2, 0x2e2e},
    {0x86d4, 0x86d5, 0x2e30},
    {0x86d9, 0x86dc, 0x2e33},
    {0x86de, 0x86e0, 0x2e37},
    {0x86e3, 0x86e7, 0x2e3a},
    {0x86ec, 0x86ef, 0x2e40},
    {0x86f8, 0x86fe, 0x2e44},
    {0x8702, 0x870b, 0x2e4c},
    {0x870d, 0x8714, 0x2e56},
    {0x8718, 0x871a, 0x2e5e},
    {0x871e, 0x871f, 0x2e62},
    {0x8721, 0x8723, 0x2e64},
    {0x8728, 0x8729, 0x2e68},
    {0x872e, 0x872f, 0x2e6a},
    {0x8731, 0x8732, 0x2e6c},
    {0x8739, 0x8740, 0x2e70},
    {0x874b, 0x874e, 0x2e7b},
    {0x8757, 0x8759, 0x2e82},
    {0x875f, 0x8761, 0x2e86},
    {0x8763, 0x8766, 0x2e89},
    {0x876e, 0x876f, 0x2e8f},
    {0x8771, 0x8772, 0x2e91},
    {0x877b, 0x877c, 0x2e96},
    {0x8782, 0x8789, 0x2e99},
    {0x878b, 0x878e, 0x2ea1},
    {0x8797, 0x8799, 0x2ea8},
    {0x879e, 0x87a0, 0x2eab},
    {0x87a2, 0x87a3, 0x2eae},
    {0x87ab, 0x87af, 0x2eb1},
    {0x87ba, 0x87bb, 0x2eb9},
    {0x87bd, 0x87c1, 0x2ebb},
    {0x87c6, 0x87cb, 0x2ec1},
    {0x87d5, 0x87d6, 0x2eca},
    {0x87d9, 0x87da, 0x2ecc},
    {0x87df, 0x87e0, 0x2ecf},
    {0x87e2, 0x87e6, 0x2ed1},
    {0x87ea, 0x87ed, 0x2ed6},
    {0x87f1, 0x87f3, 0x2edb},
    {0x87f5, 0x87fb, 0x2ede},
    {0x87fe, 0x87ff, 0x2ee5},
    {0x8805, 0x8807, 0x2ee9},
    {0x8809, 0x880b, 0x2eec},
    {0x880d, 0x8816, 0x2eef},
    {0x8818, 0x881c, 0x2ef9},
    {0x881e, 0x881f, 0x2efe},
    {0x8821, 0x8823, 0x2f00},
    {0x8827, 0x8828, 0x2f03},
    {0x882d, 0x882e, 0x2f05},
    {0x8830, 0x8832, 0x2f07},
    {0x8835, 0x8836, 0x2f0a},
    {0x8839, 0x883c, 0x2f0c},
    {0x8840, 0x8846, 0x2f10},
    {0x8848, 0x884e, 0x2f17},
    {0x8851, 0x8853, 0x2f1e},
    {0x8855, 0x8864, 0x2f21},
    {0x8868, 0x8869, 0x2f31},
    {0x886e, 0x8872, 0x2f34},
    {0x887d, 0x8882, 0x2f3d},
    {0x8896, 0x889c, 0x2f47},
    {0x889e, 0x88a0, 0x2f4e},
    {0x88aa, 0x88ab, 0x2f54},
    {0x88b0, 0x88b1, 0x2f57},
    {0x88b4, 0x88b5, 0x2f59},
    {0x88bc, 0x88c6, 0x2f5d},
    {0x88ca, 0x88cf, 0x2f68},
    {0x88d1, 0x88d5, 0x2f6e},
    {0x88d8, 0x88d9, 0x2f73},
    {0x88db, 0x88e1, 0x2f75},
    {0x88e7, 0x88e8, 0x2f7c},
    {0x88ef, 0x88f5, 0x2f7e},
    {0x88f7, 0x88f9, 0x2f85},
    {0x88fc, 0x88fe, 0x2f88},
    {0x8901, 0x8902, 0x2f8b},
    {0x8906, 0x8907, 0x2f8e},
    {0x890c, 0x8910, 0x2f91},
    {0x8912, 0x8913, 0x2f96},
    {0x8915, 0x8916, 0x2f98},
    {0x8918, 0x891a, 0x2f9a},
    {0x891c, 0x891e, 0x2f9d},
    {0x8925, 0x8928, 0x2fa1},
    {0x892a, 0x892b, 0x2fa5},
    {0x8930, 0x8932, 0x2fa7},
    {0x8935, 0x893b, 0x2faa},
    {0x8940, 0x8946, 0x2fb2},
    {0x894c, 0x894d, 0x2fba},
    {0x8956, 0x8957, 0x2fbe},
    {0x895a, 0x895c, 0x2fc0},
    {0x895e, 0x8964, 0x2fc3},
    {0x896a, 0x896b, 0x2fcb},
    {0x896d, 0x8970, 0x2fcd},
    {0x8972, 0x8975, 0x2fd1},
    {0x897a, 0x8981, 0x2fd6},
    {0x8986, 0x898b, 0x2fdf},
    {0x898f, 0x8990, 0x2fe6},
    {0x8993, 0x8998, 0x2fe8},
    {0x899a, 0x899c, 0x2fee},
    {0x899f, 0x89a1, 0x2ff1},
    {0x89a5, 0x89a7, 0x2ff4},
    {0x89a9, 0x89aa, 0x2ff7},
    {0x89af, 0x89b0, 0x2ffa},
    {0x89b2, 0x89b7, 0x2ffc},
    {0x89bc, 0x89bd, 0x3003},
    {0x89bf, 0x89c1, 0x3005},
    {0x89d4, 0x89d8, 0x300a},
    {0x89dc, 0x89dd, 0x3010},
    {0x89e5, 0x89e7, 0x3013},
    {0x89f3, 0x89f4, 0x301a},
    {0x89f8, 0x89f9, 0x301d},
    {0x8a00, 0x8a05, 0x3021},
    {0x8a07, 0x8a08, 0x3027},
    {0x8a0e, 0x8a18, 0x302b},
    {0x8a1d, 0x8a26, 0x3037},
    {0x8a2a, 0x8a2d, 0x3041},
    {0x8a33, 0x8a37, 0x3047},
    {0x8a3a, 0x8a3e, 0x304c},
    {0x8a40, 0x8a41, 0x3051},
    {0x8a45, 0x8a49, 0x3054},
    {0x8a4d, 0x8a4e, 0x3059},
    {0x8a50, 0x8a58, 0x305b},
    {0x8a5b, 0x8a5e, 0x3064},
    {0x8a60, 0x8a63, 0x3068},
    {0x8a65, 0x8a67, 0x306c},
    {0x8a6b, 0x8a6e, 0x3070},
    {0x8a70, 0x8a73, 0x3074},
    {0x8a75, 0x8a77, 0x3078},
    {0x8a79, 0x8a7c, 0x307b},
    {0x8a7e, 0x8a80, 0x307f},
    {0x8a82, 0x8a87, 0x3082},
    {0x8a8b, 0x8a8d, 0x3089},
    {0x8a8f, 0x8a93, 0x308c},
    {0x8a95, 0x8a9a, 0x3091},
    {0x8a9e, 0x8aa1, 0x3097},
    {0x8aa3, 0x8aaa, 0x309b},
    {0x8aac, 0x8ab0, 0x30a3},
    {0x8ab2, 0x8ab3, 0x30a8},
    {0x8ab6, 0x8ab7, 0x30aa},
    {0x8abb, 0x8abc, 0x30ad},
    {0x8abe, 0x8abf, 0x30af},
    {0x8ac2, 0x8ac4, 0x30b1},
    {0x8ac6, 0x8acd, 0x30b4},
    {0x8acf, 0x8ad7, 0x30bc},
    {0x8ada, 0x8ae2, 0x30c5},
    {0x8ae6, 0x8ae7, 0x30cf},
    {0x8aeb, 0x8aee, 0x30d1},
    {0x8af0, 0x8af1, 0x30d5},
    {0x8af3, 0x8af8, 0x30d7},
    {0x8afe, 0x8aff, 0x30df},
    {0x8b00, 0x8b02, 0x30e1},
    {0x8b04, 0x8b07, 0x30e4},
    {0x8b0a, 0x8b11, 0x30e8},
    {0x8b16, 0x8b17, 0x30f1},
    {0x8b19, 0x8b21, 0x30f3},
    {0x8b2b, 0x8b2d, 0x30fe},
    {0x8b41, 0x8b46, 0x3107},
    {0x8b48, 0x8b49, 0x310d},
    {0x8b4c, 0x8b4f, 0x310f},
    {0x8b51, 0x8b54, 0x3113},
    {0x8b58, 0x8b5c, 0x3118},
    {0x8b5e, 0x8b5f, 0x311d},
    {0x8b6b, 0x8b6d, 0x3122},
    {0x8b6f, 0x8b72, 0x3125},
    {0x8b76, 0x8b79, 0x312a},
    {0x8b7c, 0x8b81, 0x312e},
    {0x8b83, 0x8b85, 0x3134},
    {0x8b8a, 0x8b90, 0x3137},
    {0x8b92, 0x8b96, 0x313e},
    {0x8b99, 0x8b9a, 0x3143},
    {0x8b9c, 0x8ba0, 0x3145},
    {0x8c37, 0x8c3a, 0x314a},
    {0x8c3d, 0x8c3f, 0x314e},
    {0x8c45, 0x8c4c, 0x3152},
    {0x8c4e, 0x8c51, 0x315a},
    {0x8c53, 0x8c55, 0x315e},
    {0x8c57, 0x8c5b, 0x3161},
    {0x8c61, 0x8c64, 0x3167},
    {0x8c68, 0x8c6d, 0x316c},
    {0x8c75, 0x8c76, 0x3173},
    {0x8c78, 0x8c7c, 0x3175},
    {0x8c85, 0x8c87, 0x317c},
    {0x8c89, 0x8c8e, 0x317f},
    {0x8c92, 0x8c94, 0x3186},
    {0x8c98, 0x8c99, 0x3189},
    {0x8c9b, 0x8ca2, 0x318b},
    {0x8ca7, 0x8cb0, 0x3194},
    {0x8cb2, 0x8cb4, 0x319e},
    {0x8cb6, 0x8cbd, 0x31a1},
    {0x8cbf, 0x8ccb, 0x31a9},
    {0x8ccd, 0x8ccf, 0x31b6},
    {0x8cd1, 0x8cd3, 0x31b9},
    {0x8cd5, 0x8cd6, 0x31bc},
    {0x8cd9, 0x8cde, 0x31be},
    {0x8ce0, 0x8ce4, 0x31c4},
    {0x8cec, 0x8ced, 0x31cc},
    {0x8cef, 0x8cf2, 0x31ce},
    {0x8cf4, 0x8cf5, 0x31d2},
    {0x8cf7, 0x8cf8, 0x31d4},
    {0x8cfa, 0x8cff, 0x31d6},
    {0x8d03, 0x8d05, 0x31dd},
    {0x8d07, 0x8d0b, 0x31e0},
    {0x8d0d, 0x8d10, 0x31e5},
    {0x8d12, 0x8d14, 0x31e9},
    {0x8d16, 0x8d17, 0x31ec},
    {0x8d1b, 0x8d1d, 0x31ee},
    {0x8d64, 0x8d67, 0x31f1},
    {0x8d6b, 0x8d6e, 0x31f7},
    {0x8d70, 0x8d71, 0x31fb},
    {0x8d73, 0x8d74, 0x31fd},
    {0x8d76, 0x8d77, 0x31ff},
    {0x8d81, 0x8d82, 0x3202},
    {0x8d84, 0x8d85, 0x3204},
    {0x8d90, 0x8d91, 0x3209},
    {0x8d9e, 0x8da0, 0x320d},
    {0x8dab, 0x8dac, 0x3213},
    {0x8db2, 0x8db3, 0x3216},
    {0x8db9, 0x8dbc, 0x321a},
    {0x8dc5, 0x8dc8, 0x3221},
    {0x8dca, 0x8dcc, 0x3225},
    {0x8dce, 0x8dcf, 0x3228},
    {0x8dd4, 0x8dd7, 0x322b},
    {0x8dd9, 0x8ddb, 0x322f},
    {0x8de3, 0x8de5, 0x3235},
    {0x8de7, 0x8de8, 0x3238},
    {0x8dea, 0x8dec, 0x323a},
    {0x8def, 0x8df5, 0x323d},
    {0x8dfc, 0x8dfd, 0x3244},
    {0x8e04, 0x8e06, 0x3248},
    {0x8e08, 0x8e0c, 0x324b},
    {0x8e0f, 0x8e11, 0x3250},
    {0x8e1d, 0x8e23, 0x3255},
    {0x8e26, 0x8e27, 0x325c},
    {0x8e30, 0x8e31, 0x325f},
    {0x8e33, 0x8e39, 0x3261},
    {0x8e40, 0x8e42, 0x3269},
    {0x8e47, 0x8e50, 0x326d},
    {0x8e54, 0x8e55, 0x3277},
    {0x8e5b, 0x8e64, 0x327a},
    {0x8e6c, 0x8e6d, 0x3285},
    {0x8e6f, 0x8e72, 0x3287},
    {0x8e74, 0x8e77, 0x328b},
    {0x8e79, 0x8e7c, 0x328f},
    {0x8e81, 0x8e85, 0x3293},
    {0x8e89, 0x8e8b, 0x3299},
    {0x8e90, 0x8e95, 0x329d},
    {0x8e98, 0x8e9b, 0x32a3},
    {0x8e9d, 0x8e9e, 0x32a7},
    {0x8ea1, 0x8ea2, 0x32a9},
    {0x8ea9, 0x8eb1, 0x32ac},
    {0x8eb5, 0x8eb6, 0x32b6},
    {0x8eba, 0x8ebb, 0x32b8},
    {0x8ec0, 0x8ec1, 0x32bb},
    {0x8ec3, 0x8ec8, 0x32bd},
    {0x8eca, 0x8ecd, 0x32c3},
    {0x8ed1, 0x8ed2, 0x32c8},
    {0x8edb, 0x8edc, 0x32cb},
    {0x8ee2, 0x8ee3, 0x32ce},
    {0x8eed, 0x8eee, 0x32d2},
    {0x8ef0, 0x8ef1, 0x32d4},
    {0x8ef7, 0x8efe, 0x32d6},
    {0x8f02, 0x8f03, 0x32df},
    {0x8f07, 0x8f0a, 0x32e2},
    {0x8f0f, 0x8f10, 0x32e7},
    {0x8f12, 0x8f19, 0x32e9},
    {0x8f1b, 0x8f21, 0x32f1},
    {0x8f25, 0x8f2f, 0x32f9},
    {0x8f33, 0x8f3b, 0x3304},
    {0x8f3e, 0x8f47, 0x330d},
    {0x8f49, 0x8f4a, 0x3317},
    {0x8f4c, 0x8f4f, 0x3319},
    {0x8f51, 0x8f55, 0x331d},
    {0x8f57, 0x8f58, 0x3322},
    {0x8f5c, 0x8f5f, 0x3324},
    {0x8f61, 0x8f66, 0x3328},
    {0x8f9b, 0x8fa8, 0x332e},
    {0x8fad, 0x8fb2, 0x333c},
    {0x8fb4, 0x8fb6, 0x3342},
    {0x8fb7, 0x8fb8, 0x3346},
    {0x8fba, 0x8fbc, 0x3348},
    {0x8fbe, 0x8fc2, 0x334b},
    {0x8fc4, 0x8fc6, 0x3350},
    {0x8fca, 0x8fcb, 0x3354},
    {0x8fcd, 0x8fce, 0x3356},
    {0x8fd0, 0x8fd5, 0x3358},
    {0x8fe2, 0x8fe6, 0x3360},
    {0x8fe8, 0x8feb, 0x3365},
    {0x8fed, 0x8ff1, 0x3369},
    {0x8ff4, 0x8ffb, 0x336e},
    {0x8ffd, 0x8ffe, 0x3376},
    {0x9000, 0x9006, 0x3378},
    {0x900b, 0x9011, 0x3380},
    {0x9013, 0x901b, 0x3387},
    {0x901d, 0x9023, 0x3390},
    {0x9027, 0x902a, 0x3397},
    {0x902c, 0x902f, 0x339b},
    {0x9031, 0x9039, 0x339f},
    {0x903e, 0x903f, 0x33a9},
    {0x9041, 0x9045, 0x33ab},
    {0x9049, 0x9056, 0x33b1},
    {0x9058, 0x9059, 0x33bf},
    {0x905b, 0x905e, 0x33c1},
    {0x9060, 0x9063, 0x33c5},
    {0x9065, 0x9069, 0x33c9},
    {0x906c, 0x9070, 0x33ce},
    {0x9074, 0x907a, 0x33d4},
    {0x907c, 0x907d, 0x33db},
    {0x907f, 0x9085, 0x33dd},
    {0x9087, 0x908c, 0x33e4},
    {0x908e, 0x9091, 0x33ea},
    {0x9097, 0x9099, 0x33ef},
    {0x90a0, 0x90a3, 0x33f3},
    {0x90a5, 0x90a6, 0x33f7},
    {0x90af, 0x90b6, 0x33fb},
    {0x90bd, 0x90be, 0x3404},
    {0x90c3, 0x90c5, 0x3407},
    {0x90c7, 0x90ca, 0x340a},
    {0x90d7, 0x90d9, 0x3412},
    {0x90db, 0x90df, 0x3415},
    {0x90e1, 0x90e2, 0x341a},
    {0x90e4, 0x90e5, 0x341c},
    {0x90ef, 0x90f0, 0x3421},
    {0x90f4, 0x90f7, 0x3424},
    {0x90fd, 0x90ff, 0x3428},
    {0x9104, 0x9106, 0x342d},
    {0x9114, 0x911a, 0x3434},
    {0x9122, 0x9123, 0x343e},
    {0x912d, 0x9132, 0x3443},
    {0x9136, 0x9137, 0x344a},
    {0x9139, 0x913a, 0x344c},
    {0x913c, 0x913d, 0x344e},
    {0x9146, 0x914f, 0x3451},
    {0x9152, 0x9154, 0x345b},
    {0x9156, 0x915b, 0x345e},
    {0x9161, 0x9165, 0x3464},
    {0x9169, 0x916a, 0x346a},
    {0x916c, 0x916d, 0x346c},
    {0x9172, 0x9175, 0x346e},
    {0x9177, 0x917b, 0x3472},
    {0x9181, 0x9183, 0x3477},
    {0x9185, 0x9187, 0x347a},
    {0x9189, 0x918b, 0x347d},
    {0x918d, 0x918e, 0x3480},
    {0x9190, 0x9195, 0x3482},
    {0x9197, 0x9198, 0x3488},
    {0x91a1, 0x91a2, 0x348c},
    {0x91aa, 0x91b6, 0x3491},
    {0x91ba, 0x91bd, 0x349f},
    {0x91bf, 0x91c9, 0x34a3},
    {0x91cb, 0x91d1, 0x34ae},
    {0x91d3, 0x91d4, 0x34b5},
    {0x91d6, 0x91df, 0x34b7},
    {0x91e3, 0x91e7, 0x34c2},
    {0x91e9, 0x91ea, 0x34c7},
    {0x91ec, 0x91f1, 0x34c9},
    {0x91f5, 0x91f7, 0x34cf},
    {0x91fb, 0x91fd, 0x34d3},
    {0x9200, 0x9201, 0x34d7},
    {0x9204, 0x9207, 0x34d9},
    {0x9209, 0x920a, 0x34dd},
    {0x920c, 0x920e, 0x34df},
    {0x9210, 0x9218, 0x34e2},
    {0x921c, 0x921e, 0x34eb},
    {0x9223, 0x9226, 0x34ee},
    {0x9228, 0x9229, 0x34f2},
    {0x922e, 0x9230, 0x34f5},
    {0x9233, 0x923a, 0x34f8},
    {0x923e, 0x9240, 0x3501},
    {0x9242, 0x924b, 0x3504},
    {0x924d, 0x9251, 0x350e},
    {0x9256, 0x925e, 0x3513},
    {0x9260, 0x9262, 0x351c},
    {0x9264, 0x9269, 0x351f},
    {0x926e, 0x9271, 0x3525},
    {0x9275, 0x9279, 0x3529},
    {0x927b, 0x9280, 0x352e},
    {0x9288, 0x928a, 0x3536},
    {0x928d, 0x928e, 0x3539},
    {0x9291, 0x9293, 0x353b},
    {0x9295, 0x929c, 0x353e},
    {0x929f, 0x92a0, 0x3546},
    {0x92a4, 0x92a5, 0x3548},
    {0x92a7, 0x92a8, 0x354a},
    {0x92b2, 0x92b3, 0x354f},
    {0x92b6, 0x92bd, 0x3551},
    {0x92bf, 0x92c3, 0x3559},
    {0x92c5, 0x92c8, 0x355e},
    {0x92cb, 0x92d0, 0x3562},
    {0x92d2, 0x92d3, 0x3568},
    {0x92d7, 0x92d9, 0x356b},
    {0x92dc, 0x92dd, 0x356e},
    {0x92df, 0x92e1, 0x3570},
    {0x92e3, 0x92e5, 0x3573},
    {0x92e7, 0x92ea, 0x3576},
    {0x92ec, 0x92ee, 0x357a},
    {0x92f2, 0x92f3, 0x357e},
    {0x92f7, 0x92fc, 0x3580},
    {0x930f, 0x9311, 0x358d},
    {0x9314, 0x9315, 0x3590},
    {0x9318, 0x931a, 0x3592},
    {0x931c, 0x932c, 0x3595},
    {0x932e, 0x932f, 0x35a6},
    {0x9332, 0x9337, 0x35a8},
    {0x933a, 0x933b, 0x35ae},
    {0x9347, 0x934b, 0x35b1},
    {0x9350, 0x9352, 0x35b7},
    {0x9354, 0x9358, 0x35ba},
    {0x935a, 0x935c, 0x35bf},
    {0x9364, 0x9365, 0x35c4},
    {0x9369, 0x9371, 0x35c7},
    {0x9373, 0x9376, 0x35d0},
    {0x937c, 0x9382, 0x35d5},
    {0x938a, 0x938d, 0x35dd},
    {0x9394, 0x9398, 0x35e3},
    {0x939a, 0x939b, 0x35e8},
    {0x93a3, 0x93a4, 0x35ec},
    {0x93a6, 0x93a9, 0x35ee},
    {0x93ab, 0x93ae, 0x35f2},
    {0x93b4, 0x93b6, 0x35f7},
    {0x93b9, 0x93bb, 0x35fa},
    {0x93c3, 0x93cd, 0x35fe},
    {0x93d0, 0x93d1, 0x3609},
    {0x93d6, 0x93d9, 0x360c},
    {0x93dc, 0x93df, 0x3610},
    {0x93e1, 0x93e2, 0x3614},
    {0x93e4, 0x93e8, 0x3616},
    {0x93f7, 0x93fb, 0x361d},
    {0x9401, 0x9404, 0x3623},
    {0x9407, 0x9409, 0x3627},
    {0x940d, 0x9410, 0x362a},
    {0x9413, 0x941a, 0x362e},
    {0x942e, 0x942f, 0x3639},
    {0x9431, 0x9436, 0x363b},
    {0x943a, 0x943b, 0x3642},
    {0x9443, 0x9445, 0x3647},
    {0x9451, 0x9453, 0x364d},
    {0x9459, 0x945c, 0x3651},
    {0x945e, 0x9463, 0x3655},
    {0x946a, 0x946b, 0x365c},
    {0x946d, 0x9472, 0x365e},
    {0x947c, 0x947f, 0x3666},
    {0x9483, 0x9485, 0x366b},
    {0x9577, 0x9579, 0x366e},
    {0x957e, 0x9580, 0x3671},
    {0x9582, 0x9584, 0x3674},
    {0x9586, 0x958f, 0x3677},
    {0x9591, 0x9594, 0x3681},
    {0x9598, 0x9599, 0x3686},
    {0x959d, 0x95a9, 0x3688},
    {0x95ab, 0x95ad, 0x3695},
    {0x95b1, 0x95b2, 0x3698},
    {0x95b9, 0x95bf, 0x369c},
    {0x95c6, 0x95cd, 0x36a4},
    {0x95d0, 0x95d6, 0x36ac},
    {0x95d8, 0x95da, 0x36b3},
    {0x95dc, 0x95e2, 0x36b6},
    {0x95e4, 0x95e6, 0x36bd},
    {0x961c, 0x961e, 0x36c2},
    {0x9621, 0x9622, 0x36c5},
    {0x9624, 0x9626, 0x36c7},
    {0x962e, 0x962f, 0x36cd},
    {0x9631, 0x9634, 0x36cf},
    {0x9637, 0x963d, 0x36d3},
    {0x963f, 0x9642, 0x36da},
    {0x964b, 0x964d, 0x36df},
    {0x964f, 0x9650, 0x36e2},
    {0x9656, 0x9658, 0x36e6},
    {0x965b, 0x965f, 0x36e9},
    {0x9661, 0x9666, 0x36ee},
    {0x9672, 0x9678, 0x36f8},
    {0x967a, 0x967f, 0x36ff},
    {0x9681, 0x9686, 0x3705},
    {0x9688, 0x968b, 0x370b},
    {0x968d, 0x968f, 0x370f},
    {0x9694, 0x969d, 0x3713},
    {0x969f, 0x96a0, 0x371d},
    {0x96a3, 0x96aa, 0x371f},
    {0x96ae, 0x96b4, 0x3727},
    {0x96b6, 0x96bd, 0x372e},
    {0x96c0, 0x96c1, 0x3736},
    {0x96c4, 0x96c7, 0x3738},
    {0x96c9, 0x96ce, 0x373c},
    {0x96d1, 0x96d2, 0x3742},
    {0x96d5, 0x96d6, 0x3744},
    {0x96d8, 0x96df, 0x3746},
    {0x96e2, 0x96e3, 0x374e},
    {0x96e8, 0x96eb, 0x3750},
    {0x96ef, 0x96f2, 0x3754},
    {0x96f6, 0x96f7, 0x3758},
    {0x96f9, 0x96fb, 0x375a},
    {0x9702, 0x970a, 0x375e},
    {0x970d, 0x970f, 0x3767},
    {0x9713, 0x9714, 0x376b},
    {0x9719, 0x971e, 0x376e},
    {0x9721, 0x9724, 0x3774},
    {0x9727, 0x9728, 0x3778},
    {0x9730, 0x9733, 0x377b},
    {0x9738, 0x9739, 0x3780},
    {0x973d, 0x973e, 0x3783},
    {0x9741, 0x9744, 0x3785},
    {0x9746, 0x974a, 0x3789},
    {0x974d, 0x974f, 0x378e},
    {0x9751, 0x9752, 0x3791},
    {0x9755, 0x975c, 0x3793},
    {0x9760, 0x9764, 0x379c},
    {0x9766, 0x976b, 0x37a1},
    {0x976d, 0x976e, 0x37a7},
    {0x9773, 0x9774, 0x37aa},
    {0x9776, 0x977d, 0x37ac},
    {0x977f, 0x9781, 0x37b4},
    {0x9784, 0x9786, 0x37b7},
    {0x978f, 0x9790, 0x37bd},
    {0x9795, 0x979a, 0x37bf},
    {0x979e, 0x97a0, 0x37c6},
    {0x97a2, 0x97a3, 0x37c9},
    {0x97ab, 0x97ae, 0x37cd},
    {0x97b1, 0x97b6, 0x37d1},
    {0x97b8, 0x97ba, 0x37d7},
    {0x97be, 0x97bf, 0x37db},
    {0x97c3, 0x97ce, 0x37de},
    {0x97d0, 0x97d1, 0x37ea},
    {0x97d3, 0x97d4, 0x37ec},
    {0x97d7, 0x97d9, 0x37ee},
    {0x97db, 0x97de, 0x37f1},
    {0x97e0, 0x97e1, 0x37f5},
    {0x97ed, 0x97ef, 0x37f9},
    {0x97f1, 0x97f8, 0x37fc},
    {0x97fa, 0x97fb, 0x3804},
    {0x9801, 0x9808, 0x3807},
    {0x980c, 0x9814, 0x3810},
    {0x9816, 0x981a, 0x3819},
    {0x9820, 0x9821, 0x3820},
    {0x9823, 0x9826, 0x3822},
    {0x982b, 0x9830, 0x3826},
    {0x9832, 0x9835, 0x382c},
    {0x9837, 0x9839, 0x3830},
    {0x983b, 0x983e, 0x3833},
    {0x9846, 0x9847, 0x3838},
    {0x984a, 0x984f, 0x383a},
    {0x9851, 0x985b, 0x3840},
    {0x9862, 0x9863, 0x384c},
    {0x9865, 0x9867, 0x384e},
    {0x986a, 0x986c, 0x3851},
    {0x986f, 0x9871, 0x3854},
    {0x9873, 0x9875, 0x3857},
    {0x98aa, 0x98ab, 0x385b},
    {0x98ad, 0x98b1, 0x385d},
    {0x98b6, 0x98b8, 0x3863},
    {0x98ba, 0x98bc, 0x3866},
    {0x98c2, 0x98c8, 0x386a},
    {0x98cb, 0x98cc, 0x3871},
    {0x98db, 0x98dc, 0x3874},
    {0x98de, 0x98e3, 0x3876},
    {0x98e5, 0x98e7, 0x387c},
    {0x98e9, 0x98eb, 0x387f},
    {0x98ed, 0x98f4, 0x3882},
    {0x98fc, 0x98fe, 0x388b},
    {0x9902, 0x9903, 0x388e},
    {0x9907, 0x990a, 0x3891},
    {0x9910, 0x9918, 0x3896},
    {0x991a, 0x9922, 0x389f},
    {0x9926, 0x9928, 0x38a9},
    {0x992b, 0x992c, 0x38ac},
    {0x9931, 0x9935, 0x38af},
    {0x9939, 0x993e, 0x38b4},
    {0x9940, 0x9942, 0x38ba},
    {0x9945, 0x9949, 0x38bd},
    {0x994b, 0x994e, 0x38c2},
    {0x9950, 0x9952, 0x38c6},
    {0x9954, 0x9955, 0x38c9},
    {0x9957, 0x9959, 0x38cb},
    {0x995b, 0x995c, 0x38ce},
    {0x995e, 0x9960, 0x38d0},
    {0x9996, 0x9999, 0x38d4},
    {0x999d, 0x999f, 0x38d9},
    {0x99a5, 0x99a6, 0x38dd},
    {0x99ac, 0x99ae, 0x38e0},
    {0x99b0, 0x99b5, 0x38e3},
    {0x99b9, 0x99ba, 0x38e9},
    {0x99bc, 0x99bd, 0x38eb},
    {0x99c3, 0x99c6, 0x38ef},
    {0x99c8, 0x99c9, 0x38f3},
    {0x99d0, 0x99d5, 0x38f5},
    {0x99d8, 0x99df, 0x38fb},
    {0x99e1, 0x99e2, 0x3903},
    {0x99ea, 0x99ee, 0x3906},
    {0x99f0, 0x99f2, 0x390b},
    {0x99f4, 0x99f5, 0x390e},
    {0x99f8, 0x99f9, 0x3910},
    {0x99fb, 0x99ff, 0x3912},
    {0x9a01, 0x9a05, 0x3917},
    {0x9a0a, 0x9a0c, 0x391d},
    {0x9a0e, 0x9a13, 0x3920},
    {0x9a19, 0x9a1a, 0x3927},
    {0x9a22, 0x9a24, 0x392b},
    {0x9a27, 0x9a28, 0x392e},
    {0x9a2d, 0x9a2e, 0x3931},
    {0x9a30, 0x9a31, 0x3933},
    {0x9a35, 0x9a38, 0x3936},
    {0x9a40, 0x9a45, 0x393b},
    {0x9a4a, 0x9a4e, 0x3942},
    {0x9a51, 0x9a52, 0x3947},
    {0x9a54, 0x9a58, 0x3949},
    {0x9a5a, 0x9a5b, 0x394e},
    {0x9a64, 0x9a65, 0x3953},
    {0x9a69, 0x9a6c, 0x3955},
    {0x9aac, 0x9ab0, 0x395c},
    {0x9ab4, 0x9ab9, 0x3962},
    {0x9abb, 0x9ac1, 0x3968},
    {0x9ac3, 0x9ac4, 0x396f},
    {0x9ace, 0x9ad9, 0x3973},
    {0x9adb, 0x9adc, 0x397f},
    {0x9ade, 0x9ae0, 0x3981},
    {0x9ae2, 0x9ae7, 0x3984},
    {0x9ae9, 0x9aef, 0x398a},
    {0x9af1, 0x9af5, 0x3991},
    {0x9af9, 0x9afb, 0x3997},
    {0x9b00, 0x9b06, 0x399c},
    {0x9b08, 0x9b09, 0x39a3},
    {0x9b0b, 0x9b0e, 0x39a5},
    {0x9b18, 0x9b1d, 0x39ac},
    {0x9b1f, 0x9b20, 0x39b2},
    {0x9b22, 0x9b23, 0x39b4},
    {0x9b25, 0x9b2f, 0x39b6},
    {0x9b31, 0x9b35, 0x39c1},
    {0x9b39, 0x9b3c, 0x39c7},
    {0x9b41, 0x9b45, 0x39cd},
    {0x9b4b, 0x9b4f, 0x39d3},
    {0x9b54, 0x9b58, 0x39d9},
    {0x9b5a, 0x9b5b, 0x39de},
    {0x9b65, 0x9b66, 0x39e3},
    {0x9b6a, 0x9b6f, 0x39e6},
    {0x9b72, 0x9b79, 0x39ec},
    {0x9b7f, 0x9b80, 0x39f4},
    {0x9b83, 0x9b87, 0x39f6},
    {0x9b89, 0x9b8b, 0x39fb},
    {0x9b8d, 0x9b94, 0x39fe},
    {0x9b96, 0x9b97, 0x3a06},
    {0x9b9d, 0x9ba0, 0x3a09},
    {0x9ba6, 0x9bae, 0x3a0d},
    {0x9bb0, 0x9bb2, 0x3a16},
    {0x9bb7, 0x9bb9, 0x3a1a},
    {0x9bbb, 0x9bbc, 0x3a1d},
    {0x9bbe, 0x9bc1, 0x3a1f},
    {0x9bc6, 0x9bca, 0x3a23},
    {0x9bce, 0x9bd2, 0x3a28},
    {0x9bd6, 0x9bd8, 0x3a2e},
    {0x9be1, 0x9be5, 0x3a34},
    {0x9be7, 0x9be8, 0x3a39},
    {0x9bea, 0x9beb, 0x3a3b},
    {0x9bee, 0x9bf3, 0x3a3d},
    {0x9bf7, 0x9bfa, 0x3a44},
    {0x9c08, 0x9c0d, 0x3a4e},
    {0x9c0f, 0x9c16, 0x3a54},
    {0x9c18, 0x9c1e, 0x3a5c},
    {0x9c21, 0x9c2a, 0x3a63},
    {0x9c2d, 0x9c32, 0x3a6d},
    {0x9c35, 0x9c37, 0x3a73},
    {0x9c39, 0x9c3b, 0x3a76},
    {0x9c3d, 0x9c3e, 0x3a79},
    {0x9c43, 0x9c4a, 0x3a7c},
    {0x9c4e, 0x9c50, 0x3a84},
    {0x9c52, 0x9c54, 0x3a87},
    {0x9c56, 0x9c58, 0x3a8a},
    {0x9c5a, 0x9c61, 0x3a8d},
    {0x9c67, 0x9c6b, 0x3a97},
    {0x9c6d, 0x9c6e, 0x3a9c},
    {0x9c75, 0x9c78, 0x3aa0},
    {0x9c7a, 0x9c7c, 0x3aa4},
    {0x9ce5, 0x9ce7, 0x3aa7},
    {0x9ceb, 0x9cec, 0x3aab},
    {0x9cf2, 0x9cf4, 0x3aae},
    {0x9cf6, 0x9cf7, 0x3ab1},
    {0x9d02, 0x9d03, 0x3ab4},
    {0x9d06, 0x9d09, 0x3ab6},
    {0x9d11, 0x9d12, 0x3abc},
    {0x9d17, 0x9d18, 0x3abf},
    {0x9d1b, 0x9d1f, 0x3ac1},
    {0x9d2a, 0x9d2c, 0x3ac9},
    {0x9d2f, 0x9d30, 0x3acc},
    {0x9d32, 0x9d34, 0x3ace},
    {0x9d3a, 0x9d3f, 0x3ad1},
    {0x9d41, 0x9d48, 0x3ad7},
    {0x9d50, 0x9d54, 0x3ae0},
    {0x9d5c, 0x9d65, 0x3ae6},
    {0x9d69, 0x9d6c, 0x3af0},
    {0x9d6f, 0x9d70, 0x3af4},
    {0x9d72, 0x9d73, 0x3af6},
    {0x9d76, 0x9d77, 0x3af8},
    {0x9d7a, 0x9d7c, 0x3afa},
    {0x9d83, 0x9d84, 0x3afe},
    {0x9d86, 0x9d87, 0x3b00},
    {0x9d89, 0x9d8a, 0x3b02},
    {0x9d8d, 0x9d8f, 0x3b04},
    {0x9d92, 0x9d93, 0x3b07},
    {0x9d95, 0x9d9a, 0x3b09},
    {0x9da9, 0x9dac, 0x3b11},
    {0x9dae, 0x9daf, 0x3b15},
    {0x9db1, 0x9db2, 0x3b17},
    {0x9db4, 0x9db5, 0x3b19},
    {0x9db8, 0x9dbd, 0x3b1b},
    {0x9dbf, 0x9dc4, 0x3b21},
    {0x9dc6, 0x9dc7, 0x3b27},
    {0x9dc9, 0x9dca, 0x3b29},
    {0x9dd3, 0x9dd7, 0x3b2c},
    {0x9dd9, 0x9dda, 0x3b31},
    {0x9dde, 0x9de0, 0x3b33},
    {0x9de5, 0x9de7, 0x3b37},
    {0x9ded, 0x9df0, 0x3b3c},
    {0x9df2, 0x9df4, 0x3b40},
    {0x9df8, 0x9dfa, 0x3b43},
    {0x9dfd, 0x9dfe, 0x3b46},
    {0x9e0d, 0x9e0e, 0x3b4b},
    {0x9e10, 0x9e12, 0x3b4d},
    {0x9e15, 0x9e16, 0x3b50},
    {0x9e19, 0x9e1f, 0x3b52},
    {0x9e78, 0x9e7d, 0x3b5a},
    {0x9e7f, 0x9e85, 0x3b60},
    {0x9e87, 0x9e88, 0x3b67},
    {0x9e8b, 0x9e8c, 0x3b69},
    {0x9e8e, 0x9e8f, 0x3b6b},
    {0x9e91, 0x9e93, 0x3b6d},
    {0x9e95, 0x9e98, 0x3b70},
    {0x9e9d, 0x9e9f, 0x3b75},
    {0x9ea4, 0x9ea6, 0x3b78},
    {0x9ea8, 0x9eaa, 0x3b7b},
    {0x9eac, 0x9eb0, 0x3b7e},
    {0x9eb3, 0x9eb5, 0x3b83},
    {0x9eb8, 0x9ebf, 0x3b86},
    {0x9ec3, 0x9ec4, 0x3b8e},
    {0x9ecb, 0x9ed2, 0x3b92},
    {0x9ed4, 0x9ed5, 0x3b9a},
    {0x9ed8, 0x9ed9, 0x3b9c},
    {0x9edb, 0x9ee0, 0x3b9e},
    {0x9ee4, 0x9ee5, 0x3ba4},
    {0x9ee7, 0x9ee8, 0x3ba6},
    {0x9eec, 0x9ef2, 0x3ba8},
    {0x9ef4, 0x9ef9, 0x3baf},
    {0x9efb, 0x9eff, 0x3bb5},
    {0x9f02, 0x9f03, 0x3bba},
    {0x9f07, 0x9f09, 0x3bbc},
    {0x9f0e, 0x9f17, 0x3bbf},
    {0x9f19, 0x9f1b, 0x3bc9},
    {0x9f1f, 0x9f22, 0x3bcc},
    {0x9f2a, 0x9f2c, 0x3bd1},
    {0x9f31, 0x9f32, 0x3bd5},
    {0x9f39, 0x9f3f, 0x3bd9},
    {0x9f43, 0x9f47, 0x3be1},
    {0x9f4a, 0x9f4b, 0x3be6},
    {0x9f4e, 0x9f50, 0x3be8},
    {0x9f52, 0x9f58, 0x3beb},
    {0x9f5d, 0x9f63, 0x3bf3},
    {0x9f66, 0x9f6a, 0x3bfa},
    {0x9f6c, 0x9f73, 0x3bff},
    {0x9f75, 0x9f77, 0x3c07},
    {0x9f8f, 0x9f92, 0x3c0e},
    {0x9f94, 0x9f97, 0x3c12},
    {0x9f9d, 0x9fa3, 0x3c19},
    {0x9fbc, 0x9fc2, 0x3c22},
    {0xd83cdd00, 0xd83cdd0a, 0x3d9b},
    {0xd83cdd10, 0xd83cdd6b, 0x3da6},
    {0xd83cdd70, 0xd83cddac, 0x3e02},
    {0xd83cde00, 0xd83cde02, 0x3e3f},
    {0xd83cde10, 0xd83cde3b, 0x3e42},
    {0xd83cde40, 0xd83cde48, 0x3e6e},
    {0xd83cde50, 0xd83cde51, 0x3e77},
    {0xd840dc89, 0xd840dc8a, 0x3e7a},
    {0xd845dc6d, 0xd845dc6e, 0x3eb0},
    {0xd847de33, 0xd847de34, 0x3ec4},
    {0xd84adf4f, 0xd84adf50, 0x3ed4},
    {0xd84cddc3, 0xd84cddc4, 0x3edd},
    {0xd84cdfd2, 0xd84cdfd3, 0x3ee3},
    {0xd84ddc4a, 0xd84ddc4b, 0x3eea},
    {0xd84dde38, 0xd84dde3a, 0x3ef2},
    {0xd84ddf63, 0xd84ddf64, 0x3ef9},
    {0xd84fddf9, 0xd84fddfa, 0x3f07},
    {0xd856dee3, 0xd856dee4, 0x3f38},
    {0xd85bdff6, 0xd85bdff8, 0x3f6a},
    {0xd85cdfda, 0xd85cdfdb, 0x3f70},
    {0xd85dde14, 0xd85dde15, 0x3f75},
    {0xd861ddc8, 0xd861ddc9, 0x3f93},
    {0xd862dd87, 0xd862dd88, 0x3f9a},
    {0xd862ddba, 0xd862ddbb, 0x3f9c},
    {0xd86ddf76, 0xd86ddf77, 0x3fdd},
    {0xd87edc99, 0xd87edc9a, 0x4002},
    {0xd87edd20, 0xd87edd21, 0x4011},
    {0xd87eddde, 0xd87edddf, 0x4018},
    {0xf928, 0xf929, 0x3c2f},
    {0xf999, 0xf99a, 0x3c34},
    {0xfa0e, 0xfa2d, 0x3c3b},
    {0xfa30, 0xfa6d, 0x3c5b},
    {0xfb00, 0xfb04, 0x3c99},
    {0xfe10, 0xfe19, 0x3ca6},
    {0xfe30, 0xfe52, 0x3cb0},
    {0xfe54, 0xfe66, 0x3cd3},
    {0xfe68, 0xfe6b, 0x3ce6},
    {0xff02, 0xff1f, 0x3cee},
    {0xff20, 0xff5d, 0x3d0f},
    {0xff5f, 0xff9f, 0x3d4d},
    {0xffe0, 0xffe6, 0x3d8e},
    {0xffe9, 0xffee, 0x3d95},
};

pdf_cmap_t cmap_UNIMANGA_UTF16_H = {
    "UniManga-UTF16-H",    //name
    true,        //worldwide
    2754,      //unicode_map_len
    unicode_map_UNIMANGA_UTF16_H,      //unicode_map
    2829,   //char_range_map_len
    char_range_map_UNIMANGA_UTF16_H,   //char_range_map
    1,       //not_def_range_len
    not_def_range_UNIMANGA_UTF16_H,       //not_def_range
    3,    //code_range_map_len
    code_range_map_UNIMANGA_UTF16_H,    //code_range_map
     NULL//next
};

